BEZ,LOR_ab_2021,UJAHR,UMONAT,USTUNDE,UWOCHENTAG,UKATEGORIE,UART,UTYP1,ULICHTVERH,IstRad,IstPKW,IstFuss,IstKrad,IstGkfz,IstSonstige,USTRZUSTAND,XGCSWGS84,YGCSWGS84
2,2500729,2018,1,15,4,3,6,4,0,0,1,1,0,0,0,1,13.4750178,52.51359681
12,12500824,2018,1,11,2,3,2,6,0,0,1,0,0,0,0,0,13.29102205,52.58725906
2,2400520,2018,1,9,3,3,6,4,0,0,1,1,0,0,0,0,13.42057818,52.52601854
7,7200308,2018,1,17,2,3,6,7,2,0,1,1,0,0,0,0,13.34828776,52.48184447
3,3200206,2018,1,15,4,3,6,7,1,1,0,1,0,0,0,1,13.40322797,52.58347154
10,10100208,2018,1,5,2,2,2,6,2,0,1,0,0,0,0,0,13.54844656,52.5510946
4,4200207,2018,1,17,2,3,2,6,2,0,1,0,0,0,1,1,13.25639043,52.48571541
3,3100101,2018,1,16,5,3,2,6,2,0,1,0,0,0,0,1,13.42725182,52.63382261
1,1100310,2018,1,14,2,3,6,4,0,0,1,1,0,0,0,0,13.41142938,52.51893299
12,12100205,2018,1,21,7,3,0,1,2,0,0,0,1,0,0,1,13.35020475,52.57388905
1,1100310,2018,1,17,3,3,2,6,2,0,1,0,0,0,0,1,13.41842748,52.52360287
7,7400823,2018,1,16,4,3,2,6,2,0,1,0,0,0,0,1,13.37773011,52.47010259
3,3701660,2018,1,11,5,3,5,2,0,1,1,0,0,0,0,1,13.43218628,52.53525526
2,2500729,2018,1,8,2,3,5,2,0,1,1,0,0,0,0,0,13.47089659,52.51417313
1,1100207,2018,1,19,4,3,5,7,2,1,1,0,0,0,0,1,13.39467345,52.51084845
3,3601449,2018,1,6,5,3,5,2,2,0,1,0,0,0,0,0,13.44458831,52.54560285
9,9200613,2018,1,18,4,2,5,3,2,1,1,0,0,0,0,1,13.50637217,52.45899296
5,5200528,2018,1,15,1,3,5,3,0,0,1,0,0,0,0,0,13.17815056,52.51609207
7,7400823,2018,1,13,3,3,3,6,0,0,1,0,0,1,0,0,13.37743615,52.47011861
2,2400625,2018,1,11,7,3,6,4,0,1,0,1,0,0,0,0,13.44855444,52.50495533
1,1100102,2018,1,8,3,3,5,3,0,1,1,0,0,0,0,1,13.3730303,52.5159128
12,12500824,2018,1,7,6,3,0,7,1,0,0,0,1,0,0,1,13.28410402,52.5970472
7,7501133,2018,1,15,2,3,0,3,0,0,1,0,0,0,1,0,13.37924233,52.43630206
3,3601142,2018,1,10,5,3,6,2,0,0,0,1,0,0,1,1,13.41247778,52.54097318
3,3500934,2018,1,9,4,3,1,5,0,0,1,0,0,1,0,1,13.42998793,52.55367547
7,7400825,2018,1,0,1,2,2,6,2,0,1,0,0,0,0,0,13.38449562,52.45312998
3,3601142,2018,1,14,4,3,0,6,0,0,0,0,1,0,1,1,13.41364244,52.54813473
1,1100310,2018,1,17,4,2,2,6,2,0,1,0,0,0,0,1,13.41857706,52.5237397
1,1300836,2018,1,22,6,3,2,6,2,0,1,0,0,0,0,0,13.36833544,52.54111108
1,1100310,2018,1,9,3,3,2,6,0,0,1,0,0,0,1,0,13.41162064,52.51893645
1,1100310,2018,1,17,5,3,3,6,2,0,1,0,0,0,0,1,13.41121885,52.51878227
12,12400723,2018,1,7,3,3,6,2,1,0,1,1,0,0,0,2,13.31641633,52.61708257
4,4100101,2018,1,13,1,3,2,6,0,0,1,0,0,0,0,0,13.28887346,52.53276686
1,1100310,2018,1,12,2,3,5,3,0,1,0,0,0,0,1,0,13.41769328,52.52344572
4,4300414,2018,1,19,4,3,2,6,2,0,1,0,0,0,0,0,13.30039993,52.51108677
3,3601451,2018,1,8,2,3,6,4,0,1,0,1,0,0,0,0,13.43353746,52.53611592
2,2500727,2018,1,8,5,3,5,3,0,1,1,0,0,0,0,1,13.45367006,52.51883086
4,4100101,2018,1,6,2,3,2,6,1,0,1,0,0,0,0,0,13.29842668,52.54686536
2,2400521,2018,1,8,5,2,5,3,0,1,1,0,0,0,0,1,13.43652747,52.51764211
7,7200411,2018,1,6,3,1,5,2,2,1,0,0,0,1,0,1,13.35718628,52.48690005
3,3400830,2018,1,15,5,3,6,3,0,0,1,1,0,0,0,0,13.42790784,52.56817242
7,7400927,2018,1,19,2,3,3,6,2,0,1,0,0,0,0,0,13.38676944,52.46998979
3,3200309,2018,1,22,7,3,2,6,2,0,1,0,0,0,0,0,13.44566793,52.59762124
3,3400826,2018,1,19,3,3,2,6,2,0,1,0,0,0,0,0,13.41358859,52.55858737
3,3701660,2018,1,11,6,3,1,5,0,1,1,0,0,0,0,0,13.42850921,52.53209046
4,4400726,2018,1,10,2,3,3,6,0,0,1,0,0,0,0,0,13.28328727,52.49709232
12,12400721,2018,1,12,4,3,2,6,0,0,1,0,0,0,1,1,13.30229234,52.64245276
7,7501133,2018,1,9,3,3,6,4,0,0,1,1,0,0,0,1,13.38761144,52.43899811
7,7300619,2018,1,16,5,2,5,3,0,1,1,0,0,0,0,1,13.35323275,52.47970452
7,7501133,2018,1,10,4,2,5,3,0,1,1,0,0,0,0,1,13.37594587,52.42985299
3,3601451,2018,1,17,1,3,3,6,2,0,0,0,1,0,1,0,13.43348954,52.53584246
1,1100310,2018,1,6,3,3,5,3,2,1,1,0,0,0,0,0,13.41771871,52.52346813
4,4400725,2018,1,16,2,3,2,6,2,0,1,0,0,0,1,0,13.28145524,52.49885011
4,4400726,2018,1,19,4,3,3,6,2,0,1,0,0,0,0,1,13.28857229,52.49420221
4,4100101,2018,1,22,6,3,2,6,2,0,1,0,0,1,0,0,13.28877063,52.53274473
6,6100101,2018,1,17,2,3,2,6,2,0,1,0,0,0,0,0,13.31739335,52.45403539
4,4400725,2018,1,17,5,3,2,6,2,0,1,0,0,0,0,0,13.28223853,52.49776429
2,2500727,2018,1,10,7,2,5,3,0,1,1,0,0,0,0,0,13.46025955,52.51509809
7,7501133,2018,1,20,2,3,0,1,2,0,0,0,1,0,0,2,13.39103313,52.43207457
1,1100205,2018,1,16,4,3,2,6,2,0,0,0,1,0,1,1,13.3814641,52.50983334
4,4200308,2018,1,10,5,3,3,6,0,0,1,0,0,1,0,1,13.28278069,52.52871325
7,7501030,2018,1,15,2,3,2,6,1,0,1,0,0,0,0,0,13.38491553,52.44984708
3,3601451,2018,1,8,3,2,6,4,0,0,1,1,0,0,0,0,13.43395303,52.53716546
4,4200311,2018,1,11,5,3,2,6,0,0,1,0,0,0,0,0,13.28361836,52.51740341
7,7200308,2018,1,6,3,3,6,2,2,0,1,1,0,0,0,1,13.35225844,52.48004673
10,10100103,2018,1,3,1,2,1,5,2,0,1,0,0,1,0,0,13.56261332,52.56705917
7,7501133,2018,1,20,3,2,6,2,2,0,1,1,0,0,0,1,13.38025961,52.43769417
7,7400822,2018,1,19,4,3,2,6,2,0,1,0,0,0,0,1,13.36534305,52.47302409
6,6300629,2018,1,18,3,2,6,4,2,0,1,1,0,0,0,1,13.31120027,52.45203552
10,10400837,2018,1,15,5,3,5,2,0,1,1,0,0,0,0,0,13.57994696,52.505079
9,9200613,2018,1,8,2,3,5,2,0,1,1,0,0,0,0,0,13.51090542,52.45581365
12,12400723,2018,1,6,5,3,5,2,0,1,1,0,0,0,0,1,13.31132041,52.62762084
7,7400720,2018,1,22,6,3,2,6,2,0,1,0,0,0,0,0,13.38580817,52.48226095
2,2500729,2018,1,20,4,3,6,2,2,0,1,1,0,0,0,1,13.46759778,52.51435211
1,1100310,2018,1,23,7,3,6,7,2,0,1,1,0,0,0,0,13.41085944,52.51854444
10,10300733,2018,1,9,4,3,3,6,0,0,1,0,0,1,0,1,13.56203103,52.50843719
7,7400824,2018,1,13,6,3,5,2,0,0,1,0,0,0,0,0,13.38574109,52.46947297
1,1100102,2018,1,8,3,2,6,4,0,0,1,1,0,0,0,0,13.37472125,52.50926632
9,9100101,2018,1,17,4,3,0,4,2,0,0,1,0,0,1,0,13.45780719,52.49162011
2,2500729,2018,1,9,3,2,6,4,0,0,1,1,0,0,0,1,13.47349649,52.51376294
12,12100205,2018,1,6,6,3,5,3,2,0,1,0,0,0,0,1,13.34550162,52.58081839
6,6400737,2018,3,13,7,3,5,2,0,0,1,0,0,0,0,0,13.21469962,52.42753172
1,1100310,2018,11,18,2,3,3,6,2,1,1,0,0,0,0,0,13.41593143,52.52219952
7,7200308,2018,8,19,5,3,5,2,0,1,1,0,0,0,0,0,13.35213303,52.48010314
1,1100206,2018,10,22,6,3,1,5,2,1,1,0,0,0,0,0,13.39462387,52.51731745
2,2400521,2018,8,16,3,3,2,6,0,0,1,0,0,0,0,0,13.42904261,52.51842753
2,2500728,2018,4,19,2,2,3,6,0,1,0,0,0,0,0,0,13.46511441,52.51475407
3,3100101,2018,4,16,4,3,2,6,0,0,1,0,0,0,0,0,13.43890139,52.6184162
10,10300733,2018,5,14,4,2,5,3,0,1,1,0,0,0,0,0,13.55628531,52.50882799
7,7501133,2018,11,8,6,3,5,3,0,0,1,0,0,0,1,0,13.38751112,52.43898116
6,6400735,2018,12,9,3,3,0,3,0,0,1,0,1,0,0,1,13.15736973,52.41925252
7,7501133,2018,9,14,5,3,2,6,0,0,1,0,1,0,0,0,13.38726562,52.44016438
4,4400726,2018,8,7,6,3,2,6,0,0,1,0,0,0,1,0,13.28861273,52.49407904
7,7501133,2018,6,11,6,3,2,6,0,0,1,0,0,0,0,0,13.37594916,52.42986014
2,2500830,2018,7,22,4,3,0,1,2,0,0,0,1,0,0,0,13.4534913,52.51502475
1,1400940,2018,5,7,4,3,5,3,0,0,1,0,0,0,0,0,13.36525867,52.55807966
3,3100101,2018,3,18,6,3,0,3,0,0,1,0,0,0,0,0,13.43245097,52.62253125
2,2500835,2018,11,14,3,3,6,7,0,0,0,1,0,0,1,0,13.44729412,52.50259525
3,3200309,2018,6,11,1,3,9,1,0,0,1,0,0,0,0,1,13.44230639,52.61537872
4,4400830,2018,12,23,5,2,8,1,2,0,1,0,0,0,0,1,13.30214736,52.48661056
12,12601031,2018,10,16,7,3,6,7,0,0,1,1,0,0,0,0,13.33058211,52.60122543
3,3601449,2018,8,17,5,3,2,6,0,0,1,0,0,0,0,0,13.44717465,52.54678012
7,7100206,2018,4,21,4,3,2,6,2,1,1,0,0,0,0,0,13.36069776,52.49088684
7,7601236,2018,3,17,1,3,5,2,0,1,1,0,0,0,0,0,13.36178399,52.41364202
2,2500729,2018,5,14,5,3,2,6,0,0,1,0,1,0,0,0,13.4679036,52.51432187
12,12100101,2018,10,6,5,3,2,6,2,0,1,0,0,0,0,1,13.36447875,52.5622443
2,2500727,2018,3,20,6,3,5,2,2,0,1,0,1,0,0,0,13.45378434,52.5157643
7,7400927,2018,11,6,3,3,3,6,1,0,0,0,0,1,1,0,13.39456752,52.46733793
1,1400940,2018,9,9,1,3,5,3,0,0,1,0,0,0,0,0,13.36550149,52.55797126
7,7501030,2018,8,17,6,3,5,3,0,1,1,0,0,0,0,0,13.38654429,52.44208694
12,12100101,2018,6,12,2,3,2,6,0,0,1,0,0,0,0,0,13.36458779,52.56162367
10,10400837,2018,7,13,2,2,2,6,0,0,1,0,0,0,0,0,13.58616073,52.50502846
6,6300527,2018,6,10,3,3,5,2,0,0,1,0,0,0,0,0,13.27147604,52.4382703
10,10400837,2018,8,10,5,3,0,1,0,0,0,0,1,0,0,0,13.5893595,52.50498403
2,2400522,2018,5,18,5,3,6,4,0,1,0,1,0,0,0,0,13.44679225,52.51660582
8,8200624,2018,4,6,5,3,2,6,0,0,1,0,0,0,0,0,13.43240248,52.46217858
12,12100101,2018,12,8,3,3,5,2,0,0,1,0,0,0,0,1,13.36501121,52.56054059
9,9100305,2018,9,12,7,3,3,6,0,0,1,0,0,0,0,0,13.4898835,52.46998778
1,1100310,2018,9,4,1,2,9,1,1,0,1,0,0,0,0,0,13.40514725,52.52007606
1,1100104,2018,7,9,6,3,0,1,0,0,0,0,1,0,0,0,13.36802711,52.50574015
2,2500727,2018,7,15,7,3,9,1,0,1,0,0,0,0,0,0,13.45341896,52.5181094
3,3601142,2018,3,8,4,3,2,6,0,0,1,0,0,0,0,1,13.41196655,52.54104049
2,2400625,2018,5,18,6,3,0,6,0,1,0,1,0,0,0,0,13.44859924,52.50502827
7,7601236,2018,10,13,5,3,5,3,0,1,1,0,0,0,0,0,13.36178646,52.41364489
2,2500727,2018,3,20,6,3,5,2,2,0,1,0,0,0,0,0,13.45378434,52.5157643
7,7400927,2018,11,12,6,2,3,6,0,0,1,0,0,1,0,1,13.40120994,52.46504192
7,7501030,2018,9,13,2,3,5,2,0,0,1,0,1,0,0,0,13.38601313,52.44396831
6,6400735,2018,8,18,7,3,2,6,0,0,1,0,1,0,0,0,13.15269333,52.41885022
3,3400723,2018,6,22,3,3,9,1,2,0,1,0,0,0,0,0,13.40471687,52.5678022
1,1100310,2018,10,16,3,3,6,2,0,0,1,1,0,0,0,0,13.41151669,52.51865143
8,8100521,2018,6,13,5,3,2,6,0,0,1,0,0,0,0,0,13.45492201,52.46240091
9,9100101,2018,8,15,6,3,5,2,0,0,1,0,0,0,0,0,13.45895361,52.49085826
7,7400927,2018,4,10,7,3,0,7,0,0,1,0,0,0,0,0,13.40709308,52.46191667
11,11300724,2018,4,19,7,3,2,6,0,0,1,0,0,0,0,0,13.48752583,52.51248961
3,3100101,2018,6,12,6,3,2,6,0,0,1,0,0,0,0,0,13.43630979,52.62002078
3,3701657,2018,12,18,6,3,5,7,2,1,1,0,0,0,0,1,13.42428982,52.53927808
1,1100311,2018,9,17,2,3,5,3,1,1,0,0,0,0,0,1,13.42273301,52.52023483
1,1100102,2018,9,18,3,3,3,6,0,0,1,0,1,0,0,0,13.37346464,52.50916562
4,4200310,2018,6,15,3,3,1,5,0,1,1,0,0,0,0,0,13.26581496,52.50896847
4,4200311,2018,7,23,7,2,3,7,2,0,1,0,1,0,0,0,13.28066465,52.50175346
7,7400927,2018,5,12,1,3,2,6,0,0,1,0,0,0,0,0,13.3919909,52.46860645
2,2200208,2018,3,8,6,3,6,6,0,1,0,1,0,0,0,0,13.38780284,52.49329165
2,2400625,2018,11,19,7,3,6,7,2,1,0,1,0,0,0,0,13.44865466,52.5051185
4,4400727,2018,10,13,4,3,2,6,0,0,1,0,0,0,0,0,13.29351933,52.49240641
7,7400824,2018,8,16,2,3,6,2,0,0,1,1,0,0,0,0,13.38551442,52.4700919
4,4200311,2018,4,17,1,3,2,6,0,0,1,0,0,0,0,0,13.28145445,52.50453704
7,7400927,2018,4,1,2,3,9,1,2,0,1,0,0,0,0,1,13.40293075,52.46393491
11,11300724,2018,5,10,2,2,2,6,0,0,1,0,0,0,0,0,13.48810864,52.51242968
7,7501133,2018,10,21,4,3,5,2,2,0,1,0,0,0,0,0,13.39110836,52.43193989
12,12100101,2018,3,17,6,3,5,3,1,1,1,0,0,0,0,0,13.36472555,52.56209019
3,3601142,2018,12,5,1,3,6,4,2,1,0,1,0,0,0,1,13.41197365,52.54113816
7,7400822,2018,9,18,4,2,2,1,0,0,1,0,0,0,0,0,13.36531297,52.47303791
3,2400520,2018,8,20,5,3,3,6,1,1,1,0,0,0,0,1,13.42308629,52.52752742
5,5200633,2018,6,12,5,2,6,4,0,0,1,1,0,0,0,0,13.19129987,52.51418553
1,1300836,2018,7,16,3,3,0,7,0,1,0,0,0,0,1,0,13.36884623,52.54119318
7,7400824,2018,3,16,6,3,2,6,0,0,1,0,0,0,0,0,13.38571487,52.46818781
4,4200308,2018,11,17,7,3,2,6,2,0,1,0,0,0,0,0,13.28167519,52.52168876
3,3400826,2018,6,16,5,2,0,2,0,1,1,0,0,0,0,0,13.41356905,52.55860859
10,10100208,2018,5,12,3,2,2,6,0,0,1,0,1,0,0,0,13.55429795,52.55756529
12,12100103,2018,12,20,1,3,2,6,2,0,1,0,0,0,0,1,13.36022075,52.57180971
4,4300621,2018,10,14,5,2,3,6,0,0,1,0,1,0,0,0,13.31386613,52.51215835
3,3400620,2018,3,19,6,2,0,1,2,1,0,0,0,0,0,0,13.39822143,52.57101301
2,2100101,2018,7,15,2,3,5,3,0,0,1,0,0,0,0,0,13.38914389,52.49799442
4,4400830,2018,4,10,3,3,3,6,0,0,1,0,0,0,1,0,13.30065802,52.48743993
4,4200310,2018,7,15,7,3,2,2,0,0,1,0,0,0,0,0,13.27108131,52.50927745
6,6400735,2018,3,13,4,3,3,3,0,0,1,0,0,0,1,0,13.17081467,52.4207945
3,3501037,2018,5,17,3,3,0,1,0,0,0,0,1,0,0,0,13.46673423,52.55930623
5,5400942,2018,10,13,2,3,4,6,0,1,0,0,0,0,0,0,13.14662831,52.49389638
4,4300414,2018,3,8,5,3,2,6,0,0,1,0,0,0,0,0,13.28601312,52.51093714
2,2500728,2018,11,17,7,3,2,6,2,0,1,0,0,0,0,0,13.46188262,52.51507451
1,1100104,2018,9,17,6,3,6,6,0,1,0,1,0,0,0,0,13.36440379,52.5015952
3,3701660,2018,8,18,4,3,2,2,0,1,0,0,1,0,0,0,13.43220014,52.53526723
7,7200411,2018,6,14,7,2,2,6,0,1,1,0,0,0,1,0,13.35963316,52.48957961
8,8100521,2018,6,14,2,3,3,6,0,0,1,0,1,0,0,0,13.45616516,52.46460634
1,1100102,2018,8,9,3,3,2,6,0,0,1,0,1,0,0,0,13.34019406,52.5137587
11,11300722,2018,5,11,5,3,2,6,0,0,1,0,0,0,1,0,13.4765842,52.5134504
3,3601141,2018,4,20,3,3,6,4,2,1,0,1,0,0,0,0,13.41410612,52.5507491
3,3601142,2018,12,9,6,3,3,6,0,1,0,0,0,0,0,0,13.4134615,52.54907073
2,2400625,2018,9,18,5,3,6,4,1,1,0,1,0,0,0,0,13.44850875,52.50488094
4,4200311,2018,9,14,6,2,2,6,0,0,1,0,0,0,0,0,13.27320485,52.49879762
10,10400940,2018,7,16,5,3,0,2,0,1,1,0,0,0,0,0,13.610454,52.50479012
2,2500727,2018,7,9,5,3,5,2,0,1,1,0,0,0,0,1,13.45374027,52.51593863
7,7501133,2018,5,10,5,3,6,2,0,0,1,1,0,0,0,0,13.38256278,52.43938741
7,7400928,2018,3,7,5,3,0,1,0,0,1,0,0,0,0,0,13.41218735,52.46101446
3,3601451,2018,11,6,4,3,5,3,2,1,1,0,0,0,0,1,13.43695649,52.53973604
10,10300733,2018,8,13,6,3,5,2,0,1,1,0,0,0,0,0,13.55342162,52.50934489
7,7501135,2018,7,17,3,3,2,6,0,0,1,0,0,0,0,0,13.39888867,52.41887536
3,3500936,2018,4,15,4,3,3,6,0,0,1,0,1,0,0,0,13.44826525,52.54721871
7,7200410,2018,7,14,2,3,3,6,0,1,1,0,0,0,0,0,13.3539025,52.48507585
3,3601451,2018,3,12,6,3,2,6,0,0,1,0,0,0,0,1,13.43779876,52.53406219
4,4200311,2018,5,11,4,2,0,7,0,0,1,0,0,0,0,0,13.28191589,52.50619146
11,11300722,2018,10,18,3,3,5,3,2,1,1,0,0,0,0,1,13.4772856,52.51338354
7,7501029,2018,3,15,5,3,2,2,0,0,1,0,0,1,0,0,13.38037403,52.43782349
9,9100407,2018,11,16,2,3,2,6,2,0,1,0,0,0,0,0,13.49696182,52.43459822
1,1401049,2018,9,3,7,2,9,1,2,0,1,0,0,0,1,0,13.36729936,52.55178826
2,2400521,2018,8,18,6,3,8,1,0,0,1,0,0,0,0,0,13.43933198,52.51720857
2,2400521,2018,6,18,7,3,2,6,0,0,1,0,0,0,0,0,13.43094176,52.518084
12,12100204,2018,6,19,7,3,0,1,0,0,0,0,1,0,0,0,13.36438027,52.5638701
11,11300722,2018,6,17,2,3,5,2,0,1,1,0,0,0,0,0,13.47742678,52.5135153
2,2500835,2018,8,7,4,2,6,4,0,0,1,1,0,0,0,0,13.44796075,52.50240978
1,1100205,2018,5,8,5,3,2,4,0,1,0,1,0,0,0,0,13.37850496,52.50963693
4,4200311,2018,4,9,4,3,3,2,0,0,1,0,1,0,0,0,13.28185624,52.5099301
4,4400725,2018,12,14,7,3,2,6,0,0,1,0,0,0,0,0,13.28105941,52.49900142
2,2500728,2018,9,9,6,3,5,2,0,1,1,0,0,0,0,0,13.46740703,52.51437131
1,1100207,2018,9,20,7,3,1,5,2,1,1,0,0,0,1,0,13.39724929,52.51086976
3,3400620,2018,7,21,5,3,5,3,2,1,1,0,0,0,0,0,13.39835408,52.57105112
2,2500728,2018,3,10,3,3,6,4,0,1,0,1,0,0,0,0,13.46506183,52.51475935
3,3200206,2018,7,10,6,3,2,6,0,0,1,0,1,0,0,0,13.40145701,52.58052142
1,1300836,2018,3,13,3,3,3,6,0,0,1,0,0,0,0,0,13.37057247,52.5399748
3,3701657,2018,5,14,6,3,5,2,0,1,1,0,0,0,0,0,13.42396899,52.53910744
7,7100205,2018,2,16,4,3,6,4,0,0,1,1,0,0,0,0,13.3625878,52.49914639
1,1100207,2018,11,19,5,3,2,6,2,0,1,0,0,0,0,0,13.39992702,52.51104054
4,4100101,2018,9,5,2,3,2,6,0,0,1,0,0,0,0,0,13.28384512,52.52984077
9,8100521,2018,8,8,7,3,3,6,0,0,1,0,0,1,0,0,13.45551702,52.4616266
4,4300622,2018,3,9,2,3,0,1,0,1,0,0,0,0,0,2,13.31632696,52.51212916
4,4100102,2018,10,10,3,3,2,6,0,0,1,0,0,0,0,0,13.29857167,52.53414287
2,2500727,2018,8,14,5,3,2,6,0,0,1,0,0,0,0,0,13.45369522,52.51606764
4,4300621,2018,4,14,6,3,5,2,0,0,1,0,0,0,0,0,13.30770592,52.51175511
7,7501135,2018,4,18,6,2,5,2,0,0,1,0,1,0,0,0,13.3960456,52.42328254
2,2200208,2018,6,17,6,3,5,2,0,1,1,0,0,0,0,0,13.38896468,52.49754575
4,4400727,2018,12,22,6,2,0,1,2,0,0,0,1,0,0,1,13.29150086,52.4934075
1,1100310,2018,9,17,1,3,2,6,0,0,1,0,1,0,0,1,13.40517361,52.52031985
2,2200207,2018,9,18,3,3,2,6,0,0,1,0,1,0,0,0,13.37452489,52.50257126
3,3701660,2018,6,17,2,3,5,3,0,1,0,0,0,0,0,0,13.4323079,52.53536007
2,2500727,2018,7,10,6,3,5,2,0,1,1,0,0,0,0,0,13.45247843,52.51840854
4,4200206,2018,5,19,7,3,2,6,0,0,1,0,0,0,0,0,13.24237077,52.50753431
3,3601449,2018,2,17,4,3,6,4,1,0,1,1,0,0,0,0,13.44456493,52.54559323
10,10100206,2018,11,18,6,2,6,2,2,0,1,1,0,0,0,0,13.55450777,52.55781022
9,9200613,2018,10,16,3,3,0,2,0,0,1,0,0,0,1,0,13.49688265,52.46522384
2,2400521,2018,8,15,2,2,4,7,0,1,0,0,0,0,0,0,13.43881168,52.51726158
7,7501133,2018,4,9,1,3,3,6,0,0,1,0,0,0,0,0,13.38278766,52.43942538
3,3601449,2018,4,18,1,3,6,7,0,1,0,1,0,0,0,1,13.44571838,52.54611943
12,4100101,2018,5,7,2,3,3,6,0,0,1,0,0,1,0,0,13.30031566,52.54784546
12,12100204,2018,10,17,3,3,6,4,1,0,1,1,0,0,0,0,13.36254975,52.56739789
4,4200206,2018,2,14,4,3,2,6,0,0,1,0,0,0,0,0,13.24856748,52.50791945
2,2500727,2018,11,23,6,3,2,6,2,0,1,0,0,0,0,1,13.45885426,52.51523806
1,1401049,2018,9,8,3,3,2,6,0,1,1,0,0,0,0,0,13.36593503,52.55459007
6,6300526,2018,8,12,4,2,5,2,0,1,1,0,0,0,0,0,13.26056446,52.43498453
1,1100310,2018,6,20,4,3,0,3,0,1,0,0,1,0,0,0,13.40476803,52.51988376
12,12100204,2018,7,17,3,2,6,4,0,0,1,1,0,0,0,0,13.36368451,52.56520493
2,2500835,2018,6,9,5,2,6,4,0,0,1,1,0,0,0,0,13.44864808,52.50222726
9,9200613,2018,5,13,2,3,5,3,0,0,1,0,1,0,0,0,13.51524979,52.4527044
4,4300621,2018,4,10,1,2,5,2,0,0,1,0,0,0,0,0,13.31470485,52.51202144
4,4300621,2018,12,22,7,2,6,2,2,0,1,1,0,0,0,1,13.30508345,52.51158411
4,4300622,2018,10,13,3,3,6,7,0,1,0,1,0,0,0,0,13.32322284,52.51256741
7,7300619,2018,2,10,4,3,5,3,0,0,1,0,0,1,0,0,13.35612777,52.4735449
2,2200208,2018,7,11,2,3,5,2,0,1,0,0,0,0,1,0,13.38926219,52.49749705
6,6300524,2018,4,15,3,3,1,1,0,0,1,0,0,0,0,0,13.23823673,52.43296739
11,11300722,2018,7,8,5,3,2,2,0,1,1,0,0,0,0,0,13.47749391,52.51350874
10,10300733,2018,3,7,3,3,4,6,0,1,0,0,0,0,0,1,13.5517891,52.50918022
3,3601142,2018,5,8,3,2,5,2,0,1,1,0,0,0,0,0,13.41232218,52.54109314
4,4300415,2018,10,15,2,3,2,6,0,0,1,0,0,0,1,1,13.28507685,52.5093387
4,4300414,2018,2,9,4,3,5,2,0,1,1,0,0,0,0,0,13.29726872,52.51107109
1,1100311,2018,11,8,6,3,0,2,0,1,1,0,0,0,0,0,13.42008463,52.52105395
1,1300836,2018,9,22,5,3,3,6,2,0,1,0,0,0,0,0,13.36933959,52.53931944
4,4200308,2018,8,15,4,3,2,6,0,0,0,0,1,0,1,0,13.28148097,52.52280048
3,3100101,2018,6,16,6,2,0,3,0,0,1,0,1,0,0,0,13.43159481,52.62454612
9,9100101,2018,6,4,7,3,5,3,1,1,1,0,0,0,0,0,13.46059988,52.49400855
3,3701657,2018,8,19,2,3,2,6,1,0,1,0,0,0,0,0,13.43243579,52.53626638
3,3601348,2018,5,14,4,3,6,4,0,0,1,1,0,0,0,0,13.41900354,52.53990224
3,3601139,2018,4,16,3,3,5,2,0,1,1,0,0,0,0,0,13.41461757,52.55620801
3,3100101,2018,12,18,3,3,2,6,1,0,1,0,0,1,0,1,13.479007,52.62734128
10,10400837,2018,9,16,4,3,2,6,0,0,1,0,0,0,0,0,13.59130254,52.50508482
3,3601139,2018,9,20,5,3,3,6,2,1,0,0,0,0,0,0,13.41480148,52.55480048
2,2400625,2018,7,20,4,3,4,6,1,1,0,0,0,0,0,0,13.44760011,52.50363654
2,2500727,2018,7,13,4,3,0,1,0,1,0,0,0,0,0,0,13.45375155,52.5159021
7,7400720,2018,5,17,4,3,5,2,0,1,0,0,0,0,1,0,13.38578759,52.48116406
1,1100207,2018,2,8,4,3,2,6,0,0,1,0,0,0,0,0,13.40141086,52.51140634
4,4501148,2018,11,4,3,3,9,1,2,0,1,0,0,0,0,1,13.3144515,52.47939602
2,2100101,2018,8,17,6,2,6,2,0,0,1,1,0,0,0,0,13.38870092,52.49814918
3,3601452,2018,10,15,7,3,2,6,0,0,1,0,0,0,0,0,13.44657853,52.52763651
3,3200206,2018,8,16,4,3,2,6,0,1,1,0,0,0,1,0,13.39841493,52.57773257
4,7200308,2018,4,15,5,3,2,6,0,0,1,0,0,0,0,1,13.33993542,52.4785949
1,1100310,2018,4,15,5,3,5,3,0,1,1,0,0,0,0,1,13.41845302,52.52411536
3,3601245,2018,5,17,4,3,5,3,0,1,1,0,0,0,0,0,13.42822031,52.54713839
4,4300414,2018,12,12,4,3,5,2,0,1,1,0,0,0,0,0,13.30136557,52.51115133
12,12100205,2018,9,15,6,3,3,6,0,0,1,0,1,0,0,0,13.34701669,52.57885248
1,1401044,2018,9,14,1,2,5,7,0,0,1,0,0,0,0,0,13.3673288,52.55145879
12,12400618,2018,6,11,7,3,3,6,0,0,1,0,1,0,0,0,13.24883772,52.62100705
4,4300622,2018,7,11,5,3,2,6,0,0,1,0,0,0,0,0,13.32081977,52.51256808