BEZ,LOR_ab_2021,UJAHR,UMONAT,USTUNDE,UWOCHENTAG,UKATEGORIE,UART,UTYP1,ULICHTVERH,IstRad,IstPKW,IstFuss,IstKrad,IstGkfz,IstSonstige,USTRZUSTAND,XGCSWGS84,YGCSWGS84
3,3100101,2018,10,16,2,3,2,6,0,0,1,0,0,0,0,0,13.44566279,52.61439859
2,2400625,2018,8,3,5,3,6,6,2,1,0,1,0,0,0,0,13.44832931,52.50462522
1,1100311,2018,4,10,6,3,3,6,0,0,1,0,1,0,0,0,13.41948327,52.52123993
7,7400824,2018,4,15,6,2,8,1,0,0,1,0,0,0,0,0,13.38177452,52.46983099
1,1100310,2018,5,17,5,3,3,6,0,0,1,0,0,1,0,0,13.41152331,52.52348834
2,2200207,2018,12,19,5,3,2,6,2,0,1,0,0,0,0,1,13.37450212,52.50258388
9,9100203,2018,9,3,1,3,9,1,2,0,1,0,0,0,0,1,13.47334524,52.48159069
3,3400723,2018,9,16,3,3,3,6,0,0,0,0,1,0,1,0,13.40379907,52.56897226
10,10300733,2018,6,10,2,2,3,6,0,0,1,0,1,0,0,0,13.56224597,52.50853255
1,1100310,2018,7,16,6,3,5,2,0,1,1,0,0,0,0,0,13.41638443,52.5220044
1,1100205,2018,5,13,7,3,1,5,0,1,1,0,0,0,1,0,13.38169908,52.50984853
3,3501037,2018,2,15,5,3,2,6,0,0,1,0,0,0,0,0,13.46757933,52.5608219
2,2500729,2018,11,15,6,3,2,6,0,0,1,0,0,0,0,0,13.47012529,52.51425153
7,7200411,2018,10,15,3,3,1,5,0,0,1,0,1,0,0,0,13.35741334,52.4874181
4,4400726,2018,8,13,1,3,2,6,0,0,1,0,0,0,0,0,13.28393125,52.49631424
4,4300414,2018,4,19,7,3,3,6,0,0,1,0,0,0,0,0,13.28590995,52.51068758
3,3200206,2018,3,17,7,3,0,1,0,0,1,0,0,0,0,1,13.39851134,52.57990615
9,9100101,2018,5,3,1,2,5,3,2,1,1,0,0,0,0,0,13.4576975,52.491693
1,1300836,2018,10,11,3,3,6,7,0,0,1,1,0,0,0,0,13.36974216,52.54256147
4,4300622,2018,2,15,5,3,3,2,0,0,1,0,0,0,0,0,13.32065298,52.51269946
10,10400940,2018,11,19,6,3,2,6,2,0,1,0,0,0,0,1,13.60985856,52.50479525
2,2200208,2018,9,18,3,3,3,6,1,0,1,0,1,0,0,0,13.38894582,52.49477307
12,12100205,2018,8,8,4,3,5,2,0,0,1,0,0,0,0,0,13.34551867,52.58079722
11,11300722,2018,6,15,4,2,0,1,0,0,0,0,1,0,0,0,13.48289174,52.51282342
6,6400737,2018,7,13,3,3,2,2,0,0,1,0,0,0,0,0,13.19542188,52.42135987
1,1100311,2018,6,0,4,3,5,3,2,1,1,0,0,0,0,0,13.42251409,52.52003963
12,12200411,2018,5,11,2,2,0,6,0,0,1,0,1,0,0,0,13.31258976,52.56456433
4,4200311,2018,4,15,7,3,3,6,0,0,1,0,0,1,0,0,13.2799959,52.50059029
3,3601142,2018,12,18,7,3,5,2,2,1,0,0,0,0,1,1,13.41196655,52.54104049
7,7400824,2018,10,6,3,3,2,6,2,0,1,0,0,0,0,0,13.38576192,52.47006396
6,6400737,2018,2,5,4,3,0,7,2,0,1,0,0,1,0,0,13.19323884,52.4345888
4,4300620,2018,7,8,2,3,3,6,0,1,1,0,0,0,0,0,13.33281756,52.51323968
4,4400727,2018,4,12,3,3,2,6,0,0,1,0,0,0,0,0,13.29443498,52.49187286
1,1401044,2018,7,14,5,2,6,4,0,1,0,1,0,0,0,0,13.36919944,52.54844875
9,9100306,2018,3,9,3,3,2,6,0,0,1,0,0,0,1,1,13.46143828,52.4541493
4,4100102,2018,5,8,3,3,3,6,0,0,1,0,0,1,0,0,13.30198076,52.53447752
7,7400825,2018,10,6,2,3,2,6,2,0,1,0,0,0,0,0,13.38431797,52.45296261
4,4200310,2018,2,19,4,2,6,4,2,0,0,1,1,0,0,0,13.26241104,52.50875772
1,1100310,2018,11,19,4,3,6,4,2,1,0,1,0,0,0,1,13.40879746,52.51643045
3,3601142,2018,9,19,5,3,3,6,2,1,0,0,0,0,0,1,13.41314121,52.54609891
3,3601347,2018,8,16,3,3,5,3,0,1,0,0,0,0,0,0,13.41463833,52.54077241
12,12500930,2018,6,11,6,3,5,2,0,0,1,0,0,0,0,0,13.34193057,52.58546962
3,3701657,2018,6,6,7,3,1,5,0,0,1,0,1,0,1,0,13.42618879,52.53867154
12,12200310,2018,8,17,2,3,2,6,0,0,1,0,0,0,0,0,13.31041151,52.56518598
7,7601442,2018,5,12,4,3,6,4,0,1,0,1,0,0,0,0,13.39958427,52.41764279
9,9200613,2018,4,15,3,2,2,6,0,0,1,0,0,0,0,0,13.49637877,52.46559194
2,2100101,2018,7,18,3,3,6,2,0,0,1,1,0,0,0,0,13.37691747,52.50193787
3,3601451,2018,2,11,4,3,2,6,0,0,1,0,0,0,0,0,13.43309373,52.53603211
7,7200411,2018,11,9,7,3,1,5,0,1,0,0,0,0,1,0,13.35974306,52.48970053
3,3500933,2018,6,13,5,3,0,6,0,0,1,0,1,0,0,1,13.46718876,52.55309857
11,11401032,2018,5,16,3,3,2,6,0,0,1,0,0,0,0,0,13.50419827,52.51067559
12,12100101,2018,12,13,1,3,2,6,0,0,1,0,0,0,0,1,13.36503424,52.55924379
2,2500830,2018,10,5,4,3,0,1,2,0,0,0,1,0,0,1,13.45362311,52.51531665
7,7501030,2018,2,16,4,3,2,6,0,0,1,0,0,0,0,0,13.38517126,52.44847315
3,3701660,2018,7,20,2,3,3,6,0,1,0,0,0,0,0,0,13.42944198,52.53327756
1,1100310,2018,4,5,3,3,5,2,0,0,1,0,1,0,0,0,13.40893513,52.5169924
10,10300733,2018,7,13,6,3,3,6,0,0,1,0,0,1,0,0,13.56267422,52.50822849
1,1100207,2018,3,15,4,3,0,6,0,0,1,0,0,0,1,0,13.39995793,52.5111858
1,1100102,2018,5,15,3,3,2,6,0,0,1,0,0,0,0,0,13.37377043,52.50938631
1,1100102,2018,10,17,2,3,2,6,1,0,1,0,0,0,1,1,13.36848736,52.50654446
9,9100202,2018,2,14,4,2,9,1,0,0,1,0,0,0,0,0,13.46492928,52.48678492
2,2400625,2018,11,18,6,2,3,6,2,1,0,0,0,0,0,0,13.44744084,52.50344574
12,12500930,2018,9,15,6,3,0,3,0,1,0,0,0,0,0,0,13.34150662,52.58602936
11,11401032,2018,8,11,4,2,5,2,0,1,1,0,0,0,0,0,13.50498594,52.51061296
1,1100310,2018,6,4,7,3,3,6,0,1,0,0,0,0,0,0,13.40851402,52.51660646
2,2500727,2018,6,17,1,3,0,7,0,1,0,0,0,0,1,0,13.45378645,52.51706215
7,7601236,2018,8,6,3,3,5,2,0,1,1,0,0,0,0,0,13.36193641,52.41362773
4,4300415,2018,5,14,5,3,2,6,0,0,1,0,0,0,0,0,13.28532905,52.50971415
10,10400940,2018,4,6,3,2,5,2,1,0,1,0,1,0,0,0,13.61346612,52.5047641
4,4400726,2018,12,17,5,3,2,6,1,0,1,0,0,0,1,1,13.28409214,52.49610157
1,2400520,2018,9,14,5,3,6,4,0,0,0,1,1,0,0,0,13.42007051,52.52559584
6,6400736,2018,9,8,6,3,2,6,0,0,1,0,0,0,0,1,13.19607732,52.41822721
3,3601142,2018,7,3,4,3,3,6,2,0,1,0,1,0,0,0,13.41265052,52.54418541
1,1100310,2018,7,14,4,3,5,3,0,1,1,0,0,0,0,0,13.40893547,52.51699271
2,2500727,2018,5,18,5,3,5,2,0,1,1,0,0,0,0,0,13.45373964,52.51594044
3,3701657,2018,2,13,3,3,3,6,0,0,1,0,0,0,1,0,13.42474941,52.53915846
9,9100202,2018,11,18,3,3,6,7,2,1,0,1,0,0,0,1,13.46368209,52.48761598
2,2500727,2018,8,7,6,3,2,6,0,0,1,0,1,0,0,0,13.45422977,52.51578791
3,3601142,2018,10,7,2,3,2,6,0,0,1,0,0,0,0,0,13.41201519,52.54170915
1,1100206,2018,8,23,4,3,3,6,2,1,1,0,0,0,0,0,13.39975756,52.51774532
6,6300526,2018,4,19,5,3,2,6,0,0,1,0,0,0,0,0,13.26116711,52.4350234
4,4400830,2018,4,17,6,3,2,6,0,0,1,0,0,0,0,0,13.30503106,52.48410994
7,7501133,2018,5,11,5,2,2,6,0,0,1,0,1,0,0,0,13.37637028,52.43075874
6,6300527,2018,12,12,5,3,6,6,0,1,0,1,0,0,0,0,13.27156991,52.43829934
1,1100104,2018,9,19,6,2,6,4,2,0,0,1,0,0,1,1,13.36476297,52.50201043
3,3300517,2018,9,12,2,3,5,3,0,1,1,0,0,0,0,0,13.47643147,52.56811941
3,3400826,2018,6,16,7,2,3,6,0,1,1,0,0,0,0,0,13.4135502,52.55862907
11,11401032,2018,7,10,5,3,5,2,0,1,0,0,0,0,1,0,13.50448098,52.51065256
7,7100206,2018,5,20,5,2,6,4,1,0,1,1,0,0,0,0,13.36089137,52.49229866
2,2500729,2018,2,15,3,3,6,4,0,0,1,1,0,0,0,0,13.47052572,52.51406303
1,1300836,2018,11,16,4,3,5,2,1,0,1,0,0,0,0,0,13.37042842,52.53991042
4,4200308,2018,10,18,3,3,2,6,0,0,0,0,1,0,1,0,13.28311184,52.51890199
3,3701657,2018,8,3,1,3,0,3,2,1,1,0,0,0,0,0,13.42431923,52.53902605
3,3300517,2018,4,4,7,2,9,1,2,0,1,0,0,0,0,0,13.47294225,52.56656631
7,7300619,2018,3,12,5,3,2,6,0,0,1,0,0,1,0,1,13.35986031,52.47420158
2,2200208,2018,5,22,6,3,0,3,2,0,0,0,1,1,0,0,13.3892459,52.49756043
2,2500729,2018,10,18,2,3,2,6,1,1,1,0,0,0,0,1,13.47378973,52.51387236
12,12100205,2018,2,19,3,3,1,5,2,0,1,0,0,0,0,0,13.34912303,52.57420444
7,7400927,2018,11,23,5,3,2,7,2,0,1,0,0,0,0,0,13.40598248,52.46204081
2,2500833,2018,9,15,3,3,0,1,0,1,0,0,0,0,0,0,13.45333254,52.513621
2,2500727,2018,8,20,3,3,1,5,2,1,1,0,0,0,0,0,13.45369283,52.5173102
4,4300621,2018,6,12,3,2,5,2,0,1,1,0,0,0,0,0,13.30514703,52.5113993
7,7501030,2018,7,9,3,3,2,6,0,0,1,0,0,0,0,0,13.38561407,52.44695005
9,9100409,2018,6,16,4,3,2,6,0,0,1,0,0,0,0,0,13.51723761,52.42769045
2,2200207,2018,5,13,1,3,1,1,0,0,1,0,0,0,0,0,13.37675883,52.50101744
3,3601142,2018,4,22,6,3,6,4,2,1,0,1,0,0,0,1,13.41302825,52.5456747
2,2500728,2018,12,13,6,3,5,3,0,1,1,0,0,0,0,1,13.4672112,52.5143925
7,7300619,2018,10,6,3,2,3,6,1,0,1,0,0,1,1,0,13.35029845,52.47449979
3,3500936,2018,7,11,1,3,1,5,0,1,1,0,0,0,0,0,13.44895302,52.54751588
7,7200410,2018,4,15,2,3,1,5,0,1,1,0,0,0,0,1,13.35534797,52.4855799
3,3601142,2018,7,16,4,2,1,5,0,1,0,0,0,0,1,0,13.41282407,52.54488186
3,3200205,2018,3,16,2,3,5,3,0,1,1,0,0,0,0,0,13.40251883,52.59221462
2,2500726,2018,5,19,1,3,2,6,1,0,1,0,0,0,0,0,13.45058255,52.52179335
6,6400737,2018,10,18,1,2,0,1,2,0,0,0,1,0,0,0,13.23422482,52.46718408
2,2500834,2018,2,14,3,3,1,6,0,0,1,0,0,1,0,0,13.45175072,52.51009072
4,4200311,2018,11,9,2,3,5,2,0,0,1,0,0,0,0,0,13.28181007,52.51009265
2,2200207,2018,9,19,4,3,3,6,0,0,1,0,1,0,0,0,13.37685718,52.50087057
7,7601236,2018,8,7,3,3,2,6,0,0,0,0,1,1,0,0,13.36258431,52.41370328
12,12601032,2018,3,20,2,3,6,2,2,0,1,1,0,0,0,1,13.32389972,52.60778195
9,9100305,2018,6,7,5,3,2,6,0,0,1,0,1,0,0,0,13.49304805,52.46806704
2,2500728,2018,3,17,3,3,6,4,0,0,1,1,0,0,0,1,13.46158243,52.51510549
11,11300724,2018,6,16,6,3,2,6,0,0,1,0,0,0,0,0,13.48479297,52.51276546
12,12100205,2018,8,11,1,2,1,7,0,0,1,0,0,0,1,0,13.35698194,52.57330982
7,7501133,2018,5,9,4,3,2,6,0,0,1,0,0,0,0,0,13.37617876,52.43035649
4,4501148,2018,4,16,2,2,2,1,0,0,1,0,0,0,1,0,13.30971734,52.48186313
6,6300629,2018,12,7,3,3,0,1,1,1,0,0,0,0,0,1,13.30008827,52.44792034
11,11100101,2018,9,11,3,3,5,2,0,1,0,0,0,0,1,0,13.48339197,52.57734513
7,7501135,2018,9,22,4,3,5,2,2,0,1,0,0,0,0,0,13.39634705,52.42336231
9,9100203,2018,6,12,5,3,5,3,0,0,1,0,0,0,0,0,13.47943738,52.48449864
3,3601449,2018,7,10,3,2,0,3,0,1,1,0,0,0,0,0,13.4384128,52.54100321
7,7501135,2018,7,19,3,2,1,1,0,0,1,0,1,0,0,0,13.39791568,52.41995569
5,5200528,2018,5,6,3,3,3,2,0,0,1,0,1,0,0,0,13.18027137,52.51640636
4,4100101,2018,2,1,2,2,8,1,2,0,0,0,0,1,0,0,13.29080269,52.53318243
12,12200414,2018,11,13,2,3,2,6,0,0,1,0,0,1,0,1,13.30371834,52.55164039
3,3100101,2018,8,12,5,3,9,1,0,0,1,0,0,0,0,0,13.47905748,52.62732864
2,2500727,2018,10,22,6,3,5,3,2,1,1,0,0,0,0,0,13.45421337,52.51585614
3,3601452,2018,8,16,3,3,3,6,0,1,1,0,0,0,0,0,13.4458828,52.5278732
2,2400521,2018,4,12,3,2,5,3,0,1,0,0,0,0,0,0,13.42932028,52.51852463
10,10400940,2018,4,10,5,3,5,3,0,0,1,0,0,0,0,0,13.60421652,52.5049672
11,11401032,2018,5,8,4,3,5,5,0,1,1,0,0,0,0,0,13.51343436,52.51021788
7,7501135,2018,11,14,6,3,6,4,0,0,1,1,0,0,0,0,13.39865789,52.41863263
7,7501030,2018,12,16,3,3,1,5,2,1,1,0,0,0,1,1,13.3856231,52.44604879
4,4400726,2018,9,7,5,2,2,6,0,0,1,0,1,0,0,0,13.28282343,52.49731234
9,9200613,2018,8,8,6,3,5,3,0,1,0,0,0,0,1,0,13.50995396,52.45648613
9,9100305,2018,6,12,6,3,5,3,0,1,1,0,0,0,0,0,13.49310587,52.46781541
7,7501029,2018,7,22,4,3,8,1,2,1,0,0,0,0,0,0,13.38062303,52.43809019
12,12100204,2018,5,18,4,3,5,2,0,1,1,0,0,0,0,0,13.36185502,52.56836891
7,7200308,2018,12,17,3,3,2,3,2,0,1,0,0,0,1,1,13.34828776,52.48184447
4,4300414,2018,9,18,4,2,5,3,1,0,1,0,0,0,0,0,13.30151865,52.51135189
1,1100310,2018,9,20,5,3,0,1,1,1,0,0,0,0,0,0,13.41986444,52.52542303
4,4100101,2018,7,23,3,3,0,1,2,0,0,0,1,0,0,0,13.30044663,52.54754275
4,4400726,2018,7,11,3,3,2,6,0,0,1,0,0,0,1,0,13.28955091,52.49413857
4,4200311,2018,5,9,4,3,2,6,0,0,0,0,0,1,1,0,13.28152134,52.50483938
7,7501030,2018,2,8,2,3,2,6,0,0,1,0,0,0,0,0,13.38682664,52.44178791
4,4200206,2018,11,16,3,3,3,6,1,0,1,0,0,1,0,1,13.23223073,52.50690717
1,1100206,2018,8,23,5,2,5,3,2,1,1,0,0,0,0,0,13.39387983,52.51738421
4,4200310,2018,10,13,7,3,5,2,0,1,1,0,0,0,0,0,13.26979469,52.50921397
1,1100310,2018,8,11,4,3,5,2,0,1,1,0,0,0,0,0,13.40911633,52.51669535
2,2100101,2018,4,7,5,2,1,5,0,1,1,0,0,0,1,0,13.38262525,52.49924727
1,1100310,2018,4,14,5,3,2,7,0,0,1,0,0,0,1,0,13.41195371,52.51897614
4,4200206,2018,5,21,4,3,1,5,1,0,1,0,0,0,0,0,13.24620966,52.50777276
1,1100205,2018,12,18,4,3,6,4,2,0,1,1,0,0,0,0,13.37825342,52.50962004
1,1200624,2018,9,12,5,2,0,7,0,0,0,0,1,0,0,0,13.36917128,52.5288214
4,4200311,2018,9,17,7,3,5,2,0,0,1,0,0,0,0,0,13.28188739,52.51009771
4,4501148,2018,6,11,7,3,0,1,0,0,0,0,1,0,0,0,13.31539978,52.47905198
2,2400625,2018,7,20,5,3,5,3,0,1,1,0,0,0,0,0,13.44869669,52.50518693
7,7300619,2018,5,10,4,3,2,6,0,0,1,0,0,1,1,0,13.3470917,52.47655651
2,2100101,2018,2,17,2,3,5,3,0,0,1,0,0,0,1,0,13.38913917,52.49803745
10,10100206,2018,11,20,4,3,5,2,2,1,1,0,0,0,0,0,13.55442259,52.55770983
7,7400928,2018,6,20,3,2,9,1,0,0,0,0,1,0,0,0,13.41803593,52.4606956
11,11401032,2018,12,16,1,3,2,6,1,0,1,0,0,0,0,0,13.50521722,52.5107245
7,7300619,2018,10,14,1,2,9,7,0,0,0,0,1,0,0,0,13.35256128,52.47991102
3,3601451,2018,8,13,7,3,3,6,0,1,0,0,0,1,0,0,13.43447933,52.5372233
4,4200309,2018,4,13,6,3,5,2,0,0,1,0,1,0,0,0,13.25938332,52.50858871
7,7501029,2018,3,18,3,3,2,6,0,0,1,0,0,0,0,0,13.38068133,52.43815176
1,1100206,2018,5,10,6,2,5,2,0,1,0,0,0,1,0,0,13.37665947,52.51614335
3,3601449,2018,10,11,7,2,6,4,0,0,1,1,0,0,0,0,13.4457325,52.54612591
7,7501133,2018,2,16,2,3,5,3,0,1,1,0,0,0,0,0,13.38809612,52.43765439
2,2500728,2018,11,16,5,3,6,7,1,0,1,1,0,0,0,0,13.46204241,52.51492058
10,10400940,2018,9,18,2,3,5,2,0,1,1,0,0,0,0,0,13.61355349,52.50489337
11,11300722,2018,8,0,7,3,0,1,2,1,0,0,0,0,0,0,13.4842809,52.51281606
2,2200208,2018,6,9,3,3,3,6,0,1,0,0,0,0,0,0,13.38947925,52.49662367
1,1100310,2018,7,19,2,3,2,6,0,0,1,0,1,0,0,0,13.41107549,52.51832662
4,4300414,2018,6,16,3,3,2,2,0,0,1,0,0,0,0,0,13.28927464,52.51056032
1,1100206,2018,5,14,7,3,0,1,0,0,0,0,1,0,0,0,13.39278199,52.51712548
4,4300622,2018,4,20,6,3,2,6,2,0,1,0,1,0,0,1,13.32770697,52.5130672
12,12100204,2018,12,14,4,3,2,2,0,0,1,0,0,0,0,1,13.36441466,52.56373634
3,3200204,2018,9,16,1,2,2,6,0,0,0,0,1,0,0,0,13.39785116,52.61000462
7,7400927,2018,7,13,7,3,2,6,0,0,1,0,0,0,0,0,13.40091711,52.4650469
7,7601442,2018,4,0,2,3,1,5,2,0,1,0,0,0,1,0,13.40497117,52.40754618
12,12100204,2018,7,18,2,3,5,2,0,1,1,0,0,0,0,0,13.36394613,52.56470927
2,2500726,2018,3,20,6,3,3,6,2,0,1,0,0,0,0,0,13.44790714,52.52637768
3,3300517,2018,5,14,1,2,5,2,0,1,1,0,0,0,0,0,13.47634534,52.56807881
4,4300621,2018,10,15,6,3,5,2,0,0,1,0,1,0,0,0,13.31492001,52.51222768
7,4501153,2018,2,15,2,3,0,6,0,0,1,0,0,0,0,0,13.33491786,52.47817467
7,7300619,2018,11,19,7,3,2,6,2,0,1,0,0,0,1,1,13.35749633,52.47384684
5,5200633,2018,9,7,3,3,6,3,0,0,1,1,0,0,0,0,13.18527838,52.51537542
3,3601142,2018,8,8,2,3,3,6,0,1,0,0,0,0,0,0,13.41210474,52.54291422
1,1100104,2018,3,7,2,3,2,6,0,0,1,0,0,0,0,0,13.3643052,52.50148122
7,7501133,2018,6,15,4,3,0,6,0,0,1,0,0,0,1,0,13.38367948,52.43834286
7,7501133,2018,10,12,4,3,2,6,0,0,1,0,0,0,0,0,13.38759447,52.43967711
5,5200633,2018,6,11,6,2,5,2,0,0,1,0,0,0,0,0,13.1910389,52.51423804
3,3701660,2018,8,15,6,3,6,4,0,1,0,1,0,0,0,0,13.42873769,52.53228434
7,7200411,2018,5,16,3,3,0,7,0,0,1,1,0,0,0,0,13.35765308,52.48768668
8,8100521,2018,4,5,2,3,2,6,1,0,1,0,0,0,0,0,13.45565564,52.46179902
6,6300526,2018,12,11,2,3,5,2,0,1,1,0,0,0,0,0,13.26216904,52.4348152
4,4300415,2018,9,10,3,3,2,6,0,0,1,0,0,0,0,0,13.28284197,52.5055815
10,10400941,2018,9,8,4,3,5,3,0,0,1,0,0,0,0,0,13.62072627,52.50419387
2,2200208,2018,6,15,4,3,0,6,0,1,0,0,0,0,0,0,13.38926535,52.49748435
4,4400725,2018,7,17,2,3,3,6,0,0,1,0,0,1,0,0,13.28203387,52.49821815
12,12100103,2018,5,14,2,3,5,2,0,1,1,0,0,0,0,0,13.36011732,52.57170691
3,3200206,2018,2,13,2,2,0,4,0,0,0,1,0,0,1,0,13.39842852,52.57713956
3,3601451,2018,11,19,1,2,0,1,2,0,0,0,1,0,0,1,13.43291789,52.53635153
12,12100101,2018,8,13,5,2,5,2,0,1,1,0,0,0,0,0,13.36478308,52.56055303
4,4400725,2018,3,13,1,3,2,6,0,0,1,0,0,0,0,0,13.28107227,52.4993083
1,1100205,2018,10,15,6,3,3,6,0,0,1,0,1,0,0,0,13.37766861,52.50958077
3,3701660,2018,8,8,3,2,5,3,0,1,0,0,1,0,0,0,13.42917849,52.53305235
7,7400927,2018,4,9,2,3,2,6,0,0,1,0,1,0,0,0,13.39543866,52.46711848
4,4300414,2018,4,20,3,2,6,4,2,0,1,1,0,0,0,0,13.29308804,52.51062703
4,4200311,2018,5,15,3,3,2,6,0,0,1,0,0,0,1,0,13.28054452,52.50249701
4,4200311,2018,10,11,4,3,2,6,0,0,1,0,0,1,1,0,13.28360821,52.51823425
7,7501133,2018,12,19,2,3,5,7,2,0,1,0,0,0,1,0,13.38786353,52.43830936
7,7501029,2018,9,13,4,3,3,6,0,0,1,0,1,0,0,0,13.38111969,52.43861481
11,11300722,2018,8,5,5,3,0,7,1,1,0,0,0,0,0,0,13.48205463,52.51304069
4,4300414,2018,6,18,5,3,2,7,0,0,1,0,0,0,0,0,13.29366827,52.51066054
2,2500835,2018,7,15,4,3,5,3,0,0,1,0,1,0,0,0,13.44782234,52.50244654
4,4200206,2018,2,1,1,3,1,5,2,0,1,0,0,1,0,0,13.22262932,52.50785989
3,3701660,2018,11,17,2,3,2,6,2,0,1,0,0,0,0,0,13.42843523,52.53202768
7,7200410,2018,6,14,7,3,6,4,0,1,1,1,0,0,0,0,13.35470541,52.48545424
1,1100102,2018,5,13,3,3,0,2,0,1,1,0,0,0,0,0,13.36892799,52.50741709
12,12100205,2018,12,16,5,2,2,6,2,0,1,0,0,0,0,1,13.34763732,52.57431329
2,2200209,2018,10,21,6,2,6,4,2,0,1,1,0,0,0,0,13.38616051,52.48941465
1,1100310,2018,2,19,1,3,5,3,2,1,1,0,0,0,0,0,13.41987896,52.52489861
4,4300415,2018,8,18,4,3,2,6,0,0,1,0,0,0,0,0,13.28381507,52.5074706
1,1100310,2018,4,15,4,3,5,2,0,1,1,0,0,0,0,0,13.41638443,52.5220044
7,7400824,2018,3,9,6,3,2,6,0,0,1,0,0,0,0,0,13.38572802,52.46895173
4,4200311,2018,5,14,4,3,3,6,0,0,1,0,0,1,0,0,13.28525595,52.51415915
8,8200622,2018,10,11,4,3,3,6,0,0,1,0,0,1,0,0,13.44429489,52.46268647
1,1100310,2018,2,12,6,3,2,6,0,1,1,0,0,0,0,0,13.40517203,52.52031906
4,4200308,2018,11,17,2,3,2,6,2,0,1,0,0,0,0,1,13.28273041,52.51973657
12,12100204,2018,9,11,7,3,1,6,0,1,0,0,1,0,0,0,13.36361635,52.56533568
3,3601141,2018,8,7,6,3,2,2,0,1,1,0,0,0,0,0,13.41376075,52.55077652
1,1100102,2018,6,13,7,3,3,6,0,0,0,0,1,1,0,0,13.37352629,52.51594432
3,3200205,2018,3,11,1,3,5,2,0,1,1,0,0,0,0,0,13.40308032,52.59454504
3,3701660,2018,6,5,7,3,5,3,0,1,1,0,0,0,0,0,13.42838318,52.53237311
3,3500936,2018,6,18,2,2,5,3,0,1,0,0,1,0,0,0,13.44808203,52.54713954
4,4200310,2018,8,10,4,2,3,6,0,0,1,0,1,0,0,0,13.27685599,52.50977651
7,7501030,2018,5,6,5,2,5,7,0,0,1,0,1,0,0,0,13.3850256,52.45019975
11,11100101,2018,4,14,4,3,0,2,0,0,0,1,0,0,1,0,13.48366554,52.58396137
3,3601449,2018,12,19,7,3,0,2,2,1,1,0,0,0,0,0,13.43898625,52.54108119
4,4300414,2018,9,17,6,3,5,3,0,1,1,0,0,0,0,0,13.29991343,52.51124603
6,6400735,2018,9,18,7,3,5,2,0,0,1,0,0,0,0,0,13.17718636,52.41937848
10,10300733,2018,2,15,6,3,5,2,0,1,1,0,0,0,0,0,13.55304633,52.50905534
12,12100101,2018,11,15,3,3,2,6,0,0,1,0,1,0,0,0,13.36510693,52.560024
1,1300836,2018,6,8,2,2,0,7,0,1,0,0,0,0,0,0,13.36966429,52.54314561
4,4400726,2018,12,5,6,3,0,1,2,0,0,0,1,0,0,1,13.28707357,52.49416433
2,2400522,2018,10,21,7,3,2,6,2,0,1,0,0,0,1,0,13.44454168,52.51668731
1,1100102,2018,8,9,5,3,2,2,0,1,1,0,0,0,0,0,13.36975069,52.51582536
4,4300622,2018,4,10,5,3,2,6,0,0,0,0,1,0,1,0,13.32030484,52.5123971
4,4200311,2018,3,17,2,3,8,1,0,0,0,0,1,0,0,0,13.28150352,52.50785761
2,2400521,2018,5,20,5,3,5,2,0,0,1,0,1,0,0,0,13.42878529,52.5182027
4,4300414,2018,10,13,5,3,2,6,0,0,1,0,0,0,1,1,13.28947588,52.51057301
4,4300621,2018,2,17,6,3,5,2,0,1,1,0,0,0,0,0,13.30295561,52.51125502
3,3400828,2018,11,16,3,2,5,3,1,1,1,0,0,0,0,0,13.4287018,52.55855659
9,9100101,2018,9,11,1,2,5,3,0,1,1,0,0,0,0,0,13.46112966,52.49230742
4,4300414,2018,8,20,6,3,1,1,2,0,1,0,1,0,0,0,13.29927201,52.51120364
10,10100206,2018,6,15,2,3,5,3,0,0,1,0,1,0,0,0,13.55815094,52.56272273
10,10400837,2018,7,14,2,3,2,6,0,0,1,0,0,0,0,0,13.58990308,52.50509558
6,6300527,2018,6,11,3,3,5,3,0,0,1,0,0,0,1,0,13.27138563,52.43843089
1,1100310,2018,8,12,5,3,5,2,0,1,0,0,1,0,0,0,13.41990043,52.52545321
6,6300527,2018,5,10,6,3,5,3,0,1,1,0,0,0,0,0,13.28112249,52.4414693
3,3200205,2018,4,8,5,3,5,3,0,0,1,0,0,0,0,0,13.40251883,52.59221462
1,1100104,2018,12,18,3,3,2,6,2,0,1,0,0,0,0,0,13.3646242,52.50185
7,7400824,2018,9,17,7,3,0,2,0,0,0,0,1,0,0,0,13.38551403,52.47006654
9,9200613,2018,7,13,6,3,6,4,0,0,0,1,0,0,1,0,13.51160318,52.45534472
9,9200613,2018,7,2,7,3,6,4,2,0,1,1,0,0,0,0,13.50963299,52.45650501
4,4200311,2018,3,10,4,2,0,7,0,1,0,1,0,0,0,0,13.28122754,52.51005476
3,3601451,2018,5,20,6,3,2,6,2,0,1,0,1,0,0,0,13.43450291,52.53535688
7,7400823,2018,10,6,6,3,2,6,2,0,1,0,0,0,0,0,13.37115708,52.47091197