BEZ,LOR_ab_2021,UJAHR,UMONAT,USTUNDE,UWOCHENTAG,UKATEGORIE,UART,UTYP1,ULICHTVERH,IstRad,IstPKW,IstFuss,IstKrad,IstGkfz,IstSonstige,USTRZUSTAND,XGCSWGS84,YGCSWGS84
5,5200528,2018,2,19,6,3,5,2,2,0,1,0,0,0,0,0,13.18086291,52.51628467
11,11300722,2018,11,14,7,3,5,3,0,1,1,0,0,0,0,0,13.47674151,52.51343562
7,7400824,2018,9,14,2,2,6,4,0,1,0,1,0,0,0,0,13.3854918,52.46744171
2,2500726,2018,8,13,1,3,2,6,0,0,1,0,0,0,0,0,13.45259004,52.51884635
7,7501133,2018,3,9,1,3,1,1,0,0,1,0,0,0,0,1,13.37755068,52.43326731
4,4400727,2018,6,15,4,3,0,6,0,0,1,0,0,0,0,0,13.29417845,52.49202235
3,3601142,2018,10,18,3,3,5,2,2,1,1,0,0,0,0,0,13.41234868,52.54142556
1,1100310,2018,6,9,5,3,1,5,0,1,0,0,0,1,0,0,13.41685937,52.52271067
2,2400625,2018,8,22,6,3,6,4,2,1,0,1,0,0,0,0,13.44711815,52.50305914
1,1100310,2018,4,11,1,3,6,7,0,0,1,1,0,0,0,0,13.4125927,52.51953483
7,7400824,2018,4,13,7,3,5,3,0,1,1,0,0,0,0,0,13.38558487,52.46374888
11,11300722,2018,6,14,6,3,5,3,0,1,1,0,0,0,0,0,13.48438438,52.51280563
1,1100104,2018,12,15,6,3,5,2,1,1,1,0,0,0,0,1,13.3648766,52.50214179
1,1100102,2018,9,19,2,3,3,6,1,0,1,0,1,0,0,1,13.36852782,52.50661242
2,2500727,2018,9,15,3,3,0,1,0,1,0,0,0,0,0,0,13.45375527,52.51588441
4,4400833,2018,6,0,4,3,8,1,2,0,1,0,0,0,0,0,13.30653982,52.46957615
4,4300414,2018,7,23,7,2,2,6,2,0,0,0,1,0,0,0,13.29777239,52.51091474
1,1401044,2018,5,15,2,3,2,6,0,0,1,0,0,0,0,0,13.36880912,52.54893478
3,3500936,2018,2,20,6,2,3,6,2,0,1,0,1,0,0,1,13.45694096,52.54952635
3,3601449,2018,11,19,7,3,5,2,2,0,1,0,0,0,0,0,13.44491627,52.54549338
2,2200208,2018,10,13,4,3,2,6,0,0,1,0,0,0,1,0,13.3806567,52.49868342
10,10100312,2018,8,16,2,3,5,2,0,0,1,0,1,0,0,0,13.53761415,52.52695954
3,3501037,2018,4,18,1,3,4,6,0,0,1,0,1,0,0,0,13.46646124,52.55780903
10,10100102,2018,4,11,3,3,0,4,0,0,0,1,0,0,1,0,13.56744957,52.57254656
1,1100205,2018,5,11,2,3,5,2,0,1,1,0,0,0,0,0,13.38609417,52.51012675
2,2500727,2018,10,8,4,3,2,6,0,0,1,0,1,0,0,0,13.45929684,52.51534218
7,7200308,2018,2,9,6,3,5,2,0,0,1,0,0,0,0,0,13.34828776,52.48184447
2,2500727,2018,12,19,1,2,5,2,2,0,1,0,0,0,0,1,13.45423726,52.515705
12,12100103,2018,9,16,4,3,6,4,0,1,0,1,0,0,0,0,13.36140743,52.56920326
3,3200205,2018,8,12,5,3,0,1,0,0,0,0,1,0,0,1,13.40174155,52.58822528
4,4200310,2018,6,14,5,3,3,6,0,1,1,0,0,0,0,0,13.26908336,52.50916938
6,6300524,2018,7,15,3,3,5,3,0,1,1,0,0,0,0,0,13.24019484,52.43321239
7,7601442,2018,2,9,6,3,2,6,0,0,1,0,0,0,1,1,13.40605871,52.40601246
6,6400838,2018,11,9,7,3,5,7,0,1,0,0,0,0,0,0,13.22677116,52.430326
7,7501030,2018,6,20,5,2,1,6,0,0,1,0,0,0,1,0,13.38469478,52.45100107
3,3400620,2018,5,9,3,3,5,7,0,0,1,0,0,0,1,0,13.39898749,52.57342825
7,7501133,2018,12,0,3,3,2,6,2,0,1,0,0,0,0,0,13.39360926,52.42818294
2,2500833,2018,10,18,5,3,3,6,1,1,0,0,0,0,0,0,13.4524489,52.51164038
5,5200633,2018,2,8,6,3,2,6,0,0,1,0,0,1,0,0,13.18942411,52.51456232
1,1401044,2018,7,15,2,3,5,7,0,0,1,0,0,0,0,0,13.36935153,52.54702599
3,3601347,2018,4,9,4,3,5,2,0,1,1,0,0,0,0,0,13.41450511,52.54061768
4,4200310,2018,7,8,7,3,6,4,0,0,1,1,0,0,0,0,13.26781637,52.50909104
2,2400521,2018,3,8,5,3,5,3,0,1,1,0,0,0,0,1,13.43652747,52.51764211
3,3400620,2018,5,10,4,3,2,6,0,0,1,0,0,0,0,0,13.39850317,52.57080183
4,4400725,2018,10,8,3,3,2,6,0,0,1,0,0,0,0,1,13.28255219,52.4977364
1,1100102,2018,2,11,5,3,2,6,0,1,1,0,0,0,0,0,13.33735509,52.51370226
4,4200206,2018,11,16,7,3,2,6,2,0,1,0,0,0,0,0,13.22709336,52.50696454
3,3601451,2018,9,17,6,3,0,6,0,0,0,0,1,0,0,0,13.43429956,52.5357508
9,9100101,2018,8,11,4,3,2,6,0,0,1,0,0,0,0,0,13.47695241,52.4872369
10,10400940,2018,6,18,6,3,5,2,0,1,1,0,0,0,0,1,13.59868159,52.50501988
4,4200308,2018,3,9,1,3,9,1,0,0,1,0,0,0,0,2,13.28157726,52.5224583
7,7100205,2018,6,14,7,3,0,6,0,0,1,0,0,0,1,0,13.3617351,52.49711554
8,8200624,2018,6,13,2,3,3,6,0,0,1,0,1,0,0,0,13.43198844,52.46196111
2,2500729,2018,8,14,3,2,6,4,0,0,1,1,0,0,0,0,13.4720289,52.51391199
1,1100310,2018,5,11,5,3,0,6,0,1,1,0,0,0,0,0,13.40426502,52.51984366
3,3601452,2018,4,19,3,3,3,6,1,1,1,0,0,0,0,0,13.4446955,52.52896609
4,4300414,2018,12,9,6,2,5,2,0,1,0,0,0,1,0,0,13.30138013,52.5111523
3,3601449,2018,9,9,5,3,2,2,0,0,1,0,0,0,0,0,13.44489799,52.54548465
4,4300622,2018,9,16,6,3,2,6,0,0,1,0,1,0,0,0,13.31882769,52.51229603
8,8100521,2018,7,12,5,3,2,6,0,0,1,0,0,0,0,0,13.45621229,52.46084997
4,4100101,2018,7,10,5,3,2,6,0,0,1,0,0,0,0,1,13.29845125,52.54553583
7,7501133,2018,3,15,2,3,5,3,0,0,1,0,0,1,0,1,13.38824418,52.43733934
1,1100102,2018,5,22,5,2,6,7,2,1,0,1,0,0,0,0,13.37224419,52.51598963
10,10100313,2018,2,0,5,2,8,1,2,0,1,0,0,0,0,1,13.53756374,52.53573954
9,9100306,2018,11,6,4,3,2,6,0,0,1,0,0,1,0,1,13.47877791,52.44318525
3,3601142,2018,8,14,6,3,6,4,0,0,1,1,0,0,0,0,13.41197148,52.54110829
2,2100101,2018,3,9,7,3,5,3,0,0,1,0,0,1,0,1,13.38914298,52.4980028
4,4200311,2018,10,19,2,3,8,1,2,0,0,0,1,0,0,0,13.28004643,52.50163808
7,7501133,2018,8,7,5,3,5,2,0,0,1,0,0,0,1,0,13.39111584,52.4319265
1,1300836,2018,4,16,6,3,5,3,0,0,1,0,0,0,1,0,13.36838119,52.54113032
1,1100310,2018,4,14,6,3,2,2,0,0,1,0,0,0,0,0,13.42012242,52.52510661
7,7200410,2018,5,12,5,3,1,5,0,1,1,0,0,0,1,0,13.35517825,52.48568034
3,3200204,2018,12,16,5,2,5,2,2,0,1,0,0,0,0,1,13.39044086,52.61859411
3,3601142,2018,9,7,7,3,0,1,1,0,0,0,1,0,0,1,13.41198071,52.54123511
1,1100310,2018,9,18,2,3,0,6,1,1,1,0,0,0,0,0,13.40784528,52.51563721
3,3200204,2018,6,15,1,3,3,6,0,1,0,0,0,0,0,0,13.38159001,52.63199212
6,6400737,2018,7,14,6,3,5,3,0,0,1,0,0,0,0,0,13.21473815,52.42754076
11,11300725,2018,5,18,6,3,3,6,0,1,0,0,0,0,1,0,13.49356897,52.51170519
8,8100521,2018,2,6,5,2,3,6,0,0,0,0,0,1,1,0,13.45558133,52.4615683
6,6400737,2018,11,17,6,3,5,2,2,0,1,0,0,0,0,0,13.21475231,52.42733167
4,4300621,2018,7,18,6,2,3,6,0,0,1,0,1,0,0,0,13.306594,52.51168476
4,4300414,2018,7,17,6,3,5,2,0,1,1,0,0,0,0,0,13.29963919,52.51103609
7,7501133,2018,3,15,3,3,5,3,0,0,1,0,0,0,0,0,13.37643238,52.43088916
2,2500728,2018,5,8,6,2,2,1,0,1,1,0,0,0,0,0,13.46319447,52.51480586
4,4100101,2018,10,18,4,3,0,1,2,0,0,0,1,0,0,0,13.31012775,52.53578138
12,12200412,2018,2,16,5,3,2,6,0,0,1,0,0,0,0,0,13.29627418,52.57943955
3,3701660,2018,11,17,5,3,6,4,2,1,0,1,0,0,0,0,13.42854951,52.53212466
6,6300629,2018,9,8,2,3,3,6,0,0,1,0,0,1,0,0,13.30604218,52.45012975
7,7501030,2018,8,13,7,3,0,5,0,0,1,0,1,0,0,0,13.38596069,52.4442503
12,12400723,2018,10,14,3,3,2,6,0,0,1,0,0,0,0,0,13.31123531,52.62789636
3,3601142,2018,8,15,5,3,2,6,0,0,1,0,0,0,0,0,13.41199195,52.54138968
1,1300836,2018,4,14,7,2,5,2,0,0,1,0,0,0,0,0,13.37057247,52.5399748
7,7501133,2018,4,17,6,3,6,7,0,1,0,1,0,0,0,0,13.39245369,52.43022763
4,4400725,2018,6,15,6,3,2,6,0,0,1,0,0,0,0,0,13.28107945,52.49897551
10,10300734,2018,12,16,6,3,2,6,2,0,1,0,0,0,1,1,13.57628102,52.50518189
6,6400736,2018,9,18,1,3,2,6,1,0,1,0,0,0,0,1,13.19663414,52.41805223
3,3500936,2018,9,17,3,3,2,6,0,0,1,0,0,0,1,0,13.46010042,52.55027286
4,4300621,2018,6,17,2,3,2,6,0,0,1,0,0,0,0,0,13.30442424,52.51135167
2,2500729,2018,7,0,6,3,5,2,2,1,1,0,0,0,0,0,13.46759522,52.51435237
4,4100101,2018,5,14,7,3,2,6,0,0,1,0,1,0,0,0,13.29353408,52.53650536
2,2500726,2018,2,12,5,3,6,4,0,0,1,1,0,0,0,0,13.44744313,52.52639166
7,7200308,2018,11,18,6,3,2,6,2,0,1,0,0,0,0,0,13.33964785,52.47861121
4,4200311,2018,10,7,4,3,2,6,0,0,1,0,0,0,1,0,13.28348881,52.51766472
9,9100101,2018,8,17,2,2,0,4,0,0,0,1,0,0,1,0,13.45915744,52.49292808
7,7200308,2018,4,16,1,3,0,6,0,0,1,0,0,0,1,0,13.34830826,52.48176424
2,2500727,2018,4,13,1,3,5,3,0,1,1,0,0,0,0,1,13.4525024,52.51837212
11,11300722,2018,5,7,2,3,5,2,0,1,0,0,0,1,0,0,13.47697553,52.51356196
2,2500834,2018,10,17,3,3,5,2,1,1,1,0,0,0,0,1,13.45145494,52.50946449
7,7400720,2018,2,17,5,2,5,2,2,1,1,0,0,0,0,0,13.38582266,52.48316918
1,1100102,2018,12,19,7,2,1,7,2,0,1,0,0,0,0,1,13.36763124,52.51557658
4,4300622,2018,9,8,3,3,5,3,0,0,1,0,1,0,0,0,13.32581425,52.51294281
5,5200528,2018,8,13,4,3,2,6,0,0,1,0,0,0,1,0,13.17781267,52.5158988
9,9100101,2018,6,14,4,3,2,6,0,0,1,0,0,0,1,0,13.46272618,52.49182923
2,2500727,2018,7,14,3,3,6,4,0,1,0,1,0,0,0,0,13.45359761,52.51756247
7,7400720,2018,2,23,5,3,2,6,2,0,1,0,0,0,0,1,13.38580746,52.48221638
1,1100206,2018,6,9,5,3,6,4,0,1,0,1,0,0,0,0,13.38664405,52.51672988
2,2400522,2018,5,14,2,3,2,6,0,0,1,0,0,0,0,0,13.45118613,52.5160162
3,3200206,2018,4,12,1,3,5,3,0,1,1,0,0,0,0,0,13.39843528,52.57684496
4,4300414,2018,12,20,7,3,6,2,2,0,0,1,0,0,1,1,13.29748841,52.51089628
4,4400727,2018,10,22,3,2,9,1,2,0,1,0,0,0,0,1,13.29347871,52.49226775
1,1100310,2018,2,18,4,3,2,6,2,0,1,0,0,0,0,0,13.41104164,52.51865776
6,6400735,2018,7,18,2,3,8,1,0,0,1,0,0,0,0,0,13.15497267,52.41909561
4,4300621,2018,4,16,3,3,5,2,0,1,1,0,0,0,0,0,13.31466068,52.51201854
1,1100104,2018,7,13,5,3,2,6,0,0,1,0,0,0,0,0,13.36608862,52.50353891
9,9100407,2018,3,17,3,3,3,6,0,0,1,0,0,1,0,1,13.49107882,52.43709567
7,7400824,2018,5,11,3,3,2,6,0,0,1,0,0,0,0,0,13.3850761,52.4622521
7,7501030,2018,10,9,2,2,4,1,0,0,1,0,0,0,0,0,13.38696824,52.44089587
2,2500833,2018,2,11,4,3,3,6,0,1,1,0,0,0,0,0,13.4529107,52.51268446
4,4501153,2018,11,16,6,3,2,6,1,0,1,0,0,0,0,0,13.32883112,52.47781423
12,12601031,2018,9,13,6,3,5,2,0,0,0,0,1,0,1,0,13.33185816,52.6001227
12,12400723,2018,8,16,4,3,0,7,0,1,1,0,0,0,0,0,13.31327067,52.62112466
7,7501133,2018,3,14,6,3,2,6,0,0,1,0,1,0,0,0,13.38809878,52.43764688
1,1100311,2018,6,18,6,2,0,6,0,1,0,0,0,0,0,0,13.4255684,52.51939777
4,4100102,2018,6,6,1,2,8,7,0,0,1,0,0,0,0,0,13.29979618,52.53431182
12,12100101,2018,8,22,2,3,1,5,2,0,1,0,1,0,0,0,13.36545707,52.55824271
9,9100101,2018,5,10,4,3,5,3,0,1,0,0,0,0,0,0,13.46335249,52.49164162
11,11300724,2018,4,10,3,3,2,6,0,0,1,0,0,0,0,0,13.48850466,52.51224733
1,1100206,2018,12,8,4,2,0,6,0,0,1,0,1,0,0,1,13.39334749,52.51735219
7,7300619,2018,9,15,4,3,2,6,0,0,1,0,1,0,0,0,13.36278877,52.47386116
1,1100310,2018,9,22,5,3,0,1,2,0,1,0,1,0,0,0,13.40937506,52.51737652
9,9200613,2018,7,22,4,3,2,6,2,0,1,0,0,0,0,0,13.50883486,52.45727072
6,6400737,2018,7,14,4,3,2,6,0,0,1,0,0,0,0,0,13.20894304,52.4472078
3,3100103,2018,5,8,4,3,2,6,0,0,0,0,0,1,0,0,13.49886539,52.62119631
7,7200308,2018,2,20,4,3,0,1,2,0,0,0,1,0,0,1,13.34838482,52.48173303
9,9100101,2018,11,6,3,3,6,7,2,0,0,1,0,0,1,1,13.46108004,52.49414926
12,12200412,2018,8,15,6,2,2,6,0,0,1,0,0,0,1,0,13.29565045,52.5803293
6,6400735,2018,10,14,1,3,1,5,0,1,1,0,0,0,1,0,13.15496379,52.4189883
2,2500727,2018,8,19,4,3,2,3,0,0,1,0,0,0,1,0,13.45411474,52.51572945
1,1100310,2018,4,14,5,3,3,6,0,0,1,0,1,0,0,1,13.41811553,52.52381789
4,4200311,2018,4,16,5,3,2,6,0,0,1,0,0,0,0,0,13.28356581,52.50857
1,1100104,2018,5,18,4,3,2,6,0,0,1,0,0,0,0,0,13.3660797,52.50352869
11,11401033,2018,12,13,4,3,5,3,0,1,1,0,0,0,0,0,13.53498325,52.5103305
2,2500834,2018,9,1,6,3,8,1,2,1,0,0,0,0,0,0,13.45124774,52.5090258
5,5400942,2018,9,7,2,3,2,6,0,0,1,0,0,0,0,0,13.15223452,52.49788859
3,3400620,2018,6,12,7,2,2,6,0,0,1,0,0,0,0,0,13.3984478,52.57185472
11,11100101,2018,7,7,5,3,5,2,0,1,1,0,0,0,0,0,13.48330626,52.58306017
7,7400824,2018,5,13,5,3,2,6,0,0,1,0,0,0,0,0,13.3857375,52.46932973
10,10300733,2018,2,18,4,3,2,6,0,0,1,0,0,0,0,0,13.55577933,52.5088566
12,12200412,2018,11,15,4,3,2,6,0,0,1,0,0,0,0,0,13.29537363,52.58073448
7,7501133,2018,12,19,2,3,6,4,2,1,0,1,0,0,0,1,13.38801822,52.43787376
3,3701657,2018,10,20,2,2,5,2,2,0,0,0,1,0,0,0,13.42438826,52.53925468
3,3200309,2018,8,2,7,2,9,1,2,0,1,0,0,0,0,0,13.4474256,52.60190107
3,3400620,2018,4,7,6,3,2,6,0,0,1,0,0,0,0,0,13.39821892,52.57132993
7,7200410,2018,3,18,4,3,2,6,1,0,1,0,0,0,0,1,13.34881756,52.48224548
11,11400931,2018,5,14,6,2,9,1,0,0,0,0,1,0,0,0,13.51687842,52.5099709
1,1300836,2018,10,20,1,3,1,1,2,0,1,0,0,0,0,1,13.36993939,52.54222896
12,12400618,2018,2,7,4,3,5,3,0,0,1,0,0,0,0,0,13.24753516,52.61457446
1,1100310,2018,11,18,5,3,6,2,2,0,0,1,0,0,1,0,13.41949124,52.52508333
6,6300527,2018,9,13,2,2,5,2,0,0,1,0,1,0,0,0,13.26942809,52.43763362
4,4200207,2018,8,11,1,3,3,6,0,0,1,0,0,0,0,0,13.24756792,52.4785783
2,2500729,2018,6,17,3,2,3,6,0,0,1,0,1,0,0,0,13.47470449,52.51363102
7,7601544,2018,7,8,3,2,5,3,0,0,1,0,1,0,0,0,13.40823633,52.38843842
7,7100206,2018,6,13,4,3,5,7,0,0,1,0,1,0,0,0,13.36091907,52.49269837
2,2500727,2018,5,15,1,3,0,2,0,1,1,0,0,0,0,0,13.4602613,52.51524161
6,6300629,2018,4,18,6,3,2,6,1,0,1,0,0,0,0,1,13.3021661,52.4486939
4,4100101,2018,12,22,5,2,3,6,2,0,1,0,0,0,1,1,13.29995551,52.54711816
3,3100101,2018,10,14,2,2,2,6,0,0,1,0,0,0,0,0,13.47871584,52.62741412
1,1100104,2018,7,19,7,3,2,6,0,0,1,0,0,0,0,0,13.36493477,52.50220903
4,4400727,2018,4,11,2,3,2,6,0,0,1,0,0,0,1,1,13.29826283,52.48935987
3,3400828,2018,7,15,4,3,0,1,0,1,0,0,0,0,0,0,13.42823333,52.56031214
6,6400735,2018,3,17,1,3,2,6,0,1,1,0,0,0,0,0,13.09467645,52.41335258
1,1300836,2018,5,15,1,3,6,4,0,1,0,1,0,0,0,0,13.36882165,52.54081001
7,7400825,2018,10,12,3,3,2,6,0,0,1,0,1,0,0,0,13.38403339,52.45782263
11,11300722,2018,8,10,1,3,6,2,0,0,1,1,0,0,0,0,13.47672402,52.51358433
12,12601032,2018,4,13,7,3,6,7,0,0,1,1,0,0,0,0,13.3240366,52.60766096
12,12100103,2018,3,19,6,3,3,6,0,0,1,0,1,0,0,0,13.3593895,52.57323515
4,4400725,2018,5,14,1,3,2,6,0,0,1,0,0,0,0,0,13.28066612,52.49980927
12,12400618,2018,10,6,3,3,9,1,2,0,1,0,0,0,0,1,13.24943596,52.61641515
3,3601451,2018,2,13,4,3,2,6,0,0,1,0,0,0,1,0,13.43299206,52.53632599
1,1401049,2018,11,17,6,2,6,4,2,1,0,1,0,0,0,1,13.36614863,52.5545214
12,12601032,2018,9,14,3,3,2,6,0,0,1,0,0,0,0,0,13.32489575,52.60670505
4,4300414,2018,8,10,3,3,2,6,0,0,1,0,0,0,0,0,13.30115479,52.51113724
4,4200308,2018,6,12,4,3,2,6,0,0,1,0,0,0,0,0,13.28312521,52.51887275
8,8200622,2018,7,19,3,3,3,6,0,0,1,0,0,0,1,0,13.44202707,52.46275892
7,7501133,2018,6,17,4,2,2,6,0,0,1,0,1,0,0,0,13.38759193,52.43899481
3,3200204,2018,5,8,2,3,5,2,0,1,1,0,0,0,0,0,13.39041019,52.61848998
3,3601449,2018,4,16,7,3,2,6,0,0,1,0,0,0,0,0,13.44417236,52.54542847
7,7300619,2018,12,17,6,3,3,6,2,0,1,0,0,0,0,1,13.34916637,52.4752488
3,3400620,2018,10,18,3,3,2,6,1,0,1,0,0,0,0,1,13.39910131,52.57329427
7,7400823,2018,2,14,3,3,2,6,0,0,1,0,0,0,1,0,13.37109954,52.47092341
10,10300733,2018,7,20,1,2,3,6,1,1,1,0,0,0,0,0,13.5527688,52.50935801
4,4400830,2018,4,18,2,3,2,6,0,0,1,0,0,0,0,1,13.30537054,52.4838568
2,2200207,2018,7,14,4,3,3,6,0,0,1,0,1,0,0,0,13.37913002,52.49895369
1,1100205,2018,3,21,2,3,5,2,2,0,1,0,1,0,0,0,13.38735104,52.51020339
4,4400726,2018,5,11,2,3,2,6,0,0,1,0,0,0,1,0,13.28633323,52.49450585
12,12200310,2018,10,5,2,3,2,6,2,0,1,0,0,0,0,0,13.30531947,52.57254811
12,12400618,2018,2,19,3,2,5,3,2,0,1,0,0,0,0,0,13.2476842,52.61461872
9,9100306,2018,11,14,4,3,2,6,0,0,1,0,0,1,0,0,13.47669154,52.4441909
1,1100104,2018,9,17,5,3,3,6,0,1,1,0,0,0,0,0,13.36404398,52.50117922
7,7501135,2018,8,14,3,3,0,6,0,0,1,0,1,0,0,0,13.39502541,52.4250614
1,1300836,2018,3,7,6,3,2,6,0,0,1,0,0,0,0,0,13.36978814,52.5421792
7,7400928,2018,6,5,6,3,3,6,0,0,1,0,0,1,0,0,13.41904712,52.4609146
7,7100206,2018,6,16,7,3,2,6,0,0,1,0,0,0,1,0,13.36090176,52.49239598
3,3400723,2018,8,2,1,3,1,5,2,1,1,0,0,0,0,0,13.40584593,52.56628478
2,2500728,2018,5,8,4,3,5,2,0,1,1,0,0,0,0,0,13.4675829,52.51450637
7,7400825,2018,4,12,3,3,3,6,0,0,1,0,0,0,0,0,13.38392162,52.45525235
3,3200206,2018,12,16,3,3,5,7,2,0,1,0,0,0,1,1,13.39831222,52.57959223
6,6300629,2018,9,13,3,2,6,7,0,1,0,1,0,0,0,0,13.29265264,52.44545716
4,4501146,2018,9,9,5,3,2,6,0,0,1,0,0,0,0,0,13.30811881,52.48667947
10,10100312,2018,7,8,3,3,5,3,0,0,1,0,0,0,0,0,13.53695149,52.53283675
7,7501133,2018,7,12,3,2,1,6,0,0,1,0,1,0,0,0,13.38825131,52.43733027
2,2100101,2018,5,13,4,2,3,6,0,1,1,0,0,0,0,0,13.38165388,52.49918143
2,2200208,2018,2,8,3,3,0,2,0,1,1,0,0,0,0,2,13.38949737,52.49655076
11,11300722,2018,11,12,2,2,5,3,0,1,0,0,0,0,0,0,13.4843697,52.51280708
7,7100205,2018,8,20,5,3,2,2,0,0,1,0,1,0,0,0,13.3615177,52.49660231
4,4200311,2018,10,8,7,2,2,6,0,0,0,0,1,0,1,0,13.28151467,52.50480922
8,8200622,2018,8,7,4,3,3,6,0,0,0,0,1,0,1,0,13.44230819,52.46301476
12,12100204,2018,4,11,4,3,6,7,0,0,1,1,0,0,0,0,13.36355469,52.56509005
7,7300619,2018,4,11,5,2,2,6,0,0,1,0,1,0,0,0,13.36267962,52.47388785
11,11300722,2018,5,9,4,3,6,7,0,1,0,1,0,0,0,0,13.47636679,52.5136161
12,12500930,2018,11,16,6,3,5,3,0,0,0,0,1,0,1,0,13.34060252,52.58718455
3,3701660,2018,12,17,4,3,5,3,2,1,1,0,0,0,0,1,13.42572486,52.52971581
2,2400522,2018,9,11,5,3,5,2,0,1,0,0,0,0,0,0,13.44303558,52.51683937
4,4300621,2018,8,15,6,3,5,2,0,1,1,0,0,0,0,0,13.30622298,52.51166007
1,1100205,2018,6,18,6,3,3,6,0,1,1,0,0,0,0,0,13.38563159,52.51009854
3,3400723,2018,7,18,5,3,3,6,0,1,1,0,0,0,0,0,13.40389868,52.56884582
4,4300414,2018,5,10,4,3,6,4,0,0,1,1,0,0,0,0,13.28861638,52.51035297
1,1401044,2018,2,7,3,3,2,2,0,1,1,0,0,0,0,0,13.36735603,52.55168924
3,3601449,2018,11,12,3,3,2,6,0,0,1,0,0,1,0,0,13.43880944,52.54133246
3,3500936,2018,6,16,2,3,3,6,0,0,1,0,1,0,0,0,13.45617331,52.54935745
3,3200206,2018,12,16,7,3,6,3,2,0,1,1,0,0,0,0,13.4028814,52.58077219
4,4400727,2018,10,14,1,3,2,6,0,0,0,0,0,0,1,0,13.29570747,52.49112289
8,8100521,2018,8,20,6,3,0,7,1,0,1,0,0,0,0,0,13.45577542,52.46165979
4,4501153,2018,4,18,5,3,2,6,0,0,1,0,0,0,0,0,13.32884377,52.4779288
4,4100101,2018,3,21,2,3,9,1,2,0,1,0,0,0,0,0,13.29977032,52.5466301
7,7200308,2018,5,16,5,3,2,6,0,0,1,0,1,0,0,0,13.3514964,52.48053198
7,7501133,2018,10,15,6,2,6,7,0,0,1,1,0,0,0,0,13.38954193,52.43472855
3,3200204,2018,2,6,3,3,0,1,0,0,1,0,0,0,0,1,13.38480526,52.62615861
7,7300619,2018,11,15,5,3,9,7,0,0,0,0,0,0,1,0,13.35091169,52.47323897
1,1100310,2018,9,13,2,1,5,2,0,1,0,0,0,1,0,0,13.4203328,52.52528445
1,1100310,2018,8,14,7,3,0,7,0,0,0,0,1,0,0,1,13.41894754,52.52457666
7,7501133,2018,6,17,2,3,2,6,0,0,1,0,1,0,0,0,13.38514649,52.43857937
3,3701657,2018,7,18,2,3,5,2,0,0,1,0,0,0,0,0,13.42419823,52.53929573
1,1401044,2018,6,15,3,3,5,5,0,1,0,0,0,0,1,0,13.36918161,52.54727255
4,4400726,2018,5,9,7,2,8,1,0,0,0,0,1,0,0,0,13.28705304,52.49416874
7,7601236,2018,4,16,5,3,0,6,0,0,1,0,0,0,1,0,13.36184104,52.41327629
7,7300619,2018,12,17,4,3,3,6,1,0,1,0,0,0,0,0,13.35047583,52.47379128
3,3501037,2018,9,13,7,3,8,1,0,0,0,0,1,0,0,0,13.47104969,52.56575789
8,8100521,2018,7,12,7,2,2,6,0,0,1,0,0,0,0,0,13.45545952,52.46176073
7,7601442,2018,4,13,1,2,2,6,0,0,1,0,0,0,1,0,13.40190007,52.41350417
10,10400940,2018,7,12,2,3,2,6,0,0,1,0,0,0,0,0,13.61302461,52.50476792
7,6100209,2018,3,10,5,3,3,3,0,0,1,0,0,0,1,0,13.33535306,52.46532976
10,10400941,2018,5,13,7,2,5,3,0,1,1,0,0,0,0,0,13.61782019,52.5046521
11,11300722,2018,10,12,6,3,2,6,0,0,1,0,0,0,0,0,13.47580872,52.51366573
3,3701657,2018,2,22,2,3,0,7,2,1,0,0,0,0,0,0,13.4314043,52.53660564
7,7400824,2018,11,9,7,3,5,2,0,0,1,0,0,0,0,0,13.38574108,52.4694917
2,2400522,2018,9,15,3,3,3,6,0,1,1,0,0,0,0,0,13.44188733,52.5169553
4,4400726,2018,8,10,1,3,2,6,0,0,1,0,0,0,0,0,13.28616786,52.49455505
2,2400521,2018,3,10,6,3,3,6,0,0,1,0,0,0,0,0,13.42818093,52.51893504
3,3601141,2018,6,12,4,3,0,7,0,1,0,0,0,0,0,0,13.41393337,52.5497652
2,2500728,2018,10,11,4,3,2,2,0,0,1,0,1,0,0,0,13.46746609,52.51436513
3,3400620,2018,6,19,5,3,0,1,0,1,0,0,0,0,0,0,13.39912622,52.57336752
2,2500729,2018,8,14,6,3,6,4,0,0,1,1,0,0,0,0,13.47019148,52.51409592
12,12400723,2018,4,11,2,3,5,3,0,1,1,0,0,0,0,0,13.31210183,52.62502577
1,1100310,2018,4,15,1,3,5,2,0,1,1,0,0,0,0,0,13.41982397,52.5253891
10,10300733,2018,12,18,1,3,2,6,2,0,1,0,0,0,0,1,13.55772659,52.50874673
12,12200414,2018,9,14,2,2,0,6,0,0,1,0,1,0,0,1,13.30324767,52.55110984
1,1100310,2018,9,14,3,3,6,4,0,0,0,1,0,0,1,0,13.41093668,52.52311105
9,9100305,2018,6,18,4,2,4,6,0,1,0,0,0,0,0,0,13.49379851,52.46756683
9,9100101,2018,7,13,2,3,2,6,0,0,1,0,0,1,0,0,13.46322273,52.49168049