BEZ,LOR_ab_2021,UJAHR,UMONAT,USTUNDE,UWOCHENTAG,UKATEGORIE,UART,UTYP1,ULICHTVERH,IstRad,IstPKW,IstFuss,IstKrad,IstGkfz,IstSonstige,USTRZUSTAND,XGCSWGS84,YGCSWGS84
4,4200206,2018,12,10,1,3,2,6,0,0,1,0,0,0,0,1,13.25136517,52.50809342
3,3701657,2018,10,21,3,3,0,1,2,0,0,0,1,0,0,1,13.42413306,52.53930758
9,9100101,2018,1,15,4,3,2,6,0,0,1,0,1,0,0,1,13.45828371,52.49228859
4,4300621,2018,7,19,2,3,3,6,0,1,0,0,0,0,0,0,13.30358114,52.51148469
12,4100101,2018,4,17,3,3,2,6,0,0,1,0,0,0,0,0,13.30115796,52.54858952
1,1100310,2018,7,15,5,3,5,2,0,1,0,0,0,0,1,0,13.40476594,52.5198827
7,7400824,2018,3,13,4,2,3,6,0,0,1,0,0,1,0,0,13.3788255,52.4700542
4,4300621,2018,5,13,3,2,6,4,0,0,1,1,0,0,0,0,13.3116252,52.5120115
7,7501133,2018,10,10,2,3,5,3,0,0,1,0,0,0,0,0,13.37719466,52.4325188
12,12200515,2018,1,17,2,2,2,6,1,0,1,0,0,0,1,0,13.29164181,52.58626295
1,1100102,2018,11,16,6,3,5,2,1,1,1,0,0,0,0,1,13.36994199,52.51583651
11,11401034,2018,9,14,6,3,3,6,0,0,1,0,0,1,0,0,13.52597449,52.51000377
7,7200308,2018,8,16,4,3,0,1,0,0,1,0,0,0,0,0,13.33762769,52.47860376
4,4501151,2018,6,15,6,3,2,6,0,0,1,0,0,0,0,0,13.32729988,52.47781584
10,10400940,2018,6,13,1,2,3,6,0,0,1,0,1,0,0,0,13.61325719,52.50489585
3,3601451,2018,8,7,3,2,5,2,0,1,0,0,0,0,1,0,13.43887022,52.53354927
3,3601449,2018,5,9,5,3,6,7,0,1,0,1,0,0,0,0,13.44183216,52.54353672
7,7601236,2018,4,10,3,3,5,2,0,1,0,0,0,1,0,0,13.36193264,52.41363608
7,7200411,2018,12,13,4,3,6,7,0,0,1,1,0,0,0,0,13.3575895,52.48733742
12,12100204,2018,9,14,5,2,5,7,0,0,1,0,1,0,0,0,13.36439828,52.56382262
11,11300722,2018,9,8,6,3,0,1,0,1,0,0,0,0,0,0,13.48031552,52.51321831
2,2400522,2018,7,15,4,3,1,5,0,0,0,0,1,0,1,0,13.44852946,52.51628458
2,2100101,2018,7,14,4,2,5,2,0,1,1,0,0,0,0,0,13.38864435,52.49816307
4,4200308,2018,5,16,5,2,3,6,0,0,1,0,0,1,0,0,13.28260362,52.52842528
1,1100102,2018,1,23,2,2,5,3,2,1,1,0,0,0,0,1,13.37157335,52.50979115
11,11401034,2018,11,6,3,3,2,6,1,0,1,0,0,0,0,1,13.52709558,52.51029431
5,5200528,2018,8,16,6,3,5,3,0,0,1,0,1,0,0,0,13.17810442,52.51606568
4,4200310,2018,10,12,1,3,2,6,0,0,1,0,0,0,0,0,13.26158348,52.50870613
1,1401044,2018,8,23,4,2,5,3,2,1,1,0,0,0,0,0,13.36737986,52.55164871
12,12200414,2018,4,16,5,3,2,6,0,0,1,0,0,0,0,1,13.31015696,52.55886
7,7200410,2018,4,14,5,3,0,6,0,0,1,0,1,0,0,0,13.34970643,52.48288558
11,11401032,2018,5,12,4,3,0,6,0,1,1,0,0,0,0,0,13.50591967,52.5106802
4,4400726,2018,12,23,5,3,8,1,2,0,1,0,0,0,0,1,13.28959025,52.49413535
11,11300722,2018,9,7,6,2,6,4,2,0,0,1,0,0,1,0,13.47719226,52.51353946
7,7200410,2018,9,7,2,2,1,5,0,1,1,0,0,0,0,0,13.35258212,52.4844602
12,12100204,2018,6,15,7,3,2,2,0,1,0,0,0,0,1,0,13.36441578,52.56373045
7,7501133,2018,7,9,5,3,1,5,0,0,0,0,1,0,1,0,13.38630156,52.44000864
12,12100103,2018,5,14,5,2,5,7,0,1,0,0,0,0,1,0,13.35920987,52.57334376
1,1100310,2018,1,17,2,3,2,6,0,1,0,0,0,0,1,1,13.41877158,52.52391763
7,7601442,2018,11,16,4,3,6,7,0,0,1,1,0,0,0,0,13.399459,52.41724704
7,7200410,2018,10,19,2,3,1,5,1,1,1,0,0,0,1,0,13.35527895,52.48554436
11,11401034,2018,8,0,1,2,6,4,2,0,1,1,0,0,0,0,13.52534257,52.50991034
3,3701660,2018,4,15,6,3,6,7,0,0,1,1,0,0,0,0,13.42794425,52.53199791
4,4200308,2018,3,7,5,2,0,1,0,0,0,0,1,0,0,1,13.28275067,52.52866978
12,12100205,2018,5,16,6,3,2,6,0,0,1,0,0,0,0,0,13.34763796,52.5743189
7,7300619,2018,10,14,2,3,5,3,0,0,1,0,0,0,1,0,13.35944364,52.47439876
1,1100310,2018,1,13,2,1,3,6,0,0,1,0,0,0,1,0,13.41130911,52.51884675
4,4400726,2018,11,19,5,3,2,6,2,0,1,0,0,0,0,0,13.28389243,52.49636555
7,7501135,2018,9,21,2,2,1,1,2,0,1,0,0,0,0,0,13.39769272,52.42035364
2,2400521,2018,8,14,2,3,5,3,0,1,1,0,0,0,0,0,13.42722969,52.51865903
3,3500936,2018,6,17,3,2,0,1,0,0,0,0,1,0,0,0,13.46429109,52.55134572
9,9100202,2018,7,8,3,3,5,7,0,1,1,0,0,0,0,0,13.46475615,52.48689889
2,2200209,2018,6,15,4,3,3,6,0,0,0,0,1,0,1,0,13.38731204,52.49248435
12,12200310,2018,5,17,1,3,2,6,0,0,1,0,0,0,0,0,13.30547658,52.57094752
1,1300836,2018,4,21,6,3,2,6,2,0,1,0,0,0,0,1,13.36837792,52.54108078
6,6300527,2018,12,7,6,3,6,2,1,0,1,1,0,0,0,1,13.28297942,52.44184499
3,3701660,2018,10,19,2,3,1,5,2,1,0,0,0,0,1,0,13.43135289,52.5349129
2,2500729,2018,7,20,7,3,0,6,1,0,1,0,1,0,0,1,13.46783605,52.51448133
4,4200311,2018,4,12,2,3,2,6,0,0,1,0,0,0,1,1,13.28169163,52.51008489
4,4300620,2018,7,9,4,3,1,1,0,0,1,0,1,0,0,0,13.33340069,52.51328014
3,3400620,2018,3,14,1,3,5,3,0,0,1,0,0,0,0,0,13.39898861,52.57343167
7,7501135,2018,5,17,1,3,5,3,0,1,1,0,0,0,0,0,13.39755705,52.42122123
6,6300526,2018,10,18,7,3,2,6,2,0,1,0,0,0,0,1,13.25991729,52.43509768
6,6300527,2018,1,18,1,3,5,2,2,0,1,0,0,0,0,1,13.28261074,52.44173517
3,3200205,2018,11,7,2,3,6,2,0,0,1,1,0,0,0,1,13.40170988,52.59002327
2,2500729,2018,9,9,4,3,3,6,0,1,0,0,0,0,0,0,13.47068407,52.51419478
2,2500729,2018,8,15,2,3,0,4,0,0,0,1,1,0,0,0,13.4739517,52.51371323
6,6400737,2018,6,18,5,3,2,6,0,0,1,0,1,0,0,0,13.20899048,52.44724528
2,2500728,2018,3,18,3,3,5,2,2,1,1,0,0,0,0,1,13.46752551,52.51451205
10,10300733,2018,6,15,6,3,6,3,0,0,1,1,0,0,0,0,13.55384061,52.50898575
3,3100101,2018,8,3,1,1,8,1,2,0,1,0,0,0,1,0,13.44474915,52.6342971
7,7601442,2018,5,7,4,3,1,1,0,0,1,0,1,0,1,0,13.40642606,52.40212166
1,1100102,2018,4,12,2,3,2,6,0,0,1,0,1,0,0,0,13.37639046,52.51612714
5,5200634,2018,12,17,3,3,2,6,2,0,1,0,0,0,0,1,13.20825947,52.51076358
12,12100103,2018,9,10,3,3,2,6,0,0,1,0,0,0,0,0,13.3603201,52.57130089
7,7400824,2018,9,17,4,3,2,6,0,0,1,0,0,0,0,0,13.38253579,52.46980644
4,4400727,2018,6,7,5,3,2,6,0,0,1,0,1,0,0,0,13.29228031,52.49312836
2,2500727,2018,7,21,2,3,5,2,1,1,1,0,0,0,0,0,13.45422637,52.51580207
10,10400940,2018,7,17,3,3,5,2,0,1,1,0,0,0,0,0,13.61058024,52.50478903
3,3200205,2018,5,6,3,3,5,3,0,0,1,0,1,0,0,0,13.40278268,52.59314096
7,7300619,2018,12,17,7,3,3,6,2,0,1,0,0,0,0,1,13.36270013,52.4740238
4,4400726,2018,10,18,3,3,2,6,1,0,1,0,0,0,0,1,13.28300563,52.49734835
7,7300619,2018,1,0,7,2,6,4,2,0,1,1,0,0,0,0,13.35336941,52.47938616
7,7400928,2018,7,2,2,1,8,1,2,0,0,0,1,0,0,0,13.41255066,52.46035774
4,4300414,2018,4,7,2,2,0,1,0,1,0,0,0,0,0,0,13.29431627,52.51069795
6,6300524,2018,7,10,5,3,9,1,0,0,1,0,0,0,0,0,13.23629791,52.43231104
4,4200311,2018,3,9,3,3,2,6,0,0,1,0,0,0,0,1,13.28107048,52.5098787
4,4200206,2018,5,20,2,3,2,6,0,0,0,0,0,0,1,0,13.2543834,52.50827933
7,7400822,2018,10,14,2,3,3,6,0,0,1,0,0,1,0,1,13.36506101,52.47315368
1,1100310,2018,1,6,6,3,2,6,2,0,1,0,0,0,0,1,13.40895967,52.51701489
7,7400823,2018,11,16,4,3,2,6,2,0,1,0,0,0,0,0,13.37150669,52.47084247
4,4501153,2018,9,18,5,3,2,6,1,0,1,0,0,0,1,1,13.33517304,52.47825236
3,3701660,2018,8,15,3,3,2,2,0,1,0,0,0,0,1,0,13.42931064,52.53316526
3,3601141,2018,6,8,6,3,6,4,0,1,0,1,0,0,0,0,13.41360444,52.54990886
12,12100204,2018,6,18,7,3,5,3,0,0,1,0,1,0,0,0,13.36425555,52.56340706
9,9200613,2018,8,10,2,2,6,3,0,0,1,1,0,0,0,0,13.50529859,52.45955524
3,3601142,2018,5,9,4,3,0,4,0,0,0,1,1,0,0,0,13.41197803,52.54119839
1,1100104,2018,4,15,3,3,2,6,0,0,1,0,0,0,0,0,13.3676355,52.50490281
7,7200410,2018,12,20,3,3,3,6,2,1,1,0,0,0,0,1,13.35513158,52.48565779
12,12100204,2018,9,14,4,3,0,5,0,1,0,0,0,0,1,0,13.363156,52.56583551
9,9200613,2018,9,14,5,2,3,6,0,0,1,0,0,0,0,0,13.51419591,52.45341999
4,4200310,2018,7,16,3,3,0,4,0,1,0,1,0,0,0,0,13.27315516,52.50979993
3,3601142,2018,7,17,3,3,0,4,0,1,0,1,0,0,0,0,13.41339128,52.54703801
7,7501029,2018,5,8,4,3,2,2,0,0,1,0,0,0,0,0,13.38042362,52.43787954
3,3601142,2018,1,5,6,2,6,4,2,0,1,1,0,0,0,1,13.41197238,52.54112065
7,7501133,2018,11,6,3,3,3,6,2,1,1,0,0,0,0,1,13.3873192,52.4401743
4,4200311,2018,8,9,5,3,0,2,0,1,1,0,0,0,0,0,13.28169716,52.50991941
12,12100101,2018,10,12,7,3,5,3,0,0,1,0,0,0,0,0,13.3646404,52.56132424
3,3601142,2018,8,1,4,3,0,4,2,0,0,1,1,0,0,0,13.41232636,52.54114554
12,12200412,2018,4,15,4,3,2,6,0,0,1,0,0,0,0,1,13.29617541,52.57957554
7,7300619,2018,4,12,5,3,2,6,0,0,1,0,0,0,0,0,13.35728186,52.47394639
3,3701657,2018,5,21,4,3,5,2,1,1,1,0,0,0,0,0,13.42432126,52.53902536
1,1300836,2018,12,17,4,3,3,6,2,0,1,0,0,0,0,0,13.36992451,52.54233899
12,12601032,2018,9,12,5,3,0,2,0,1,0,0,0,0,1,0,13.32391893,52.60776497
10,10100313,2018,8,16,6,3,3,6,0,0,1,0,1,0,0,0,13.53819334,52.53829401
7,7300619,2018,6,16,6,3,0,7,0,0,0,0,1,0,1,1,13.35505128,52.47819275
6,6400735,2018,7,18,5,3,6,4,0,1,0,1,0,0,0,0,13.15739037,52.4192549
1,1100206,2018,5,14,4,3,6,7,0,1,0,1,0,0,0,0,13.39156668,52.51704167
2,2500729,2018,1,11,6,3,6,7,0,1,0,1,0,0,0,1,13.47424972,52.51382151
6,6400735,2018,11,16,3,3,0,5,0,1,1,0,0,0,1,0,13.17069864,52.42087137
6,6400735,2018,6,7,3,2,6,4,0,0,1,1,0,0,0,0,13.15992485,52.41963837
1,1100102,2018,12,17,7,3,2,6,2,0,1,0,0,0,0,1,13.37461498,52.50945103
4,4200311,2018,10,14,1,3,2,6,0,0,1,0,0,0,0,0,13.28121637,52.50136043
12,12200414,2018,8,14,6,2,8,1,0,0,1,0,0,0,0,0,13.30317967,52.55103287
4,4300415,2018,4,13,5,2,2,6,0,0,1,0,0,0,0,0,13.28393926,52.50765391
1,1400940,2018,3,11,3,3,2,6,0,0,1,0,1,0,0,0,13.36530048,52.55786795
12,12400721,2018,5,8,6,2,5,3,0,1,1,0,0,0,0,0,13.30173172,52.64300457
7,7300619,2018,10,15,6,3,2,6,0,0,1,0,0,0,1,0,13.34874762,52.47531672
3,3601452,2018,1,17,5,3,2,6,2,0,1,0,0,0,0,0,13.44656996,52.52764465
1,1100102,2018,11,14,5,3,6,7,0,1,0,1,0,0,0,0,13.36954828,52.50788015
8,8200622,2018,9,7,2,3,2,6,0,0,1,0,1,0,0,0,13.44555964,52.46304657
3,3500936,2018,8,21,7,3,3,6,2,0,1,0,0,1,0,0,13.46255766,52.55081154
3,3400723,2018,6,7,3,3,2,6,0,0,1,0,0,1,0,0,13.40329793,52.56935321
11,11401032,2018,7,19,2,3,1,5,0,1,1,0,0,0,0,0,13.50706536,52.51060792
4,4300414,2018,6,17,3,3,2,6,0,0,1,0,0,0,0,0,13.29733002,52.51107526
7,7601547,2018,5,12,7,3,1,5,0,0,1,0,1,0,0,0,13.4159457,52.37898293
3,3400725,2018,4,16,5,2,3,6,0,0,1,0,0,0,0,0,13.43496133,52.58642939
11,11401034,2018,12,16,4,3,2,6,1,0,1,0,0,0,0,1,13.53147145,52.51026195
7,7400721,2018,9,13,1,3,6,2,0,0,1,1,0,0,0,0,13.38576278,52.48013092
1,1400940,2018,7,16,7,2,5,3,0,0,1,0,1,0,0,0,13.36525887,52.55807865
4,4300414,2018,4,16,1,3,1,5,0,1,0,0,0,0,1,0,13.29255849,52.51059645
6,6400735,2018,7,20,2,3,0,3,1,0,1,0,1,0,0,0,13.15248312,52.41872647
4,4400830,2018,3,15,6,3,2,6,0,0,1,0,0,0,0,1,13.3024535,52.4861116
1,1100102,2018,5,13,7,3,0,6,0,1,0,0,0,0,0,0,13.376289,52.51612103
3,3500936,2018,10,14,6,3,0,1,0,0,0,0,1,0,0,0,13.45184607,52.54858215
4,4200207,2018,1,17,5,3,8,1,2,0,1,0,0,0,0,0,13.24715503,52.4782129
7,7400721,2018,11,11,7,3,2,6,0,0,1,0,0,0,0,0,13.3858759,52.47517991
7,7601442,2018,9,6,3,2,1,5,1,0,1,0,0,0,0,0,13.40631167,52.39731447
7,7400720,2018,8,14,1,3,2,6,0,0,1,0,0,0,0,0,13.38605677,52.4836682
5,5200528,2018,6,13,4,3,2,6,0,0,1,0,1,0,0,0,13.17952727,52.51655944
3,3400830,2018,10,11,4,3,2,7,0,0,0,0,1,0,1,0,13.42790522,52.56902463
3,3701657,2018,6,6,6,3,0,7,0,1,0,0,0,0,0,0,13.4254375,52.54148616
1,1300836,2018,8,15,6,3,5,2,0,1,1,0,0,0,0,0,13.36847991,52.54102285
7,7501133,2018,5,20,3,3,5,3,0,0,1,0,0,0,0,0,13.3873192,52.4401743
7,7501029,2018,4,16,1,3,2,6,0,0,1,0,0,0,0,0,13.38067496,52.43814504
3,3100103,2018,12,6,2,3,2,6,1,0,1,0,0,0,0,0,13.48683137,52.62466073
3,3400721,2018,9,14,3,3,2,6,0,0,1,0,0,0,0,0,13.39972663,52.57013001
6,6400735,2018,9,13,3,3,0,2,0,1,1,0,0,0,0,0,13.17540663,52.41996669
7,7200308,2018,6,16,4,3,6,4,0,0,1,1,0,0,0,0,13.35016531,52.4811088
4,4400727,2018,7,9,2,3,2,6,0,0,1,0,0,0,0,0,13.2939615,52.49198845
2,2500728,2018,5,21,2,3,1,1,1,0,1,0,0,0,0,0,13.46503318,52.51476223
12,12100205,2018,1,9,5,3,3,6,0,0,1,0,0,0,0,1,13.34831441,52.57432788
12,12400618,2018,11,16,1,3,0,1,1,0,0,0,1,0,0,1,13.24802472,52.61554762
3,3601245,2018,8,13,5,3,6,4,0,0,1,1,0,0,0,0,13.42856533,52.54729983
1,1100310,2018,3,11,7,3,5,2,0,0,1,0,0,0,0,0,13.41185261,52.51917574
3,3701657,2018,10,8,5,2,2,6,0,0,1,0,0,0,0,0,13.43252275,52.53623777
10,10300734,2018,8,6,3,2,5,3,0,1,1,0,0,0,0,0,13.57803468,52.50516527
10,10300733,2018,4,7,2,3,5,2,0,0,1,0,0,1,0,0,13.55347747,52.50934377
3,3400826,2018,4,16,3,3,1,5,0,1,0,0,0,0,1,0,13.40776345,52.56404572
7,7400822,2018,5,15,3,3,2,6,0,0,1,0,0,0,1,0,13.36778895,52.47190581
3,3100101,2018,10,17,4,3,2,6,2,0,1,0,0,0,0,0,13.4448601,52.61467425
3,3300517,2018,12,18,2,3,6,2,2,0,0,1,0,1,0,0,13.47309728,52.56663225
7,7200410,2018,9,20,4,3,3,6,2,1,1,0,0,0,0,0,13.35457165,52.48539101
1,1100207,2018,8,11,5,3,6,7,0,0,1,1,0,0,0,0,13.40513712,52.51351187
1,1100310,2018,6,17,5,3,5,2,0,1,0,0,1,0,0,0,13.40481589,52.52014013
6,6400736,2018,7,8,4,3,2,6,0,0,1,0,0,0,0,0,13.19716218,52.4197505
3,3500934,2018,1,16,5,3,2,6,2,0,1,0,0,0,0,1,13.42989152,52.55335338
4,4300414,2018,11,7,2,3,5,2,0,1,1,0,0,0,0,0,13.28918797,52.51055485
7,7400824,2018,6,11,6,3,2,6,0,0,0,0,1,1,0,1,13.38573727,52.46932058
3,3701657,2018,5,18,3,3,5,2,0,1,1,0,0,0,0,0,13.42442345,52.53924668
12,12200310,2018,12,12,5,3,2,6,0,0,1,0,0,0,1,0,13.30650734,52.56733916
7,7501133,2018,10,10,6,3,1,5,0,0,1,0,1,0,0,0,13.38996615,52.43397265
3,3300517,2018,1,18,5,2,5,2,2,1,1,0,0,0,0,1,13.47714965,52.56696655
6,6300525,2018,1,11,4,2,5,2,0,1,1,0,0,0,0,0,13.26744455,52.40859406
7,7200308,2018,1,18,5,3,2,2,2,1,1,0,0,0,0,1,13.34234545,52.48241162
9,9200717,2018,1,18,2,3,5,3,2,0,1,0,0,0,1,0,13.55436461,52.44773151
12,12100205,2018,1,18,5,3,5,2,2,1,1,0,0,0,0,1,13.34771367,52.57583623
9,9501941,2018,1,17,1,3,5,3,2,0,1,0,0,0,0,0,13.57864766,52.45243871
3,3100103,2018,1,17,5,2,6,2,2,0,1,1,0,0,0,1,13.49806098,52.62828979
5,5100211,2018,1,7,6,2,6,2,1,0,1,1,0,0,0,0,13.17804137,52.54886821
1,1200522,2018,1,17,5,3,5,3,2,0,1,0,0,0,0,1,13.33293051,52.52046617
4,4100101,2018,1,23,3,2,6,4,2,0,1,1,0,0,0,0,13.27004638,52.54860453
11,11300619,2018,1,17,5,2,6,4,2,0,1,1,0,0,0,1,13.47971296,52.52371401
2,2500835,2018,1,16,5,3,5,2,2,0,1,0,0,0,0,1,13.46467266,52.49738732
12,12200308,2018,1,5,2,3,1,5,2,0,1,0,0,0,1,0,13.32211377,52.57587826
8,8100206,2018,1,15,5,3,2,6,1,0,1,0,0,0,0,1,13.42606,52.48094211
12,12200412,2018,1,16,5,3,2,6,0,0,1,0,0,0,1,1,13.25948654,52.57047621
8,8100104,2018,1,3,7,3,6,2,2,0,0,1,0,0,1,1,13.42781946,52.46810739
6,6200312,2018,1,15,5,3,5,2,0,0,1,0,0,0,0,1,13.3432204,52.43970547
2,2200212,2018,1,20,4,3,2,6,2,1,1,0,0,0,0,1,13.41778521,52.48765596
8,8100521,2018,1,15,5,3,3,6,1,0,1,0,0,1,0,1,13.4569262,52.46510717
3,3300517,2018,1,16,7,2,5,2,2,0,1,0,0,0,0,0,13.47711646,52.56697082
8,8200727,2018,1,14,5,3,6,4,0,0,1,1,0,0,0,1,13.43373804,52.44342891
1,1100103,2018,1,21,5,3,2,2,2,0,1,0,0,0,1,1,13.3497847,52.50325661
9,9502043,2018,1,14,5,2,5,3,0,1,1,0,0,0,0,1,13.57828706,52.45920603
1,1401045,2018,1,16,3,3,2,6,2,0,1,0,0,0,0,0,13.38083988,52.55245407
4,4200310,2018,1,14,5,2,0,7,0,0,1,0,0,0,0,0,13.27323829,52.51169494
2,2500727,2018,1,8,2,3,1,5,0,0,1,0,0,0,1,0,13.45641063,52.51793259
6,6300526,2018,1,14,5,3,0,7,0,0,1,0,1,0,0,1,13.26010018,52.43431789
5,5200526,2018,1,13,5,2,6,4,0,0,1,1,0,0,0,0,13.16180914,52.52163825
7,7400927,2018,1,20,7,3,1,5,2,0,1,0,0,0,0,1,13.38693498,52.45692632
11,11401032,2018,1,13,5,3,5,3,0,0,1,0,0,0,0,1,13.51197727,52.51013059
1,1100308,2018,1,17,4,3,0,1,2,0,0,0,1,0,0,1,13.38753896,52.52462836
11,11200513,2018,1,19,5,2,5,3,2,1,1,0,0,0,0,1,13.49265547,52.54256152
8,8100521,2018,1,13,5,3,5,3,0,0,1,0,0,0,0,1,13.45398842,52.4691988
1,1100309,2018,1,12,2,3,2,6,0,0,1,0,0,1,0,0,13.39275957,52.5283179
12,12200309,2018,1,11,5,3,0,5,0,0,1,0,1,0,0,1,13.32886116,52.56365463
2,2400623,2018,1,7,3,3,5,3,1,1,1,0,0,0,0,0,13.44039405,52.51585826
12,12500927,2018,1,10,5,3,6,4,0,0,1,1,0,0,0,1,13.32348428,52.59792886
2,2400623,2018,1,13,2,3,5,3,0,1,1,0,0,0,0,0,13.42709461,52.51189567
9,9100101,2018,1,5,5,3,5,2,2,1,1,0,0,0,0,1,13.45393864,52.4889257
11,11100204,2018,1,5,5,3,5,3,2,1,1,0,0,0,0,1,13.52178141,52.56700714
4,4300623,2018,1,2,6,3,8,1,2,0,1,0,0,0,0,1,13.30702848,52.50552979
4,4300416,2018,1,10,5,3,5,3,0,0,1,0,0,0,0,1,13.29297357,52.50620278
4,4400729,2018,1,12,4,3,5,3,0,0,1,0,0,0,0,0,13.26216974,52.4811748
1,1100101,2018,1,6,5,3,6,2,2,0,1,1,0,0,0,1,13.35117848,52.50948568
9,9200715,2018,1,6,2,3,5,3,2,1,1,0,0,0,0,0,13.52255168,52.43503001
1,1100311,2018,1,6,5,3,5,3,2,1,1,0,0,0,0,1,13.42325242,52.52010391
6,6400840,2018,1,13,1,3,5,2,0,1,1,0,0,0,0,0,13.253225,52.44592815
2,2100104,2018,1,8,5,3,5,3,0,1,1,0,0,0,0,1,13.41096761,52.50390356
3,3601245,2018,1,7,5,3,6,2,2,0,1,1,0,0,0,1,13.42880421,52.54775271
1,1300733,2018,1,10,2,3,2,2,0,1,1,0,0,0,0,0,13.38427391,52.555727
12,12200414,2018,1,7,5,3,6,2,2,0,1,1,0,0,0,1,13.30662395,52.55520325
1,1200628,2018,1,15,6,3,5,2,1,0,1,0,0,0,0,0,13.36794399,52.52589193
12,12500929,2018,1,7,5,3,6,7,1,0,0,1,0,0,1,1,13.34216622,52.61586914
6,6400838,2018,1,10,4,3,3,6,0,0,1,0,0,1,0,0,13.23294554,52.43823195
10,10400938,2018,1,18,2,3,5,3,2,0,1,0,0,0,0,0,13.64291184,52.52940369
8,8100206,2018,1,19,7,3,6,7,2,0,1,1,0,0,0,0,13.42832442,52.47951064
2,2500831,2018,1,1,6,2,0,1,2,1,0,0,0,0,0,1,13.46644852,52.50875563
2,2500834,2018,1,18,3,3,2,2,2,1,1,0,0,0,0,0,13.45614961,52.50981439
9,9100305,2018,1,7,5,2,6,2,1,0,1,1,0,0,0,1,13.49120151,52.46901191
7,7601442,2018,1,10,6,3,6,6,0,0,1,1,0,0,0,0,13.39039656,52.4088369
7,7601236,2018,1,18,4,3,6,7,2,0,1,1,0,0,0,1,13.3680827,52.42107828
3,3500933,2018,1,15,3,3,0,3,0,0,0,0,0,0,1,0,13.44849912,52.55301206
12,12601235,2018,1,7,4,3,6,2,0,0,0,1,0,0,1,1,13.36064634,52.59692111
7,7400928,2018,1,13,4,3,5,2,0,1,0,0,0,1,0,1,13.4180303,52.46047556
2,2100102,2018,1,8,2,2,6,2,0,0,1,1,0,0,0,0,13.39820856,52.50698918
1,1100312,2018,1,20,4,2,6,4,2,0,1,1,0,0,0,1,13.41663632,52.51133418
3,3500936,2018,1,7,4,3,6,4,2,0,0,1,0,0,1,1,13.46009073,52.54699684
1,1200623,2018,1,14,7,3,5,7,0,0,1,0,0,0,0,0,13.35173601,52.53308923
4,4300412,2018,1,13,4,3,5,2,0,1,1,0,0,0,0,1,13.28668027,52.51871832
1,1401047,2018,1,21,5,3,6,2,2,0,1,1,0,0,0,1,13.3593775,52.54645147
11,11200513,2018,1,16,4,3,5,3,2,0,1,0,0,0,0,1,13.49359712,52.54129229
1,1100207,2018,1,12,3,3,2,7,0,1,1,0,0,0,0,0,13.38992993,52.51016151
7,7300618,2018,1,16,4,3,5,2,2,1,1,0,0,0,0,1,13.33735019,52.47147657
10,10200629,2018,1,13,2,3,0,6,0,0,0,0,0,0,1,0,13.57862726,52.5132578
1,1300834,2018,1,15,4,3,5,3,0,1,1,0,0,0,0,0,13.3893199,52.54703238
5,5100105,2018,1,15,4,3,2,6,0,0,1,0,0,0,0,1,13.19736534,52.56055229
7,7100102,2018,1,22,7,3,5,3,2,0,1,0,0,0,0,0,13.34614174,52.4987645
3,3601452,2018,1,17,4,3,5,3,1,0,1,0,0,0,0,1,13.44736768,52.53061612
6,6100209,2018,1,6,2,3,0,7,2,0,1,0,0,0,0,0,13.33890447,52.46548732
4,4300412,2018,1,17,4,2,0,4,1,0,1,1,0,0,1,1,13.28739259,52.51885027
5,5300840,2018,1,18,4,3,5,3,2,0,1,0,0,0,0,1,13.26074993,52.53716364
8,8100417,2018,1,1,7,3,6,2,2,0,1,1,0,0,0,0,13.45588767,52.47389709
4,4200311,2018,1,19,4,3,6,2,2,0,1,1,0,0,0,1,13.281207,52.51282485
6,6200421,2018,1,18,4,3,2,6,2,0,1,0,0,0,0,1,13.3145703,52.42412271
6,6300633,2018,1,19,4,3,6,2,2,0,1,1,0,0,0,1,13.31548811,52.44967114
4,4500938,2018,1,11,3,3,2,7,0,0,1,0,0,0,0,0,13.30113366,52.49492742
1,1300733,2018,1,20,4,3,6,2,2,0,1,1,0,0,0,1,13.38643036,52.54938845
2,2100104,2018,1,11,2,2,6,4,0,1,0,1,0,0,0,0,13.40965482,52.50408212
1,1100101,2018,1,13,4,3,6,4,0,0,1,1,0,0,0,1,13.34306172,52.50484684
10,10200420,2018,1,16,6,3,5,3,2,1,1,0,0,0,0,0,13.60130948,52.53585386
4,4200311,2018,1,11,4,3,1,5,0,1,1,0,0,0,0,1,13.28044751,52.50872154
1,1100311,2018,1,11,4,3,3,1,0,0,1,0,0,0,0,1,13.42136727,52.51455181
3,3100103,2018,1,11,4,3,5,3,0,0,1,0,0,0,1,1,13.49367412,52.63607781
7,7200307,2018,1,13,4,2,1,5,0,0,1,0,0,0,0,1,13.34502013,52.4924144
2,2400623,2018,1,20,5,3,0,7,2,1,0,0,0,0,1,1,13.43344057,52.50890904
5,5200524,2018,1,10,4,3,5,3,0,0,1,0,0,0,0,1,13.12927029,52.52717165
3,3400725,2018,1,7,2,3,5,3,0,1,0,0,0,0,0,0,13.40733151,52.58180095
4,4501042,2018,1,11,4,2,6,4,0,0,1,1,0,0,0,1,13.33844891,52.50335823