BEZ,LOR_ab_2021,UJAHR,UMONAT,USTUNDE,UWOCHENTAG,UKATEGORIE,UART,UTYP1,ULICHTVERH,IstRad,IstPKW,IstFuss,IstKrad,IstGkfz,IstSonstige,USTRZUSTAND,XGCSWGS84,YGCSWGS84
1,1300836,2018,1,5,6,3,5,2,2,1,1,0,0,0,0,0,13.36154627,52.53799657
12,12200310,2018,1,18,3,3,3,6,2,1,1,0,0,0,0,1,13.31240741,52.56924598
5,5400943,2018,1,17,5,3,6,2,2,0,1,1,0,0,0,1,13.14421595,52.45431159
7,7400824,2018,1,16,6,3,2,6,1,0,1,0,0,0,0,0,13.38567792,52.46709969
5,5100317,2018,1,9,5,3,2,6,0,0,1,0,0,0,0,1,13.23289893,52.52765705
5,5100314,2018,1,16,6,3,2,6,1,0,1,0,0,0,0,0,13.20375326,52.54526934
2,2300419,2018,1,9,5,3,4,1,0,0,1,0,0,0,0,0,13.44640264,52.49869978
4,4400830,2018,1,15,6,3,5,3,0,0,1,0,1,0,0,0,13.30701122,52.47955492
12,12400619,2018,1,9,5,3,2,2,0,0,1,0,0,0,0,1,13.24321805,52.60157236
10,10400940,2018,1,14,6,3,5,7,0,1,1,0,0,0,0,1,13.60106951,52.48043989
9,9200715,2018,1,7,5,3,5,3,1,1,1,0,0,0,0,0,13.54353293,52.43379923
2,2400521,2018,1,7,5,3,5,2,1,1,1,0,0,0,0,1,13.42969575,52.52115755
7,7601340,2018,1,15,6,3,5,2,1,0,1,0,0,0,0,0,13.36136047,52.41245725
9,9100409,2018,1,6,5,3,6,4,2,0,1,1,0,0,0,0,13.50057871,52.43506376
6,6300632,2018,1,17,6,2,1,5,2,0,1,0,1,0,0,0,13.30801542,52.42991673
4,4300622,2018,1,5,5,3,5,3,2,1,1,0,0,0,0,1,13.32982726,52.51001355
12,12400722,2018,1,19,6,2,6,4,2,0,0,1,1,0,0,0,13.30172496,52.61707771
6,6300526,2018,1,17,5,2,6,4,2,0,1,1,0,0,0,1,13.26008622,52.43428599
6,6300526,2018,1,16,6,2,5,2,1,1,1,0,0,0,0,0,13.25820034,52.43537592
9,9100101,2018,1,17,5,3,5,2,2,1,1,0,0,0,0,1,13.45051395,52.48924852
11,11400927,2018,1,22,6,3,0,1,2,1,0,0,0,0,0,0,13.47145313,52.50517814
4,4200311,2018,1,18,5,3,6,2,2,0,1,1,0,0,0,1,13.28120587,52.51282479
2,2300315,2018,1,13,6,3,6,7,0,1,1,1,1,0,0,0,13.42807713,52.4993537
7,7601238,2018,1,18,5,2,6,4,2,0,1,1,0,0,0,1,13.39228151,52.41371113
6,6300634,2018,1,8,5,3,2,6,0,0,1,0,0,0,0,0,13.29735154,52.44236776
8,8100415,2018,1,18,5,3,6,2,2,0,1,1,0,0,0,1,13.44800304,52.47788403
1,1200520,2018,1,7,5,2,6,2,2,0,1,1,0,0,0,1,13.33557606,52.5266892
10,10200421,2018,1,18,5,2,6,4,2,0,1,1,0,0,0,1,13.60515539,52.5365726
6,6400839,2018,1,14,5,3,1,5,0,0,1,0,0,0,0,1,13.24724191,52.44620589
3,3100103,2018,1,18,5,2,6,2,2,0,1,1,0,0,0,1,13.49802868,52.62830372
6,6300528,2018,1,17,5,3,5,3,2,1,1,0,0,0,0,1,13.26479637,52.41931111
6,6100102,2018,1,19,5,3,6,4,2,0,1,1,0,0,0,1,13.32001085,52.4604078
7,7100102,2018,1,17,5,3,5,2,1,1,0,0,0,0,1,2,13.34619172,52.49764983
11,11400931,2018,1,19,5,2,6,2,2,0,1,1,0,0,0,1,13.51969479,52.50570247
2,2500832,2018,1,17,5,3,6,2,1,0,1,1,0,0,0,1,13.47530942,52.51188447
4,4100101,2018,1,19,5,3,3,6,2,0,1,0,0,0,0,1,13.29642028,52.54848458
9,9100101,2018,1,19,5,3,6,2,2,0,1,1,0,0,0,1,13.454351,52.49385236
8,8100104,2018,1,21,5,3,6,2,2,0,1,1,0,0,0,1,13.42946516,52.47086486
9,9401534,2018,1,19,5,2,6,7,2,0,1,1,0,0,0,1,13.58401889,52.44184877
5,5200631,2018,1,11,4,2,6,4,0,0,1,1,0,0,0,1,13.19687074,52.52563291
8,8100206,2018,1,11,4,3,2,1,0,0,1,0,0,0,0,1,13.43314366,52.48177839
1,1100103,2018,1,15,4,2,6,4,0,0,1,1,0,0,0,1,13.35457614,52.50192402
9,9200715,2018,1,19,5,3,5,2,2,0,1,0,0,0,0,1,13.54521127,52.42574204
4,4501042,2018,1,14,4,2,2,6,0,0,1,0,0,0,0,1,13.32912686,52.50041766
3,3500933,2018,1,17,4,2,6,4,2,0,1,1,0,0,0,1,13.46000613,52.55980858
7,7200307,2018,1,19,5,3,5,7,2,0,1,0,0,0,0,1,13.34518475,52.48786956
1,1100309,2018,1,9,3,3,0,3,0,0,1,0,1,0,0,1,13.39199422,52.52355785
1,1100205,2018,1,17,4,3,2,2,2,0,1,0,0,0,0,1,13.37707271,52.51307601
4,4300413,2018,1,18,3,2,6,4,2,1,0,1,0,0,0,1,13.28823446,52.51364074
2,2100102,2018,1,18,5,3,5,3,2,0,1,0,0,0,0,1,13.39463845,52.50456263
6,6300631,2018,1,16,4,3,2,2,2,0,1,1,0,0,0,1,13.28701325,52.41785284
8,8401139,2018,1,17,5,3,6,4,2,0,0,1,1,0,0,1,13.45895202,52.44043627
4,4200311,2018,1,13,4,3,3,6,0,0,1,0,0,0,0,1,13.27521509,52.50120482
1,1100416,2018,1,18,5,3,1,6,2,1,1,0,0,0,0,1,13.39686172,52.53713787
11,11300725,2018,1,18,4,3,5,7,2,0,0,0,0,0,1,1,13.49854958,52.51570371
11,11200514,2018,1,18,4,3,1,5,2,1,1,0,0,0,0,1,13.49612646,52.53979867
3,3601245,2018,1,18,5,3,5,3,2,1,1,0,0,0,0,1,13.44230684,52.54659986
11,11100102,2018,1,18,3,3,2,6,2,0,1,0,0,0,0,1,13.54993499,52.56887268
3,3400619,2018,1,10,4,2,6,7,0,1,0,1,0,0,0,1,13.36631179,52.58704177
10,10200629,2018,1,19,5,3,5,2,2,0,1,0,0,0,1,1,13.58379642,52.52434568
11,11300826,2018,1,17,5,3,6,3,2,0,1,1,0,0,0,1,13.49159726,52.51141352
6,6100205,2018,1,16,5,2,6,4,2,0,1,1,0,0,0,1,13.34506996,52.44882304
4,4300413,2018,1,17,3,3,5,3,2,0,1,0,0,0,0,1,13.28819135,52.51378399
6,6100206,2018,1,9,4,3,1,5,0,1,1,0,0,0,0,2,13.33833748,52.44673927
10,10200417,2018,1,16,5,3,6,4,2,0,1,1,0,0,0,1,13.59239682,52.54701603
1,1100206,2018,1,8,4,3,5,3,0,0,1,0,1,0,0,1,13.3888221,52.51706893
9,9200819,2018,1,15,5,3,5,2,1,1,0,0,0,0,1,1,13.56829227,52.44488748
5,5200633,2018,1,8,4,3,6,4,0,0,1,1,0,0,0,1,13.19681894,52.51340929
10,10100210,2018,1,15,5,3,6,4,0,0,1,1,0,0,0,1,13.54861517,52.54328139
1,1100104,2018,1,7,4,3,1,5,0,1,1,0,0,0,1,1,13.36998512,52.50004996
4,4300622,2018,1,7,4,3,5,3,1,1,1,0,0,0,0,2,13.32982956,52.5100128
10,10100205,2018,1,15,5,3,5,3,0,1,1,0,0,0,0,1,13.55183584,52.56139698
11,11300723,2018,1,6,4,2,1,5,2,1,1,0,0,0,0,1,13.49173141,52.52057777
7,7601544,2018,1,15,5,3,5,3,0,1,1,0,0,0,0,1,13.39253755,52.39816016
9,9200511,2018,1,6,4,3,5,7,1,0,1,0,0,0,1,2,13.52174513,52.46055582
8,8100314,2018,1,14,5,3,5,3,0,1,1,0,0,0,0,1,13.42450956,52.48643396
5,5100210,2018,1,19,4,2,5,3,2,0,1,0,0,0,0,1,13.18886467,52.54668667
4,4100101,2018,1,18,4,3,5,3,2,0,1,0,0,0,0,1,13.29493068,52.53962657
8,8200726,2018,1,14,5,3,2,6,0,0,1,0,0,0,0,1,13.43818495,52.45161882
4,4400835,2018,1,18,4,3,5,3,1,0,1,0,1,0,0,1,13.3202143,52.47500349
10,10400940,2018,1,13,5,3,2,6,0,0,1,0,0,0,0,1,13.61325177,52.49913432
2,2200209,2018,1,18,4,3,0,1,2,1,0,0,0,0,0,1,13.37668032,52.48857066
5,5100316,2018,1,18,5,3,8,1,2,0,1,0,0,0,0,1,13.18278049,52.5383795
1,1401045,2018,1,18,4,3,2,6,2,0,1,0,0,0,1,1,13.37664782,52.55663631
2,2300417,2018,1,7,5,3,6,4,2,0,0,1,0,0,1,1,13.42888045,52.49843849
7,7200308,2018,1,18,4,3,1,5,2,0,1,0,0,0,1,1,13.34602454,52.47856179
2,2200208,2018,1,7,5,3,6,4,1,1,0,1,0,0,0,1,13.38753451,52.49307058
9,9401534,2018,1,16,3,2,6,4,1,1,0,1,0,0,0,0,13.58136696,52.4430707
2,2500835,2018,1,19,3,3,6,2,2,0,1,1,0,0,0,1,13.46316193,52.49950185
7,7100205,2018,1,13,5,3,5,2,0,0,1,0,0,0,1,1,13.3655993,52.49726412
2,2100106,2018,1,22,3,3,5,2,2,0,1,0,0,0,0,1,13.40666159,52.49844466
12,12200515,2018,1,13,5,3,2,1,0,0,1,0,0,0,0,1,13.28708525,52.58381841
6,6300525,2018,1,12,5,3,2,1,0,0,1,0,1,0,0,1,13.26815701,52.40662856
1,1100311,2018,1,22,3,3,3,6,2,0,1,0,0,0,0,1,13.41956039,52.51518167
4,4300624,2018,1,11,5,2,6,2,0,0,1,1,0,0,0,1,13.31826624,52.51087731
1,1100207,2018,1,22,3,3,5,3,2,0,1,0,0,0,0,1,13.3901944,52.50863713
3,3200308,2018,1,11,5,3,2,6,0,0,1,1,0,0,0,1,13.42637874,52.60308039
3,3601449,2018,1,20,3,3,2,2,2,0,1,0,0,0,0,1,13.44474966,52.5455658
1,1200519,2018,1,19,3,3,6,6,2,1,0,1,0,0,0,1,13.33574579,52.52831496
4,4501152,2018,1,10,5,3,5,2,0,1,1,0,0,0,0,1,13.33062553,52.49315686
6,6200421,2018,1,19,3,3,5,3,2,0,1,0,0,0,0,1,13.32137609,52.42964376
2,2100102,2018,1,19,3,3,1,5,2,1,0,0,0,0,1,1,13.3950816,52.49971033
8,8200623,2018,1,10,5,3,5,2,1,1,1,0,0,0,0,1,13.43660572,52.45739187
4,4501152,2018,1,8,3,3,5,3,0,1,1,0,0,0,0,1,13.33100823,52.49322684
6,6400844,2018,1,18,3,2,6,4,2,0,1,1,0,0,0,2,13.28005788,52.45941755
1,1200626,2018,1,20,2,3,5,3,2,1,0,0,0,0,0,0,13.34851341,52.52192897
8,8100102,2018,1,20,3,3,1,1,2,0,1,0,0,0,0,1,13.40990425,52.48187573
7,7601442,2018,1,10,5,3,2,6,0,0,1,0,0,0,1,1,13.40090066,52.41453019
3,3400724,2018,1,3,3,3,9,1,2,0,0,0,0,0,1,1,13.42867931,52.58161119
1,1100206,2018,1,9,5,3,5,2,0,1,0,0,0,0,1,1,13.38083762,52.5163662
9,9200717,2018,1,5,3,2,5,2,2,0,1,0,0,0,0,2,13.55220695,52.43939842
5,5300841,2018,1,8,5,3,0,6,0,0,1,0,0,0,1,1,13.26539766,52.53682008
1,1200628,2018,1,5,3,3,6,2,2,0,1,1,0,0,0,2,13.36603679,52.52531441
1,1100308,2018,1,5,3,3,5,2,2,0,1,0,0,0,0,2,13.38709846,52.52709527
1,1401043,2018,1,8,5,3,5,3,0,1,1,0,0,0,0,1,13.36668207,52.54819731
8,8200832,2018,1,6,3,3,2,2,2,0,1,0,0,0,1,1,13.43658933,52.42363038
2,2200207,2018,1,7,3,3,6,2,0,0,1,1,0,0,0,1,13.3769561,52.49154522
11,11400929,2018,1,8,5,3,1,5,0,1,1,0,0,0,0,1,13.50093161,52.5057072
9,9100306,2018,1,17,3,3,2,6,2,0,1,0,0,0,0,1,13.48831426,52.45127024
1,1401049,2018,1,16,3,3,5,7,0,0,1,0,1,0,0,1,13.36616784,52.55213482
5,5200420,2018,1,7,5,3,6,4,0,0,1,1,0,0,0,1,13.15418767,52.53438925
6,6400737,2018,1,7,3,3,5,3,0,0,1,0,0,0,1,1,13.19898502,52.43414284
7,7200307,2018,1,7,5,2,2,6,0,0,1,0,0,0,0,1,13.34551787,52.49398767
9,9501737,2018,1,15,3,3,5,7,0,1,1,0,0,0,0,1,13.6208168,52.45229626
8,8100102,2018,1,7,5,3,4,5,1,1,1,0,0,0,0,1,13.42580518,52.47752728
1,1200522,2018,1,14,3,3,6,2,0,0,1,1,0,0,0,1,13.3299808,52.52378453
2,2100102,2018,1,7,5,3,5,3,0,1,0,0,0,0,1,1,13.39051416,52.5067825
1,1100311,2018,1,14,3,3,5,2,0,1,1,0,0,0,0,0,13.42087193,52.518276
3,3400723,2018,1,9,1,2,5,3,0,0,1,0,0,0,0,0,13.42622779,52.57587997
4,4300517,2018,1,14,3,3,2,6,0,0,1,0,0,0,0,1,13.2971232,52.52668715
6,6300528,2018,1,7,5,2,6,4,2,0,1,1,0,0,0,1,13.26481522,52.41925681
7,7100102,2018,1,9,1,3,5,3,0,0,1,0,0,0,0,1,13.35403083,52.49985615
12,12200308,2018,1,13,3,3,5,3,0,0,1,0,0,0,0,1,13.31612413,52.5710606
10,10100104,2018,1,6,4,3,5,3,0,1,0,0,0,0,1,0,13.57479251,52.56563283
1,1100310,2018,1,17,4,3,2,2,2,0,1,0,0,0,0,0,13.41240014,52.52408654
9,9200819,2018,1,12,1,3,2,6,0,0,1,0,0,0,0,1,13.56368383,52.43791301
5,5400942,2018,1,13,1,2,1,5,0,0,1,0,0,0,0,1,13.16525039,52.46709287
6,6300633,2018,1,13,3,3,5,3,0,0,1,0,1,0,0,1,13.30925847,52.43887851
11,11300721,2018,1,18,4,3,0,5,2,1,1,0,0,0,0,1,13.49139207,52.52654496
1,1100103,2018,1,16,1,3,0,2,1,0,1,0,0,0,1,0,13.35008711,52.5031883
4,4300412,2018,1,13,3,3,2,6,0,0,1,0,0,0,0,1,13.29994403,52.52158923
2,2500726,2018,1,20,4,3,7,7,2,1,0,0,0,0,0,0,13.4491336,52.52669957
9,9501939,2018,1,12,3,3,2,6,0,0,1,0,0,0,0,1,13.56282714,52.45664572
9,9300920,2018,1,17,4,3,5,3,2,0,1,0,0,0,0,0,13.52614062,52.42376822
12,12200412,2018,1,18,4,3,5,7,2,0,1,0,0,0,0,1,13.27544684,52.57576974
4,4300619,2018,1,10,6,3,2,6,0,0,1,0,0,0,0,1,13.31073331,52.51619085
4,4300622,2018,2,16,5,3,5,2,1,1,1,0,0,0,0,0,13.32570389,52.50550089
11,11300723,2018,2,11,5,3,1,5,0,1,1,0,0,0,0,0,13.49937621,52.51986157
6,6300528,2018,1,8,6,3,6,2,0,0,1,1,0,0,0,0,13.2489959,52.41942446
1,1200520,2018,2,15,5,3,6,7,0,1,0,1,0,0,0,0,13.3388412,52.53139953
3,3500933,2018,1,10,6,3,5,3,0,0,1,0,0,0,1,1,13.46196407,52.5589819
1,1200517,2018,2,10,5,3,2,6,0,0,1,0,0,0,0,0,13.32833344,52.53459829
1,1400938,2018,1,8,6,3,2,6,0,0,1,0,0,0,0,1,13.33657552,52.54255681
1,1100102,2018,2,9,5,3,3,6,0,1,0,0,0,1,0,0,13.37033265,52.51690122
10,10400940,2018,2,10,5,3,2,6,0,0,1,0,0,0,0,1,13.61339307,52.49885037
1,1400938,2018,1,8,6,3,8,1,0,0,1,0,0,0,0,1,13.33921908,52.5439505
4,4501042,2018,2,9,5,3,2,7,0,0,1,0,0,0,0,0,13.33196401,52.5062875
7,7501029,2018,1,7,6,3,3,6,1,1,0,0,0,0,1,1,13.38101089,52.44173499
6,6400838,2018,2,14,5,3,5,2,0,0,1,0,1,0,0,0,13.23146114,52.43682442
8,8100209,2018,1,7,6,3,6,2,1,0,1,1,0,0,0,1,13.43555271,52.46675392
9,9200716,2018,1,7,6,3,6,4,0,0,1,1,0,0,0,1,13.5494909,52.43610185
2,2500835,2018,2,8,5,3,6,4,0,0,1,1,0,0,0,1,13.45018172,52.50348361
10,10300731,2018,1,7,6,3,6,2,0,0,1,1,0,0,0,1,13.56267546,52.51904011
1,1100206,2018,2,7,5,3,5,2,0,1,1,0,0,0,0,0,13.38083762,52.5163662
12,12601235,2018,1,7,6,3,6,3,1,0,1,1,0,0,0,1,13.35476614,52.5966191
5,5100315,2018,1,7,6,3,6,2,2,0,1,1,0,0,0,1,13.19400364,52.54578851
2,2100104,2018,2,14,5,3,6,2,0,0,1,1,0,0,0,0,13.41053316,52.50343396
11,11501238,2018,1,7,6,3,5,2,2,1,1,0,0,0,0,1,13.4808088,52.49910057
9,9100203,2018,1,6,6,3,5,5,2,0,1,0,1,0,0,1,13.48309692,52.48048665
6,6400840,2018,2,14,5,3,1,5,0,0,1,0,0,0,0,0,13.25057245,52.44986685
9,9501737,2018,2,14,5,2,8,1,0,0,1,0,0,0,0,0,13.62303407,52.4565085
3,3601244,2018,1,6,6,3,5,3,2,1,1,0,0,0,0,1,13.42699255,52.55210852
8,8200622,2018,2,13,5,3,2,6,0,0,1,0,0,0,0,0,13.43474928,52.4618163
12,12200310,2018,1,19,6,2,5,3,2,0,1,0,0,0,0,1,13.31511297,52.5765148
4,4300622,2018,1,18,6,3,6,7,2,0,1,1,0,0,0,1,13.31710571,52.51399177
1,1300835,2018,1,18,6,3,5,3,2,0,1,0,0,0,0,1,13.39020762,52.53541469
4,4300414,2018,2,7,5,2,6,2,1,0,0,1,0,1,0,0,13.28837559,52.51317182
9,9300923,2018,1,18,6,3,6,4,2,0,1,1,0,0,0,1,13.54089899,52.40395465
6,6300528,2018,1,17,6,2,6,4,2,0,1,1,0,0,0,1,13.26664202,52.41344807
4,4200308,2018,1,16,6,3,5,2,1,0,1,0,0,0,0,1,13.28025889,52.51832514
11,11400931,2018,2,6,5,2,5,3,2,1,1,0,0,0,0,0,13.50590238,52.50893298
12,12200412,2018,1,16,6,2,5,3,2,1,1,0,0,0,0,1,13.29993824,52.57894759
3,3500935,2018,2,9,5,3,6,4,0,0,0,1,0,0,1,1,13.44981546,52.55104734
6,6300526,2018,1,15,6,3,6,2,1,0,1,1,0,0,0,1,13.25942711,52.43318918
5,5100313,2018,2,6,5,3,2,6,2,0,1,0,0,0,1,0,13.20768844,52.553951
8,8100417,2018,1,15,6,3,5,3,0,0,1,0,0,0,0,1,13.45462763,52.47460142
8,8200623,2018,2,5,5,3,6,2,2,0,1,1,0,0,0,0,13.44427418,52.45496656
3,3400830,2018,1,14,6,3,5,3,0,0,1,0,0,0,0,1,13.42030478,52.56700773
12,12100205,2018,2,19,5,2,6,4,2,0,1,1,0,0,0,0,13.34006987,52.56635845
2,2300314,2018,2,20,5,3,3,6,2,1,0,0,0,0,1,0,13.42034083,52.50276633
9,9200818,2018,1,13,6,3,2,2,0,0,1,0,0,0,0,1,13.55910627,52.44846596
12,12601235,2018,2,21,5,3,5,3,2,0,1,0,0,0,0,0,13.36090123,52.59422682
5,5300737,2018,1,12,6,3,2,6,0,0,1,0,0,1,0,1,13.24729624,52.53807718
10,10100209,2018,1,21,4,3,5,3,2,0,1,0,0,0,0,1,13.57263019,52.55009426
3,3500935,2018,1,12,6,3,0,3,0,0,1,0,0,0,1,0,13.44827971,52.54934122
3,3300412,2018,1,21,4,3,6,6,2,1,0,1,0,0,0,1,13.47484348,52.61559751
2,2200210,2018,1,6,6,3,5,3,2,1,1,0,0,0,0,1,13.40518243,52.49605406
3,3601142,2018,1,18,4,3,0,7,2,1,1,0,0,0,0,1,13.40238523,52.5467032
1,1300733,2018,1,11,6,3,1,5,0,1,1,0,0,0,0,1,13.38366532,52.55521357
1,1200522,2018,1,17,4,3,2,2,2,0,1,0,0,0,0,1,13.32997491,52.52378401
3,3400619,2018,1,23,4,3,8,1,2,0,1,0,0,0,0,1,13.3597034,52.58544649
12,12400721,2018,1,11,6,2,5,3,0,0,1,0,0,0,0,1,13.29252444,52.63120835
4,4501150,2018,1,22,4,3,2,6,2,0,1,0,0,0,0,1,13.32060083,52.48387672
7,7200409,2018,1,10,6,3,1,5,0,1,1,0,0,0,0,1,13.35009904,52.48959672
3,3601450,2018,1,22,4,3,5,3,2,1,1,0,0,0,0,1,13.46288119,52.5323808
1,1300834,2018,1,20,6,2,6,4,2,0,0,1,0,0,1,1,13.38868414,52.54761468
5,5200633,2018,1,22,4,2,6,4,2,0,1,1,0,0,0,1,13.18578637,52.51673523
1,1100102,2018,1,21,4,3,6,2,2,0,1,1,0,0,0,1,13.36438556,52.50995884
1,1300733,2018,1,22,6,2,5,3,2,0,1,0,0,0,0,1,13.38549652,52.55012339
4,4501042,2018,1,21,4,3,6,4,2,0,1,1,0,0,0,1,13.33138588,52.50674501
12,12200412,2018,1,20,6,3,5,2,2,0,1,0,0,0,0,1,13.29791873,52.57817358
1,1300733,2018,1,20,4,3,6,2,2,0,1,1,0,0,0,1,13.3866453,52.54936286
5,5100314,2018,1,20,4,3,6,2,2,0,1,1,0,0,0,1,13.20061336,52.54866772
8,8200833,2018,1,17,5,3,5,3,1,0,1,0,0,0,0,1,13.44042282,52.41743588
3,3601141,2018,1,6,4,3,0,7,2,0,1,0,0,0,0,0,13.41447671,52.55359323
11,11400931,2018,1,17,5,3,6,2,2,0,1,1,0,0,0,1,13.5198524,52.50596475
1,1200522,2018,1,18,4,3,6,7,2,0,1,1,0,0,0,1,13.34148589,52.52553407
5,5300839,2018,1,23,5,2,0,3,2,0,1,0,0,0,0,1,13.26292844,52.54846343
3,3601245,2018,1,23,5,3,5,2,2,0,1,0,0,0,0,1,13.42858196,52.54783232
6,6100205,2018,1,13,4,3,0,7,0,0,0,0,1,0,0,0,13.35374252,52.44915945
11,11200411,2018,1,17,5,3,2,6,1,0,1,0,0,0,0,1,13.51447763,52.55142544
5,5200420,2018,1,14,5,3,0,2,0,1,1,0,0,0,0,1,13.18205704,52.53619368
3,3300516,2018,1,18,4,3,2,6,2,0,1,0,0,0,0,1,13.43922579,52.56690654
8,8100416,2018,1,11,4,3,5,3,0,0,1,0,0,0,0,1,13.44520471,52.47407678
3,3601245,2018,1,15,5,3,6,4,0,0,1,1,0,0,0,1,13.44009367,52.54834445
1,1200522,2018,1,11,4,2,3,2,0,0,1,0,0,1,0,1,13.32962955,52.5237877
7,7300516,2018,1,14,5,3,6,7,0,0,1,1,0,0,0,1,13.33159951,52.46811598
1,1100308,2018,1,11,4,3,0,1,0,0,0,0,1,0,0,1,13.38621141,52.528029
4,4300623,2018,1,10,5,3,2,6,0,0,1,0,1,0,0,1,13.31352945,52.50624254
8,8200623,2018,1,16,5,2,6,4,2,0,1,1,0,0,0,1,13.45295821,52.4526801
10,10200420,2018,1,18,4,3,6,2,2,0,1,1,0,0,0,1,13.60071621,52.53836564
8,8300934,2018,1,13,5,3,2,6,0,0,1,0,0,0,0,1,13.45398939,52.43498321
9,9501941,2018,1,17,5,3,6,2,2,0,1,1,0,0,0,1,13.57610018,52.45288355
1,1100206,2018,1,8,4,3,5,2,0,1,1,0,0,0,0,0,13.39092682,52.51574702
4,4500937,2018,1,10,5,2,6,2,0,0,1,1,0,0,0,1,13.29420765,52.497826
4,4100101,2018,1,8,4,2,6,4,0,0,1,1,0,0,0,1,13.29658179,52.54824525
3,3500933,2018,1,7,4,3,5,3,1,1,1,0,0,0,0,0,13.45556575,52.5560921
11,11200410,2018,1,9,5,3,6,4,0,0,1,1,0,0,0,1,13.5093556,52.5515811
3,3701554,2018,1,7,4,3,6,2,0,0,1,1,0,0,0,0,13.41193145,52.54064548
9,9501939,2018,1,9,5,3,2,6,0,0,1,0,0,0,0,1,13.57901855,52.45819108
6,6400844,2018,1,7,4,3,5,3,0,1,0,0,0,0,0,0,13.2846613,52.46439485
1,1100205,2018,1,9,5,3,5,2,0,1,1,0,0,0,0,1,13.3767927,52.50963205
9,9401329,2018,1,14,4,2,6,4,0,0,1,1,0,0,0,1,13.58530782,52.42732014
6,6300634,2018,1,9,5,2,5,2,0,0,1,0,0,0,0,0,13.30731221,52.4332849
4,4400831,2018,1,15,4,3,1,5,0,1,1,0,0,0,0,0,13.28324677,52.47519056
1,1100206,2018,1,6,3,3,6,7,2,1,0,1,0,0,0,0,13.39823221,52.51728156
7,7400823,2018,1,8,5,3,5,3,0,0,1,0,0,0,0,0,13.3758669,52.45770373
4,4501042,2018,1,17,3,3,0,4,1,0,0,1,0,0,1,0,13.33263403,52.50630557
2,2100103,2018,1,8,5,3,5,2,0,1,1,0,0,0,0,0,13.39962776,52.50671635
1,1100310,2018,1,8,5,3,0,2,1,0,1,0,0,0,1,0,13.41338531,52.5252221
9,9100408,2018,1,11,3,3,6,7,0,0,1,1,0,0,0,0,13.5060051,52.44570502
1,1400942,2018,1,11,3,3,0,2,0,0,1,0,0,0,1,0,13.35828736,52.54699111
9,9200510,2018,1,7,5,2,6,4,1,0,0,1,0,0,1,1,13.51681281,52.47098253
1,1300836,2018,1,9,3,3,1,5,0,0,1,0,1,0,0,0,13.37543146,52.5433229
8,8100206,2018,1,21,5,3,2,6,2,1,1,0,0,0,0,1,13.43158999,52.48159609
7,7501031,2018,1,9,3,3,5,2,0,1,1,0,0,0,0,0,13.4080159,52.45248943
12,12500929,2018,1,20,5,3,8,1,2,0,1,0,0,0,0,1,13.3523696,52.61611663
9,9301228,2018,1,8,3,3,2,6,0,0,1,0,0,0,0,0,13.64512743,52.37850366
6,6400842,2018,1,20,5,2,5,2,2,0,0,0,1,0,1,1,13.26307232,52.4576477
5,5400942,2018,1,6,3,3,2,6,2,0,1,0,0,0,0,1,13.16789386,52.46919693
7,7300517,2018,1,20,5,3,6,2,2,0,1,1,0,0,0,1,13.32911495,52.4712996
8,8100521,2018,1,17,3,2,3,6,2,1,0,0,0,0,1,0,13.47208013,52.45986574
1,1100205,2018,1,20,5,3,5,3,2,0,1,0,0,0,0,1,13.37714121,52.50852181
1,1200626,2018,1,19,5,2,5,3,2,1,1,0,0,0,0,1,13.34983963,52.52453792
5,5300737,2018,1,17,3,3,2,2,2,0,1,0,0,0,0,0,13.23192792,52.53930176
6,6400843,2018,1,19,5,2,6,2,2,0,1,1,0,0,0,1,13.30326741,52.4585407
4,4100101,2018,1,16,3,3,2,6,0,0,1,0,0,1,0,0,13.29405689,52.53701719
6,6400844,2018,1,19,5,3,5,3,2,1,1,0,0,0,0,1,13.27512052,52.46039007
3,3400620,2018,1,14,3,3,5,3,0,1,1,0,0,0,0,0,13.38977534,52.57429092
5,5300841,2018,1,12,3,2,6,4,0,0,1,1,0,0,0,0,13.2747754,52.53593619
11,11501238,2018,1,19,5,3,6,2,2,0,1,1,0,0,0,1,13.48069568,52.49897813
7,7501030,2018,1,12,3,3,2,2,0,0,1,0,0,0,0,0,13.3851244,52.44928763
1,1100415,2018,1,18,5,2,0,7,2,0,1,0,0,0,1,1,13.38368124,52.53074717
3,3501038,2018,1,12,3,3,6,4,0,0,1,1,0,0,0,0,13.47969945,52.55345634
2,2300419,2018,1,17,5,3,1,5,2,1,1,0,0,0,0,1,13.44514938,52.49940314
3,3601243,2018,1,18,4,3,2,6,2,0,1,0,0,0,0,0,13.42373663,52.55258107
1,1100309,2018,1,9,3,2,3,6,0,1,0,0,0,0,1,0,13.38875715,52.52598479
1,1100102,2018,1,17,4,3,3,6,0,0,1,0,1,0,0,0,13.35105997,52.51048156
4,4200311,2018,1,21,3,2,5,3,2,0,1,0,0,0,0,0,13.28060686,52.50647798
9,9501939,2018,1,19,3,3,5,2,2,1,1,0,0,0,0,0,13.57225994,52.45064728
1,1100309,2018,1,20,4,3,5,3,2,1,1,0,0,0,0,1,13.39731279,52.52859931