BEZ,LOR_ab_2021,UJAHR,UMONAT,USTUNDE,UWOCHENTAG,UKATEGORIE,UART,UTYP1,ULICHTVERH,IstRad,IstPKW,IstFuss,IstKrad,IstGkfz,IstSonstige,USTRZUSTAND,XGCSWGS84,YGCSWGS84
6,6300633,2018,1,10,4,3,6,4,0,1,0,1,0,0,0,0,13.31574756,52.44195752
11,11300618,2018,1,18,3,3,5,2,0,1,1,0,0,0,0,0,13.45864429,52.5270502
1,1100309,2018,1,7,4,3,6,7,1,1,0,1,0,0,0,1,13.39346604,52.52846321
4,4200311,2018,1,18,3,3,2,6,2,0,1,0,1,0,0,0,13.27639334,52.50724862
7,7100205,2018,1,17,3,3,6,2,0,0,1,1,0,0,0,0,13.36090491,52.49426187
9,9200715,2018,1,7,4,3,5,2,1,0,1,0,0,0,1,1,13.52666313,52.42879171
7,7300516,2018,1,17,3,3,6,7,2,0,1,1,0,0,0,0,13.32670118,52.4650004
12,12200310,2018,1,15,4,3,6,4,0,0,1,1,0,0,0,0,13.31327067,52.57528225
1,1200517,2018,1,19,2,3,5,7,2,0,1,0,0,0,0,1,13.32962167,52.53303735
5,5300737,2018,1,16,4,3,6,4,0,0,1,1,0,0,0,0,13.23962125,52.5450361
10,10400940,2018,1,16,4,2,5,3,1,1,0,0,0,0,1,1,13.60544024,52.48790426
6,6100206,2018,1,18,2,3,1,7,2,0,1,0,0,0,0,1,13.33813069,52.44940083
3,3100103,2018,1,16,4,2,6,4,1,0,1,1,0,0,0,0,13.49566998,52.62593246
4,4300624,2018,1,9,2,3,3,6,0,1,1,0,0,0,0,0,13.32058409,52.50890843
3,3500936,2018,1,16,2,3,0,6,0,1,1,0,0,0,0,1,13.46092048,52.54551733
2,2400624,2018,1,17,4,2,6,4,2,0,1,1,0,0,0,1,13.4425859,52.5162029
5,5200528,2018,1,21,2,3,1,5,2,0,1,0,0,0,1,1,13.17994569,52.50405336
8,8200832,2018,1,13,4,3,0,2,0,0,1,0,1,0,0,1,13.42767772,52.42077918
2,2400623,2018,1,20,2,3,5,3,2,0,1,0,0,0,1,1,13.42688652,52.51579414
7,7100206,2018,1,19,2,3,6,4,2,0,0,1,0,0,1,1,13.37085529,52.49200574
1,7100101,2018,1,18,4,3,5,3,2,1,1,0,0,0,0,0,13.34432679,52.50416884
12,12200412,2018,1,19,2,3,5,2,2,0,1,0,0,0,0,1,13.29792444,52.57811718
9,9501939,2018,1,12,4,3,5,7,0,0,1,0,0,0,1,0,13.5731884,52.45016045
1,1100309,2018,1,18,2,3,0,6,2,0,1,0,1,0,0,1,13.39635477,52.52915379
6,6200421,2018,1,11,4,3,0,7,0,0,1,0,1,0,0,1,13.32335609,52.43759118
4,4400728,2018,1,11,4,3,5,7,0,1,1,0,0,0,0,1,13.27196078,52.48186586
1,1200517,2018,1,18,2,3,6,4,2,0,1,1,0,0,0,1,13.32143187,52.52576498
1,1300733,2018,1,17,2,2,1,5,2,1,1,0,0,0,0,1,13.39601365,52.55069784
1,1100206,2018,1,9,4,3,5,3,0,0,1,0,0,0,0,1,13.3846211,52.51444285
11,11400930,2018,1,22,2,3,5,3,1,0,1,0,0,0,0,1,13.51132605,52.50555005
4,4300619,2018,1,18,4,3,2,6,2,0,1,0,0,0,0,0,13.31483658,52.51487936
1,1100207,2018,1,10,2,3,3,7,0,1,1,0,0,0,0,1,13.40430279,52.51512536
6,6300528,2018,1,8,4,3,2,6,0,0,1,0,0,0,0,1,13.25319095,52.42611794
4,4300414,2018,1,17,2,3,0,6,2,1,0,0,1,0,0,1,13.29724843,52.51159299
4,4300518,2018,1,18,4,3,5,2,2,1,1,0,0,0,0,0,13.31336376,52.52319708
9,9401534,2018,1,7,4,2,6,2,1,0,1,1,0,0,0,1,13.58204028,52.44282518
3,3300516,2018,1,17,2,3,6,2,2,0,1,1,0,0,0,1,13.43954308,52.56806492
8,8100207,2018,1,7,4,3,1,5,1,1,1,0,0,0,0,1,13.43330382,52.47664741
12,12601031,2018,1,17,2,3,6,2,1,0,1,1,0,0,0,1,13.32640337,52.60448299
3,3601450,2018,1,16,2,3,2,6,2,0,1,0,0,0,0,0,13.45261777,52.53408243
4,4300414,2018,1,7,4,3,6,2,1,0,1,1,0,0,0,1,13.28827199,52.51306079
5,5100316,2018,1,17,2,3,5,2,2,1,0,0,0,0,1,1,13.18320385,52.53982346
1,1200517,2018,1,7,4,3,0,6,1,0,1,0,1,0,0,1,13.32815415,52.53491778
1,1401049,2018,1,17,2,2,2,6,2,0,1,0,0,0,1,0,13.37243937,52.5566707
11,11300721,2018,1,5,4,3,0,1,2,0,1,0,1,0,0,1,13.5041264,52.53462499
4,4100101,2018,1,16,2,3,0,1,2,1,0,0,0,0,0,1,13.29094205,52.53744293
10,10100210,2018,1,15,2,3,5,3,0,1,1,0,0,0,0,0,13.54944673,52.54509677
1,1100103,2018,1,13,4,3,5,3,0,1,1,0,0,0,0,1,13.35958405,52.50422103
1,1200520,2018,1,14,2,3,5,2,0,0,1,0,0,0,0,0,13.34327213,52.53180692
3,3200205,2018,1,6,3,2,0,5,2,0,1,0,0,0,0,0,13.40121103,52.59527732
10,10100311,2018,1,14,2,2,3,6,0,0,1,0,0,1,0,0,13.5302615,52.53798462
1,1100308,2018,1,14,2,3,5,2,0,1,0,0,0,0,1,0,13.37940891,52.52942778
7,7200307,2018,1,23,3,3,5,2,2,1,1,0,0,0,0,1,13.34201312,52.49061513
11,11300724,2018,1,14,2,3,3,2,0,0,1,0,0,1,0,0,13.49182627,52.51181443
7,7200307,2018,1,7,3,3,6,4,0,0,1,1,0,0,0,0,13.34060205,52.48848155
8,8401139,2018,1,9,3,3,2,6,0,0,1,0,0,0,1,1,13.46055886,52.4320078
3,3601450,2018,1,9,2,3,5,2,0,0,1,0,0,0,0,1,13.45774568,52.52878189
4,4300619,2018,1,12,3,3,5,2,0,1,1,0,0,0,0,0,13.30640968,52.51878924
4,4100101,2018,1,10,3,3,5,2,0,0,1,0,0,0,0,0,13.32626586,52.5379768
5,5100208,2018,1,7,2,3,2,6,0,0,1,0,0,0,0,1,13.15275552,52.54996429
1,1100313,2018,1,9,2,2,6,4,0,0,1,1,0,0,0,1,13.41884661,52.51038046
8,8100415,2018,1,9,3,3,5,3,0,0,1,0,0,0,0,0,13.43896939,52.48040595
12,12500930,2018,1,9,2,3,5,2,0,0,1,0,0,0,1,1,13.31542831,52.57793505
2,2300417,2018,1,7,3,3,1,5,0,1,0,0,0,1,0,1,13.43139263,52.49760076
9,9200715,2018,1,7,3,3,5,3,1,0,1,0,0,0,0,1,13.53561768,52.43054473
7,7501134,2018,1,10,3,3,1,5,0,0,1,0,0,0,1,0,13.39790688,52.43843263
9,9200715,2018,1,8,2,3,3,6,0,0,1,0,0,1,0,0,13.54093892,52.43577115
1,1401046,2018,1,6,3,3,6,4,2,0,1,1,0,0,0,0,13.34699782,52.54024054
12,12100103,2018,1,6,3,2,6,2,2,0,1,1,0,0,0,1,13.35930017,52.57425068
4,4501043,2018,1,8,2,3,5,3,0,1,1,0,0,0,0,1,13.3188604,52.49814462
11,11100308,2018,1,10,3,3,2,6,0,0,1,0,0,0,1,1,13.50031955,52.56711969
9,9200818,2018,1,5,3,3,3,6,2,0,1,0,0,0,1,1,13.55902934,52.44693668
5,5200629,2018,1,7,2,2,3,6,0,0,1,0,1,0,0,1,13.19737951,52.53170078
11,11100309,2018,1,17,3,3,5,2,2,1,1,0,0,0,0,1,13.50749249,52.56424319
9,9200715,2018,1,7,2,3,2,6,0,0,1,0,0,0,1,0,13.55227789,52.42811637
1,1200627,2018,1,7,2,3,5,3,1,1,1,0,0,0,0,1,13.36407343,52.52793349
2,2400624,2018,1,18,3,3,1,5,2,1,0,0,0,0,1,1,13.44358353,52.51498331
8,8100209,2018,1,7,2,3,2,7,0,0,1,0,0,0,0,0,13.44349442,52.46436818
6,6100205,2018,1,18,3,2,6,4,2,0,1,1,0,0,0,0,13.35706817,52.44868663
6,6400844,2018,1,7,2,3,5,2,1,1,1,0,0,0,0,1,13.27481429,52.46044846
7,7601442,2018,1,17,3,3,6,2,2,0,1,1,0,0,0,0,13.39286001,52.41260123
7,7501029,2018,1,7,2,3,5,2,2,1,1,0,0,0,0,0,13.38145159,52.44055223
3,3601450,2018,1,16,3,3,5,3,1,1,1,0,0,0,0,1,13.45698155,52.53123071
12,12200309,2018,1,7,2,3,6,4,2,0,1,1,0,0,0,1,13.31444653,52.567405
2,2300314,2018,1,6,2,3,6,4,1,0,1,1,0,0,0,0,13.42238084,52.49904563
10,10200524,2018,1,16,3,3,6,4,1,0,1,1,0,0,0,1,13.62138872,52.53185847
5,5100211,2018,1,6,2,2,6,4,2,0,1,1,0,0,0,1,13.17458507,52.5401465
4,4400726,2018,1,12,1,3,0,1,0,0,0,0,1,0,0,1,13.28515892,52.49511402
1,1300733,2018,1,16,3,3,0,7,0,0,1,0,0,0,0,1,13.38373334,52.55148841
7,7501032,2018,1,10,1,3,6,4,0,0,1,1,0,0,0,0,13.41249109,52.44462686
11,11400928,2018,1,15,3,2,5,3,0,1,1,0,0,0,0,1,13.48675705,52.50206971
11,11300722,2018,1,17,1,3,2,7,2,1,1,0,0,0,0,0,13.47817143,52.51496998
7,7400720,2018,1,15,3,3,1,5,0,1,1,0,0,0,0,1,13.37279951,52.48395924
2,2300419,2018,1,15,1,3,6,4,0,0,0,1,0,0,1,0,13.43610508,52.49798075
1,1200626,2018,1,15,3,3,6,2,0,0,1,1,0,0,0,1,13.35243189,52.52410992
3,3701554,2018,1,14,1,3,5,2,0,1,1,0,0,0,0,1,13.4119391,52.53128223
1,1100313,2018,1,8,3,3,5,2,0,1,1,0,0,0,0,0,13.42600828,52.50605478
5,5100316,2018,1,13,1,2,6,4,0,0,1,1,0,0,0,1,13.18332011,52.5405422
1,1100313,2018,1,12,3,3,0,2,0,1,0,0,0,0,1,0,13.42120721,52.5098398
9,9100407,2018,1,22,1,3,8,1,2,0,1,0,0,0,0,1,13.49297888,52.45803056
9,9300920,2018,1,20,3,3,1,5,2,0,1,0,0,0,0,1,13.53719738,52.41367949
1,1300836,2018,1,8,1,3,2,6,0,0,1,0,0,0,0,1,13.37306431,52.53819246
4,4400728,2018,1,9,3,1,1,5,0,1,0,0,0,1,0,1,13.27554661,52.4869859
8,8100105,2018,1,19,1,3,3,6,2,0,1,0,0,0,0,1,13.43296883,52.46456327
3,3701657,2018,1,11,2,3,0,5,0,0,1,0,0,0,1,0,13.42916554,52.54191106
5,5300735,2018,1,19,1,3,6,4,2,0,0,1,0,0,1,1,13.2269069,52.54935885
4,4501045,2018,1,18,1,3,6,4,2,1,0,1,0,0,0,1,13.32595262,52.49443343
12,12500927,2018,1,19,2,3,5,2,2,0,1,0,0,0,0,1,13.32479596,52.60212359
4,4501042,2018,1,18,1,3,3,6,2,1,1,0,0,0,0,0,13.33377125,52.5071582
1,1300732,2018,1,19,2,3,0,7,2,0,0,0,1,0,0,1,13.38755427,52.56029382
1,1100207,2018,1,15,7,3,6,4,0,0,0,1,0,0,1,0,13.38998888,52.51122801
3,3601141,2018,1,18,2,2,2,2,2,1,1,0,0,0,0,1,13.40871062,52.55402311
8,8100520,2018,1,16,2,3,3,6,0,0,1,0,0,0,1,0,13.46452834,52.47011229
8,8200831,2018,1,14,7,3,2,6,0,0,1,0,0,0,0,0,13.40190919,52.41465364
7,7601238,2018,1,13,2,3,1,5,0,1,1,0,0,0,0,0,13.37765152,52.42497502
9,9301025,2018,1,14,7,3,5,3,0,0,1,0,0,0,0,0,13.56548091,52.39878148
4,4200310,2018,1,13,7,3,5,2,0,1,1,0,0,0,0,0,13.27665858,52.51259894
8,8100209,2018,1,13,2,3,5,2,0,0,1,0,0,0,0,0,13.44189804,52.46828568
1,1100207,2018,1,11,7,3,5,3,0,0,1,0,0,0,0,0,13.39183942,52.50956745
2,2200207,2018,2,9,6,3,2,6,0,0,1,0,0,0,0,0,13.37652798,52.49154804
7,7300517,2018,1,11,2,3,0,6,0,0,1,0,1,0,0,1,13.32910773,52.47153023
10,10100312,2018,1,7,7,3,5,2,2,1,1,0,0,0,0,1,13.54012811,52.52566473
2,2200209,2018,2,6,6,3,9,1,1,0,0,0,1,0,0,0,13.37926346,52.48501237
7,7400927,2018,1,10,2,3,5,3,0,0,1,0,0,0,0,1,13.39562763,52.45426088
1,1100312,2018,1,2,7,3,6,4,2,0,1,1,0,0,0,0,13.4167193,52.5115024
10,10400938,2018,2,6,6,3,0,1,1,1,0,0,0,0,0,2,13.62353886,52.51398745
4,4300415,2018,2,13,5,3,0,6,0,1,0,0,0,0,1,0,13.28333252,52.50639472
2,2200211,2018,1,10,2,3,6,4,0,1,0,1,0,0,0,0,13.38885406,52.48981211
2,2200210,2018,2,9,5,3,5,7,0,1,1,0,0,0,0,0,13.39665605,52.49212839
2,2400521,2018,1,15,7,3,2,2,0,0,1,0,0,0,0,0,13.44064752,52.5171432
6,6300634,2018,2,10,5,2,6,7,0,1,0,1,0,0,0,0,13.29966732,52.44026244
7,7400824,2018,1,10,2,3,5,2,0,0,1,0,0,0,0,0,13.38555919,52.46858782
2,2400624,2018,1,9,2,3,2,7,0,1,0,0,0,0,1,0,13.44236587,52.51436726
1,1400938,2018,1,9,7,3,5,3,0,0,1,0,0,0,0,0,13.34518521,52.55422615
3,3501037,2018,2,10,5,2,5,3,0,1,0,0,0,0,0,0,13.45204052,52.5638426
1,1100102,2018,1,8,2,3,2,6,0,0,1,0,0,0,1,1,13.35966184,52.50986039
3,3500933,2018,1,16,7,3,8,1,0,0,1,0,0,0,0,0,13.45938729,52.56006545
8,8100416,2018,1,23,7,3,5,7,2,1,1,0,0,0,0,0,13.44123361,52.4770196
4,4501040,2018,2,19,5,3,2,6,2,0,1,0,0,0,0,0,13.3099061,52.50037537
3,3300516,2018,1,8,2,2,9,1,0,0,1,0,0,0,0,1,13.44477614,52.58030736
1,1401043,2018,2,19,5,3,6,7,2,0,1,1,0,0,0,0,13.3614571,52.54578353
6,6100209,2018,1,7,2,3,0,1,1,0,0,0,1,0,0,1,13.33896415,52.46431724
4,4501042,2018,2,19,5,3,2,6,2,1,1,0,0,0,0,0,13.33108294,52.50368892
3,3701660,2018,1,7,2,2,0,3,0,1,0,0,0,0,0,0,13.43666078,52.52964251
1,1100308,2018,2,12,5,3,6,4,0,0,0,1,0,0,1,0,13.37935437,52.52424545
9,9200717,2018,1,22,7,3,5,3,2,0,1,0,0,0,0,0,13.55225334,52.43936327
2,2400623,2018,2,19,5,3,5,7,2,1,1,0,0,0,0,0,13.43638593,52.5097906
6,6400841,2018,1,7,2,3,5,3,0,0,1,0,0,0,0,0,13.26286846,52.43928627
1,1300731,2018,1,20,7,3,6,4,2,0,0,1,0,0,1,1,13.38602865,52.55875583
1,1100310,2018,2,18,5,3,5,2,2,1,1,0,0,0,0,0,13.41532819,52.52689386
5,5400943,2018,1,7,2,3,5,2,0,1,1,0,0,0,0,0,13.14334849,52.4546678
3,3400619,2018,1,7,2,2,6,4,0,0,1,1,0,0,0,0,13.38625975,52.5912288
8,8401246,2018,1,19,7,2,6,4,2,0,1,1,0,0,0,1,13.51815802,52.42199402
1,1300730,2018,1,17,7,3,5,2,1,0,1,0,0,0,0,0,13.37122213,52.55873313
2,2100104,2018,2,17,5,2,6,4,2,0,1,1,0,0,0,0,13.40770585,52.50409653
1,2300314,2018,1,18,1,3,6,7,2,0,1,1,0,0,0,0,13.41469483,52.50461596
11,11501340,2018,1,11,6,3,4,6,0,1,0,0,0,0,1,0,13.53325455,52.49122465
2,2100104,2018,2,17,5,3,2,6,2,0,1,0,0,0,0,0,13.4113269,52.50437813
2,2300314,2018,1,3,1,2,6,4,2,0,1,1,0,0,0,1,13.41966574,52.49900173
1,1300836,2018,2,11,5,3,6,4,0,0,1,1,0,0,0,0,13.37240316,52.53862398
3,3501038,2018,1,4,1,2,5,7,2,0,1,0,0,0,1,1,13.48671107,52.55648447
1,1100103,2018,2,20,7,3,6,2,2,0,1,1,0,0,0,0,13.36212389,52.49991873
8,8300934,2018,2,17,4,3,2,6,2,0,1,0,0,0,0,0,13.45570206,52.43031346
1,1300732,2018,2,19,7,3,4,1,2,0,1,0,1,0,0,0,13.38866996,52.56143825
7,7601544,2018,2,18,3,2,6,2,2,0,1,1,0,0,0,0,13.39772138,52.39598338
7,7501030,2018,2,20,7,3,2,2,2,0,1,0,0,0,0,0,13.38661779,52.44215491
7,7400822,2018,2,18,7,3,2,6,2,0,1,0,0,0,0,0,13.36991293,52.46711659
11,11300721,2018,2,16,7,3,6,4,1,0,1,1,0,0,0,0,13.50585217,52.53472762
3,3400724,2018,2,7,4,3,5,2,0,1,1,0,0,0,0,1,13.40769829,52.57392133
1,1100312,2018,2,15,7,3,2,2,0,0,1,0,1,0,0,0,13.41262908,52.50605996
11,11300725,2018,2,9,3,3,5,3,0,0,1,0,0,0,0,1,13.49938772,52.51815266
12,12601133,2018,2,14,7,3,6,7,0,0,1,1,0,0,0,1,13.35598838,52.59774976
5,5100316,2018,2,12,7,3,2,6,0,0,1,0,0,0,0,0,13.20779462,52.53869177
6,6300633,2018,2,1,7,3,4,6,2,1,0,0,0,0,1,2,13.30742305,52.44328974
4,4501043,2018,2,12,3,3,5,2,0,1,1,0,0,0,0,1,13.31578161,52.49652101
8,8200622,2018,2,19,7,1,6,4,2,0,1,1,0,0,0,0,13.43451589,52.462445
1,1200625,2018,2,11,6,3,5,7,0,1,1,0,0,0,0,0,13.34550232,52.52631297
1,1100310,2018,2,10,2,3,6,7,0,1,0,1,0,0,0,0,13.40436787,52.52221904
12,12200309,2018,2,19,6,3,3,6,2,0,1,0,0,0,0,0,13.3284439,52.56243109
2,2100106,2018,2,6,2,3,5,3,1,1,0,0,0,0,0,1,13.4052427,52.49662683
10,10100316,2018,2,17,6,3,2,2,2,0,1,0,0,0,0,0,13.57228815,52.54641379
9,9200715,2018,2,14,6,3,5,2,0,0,1,0,0,0,0,0,13.5363705,52.43286445
4,4500938,2018,2,10,4,3,2,6,0,0,1,0,0,0,0,0,13.29568537,52.49393952
4,4200311,2018,2,14,6,3,2,6,0,0,1,0,0,0,0,0,13.27922873,52.50311759
2,2400625,2018,2,6,3,3,0,1,1,0,0,0,1,0,0,2,13.44346372,52.50373937
8,8301037,2018,2,13,6,3,2,6,0,0,1,0,0,0,1,0,13.48051172,52.42553422
2,2200207,2018,2,13,6,3,5,2,0,0,1,0,0,0,0,0,13.37676016,52.49156098
1,1100309,2018,2,13,6,3,6,4,0,0,1,1,0,0,0,0,13.39235345,52.52437441
5,5300840,2018,2,21,4,3,1,1,2,0,1,0,0,0,1,2,13.2693054,52.53304552
4,4500939,2018,2,12,6,3,2,2,0,0,1,0,0,0,0,0,13.30072728,52.48807601
3,3501038,2018,2,11,6,3,1,5,0,0,1,0,0,0,0,0,13.47671233,52.55111185
8,8200726,2018,2,1,3,3,0,5,2,0,1,0,0,0,1,1,13.44460254,52.44580572
1,1100310,2018,2,15,6,3,5,3,0,1,1,0,0,0,0,0,13.41368587,52.52512892
11,11200411,2018,2,7,6,3,5,2,1,1,1,0,0,0,0,0,13.5159136,52.5463455
8,8100207,2018,2,13,4,3,6,2,0,0,1,1,0,0,0,0,13.4379839,52.47896214
8,8100102,2018,2,7,6,3,5,3,1,0,1,0,0,0,0,0,13.42401026,52.47722032
4,4500938,2018,2,14,2,3,1,5,0,1,1,0,0,0,0,0,13.29267596,52.49662094
1,1100416,2018,2,22,6,2,0,1,2,1,0,0,0,0,0,0,13.4036842,52.53249546
2,2400623,2018,2,21,6,2,0,1,2,1,0,0,0,0,0,2,13.43204419,52.50978816
4,4200309,2018,2,19,4,3,6,4,2,0,1,1,0,0,0,0,13.25736441,52.51633105
3,3601243,2018,2,19,6,2,6,4,2,0,1,1,0,0,0,0,13.42437108,52.55223761
1,1401046,2018,2,14,3,3,5,2,0,0,1,0,0,0,0,0,13.34950025,52.54209218
5,5200629,2018,2,4,6,3,1,1,2,0,1,0,0,0,0,0,13.18368432,52.53415121
9,9300920,2018,2,5,6,3,2,6,2,0,1,0,0,0,0,0,13.53742569,52.41838125
3,3400620,2018,2,16,2,3,2,6,1,0,1,0,0,0,0,1,13.37835186,52.57491779
9,9401534,2018,2,6,6,3,2,6,2,1,1,0,0,0,0,0,13.58479035,52.44155354
2,2100102,2018,2,12,5,3,6,7,0,0,1,1,0,0,0,0,13.39099968,52.50365221
11,11100206,2018,2,17,2,3,5,3,1,0,1,0,1,0,0,0,13.5059357,52.57545871
8,8200623,2018,2,17,4,3,1,5,2,0,1,0,0,0,1,0,13.43809182,52.45386111
3,3200310,2018,2,9,5,3,5,3,0,1,1,0,0,0,0,0,13.42448186,52.60744577
11,11100309,2018,2,19,3,3,6,4,2,0,1,1,0,0,0,0,13.50573208,52.56359188
1,1100416,2018,2,8,5,3,5,3,0,1,1,0,0,0,0,0,13.40435098,52.53318005
9,9301025,2018,2,8,2,3,6,4,0,0,0,1,0,0,1,0,13.53737952,52.39717464
3,3500934,2018,2,7,2,3,5,2,1,1,1,0,0,0,0,1,13.43730943,52.5547237
1,1400942,2018,2,8,5,3,5,2,0,0,1,0,0,0,0,0,13.34371454,52.54631248
4,4300416,2018,2,9,5,2,5,3,0,0,1,0,0,0,0,0,13.30172882,52.50974432
3,3300514,2018,2,8,4,3,2,7,0,0,1,0,0,0,0,1,13.45492454,52.59330215
5,5200527,2018,2,12,2,3,5,3,0,1,1,0,0,0,0,0,13.17723469,52.5252294
1,1100312,2018,2,9,5,3,0,1,0,1,0,0,0,0,0,2,13.41772943,52.51391612
7,7100102,2018,2,14,5,3,3,6,0,0,1,0,0,0,0,0,13.34623113,52.49688524
10,10400835,2018,2,15,4,2,6,4,0,0,1,1,0,0,0,0,13.58832764,52.51244707
4,4501150,2018,2,14,5,3,0,6,0,0,1,0,0,0,1,0,13.32217411,52.48474071
1,1100101,2018,2,10,3,3,1,5,0,0,1,0,0,0,0,1,13.34257553,52.50471064
11,11401033,2018,2,15,5,3,1,5,0,0,1,0,0,0,1,0,13.52759912,52.51362453
11,11200512,2018,2,15,5,3,5,3,0,1,1,0,0,0,0,0,13.49057607,52.54321637
7,7501135,2018,2,8,2,3,5,2,0,1,1,0,0,0,0,1,13.39854039,52.41957067
2,2400623,2018,2,18,5,3,2,6,2,0,1,0,0,0,0,0,13.42389258,52.5132213
9,9501941,2018,2,18,5,3,0,3,2,0,1,0,0,0,1,0,13.59319152,52.45233182
1,1100205,2018,2,18,5,3,0,3,2,0,0,0,1,0,1,0,13.38836308,52.50923915
1,1100206,2018,2,10,4,3,5,3,0,0,1,0,0,0,0,1,13.38662849,52.51198071
12,12500928,2018,2,19,5,2,1,5,2,0,0,0,1,0,1,0,13.30492514,52.60135566
7,7300516,2018,2,6,3,3,1,5,1,1,1,0,0,0,0,1,13.32792743,52.46895729
8,8200832,2018,2,20,5,3,6,2,2,0,1,1,0,0,0,0,13.4170089,52.4182162
4,4400833,2018,2,20,5,3,1,5,2,0,1,0,0,0,0,0,13.30797754,52.47078519
10,10100311,2018,2,7,3,3,2,6,0,0,1,0,0,0,0,2,13.52332593,52.5287797
9,9100306,2018,2,23,5,3,5,2,2,1,1,0,0,0,0,0,13.48836999,52.45131752
4,4501042,2018,2,21,4,3,6,7,2,0,1,1,0,0,0,0,13.33808864,52.50196846
4,4300619,2018,2,19,4,3,2,6,2,1,1,0,0,0,0,0,13.31047252,52.51598733
3,3701554,2018,2,23,5,2,4,4,2,1,1,1,0,0,0,1,13.40849911,52.53739988
5,5200634,2018,2,18,6,2,6,7,2,0,1,1,0,0,0,1,13.19720825,52.51260178
2,2100105,2018,2,18,4,3,5,3,2,1,1,0,0,0,0,0,13.40787554,52.50003432
9,9200819,2018,2,10,4,2,0,1,0,0,0,0,1,0,0,0,13.57150655,52.43864842
12,12200515,2018,2,8,4,3,1,5,0,0,1,0,0,0,0,0,13.28432994,52.58882469
8,8100311,2018,2,16,2,3,5,3,0,0,1,0,0,0,0,0,13.42760051,52.49017351
1,1300731,2018,2,17,2,3,2,6,2,0,1,0,0,0,0,1,13.37992007,52.56045681
9,9501939,2018,2,15,2,3,6,4,0,0,1,1,0,0,0,0,13.57864083,52.45777578
9,9200510,2018,2,17,4,2,5,2,1,1,1,0,0,0,0,0,13.51352717,52.46477897
5,5100316,2018,2,16,4,3,2,6,0,0,0,0,0,0,1,0,13.20073996,52.53841328
7,7400927,2018,2,18,4,3,0,5,2,0,1,0,1,0,0,1,13.40844183,52.46394729
2,2200210,2018,2,16,4,2,6,4,0,0,1,1,0,0,0,0,13.40145623,52.49179129
1,1200522,2018,2,16,4,3,5,3,0,0,1,0,0,0,0,0,13.33491419,52.52481004
1,1100309,2018,2,16,4,3,3,6,0,1,1,0,0,0,0,0,13.40884842,52.52881674
5,5100208,2018,2,15,4,3,5,7,0,0,1,0,0,0,0,0,13.15338684,52.55292656
2,2300314,2018,2,14,4,3,5,7,0,0,1,0,0,0,0,0,13.42486153,52.5020843
8,8100417,2018,2,5,3,3,6,4,2,0,0,1,0,0,1,0,13.45222733,52.47110705
4,4300623,2018,2,13,4,2,2,6,0,0,1,0,0,0,1,0,13.31466039,52.51123208
9,9401534,2018,2,16,2,3,2,6,0,0,1,0,0,0,0,0,13.58272023,52.442571
1,1300733,2018,2,17,2,3,2,6,2,0,1,0,0,0,0,1,13.38416731,52.55573081
7,7601238,2018,2,12,4,3,2,6,0,0,1,0,0,0,0,0,13.3922676,52.4145129
6,6300632,2018,2,11,4,2,1,5,0,0,1,0,0,0,1,0,13.29956231,52.42264375
3,3300411,2018,2,5,2,3,5,2,2,0,1,0,0,0,0,1,13.48770446,52.61811087
8,8300934,2018,2,16,4,2,5,2,0,0,1,0,0,0,0,0,13.45582776,52.4303641
1,1200626,2018,2,9,4,3,0,7,0,0,1,0,1,0,0,1,13.35123442,52.52511002
7,7400721,2018,2,12,3,3,5,3,0,0,1,0,0,0,0,0,13.37586818,52.48016928
5,5100105,2018,2,18,2,3,5,2,2,1,1,0,0,0,0,0,13.198164,52.55541084
2,2400625,2018,2,9,4,3,2,6,0,0,1,0,0,0,0,0,13.44442275,52.50352204
12,12200309,2018,2,8,4,3,5,3,0,1,1,0,0,0,0,0,13.31474216,52.56733401
12,12400618,2018,2,15,3,3,5,2,0,1,1,0,0,0,0,0,13.23761332,52.62020648
8,8401243,2018,2,13,3,3,5,3,0,1,1,0,0,0,0,0,13.49581287,52.41774134
5,5100316,2018,2,18,2,2,6,4,2,0,1,1,0,0,0,1,13.19975432,52.53474458
5,5200633,2018,2,12,3,3,0,6,0,0,1,0,0,0,0,0,13.18676726,52.52027023
1,1401045,2018,2,13,3,2,0,2,0,0,1,0,0,0,1,0,13.37705549,52.55644503
1,1400938,2018,2,6,4,2,5,3,2,1,1,0,0,0,0,0,13.34529486,52.55440871
3,3500934,2018,2,20,3,3,5,2,2,1,0,0,0,0,1,0,13.43168708,52.55451188
11,11501341,2018,2,9,3,3,2,6,0,0,1,0,0,1,0,0,13.525168,52.48004484
3,3200308,2018,2,18,2,3,5,3,2,1,1,0,0,0,0,0,13.41728649,52.60538219
8,8100102,2018,2,12,3,3,2,6,0,0,1,0,0,0,0,0,13.42416682,52.48061206
1,1400938,2018,2,18,3,3,5,2,2,0,1,0,1,0,0,0,13.34521828,52.55439472
4,4501045,2018,2,18,2,3,5,7,2,0,1,0,0,0,0,1,13.32474992,52.49942906
7,7601238,2018,2,19,3,2,6,2,2,0,1,1,0,0,0,0,13.39065673,52.42003994
5,5100316,2018,2,17,6,3,5,2,2,1,1,0,0,0,0,0,13.19801289,52.53922427