BEZ,LOR_ab_2021,UJAHR,UMONAT,USTUNDE,UWOCHENTAG,UKATEGORIE,UART,UTYP1,ULICHTVERH,IstRad,IstPKW,IstFuss,IstKrad,IstGkfz,IstSonstige,USTRZUSTAND,XGCSWGS84,YGCSWGS84
6,6200421,2018,2,16,2,2,5,3,0,1,1,0,0,0,0,0,13.32268904,52.43113112
3,3500934,2018,2,15,3,3,5,3,0,0,1,0,0,0,0,0,13.43643764,52.55182211
9,9100304,2018,2,18,2,2,5,2,2,0,1,0,1,0,0,0,13.48703072,52.46554576
2,2100106,2018,2,10,2,1,6,2,0,0,0,1,0,1,0,0,13.41864376,52.49889512
6,6400737,2018,2,1,1,2,1,5,2,1,1,0,0,0,0,1,13.21582375,52.43313203
12,12400617,2018,2,8,5,3,5,3,0,1,1,0,0,0,0,0,13.22063962,52.61691887
5,5100317,2018,2,2,1,3,6,4,2,0,1,1,0,0,0,0,13.21794835,52.53125104
2,2300315,2018,2,0,7,3,0,1,2,1,0,0,0,0,0,0,13.42678104,52.499127
8,8200622,2018,2,20,1,3,1,5,2,0,1,0,0,0,0,0,13.43496395,52.46120297
3,3601141,2018,2,18,1,3,2,6,2,0,1,0,0,0,0,0,13.41465132,52.55357759
11,11400931,2018,2,16,1,2,6,4,1,0,1,1,0,0,0,0,13.51196503,52.50949971
8,8200832,2018,2,5,3,2,5,3,2,0,1,0,1,0,1,0,13.43338742,52.42454283
3,3300412,2018,2,15,1,3,6,4,0,0,1,1,0,0,0,0,13.46960502,52.61426662
5,5100316,2018,2,15,2,3,2,6,0,0,1,0,0,0,1,0,13.19427218,52.53569686
6,6200423,2018,2,9,1,2,5,3,0,1,1,0,0,0,0,0,13.33441637,52.41121722
1,1100308,2018,2,16,1,3,2,6,0,0,1,0,0,0,0,0,13.38761834,52.52414452
2,2200211,2018,2,8,1,3,6,7,0,0,0,1,0,0,1,0,13.40055899,52.48409959
4,4300518,2018,2,13,1,2,5,2,0,0,1,0,0,0,0,0,13.30598714,52.52576726
3,3400828,2018,2,8,5,3,5,3,0,0,1,0,0,0,0,0,13.42222861,52.55989984
2,2500831,2018,2,6,1,3,5,3,2,0,1,0,0,0,1,0,13.46744266,52.50964534
1,1300835,2018,2,6,6,3,0,2,2,0,1,0,1,0,0,0,13.38661832,52.54340709
3,3200310,2018,2,2,1,3,0,1,2,1,0,0,0,0,0,0,13.42503641,52.60732647
1,1100206,2018,2,5,1,3,5,3,2,0,1,0,0,0,0,0,13.39149316,52.512215
11,11100309,2018,2,10,3,3,6,4,0,0,1,1,0,0,0,0,13.50735698,52.56419229
8,8100415,2018,2,20,7,3,6,7,2,0,1,1,0,0,0,0,13.43627998,52.48015723
6,6300633,2018,2,12,2,3,5,3,0,0,1,0,0,0,0,0,13.30213952,52.43819655
7,7400825,2018,2,0,7,3,2,3,2,0,1,0,0,0,0,0,13.38382465,52.45580802
8,8200727,2018,2,13,7,3,2,6,0,0,1,0,0,0,0,0,13.4348348,52.44109301
3,3501038,2018,2,5,5,3,5,3,2,1,1,0,0,0,0,0,13.47763277,52.56055576
11,11300620,2018,2,12,7,2,5,2,0,0,1,0,0,0,0,0,13.47621843,52.53309599
1,1300834,2018,2,10,6,2,5,3,0,0,1,0,0,0,0,0,13.39590861,52.5382778
4,4300624,2018,2,18,4,2,0,5,2,1,1,0,0,0,0,0,13.32116919,52.50595453
11,11401032,2018,2,12,7,3,5,3,0,0,1,0,0,0,0,0,13.51910725,52.51346684
7,7601341,2018,2,6,5,3,0,5,2,0,1,0,0,0,0,0,13.3565767,52.40056823
1,1100101,2018,2,12,7,3,6,6,0,1,0,1,0,0,0,0,13.34048385,52.50534763
3,3400724,2018,2,11,6,3,6,4,0,0,0,1,0,0,1,0,13.42860814,52.58290607
4,4501040,2018,2,6,7,3,5,3,1,0,1,0,0,0,0,0,13.31305122,52.50059447
7,7300516,2018,2,16,2,2,5,3,0,1,1,0,0,0,0,0,13.33116251,52.46956484
9,9501941,2018,2,9,7,3,0,1,0,0,0,0,1,0,0,1,13.59316301,52.45155042
12,12500927,2018,2,11,2,2,2,6,0,0,1,0,0,0,1,0,13.32483415,52.60215054
10,10400835,2018,2,7,5,3,1,5,0,1,1,0,0,0,1,0,13.59030513,52.51366745
1,1100309,2018,2,23,7,3,5,3,2,0,1,0,0,0,0,0,13.39341195,52.52640274
9,9100101,2018,2,15,7,3,5,3,0,1,1,0,0,0,0,0,13.45202992,52.49031619
4,4100102,2018,2,7,5,2,0,2,0,0,1,0,1,0,0,0,13.29362552,52.53396569
1,1100313,2018,2,18,6,3,1,5,2,1,1,0,0,0,0,0,13.4255797,52.50846868
1,1401047,2018,2,23,7,3,5,3,2,0,1,0,0,0,0,0,13.35714279,52.54524049
7,7300517,2018,2,16,6,3,6,4,0,0,1,1,0,0,0,0,13.33279224,52.46903212
6,6200317,2018,2,14,4,3,6,4,0,0,1,1,0,0,0,0,13.35722476,52.42336255
8,8100207,2018,2,23,7,3,2,1,2,0,1,0,0,0,0,0,13.42881652,52.47798014
5,5300736,2018,2,21,7,3,5,2,2,0,1,0,0,0,0,0,13.21406837,52.53837019
4,4200311,2018,2,7,2,3,2,6,0,0,1,0,0,0,0,2,13.27890894,52.50361882
9,9401534,2018,2,9,5,2,5,3,0,1,1,0,0,0,0,0,13.58052863,52.44304026
2,2500833,2018,2,18,7,2,6,4,2,0,1,1,0,0,0,0,13.46111866,52.51106711
7,7400927,2018,2,9,2,3,5,2,0,1,0,0,0,1,0,1,13.40389265,52.45974284
8,8200624,2018,2,12,5,3,5,2,0,0,1,0,0,0,0,0,13.42600463,52.45722857
5,5100316,2018,2,18,7,2,6,4,2,0,1,1,0,0,0,0,13.19481525,52.53558226
1,1100308,2018,2,16,7,3,9,1,0,0,1,0,0,0,0,0,13.37924659,52.52945577
2,2500727,2018,2,18,7,3,5,2,2,1,1,0,0,0,0,0,13.46245988,52.51978184
3,3500934,2018,2,5,5,3,5,2,2,0,1,0,0,0,0,1,13.42908302,52.55632696
9,9501737,2018,2,15,7,3,5,7,0,1,1,0,0,0,0,0,13.62360816,52.44669495
10,10300732,2018,2,15,7,3,2,6,0,0,1,0,0,0,0,0,13.57112504,52.52861103
2,2400625,2018,2,19,3,3,1,5,2,1,1,0,0,0,1,0,13.44189366,52.50440336
2,2300316,2018,2,15,7,3,2,6,0,0,1,0,0,0,1,0,13.42867664,52.50715225
12,12601235,2018,2,17,6,3,6,4,1,0,1,1,0,0,0,0,13.35411667,52.59658058
8,8200622,2018,2,14,7,3,5,3,0,1,1,0,0,0,0,0,13.44487315,52.46245125
6,6400844,2018,2,13,1,3,6,4,0,0,1,1,0,0,0,0,13.2977233,52.46475356
8,8100521,2018,2,0,5,2,9,1,2,0,1,0,0,0,0,1,13.45316894,52.46347155
9,9501737,2018,2,13,6,3,6,4,0,0,1,1,0,0,0,0,13.62553464,52.45751166
3,3601453,2018,2,7,6,3,5,2,0,1,1,0,0,0,0,0,13.45637463,52.52323357
6,6300632,2018,2,17,6,2,6,7,1,0,1,1,0,0,0,0,13.30200301,52.4247299
4,4501045,2018,2,13,5,3,2,2,0,1,1,0,0,0,0,0,13.3345855,52.49838048
7,7300516,2018,2,7,6,3,3,6,0,0,1,0,0,0,1,1,13.32847724,52.46484111
7,7601443,2018,2,7,6,3,0,7,1,1,0,0,0,0,0,0,13.40953645,52.39978293
4,4400729,2018,2,19,6,3,1,1,2,0,1,0,0,0,0,0,13.26246131,52.48201041
4,4300412,2018,2,11,7,3,2,6,0,0,1,0,0,0,0,0,13.29597856,52.52961114
12,12200515,2018,2,22,6,2,6,4,2,0,1,1,0,0,0,0,13.28735485,52.59021859
8,8100105,2018,2,14,5,3,6,7,0,0,1,1,0,0,0,0,13.42562645,52.46568529
1,1100311,2018,2,22,6,3,2,6,2,0,1,0,0,0,0,0,13.42274696,52.51386877
4,4400835,2018,2,21,6,3,5,3,2,1,1,0,0,0,0,0,13.32000337,52.47357271
2,2200211,2018,2,14,3,2,6,2,0,0,1,1,0,0,0,0,13.3991756,52.48888555
6,6300634,2018,2,12,6,3,8,1,0,0,1,0,0,0,0,0,13.29689149,52.44278248
2,2100106,2018,2,13,6,3,5,2,0,0,1,0,0,0,0,0,13.39947502,52.49828894
6,6100209,2018,2,23,1,2,1,1,2,1,1,0,0,0,0,0,13.3331018,52.45832523
7,7400927,2018,2,15,5,3,5,2,0,0,1,0,0,0,0,0,13.40017675,52.45913658
1,1100206,2018,2,14,6,3,5,3,0,0,1,0,0,0,0,0,13.38909533,52.51474484
8,8100311,2018,2,12,6,3,5,3,0,1,1,0,0,0,0,0,13.42692148,52.48711145
9,9200715,2018,2,15,6,3,2,2,0,0,1,0,0,0,0,0,13.55336078,52.42739699
7,7400927,2018,2,12,3,3,0,3,0,0,1,0,0,0,1,0,13.39570274,52.45432657
7,7601442,2018,2,15,6,2,6,4,0,0,1,1,0,0,0,0,13.39953955,52.41691599
11,11300721,2018,2,15,2,3,2,6,0,0,1,0,0,0,0,0,13.50049039,52.53441206
8,8100312,2018,2,8,3,2,5,2,0,1,1,0,0,0,0,0,13.44415286,52.48478495
1,1100313,2018,2,15,6,3,1,6,0,1,0,0,0,0,1,0,13.42048625,52.50545116
11,11400929,2018,2,14,2,3,2,2,0,0,1,0,0,1,0,0,13.50060466,52.51060074
6,6300633,2018,2,16,6,3,5,3,0,1,1,0,0,0,0,0,13.30555103,52.43514018
8,8200623,2018,2,14,1,3,5,3,0,0,1,0,0,0,0,0,13.43679297,52.45696474
4,4501042,2018,2,15,5,3,5,2,0,1,0,0,0,0,1,0,13.33260038,52.50616985
6,6100101,2018,2,17,6,2,5,3,2,0,1,0,1,0,0,0,13.31918273,52.45744538
4,4300622,2018,2,9,6,3,5,2,0,1,1,0,0,0,0,0,13.32783356,52.50545999
10,10200524,2018,2,0,4,3,1,5,2,0,1,0,0,0,0,0,13.62452089,52.52994668
1,1100206,2018,2,23,6,3,0,1,2,1,0,0,0,0,0,0,13.40084946,52.51848676
4,4400832,2018,2,7,5,2,0,1,0,1,0,0,0,0,0,0,13.29852413,52.47236384
1,1300733,2018,2,18,2,3,5,2,2,1,1,0,0,0,0,0,13.38539182,52.55009921
8,8200832,2018,2,20,6,2,5,7,2,0,1,0,0,0,0,0,13.4301825,52.41461209
7,7100102,2018,2,10,2,3,5,2,0,0,1,0,0,0,0,0,13.34618173,52.50104551
3,3601142,2018,2,15,5,3,2,6,0,0,1,0,1,0,0,0,13.40668857,52.54709825
1,1100207,2018,2,18,6,3,3,2,2,1,1,0,0,0,0,0,13.40019291,52.50951242
4,4300622,2018,2,18,7,2,5,2,2,1,1,0,0,0,0,0,13.32210251,52.51180865
1,1300732,2018,2,15,5,3,5,2,0,1,1,0,0,0,0,0,13.38818896,52.56095849
7,7100206,2018,2,19,6,3,5,7,2,0,1,0,0,0,0,0,13.37211931,52.49242227
5,5200632,2018,2,12,6,3,5,2,0,1,1,0,0,0,0,0,13.21157285,52.52726893
9,9502043,2018,2,11,7,2,6,3,0,0,1,1,0,0,0,0,13.57813444,52.46002407
6,6100103,2018,2,11,6,3,3,6,0,0,1,0,0,0,0,0,13.32216057,52.46253665
4,4501042,2018,2,3,6,3,8,1,2,0,1,0,0,0,0,0,13.33372605,52.50524682
10,10300731,2018,2,6,4,3,5,3,2,0,1,0,0,0,0,2,13.5580451,52.5296707
1,1300733,2018,2,9,6,3,2,6,0,1,1,0,0,0,0,1,13.38406678,52.55089154
3,3400721,2018,2,8,6,3,5,3,0,1,1,0,0,0,0,1,13.402781,52.56350995
12,12400618,2018,2,8,2,2,4,6,0,0,1,0,0,0,0,0,13.22961683,52.62519665
5,5100317,2018,2,6,6,3,0,6,1,0,1,0,0,0,1,1,13.22680111,52.52851353
12,12200515,2018,2,13,7,3,5,7,0,0,1,0,0,0,0,0,13.28549679,52.58375414
7,7601339,2018,2,6,6,2,6,2,2,0,1,1,0,0,0,1,13.35034976,52.41424859
9,9200819,2018,2,6,6,3,1,5,1,0,1,0,0,0,0,1,13.57158954,52.43683111
2,2200210,2018,2,5,6,3,6,2,2,0,1,1,0,0,0,1,13.38980677,52.49590407
7,7400928,2018,2,16,3,3,6,2,0,0,0,1,0,0,1,0,13.42160119,52.46519957
9,9502043,2018,2,2,6,3,0,1,2,1,0,0,0,0,0,1,13.57816266,52.45990038
1,1400938,2018,2,16,5,3,5,2,2,1,1,0,0,0,0,0,13.33649774,52.54211524
4,4501042,2018,2,15,3,3,3,6,0,0,1,0,0,0,1,0,13.33039889,52.50369206
1,1300836,2018,2,10,5,2,5,3,0,0,1,0,0,0,0,0,13.3786311,52.54472723
1,1200522,2018,2,10,5,3,1,5,0,0,1,0,0,0,0,0,13.3320993,52.52416111
1,1200625,2018,2,7,2,2,2,6,1,1,1,0,0,0,0,2,13.35402774,52.52654374
1,1200517,2018,2,9,5,3,5,3,0,1,1,0,0,0,0,0,13.31958778,52.52835574
7,7300517,2018,2,1,7,3,9,1,2,0,1,0,0,0,0,0,13.32910268,52.47154542
1,1100310,2018,2,9,5,3,0,1,0,1,0,0,0,0,0,0,13.40448497,52.52200651
9,9200613,2018,2,8,5,3,2,6,0,0,1,0,0,0,1,0,13.49592035,52.46612876
6,6300632,2018,2,7,5,3,1,5,0,0,1,0,0,0,0,0,13.29987628,52.422911
4,4501150,2018,2,14,3,2,6,2,0,0,1,1,0,0,0,0,13.32239154,52.4863294
10,10200524,2018,2,7,5,3,8,1,0,0,1,0,0,0,0,1,13.62585246,52.5293716
8,8100417,2018,2,6,5,3,6,2,2,0,0,1,0,1,0,0,13.4558115,52.47378643
5,5200527,2018,2,18,1,3,5,2,2,0,1,0,0,0,0,0,13.16177461,52.52356011
7,7200307,2018,2,19,6,3,2,6,2,0,1,0,0,0,0,0,13.3452853,52.49256672
9,9100304,2018,2,6,5,3,5,2,1,0,1,0,0,0,0,0,13.48125577,52.46079553
8,8100419,2018,2,11,6,3,5,3,0,0,1,0,0,0,0,0,13.45613516,52.48430581
6,6200420,2018,2,13,1,3,5,3,0,0,1,0,0,0,0,0,13.30648529,52.4174362
2,2500728,2018,2,1,5,3,5,3,2,0,1,0,0,0,0,0,13.46966405,52.52039713
8,8401241,2018,2,16,6,3,2,6,0,0,1,0,0,0,0,0,13.46983099,52.43479975
3,3200207,2018,2,8,5,3,2,6,0,0,1,0,0,0,0,0,13.42081172,52.58942879
6,6100209,2018,2,19,5,3,6,2,2,0,1,1,0,0,0,1,13.33756883,52.45853376
1,1400942,2018,2,10,3,3,6,4,0,0,1,1,0,0,0,0,13.35409963,52.54947639
7,7400824,2018,2,19,5,3,0,2,2,0,1,1,0,0,0,0,13.38581939,52.46707837
1,1200517,2018,2,13,2,3,2,6,0,0,1,0,0,0,0,0,13.32833103,52.5346173
6,6400843,2018,2,15,5,3,6,2,0,0,1,1,0,0,0,0,13.29274631,52.45806082
2,2200210,2018,2,1,1,3,5,2,2,0,1,0,0,0,0,0,13.39426148,52.49145914
7,7100205,2018,2,8,6,3,0,2,0,0,1,0,0,0,1,0,13.36120387,52.4942308
9,9100306,2018,2,18,4,2,2,6,2,0,1,0,0,0,0,0,13.46967618,52.45203767
1,1100310,2018,2,14,5,3,2,6,0,0,1,0,0,0,0,0,13.41545158,52.52659171
3,3200207,2018,2,11,5,2,5,3,0,0,1,0,0,0,0,0,13.41954484,52.58772444
7,7501029,2018,2,9,2,3,5,3,0,0,1,0,0,0,1,1,13.37526436,52.44349458
3,3300516,2018,3,17,2,3,2,6,0,0,1,0,0,0,0,0,13.42917982,52.5719786
8,8401243,2018,3,17,2,3,1,5,0,1,1,0,0,0,0,0,13.50119547,52.42024599
9,9200715,2018,3,16,2,3,6,4,0,0,1,1,0,0,0,0,13.53855146,52.43163597
6,6300630,2018,3,1,3,3,9,1,2,0,1,0,0,0,0,0,13.31578715,52.45048938
2,2200210,2018,3,16,2,3,5,2,0,1,1,0,0,0,0,0,13.40283377,52.49404262
1,1300733,2018,3,16,2,3,6,4,0,0,1,1,0,0,0,0,13.38774808,52.55112806
2,2400522,2018,3,16,2,3,2,6,0,0,1,0,0,0,0,0,13.45335481,52.51580343
5,5200423,2018,3,17,3,2,6,7,0,0,1,1,0,0,0,0,13.15840204,52.53194461
4,4400830,2018,3,14,2,3,5,3,0,0,1,0,0,0,0,0,13.29586108,52.48121862
11,11400931,2018,3,17,3,2,6,4,1,0,1,1,0,0,0,0,13.51408512,52.50550603
7,7601340,2018,3,19,3,3,6,4,2,0,1,1,0,0,0,1,13.3542672,52.41340098
6,6100208,2018,3,18,3,3,6,7,1,0,0,1,0,0,1,1,13.33804586,52.45288
1,1100416,2018,3,19,3,3,5,3,2,1,0,0,0,0,1,1,13.40332543,52.53406943
1,1200522,2018,3,20,2,3,6,4,2,0,1,1,0,0,1,1,13.33364317,52.52443673
8,8100415,2018,3,19,3,3,6,2,2,0,1,1,0,0,0,1,13.44021033,52.48157376
1,1200628,2018,3,9,3,3,1,5,0,0,1,0,1,0,0,0,13.36642682,52.52246845
2,2200211,2018,3,20,3,3,1,5,2,1,1,0,0,0,0,1,13.39977157,52.48887172
2,2200212,2018,2,10,4,3,2,7,0,1,1,0,0,0,0,0,13.42259871,52.48694785
1,1300836,2018,3,20,3,2,6,4,2,0,0,1,0,0,1,1,13.37559149,52.54055181
2,2200212,2018,3,19,2,3,2,6,2,0,1,0,0,0,0,0,13.4116102,52.48846226
8,8100312,2018,3,21,3,3,6,2,2,0,1,1,0,0,0,1,13.43998206,52.48158883
11,11501238,2018,3,21,3,3,2,7,2,0,1,0,0,0,0,1,13.48097992,52.49902135
5,5100316,2018,3,18,2,3,6,4,1,0,1,1,0,0,0,0,13.19798366,52.54252879
1,1401046,2018,3,21,3,3,6,2,2,0,1,1,0,0,0,1,13.34485827,52.53913876
4,4300416,2018,3,20,2,2,6,4,2,0,1,1,0,0,0,1,13.29940009,52.50684246
7,7100102,2018,3,21,3,3,2,6,2,0,1,0,0,0,0,1,13.34630856,52.5011045
7,7601340,2018,3,21,3,2,9,1,2,0,1,0,0,0,0,1,13.35774324,52.41305671
11,11401137,2018,3,23,3,2,6,4,2,0,1,1,0,0,0,1,13.52424639,52.49662067
1,1200628,2018,3,16,2,3,5,3,0,1,1,0,0,0,0,1,13.36722121,52.5225539
9,9501939,2018,3,22,2,3,2,6,2,0,1,0,0,0,0,0,13.55854842,52.45602275
1,1100207,2018,3,17,2,3,5,3,1,0,1,0,1,0,0,1,13.39378018,52.51063901
7,7400721,2018,3,8,2,3,2,6,0,0,1,0,0,0,0,1,13.3776492,52.4754867
5,5100316,2018,3,15,2,3,0,6,0,0,1,0,1,0,0,1,13.20110527,52.53891413
3,3400829,2018,3,8,2,3,1,1,0,0,1,0,1,0,0,2,13.42294818,52.56389873
1,1400937,2018,3,15,2,3,5,3,0,1,1,0,0,0,0,1,13.32489967,52.55539372
7,7300619,2018,3,14,2,3,5,2,0,0,0,0,0,0,1,1,13.33753096,52.46715565
8,8200726,2018,3,7,2,2,6,4,0,0,0,1,0,0,1,2,13.44024894,52.4477944
6,6200312,2018,3,15,4,3,2,6,0,0,1,0,0,0,0,1,13.33847714,52.44413715
4,4200308,2018,3,14,2,3,5,2,0,0,1,0,0,0,0,1,13.27805801,52.51833872
11,11300721,2018,3,7,2,3,5,3,0,0,1,0,0,0,0,2,13.49616579,52.52653501
9,9100203,2018,3,22,2,3,6,2,2,0,1,1,0,0,0,1,13.47382062,52.47492149
7,7601443,2018,3,14,2,3,1,5,0,0,1,0,0,0,0,1,13.41293422,52.40303593
8,8100417,2018,3,7,2,2,5,3,0,0,1,0,0,0,1,2,13.45458416,52.47452558
12,12400722,2018,3,13,2,3,5,3,0,1,1,0,0,0,0,1,13.30128989,52.61126778
5,5200525,2018,3,6,2,3,0,1,2,1,0,0,0,0,0,2,13.14417739,52.52776356
3,3400619,2018,3,13,2,3,5,3,0,0,1,0,0,0,0,1,13.36669061,52.58555802
4,4200308,2018,3,8,2,3,3,6,0,0,1,0,0,1,0,2,13.27956368,52.51827978
2,2100104,2018,3,18,3,3,5,3,2,1,1,0,0,0,0,1,13.41096761,52.50390356
3,3601449,2018,3,7,2,3,5,3,0,1,1,0,0,0,0,0,13.45239557,52.53929971
6,6200421,2018,3,10,2,2,2,6,0,0,1,0,0,0,1,0,13.31420316,52.43054209
2,2400521,2018,3,11,3,3,6,4,0,0,1,1,0,0,0,0,13.43684282,52.52086581
12,12400616,2018,3,15,2,3,5,3,0,0,1,0,0,0,1,1,13.22585965,52.58734795
11,11401136,2018,3,11,2,3,1,5,0,1,1,0,0,0,0,0,13.50898658,52.50117527
1,1100101,2018,3,12,2,3,5,3,0,1,1,0,0,0,0,0,13.35175461,52.50635871
7,7300516,2018,3,19,2,3,6,2,2,0,1,1,0,0,0,1,13.32836656,52.46634075
1,1100207,2018,2,10,4,3,5,3,0,0,1,0,0,0,0,0,13.39019577,52.50862913
7,7400927,2018,3,13,2,3,5,3,0,0,1,0,0,0,1,0,13.39562763,52.45426088
4,4501044,2018,3,18,2,3,5,2,2,1,1,0,0,0,0,1,13.32029568,52.497955
1,1100308,2018,3,14,2,3,6,7,0,0,1,1,0,0,0,0,13.36989683,52.53471863
12,12200515,2018,3,18,2,3,6,2,2,0,1,1,0,0,0,1,13.28244519,52.59076738
5,5300841,2018,3,14,2,3,6,4,0,0,0,1,0,0,1,0,13.27540388,52.53695865
5,5200629,2018,3,13,3,3,5,3,0,0,1,0,0,1,0,0,13.19648402,52.53044275
2,2500835,2018,2,8,4,3,5,7,0,1,1,0,0,0,0,0,13.46595421,52.49967158
1,1100309,2018,3,18,2,3,2,2,2,1,1,0,0,0,0,1,13.39292907,52.52745388
6,6400736,2018,3,19,1,2,1,5,2,0,1,0,0,0,0,0,13.22456553,52.4287374
5,5200630,2018,3,18,2,3,6,4,2,0,1,1,0,0,0,1,13.17759975,52.52529523
1,1401049,2018,3,17,2,3,6,4,1,0,1,1,0,0,0,1,13.3660745,52.5534843
4,4300619,2018,3,10,1,3,5,3,0,0,1,0,0,0,0,0,13.30647293,52.51817037
9,9501939,2018,3,13,1,3,5,2,0,0,1,0,0,0,1,0,13.56711344,52.45487194
12,12200412,2018,3,18,2,3,5,2,2,0,1,0,0,0,0,1,13.2979037,52.57816478
5,5300736,2018,3,19,2,3,2,6,2,0,1,0,0,0,0,1,13.21789391,52.53745729
1,1300836,2018,3,13,1,3,2,6,0,0,1,0,0,0,0,0,13.38356305,52.54859336
11,11501341,2018,3,21,2,3,2,6,2,0,1,0,0,0,0,1,13.52543957,52.48137562
4,4501043,2018,3,4,1,3,1,1,2,0,1,0,0,0,0,0,13.31588438,52.49687484
11,11100102,2018,3,20,2,3,5,3,2,1,1,0,0,0,0,1,13.53823786,52.5698106
5,5100317,2018,3,7,3,2,5,2,0,0,1,0,1,0,0,1,13.22866046,52.52821121
1,1200623,2018,3,19,2,3,1,5,2,1,1,0,0,0,0,1,13.35327025,52.53386241
2,2200212,2018,3,19,2,3,1,5,2,1,1,0,0,0,0,1,13.40831388,52.48964593
3,3601141,2018,3,1,1,3,5,2,2,0,1,0,0,0,0,0,13.41372528,52.55057197
1,1200629,2018,3,19,2,3,6,2,2,0,1,1,0,0,0,1,13.3399983,52.51873328
1,1100206,2018,3,19,2,3,5,3,2,0,1,0,0,0,0,1,13.38905941,52.51558214
5,5200527,2018,3,20,1,3,3,6,2,0,1,0,0,0,0,0,13.1625962,52.52163978
5,5200631,2018,3,19,2,3,6,2,2,0,1,1,0,0,0,1,13.19793405,52.52104842
6,6100210,2018,3,11,2,3,1,5,0,0,1,0,0,0,0,1,13.34112998,52.45873135
6,6300634,2018,3,19,1,3,5,2,2,0,1,0,0,0,0,0,13.30966569,52.43143878
1,1200517,2018,3,4,2,3,4,6,2,0,1,0,0,0,0,0,13.34923654,52.53590391
2,2400625,2018,3,16,1,3,6,2,0,0,1,1,0,0,0,0,13.44676377,52.50265871
2,2500832,2018,3,5,2,3,5,2,2,0,0,0,1,1,0,0,13.47033225,52.50618775
7,7100102,2018,3,19,3,3,6,4,2,1,0,1,0,0,0,1,13.34991147,52.49646621
11,11300722,2018,3,8,2,3,2,6,0,0,1,0,0,0,0,0,13.48507937,52.51568455
5,5100315,2018,3,8,2,3,2,6,0,0,1,0,0,0,0,1,13.19821082,52.54295923
3,3601346,2018,3,16,1,3,6,7,0,0,1,1,0,0,0,0,13.41365338,52.54225251
1,1100415,2018,3,9,2,3,0,1,0,1,0,0,0,0,0,0,13.39861713,52.5325576
7,7501134,2018,3,11,2,2,5,3,0,0,1,0,0,0,0,1,13.40168231,52.42599233
2,2200210,2018,3,15,1,3,5,3,0,1,0,0,0,0,1,0,13.39644647,52.49140572
1,1300733,2018,3,13,4,3,5,3,0,0,1,0,0,0,0,1,13.39221387,52.55411903
2,2200209,2018,3,11,2,3,5,7,0,0,1,0,0,0,0,1,13.38637573,52.49007619
3,3501038,2018,3,15,1,3,5,2,0,0,1,0,0,0,1,0,13.47025321,52.55364804
9,9301025,2018,3,19,2,1,6,4,2,0,1,1,0,0,0,1,13.57483454,52.39971589
6,6200420,2018,3,11,7,2,5,3,0,1,0,0,0,0,1,0,13.30487412,52.41703855
6,6400736,2018,3,14,1,3,6,4,0,1,0,1,0,0,0,0,13.20874959,52.41935615
1,1300836,2018,3,6,2,3,1,1,1,0,1,0,0,0,0,2,13.38161219,52.54890657
3,3100103,2018,3,6,1,2,0,1,0,1,0,0,0,0,0,0,13.49771331,52.62695131
12,12400721,2018,3,2,1,3,3,6,2,1,1,0,0,0,0,0,13.30337212,52.64301272
11,11100309,2018,3,20,7,3,2,6,2,0,1,0,0,0,1,0,13.5079561,52.56442082
12,12500927,2018,3,16,1,3,1,6,0,1,1,0,0,0,1,0,13.31032248,52.59286373
9,9100407,2018,3,19,7,3,2,6,2,0,1,0,0,0,1,0,13.49798051,52.45854087
4,4500936,2018,3,18,1,3,5,2,2,1,1,0,0,0,0,0,13.30697085,52.50013742
10,10400941,2018,3,0,7,3,1,5,2,0,1,0,0,0,0,0,13.61888929,52.49608961
9,9200819,2018,3,16,3,3,5,2,0,1,1,0,0,0,0,1,13.56972276,52.4419811
1,1401046,2018,3,17,1,3,5,3,1,1,1,0,0,0,0,0,13.3527141,52.53972286
8,8401246,2018,3,9,7,3,5,3,0,0,1,0,0,0,1,0,13.49742366,52.41607054
7,7601545,2018,3,4,7,3,1,7,2,0,1,0,0,0,0,0,13.41893102,52.39258697
1,1401049,2018,3,17,1,3,2,6,0,0,1,0,0,0,0,0,13.37214742,52.55669338
2,2300314,2018,2,8,4,3,1,6,0,1,0,0,0,0,1,0,13.42124376,52.50075117
5,5100209,2018,3,15,1,3,5,3,0,1,1,0,0,0,0,0,13.18140846,52.54847515
4,4500936,2018,3,11,7,2,1,5,0,1,1,0,0,0,0,0,13.30387603,52.50165752
1,1100206,2018,3,13,1,3,0,2,0,1,0,0,0,0,1,0,13.38085472,52.51633331
1,1400938,2018,3,12,7,3,2,6,0,0,1,0,0,0,0,0,13.33635208,52.54203898
5,5100317,2018,3,15,7,3,2,6,0,0,1,0,0,0,0,0,13.23230632,52.52761149
4,4200207,2018,3,11,1,2,1,5,0,1,1,0,0,0,0,0,13.22330468,52.50062771
2,2500832,2018,3,16,7,3,2,2,0,1,1,0,0,0,0,0,13.47314977,52.5092847
3,3500934,2018,3,10,1,3,5,2,0,0,1,0,0,0,0,0,13.44163036,52.55486724
7,7100103,2018,3,17,7,3,6,7,0,0,1,1,0,0,0,0,13.3555138,52.49904257
1,1300733,2018,3,15,3,3,9,1,0,0,1,0,0,0,0,0,13.38235837,52.55337633