BEZ,LOR_ab_2021,UJAHR,UMONAT,USTUNDE,UWOCHENTAG,UKATEGORIE,UART,UTYP1,ULICHTVERH,IstRad,IstPKW,IstFuss,IstKrad,IstGkfz,IstSonstige,USTRZUSTAND,XGCSWGS84,YGCSWGS84
6,6200422,2018,3,10,1,3,5,3,0,1,1,0,0,0,0,0,13.3401268,52.41631523
11,11400927,2018,3,19,6,3,5,2,2,1,1,0,0,0,0,0,13.47137645,52.50515419
4,4300623,2018,3,9,6,3,0,2,0,0,1,0,0,0,1,0,13.31404127,52.50635084
2,2400623,2018,3,3,1,3,1,5,2,1,1,0,0,0,0,1,13.42805875,52.51106895
5,5100208,2018,3,2,1,2,5,2,2,0,1,0,0,0,0,1,13.16535936,52.55112383
3,3500934,2018,3,10,6,3,5,3,0,0,1,0,0,0,0,0,13.44265387,52.55104376
2,2300419,2018,3,20,1,3,6,7,2,0,1,1,0,0,0,0,13.44535809,52.49716669
10,10300731,2018,3,11,6,3,5,3,0,0,1,0,0,0,0,0,13.55810637,52.5296365
6,6200315,2018,3,21,1,3,6,4,2,0,1,1,0,0,0,0,13.34632523,52.43085874
11,11401137,2018,3,19,3,3,6,4,2,0,1,1,0,0,0,1,13.5223512,52.49730285
10,10400837,2018,3,15,7,3,0,6,0,0,1,0,0,1,0,1,13.57630403,52.48278783
12,12500825,2018,3,14,7,3,5,2,0,1,1,0,0,0,0,0,13.31105863,52.58461586
4,4501041,2018,3,12,6,2,5,3,0,0,1,0,0,0,0,0,13.31495156,52.50082864
12,12601235,2018,3,12,7,3,2,6,0,0,1,0,0,0,0,0,13.3537516,52.59655892
12,12200515,2018,3,10,7,3,5,7,0,1,1,0,0,0,0,1,13.2887724,52.58799726
10,10200422,2018,3,19,3,2,0,7,2,1,0,0,0,0,0,1,13.60646157,52.54182514
12,12200414,2018,3,17,7,3,5,3,1,0,1,0,0,0,0,0,13.24943397,52.55227497
8,8200726,2018,3,13,6,3,6,4,0,0,1,1,0,0,0,0,13.44340943,52.44634626
8,8100312,2018,3,13,7,3,3,3,0,0,1,0,0,0,0,0,13.43806016,52.48281481
10,10100313,2018,3,12,7,2,6,4,0,0,1,1,0,0,0,1,13.56390011,52.54202222
9,9301228,2018,3,13,6,3,9,1,0,0,0,0,0,0,1,0,13.69836294,52.3805671
6,6100102,2018,3,18,7,3,6,3,2,0,1,1,0,0,0,0,13.32347061,52.45716427
4,4400727,2018,3,13,6,3,5,3,0,0,1,0,1,0,0,0,13.28562739,52.4829248
6,6400735,2018,3,10,7,3,1,7,0,0,1,0,0,0,0,0,13.1553737,52.42261463
1,1300835,2018,3,20,3,2,5,3,2,0,1,0,0,0,0,1,13.38493439,52.53998203
7,7400825,2018,3,23,7,2,6,4,2,0,1,1,0,0,0,1,13.38421581,52.45818039
10,10100205,2018,3,8,7,2,5,3,0,0,1,0,0,0,1,1,13.54971233,52.55892996
12,12500930,2018,3,14,6,3,5,3,0,1,1,0,0,0,0,0,13.33993633,52.58815985
2,2400521,2018,3,7,7,3,6,4,0,0,1,1,0,0,0,1,13.43357199,52.5231758
7,7501031,2018,3,23,6,3,6,2,2,0,1,1,0,0,0,0,13.39605374,52.44729588
2,2200210,2018,3,2,7,3,8,1,2,0,1,0,0,0,0,0,13.40575209,52.49021499
12,12200412,2018,3,20,6,3,5,3,2,1,1,0,0,0,0,0,13.30028756,52.57005216
3,3300411,2018,3,23,6,3,7,7,2,0,1,0,0,0,0,1,13.48900314,52.61759459
2,2300315,2018,3,8,6,2,5,3,0,1,1,0,0,0,0,0,13.42764241,52.49917174
9,9501737,2018,3,15,4,2,6,4,0,0,1,1,0,0,0,0,13.62402383,52.45052786
5,5200629,2018,3,21,6,3,2,2,2,0,1,0,0,0,0,0,13.19845192,52.53298104
6,6400839,2018,3,8,6,2,5,3,0,0,1,0,0,0,0,0,13.24116907,52.43850046
10,10100103,2018,3,12,2,3,5,5,0,0,1,0,0,0,0,0,13.56887545,52.56835732
4,4501148,2018,3,7,6,3,5,2,0,1,1,0,0,0,0,0,13.32034406,52.47883001
6,6200421,2018,3,10,6,3,5,3,0,0,1,0,0,0,0,0,13.3133663,52.42312889
9,9200819,2018,3,8,6,3,6,2,0,0,1,1,0,0,0,0,13.56970514,52.44201374
12,12200307,2018,3,9,6,3,0,5,0,0,1,0,0,0,0,0,13.33070249,52.57550353
8,8100312,2018,3,17,6,3,6,2,0,0,1,1,0,0,0,0,13.43587957,52.48370427
1,1100310,2018,3,9,6,3,1,5,0,1,1,0,0,0,0,0,13.40505223,52.52210361
8,8100311,2018,3,17,6,3,6,4,0,0,1,1,0,0,0,0,13.429742,52.48961728
9,9100101,2018,3,17,3,3,5,2,1,1,1,0,0,0,0,1,13.45103088,52.49183284
7,7601544,2018,3,9,6,3,6,7,0,0,1,1,0,0,0,0,13.40392786,52.38667549
2,2200210,2018,3,15,6,3,2,2,0,0,1,0,0,0,0,0,13.40336906,52.4938381
2,2300314,2018,3,15,6,3,3,2,0,1,0,0,0,0,1,0,13.41661211,52.50206319
2,2100106,2018,3,8,6,3,5,3,0,0,1,0,0,0,0,0,13.40665047,52.49843003
11,11100101,2018,3,19,4,3,8,1,2,0,0,0,0,0,1,1,13.49769192,52.57758214
6,6400737,2018,3,7,6,3,5,3,0,1,1,0,0,0,0,1,13.21344682,52.42961609
8,8401241,2018,3,14,6,3,0,4,0,0,0,1,0,0,1,0,13.47366512,52.4381181
6,6100101,2018,3,19,6,3,3,6,2,0,1,0,0,0,0,1,13.31903362,52.45750135
1,1100415,2018,3,7,6,3,6,4,0,0,1,1,0,0,0,0,13.39213884,52.52986615
4,4500937,2018,3,19,6,3,5,7,2,1,1,0,0,0,0,0,13.29426447,52.49769212
12,12200411,2018,3,6,6,3,5,2,1,0,1,0,0,0,0,0,13.31751794,52.55988183
12,12500825,2018,3,7,6,3,6,4,0,0,1,1,0,0,0,0,13.30720561,52.58587204
1,1100311,2018,3,4,6,3,5,3,1,1,1,0,0,0,0,0,13.42331656,52.52018603
4,4500939,2018,3,5,3,2,5,2,2,0,1,0,0,0,0,1,13.30934171,52.49205885
5,5300841,2018,3,18,6,3,6,4,2,0,1,1,0,0,0,0,13.27370577,52.53693537
2,2100106,2018,3,19,5,3,3,6,2,1,1,0,0,0,0,0,13.41724125,52.49883863
4,4300412,2018,3,19,5,3,2,6,2,0,1,0,0,0,0,0,13.28574979,52.5187569
2,2500834,2018,3,7,6,3,2,2,0,0,1,0,1,0,0,1,13.45001575,52.50750914
4,4100101,2018,3,18,6,3,5,3,1,0,1,0,0,0,0,0,13.29665529,52.54814634
3,3601450,2018,3,13,5,3,2,6,0,0,1,0,0,0,0,0,13.46048624,52.52937557
2,2200209,2018,3,17,6,3,5,2,1,0,1,0,1,0,0,0,13.38601594,52.48503043
1,1100312,2018,3,12,5,3,5,5,0,1,1,0,0,0,0,0,13.4139517,52.50776446
1,1300836,2018,3,17,6,3,1,1,0,0,1,0,0,0,0,0,13.37265471,52.54017551
3,3300413,2018,3,10,5,2,2,6,0,0,1,0,0,0,0,0,13.48394104,52.6132432
5,5300841,2018,3,17,6,3,1,5,1,0,1,0,0,0,1,1,13.27598816,52.53557809
5,5100211,2018,3,7,3,3,5,2,0,0,1,0,0,0,0,0,13.1780196,52.54873327
9,9501838,2018,3,7,6,3,0,1,0,1,0,0,0,0,0,2,13.66375011,52.44933737
3,3701554,2018,3,7,6,3,1,5,0,0,1,0,0,1,0,0,13.41174496,52.54047256
3,3601245,2018,3,11,5,3,2,2,0,1,1,0,0,0,0,0,13.42994621,52.55107865
1,1100102,2018,3,15,6,3,5,2,0,1,1,0,0,0,0,0,13.36826275,52.50630877
8,8100104,2018,3,15,6,3,2,6,0,0,1,0,1,0,0,0,13.43065012,52.46863538
3,3500934,2018,3,11,5,3,5,3,0,0,1,0,0,0,0,0,13.43563395,52.55104727
4,4200308,2018,3,15,6,3,5,3,0,0,1,0,0,0,0,0,13.26926953,52.51913587
4,4300414,2018,3,10,5,3,6,7,0,0,1,1,0,0,0,0,13.30056312,52.51711445
7,7400823,2018,3,15,6,2,5,3,0,0,1,0,0,1,0,0,13.37789492,52.46868418
12,12100205,2018,3,8,2,3,0,1,0,1,0,0,0,0,0,2,13.36139582,52.577653
1,1100102,2018,3,22,5,3,0,7,2,0,1,0,0,0,0,1,13.36430186,52.50692904
2,2500728,2018,3,22,5,3,6,7,2,1,0,1,0,0,0,0,13.46795526,52.51553067
5,5200526,2018,3,15,5,3,6,4,0,0,1,1,0,0,0,0,13.15576797,52.52162342
10,10300732,2018,3,9,5,3,2,7,0,0,1,0,0,0,0,0,13.57135653,52.52854689
3,3400724,2018,3,17,5,3,5,3,0,1,1,0,0,0,0,0,13.40990837,52.57440732
2,2400625,2018,3,19,3,2,5,3,2,0,1,0,0,0,1,2,13.4433535,52.51195588
6,6300634,2018,3,21,5,3,5,5,2,0,1,0,1,0,0,1,13.29733784,52.44238012
9,9501737,2018,3,19,5,3,5,2,2,1,1,0,0,0,0,0,13.62300226,52.45056783
1,1100308,2018,3,9,5,3,5,2,0,1,1,0,0,0,0,0,13.38041813,52.52271996
1,1400938,2018,3,14,5,3,2,6,0,0,1,0,0,0,0,1,13.34253559,52.54529119
6,6300630,2018,3,13,5,3,2,2,0,0,1,0,0,0,0,1,13.32135154,52.44410735
2,2100104,2018,3,9,5,3,5,2,0,1,1,0,0,0,0,0,13.41101973,52.50348032
2,2500833,2018,3,15,4,3,0,6,0,0,1,0,0,0,1,1,13.45957478,52.50908845
10,10100312,2018,3,12,5,3,5,2,0,1,1,0,0,0,0,1,13.54012811,52.52566483
7,7501134,2018,3,9,5,3,5,3,0,0,1,0,0,0,0,0,13.39749752,52.42385474
4,4100102,2018,3,18,5,3,6,4,2,0,1,1,0,0,0,0,13.29711385,52.53721632
2,2300419,2018,3,9,5,3,2,6,0,0,1,0,0,0,0,0,13.44922787,52.49703544
7,7200308,2018,3,18,5,3,5,3,2,0,1,0,0,0,0,0,13.34394319,52.48570569
8,8100521,2018,3,8,5,3,5,3,0,0,1,0,0,0,0,0,13.4721447,52.46514356
9,9200715,2018,3,8,5,3,2,6,0,0,1,0,0,0,0,0,13.53966455,52.43642899
9,9200715,2018,3,6,5,3,5,2,1,1,0,0,0,1,0,1,13.5352166,52.43240254
8,8100104,2018,3,22,5,3,2,3,2,0,1,0,0,0,0,0,13.4308924,52.46784251
7,7100205,2018,3,10,5,3,5,3,0,0,1,0,0,0,0,1,13.3656375,52.49369662
10,10200524,2018,3,8,5,3,0,6,0,1,0,0,0,0,1,0,13.60755409,52.53348622
5,5100211,2018,3,14,3,3,0,3,0,0,1,0,1,0,0,0,13.17660856,52.54501652
12,12500926,2018,3,10,5,3,6,2,0,0,0,1,0,0,1,0,13.33314137,52.59549022
3,3601142,2018,3,20,5,3,6,4,2,0,1,1,0,0,0,0,13.41196716,52.54272193
2,2100104,2018,3,17,5,3,0,3,2,0,1,0,1,0,0,0,13.4084288,52.50199115
3,3400723,2018,3,10,5,3,1,5,0,1,1,0,0,0,0,1,13.41515522,52.56967372
2,2400520,2018,2,8,4,3,6,3,0,0,1,1,0,0,0,0,13.42516356,52.52687746
11,11401136,2018,3,7,5,3,2,2,0,0,1,0,0,0,0,0,13.5067659,52.49691594
5,5200631,2018,3,8,5,3,5,5,0,0,1,0,0,0,0,1,13.20342426,52.52381511
5,5200423,2018,3,7,5,2,6,4,0,0,1,1,0,0,0,0,13.15459944,52.53217311
9,9401534,2018,3,10,5,3,2,2,0,0,1,1,0,0,0,1,13.58208801,52.44280778
1,1100312,2018,3,17,5,3,1,5,2,1,1,0,0,0,0,0,13.40790085,52.51172643
3,3601449,2018,3,10,3,3,6,4,0,1,0,1,0,0,0,0,13.44163537,52.54327937
9,9200717,2018,3,15,5,3,5,3,0,0,1,0,0,0,0,0,13.55480541,52.43268534
6,6300633,2018,3,7,5,3,5,3,0,1,1,0,0,0,0,1,13.3140757,52.43677353
3,3601453,2018,3,17,5,3,5,3,2,1,1,0,0,0,0,0,13.46016581,52.52280689
1,1401048,2018,3,16,3,3,6,4,0,0,1,1,0,0,0,0,13.36228788,52.55103899
8,8200726,2018,3,15,5,2,6,4,0,0,1,1,0,0,0,0,13.44795554,52.44744874
5,5300736,2018,3,14,5,3,2,6,0,0,1,0,0,0,0,0,13.23072918,52.53815345
9,9401534,2018,3,15,5,3,6,3,0,0,1,1,0,0,0,0,13.58534912,52.4415567
2,2500832,2018,3,9,5,3,0,7,0,1,0,0,0,0,0,1,13.4717076,52.50768705
1,1100311,2018,3,8,4,3,5,3,0,1,1,0,0,0,0,0,13.41933788,52.51501688
6,6200421,2018,3,14,5,2,3,3,0,1,1,0,0,1,0,0,13.32547496,52.42800189
3,3500932,2018,3,19,4,2,5,2,2,0,1,0,0,0,0,1,13.4561312,52.56144164
9,9300920,2018,3,14,5,3,5,3,0,1,1,0,0,0,0,0,13.52782692,52.42277713
8,8100207,2018,3,18,4,3,2,2,2,0,1,0,0,0,0,1,13.43270256,52.47841991
7,7601238,2018,3,5,3,3,5,7,2,0,1,0,1,0,0,0,13.38576881,52.42154867
6,6100102,2018,3,17,4,3,5,3,0,0,1,0,0,0,0,0,13.31862628,52.45416933
1,1100101,2018,3,12,4,3,2,6,0,0,1,0,0,0,0,1,13.34762499,52.5070115
6,6400737,2018,3,14,5,3,5,2,0,1,1,0,0,0,0,0,13.21662651,52.43620389
4,4400835,2018,3,10,4,3,2,7,0,0,1,0,0,0,0,1,13.31493251,52.46932282
8,8200623,2018,3,10,4,3,5,2,0,0,1,0,0,0,0,1,13.43860165,52.45259462
10,10400837,2018,3,13,5,2,5,3,0,0,1,0,0,0,0,0,13.57576609,52.49120308
2,2400623,2018,3,9,4,3,5,3,0,1,1,0,0,0,0,1,13.42668199,52.5157059
1,1300730,2018,3,8,4,3,5,7,0,0,1,0,0,0,0,1,13.37695786,52.55821534
1,1100309,2018,3,13,5,3,5,2,0,1,1,0,0,0,0,0,13.38913998,52.52756191
1,1100206,2018,3,8,4,3,5,3,0,0,1,0,0,0,0,1,13.39163983,52.51222366
10,10200421,2018,3,13,5,3,5,3,0,0,1,0,0,0,0,0,13.60837442,52.53890432
1,1100207,2018,3,13,4,3,1,5,0,0,1,0,0,0,0,1,13.4019447,52.50966161
12,12601236,2018,3,20,3,3,6,2,2,0,1,1,0,0,0,1,13.34740847,52.59622289
2,2500728,2018,3,7,4,3,6,4,0,0,1,1,0,0,0,1,13.4656529,52.51747599
9,9502043,2018,3,5,4,3,0,1,2,0,1,0,0,0,1,2,13.55882496,52.46996208
4,4501153,2018,3,13,5,3,5,2,0,1,1,0,0,0,0,0,13.32881392,52.47884766
5,5200420,2018,3,8,4,2,5,3,0,1,1,0,0,0,0,2,13.17924712,52.53376793
2,2300314,2018,3,2,4,3,6,4,2,0,0,1,0,0,1,1,13.41918875,52.50130603
2,2200209,2018,2,13,4,3,5,2,0,1,0,0,0,0,1,0,13.37670878,52.48503361
9,9100306,2018,3,13,4,3,2,6,0,0,1,0,0,0,0,1,13.47533646,52.45616633
4,4501042,2018,3,23,4,3,6,4,2,0,1,1,0,0,0,0,13.33728337,52.5038205
3,3500933,2018,2,14,4,2,6,4,0,0,1,1,0,0,0,0,13.45303993,52.55178001
11,11400931,2018,2,13,4,3,6,2,0,0,1,1,0,0,0,0,13.51966014,52.5058169
3,3601245,2018,3,21,4,2,1,1,2,0,1,0,0,0,0,1,13.42964496,52.54475187
11,11300721,2018,2,13,4,3,2,2,0,0,1,0,0,0,0,0,13.49940101,52.52288867
6,6100205,2018,3,15,2,3,2,6,0,0,1,0,0,0,0,0,13.35411645,52.44911396
2,2400623,2018,3,18,4,3,2,6,2,0,1,0,0,0,0,1,13.42969045,52.51035085
9,9301025,2018,3,18,4,2,5,3,2,1,1,0,0,0,0,1,13.57755326,52.40221679
3,3200206,2018,2,12,4,3,5,2,0,1,1,0,0,0,0,0,13.40614821,52.58168748
4,4400833,2018,3,18,4,2,5,2,1,0,1,0,0,0,0,1,13.30815402,52.47786561
5,5200631,2018,2,12,4,3,6,2,0,0,1,1,0,0,0,0,13.19771473,52.52104658
4,4501149,2018,3,17,4,3,7,7,0,1,0,0,0,0,0,1,13.32844495,52.49094285
2,2100101,2018,2,11,4,3,2,6,0,0,1,0,0,0,1,0,13.38761419,52.50345723
7,7100103,2018,3,17,3,2,5,3,1,1,1,0,0,0,0,1,13.35693024,52.49866981
10,10200629,2018,2,11,4,3,5,3,0,0,1,0,0,0,0,0,13.58726859,52.52356987
4,4100101,2018,2,11,4,3,2,6,0,0,1,0,0,0,1,0,13.27498631,52.54855084
6,6100101,2018,3,15,4,3,2,2,0,0,1,0,0,1,1,1,13.3206821,52.4567635
2,2300314,2018,2,20,4,3,6,2,2,0,1,1,0,0,0,0,13.41592073,52.50204565
9,9100409,2018,3,10,3,3,5,2,0,0,1,0,0,0,0,1,13.51710539,52.44458904
1,1300834,2018,3,13,2,3,5,2,0,0,1,0,0,0,0,1,13.39602291,52.5382545
10,10200418,2018,3,19,3,3,5,2,2,0,1,0,0,0,0,0,13.5916262,52.54495007
8,8100415,2018,3,14,2,3,5,3,0,0,1,0,0,0,1,0,13.43904999,52.48041898
1,1100205,2018,3,19,3,3,5,3,2,1,1,0,0,0,0,0,13.37929592,52.50703345
11,11300722,2018,3,16,2,3,6,4,0,0,0,1,0,0,1,0,13.4793879,52.51611817
3,3601140,2018,3,16,2,3,5,2,0,1,1,0,0,0,0,0,13.40385473,52.55148849
11,11501339,2018,3,19,3,2,6,4,2,0,1,1,0,0,0,1,13.5251728,52.48683443
8,8200832,2018,3,13,2,3,6,4,0,0,0,1,0,1,0,0,13.43549403,52.42491478
4,4501146,2018,3,7,2,3,6,4,1,1,0,1,0,0,0,0,13.31389119,52.48679792
11,11401033,2018,3,13,2,2,6,4,0,0,0,1,1,0,0,1,13.53261485,52.51129186
8,8100314,2018,3,18,3,3,0,6,1,0,1,0,1,0,0,0,13.42461961,52.48656658
10,10100102,2018,3,16,2,2,5,2,0,0,1,0,1,0,0,0,13.56852697,52.56947682
10,10200420,2018,3,18,3,3,5,3,2,0,1,0,0,0,0,1,13.60099701,52.53683283
7,7601443,2018,3,4,2,3,6,6,2,0,1,1,0,0,0,0,13.41211945,52.40548866
1,1200517,2018,3,18,3,3,2,2,2,0,1,0,0,0,0,0,13.32748333,52.5243987
10,10100206,2018,3,16,3,2,6,4,0,0,1,1,0,0,0,0,13.55717276,52.55698746
6,6200316,2018,3,15,2,3,2,2,0,1,1,0,0,0,0,0,13.35299756,52.43321469
12,12200308,2018,3,16,3,3,2,6,0,1,1,0,0,0,0,1,13.32051478,52.57040545
3,3601245,2018,3,14,2,3,3,6,0,0,1,0,0,0,0,0,13.43365636,52.54997495
4,4501147,2018,3,15,3,3,0,5,0,1,1,0,0,0,0,0,13.32279177,52.49158529
12,12100204,2018,3,14,3,3,5,3,0,0,1,0,0,0,0,0,13.35912263,52.5682156
7,7300619,2018,3,15,2,3,5,3,0,0,1,0,0,0,0,0,13.35887444,52.47462845
1,1100101,2018,3,5,3,3,5,7,2,0,1,0,1,0,0,0,13.35130447,52.50941115
9,9502043,2018,3,7,3,3,5,2,0,1,1,0,0,0,0,0,13.58081668,52.46002176
4,4200311,2018,3,14,2,2,5,3,0,0,1,0,0,0,0,1,13.27347417,52.49995793
5,5200528,2018,3,7,3,3,5,2,0,0,1,0,0,0,0,1,13.18456508,52.51555148
1,4501042,2018,3,13,2,3,0,1,0,1,0,0,0,0,0,1,13.34118115,52.50484099
8,8100104,2018,3,8,3,3,5,2,0,1,1,0,0,0,0,1,13.42076877,52.46854931
1,1300834,2018,3,18,2,3,3,6,0,0,1,0,0,0,0,0,13.38980577,52.54640163
12,12400618,2018,3,9,3,3,4,6,0,0,1,0,0,0,0,2,13.23636048,52.62369947
12,12200310,2018,3,11,3,3,6,2,0,0,1,1,0,0,0,1,13.3130475,52.5714418
7,7601238,2018,3,18,2,3,2,6,0,0,1,0,0,0,0,0,13.38702775,52.41175247
6,6200313,2018,3,11,3,3,2,6,0,0,0,0,0,1,0,1,13.34352892,52.43926118
1,1100308,2018,3,18,2,3,5,3,0,1,1,0,0,0,0,0,13.37376233,52.52350267
1,1300836,2018,3,13,3,3,2,6,0,0,1,0,0,0,1,1,13.37754116,52.54395876
1,1100309,2018,3,17,2,3,5,2,0,1,1,0,0,0,0,0,13.40190851,52.52896577
1,1200628,2018,3,5,2,3,6,4,2,0,1,1,0,0,0,0,13.36855259,52.52581252
1,1401043,2018,3,16,2,3,4,6,0,0,1,0,0,0,0,0,13.36392864,52.54731484
12,12400617,2018,3,17,2,3,5,3,0,0,1,0,0,0,0,0,13.21751334,52.61119566
12,12100102,2018,3,16,2,2,4,2,0,0,1,0,0,0,0,0,13.37247805,52.56902279
1,1100309,2018,3,15,2,3,3,6,0,1,1,0,0,0,0,0,13.397485,52.5294297
2,2200210,2018,3,16,2,3,2,6,0,0,1,0,1,0,0,0,13.39753103,52.49527037
3,3701555,2018,3,18,1,3,5,5,1,0,1,0,1,0,0,0,13.42142731,52.53574919
6,6400841,2018,3,15,2,3,5,2,0,1,0,0,0,0,1,0,13.26266091,52.43926189
9,9200818,2018,3,17,1,3,2,6,0,0,1,0,0,0,0,0,13.55928646,52.44688147
9,9501939,2018,3,15,2,3,2,6,0,0,1,0,0,0,0,0,13.57254065,52.45134797
1,1401049,2018,3,17,1,3,2,6,0,0,1,0,0,0,0,0,13.36595235,52.5571483
8,8100312,2018,3,15,2,3,5,2,0,0,1,0,0,0,0,0,13.43584612,52.48376438
2,2500832,2018,3,14,1,3,6,2,0,0,1,1,0,0,0,0,13.46854967,52.50691094
3,3701658,2018,3,15,1,3,1,5,0,1,1,0,0,0,0,0,13.42790666,52.53548487
4,4500939,2018,3,9,2,3,5,3,0,1,1,0,0,0,0,0,13.30187502,52.48847402
10,10100311,2018,3,12,1,3,5,2,0,0,1,0,0,0,0,0,13.51712348,52.53545939
4,4400726,2018,3,12,1,3,5,7,0,0,1,0,0,0,0,0,13.28232113,52.49039306
3,3500935,2018,3,16,2,3,6,7,0,0,1,1,0,0,0,0,13.44943455,52.54794667
5,5100314,2018,3,11,1,3,2,7,0,0,1,0,0,0,0,0,13.20609258,52.54076565
4,4501148,2018,3,12,1,2,5,7,0,0,1,0,1,0,0,0,13.320344,52.47924309
2,2500833,2018,3,8,2,3,2,6,0,0,1,0,0,0,1,0,13.46353623,52.51070612
12,12500930,2018,3,17,1,2,5,3,0,0,1,0,0,0,0,0,13.33479758,52.58732696
7,7601341,2018,3,8,2,3,2,6,0,0,1,0,0,0,0,0,13.36719641,52.41045266
1,1100416,2018,3,15,1,3,0,1,0,1,0,0,0,0,0,0,13.40313227,52.53192967
1,1300836,2018,3,15,2,3,6,4,0,0,1,1,0,0,0,0,13.36632384,52.54248103
1,1100309,2018,3,23,1,3,6,4,2,0,1,1,0,0,0,0,13.40008278,52.52876976
11,11300721,2018,3,20,1,3,2,6,2,0,1,0,1,0,0,0,13.51409091,52.5351367
2,2500832,2018,3,7,2,3,5,3,0,1,1,0,0,0,0,0,13.46810706,52.50724727
1,1200517,2018,3,20,1,3,8,1,2,0,1,0,0,0,0,0,13.32632164,52.52475638
5,5100211,2018,3,14,2,3,5,3,0,0,1,0,0,0,0,0,13.16875779,52.54141919
1,1200517,2018,3,14,2,3,2,6,0,0,1,0,0,0,0,0,13.34122856,52.53504426
1,1300834,2018,3,19,1,3,6,2,2,0,1,1,0,0,0,0,13.3961723,52.53831324
3,3601346,2018,3,13,1,3,5,2,0,1,1,0,0,0,0,0,13.41545392,52.54407833
4,4400830,2018,3,14,2,3,5,2,0,1,1,0,0,0,0,0,13.3039872,52.4800061
7,7100204,2018,3,14,2,3,1,5,0,0,1,0,1,0,0,0,13.35319732,52.49020454
11,11200411,2018,3,10,1,2,8,1,0,0,1,0,0,0,0,0,13.50773379,52.54572454
7,7601341,2018,3,14,2,3,2,6,0,0,1,0,0,0,0,0,13.37141261,52.40930832
5,5100316,2018,3,10,1,3,1,5,0,0,1,0,0,0,0,0,13.2021765,52.53745645
5,5100211,2018,3,16,2,3,6,4,0,1,0,1,0,0,0,0,13.1772362,52.5490198
7,7400721,2018,3,8,1,3,6,7,0,0,0,1,0,0,1,0,13.39294844,52.48410392
1,1300733,2018,3,13,2,3,5,3,0,0,1,0,0,0,0,0,13.38640263,52.55347926
3,3601142,2018,3,11,2,3,2,2,0,0,1,0,0,0,0,0,13.41334266,52.54869583
5,5100317,2018,3,8,1,2,5,3,0,0,1,0,0,0,1,0,13.23707066,52.52910853
7,7601237,2018,3,15,2,3,5,3,0,0,1,0,0,0,0,0,13.37270434,52.4197024
4,4300517,2018,3,16,2,3,6,7,0,0,1,1,0,0,0,0,13.30074606,52.52319775
9,9501838,2018,3,7,1,2,9,1,0,0,1,0,0,0,0,0,13.72400564,52.43088354
1,1300836,2018,3,17,2,2,5,2,0,1,1,0,0,0,0,0,13.3794274,52.54541799
9,9401329,2018,3,17,2,3,2,7,1,0,1,0,0,0,0,0,13.62482032,52.42479578
1,1100310,2018,3,3,1,3,5,3,2,0,1,0,0,0,0,0,13.41175779,52.52396558
7,7501029,2018,3,9,2,3,2,6,0,0,1,0,0,0,1,0,13.38085899,52.44214077
5,5100316,2018,3,20,7,3,2,2,2,0,1,0,0,0,0,0,13.19935419,52.53479324
11,11100309,2018,3,18,2,3,6,4,1,0,1,1,0,0,0,0,13.50575368,52.5635998
10,10200420,2018,3,20,7,3,2,6,2,0,1,0,0,0,0,0,13.59861223,52.5349189
6,6100101,2018,3,20,2,3,5,2,2,1,1,0,0,0,0,0,13.31779578,52.45791843
5,5200629,2018,3,13,2,3,0,6,0,0,1,0,0,0,1,0,13.19857234,52.53329945
11,11200512,2018,3,20,7,2,0,1,2,1,0,0,0,0,0,0,13.49416555,52.5479937
4,4300619,2018,3,20,2,3,5,2,2,0,1,0,0,0,0,0,13.31528236,52.51473876
8,8200832,2018,3,18,2,3,2,6,1,0,1,0,0,0,0,0,13.43539092,52.42515699
9,9300920,2018,3,19,7,2,9,1,2,0,0,0,1,0,0,0,13.52003225,52.42364163
3,3601245,2018,3,18,7,3,5,2,1,0,1,0,1,0,0,0,13.44397441,52.5458812
5,5100104,2018,3,5,2,3,5,3,0,0,1,0,0,0,0,0,13.21260611,52.56115463
8,8100105,2018,3,17,7,3,3,6,0,0,1,0,0,0,0,0,13.43276992,52.46462915
1,1300835,2018,3,5,2,3,0,2,2,0,1,0,0,0,1,0,13.37985367,52.54017719
2,2400624,2018,3,16,7,3,5,2,0,1,1,0,0,0,0,0,13.44761915,52.51311235
4,4500939,2018,3,12,1,3,5,2,0,0,1,0,0,0,0,0,13.30444102,52.48833923
3,3601346,2018,3,16,7,2,5,7,0,0,0,0,1,0,1,0,13.41325335,52.54188218
4,4501041,2018,3,17,1,3,0,6,1,0,1,0,1,0,0,0,13.32380991,52.50219425
8,8401241,2018,3,15,1,3,5,3,0,0,1,0,0,0,1,0,13.48360587,52.43121928
3,3200205,2018,3,14,7,3,2,2,0,0,1,0,1,0,0,0,13.39842077,52.59242078
1,1100309,2018,3,20,1,3,1,5,2,1,1,0,0,0,1,0,13.40313109,52.52331188
1,1100206,2018,3,13,7,2,6,4,0,1,0,1,0,0,0,0,13.38823269,52.52051859
5,5100104,2018,3,16,1,3,2,4,0,0,1,1,0,0,0,0,13.20793699,52.55921546
8,8200831,2018,3,12,7,3,6,7,0,0,1,1,0,0,0,0,13.40989778,52.41659678