BEZ,LOR_ab_2021,UJAHR,UMONAT,USTUNDE,UWOCHENTAG,UKATEGORIE,UART,UTYP1,ULICHTVERH,IstRad,IstPKW,IstFuss,IstKrad,IstGkfz,IstSonstige,USTRZUSTAND,XGCSWGS84,YGCSWGS84
6,6300631,2018,3,11,7,3,6,4,0,0,1,1,0,0,0,0,13.29796902,52.42168174
1,1300732,2018,3,8,1,3,6,2,0,0,1,1,0,0,0,0,13.39322795,52.56445216
11,11200514,2018,3,10,7,3,1,7,0,0,1,0,0,0,0,0,13.49222758,52.53628284
9,9200819,2018,3,10,7,3,2,6,0,0,1,0,0,0,0,0,13.56722907,52.43867077
8,8401244,2018,3,9,1,3,2,6,0,0,1,0,0,0,1,0,13.48815014,52.40032425
4,4300620,2018,3,5,1,2,8,1,2,0,1,0,1,0,0,0,13.32234537,52.5211282
8,8100314,2018,3,9,7,3,5,3,0,0,1,0,0,0,1,0,13.42886949,52.48461617
5,5100210,2018,3,12,1,3,2,6,0,0,1,0,0,0,0,0,13.18794399,52.54699214
7,7300516,2018,3,0,7,3,5,2,2,0,1,0,0,0,1,0,13.32850702,52.46506007
9,9100407,2018,3,3,7,2,8,1,2,0,1,0,0,0,0,0,13.49838435,52.45767444
7,7601339,2018,3,6,1,3,1,1,0,0,1,0,0,0,0,0,13.34991306,52.41352234
5,5100315,2018,3,18,6,3,5,3,2,0,1,0,0,0,0,0,13.1952077,52.54501734
1,1400937,2018,3,13,1,2,9,1,0,0,1,0,0,0,0,0,13.33363165,52.56078175
2,2200211,2018,3,17,6,3,3,6,0,1,1,0,0,0,0,0,13.39255812,52.49130266
11,11400931,2018,3,9,6,3,6,7,0,0,0,1,0,0,1,0,13.51605024,52.50563544
8,8100102,2018,3,21,7,3,6,4,2,0,1,1,0,0,0,0,13.42644509,52.47689386
3,3601142,2018,3,5,6,3,5,3,1,0,1,0,0,0,0,1,13.40963603,52.54732262
4,4200309,2018,3,23,6,2,1,7,2,0,1,0,0,0,0,0,13.25949475,52.51620883
1,1100103,2018,3,2,7,3,7,7,2,0,0,0,1,0,0,0,13.35696514,52.50134118
1,1200628,2018,3,3,7,2,8,1,2,0,1,0,0,0,0,0,13.36819999,52.52433556
2,2200210,2018,3,9,6,3,5,3,0,1,1,0,0,0,0,0,13.39961462,52.49428737
2,2400623,2018,3,9,7,3,0,4,0,0,0,1,0,0,1,0,13.43724107,52.51067357
1,1300836,2018,3,16,6,3,5,2,0,0,1,0,0,0,0,0,13.37026196,52.54467965
9,9501737,2018,3,11,7,3,2,6,0,0,1,0,0,0,0,0,13.62491012,52.44682665
1,1200624,2018,3,14,6,3,2,6,0,0,1,0,0,0,0,1,13.35772138,52.53610676
1,1300836,2018,3,12,7,3,2,6,0,0,1,0,0,0,0,0,13.37937423,52.54050089
9,9100304,2018,3,0,7,2,1,1,2,0,1,0,0,0,0,1,13.47826895,52.46169522
10,10400938,2018,3,14,6,3,2,6,0,0,1,0,0,0,0,0,13.61464348,52.51725827
9,9200717,2018,3,0,7,3,5,3,2,0,1,0,0,0,0,2,13.55227858,52.43944096
12,12601134,2018,3,15,7,3,5,3,0,1,1,0,0,0,0,0,13.34350932,52.59879188
1,1100416,2018,3,13,6,3,1,5,0,0,1,0,0,0,0,1,13.40230707,52.53339879
2,2100105,2018,3,15,7,3,5,3,0,0,1,0,0,0,0,0,13.40793285,52.49997551
3,3300413,2018,3,17,6,3,5,2,0,0,1,0,0,0,1,0,13.47472379,52.60433162
6,6200422,2018,3,15,7,3,1,5,0,0,1,0,0,0,0,0,13.32682858,52.42344319
12,12500926,2018,3,16,7,3,0,2,0,0,0,0,0,0,1,0,13.33444023,52.59561629
11,11400928,2018,3,17,6,3,5,2,0,1,1,0,0,0,0,0,13.48660981,52.50239195
7,7501030,2018,3,17,6,3,2,2,1,0,1,0,0,0,0,2,13.3854078,52.44805178
4,4501044,2018,3,17,6,3,2,6,0,0,1,0,0,0,0,0,13.32320373,52.49342757
3,3400723,2018,3,13,6,3,6,4,0,0,1,1,0,0,0,0,13.41120145,52.56721214
7,7300516,2018,3,17,6,3,2,6,1,0,1,0,0,0,0,0,13.32597296,52.46939307
10,10100210,2018,3,14,6,3,5,3,0,1,0,0,0,0,1,0,13.55483247,52.54727979
2,2300417,2018,3,21,6,2,6,4,2,0,0,1,0,0,1,2,13.43033261,52.49560509
1,1100309,2018,3,19,6,3,3,6,2,1,1,0,0,0,0,0,13.40482741,52.52969616
8,8100520,2018,3,19,6,3,2,6,2,0,1,0,0,0,0,2,13.45797043,52.4727687
2,2200212,2018,3,21,6,3,2,6,2,0,1,0,0,0,0,0,13.41475908,52.4880487
6,6200420,2018,3,18,6,3,1,1,2,0,1,0,1,0,0,2,13.30325635,52.41949065
4,4200311,2018,3,5,6,3,5,2,2,0,1,0,0,0,0,1,13.27905375,52.50361683
6,6400735,2018,3,13,6,3,8,1,0,0,1,0,0,0,0,1,13.17630823,52.42085441
1,1300834,2018,3,7,6,3,2,6,0,0,1,0,0,0,1,1,13.39631313,52.53835267
9,9200715,2018,3,8,6,2,2,6,0,1,1,0,0,0,0,1,13.53141548,52.43040846
7,7100102,2018,3,10,6,3,6,2,0,0,1,1,0,0,0,0,13.35410355,52.49928985
8,8100312,2018,3,8,6,3,2,6,0,0,1,0,0,0,0,1,13.43962293,52.48202763
3,3701554,2018,3,8,6,3,6,7,0,1,0,1,0,0,0,1,13.41190861,52.53283789
7,7400823,2018,3,15,6,3,2,6,0,0,1,0,0,0,0,1,13.37779761,52.46548559
11,11400929,2018,3,15,6,3,3,6,0,1,1,0,0,0,0,1,13.49743178,52.50864751
5,5200527,2018,3,10,6,3,5,2,0,0,1,0,0,0,0,1,13.16254707,52.5217588
6,6200317,2018,3,16,6,3,1,5,0,0,1,0,0,0,0,1,13.35254493,52.41868065
1,1100312,2018,3,11,6,3,5,2,0,1,0,0,1,0,0,1,13.41321382,52.50680718
2,2200212,2018,3,16,6,3,6,2,0,0,1,1,0,0,0,1,13.4077193,52.48881011
8,8100314,2018,3,13,6,3,6,4,0,1,0,1,0,0,0,1,13.43402072,52.48168797
4,4300416,2018,3,13,6,2,3,6,0,1,0,0,0,1,0,0,13.29923834,52.50657083
9,9501838,2018,3,17,6,3,2,7,1,0,1,0,0,1,0,1,13.71836645,52.43149136
9,9401635,2018,3,13,6,3,4,6,0,1,0,0,1,0,0,0,13.66574901,52.41021875
1,1200628,2018,3,20,6,1,9,1,2,0,0,0,1,0,0,0,13.36975912,52.52317547
8,8401242,2018,3,18,6,3,2,2,2,0,1,0,0,0,0,1,13.47731712,52.41702745
4,4400831,2018,3,15,5,3,2,6,0,0,1,0,0,0,0,1,13.28898361,52.47073416
6,6100209,2018,3,12,3,3,1,3,0,1,1,0,0,0,0,0,13.33532694,52.45846807
1,1100205,2018,3,8,5,3,6,7,0,0,1,1,0,0,0,0,13.37968595,52.51479231
7,7400927,2018,3,20,5,3,6,2,2,0,1,1,0,0,0,0,13.39330595,52.45801321
2,2300315,2018,3,19,5,3,0,7,2,0,0,1,0,0,1,0,13.43079238,52.50240315
9,9501941,2018,3,18,5,3,2,6,2,0,1,0,0,0,1,1,13.59348286,52.45018224
9,9502043,2018,3,18,5,3,5,2,1,0,1,0,0,0,0,0,13.57799523,52.46123963
2,2300314,2018,3,18,5,3,0,6,2,0,1,0,1,0,0,1,13.42077654,52.49902851
11,11501238,2018,3,13,3,3,2,6,0,0,1,0,0,0,1,0,13.50145981,52.48298915
8,8100101,2018,3,14,5,3,6,7,0,0,1,1,0,0,0,0,13.42317135,52.4859446
8,8200831,2018,3,18,5,3,5,3,2,0,1,0,0,0,0,1,13.41052634,52.41403478
5,5200524,2018,3,18,5,3,5,3,2,0,1,0,0,0,0,0,13.12865113,52.52877106
11,11200411,2018,3,12,3,3,5,7,0,0,1,0,0,0,0,0,13.51006016,52.55039778
1,1300836,2018,3,19,5,2,5,3,2,0,1,0,0,0,0,0,13.37439996,52.54371456
4,4100101,2018,3,17,5,3,5,3,0,1,1,0,0,0,0,1,13.27596777,52.53835314
2,2100106,2018,3,17,5,3,6,2,1,0,1,1,0,0,0,1,13.40672236,52.49852507
11,11300617,2018,3,18,5,3,5,2,1,0,1,0,0,0,0,0,13.46894694,52.53140306
3,3400725,2018,3,20,5,3,2,2,2,0,1,0,0,0,0,0,13.42530778,52.586442
8,8401244,2018,3,16,5,3,2,6,0,0,1,0,0,0,0,1,13.4920445,52.41373073
1,1401047,2018,3,12,3,3,6,2,0,0,1,1,0,0,0,0,13.3569884,52.54219981
2,2500726,2018,3,8,5,3,5,2,0,1,0,0,0,0,1,0,13.45068095,52.52239138
1,1401043,2018,3,15,5,3,1,5,0,0,1,0,0,0,0,1,13.3622589,52.54721513
3,3500934,2018,3,12,3,2,5,2,0,1,0,0,0,0,1,0,13.42946294,52.55592497
3,3601141,2018,3,10,5,3,2,6,0,0,1,0,0,0,0,0,13.41398371,52.55362913
12,12100103,2018,3,15,5,3,5,3,0,1,1,0,0,0,0,1,13.37353228,52.57469577
2,2100104,2018,3,10,5,3,5,2,0,1,1,0,0,0,0,0,13.41329959,52.50292114
10,10100208,2018,3,14,5,3,1,7,0,0,1,0,0,0,0,1,13.55837358,52.54946162
6,6100206,2018,3,11,3,3,5,2,0,0,1,0,0,0,0,0,13.33798241,52.45105522
12,12200309,2018,3,7,5,2,6,4,0,0,1,1,0,0,0,0,13.32842227,52.5652864
11,11501341,2018,3,7,5,3,2,6,0,0,1,0,0,0,0,0,13.52473991,52.47871488
1,1100312,2018,3,14,5,3,5,2,0,1,1,0,0,0,0,1,13.41155212,52.51276026
9,9501737,2018,3,10,5,2,6,7,0,0,1,1,0,0,0,0,13.6184282,52.4554817
11,11200513,2018,3,11,5,3,5,3,0,1,1,0,0,0,0,0,13.48415703,52.53965908
8,8100418,2018,3,12,5,3,5,3,0,0,1,0,0,0,0,1,13.44696776,52.48049772
5,5100316,2018,3,18,2,3,0,4,1,0,0,1,1,0,0,0,13.19118741,52.53637896
10,10400938,2018,3,11,5,3,5,3,0,0,1,0,0,0,0,0,13.64373139,52.52150943
1,1100101,2018,3,19,5,3,6,2,2,0,1,1,0,0,0,1,13.35218134,52.50644357
7,7300618,2018,3,12,5,3,1,5,0,1,0,0,0,0,1,1,13.34441469,52.47593901
1,1300733,2018,3,20,5,2,5,2,2,1,0,0,0,0,1,1,13.38788297,52.55003662
1,1300834,2018,3,23,2,2,6,4,2,0,1,1,0,0,0,0,13.39224637,52.54299849
1,1401048,2018,3,12,5,3,1,7,0,0,1,1,0,0,0,0,13.35281478,52.55068626
4,4500939,2018,3,13,5,3,2,6,0,0,1,0,0,0,0,0,13.30274775,52.48845581
1,1200522,2018,3,14,5,3,6,4,0,0,1,1,0,0,0,0,13.33124694,52.52400497
1,1100308,2018,3,12,5,3,2,6,0,0,1,0,0,0,0,1,13.37924659,52.52945577
12,12601031,2018,3,13,5,3,3,6,0,0,1,0,0,0,1,0,13.33352911,52.60068572
2,2100102,2018,3,12,5,3,6,4,0,0,1,1,0,0,0,1,13.39035322,52.50670492
6,6300634,2018,3,14,2,3,5,2,0,1,1,0,0,0,0,0,13.29831453,52.44149551
4,4100101,2018,3,15,5,3,2,6,0,0,1,0,0,0,0,0,13.28206864,52.53380266
10,10100313,2018,3,16,5,2,5,3,0,0,0,0,1,0,1,0,13.55041744,52.54306317
4,4501041,2018,3,12,5,3,1,5,0,1,1,0,0,0,0,1,13.31691373,52.50205731
1,1200625,2018,3,16,5,3,0,7,1,0,0,0,1,0,1,0,13.35444307,52.52657412
8,8100206,2018,3,18,4,3,3,6,1,1,1,0,0,0,0,0,13.42639536,52.48099703
10,10100311,2018,3,11,5,3,6,4,0,0,0,1,0,0,1,1,13.51942127,52.52571879
9,9100305,2018,3,7,5,2,5,3,0,1,1,0,0,0,0,1,13.49059661,52.46834297
7,7100101,2018,3,11,2,3,6,7,0,0,1,1,0,0,0,0,13.34269748,52.50342076
7,7400823,2018,3,14,4,2,5,7,0,1,1,0,0,0,0,0,13.37194054,52.46989242
12,12200412,2018,3,7,5,3,5,2,0,0,1,0,0,0,0,1,13.29731228,52.58010036
11,11501339,2018,3,10,4,3,5,3,0,1,1,0,0,0,0,0,13.52688693,52.49205398
10,10300734,2018,3,8,5,3,6,4,0,0,1,1,0,0,0,1,13.55833594,52.49043339
4,4500937,2018,3,7,4,3,5,3,0,1,1,0,0,0,0,1,13.2964789,52.49985022
6,6300526,2018,3,8,5,3,2,7,0,0,1,0,0,0,1,1,13.25608536,52.43566226
2,2200211,2018,3,8,5,3,5,2,0,1,1,0,0,0,0,1,13.39739446,52.4888952
12,12400619,2018,3,6,4,3,2,6,0,0,1,0,0,0,0,1,13.23105337,52.61041111
1,1100205,2018,3,10,5,2,6,4,0,0,1,1,0,0,0,1,13.38076933,52.51103412
1,1100310,2018,3,8,4,3,2,6,0,0,1,0,0,1,0,1,13.41513862,52.52706921
1,1100101,2018,3,10,5,3,5,2,0,1,1,0,0,0,0,1,13.35153373,52.5095245
4,4100101,2018,3,11,5,2,5,2,0,0,1,0,0,0,0,1,13.32610823,52.53836104
1,1100310,2018,3,11,2,3,5,3,0,1,1,0,0,0,0,0,13.40990532,52.51809445
6,6300526,2018,3,18,4,3,5,2,2,0,1,0,0,0,0,0,13.25079535,52.43488834
6,6300528,2018,3,11,5,3,5,3,0,0,1,0,0,0,0,1,13.25024837,52.42129159
2,2500832,2018,3,14,4,3,2,6,0,0,1,0,0,0,0,0,13.47312623,52.50925712
7,7200411,2018,3,19,4,3,1,5,2,1,1,0,0,0,0,0,13.35971486,52.48645677
4,4300518,2018,3,8,4,3,4,2,0,1,1,0,0,0,0,0,13.30575755,52.5318524
1,1300733,2018,3,20,4,3,6,7,2,0,1,1,0,0,0,0,13.38370912,52.55110541
4,4200308,2018,3,17,4,3,5,3,0,0,1,0,0,0,0,0,13.26767897,52.51572338
4,4400728,2018,3,12,2,3,5,7,0,0,1,0,0,0,0,0,13.28082667,52.47798316
9,9501939,2018,3,15,4,3,6,4,0,0,1,1,0,0,0,0,13.57764454,52.4565373
7,7601544,2018,3,17,4,2,5,2,0,1,1,0,0,0,0,0,13.40700863,52.3866687
7,7601544,2018,3,17,4,3,5,3,0,0,1,0,0,0,0,0,13.40655118,52.3937636
12,12200309,2018,3,13,2,3,6,4,0,0,1,1,0,0,0,0,13.32950222,52.56311672
2,2500726,2018,3,17,4,3,6,4,0,0,1,1,0,0,0,0,13.45400014,52.52211332
1,1100206,2018,3,17,4,3,5,2,0,1,1,0,0,0,0,0,13.38083762,52.5163662
2,2500726,2018,3,16,4,3,5,2,0,0,1,0,1,0,0,0,13.45052514,52.52235269
1,1100308,2018,3,16,4,3,5,2,0,1,1,0,0,0,0,0,13.37963175,52.52254941
12,12500926,2018,3,15,4,3,6,4,0,0,1,1,0,0,0,0,13.33311018,52.59548507
1,1100102,2018,3,15,4,3,0,7,0,1,0,0,0,0,0,0,13.35460533,52.50695879
2,2400522,2018,3,15,4,3,2,6,0,1,0,0,0,0,0,0,13.44685539,52.5214335
2,2400623,2018,3,15,4,2,6,4,0,0,1,1,0,0,0,1,13.43864843,52.51442814
8,8100314,2018,3,14,4,3,1,5,0,1,1,0,0,0,0,1,13.43962194,52.48153086
9,9200715,2018,3,15,4,3,1,5,0,0,0,0,1,0,1,0,13.52673705,52.42745961
1,1300836,2018,3,13,4,2,6,4,0,0,1,1,0,0,0,1,13.37875557,52.5505181
4,4200311,2018,3,18,4,3,2,6,2,0,1,0,0,0,0,0,13.28151083,52.50129834
4,4501148,2018,3,13,4,3,5,2,0,0,1,0,0,0,0,0,13.31279868,52.48041
3,3400722,2018,3,19,4,3,1,7,2,1,1,0,0,0,0,0,13.40825093,52.57246525
10,10200421,2018,3,12,4,3,0,4,0,0,0,1,0,0,1,1,13.60480133,52.53759241
8,8200832,2018,3,11,4,2,6,4,0,0,1,1,0,0,0,1,13.42603556,52.41365204
6,6400844,2018,3,15,4,2,6,2,0,0,1,1,0,0,0,0,13.27050621,52.45102015
11,11200411,2018,3,12,4,3,5,3,0,1,1,0,0,0,0,1,13.5118283,52.55064087
5,5100316,2018,3,10,4,3,2,6,0,0,1,0,0,0,0,0,13.19491722,52.53556074
5,5100208,2018,3,14,4,3,5,2,0,1,1,0,0,0,0,0,13.16536351,52.55113201
9,9200510,2018,3,17,3,3,5,3,1,0,1,0,0,0,1,1,13.51469932,52.46873759
1,1100103,2018,3,18,3,3,2,6,1,0,1,0,0,0,0,0,13.35109366,52.50416225
1,1400942,2018,3,14,4,3,3,6,0,0,1,0,0,0,0,0,13.34773368,52.54337347
11,11200514,2018,3,12,3,2,3,6,0,0,1,0,0,0,0,0,13.4742599,52.53539141
7,7400721,2018,3,14,4,3,5,3,0,1,1,0,0,0,0,0,13.37892941,52.48062051
6,6100206,2018,3,18,3,2,6,4,2,1,0,1,0,0,0,2,13.33860593,52.44905686
11,11300721,2018,3,13,4,3,5,3,0,1,1,0,0,0,0,0,13.49649985,52.53401468
7,7400825,2018,3,13,3,3,3,6,0,1,1,0,0,0,0,0,13.38410725,52.4558241
9,9200510,2018,3,10,3,3,0,7,0,1,0,0,0,0,0,0,13.52022407,52.47385989
1,1100310,2018,3,13,4,3,2,6,0,0,1,0,0,0,1,0,13.40801055,52.51614503
6,6300526,2018,3,14,3,3,6,4,0,0,1,1,0,0,0,1,13.25954728,52.43026954
6,6400844,2018,3,15,3,3,5,2,0,0,1,0,0,0,0,0,13.2706948,52.45101037
10,10400835,2018,3,12,4,3,2,2,0,0,1,0,0,0,0,0,13.6050894,52.52765927
6,6100101,2018,3,8,4,3,1,5,0,1,1,0,0,0,1,0,13.3155299,52.45583655
3,3500934,2018,3,13,3,3,6,4,0,0,1,1,0,0,0,1,13.43667952,52.55209461
11,11501340,2018,3,6,4,3,5,2,0,1,1,0,0,0,0,0,13.52696065,52.48658141
8,8401242,2018,3,7,4,3,5,3,0,0,1,0,0,0,0,1,13.49012871,52.41998786
7,7200307,2018,3,16,3,3,1,5,0,1,1,0,0,0,0,0,13.34083459,52.49231767
2,2300419,2018,3,7,4,3,5,3,0,1,1,0,0,0,0,0,13.44949901,52.49673618
2,2100102,2018,3,7,4,3,1,5,0,0,1,0,0,0,1,0,13.39364708,52.50106976
12,12500930,2018,3,16,3,3,5,2,0,1,1,0,0,0,0,0,13.3236132,52.58716813
4,4501045,2018,3,10,3,2,5,2,0,1,1,0,0,0,0,0,13.331093,52.49543756
6,6200420,2018,3,7,4,3,0,5,0,0,1,0,0,0,1,0,13.30666178,52.4103809
4,4501148,2018,3,16,3,3,5,2,0,0,1,0,0,0,0,0,13.3127913,52.48041447
7,7200410,2018,3,7,4,3,5,2,0,1,1,0,0,0,0,0,13.3529956,52.48468406
3,3400721,2018,3,8,3,3,5,3,0,0,1,0,0,0,0,0,13.40101506,52.56215146
3,3601449,2018,3,8,4,3,5,3,0,1,1,0,0,0,0,0,13.45336306,52.5420656
1,1100207,2018,3,9,4,3,5,2,0,0,1,0,1,0,0,0,13.40250242,52.51185432
1,1100206,2018,3,9,4,3,0,7,0,0,1,0,0,0,0,0,13.38535304,52.51362184
6,6300633,2018,3,8,4,3,2,6,0,0,1,0,0,0,1,1,13.30193159,52.4454411
1,1100207,2018,3,8,3,3,5,7,0,1,0,0,0,1,0,1,13.39727265,52.51528656
12,12500824,2018,4,14,2,3,5,3,0,0,1,0,0,0,0,0,13.29504111,52.59093434
4,4501043,2018,4,16,2,3,9,7,0,0,1,0,0,0,0,0,13.31283418,52.49145018
1,1100207,2018,4,9,3,3,2,6,0,0,1,0,1,0,0,1,13.39796158,52.51091713
1,1100416,2018,4,9,2,3,1,5,0,1,1,0,0,0,0,0,13.40194441,52.53058199
7,7400721,2018,4,9,3,3,6,2,0,0,1,1,0,0,0,1,13.39446777,52.48393202
2,2200213,2018,4,15,2,3,5,2,0,1,1,0,0,0,0,0,13.41332241,52.49188652
8,8100208,2018,4,8,3,2,2,7,0,0,1,0,0,0,1,1,13.44104348,52.47235398
12,12400619,2018,4,8,3,3,5,3,0,0,1,0,0,0,0,1,13.23605527,52.61329381
5,5100210,2018,4,9,2,3,1,5,0,0,1,0,1,0,0,0,13.18244916,52.54263849
6,6300629,2018,4,7,3,3,2,6,0,0,1,0,0,0,0,1,13.29379569,52.44561958
7,7400927,2018,4,7,3,3,5,3,0,0,1,0,0,0,0,1,13.39581165,52.45430463
12,12500930,2018,4,15,2,2,4,7,0,0,1,0,0,0,0,0,13.33155087,52.58392488
8,8200832,2018,4,6,3,3,5,2,0,1,1,0,0,0,0,1,13.41694324,52.41834283
7,7100206,2018,4,12,2,3,5,2,0,1,1,0,0,0,0,0,13.36097501,52.49008179
1,1100102,2018,4,6,3,3,5,3,1,0,1,0,0,0,0,1,13.34897811,52.51479881
2,2100105,2018,4,9,2,3,2,2,0,0,1,0,0,0,0,0,13.41219485,52.49877354
2,2200208,2018,4,0,3,3,5,5,2,0,1,0,0,0,0,0,13.38428901,52.49369631
11,11300721,2018,4,10,2,3,6,7,0,0,1,1,0,0,1,0,13.49656139,52.53365426
10,10100311,2018,4,10,2,3,5,2,0,0,1,0,1,0,0,0,13.51921557,52.52877432
12,12400721,2018,4,9,3,3,5,3,0,1,1,0,0,0,0,0,13.30580967,52.63700726
3,3601245,2018,4,7,2,2,5,3,0,1,1,0,0,0,0,0,13.42752517,52.54569275
5,5300840,2018,4,7,2,3,2,2,0,0,1,0,0,0,0,0,13.25598748,52.53736071
3,3601348,2018,4,8,3,3,1,5,0,0,1,0,1,0,0,0,13.42278792,52.54475418
7,7601341,2018,4,5,2,2,5,3,1,1,0,0,0,1,0,0,13.38280375,52.40370955
5,5100101,2018,4,14,2,3,1,5,0,0,1,0,1,0,0,0,13.20849127,52.5662671
3,3601450,2018,4,7,2,3,1,5,0,1,0,0,0,0,1,0,13.45698556,52.5296211
11,11400931,2018,4,11,3,2,0,2,0,0,0,0,1,0,1,1,13.5088179,52.50802506
6,6300528,2018,4,8,2,2,9,1,0,0,1,0,0,0,0,0,13.26481244,52.41926481
12,12601235,2018,4,20,2,3,5,3,2,0,1,0,0,0,0,0,13.35378906,52.59656115
4,4300622,2018,4,12,2,3,0,1,0,0,0,0,1,0,0,0,13.32611449,52.50567686
3,3601449,2018,4,19,2,3,0,3,1,1,1,0,0,0,0,0,13.44224572,52.54288623
1,1200628,2018,4,15,2,3,0,7,0,1,0,0,0,0,0,0,13.36568967,52.52267883
10,10300734,2018,4,18,2,3,2,1,0,0,1,0,0,0,0,0,13.55031186,52.49964554
2,2300315,2018,4,16,1,3,3,6,0,1,1,0,0,0,0,0,13.42642325,52.49936796
12,12400722,2018,4,15,2,3,5,2,0,1,1,0,0,0,0,0,13.30109742,52.61632226
9,9501939,2018,4,17,1,3,2,6,0,0,1,0,0,0,0,0,13.55830931,52.45558311
4,4501041,2018,4,7,1,3,8,1,0,0,1,0,0,0,0,0,13.3168097,52.49953105
11,11100204,2018,4,13,3,3,0,3,0,0,1,0,0,0,1,0,13.52565299,52.56407679
8,8100105,2018,4,15,2,3,2,6,0,0,1,0,0,0,0,0,13.43258683,52.46526789
12,12200412,2018,4,13,1,3,1,5,0,0,1,0,0,0,0,0,13.29195591,52.57552381
3,3100101,2018,4,14,2,3,5,3,0,1,1,0,0,0,0,0,13.43517303,52.6290404
2,2300417,2018,4,12,1,3,5,3,0,1,1,0,0,0,0,0,13.42869914,52.49393851
7,7400826,2018,4,15,3,2,5,2,0,0,1,0,1,0,0,0,13.36598191,52.44924561
5,5200630,2018,4,12,2,2,2,6,0,0,1,0,1,0,0,0,13.17733095,52.52527291
6,6400840,2018,4,3,1,3,1,1,2,1,1,0,0,0,0,0,13.25870735,52.44618518
2,2100102,2018,4,22,1,3,5,3,2,0,1,0,0,0,0,0,13.39581572,52.49892459
6,6200313,2018,4,17,2,3,2,6,0,0,1,0,0,0,0,0,13.3436638,52.43906684
10,10300734,2018,4,12,2,3,2,6,0,0,1,0,0,0,0,0,13.55974201,52.47994295
4,4300415,2018,4,21,1,3,1,5,2,0,1,0,0,0,0,0,13.2864685,52.50650078
10,10300734,2018,4,11,2,3,2,6,0,0,1,0,0,0,0,0,13.56174783,52.50549428
5,5200629,2018,4,15,2,3,8,1,0,0,1,0,0,0,0,0,13.19911157,52.53410697
3,3200206,2018,4,18,1,2,6,2,0,0,1,1,0,0,0,0,13.40424762,52.58148335
7,7400823,2018,4,17,3,3,9,1,0,0,1,0,0,0,0,0,13.37659068,52.46092648
8,8300934,2018,4,21,2,3,5,3,2,0,1,0,0,0,0,0,13.45740539,52.43089457
2,2200213,2018,4,15,1,3,5,2,0,1,1,0,0,0,0,0,13.41318636,52.49169564
12,12400619,2018,4,21,2,3,0,1,2,0,0,0,1,0,0,0,13.23990597,52.60210001
2,2300315,2018,4,14,1,3,6,4,0,0,1,1,0,0,0,0,13.42865052,52.49938272
10,10200629,2018,4,22,1,3,5,3,2,0,1,0,0,0,0,1,13.5827245,52.51446098
2,2200210,2018,4,20,1,2,5,2,2,1,1,0,0,0,0,1,13.39523632,52.49631998
2,2300314,2018,4,14,1,3,5,2,0,0,1,0,0,0,0,0,13.4165921,52.50203514
3,3400619,2018,4,19,1,2,1,7,1,0,1,0,0,0,0,1,13.38099378,52.59109134
2,2400521,2018,4,16,1,3,5,3,0,0,1,0,0,0,0,1,13.43288633,52.51783757
1,1100308,2018,4,13,1,3,5,3,0,1,1,0,0,0,0,0,13.37851408,52.52923921
9,9100407,2018,4,22,1,3,8,1,2,0,1,0,0,0,0,1,13.49219086,52.45804023
3,3100101,2018,4,14,1,2,5,7,0,0,1,0,0,0,0,1,13.44482378,52.61535598
9,9401635,2018,4,13,1,3,5,3,0,0,1,0,1,0,0,0,13.6616858,52.41229347
8,8200832,2018,4,7,2,3,6,2,0,0,1,1,0,0,0,0,13.41703355,52.41822204
9,9200715,2018,4,16,2,3,5,2,0,0,1,0,1,0,0,0,13.52665347,52.42644117
1,1300730,2018,4,14,1,3,0,5,0,0,1,0,0,0,1,1,13.37691687,52.56005811
10,10200629,2018,4,12,1,3,5,2,0,1,1,0,0,0,0,0,13.57730079,52.51315509
2,2400521,2018,4,13,1,3,2,2,0,0,1,0,0,0,0,1,13.44065024,52.5171527
10,10200629,2018,4,10,1,3,5,7,0,0,1,0,0,0,0,0,13.5748727,52.51309758
5,5100208,2018,4,10,1,3,5,2,0,0,1,0,0,0,0,1,13.16539246,52.55118861
6,6300634,2018,4,14,2,2,5,2,0,0,1,0,1,0,0,0,13.300894,52.43916766
9,9100409,2018,4,6,1,3,9,1,2,0,1,0,0,0,0,1,13.51308385,52.42935166
11,11400929,2018,4,9,2,3,2,2,0,0,1,0,0,0,0,0,13.50055367,52.51079671
4,4100101,2018,4,16,1,3,0,6,0,0,1,0,0,0,1,0,13.282948,52.5338444
7,8200831,2018,4,1,1,3,3,6,2,0,1,0,0,0,0,1,13.40167065,52.41472476
4,4300624,2018,4,7,1,3,2,7,0,0,1,0,0,0,0,0,13.31591512,52.50672498
6,6200317,2018,4,22,2,2,5,2,2,0,1,0,1,0,0,0,13.35899184,52.42006746
4,4500937,2018,4,14,2,2,5,2,0,0,1,0,1,0,0,0,13.28690274,52.49568929
1,1100309,2018,4,17,1,3,0,1,0,1,0,0,0,0,0,0,13.40196397,52.52886946
8,8401241,2018,4,1,1,3,6,7,2,0,1,1,0,0,0,1,13.48336671,52.4258191
3,3500935,2018,3,18,7,3,0,3,1,1,1,0,0,0,0,0,13.44957761,52.55102741
6,6400844,2018,4,14,1,1,0,3,0,1,1,0,0,0,0,0,13.28338015,52.45889457