BEZ,LOR_ab_2021,UJAHR,UMONAT,USTUNDE,UWOCHENTAG,UKATEGORIE,UART,UTYP1,ULICHTVERH,IstRad,IstPKW,IstFuss,IstKrad,IstGkfz,IstSonstige,USTRZUSTAND,XGCSWGS84,YGCSWGS84
2,2300316,2018,4,18,2,3,5,5,0,0,1,0,1,0,0,0,13.4367368,52.50372111
6,6200421,2018,4,19,1,3,2,6,0,0,1,0,1,0,0,0,13.31669694,52.4258273
9,9501736,2018,3,12,7,3,5,3,0,1,1,0,0,0,0,0,13.61713544,52.45528847
5,5100314,2018,4,12,1,2,5,3,0,1,1,0,0,0,0,0,13.20245171,52.54648516
1,1100207,2018,3,12,7,3,2,6,0,0,1,0,0,0,0,1,13.40151987,52.51147967
11,11200513,2018,4,19,7,3,5,3,2,1,1,0,0,0,0,0,13.49483708,52.54542845
12,12400721,2018,4,7,2,3,5,3,0,1,1,0,0,0,0,0,13.29028795,52.63342805
5,5100316,2018,3,20,7,3,6,4,2,0,1,1,0,0,0,1,13.19828806,52.53497764
5,5400942,2018,4,14,7,3,2,6,0,0,1,0,0,0,0,0,13.17418594,52.47408827
10,10100311,2018,4,18,7,3,0,6,0,0,1,0,1,0,0,0,13.52530258,52.53668094
12,12200309,2018,3,19,7,3,1,5,2,0,1,0,0,0,0,1,13.32560929,52.5646167
8,8401242,2018,4,13,7,3,5,2,0,1,1,0,0,0,0,0,13.48120679,52.41105149
4,4400835,2018,4,13,7,3,6,4,0,1,0,1,0,0,0,0,13.31519101,52.46956354
7,7100102,2018,3,19,7,3,2,6,2,0,1,0,0,0,0,1,13.34592905,52.49470818
2,2500833,2018,4,13,7,2,6,2,0,0,1,1,0,0,0,0,13.46282041,52.51079913
9,9200715,2018,4,12,7,2,3,6,0,0,1,0,1,0,0,0,13.54832694,52.42746809
1,1100102,2018,3,18,7,3,0,6,0,0,1,0,1,0,0,1,13.36914145,52.50614608
2,2100103,2018,4,12,7,3,3,6,0,1,0,0,0,0,0,0,13.39935298,52.50679104
7,7100205,2018,3,17,7,3,6,2,0,0,1,1,0,0,0,1,13.36533002,52.49732037
1,1200628,2018,4,9,7,3,5,2,0,1,0,0,0,0,1,0,13.36588846,52.52525565
9,9501941,2018,3,16,7,3,2,6,0,0,1,0,0,0,0,1,13.59357948,52.44967023
5,5200423,2018,4,8,7,3,5,2,0,0,1,0,0,1,0,0,13.14158548,52.53242747
9,9200715,2018,4,8,7,3,5,3,0,0,1,0,0,0,0,0,13.53561947,52.43044804
6,6300525,2018,4,15,3,2,5,3,0,0,1,0,1,0,0,0,13.25155509,52.41373579
9,9100409,2018,3,15,7,3,5,3,0,0,1,0,0,0,0,1,13.51331057,52.42796348
2,2100104,2018,4,16,7,3,5,2,0,1,1,0,0,0,0,0,13.40998201,52.50267217
9,9401534,2018,4,17,7,3,1,5,0,1,1,0,0,0,1,0,13.5777699,52.44398474
8,8100312,2018,3,15,7,3,1,5,0,0,1,0,0,0,0,1,13.43081212,52.48582456
5,5200527,2018,3,15,7,3,5,2,0,0,1,0,0,0,0,1,13.16172332,52.52355541
1,1401048,2018,4,21,4,3,3,6,2,0,1,0,0,1,0,0,13.35837824,52.5539768
1,1100309,2018,4,13,2,3,5,3,0,1,1,0,0,0,0,0,13.39376598,52.52858474
9,9300921,2018,4,17,7,3,2,6,0,0,1,0,1,0,0,0,13.55643867,52.41109988
4,4300518,2018,3,15,7,3,5,7,0,0,1,0,1,0,0,1,13.30651812,52.52888247
12,12200411,2018,4,17,7,3,2,6,0,0,1,0,0,0,0,0,13.32589705,52.56138117
3,3500934,2018,4,16,2,3,4,6,0,1,0,0,0,1,0,0,13.43294711,52.55508772
1,1400942,2018,3,14,7,3,6,4,0,0,1,1,0,0,0,1,13.35224133,52.54835373
9,9301126,2018,4,16,7,3,0,1,0,0,0,0,1,0,0,0,13.5742736,52.41392006
2,2200210,2018,3,14,7,3,2,3,0,0,1,0,0,0,0,1,13.39069336,52.49602975
6,6100101,2018,4,16,7,2,1,1,0,0,1,0,0,0,0,0,13.31092442,52.4599927
6,6100209,2018,4,16,7,3,1,5,0,1,1,0,0,0,0,0,13.3301528,52.46428582
12,12200310,2018,4,12,3,3,6,2,0,0,1,1,0,0,0,0,13.31192198,52.57154933
3,3300413,2018,3,13,7,3,2,2,0,0,1,0,0,0,0,1,13.48493604,52.61476048
3,3501038,2018,4,16,7,3,2,6,0,0,1,0,0,0,0,0,13.47941619,52.55310664
4,4300414,2018,3,12,7,3,2,5,0,0,1,0,0,0,0,1,13.30119742,52.5140842
9,9401534,2018,4,16,7,3,5,2,0,1,0,0,0,0,1,0,13.58198923,52.44260906
7,7100103,2018,3,11,7,2,6,2,0,0,1,1,0,0,0,1,13.35701783,52.49899267
8,8301036,2018,3,10,7,3,5,2,0,1,1,0,0,0,0,1,13.46816178,52.42764093
1,1100206,2018,4,23,3,3,9,1,2,0,0,0,1,0,0,0,13.37688052,52.51608295
3,3300411,2018,4,16,7,3,5,3,0,0,1,0,1,0,0,0,13.48602147,52.61594478
5,5100316,2018,3,7,7,3,5,2,0,0,1,0,0,0,0,0,13.19949482,52.53474482
8,8401241,2018,3,3,7,3,0,7,2,0,1,0,0,0,0,1,13.47806909,52.4423545
6,6400735,2018,4,15,7,3,5,3,0,0,1,0,1,0,0,0,13.1092373,52.41407905
2,2200210,2018,4,9,2,3,2,6,0,0,1,0,0,0,0,0,13.39116723,52.49236649
6,6300632,2018,4,17,2,3,5,3,0,1,0,0,1,0,0,0,13.27970714,52.42615518
12,12500929,2018,4,14,7,3,5,3,0,1,1,0,0,0,0,0,13.34384671,52.61352762
5,5100211,2018,3,21,7,3,8,7,2,0,1,0,0,0,1,1,13.17815692,52.54870737
4,4501041,2018,4,19,3,3,6,7,1,0,1,1,0,0,0,0,13.31940317,52.49969169
1,1100415,2018,4,21,7,3,0,1,2,1,0,0,0,0,0,0,13.39866678,52.53256718
11,11200515,2018,3,13,6,3,2,6,0,0,1,0,0,0,0,0,13.5162972,52.53655842
4,4300619,2018,3,13,6,3,2,6,0,0,1,0,0,0,0,0,13.31075094,52.51618519
10,10200421,2018,4,16,7,3,2,2,0,0,1,0,0,0,0,0,13.60424278,52.5387442
2,2200210,2018,3,22,6,3,5,2,2,0,1,0,0,0,0,0,13.39520118,52.49615185
4,4501041,2018,4,14,6,3,2,6,0,0,1,0,0,0,0,0,13.32161808,52.5028034
7,7601546,2018,3,19,6,3,1,1,1,0,1,0,1,0,0,0,13.39628492,52.38482024
2,2300419,2018,3,18,6,2,0,1,1,1,0,0,0,0,0,0,13.43879422,52.49773089
12,12500930,2018,4,19,3,3,5,2,0,0,1,0,0,0,0,0,13.32396899,52.58758097
12,12200412,2018,4,17,6,3,5,7,0,0,1,0,0,0,0,0,13.29422057,52.57732065
4,4300416,2018,3,16,6,2,5,3,0,1,1,0,0,0,0,0,13.30136206,52.5079605
5,5300737,2018,3,15,6,3,5,3,0,0,1,0,1,0,0,0,13.23953726,52.54029567
1,1200624,2018,4,15,6,3,0,6,0,0,1,0,1,0,0,0,13.35847239,52.53645481
3,3601450,2018,4,20,2,3,5,2,1,1,1,0,0,0,0,0,13.45921027,52.52932838
4,4501042,2018,4,9,6,3,3,6,0,0,1,0,0,1,0,0,13.32493916,52.49993914
8,8100418,2018,3,15,6,3,1,1,0,0,1,0,1,0,0,0,13.45168928,52.48081557
4,4501042,2018,4,19,3,3,3,6,0,1,0,0,0,0,1,0,13.32827147,52.50323037
10,10100104,2018,4,9,6,3,5,3,0,0,1,0,0,0,0,0,13.57868159,52.56612377
7,7400720,2018,3,14,6,3,5,2,0,1,1,0,0,0,0,0,13.38571966,52.48163831
3,3100102,2018,4,18,6,2,5,2,0,1,1,0,0,0,0,0,13.50310399,52.63653333
11,11300721,2018,3,13,6,3,2,6,0,0,1,0,0,0,0,0,13.50596681,52.53473504
12,12100103,2018,4,18,3,3,5,2,0,0,1,0,0,0,0,0,13.36005485,52.57562216
4,4400834,2018,4,11,6,3,0,6,0,0,1,0,0,0,0,0,13.30984928,52.47873104
1,1401046,2018,4,23,6,3,5,2,2,0,1,0,0,0,0,0,13.34946333,52.54224635
4,4300412,2018,4,15,3,3,3,6,0,0,1,0,1,0,0,0,13.29469329,52.51927273
8,8300934,2018,3,11,6,3,2,2,0,0,0,0,1,0,1,0,13.46727096,52.42821787
1,1100102,2018,4,19,6,3,2,6,1,0,1,0,0,0,0,0,13.34850085,52.51512408
7,7400824,2018,4,18,6,3,2,6,1,0,1,0,0,0,0,0,13.38545059,52.46712327
11,11100308,2018,3,10,6,3,5,2,0,1,1,0,0,0,0,0,13.4922984,52.56519627
12,12500929,2018,4,18,6,3,6,4,0,0,1,1,0,0,0,0,13.36344165,52.60695218
1,1100102,2018,3,22,6,2,0,7,2,0,0,0,0,0,1,0,13.37004718,52.51957423
7,7400825,2018,4,18,6,3,6,4,0,1,0,1,0,0,0,0,13.38411517,52.45582543
11,11501340,2018,4,19,2,3,6,4,1,0,1,1,0,0,0,0,13.52566822,52.48300444
11,11300617,2018,4,17,6,3,8,1,0,0,1,0,0,0,0,0,13.47347139,52.53236591
9,9200613,2018,3,12,5,3,2,6,0,0,1,0,0,1,0,1,13.50550895,52.46159453
1,1100311,2018,4,18,3,3,5,2,0,1,1,0,0,0,0,0,13.41825915,52.51572676
8,8100419,2018,4,17,6,3,5,2,0,1,1,0,0,0,0,0,13.45613863,52.48416446
5,5200527,2018,3,9,5,3,2,6,0,0,1,0,0,0,0,0,13.17703962,52.52544466
1,1401049,2018,4,17,6,3,5,2,0,1,1,0,0,0,0,0,13.36573697,52.55713365
5,5100316,2018,3,20,5,3,5,2,2,0,1,0,1,0,0,0,13.2008099,52.53853924
7,7501031,2018,4,16,6,3,2,6,0,0,1,0,0,0,0,0,13.39933281,52.44429834
4,4400833,2018,4,17,6,2,5,3,0,0,1,0,0,0,0,0,13.30081956,52.47402795
4,4200308,2018,4,14,3,2,5,2,0,0,1,0,1,0,0,0,13.27253591,52.51933703
1,1100313,2018,3,20,5,3,3,6,2,1,1,0,0,0,0,0,13.42540523,52.5085418
3,3601243,2018,4,17,6,3,1,5,0,1,1,0,0,0,0,0,13.41972112,52.54899534
3,3701554,2018,3,19,5,3,5,7,1,0,1,0,1,0,0,0,13.40903237,52.53397212
4,4400832,2018,4,16,6,3,0,2,0,1,1,0,0,0,0,0,13.29587276,52.47373196
12,12601235,2018,3,18,5,3,0,2,1,1,1,0,0,0,0,0,13.36148388,52.59696564
12,12500930,2018,4,16,6,3,5,2,0,1,1,0,0,0,0,0,13.32370785,52.58751191
1,1401046,2018,3,18,5,3,5,3,0,1,1,0,0,0,0,0,13.34510226,52.53905692
12,12200411,2018,3,17,5,3,2,2,0,0,1,0,0,0,0,0,13.32462034,52.56098375
4,4100101,2018,4,17,3,3,5,2,0,0,1,0,0,0,1,0,13.32610679,52.53836757
11,11300617,2018,4,15,6,3,2,6,0,0,1,0,0,0,0,0,13.47262368,52.5321746
8,8401241,2018,3,16,5,3,5,2,0,0,1,0,0,0,1,0,13.47350998,52.43236755
10,10100102,2018,3,16,5,3,5,3,0,0,1,0,0,0,0,0,13.56855457,52.56946763
1,1100310,2018,4,15,6,3,0,1,0,0,1,0,1,0,0,0,13.41180408,52.52816351
11,11300617,2018,4,15,6,3,3,2,0,0,1,0,0,0,0,0,13.4689442,52.53140913
9,9200613,2018,4,11,3,3,5,3,0,1,1,0,0,0,0,0,13.50241841,52.46124021
8,8100209,2018,3,15,5,3,2,6,0,0,1,0,0,0,0,0,13.44280023,52.46507298
8,8200624,2018,4,15,6,2,6,4,0,0,1,1,0,0,0,0,13.43013239,52.45592751
4,4501146,2018,3,15,5,3,5,2,0,1,1,0,0,0,0,0,13.31384104,52.48679343
1,1300834,2018,4,15,6,2,6,4,0,0,1,1,0,0,0,0,13.39234977,52.54286376
11,11401136,2018,3,14,5,3,5,3,0,0,1,0,0,0,1,0,13.50868695,52.50056312
12,12100102,2018,3,14,5,3,6,4,0,0,1,1,0,0,0,0,13.37246799,52.56821126
3,3200308,2018,4,16,3,3,0,3,0,0,1,0,1,0,0,0,13.42640248,52.60315677
11,11200411,2018,4,13,6,3,0,6,0,1,0,0,0,0,0,0,13.49859003,52.54728181
6,6200313,2018,3,13,5,3,0,2,0,0,1,0,0,0,0,0,13.34336544,52.4348984
9,9501838,2018,3,13,5,3,5,3,0,0,1,0,0,0,0,0,13.68560553,52.44295803
1,1100206,2018,4,12,6,3,5,3,0,0,1,0,0,0,0,0,13.38650958,52.51273952
1,1100206,2018,3,12,5,3,3,6,0,1,0,0,0,0,1,0,13.38059347,52.51723961
1,1200517,2018,4,14,3,2,0,7,0,0,1,1,0,1,0,0,13.35985677,52.53744514
4,4300517,2018,4,12,6,3,5,2,0,1,1,0,0,0,0,0,13.29748397,52.52548574
12,12200310,2018,3,12,5,3,2,6,0,0,1,0,0,0,0,0,13.31089157,52.56794329
3,3400619,2018,4,11,6,2,5,2,0,1,1,0,0,0,0,0,13.36499087,52.59008857
4,4300518,2018,4,22,2,3,3,6,2,0,1,0,0,0,0,0,13.29467642,52.53278101
9,9502043,2018,3,11,5,3,6,3,0,0,1,1,0,0,0,1,13.57290591,52.4703622
10,10300733,2018,4,11,6,3,0,3,0,0,1,0,1,0,0,0,13.55448937,52.50734487
7,7100102,2018,3,11,5,3,5,3,0,1,1,0,0,0,0,1,13.35221894,52.49670308
1,1100308,2018,4,13,3,3,2,6,0,0,0,0,1,1,0,0,13.38142578,52.52803654
8,8100208,2018,4,9,6,3,6,2,0,0,1,1,0,0,0,0,13.43867573,52.46936667
1,1100207,2018,3,10,5,3,2,6,0,0,1,0,0,1,0,1,13.40245763,52.5118783
4,4400835,2018,3,10,5,3,1,5,0,1,1,0,0,0,0,1,13.3167496,52.47021901
5,5100315,2018,4,12,3,3,6,7,0,0,1,1,0,0,0,0,13.203549,52.54401341
10,10100311,2018,4,14,2,3,5,2,0,0,1,0,0,0,0,0,13.518938,52.53283763
10,10400938,2018,4,8,6,3,5,3,0,1,1,0,0,0,0,0,13.61165342,52.5142174
11,11300721,2018,3,9,5,3,6,4,0,0,1,1,0,0,0,1,13.50958369,52.53483617
10,10100311,2018,3,9,5,3,2,6,0,0,1,0,0,0,1,1,13.52238071,52.53579397
7,7400720,2018,4,9,6,3,5,7,0,0,1,0,0,0,0,0,13.38347255,52.48177345
1,1401044,2018,4,20,2,2,6,4,2,1,0,1,0,0,0,0,13.37350829,52.55402254
4,4300623,2018,4,10,6,3,0,7,0,0,1,0,0,0,0,0,13.3034511,52.50672966
2,2400522,2018,3,8,5,3,3,6,0,1,1,0,0,0,0,0,13.44255901,52.51802547
4,4400726,2018,4,12,3,3,2,6,0,0,1,0,0,0,0,0,13.28490879,52.49171493
5,5100103,2018,4,17,2,3,2,6,0,1,1,0,0,0,0,0,13.21035787,52.56203365
6,6200313,2018,4,9,6,3,8,1,0,0,0,0,1,0,0,0,13.34643384,52.43591605
8,8401242,2018,3,8,5,2,5,7,0,0,1,0,0,0,0,1,13.48933382,52.42071681
5,5400945,2018,4,17,3,3,8,1,0,0,0,0,1,0,0,0,13.1329022,52.45107332
6,6100206,2018,4,20,6,3,2,6,2,0,1,0,0,0,0,0,13.33835042,52.45108821
7,7601236,2018,3,8,5,3,0,5,0,0,0,0,0,0,1,1,13.35242144,52.41632555
10,10400941,2018,4,12,5,3,5,3,0,1,1,0,0,0,0,0,13.6063334,52.48878334
11,11401137,2018,3,1,5,2,5,2,2,0,1,0,0,0,1,1,13.52176377,52.50100873
1,1100311,2018,4,12,3,3,5,3,0,0,1,0,1,0,0,0,13.41750659,52.51849973
1,1100415,2018,4,17,5,3,5,7,0,0,1,0,1,0,0,0,13.40051073,52.53061884
1,1100102,2018,4,16,5,3,2,6,0,0,1,0,0,0,0,1,13.35183208,52.50962736
1,1400939,2018,3,12,5,3,5,3,0,1,1,0,0,0,0,0,13.3564251,52.55535521
11,11501341,2018,4,16,5,3,0,1,0,1,1,0,0,0,0,0,13.5114173,52.48411398
4,4100101,2018,4,18,2,2,0,1,0,0,0,0,0,0,1,0,13.29346495,52.53727236
1,1100311,2018,4,12,5,3,5,2,0,1,1,0,0,0,0,0,13.41800443,52.51801902
12,12200515,2018,3,9,4,3,0,3,0,1,0,0,0,0,1,0,13.28138585,52.5850686
2,2400522,2018,4,12,3,3,5,7,0,0,1,0,0,0,1,0,13.44377176,52.52518172
11,11200513,2018,4,15,5,3,0,4,0,0,0,1,0,0,1,0,13.48634694,52.54089876
6,6100209,2018,3,16,4,3,2,2,0,0,1,0,0,0,0,0,13.3394103,52.45864706
8,8300934,2018,4,14,5,3,0,3,0,0,1,0,0,0,1,0,13.45475492,52.43475399
4,4400832,2018,3,11,4,3,6,2,0,0,1,1,0,0,0,1,13.29058143,52.47516247
4,4500936,2018,4,11,3,3,0,6,0,0,1,0,0,0,1,0,13.30613857,52.49990627
4,4501042,2018,4,14,5,3,6,4,0,0,1,1,0,0,0,0,13.33805813,52.50518805
4,4501045,2018,4,7,5,3,5,3,0,1,1,0,0,0,0,1,13.33460928,52.49836603
3,3200205,2018,4,10,5,2,5,3,0,0,1,0,0,0,0,0,13.3983486,52.59239355
12,12200412,2018,3,13,4,2,2,6,0,0,1,0,0,0,0,1,13.28331294,52.57565043
4,4501148,2018,4,13,5,3,2,6,0,0,1,0,0,0,0,0,13.31318872,52.48070088
7,7400823,2018,3,14,4,3,2,6,0,0,1,0,0,0,0,1,13.37817112,52.46650915
4,4500939,2018,4,11,3,3,5,3,0,1,1,0,0,0,0,1,13.30444072,52.48850002
4,4501045,2018,4,12,5,3,2,6,0,0,1,0,0,0,0,0,13.32426133,52.49700853
9,9200819,2018,4,11,5,3,2,6,0,0,1,0,0,0,0,0,13.5714729,52.43517051
7,7200409,2018,4,15,3,3,1,5,0,0,1,0,1,0,0,0,13.35121524,52.48747239
11,11300723,2018,3,15,4,3,5,3,0,0,1,0,0,0,0,1,13.48993705,52.52060908
6,6200421,2018,4,10,5,3,5,2,0,0,1,0,0,0,0,0,13.31296377,52.43043623
4,4500939,2018,4,9,5,3,2,6,0,0,1,0,0,0,0,0,13.31162955,52.48953581
1,1100206,2018,3,15,4,3,5,3,0,0,1,0,0,0,0,1,13.386203,52.51367558
3,3400722,2018,3,15,4,3,5,3,0,1,1,0,0,0,0,1,13.40663012,52.5756598
2,2300315,2018,4,11,3,3,5,2,0,0,1,0,0,0,0,0,13.42709115,52.49913746
2,2400521,2018,4,8,5,3,5,2,0,0,1,0,0,0,1,0,13.44062844,52.51707646
9,9200511,2018,3,15,4,2,5,7,0,0,1,0,0,0,1,1,13.52398278,52.45960194
10,10200420,2018,4,7,5,2,5,2,0,1,1,0,0,0,0,0,13.59861192,52.53503947
1,1100415,2018,4,13,3,2,0,1,0,1,0,0,0,0,0,0,13.40011567,52.53109587
12,12500930,2018,3,14,4,3,3,6,0,0,1,0,0,0,0,1,13.34512118,52.58129039
5,5200423,2018,4,5,5,3,5,7,1,0,1,0,1,0,0,0,13.15456553,52.53290805
12,12100101,2018,3,13,4,2,5,3,0,0,1,0,1,0,1,1,13.37825864,52.56552679
10,10300734,2018,4,13,3,3,2,6,0,0,1,0,0,0,0,0,13.56158328,52.49337984
4,4100101,2018,3,10,4,3,5,3,0,0,1,0,0,0,0,1,13.32610259,52.53839301
4,4100101,2018,4,22,5,3,9,1,2,0,1,0,0,0,0,1,13.29724885,52.54800434
9,9100407,2018,3,9,4,3,2,6,0,0,1,0,0,0,0,1,13.50833576,52.45100886
3,3500934,2018,4,5,5,3,8,1,2,0,1,0,0,0,0,1,13.42907113,52.55647527
1,1200522,2018,3,9,4,3,5,2,0,1,1,0,0,0,0,1,13.32999319,52.52378563
8,8401241,2018,3,8,4,3,2,2,0,1,1,0,0,0,0,1,13.48360021,52.43122205
8,8100209,2018,4,11,3,3,2,6,0,0,1,0,0,0,0,0,13.44432592,52.46796812
3,3701554,2018,4,0,5,3,0,1,2,1,0,0,0,0,0,1,13.40740218,52.53636114
1,1200628,2018,3,8,4,3,5,2,0,1,1,0,0,0,0,1,13.36305473,52.52292427
5,5400943,2018,3,20,4,3,5,3,2,0,1,0,0,0,0,0,13.12631798,52.46800694
3,3601245,2018,4,13,5,3,5,3,0,0,1,0,0,0,0,0,13.43482242,52.54287271
10,10100315,2018,4,16,2,3,2,2,0,0,1,0,0,0,0,0,13.56473604,52.54284975
6,6300525,2018,3,20,4,3,5,3,2,1,1,0,0,0,0,1,13.25139774,52.41555745
3,3300514,2018,4,16,5,3,0,3,0,1,1,0,0,0,0,0,13.44224128,52.59101973
7,7400928,2018,3,20,4,2,5,7,2,0,1,0,0,0,0,1,13.42048715,52.46174016
5,5300737,2018,4,10,3,3,2,6,0,0,1,0,0,0,1,0,13.24106557,52.53863223
1,2100104,2018,4,18,4,3,6,4,0,0,0,1,0,0,1,0,13.41161828,52.50476302
12,12500926,2018,3,17,4,3,0,6,0,0,1,0,1,0,0,1,13.33534023,52.59566545
8,8401243,2018,3,17,4,3,5,3,0,0,1,0,0,0,0,1,13.50245117,52.42479303
4,4400726,2018,4,9,3,3,5,3,0,1,1,0,0,0,0,1,13.28423845,52.48528408
4,4501045,2018,4,18,4,3,5,2,0,1,1,0,0,0,0,0,13.33073646,52.49979683
10,10300732,2018,4,17,4,3,2,6,0,0,1,0,0,0,0,0,13.57376313,52.52713573
1,1300733,2018,3,16,4,3,5,5,0,1,1,0,0,0,0,1,13.38919368,52.55013865
7,7400927,2018,3,16,4,3,5,3,0,0,1,0,0,0,0,1,13.3871812,52.45797178
2,2300316,2018,4,20,4,2,5,2,1,0,1,0,1,0,0,0,13.4349103,52.50448661
4,4300619,2018,3,16,4,3,5,2,0,1,0,0,0,0,1,1,13.31358713,52.51532336
1,1100311,2018,3,8,3,3,0,6,0,1,1,0,0,0,0,0,13.41730302,52.52203064
9,9501736,2018,4,17,4,3,0,6,0,0,1,0,1,0,0,0,13.5983039,52.45258001
1,1100310,2018,4,19,2,3,3,6,1,1,0,0,0,0,0,0,13.41182226,52.52396765
2,2500835,2018,4,17,4,3,5,3,0,1,1,0,0,0,0,0,13.45820232,52.49960641
6,6200422,2018,3,23,3,3,5,2,2,0,1,0,0,0,1,0,13.32639061,52.42762107
1,1100205,2018,4,15,4,3,1,5,0,1,0,0,0,0,1,0,13.37852738,52.51327001
1,1100102,2018,3,21,3,3,5,2,2,0,0,0,1,0,1,0,13.37189203,52.5090436
8,8301036,2018,4,16,4,3,5,3,0,0,1,0,0,0,0,0,13.46822555,52.42776634
5,5100104,2018,3,21,3,3,3,6,2,1,1,0,0,0,0,0,13.20744612,52.55574407
9,9301025,2018,4,15,4,3,2,6,0,0,1,0,0,0,1,0,13.53971835,52.3967875
4,4501043,2018,4,15,4,3,1,5,0,0,1,0,0,0,0,0,13.31113215,52.49707217
7,7400928,2018,4,7,3,2,5,3,0,0,1,0,0,0,0,0,13.4177002,52.46483068
8,8100314,2018,3,20,3,3,2,7,2,1,1,0,0,0,0,0,13.43323604,52.4822229
3,3501037,2018,4,15,4,3,2,6,0,0,1,0,0,0,1,0,13.45770299,52.56144127
1,1400938,2018,4,14,4,3,2,6,0,0,1,0,0,0,0,0,13.33564538,52.54169397
7,7601443,2018,3,19,3,3,5,3,2,0,1,0,0,0,0,0,13.41190352,52.40152531
2,2500726,2018,4,14,4,2,5,3,0,1,0,0,0,0,0,0,13.45096819,52.52694464
4,4100101,2018,4,23,2,3,5,3,2,0,1,0,0,0,0,0,13.32610175,52.53839948
4,4501042,2018,4,14,4,3,1,7,0,0,0,0,1,0,0,0,13.33195807,52.50283939
4,4200311,2018,3,19,3,2,5,7,2,0,1,0,1,0,0,0,13.26526985,52.50409366
9,9100408,2018,4,14,4,3,2,6,0,0,1,0,1,0,0,0,13.51388225,52.446687
4,4200205,2018,3,19,3,3,1,5,2,1,1,0,0,0,1,0,13.24110385,52.51043098
1,1200518,2018,4,14,4,2,1,5,0,1,1,0,0,0,0,0,13.32725984,52.52753937
8,8100312,2018,3,19,3,3,1,5,1,1,1,0,0,0,1,0,13.43611232,52.48397082
12,12100204,2018,4,14,4,3,5,2,0,0,1,0,0,0,0,0,13.35385889,52.5620908
1,1100311,2018,4,13,4,3,9,1,0,0,1,0,0,0,0,0,13.41643525,52.51970521
11,11200513,2018,4,15,3,3,2,6,0,0,1,0,0,0,0,0,13.49473407,52.54526895
1,1200627,2018,3,18,3,3,6,4,0,1,0,1,0,0,0,0,13.3651509,52.52581673
8,8401241,2018,4,11,4,3,1,5,0,0,1,0,0,0,0,0,13.47363957,52.4380951
12,12400722,2018,4,10,4,3,1,5,0,0,1,0,0,0,0,0,13.29353561,52.626052
4,4300623,2018,3,18,3,3,5,2,0,0,1,0,1,0,0,0,13.31451365,52.51026615
7,7100101,2018,3,9,3,3,2,6,0,0,1,0,1,0,0,0,13.34052267,52.49976868
6,6100207,2018,4,13,2,3,6,4,0,0,1,1,0,0,0,0,13.32729743,52.44856157
12,12200309,2018,4,8,4,2,1,5,0,0,1,0,0,0,0,0,13.31863767,52.56638934
11,11200513,2018,3,9,3,3,5,3,0,0,1,0,0,0,0,0,13.49377972,52.5411299
12,12100101,2018,3,4,3,3,8,1,2,0,1,0,0,0,0,0,13.36561985,52.56294787
2,2200208,2018,4,9,4,3,5,2,0,1,1,0,0,0,0,0,13.38970239,52.49591504
8,8100102,2018,3,1,3,3,1,5,2,1,1,0,0,0,0,0,13.4257085,52.478789
3,3701556,2018,3,15,3,3,2,2,0,0,1,0,0,0,1,0,13.41897479,52.53054326
1,1100310,2018,4,8,4,3,2,6,0,0,1,0,1,0,0,0,13.40934651,52.52407695
9,9501736,2018,4,8,4,2,6,4,0,0,1,1,0,0,0,0,13.59971211,52.45195985
1,1100416,2018,4,12,3,3,0,6,0,0,1,0,1,0,0,0,13.4031196,52.53191657
1,1400942,2018,3,15,3,3,5,3,0,0,1,0,0,0,0,0,13.3460718,52.54490731
2,2500834,2018,4,20,4,3,0,7,2,1,0,0,0,0,0,0,13.4519053,52.50839383
8,8200726,2018,3,15,3,3,6,4,0,0,1,1,0,0,0,0,13.43691828,52.44986688
12,12200309,2018,4,21,4,3,5,2,2,0,1,0,0,0,0,1,13.33066205,52.56259156
2,2500834,2018,3,14,3,3,5,2,0,1,1,0,0,0,0,0,13.45876593,52.5064298
10,10400837,2018,3,13,3,3,5,3,0,1,1,0,0,0,0,0,13.57556318,52.48901948
7,7601545,2018,3,12,3,3,0,4,0,0,0,1,0,0,1,0,13.41971612,52.39358052
9,9200613,2018,3,13,3,3,5,3,0,0,1,0,0,0,0,0,13.51927061,52.45401882
6,6200420,2018,4,17,2,3,5,7,0,0,1,0,1,0,0,0,13.30647931,52.41946046
5,5300736,2018,4,11,4,3,5,2,0,1,0,0,0,0,1,0,13.23108787,52.53820277
4,4501042,2018,4,14,1,3,1,5,0,1,1,0,0,0,0,0,13.33611695,52.50008547
1,1100206,2018,4,14,7,3,0,1,0,1,0,0,0,0,0,1,13.38946009,52.52139119
7,7100102,2018,4,21,3,3,1,5,2,1,1,0,0,0,0,0,13.35447963,52.49739245
4,4300517,2018,4,22,7,2,0,1,2,1,0,0,0,0,0,0,13.29993276,52.52293206
12,12500928,2018,4,16,2,3,2,6,0,1,1,0,0,0,0,0,13.30917665,52.60334532
10,10400941,2018,4,17,6,3,1,5,0,1,1,0,0,0,0,0,13.60376687,52.48163566
3,3500935,2018,4,1,6,3,0,7,2,0,0,1,0,0,1,1,13.45075485,52.54843511