BEZ,LOR_ab_2021,UJAHR,UMONAT,USTUNDE,UWOCHENTAG,UKATEGORIE,UART,UTYP1,ULICHTVERH,IstRad,IstPKW,IstFuss,IstKrad,IstGkfz,IstSonstige,USTRZUSTAND,XGCSWGS84,YGCSWGS84
9,9200819,2018,4,20,1,3,2,6,2,0,1,0,0,0,1,0,13.56967968,52.44463256
7,7501133,2018,4,15,6,2,5,2,0,0,1,0,0,0,0,0,13.38980364,52.43431758
1,1401049,2018,4,14,6,2,5,7,0,0,1,0,0,0,1,0,13.36925923,52.55709902
10,10100311,2018,4,7,4,3,5,2,0,1,0,0,1,0,0,0,13.52183901,52.5258731
2,2100106,2018,4,14,1,3,0,2,0,0,1,0,1,0,0,0,13.41412244,52.49857835
12,12500930,2018,4,17,3,3,5,2,0,0,1,0,0,0,0,0,13.33994125,52.58805021
12,12500927,2018,4,14,6,2,1,5,0,0,1,0,0,0,0,0,13.308497,52.59077049
9,9100408,2018,4,16,2,2,5,3,0,0,1,0,0,0,0,1,13.50630607,52.43752045
7,7501030,2018,4,14,6,3,6,4,0,0,1,1,0,0,0,0,13.3802177,52.44524612
1,1100205,2018,4,14,6,3,6,4,0,0,0,1,0,0,1,0,13.37671158,52.51064286
3,3100101,2018,4,18,2,3,2,6,0,0,1,0,0,0,1,1,13.49393389,52.64307029
2,2300418,2018,4,14,6,3,0,3,0,0,1,0,0,0,1,0,13.43733602,52.49348986
1,1100313,2018,4,14,6,3,5,3,0,0,1,0,0,0,0,0,13.42193355,52.50512627
3,3400620,2018,4,15,1,3,5,3,0,1,1,0,0,0,0,0,13.39373556,52.57267081
3,3701658,2018,4,13,6,3,2,6,0,0,1,0,0,0,1,0,13.42779753,52.53362711
9,9200717,2018,4,7,3,3,4,2,0,1,1,0,0,0,0,0,13.55531597,52.43837453
3,3701554,2018,4,13,1,3,0,7,0,1,1,0,0,0,0,1,13.41230648,52.53114437
8,8100521,2018,4,16,3,3,5,7,0,1,1,0,0,0,0,0,13.47046271,52.46252353
12,12200412,2018,4,13,6,3,5,3,0,1,1,0,0,0,0,0,13.30028756,52.57005216
7,7100205,2018,4,14,2,3,6,4,0,1,0,1,0,0,0,0,13.36189279,52.49799064
12,12100205,2018,4,13,6,3,2,6,0,0,1,0,0,0,1,1,13.34143285,52.58840864
11,11400931,2018,4,12,6,3,2,6,0,0,1,0,0,0,1,1,13.51876808,52.50965056
3,3300517,2018,4,0,4,2,5,3,2,0,1,0,0,0,1,0,13.47704687,52.56689968
5,5200629,2018,4,13,1,3,2,6,0,0,1,0,0,0,0,0,13.19892318,52.53286564
4,4500937,2018,4,11,6,3,2,6,0,0,1,0,0,0,0,1,13.29173157,52.49735963
4,4200311,2018,4,8,3,3,5,2,0,0,1,0,0,0,0,0,13.26612801,52.50226369
2,2400625,2018,4,11,6,2,6,4,0,0,1,1,0,0,0,1,13.43502069,52.50868257
4,4300623,2018,4,16,4,3,6,4,0,0,1,1,0,0,0,0,13.30948955,52.51087313
1,1100309,2018,4,13,1,2,5,3,0,1,0,0,0,0,1,0,13.40559412,52.529388
7,7601341,2018,4,11,6,2,5,3,0,0,1,0,0,1,0,1,13.37805208,52.40763667
1,1100310,2018,4,10,3,3,1,5,0,1,1,0,0,0,1,0,13.41426892,52.52752478
8,8200730,2018,4,14,3,3,5,7,0,0,1,0,1,0,0,0,13.4351308,52.4321145
2,2300418,2018,4,10,6,3,5,2,0,1,1,0,0,0,0,1,13.43902867,52.49498497
7,7300517,2018,4,9,6,3,5,3,0,1,1,0,0,0,0,1,13.32896756,52.47250004
8,8200730,2018,4,14,2,2,0,6,0,0,1,0,1,0,0,0,13.43511277,52.42700637
11,11200513,2018,4,9,6,3,5,3,0,0,1,0,0,0,0,1,13.49358976,52.54365843
4,4501043,2018,4,9,6,3,0,2,0,1,0,0,0,0,1,1,13.31645876,52.49908897
12,12500930,2018,4,13,4,3,5,2,0,0,1,0,1,0,0,0,13.32372039,52.58751138
9,9401635,2018,4,11,1,3,5,3,0,1,1,0,0,0,0,0,13.66456885,52.41091022
4,4501148,2018,4,8,6,3,2,6,0,0,1,0,0,0,0,1,13.3199825,52.47876744
5,5200421,2018,4,16,3,3,1,7,0,0,1,0,0,0,0,0,13.14008856,52.53423088
12,12200412,2018,4,8,6,3,4,7,0,0,1,0,0,0,1,0,13.26629331,52.57588639
11,11100308,2018,4,20,2,3,9,1,1,0,1,0,0,0,0,1,13.4923971,52.56516632
10,10200524,2018,4,7,6,3,5,3,0,1,1,0,0,0,0,1,13.6073185,52.53400383
7,7100102,2018,4,7,6,3,5,3,0,1,1,0,0,0,0,0,13.35467359,52.49712995
10,10100311,2018,4,13,3,3,5,3,0,1,1,0,0,0,0,0,13.51926489,52.5307451
1,1300834,2018,4,20,6,3,5,3,2,0,1,0,0,0,0,1,13.39484648,52.54312534
7,7501032,2018,4,18,6,3,6,4,0,0,1,1,0,0,0,0,13.41274529,52.44461728
8,8100311,2018,4,10,2,2,5,3,0,1,1,0,0,0,0,1,13.42897912,52.48836306
4,4200308,2018,4,17,6,3,6,4,0,0,1,1,0,0,0,0,13.27994243,52.51846704
4,4501042,2018,4,17,6,3,5,3,0,0,1,0,0,0,0,0,13.33099308,52.50148545
1,1100102,2018,4,9,4,3,2,2,0,0,1,0,0,0,0,0,13.37527167,52.51181997
6,6200313,2018,4,9,1,3,6,7,0,0,0,1,0,0,1,0,13.34656522,52.43532861
7,7100205,2018,4,16,6,3,5,3,0,1,1,0,0,0,0,0,13.3645761,52.4974745
1,1100206,2018,4,19,3,3,1,5,0,1,1,0,0,0,0,0,13.390125,52.51569656
1,1100312,2018,4,15,6,3,6,7,0,0,1,1,0,0,0,0,13.40624587,52.51370446
5,5100316,2018,4,21,2,3,1,5,1,0,1,0,0,0,0,0,13.19969821,52.53522706
5,5100316,2018,4,22,6,2,5,2,2,1,1,0,0,0,0,1,13.2038572,52.53990269
1,1300733,2018,4,16,6,3,2,6,0,1,1,0,0,0,0,0,13.38391628,52.55116854
5,5100104,2018,4,16,1,3,0,1,0,0,0,0,1,0,0,0,13.21926686,52.56016654
6,6300525,2018,4,15,6,2,4,7,0,0,1,0,0,0,0,0,13.25657039,52.41599435
3,3300411,2018,4,9,4,1,6,2,0,0,1,1,0,0,0,0,13.48761544,52.61805311
3,3601245,2018,4,4,1,3,5,3,2,0,1,0,0,0,0,0,13.43040344,52.55125672
6,6400839,2018,4,12,2,3,0,1,0,0,0,0,1,0,0,1,13.25836502,52.43569875
12,12100204,2018,4,17,6,3,5,2,0,0,1,0,0,0,1,0,13.35388999,52.56209017
7,7601236,2018,4,17,6,3,5,2,0,0,1,0,0,0,1,0,13.3730523,52.4248958
7,7400824,2018,4,8,4,3,1,5,0,1,1,0,0,0,0,0,13.37890496,52.46594331
8,8200730,2018,4,4,1,3,1,5,2,0,1,0,0,0,0,0,13.44113249,52.43798821
7,7601546,2018,4,18,3,2,2,6,0,0,1,0,1,0,0,0,13.39081433,52.39514682
6,6100205,2018,4,19,5,3,5,2,1,0,1,0,1,0,0,0,13.34510181,52.44884609
2,2300417,2018,4,16,2,3,6,4,0,0,1,1,0,0,0,0,13.4247237,52.49718863
1,1100308,2018,4,9,5,3,6,7,0,1,0,1,0,0,0,0,13.37894857,52.5282737
12,12200515,2018,4,16,5,3,3,6,0,1,0,0,0,0,0,0,13.28808662,52.58495925
9,9501736,2018,4,21,5,3,5,3,2,0,1,0,0,0,0,0,13.61494944,52.45479141
4,4501042,2018,4,9,3,3,2,6,0,1,1,0,0,0,0,0,13.33959637,52.50348164
6,6300629,2018,4,15,3,3,2,6,0,1,0,0,0,0,1,0,13.29452443,52.44495106
12,12601235,2018,4,20,5,3,6,4,2,0,1,1,0,0,0,0,13.35219637,52.59224538
5,5100316,2018,4,13,3,3,6,4,0,1,0,1,0,0,0,0,13.20022116,52.53683734
6,6400840,2018,4,18,5,3,5,3,0,0,1,0,0,0,0,0,13.2551774,52.44979759
7,7400823,2018,4,16,2,3,6,4,0,0,1,1,0,0,0,1,13.37562586,52.45658101
1,1401046,2018,4,18,5,2,5,7,0,0,1,0,1,0,0,0,13.35271368,52.54313855
4,4200308,2018,4,18,5,3,5,3,0,0,1,0,0,0,0,0,13.27056985,52.51529911
2,2200209,2018,4,16,4,3,6,4,0,1,0,1,0,0,0,0,13.3766111,52.48616025
1,1200628,2018,4,17,1,3,0,1,1,0,0,0,1,0,0,0,13.36756183,52.52601367
4,4300412,2018,4,18,5,3,3,6,0,0,1,0,0,0,0,0,13.2989798,52.51952624
8,8100415,2018,4,9,3,3,0,3,0,1,0,0,1,0,0,0,13.44154648,52.48116449
4,4501045,2018,4,14,3,3,2,6,0,0,1,0,1,0,0,0,13.33067258,52.49540803
4,4400835,2018,4,18,5,3,0,1,0,1,0,0,0,0,0,0,13.32027097,52.47688732
10,10200421,2018,4,17,5,3,5,3,0,0,1,0,0,0,0,0,13.60224367,52.53605
9,9200715,2018,4,13,2,3,2,6,0,0,1,0,0,0,0,0,13.55110389,52.42889955
12,12601235,2018,4,17,5,3,5,2,0,0,1,0,0,0,1,0,13.36051981,52.59689392
4,4501043,2018,4,11,4,3,2,6,0,1,1,0,0,0,0,0,13.31286192,52.49971476
4,4501043,2018,4,19,7,2,3,6,0,1,1,0,0,0,0,0,13.30773103,52.49815106
9,9100101,2018,4,15,2,2,5,3,0,1,1,0,0,0,0,0,13.44655124,52.49154255
3,3500936,2018,4,17,5,3,6,4,0,0,1,1,0,0,0,0,13.45390648,52.54782099
7,7300517,2018,4,17,5,2,6,4,0,1,0,1,0,0,0,0,13.32840143,52.47741998
1,1100205,2018,4,14,4,3,6,4,0,0,0,1,1,0,0,0,13.37955903,52.5109514
5,5200631,2018,4,19,7,2,6,4,0,0,1,1,0,0,0,0,13.1978118,52.52020066
9,9501939,2018,4,17,5,3,4,6,0,1,0,0,0,0,0,0,13.56583542,52.45603097
4,4400727,2018,4,7,3,3,0,2,0,0,1,0,1,0,0,0,13.28757471,52.48078546
7,7601544,2018,4,16,5,3,1,5,0,1,1,0,0,0,0,0,13.40727278,52.38666968
1,1100308,2018,4,11,3,3,1,5,0,1,1,0,0,0,0,0,13.38105075,52.5228201
12,12200309,2018,4,16,5,2,2,7,0,0,1,0,1,0,1,0,13.33123607,52.56213279
5,5100316,2018,4,12,5,3,5,2,0,1,1,0,0,0,0,0,13.19940903,52.5346305
3,3601450,2018,4,7,2,3,5,3,0,1,0,0,0,0,1,1,13.45288305,52.53381248
1,1200519,2018,4,12,5,3,5,3,0,0,1,0,1,0,0,0,13.33546984,52.52710058
5,5100316,2018,4,12,5,2,2,7,0,1,1,0,0,0,0,0,13.20156854,52.5368661
4,4500937,2018,4,8,4,3,2,6,0,1,1,0,0,0,0,0,13.29207392,52.49725129
7,7501031,2018,4,19,7,3,5,2,0,0,1,0,0,0,0,0,13.40792527,52.4525416
11,11400929,2018,4,18,3,3,5,3,0,1,1,0,0,0,0,0,13.49488012,52.50069893
4,4400727,2018,4,11,5,3,6,2,0,0,1,1,0,0,0,0,13.2851006,52.47959169
12,12200309,2018,4,18,2,3,0,2,0,0,1,0,1,0,0,0,13.32970138,52.56317778
6,6300528,2018,4,11,5,2,5,3,0,0,1,0,0,0,0,0,13.26756208,52.42887857
10,10100311,2018,4,10,5,2,5,2,0,0,1,0,0,0,0,0,13.51886668,52.53283519
1,1100206,2018,4,21,3,3,5,2,2,0,0,0,1,0,1,0,13.38041773,52.51820607
4,4501043,2018,4,10,5,2,5,2,0,1,1,0,0,0,0,0,13.31394104,52.49040678
8,8301036,2018,4,10,2,3,1,5,0,1,1,0,0,0,0,1,13.46285975,52.42230525
9,9501737,2018,4,10,5,2,5,2,0,0,1,0,1,0,0,0,13.62628827,52.46029915
11,11300721,2018,4,14,5,3,3,6,0,0,1,0,1,0,0,0,13.49899995,52.53417666
4,4100101,2018,4,21,1,3,2,6,2,0,1,0,0,0,0,0,13.27290454,52.54008896
4,4501045,2018,4,9,5,3,3,6,0,1,1,0,0,0,0,0,13.33126039,52.4951674
3,3200205,2018,4,15,5,2,2,2,0,0,1,0,1,0,0,0,13.40173182,52.58855048
8,8200623,2018,4,7,4,3,1,5,0,1,1,0,0,0,0,0,13.44433034,52.45468392
7,7400927,2018,4,16,7,2,0,6,0,0,1,0,1,0,0,1,13.39962626,52.45506586
9,9100306,2018,4,17,3,3,5,7,0,0,1,0,1,0,0,0,13.47806209,52.45479287
3,3601450,2018,4,8,5,3,2,6,0,0,0,0,1,0,1,0,13.45833608,52.52914769
4,4200308,2018,4,16,2,3,5,3,0,1,1,0,0,0,0,0,13.27432225,52.51555322
6,6400839,2018,4,8,5,3,1,5,0,1,1,0,0,0,0,0,13.23431695,52.43851587
5,5100317,2018,4,13,5,2,0,7,0,0,1,0,0,0,0,0,13.21708724,52.52878379
1,1100207,2018,4,15,7,3,5,2,0,1,1,0,0,0,0,0,13.40007369,52.50955558
4,4501043,2018,4,7,5,3,6,4,0,0,1,1,0,0,0,0,13.31104894,52.49917247
12,12500930,2018,4,8,5,3,5,2,0,1,1,0,0,0,0,0,13.31527026,52.57783864
7,7100102,2018,4,18,1,3,2,2,0,0,1,0,0,0,0,0,13.34629951,52.5012367
4,4501044,2018,4,7,5,3,1,5,0,1,1,0,0,0,0,0,13.31795358,52.49173461
7,7100206,2018,4,11,3,3,1,7,0,0,1,0,0,0,0,0,13.36465395,52.49089992
4,4400834,2018,4,15,7,3,5,2,0,1,1,0,0,0,0,1,13.30954819,52.47870573
4,4501042,2018,4,16,3,3,5,7,0,0,1,0,1,0,0,0,13.333019,52.50517317
4,4300414,2018,4,7,5,3,2,6,0,0,1,0,0,0,0,0,13.28808277,52.513049
1,1100415,2018,4,21,5,2,4,1,2,1,0,0,0,0,1,0,13.39137256,52.53192255
7,7100102,2018,4,16,2,3,2,6,0,0,1,0,1,0,0,1,13.34602374,52.49610308
4,4300623,2018,4,12,5,3,8,1,0,0,1,0,0,0,0,0,13.31260772,52.50629186
12,12400619,2018,4,15,5,3,5,2,0,1,1,0,0,0,0,0,13.23334628,52.61600638
1,1100309,2018,4,9,5,3,0,1,0,1,0,0,0,0,0,0,13.39332434,52.524877
7,7200409,2018,4,15,5,3,2,6,0,1,1,0,0,0,0,0,13.3547574,52.49004415
11,11100102,2018,4,16,4,3,5,2,0,1,1,0,0,0,0,0,13.54942194,52.56875285
1,1100207,2018,4,15,5,2,5,3,0,0,1,0,1,0,0,0,13.39894894,52.50822758
4,4400833,2018,4,13,7,3,5,2,0,0,1,0,0,0,0,1,13.30815402,52.47786561
2,2400623,2018,4,18,4,3,3,2,0,1,1,0,0,0,0,0,13.43020263,52.51034762
1,1200628,2018,4,20,5,3,6,4,2,0,1,1,0,0,0,0,13.36984547,52.52420212
1,1300834,2018,4,9,3,2,6,4,0,0,1,1,0,0,0,0,13.3969782,52.5385389
1,1100311,2018,4,16,4,3,5,2,1,1,1,0,0,0,0,0,13.4198208,52.51485418
5,5200631,2018,4,20,5,2,1,5,2,1,1,0,0,0,0,0,13.19765697,52.52319801
10,10400940,2018,4,13,3,3,5,2,0,0,1,0,0,0,1,0,13.60083867,52.47905026
7,7200307,2018,4,18,4,2,6,4,1,0,1,1,0,0,0,0,13.34294506,52.49230372
7,7100102,2018,4,10,3,2,5,2,0,0,1,0,1,0,0,0,13.35359229,52.50090862
7,7601546,2018,4,15,5,3,6,2,0,0,1,1,0,0,0,0,13.38890666,52.39842651
9,9200715,2018,4,14,3,3,5,3,0,1,1,0,0,0,0,0,13.54530529,52.42564933
10,10400939,2018,4,16,4,3,6,6,0,1,0,1,0,0,0,0,13.62108057,52.50606675
1,1100308,2018,4,7,4,3,0,1,0,0,0,0,1,0,0,1,13.37932582,52.52248818
10,10400941,2018,4,15,5,2,5,3,0,0,1,0,0,0,1,0,13.61134309,52.47799701
9,9301126,2018,4,15,2,3,6,4,0,0,1,1,0,0,0,0,13.57799839,52.4203597
6,6200421,2018,4,14,4,2,0,3,0,1,0,0,0,1,0,0,13.31236334,52.42983808
1,1300732,2018,4,15,4,3,1,5,0,1,1,0,0,0,0,0,13.3869252,52.55952067
9,9501838,2018,4,14,5,3,5,2,0,1,1,0,0,0,0,0,13.69385502,52.43867636
9,9100304,2018,4,6,4,3,5,2,0,0,1,0,1,0,0,0,13.48261826,52.46191786
2,2100101,2018,4,13,5,3,3,6,0,1,1,0,0,0,0,0,13.3852305,52.50229273
9,9301025,2018,4,11,7,3,5,3,0,0,0,0,1,0,1,0,13.55007733,52.39956944
5,5300840,2018,4,15,4,3,2,6,0,0,1,0,1,0,0,0,13.26743322,52.53093996
8,8100206,2018,4,19,5,3,1,5,0,1,1,0,0,0,0,0,13.4249344,52.48138585
8,8100209,2018,4,14,3,3,5,3,0,1,1,0,0,0,0,0,13.43477155,52.46611908
8,8100520,2018,4,15,4,3,6,4,0,0,0,1,0,0,1,0,13.46491131,52.47030933
1,1100309,2018,4,19,5,3,5,7,0,0,1,0,1,0,0,0,13.39540452,52.52437152
2,2200212,2018,4,8,2,3,5,3,0,1,1,0,0,0,0,0,13.40794961,52.48917199
9,9200715,2018,4,16,4,3,3,6,0,0,1,0,1,0,0,0,13.53092453,52.43506397
4,4100101,2018,4,16,4,3,0,2,0,0,1,0,0,0,1,0,13.30252767,52.54800294
6,6300525,2018,4,19,5,2,5,2,0,1,1,0,0,0,0,0,13.26755653,52.4089806
1,1100102,2018,4,6,2,2,5,3,0,1,1,0,0,0,0,0,13.37098865,52.51109421
8,8300934,2018,4,14,4,3,5,2,0,0,1,0,0,0,0,0,13.46013085,52.43184547
4,4501042,2018,4,14,4,2,3,6,0,0,1,0,1,0,0,0,13.33026831,52.50036832
7,7501030,2018,4,18,5,3,6,2,0,0,1,1,0,0,0,0,13.38450235,52.44925372
12,12200414,2018,4,8,4,3,3,6,0,0,1,0,1,0,0,0,13.30680895,52.55483831
8,8100417,2018,4,13,4,3,5,3,0,0,1,0,0,0,0,0,13.44319969,52.47058899
4,4300619,2018,4,18,5,3,6,4,0,0,0,1,0,0,1,0,13.30198183,52.51897613
9,9100407,2018,4,12,2,3,6,7,0,0,1,1,0,0,0,1,13.49793895,52.43814529
5,5300737,2018,4,13,4,3,5,2,0,0,1,0,0,0,1,0,13.24775235,52.53808622
5,5100316,2018,4,13,5,3,6,7,0,1,0,1,0,0,0,0,13.20526546,52.53779727
4,4400833,2018,4,10,4,2,5,2,0,0,1,0,0,0,0,0,13.30634303,52.47680921
7,7200409,2018,4,9,7,3,1,5,0,1,1,0,0,0,0,1,13.35868814,52.49044549
1,1100313,2018,4,13,4,3,5,3,0,1,1,0,0,0,0,0,13.42661546,52.50575927
12,12400722,2018,4,12,5,3,8,1,0,0,1,0,0,0,0,0,13.30341251,52.6196727
1,1200517,2018,4,18,3,3,5,2,0,1,1,0,0,0,0,0,13.3159815,52.5257966
5,5100316,2018,4,12,4,2,3,6,0,0,1,0,1,0,0,0,13.19114719,52.53639066
3,3601245,2018,4,17,5,3,6,4,0,0,1,1,0,0,0,0,13.43433705,52.54582309
1,1100207,2018,4,23,2,3,1,5,2,1,1,0,0,0,0,0,13.38965919,52.5118394
1,1200522,2018,4,11,4,3,2,6,0,0,1,0,0,0,0,0,13.3301661,52.52380593
5,5200421,2018,4,10,4,3,1,5,0,0,1,0,0,0,0,0,13.14950502,52.53524095
6,6300527,2018,4,12,5,3,5,2,0,1,0,0,1,0,0,0,13.2741402,52.43543619
8,8100209,2018,4,19,1,3,6,7,0,0,1,1,0,0,0,0,13.43498614,52.46592404
10,10100312,2018,4,9,4,2,6,4,0,0,1,1,0,0,0,0,13.53745923,52.53448357
6,6100102,2018,4,9,4,3,0,5,0,1,1,0,0,0,0,0,13.31466755,52.46400202
2,2300316,2018,4,17,5,3,3,2,0,0,0,0,1,1,0,0,13.43007376,52.50346594
2,2300314,2018,4,21,4,3,1,5,2,1,1,0,0,0,0,0,13.41967815,52.50181814
2,2500832,2018,4,21,7,3,5,2,2,1,1,0,0,0,0,0,13.47490832,52.51129953
11,11100308,2018,4,12,5,3,1,5,0,0,1,0,0,0,0,0,13.49882939,52.5632337
9,9401329,2018,4,17,3,3,5,7,0,0,0,0,1,0,1,0,13.58836816,52.44016142
12,12100204,2018,4,9,4,3,5,2,0,1,1,0,0,0,0,0,13.36267068,52.56659035
8,8100310,2018,4,22,7,3,5,2,2,1,1,0,0,0,0,0,13.43513106,52.49115518
9,9200510,2018,4,12,5,3,0,4,0,1,0,1,0,0,0,0,13.51399906,52.4622329
4,4400726,2018,4,18,3,3,5,3,0,1,1,0,0,0,0,0,13.28424564,52.48528064
8,8200730,2018,4,8,4,3,0,1,0,0,1,0,1,0,0,0,13.44603442,52.43693361
10,10300734,2018,4,16,5,3,5,2,0,0,1,0,1,0,0,0,13.56188754,52.4938277
11,11300721,2018,4,17,2,3,5,2,0,1,1,0,0,0,0,1,13.49951578,52.52288643
3,3200207,2018,4,8,4,3,0,1,0,0,0,0,1,0,0,1,13.40536638,52.59068197
9,9401329,2018,4,12,5,3,1,5,0,0,1,0,0,0,0,0,13.58334002,52.43276746
9,9100306,2018,4,8,4,3,2,6,0,0,1,0,0,0,0,0,13.47772572,52.45787425
10,10100312,2018,4,16,5,3,5,3,0,0,1,0,0,0,0,0,13.53846366,52.52471591
11,11300618,2018,4,11,5,2,1,5,0,0,1,0,0,0,0,0,13.45865518,52.5270244
4,4200207,2018,4,14,1,3,0,1,0,1,1,0,0,0,0,0,13.26847271,52.49581756
6,6300527,2018,4,7,4,3,6,2,0,0,1,1,0,0,0,0,13.27248964,52.43718819
1,1100310,2018,4,16,5,3,1,5,0,1,0,0,0,0,1,0,13.41789231,52.51464964
11,11400927,2018,4,17,3,3,5,2,0,1,0,0,0,0,1,0,13.47535213,52.5019248
10,10300734,2018,4,11,5,3,5,3,0,1,1,0,0,0,0,0,13.55970322,52.4795079
5,5200629,2018,4,15,3,2,6,2,0,0,1,1,0,0,0,0,13.19546455,52.53358291
7,7100102,2018,4,23,4,3,5,2,2,0,1,0,0,0,0,0,13.3463013,52.50102124
4,4400833,2018,4,16,5,3,1,5,0,0,1,0,1,0,0,0,13.30578023,52.47650039
10,10100312,2018,4,16,2,3,2,2,0,0,1,0,0,0,1,0,13.53863199,52.52475053
9,9200717,2018,4,7,4,2,5,2,0,0,1,0,1,0,0,1,13.55220449,52.43941532
3,3400828,2018,4,11,5,3,5,3,0,1,1,0,0,0,0,0,13.42744211,52.56055615
1,1401047,2018,4,7,4,3,5,3,0,0,1,0,0,0,0,0,13.35892673,52.54398097
4,4501042,2018,4,11,5,3,3,6,0,0,1,0,1,0,0,0,13.3365578,52.50410338
10,10200417,2018,4,15,4,3,6,7,0,1,0,1,0,0,0,0,13.59246882,52.54721828
10,10400938,2018,4,16,5,3,0,1,0,0,0,0,1,0,0,0,13.61208315,52.51455209
4,4500937,2018,4,11,5,2,3,6,0,0,1,0,0,0,1,0,13.28958858,52.49693238
6,6400735,2018,4,16,2,3,8,1,0,0,1,0,0,0,0,1,13.18432168,52.42406322
1,1100308,2018,4,21,4,3,5,2,2,1,1,0,0,0,0,0,13.3830772,52.53054895
3,3300516,2018,4,11,5,2,1,5,0,0,1,0,1,0,0,0,13.43124398,52.57133042
4,4100101,2018,4,4,4,3,5,3,2,0,1,0,0,0,1,0,13.29534175,52.53955618
3,3500934,2018,4,11,5,3,5,3,0,1,1,0,0,0,0,0,13.441907,52.55026042
10,10100209,2018,4,16,4,3,5,2,0,1,1,0,0,0,0,0,13.57272261,52.54999929
10,10100312,2018,4,10,5,2,6,4,0,0,1,1,0,0,0,0,13.53933064,52.53447745
6,6400737,2018,4,16,7,2,0,3,0,1,0,0,0,0,1,0,13.22035044,52.43175111
10,10100315,2018,4,20,4,3,5,3,2,0,1,0,0,1,0,0,13.5717112,52.54622453
8,8100312,2018,4,9,5,3,0,1,0,1,0,0,0,0,0,0,13.4380023,52.48813726
6,6200421,2018,4,9,3,3,5,3,0,0,1,0,0,0,0,0,13.31990398,52.42800761
2,2400623,2018,4,9,5,3,5,2,0,1,0,0,0,0,1,0,13.42700523,52.51181501
2,2300315,2018,4,14,3,2,5,7,0,0,1,0,1,0,0,0,13.4270552,52.49905395
4,4500937,2018,4,18,4,3,3,6,0,1,1,0,0,0,0,0,13.29344171,52.49746184
3,3200205,2018,4,18,4,2,6,7,0,0,1,1,0,0,0,0,13.39741982,52.59312426
6,6400736,2018,4,9,5,3,2,6,0,1,1,0,0,0,0,0,13.22908002,52.42579647
7,7100102,2018,4,13,2,3,0,5,0,1,0,0,0,0,1,0,13.35364584,52.49475298
4,4300412,2018,4,18,4,3,2,2,0,0,1,0,0,0,0,0,13.29967294,52.51974224
3,3701556,2018,4,8,5,3,5,7,0,0,1,0,1,0,0,0,13.41662399,52.53235606
12,12400616,2018,4,11,4,2,1,5,0,0,1,0,1,0,0,0,13.22690406,52.5841246
1,1200520,2018,4,9,7,2,2,6,0,0,1,0,0,0,0,1,13.33883842,52.52638929
2,2300314,2018,4,18,4,3,5,2,0,1,0,0,0,0,1,0,13.42242647,52.49904641
7,7501031,2018,4,8,5,3,5,2,0,0,1,0,0,0,1,0,13.40800412,52.4524906
2,2500835,2018,4,23,3,3,2,6,2,1,1,0,0,0,1,0,13.4566747,52.50223171
12,12200515,2018,4,18,4,3,5,2,0,0,1,0,0,0,0,0,13.28428136,52.59449585
1,1401047,2018,4,22,7,3,2,2,2,1,1,0,0,0,0,0,13.36160331,52.54493205
8,8100310,2018,4,17,4,3,5,2,0,1,1,0,0,0,0,0,13.43435779,52.49034304
3,3601243,2018,4,8,5,2,5,2,0,0,1,0,1,0,0,0,13.41872963,52.54950931
3,3500934,2018,4,8,3,3,2,6,0,0,1,0,0,1,0,0,13.42944924,52.55660664
2,2400521,2018,4,17,4,3,5,2,0,1,1,0,0,0,0,0,13.42966933,52.52107059
1,1100309,2018,4,8,5,3,6,4,0,0,1,1,0,0,0,0,13.38813667,52.52735982
12,12100204,2018,4,12,3,3,2,6,0,0,1,0,0,0,0,0,13.36287686,52.56229692
9,9200715,2018,4,17,4,3,5,2,0,1,1,0,0,0,0,0,13.54694096,52.4315048
11,11200513,2018,4,16,4,3,2,6,0,0,1,0,1,0,0,0,13.49644839,52.5427192
7,7100206,2018,4,8,5,2,0,3,0,1,0,0,0,0,0,0,13.37018021,52.48806391
11,11100204,2018,4,9,2,3,5,2,0,1,0,0,0,0,1,1,13.52433235,52.55984278
1,1100102,2018,4,7,3,3,0,2,0,1,1,0,0,0,0,0,13.37190523,52.50900311
11,11100308,2018,4,19,3,3,5,3,1,0,1,0,0,0,0,0,13.49278074,52.56679591
3,3500934,2018,4,7,5,3,5,2,0,1,1,0,0,0,0,0,13.44116528,52.54953623
6,6400844,2018,4,8,4,3,5,3,0,1,1,0,0,0,0,0,13.30524154,52.46460263
12,12500824,2018,4,8,7,3,0,5,0,0,1,0,1,0,0,0,13.29728114,52.597862
4,4300412,2018,4,18,3,3,3,6,0,0,1,0,0,1,0,0,13.29985439,52.52144354
1,1200519,2018,4,7,5,3,2,3,0,0,1,0,0,0,0,0,13.32978849,52.53289997
3,3601450,2018,4,19,3,3,1,5,0,1,1,0,0,0,1,0,13.45438439,52.53228041
11,11100309,2018,4,18,3,3,0,2,0,1,1,0,0,0,0,0,13.50801998,52.56444571
3,3200206,2018,4,7,5,3,2,5,0,1,1,0,0,0,0,0,13.39358605,52.58163132
3,3300516,2018,4,21,2,2,9,1,2,0,1,0,0,0,0,0,13.44436845,52.57431811