BEZ,LOR_ab_2021,UJAHR,UMONAT,USTUNDE,UWOCHENTAG,UKATEGORIE,UART,UTYP1,ULICHTVERH,IstRad,IstPKW,IstFuss,IstKrad,IstGkfz,IstSonstige,USTRZUSTAND,XGCSWGS84,YGCSWGS84
1,1100310,2018,4,18,3,3,1,5,0,1,1,0,0,0,0,0,13.41697142,52.52397657
5,5200528,2018,4,18,3,3,5,2,0,0,1,0,1,0,0,0,13.18282636,52.51283592
1,1401048,2018,4,7,5,3,2,6,0,0,1,0,0,0,0,0,13.35321188,52.55089195
12,12500929,2018,4,18,1,3,5,7,0,0,1,0,0,0,0,0,13.34644591,52.61467209
4,4500938,2018,4,22,5,3,5,3,2,0,1,0,0,0,0,0,13.29957302,52.49401031
2,2200211,2018,4,8,2,3,0,2,0,1,1,0,0,0,0,1,13.39679855,52.4877594
8,8100312,2018,4,19,3,3,5,3,0,0,1,0,1,0,0,0,13.43997881,52.48168793
4,4300517,2018,4,15,3,3,2,6,0,0,1,0,0,0,0,0,13.29710582,52.52674253
1,1100206,2018,4,16,4,3,2,6,0,1,1,0,0,0,0,0,13.39802689,52.51754376
8,8100207,2018,4,17,1,3,2,6,0,1,1,0,0,0,0,0,13.43772533,52.47870479
12,12500926,2018,4,20,3,2,5,7,0,0,1,0,1,0,0,0,13.33547915,52.59567303
3,3601142,2018,4,19,3,3,5,2,1,1,1,0,0,0,0,0,13.41315591,52.54768283
2,2300314,2018,4,20,4,3,1,5,2,1,1,0,0,0,0,0,13.41966808,52.50180398
1,1200628,2018,4,7,4,3,0,2,0,1,0,0,1,0,0,0,13.35499115,52.51805778
6,6300634,2018,4,13,7,3,2,6,0,0,1,0,0,0,1,1,13.29689835,52.44277632
1,1100308,2018,4,18,3,3,1,5,0,1,1,0,0,0,0,0,13.37518482,52.53686229
3,3601245,2018,4,19,3,3,5,2,2,1,1,0,0,0,0,0,13.42792712,52.54551353
1,1200519,2018,4,1,4,3,6,4,2,0,1,1,1,0,0,0,13.33453414,52.5305443
1,1401049,2018,4,17,2,2,6,4,0,1,0,1,0,0,0,1,13.37242151,52.55696945
2,2100105,2018,4,19,3,3,5,2,1,1,1,0,0,0,0,0,13.4077508,52.50002333
4,4300622,2018,4,21,4,3,0,3,2,1,1,0,0,0,0,0,13.32587887,52.5066567
4,4300623,2018,4,19,3,3,6,4,0,0,0,1,0,0,1,0,13.30570974,52.50987114
1,1100101,2018,4,16,4,3,2,6,0,0,1,0,0,0,0,0,13.34158205,52.50509045
5,5400943,2018,4,18,4,3,5,3,0,1,1,0,0,0,0,0,13.12406926,52.47366462
7,7400826,2018,4,13,7,3,2,6,0,0,1,0,0,0,1,1,13.37613999,52.45482036
8,8100314,2018,4,19,3,3,2,3,0,1,1,0,0,0,0,0,13.43370879,52.48206308
9,9401329,2018,4,14,4,3,2,6,0,1,0,0,0,0,1,0,13.5863872,52.44076732
1,1100101,2018,4,11,3,3,5,2,0,1,1,0,0,0,0,0,13.35147068,52.5097022
1,1100310,2018,4,21,4,3,2,6,2,0,1,0,0,0,1,0,13.41635919,52.5217091
10,10300734,2018,4,17,3,3,0,3,0,0,1,0,1,0,0,0,13.55957271,52.47940418
1,1100309,2018,4,19,4,3,5,2,0,1,0,0,0,0,0,0,13.40378503,52.52892466
5,5200629,2018,4,20,3,3,2,6,2,0,1,0,0,0,0,0,13.19755031,52.53209653
7,7400927,2018,4,20,7,3,5,3,2,0,1,0,0,0,0,0,13.39222538,52.46700484
7,7501031,2018,4,18,4,2,1,1,0,0,1,0,0,1,1,0,13.40414127,52.44890358
12,12200307,2018,4,16,3,3,2,6,0,0,1,0,0,0,0,0,13.32607206,52.57572119
9,9100407,2018,4,17,3,3,5,2,0,1,1,0,0,0,0,0,13.50432214,52.45480455
7,7400822,2018,4,18,4,3,2,6,0,0,1,0,0,0,1,0,13.36563687,52.47325845
2,2200210,2018,4,16,2,3,5,2,0,1,1,0,0,0,0,1,13.39070028,52.4959138
4,4200309,2018,4,17,3,3,6,4,0,1,0,1,0,0,0,0,13.26055847,52.51668438
10,10100311,2018,4,17,4,3,2,6,0,0,1,0,0,0,0,0,13.51947586,52.51920431
2,2200207,2018,4,17,3,3,5,2,0,0,1,0,0,0,0,0,13.37669883,52.49153331
1,1100312,2018,4,17,4,3,2,2,0,1,1,0,0,0,0,0,13.41403713,52.50787546
1,1200518,2018,4,6,4,3,3,6,0,0,1,0,1,0,0,0,13.32847944,52.53213321
7,7601341,2018,4,17,4,2,2,6,0,0,1,0,1,0,1,0,13.36457443,52.41149827
9,9200715,2018,4,19,7,2,9,1,0,0,0,0,1,0,0,0,13.51824237,52.4326715
11,11400928,2018,4,16,3,3,2,6,0,0,1,0,0,1,1,0,13.4829448,52.50030703
3,3601142,2018,4,17,4,3,5,2,0,1,1,0,0,0,0,0,13.41315591,52.54768283
12,12500926,2018,4,9,3,3,6,6,0,0,1,1,0,0,0,0,13.33490214,52.59564152
9,9300920,2018,4,17,4,3,1,5,0,1,1,0,0,0,0,0,13.52859527,52.4226865
6,6400737,2018,4,14,3,3,5,3,0,1,1,0,0,0,0,0,13.20659339,52.43414711
5,5200420,2018,4,7,3,2,6,4,0,0,1,1,0,0,0,0,13.17901724,52.53384583
6,6100206,2018,4,7,3,3,2,2,0,0,1,0,1,0,0,0,13.33383523,52.44611187
2,2400521,2018,4,17,4,3,0,2,0,0,1,0,1,0,0,0,13.4286762,52.51888152
2,2300316,2018,4,13,2,3,6,2,0,0,1,1,0,0,0,0,13.43820674,52.5002322
9,9200819,2018,4,8,3,3,2,6,0,0,1,0,0,0,0,0,13.55917883,52.4466127
1,1200628,2018,4,15,3,3,5,3,0,0,1,0,0,0,0,0,13.3598407,52.52345931
11,11400931,2018,4,8,3,3,0,2,0,1,1,0,0,0,0,0,13.51965326,52.50585126
10,10200421,2018,4,17,4,3,2,7,0,0,1,0,1,0,0,0,13.60304464,52.53672511
11,11400928,2018,4,14,2,3,5,2,0,1,0,0,1,0,0,0,13.4883277,52.50055713
7,7601544,2018,4,16,3,2,5,3,0,1,1,0,0,0,0,0,13.40474332,52.39359734
10,10400941,2018,4,16,3,3,5,3,0,1,1,0,0,0,0,0,13.62015911,52.48849027
11,11300618,2018,4,17,4,3,6,2,0,0,1,1,0,0,0,0,13.45905506,52.52608795
6,6300631,2018,4,14,4,3,0,1,0,0,0,1,1,0,1,0,13.27365876,52.40992574
4,4400831,2018,4,16,4,2,5,3,0,1,1,0,0,0,0,0,13.28741992,52.47573118
11,11200513,2018,4,15,7,3,0,1,0,0,0,0,1,0,0,1,13.48500872,52.54019073
3,3200308,2018,4,16,3,3,5,2,0,0,1,0,0,0,0,0,13.43274736,52.59617484
11,11200514,2018,4,16,4,3,2,2,0,1,1,0,0,0,0,0,13.47355275,52.5361932
2,2300315,2018,4,7,3,2,5,2,0,1,1,0,0,0,0,0,13.43041656,52.49922016
6,6300525,2018,4,16,3,3,2,6,0,0,1,0,0,0,0,0,13.26749635,52.40812819
11,11300722,2018,4,16,4,3,2,7,0,1,1,0,0,0,0,0,13.48262273,52.51610233
4,4300623,2018,4,19,3,3,0,6,0,0,1,0,0,0,1,0,13.30777823,52.50657994
8,8200623,2018,4,11,3,3,5,2,0,1,1,0,0,0,0,0,13.45560082,52.4531184
11,11501340,2018,4,11,3,3,5,3,0,1,1,0,0,0,0,0,13.53135339,52.49269844
3,3400827,2018,4,7,2,3,5,3,0,0,1,0,0,0,1,1,13.42089987,52.55398164
4,4300619,2018,4,16,3,2,5,2,0,0,1,0,1,0,0,0,13.3183168,52.51867516
11,11100309,2018,4,15,3,3,5,2,0,1,1,0,0,0,0,0,13.51234594,52.56293633
5,5100317,2018,4,8,4,3,0,1,0,0,1,0,1,0,0,0,13.21403501,52.5317374
4,4400728,2018,4,18,3,3,5,3,0,1,1,0,0,0,0,0,13.28085906,52.47692728
5,5100316,2018,4,17,5,3,5,2,0,0,1,0,0,0,0,1,13.18234984,52.53843529
11,11300721,2018,4,14,2,2,6,4,0,0,1,1,0,0,0,0,13.4995646,52.52302777
1,1100309,2018,4,14,2,3,1,5,0,0,0,0,1,0,1,0,13.40223893,52.52965999
8,8401244,2018,4,17,5,3,5,2,0,0,1,0,0,0,0,0,13.50345317,52.41162026
1,1100103,2018,4,12,2,3,2,6,0,1,1,0,0,0,0,0,13.35514858,52.50177948
7,7100101,2018,4,16,5,2,5,3,0,1,1,0,0,0,0,0,13.34573673,52.50006886
4,4300622,2018,4,12,2,2,1,5,0,1,1,0,0,1,0,0,13.32741131,52.50858448
12,12200412,2018,4,16,5,3,1,5,0,0,1,0,0,0,0,1,13.29696048,52.57340435
3,3200206,2018,4,10,2,3,5,7,0,0,1,0,0,1,0,0,13.40068774,52.58042619
7,7400823,2018,4,10,2,3,2,6,0,0,1,0,0,0,0,0,13.37827874,52.46694625
2,2200213,2018,4,10,2,3,1,5,0,1,1,0,0,0,0,0,13.41734863,52.49071404
4,4501042,2018,4,10,2,2,5,2,0,0,1,0,0,0,1,0,13.33118563,52.50371194
1,1100101,2018,4,16,5,3,6,7,0,0,1,1,0,0,0,1,13.34572524,52.5066838
12,12400720,2018,4,9,2,3,5,3,0,0,1,0,0,0,0,1,13.27521531,52.62690821
5,5100103,2018,4,16,5,3,3,6,0,0,0,0,1,1,0,1,13.20835181,52.56184607
7,7501030,2018,4,15,5,3,6,4,0,0,1,1,0,0,0,1,13.3793857,52.45145557
3,3400830,2018,4,15,5,3,1,5,0,0,1,0,0,0,0,0,13.41699547,52.56674614
5,5200423,2018,4,8,2,2,5,2,0,0,1,0,1,0,0,1,13.14796586,52.53276514
1,1100205,2018,4,15,5,2,1,5,0,1,1,0,0,0,0,1,13.38169372,52.51471967
8,8200622,2018,4,15,5,3,5,2,0,1,1,0,0,0,0,1,13.4350343,52.46099631
11,11100309,2018,4,15,5,3,5,3,1,1,1,0,0,0,0,1,13.51588612,52.55815138
5,5200420,2018,4,8,2,3,1,5,0,0,1,0,0,0,0,1,13.15979341,52.5284622
7,7501029,2018,4,15,5,3,0,2,0,0,1,0,1,0,0,1,13.37503103,52.4451572
7,7300517,2018,4,8,2,3,5,2,0,1,0,0,0,0,1,0,13.33277164,52.4690125
9,9200510,2018,4,7,2,3,2,3,0,1,1,0,0,1,0,0,13.51338792,52.46793472
4,4501148,2018,4,14,5,3,5,2,0,0,1,0,0,0,0,0,13.31268799,52.48047408
11,11300724,2018,4,5,2,3,2,6,1,0,1,0,0,0,0,0,13.49258485,52.51197483
5,5100208,2018,4,13,5,3,5,2,0,0,1,0,0,0,0,0,13.16536483,52.5511346
12,12500928,2018,4,18,2,3,0,1,0,1,0,0,0,0,0,0,13.30858073,52.60305895
1,1200626,2018,4,12,5,3,0,2,0,1,1,0,0,0,0,1,13.34251594,52.5241566
4,4300620,2018,4,12,5,2,0,6,0,0,1,0,1,0,0,1,13.32471305,52.51720973
3,3300515,2018,4,15,2,3,0,1,0,0,0,0,1,0,0,0,13.44841101,52.58462517
11,11100102,2018,4,11,5,3,5,3,0,0,1,0,1,0,0,1,13.56305288,52.57194501
11,11501339,2018,4,12,2,3,0,1,0,1,0,0,0,0,0,0,13.52614434,52.49325368
3,3601245,2018,4,11,5,3,5,2,0,1,1,0,0,0,0,1,13.42791883,52.54569971
4,4300619,2018,4,8,2,3,8,1,0,0,1,0,0,0,0,0,13.31410524,52.51600767
1,1200628,2018,4,11,2,3,2,6,0,0,1,0,0,0,1,0,13.35506567,52.51828438
1,1100309,2018,4,10,5,3,0,3,0,1,0,0,0,0,1,1,13.39844198,52.52653375
12,12500926,2018,4,20,2,3,5,3,2,0,1,0,0,0,1,0,13.326605,52.592101
8,8100105,2018,4,9,5,3,5,7,0,0,1,0,0,0,0,1,13.42581892,52.46570851
1,1200519,2018,4,17,1,2,0,7,0,0,1,1,0,0,0,0,13.3350603,52.53049377
1,1100308,2018,4,9,5,3,1,5,0,1,1,0,0,0,0,1,13.37502377,52.53567427
2,2300315,2018,4,15,1,3,1,5,0,1,1,0,0,0,0,0,13.42448915,52.49984081
1,1100102,2018,4,9,5,3,0,1,0,0,0,0,1,0,0,1,13.37193458,52.51940151
8,8100417,2018,4,18,1,3,6,4,0,0,1,1,0,0,0,0,13.44217496,52.46976164
7,7501029,2018,4,8,5,3,2,6,0,0,1,0,0,0,1,1,13.37933522,52.44635256
6,6400737,2018,4,20,1,3,0,7,1,1,1,0,0,0,0,0,13.2217181,52.43092861
3,3601141,2018,4,22,1,3,5,3,2,1,1,0,0,0,0,0,13.41038858,52.55091406
4,4300622,2018,4,8,5,3,6,4,0,0,1,1,0,0,0,0,13.32928504,52.50537583
2,2200212,2018,4,17,1,3,1,5,0,1,1,0,0,0,0,0,13.40973246,52.49039851
1,1300836,2018,4,8,5,3,3,6,0,1,0,0,0,1,0,0,13.36601258,52.54236126
10,10100315,2018,4,17,1,3,2,6,0,0,1,0,0,0,0,0,13.57031218,52.54215456
5,5300839,2018,4,8,5,3,5,3,0,1,1,0,0,0,0,1,13.26240682,52.54132018
8,8100312,2018,4,17,1,3,3,6,0,0,1,0,1,0,0,0,13.43425625,52.48469042
6,6100206,2018,4,8,5,3,5,3,0,0,1,0,0,0,1,0,13.34050636,52.44546498
12,12200309,2018,4,16,1,3,1,5,0,1,1,0,0,0,0,0,13.32429603,52.56493423
3,3601142,2018,4,7,5,3,5,3,0,0,1,0,0,0,0,1,13.41361219,52.54764353
5,5100316,2018,4,16,1,3,5,3,0,1,1,0,0,0,0,0,13.2006297,52.53666071
6,6100209,2018,4,14,1,3,5,3,0,1,1,0,0,0,0,0,13.33763036,52.45946966
7,7400824,2018,4,7,5,3,5,3,0,1,1,0,0,0,0,0,13.38559079,52.4660988
7,7300515,2018,4,13,1,3,5,7,0,1,1,0,0,0,0,0,13.32322011,52.47157507
10,10200629,2018,4,7,5,3,2,6,0,0,1,0,0,0,0,0,13.58888942,52.51786221
2,2500830,2018,4,11,1,3,5,2,0,1,1,0,0,0,0,0,13.45778028,52.51277266
1,1401046,2018,4,6,5,3,1,5,0,1,1,0,0,0,0,1,13.3505186,52.54203619
8,8200624,2018,4,10,1,3,5,3,0,1,1,0,0,0,0,0,13.43717242,52.45557762
8,8401243,2018,4,0,5,3,0,7,2,0,1,0,0,0,0,0,13.49610281,52.41739159
1,1300836,2018,4,10,1,3,1,7,0,0,1,0,1,0,0,0,13.37144034,52.54010612
11,11100308,2018,4,9,1,3,5,3,0,1,1,0,0,0,0,0,13.50168313,52.56596148
1,1100308,2018,4,12,5,3,0,1,0,0,0,0,1,0,0,1,13.3779296,52.52898491
9,9501939,2018,4,0,1,3,2,6,2,0,1,0,1,0,0,0,13.57687927,52.45546495
3,3300514,2018,4,10,5,3,0,1,0,1,0,0,0,0,0,1,13.46738794,52.59697164
3,3701556,2018,4,12,1,3,5,2,0,1,0,0,1,0,0,0,13.41628378,52.52911387
4,4400726,2018,4,12,1,2,1,5,0,1,1,0,0,0,0,0,13.27803736,52.49045515
2,2300314,2018,4,3,4,3,2,6,2,0,1,0,0,1,0,1,13.41967243,52.4991626
3,3601348,2018,4,14,1,3,2,7,0,0,1,0,0,0,0,0,13.42283634,52.54480842
2,2400522,2018,4,23,4,3,6,4,2,0,1,1,0,0,0,0,13.45035708,52.52077809
4,4100102,2018,4,14,1,3,2,6,0,0,1,0,0,0,0,0,13.29752683,52.53459747
12,12601134,2018,4,13,4,3,5,7,0,1,1,0,0,0,0,0,13.3548357,52.59976929
7,7200308,2018,4,7,4,2,0,7,0,1,1,0,0,0,0,1,13.34368312,52.47927479
6,6400839,2018,4,20,4,3,5,3,1,1,1,0,0,0,0,0,13.23366235,52.43254943
4,4501042,2018,4,17,4,3,1,5,0,0,1,0,0,0,1,0,13.33151118,52.50486262
12,12400619,2018,4,9,1,3,8,1,0,1,0,0,0,0,0,0,13.27567706,52.5975636
6,6200317,2018,4,15,4,3,2,2,0,0,1,0,0,0,1,0,13.3589781,52.42008292
1,1100416,2018,4,1,1,3,0,1,2,1,0,0,0,0,0,0,13.40521196,52.53410329
10,10200421,2018,4,16,4,3,2,6,0,0,1,0,0,0,0,0,13.60462363,52.53690525
4,4300416,2018,4,17,4,3,2,6,0,0,1,0,0,0,1,0,13.30199538,52.50814832
8,8100310,2018,4,12,7,2,3,6,0,1,0,0,0,0,1,0,13.4313869,52.49239786
2,2300315,2018,4,17,4,3,6,4,0,0,1,1,0,0,0,0,13.42898248,52.50241598
11,11100101,2018,4,9,7,2,9,1,0,0,1,0,0,0,0,0,13.51546554,52.57537048
5,5200630,2018,4,17,4,3,2,7,0,0,1,0,0,0,0,0,13.18724795,52.5226832
5,5300737,2018,4,18,4,3,5,2,0,0,1,0,0,0,0,0,13.24768074,52.53805095
8,8100206,2018,4,19,7,3,1,5,1,1,1,0,0,0,0,0,13.42496247,52.48117909
2,2100102,2018,4,18,4,3,5,2,0,1,1,0,0,0,0,0,13.39442086,52.50111933
12,12200412,2018,4,19,7,3,2,6,1,0,1,0,0,0,0,0,13.27885689,52.57571647
2,2100103,2018,4,18,4,3,5,3,0,0,1,0,1,0,0,0,13.399544,52.50459442
4,4501148,2018,4,18,7,3,5,2,0,0,1,0,0,0,0,0,13.31280505,52.48047842
2,2100101,2018,4,16,4,3,5,3,0,1,1,0,0,0,0,0,13.379721,52.5066075
4,4501043,2018,4,17,7,3,0,1,0,0,0,0,1,0,0,0,13.31434371,52.49843966
6,6400735,2018,4,15,4,3,0,5,0,1,1,0,0,0,0,0,13.15023826,52.41478025
4,4501042,2018,4,17,7,3,2,6,0,1,1,0,0,0,0,0,13.33435403,52.5054474
3,3400619,2018,4,15,4,3,2,7,0,0,1,0,0,0,0,0,13.37970756,52.5909365
12,12601032,2018,4,17,7,3,5,3,0,0,1,0,0,0,0,0,13.32541288,52.60829775
6,6300525,2018,4,17,7,3,5,3,0,1,0,0,1,0,0,0,13.26136777,52.40851497
1,1300730,2018,4,17,7,3,6,4,0,0,1,1,0,0,0,0,13.36970431,52.55965995
1,1401047,2018,4,15,4,2,5,3,0,1,1,0,0,0,0,0,13.35483486,52.54409753
3,3501038,2018,4,13,4,3,5,3,0,0,1,0,0,0,0,0,13.47039035,52.5537175
2,2500835,2018,4,17,7,3,5,3,0,0,1,0,0,0,0,0,13.46118547,52.5008677
5,5200629,2018,4,14,4,3,2,6,0,0,1,0,0,0,0,0,13.18627773,52.5326097
8,8100521,2018,4,17,7,3,2,7,0,0,1,0,1,0,0,0,13.45706352,52.4732449
1,1100312,2018,4,14,4,3,0,1,0,0,0,0,1,0,0,1,13.41410817,52.51361967
12,12500928,2018,4,17,7,3,2,6,0,0,1,0,0,0,0,0,13.3221606,52.60879196
8,8100314,2018,4,13,4,3,6,4,0,0,1,1,0,0,0,0,13.43478374,52.48115121
12,12200412,2018,4,16,7,3,6,4,0,1,0,1,0,0,0,0,13.25443149,52.56166932
9,9401329,2018,4,12,4,3,5,3,0,0,1,0,0,0,0,0,13.59159549,52.43233881
3,3601451,2018,4,17,7,3,5,2,0,1,1,0,0,0,0,0,13.44157745,52.53225281
7,7400928,2018,4,11,4,2,2,6,0,0,0,0,0,1,1,1,13.41478233,52.45874758
11,3601450,2018,4,16,7,2,2,3,0,0,1,0,0,0,1,0,13.46085433,52.52963114
10,10200526,2018,4,14,7,3,6,4,0,0,1,1,0,0,0,0,13.60511451,52.53236435
1,1100207,2018,4,22,4,3,5,3,2,0,1,0,0,0,0,0,13.39195871,52.50965052
1,1401047,2018,4,22,7,3,1,5,2,0,1,0,0,0,0,0,13.3582619,52.54592685
4,4300624,2018,4,10,4,3,3,6,0,1,0,0,0,0,1,0,13.32228942,52.50589087
6,6100206,2018,4,20,7,3,6,2,2,0,1,1,0,0,0,0,13.34249838,52.44695625
1,1100308,2018,4,20,4,3,5,2,2,1,1,0,0,0,0,0,13.37879456,52.52749428
10,10100313,2018,4,15,7,3,2,6,0,0,1,0,0,0,0,0,13.56411958,52.54454895
3,3601243,2018,4,10,4,3,0,2,0,1,0,0,0,0,1,0,13.42081568,52.54878432
12,12500927,2018,4,15,7,3,5,3,0,1,1,0,0,0,0,0,13.32107216,52.5936332
3,3300516,2018,4,10,4,3,5,2,0,0,1,0,0,0,0,0,13.42958436,52.57185157
2,2100102,2018,4,14,7,3,3,6,0,1,0,0,0,0,0,0,13.39604697,52.50706129
1,1401046,2018,4,10,4,3,2,2,0,0,1,0,0,0,1,0,13.34939051,52.542136
9,9100203,2018,4,18,7,3,5,2,0,1,1,0,0,0,0,0,13.47867961,52.47755474
2,2200209,2018,4,14,7,3,2,6,0,0,1,0,0,0,0,0,13.37666889,52.48826202
5,5200633,2018,4,20,4,3,5,2,2,0,1,0,0,0,0,0,13.1968572,52.51311023
7,7400822,2018,4,13,7,3,5,3,0,1,1,0,0,0,0,0,13.36672243,52.46208609
4,4501153,2018,4,19,4,3,0,3,1,0,1,0,1,0,0,0,13.33107298,52.48600159
4,4400729,2018,4,13,7,3,0,3,0,1,0,0,0,0,0,0,13.25650614,52.48620507
3,3500933,2018,4,10,4,3,5,2,0,0,1,0,0,0,0,0,13.46201775,52.55894501
7,7200412,2018,4,17,1,3,0,1,0,1,0,0,0,0,0,0,13.36415057,52.47642595
3,3100102,2018,4,7,4,3,0,6,0,1,0,0,0,0,0,1,13.50015654,52.63559581
8,8200832,2018,4,19,4,3,2,2,0,0,1,0,1,0,0,0,13.4241851,52.41694659
6,6100206,2018,4,13,7,3,0,1,0,1,0,0,0,0,0,0,13.32679018,52.44510483
11,11501340,2018,4,16,1,2,0,6,0,1,1,0,0,0,0,0,13.52544977,52.48163
5,5300737,2018,4,18,4,2,5,2,0,0,1,0,0,0,0,0,13.24775115,52.5380958
1,1100207,2018,4,9,4,3,0,3,0,1,1,0,0,0,0,1,13.39390133,52.50879912
7,7601341,2018,4,15,1,2,8,1,0,0,1,0,0,0,0,0,13.37761323,52.40785265
11,11300620,2018,4,20,4,2,5,2,2,0,1,0,0,0,0,0,13.47633226,52.53308999
4,4200309,2018,4,13,7,3,5,3,0,1,1,0,0,0,0,0,13.25984557,52.51617933
7,7400721,2018,4,15,1,3,2,6,0,0,1,0,0,0,0,0,13.38548482,52.47156223
2,2200212,2018,4,19,4,2,6,4,0,0,1,1,0,0,0,0,13.41950741,52.48756025
7,7100102,2018,4,12,7,3,0,5,0,0,1,0,0,0,1,0,13.34822154,52.50181388
2,2400521,2018,4,12,7,3,5,3,0,0,1,0,0,0,1,0,13.43332268,52.51986795
7,7400822,2018,4,9,4,3,2,6,0,0,0,0,0,1,1,1,13.37020265,52.46598239
12,12100103,2018,4,12,7,3,2,6,0,0,1,0,0,0,0,0,13.36057784,52.57643902
4,4200309,2018,4,13,1,3,2,7,0,1,1,0,0,0,0,0,13.26093351,52.51761809
5,5100211,2018,4,8,4,3,5,2,0,0,1,0,0,0,0,1,13.15783821,52.54306612
1,1100102,2018,4,12,7,3,0,3,0,1,0,0,0,0,1,0,13.36709263,52.51750627
5,5100317,2018,4,13,1,2,0,7,0,1,0,0,0,0,0,0,13.23488693,52.52928019
12,12200412,2018,4,8,4,3,5,3,0,0,1,0,1,0,0,1,13.27396009,52.57579349
3,3601140,2018,4,13,1,3,2,6,0,0,1,0,1,0,0,0,13.40601425,52.55409991
2,2200210,2018,4,7,4,3,5,2,0,1,1,0,0,0,0,1,13.39075749,52.49598029
11,11400929,2018,4,11,7,2,6,4,0,0,1,1,0,0,0,0,13.49511799,52.50468315
10,10400938,2018,4,7,4,3,2,6,0,0,1,0,0,0,0,1,13.61398158,52.51655305
5,5100316,2018,4,11,7,3,5,2,0,0,1,0,1,0,0,0,13.18241667,52.53842561
9,9401534,2018,4,12,1,3,2,6,0,0,1,0,0,0,1,0,13.57313094,52.44440802
8,8200623,2018,4,7,4,3,5,2,0,1,1,0,0,0,0,1,13.43682257,52.45689721
1,1100102,2018,4,10,7,3,1,5,0,1,1,0,0,0,1,0,13.35286335,52.51622245
4,4300416,2018,4,12,1,3,2,6,0,0,1,0,0,0,0,0,13.30194073,52.50962375
3,3400827,2018,4,7,4,3,5,3,0,0,1,0,0,0,0,0,13.41839818,52.55877244
4,4400835,2018,4,22,7,3,2,6,2,1,1,0,0,0,0,0,13.31991737,52.47680463
3,3400829,2018,4,11,1,3,5,3,0,1,1,0,0,0,0,0,13.42140183,52.56246578
2,2500830,2018,4,10,7,3,0,4,0,0,0,1,1,0,0,0,13.4611613,52.51218864
10,10100311,2018,4,5,4,2,2,6,2,0,1,0,0,0,1,1,13.51794118,52.53552828
8,8200833,2018,4,10,7,3,5,3,0,0,1,0,0,0,0,0,13.44353538,52.41750033
6,6100101,2018,4,11,1,3,5,2,0,1,1,0,0,0,0,0,13.32068702,52.45676835
8,8100521,2018,4,19,7,3,1,1,0,0,1,0,0,0,0,0,13.44952211,52.46998973
1,1100308,2018,4,5,4,3,0,1,1,1,0,0,0,0,0,1,13.38570828,52.52843673
12,12200414,2018,4,7,7,3,5,2,0,0,1,0,1,0,0,0,13.30815954,52.55632026
5,5400942,2018,4,23,7,2,4,6,2,0,1,0,0,0,0,0,13.16534495,52.46716759
1,1300834,2018,4,20,7,3,5,7,1,0,1,0,1,0,0,0,13.39297756,52.54536951
1,1100206,2018,4,9,4,3,8,1,0,1,0,0,0,0,0,0,13.38058506,52.51728567
1,1300834,2018,4,19,7,3,5,3,0,1,1,0,0,0,0,0,13.38921624,52.5471655
9,9100407,2018,4,15,3,3,0,7,0,0,1,0,0,0,1,0,13.50021702,52.44111
9,9200819,2018,4,22,7,2,8,1,2,0,0,0,1,0,0,0,13.56219983,52.43702047
6,6300629,2018,4,19,7,3,5,3,1,0,1,0,0,0,1,0,13.29510087,52.44455188
2,2200208,2018,4,21,3,3,5,2,2,1,1,0,0,0,0,0,13.3897664,52.49590831
8,8401246,2018,4,6,7,3,0,7,0,0,1,0,1,0,0,0,13.50295624,52.41819149
8,8100417,2018,4,18,7,3,6,2,0,0,0,1,0,0,1,0,13.45449462,52.47466781
3,3400722,2018,4,7,3,3,5,2,0,1,1,0,0,0,0,0,13.40765889,52.57391041
5,5300737,2018,4,0,7,2,1,5,2,0,1,0,0,1,0,0,13.24309104,52.53864144
4,4500936,2018,4,17,7,2,2,6,0,0,1,0,0,0,0,0,13.30638353,52.499794
3,3400618,2018,4,16,7,3,5,2,0,1,1,0,0,0,0,0,13.37394716,52.59763966
1,1100308,2018,4,16,3,2,0,1,0,1,0,0,0,0,0,0,13.37854285,52.52924768
1,1100416,2018,4,9,6,3,1,7,0,1,1,0,0,0,0,0,13.40555559,52.52989848
9,9501737,2018,4,15,7,3,3,6,0,1,1,0,0,0,0,0,13.62495659,52.45291082
1,1100309,2018,4,14,7,3,6,4,0,0,1,1,0,0,0,0,13.40317858,52.52329134
7,7200307,2018,4,17,3,3,5,3,0,0,1,0,0,0,0,0,13.34510518,52.49133406
1,1200522,2018,4,16,6,3,6,7,0,0,1,1,0,0,0,0,13.33221892,52.5218303
12,12400723,2018,4,13,7,3,5,3,0,0,1,0,0,0,0,0,13.30945819,52.62736176
8,8200623,2018,4,17,3,3,2,6,0,0,1,0,0,0,0,0,13.43751652,52.45527897
4,4500936,2018,4,19,6,3,0,6,0,0,1,0,1,0,0,0,13.3066778,52.50102154
2,2300314,2018,4,13,7,3,5,2,0,1,1,0,0,0,0,0,13.42574914,52.50331309
2,2200209,2018,4,17,3,3,5,2,0,1,0,0,0,0,1,0,13.38582718,52.48503473
8,8401243,2018,4,12,6,2,1,7,0,0,1,0,1,0,0,0,13.49963739,52.42970485
4,4300623,2018,4,20,6,3,5,3,2,0,1,0,0,0,0,0,13.30929778,52.50655188