BEZ,LOR_ab_2021,UJAHR,UMONAT,USTUNDE,UWOCHENTAG,UKATEGORIE,UART,UTYP1,ULICHTVERH,IstRad,IstPKW,IstFuss,IstKrad,IstGkfz,IstSonstige,USTRZUSTAND,XGCSWGS84,YGCSWGS84
5,5100316,2018,4,13,7,3,6,7,0,0,1,1,0,0,0,0,13.20454536,52.53628342
10,10400939,2018,4,16,3,3,2,6,0,1,1,0,0,0,1,0,13.61326992,52.50986948
2,2400625,2018,4,12,6,3,0,7,0,1,0,0,0,0,0,0,13.44592039,52.50196536
7,7400823,2018,4,12,7,3,5,2,0,0,1,0,0,0,0,0,13.3720553,52.46982535
8,8300935,2018,4,16,3,3,1,7,0,0,1,0,0,0,0,0,13.44893,52.42759743
11,11100307,2018,4,18,6,3,1,5,0,1,1,0,0,0,0,0,13.49947585,52.57205516
5,5400943,2018,4,9,7,3,5,3,0,1,1,0,0,0,0,0,13.14026959,52.45260288
1,1100310,2018,4,15,7,3,2,6,0,0,0,0,1,1,0,0,13.40685786,52.51859592
12,12500930,2018,4,16,3,3,5,2,0,0,1,0,0,0,0,0,13.33459616,52.58745849
7,7601340,2018,4,11,6,3,0,3,0,0,1,0,0,0,0,0,13.35473387,52.41332312
4,4500938,2018,4,16,7,3,1,5,0,0,1,0,1,0,0,0,13.29494247,52.49613424
10,10200524,2018,4,14,7,2,6,4,0,0,1,1,0,0,0,0,13.61370477,52.53217443
2,2300315,2018,4,16,3,3,5,2,0,1,0,0,0,0,1,0,13.43293646,52.49946446
8,8100312,2018,4,4,6,3,1,5,0,1,1,0,0,0,0,0,13.43942815,52.4872453
9,9100407,2018,4,12,6,3,1,5,0,1,1,0,0,0,0,0,13.50588503,52.45404093
5,5200632,2018,4,16,3,3,5,7,0,0,1,0,0,0,1,0,13.20475033,52.53008681
8,8100521,2018,4,8,6,3,5,3,0,0,1,0,0,1,0,0,13.45397609,52.46323075
10,10400940,2018,4,15,7,2,6,4,0,0,1,1,0,0,0,0,13.60376944,52.48594104
8,8200624,2018,4,8,6,3,6,2,0,0,1,1,0,0,0,0,13.43258301,52.45275133
7,7501029,2018,4,16,3,3,5,2,0,0,1,0,1,0,1,0,13.3777761,52.44252086
3,3400827,2018,4,9,6,3,5,3,0,0,1,0,0,0,0,0,13.42215222,52.55391727
2,2100102,2018,4,16,7,2,5,3,0,1,1,0,0,0,0,0,13.39418157,52.50110432
10,10400938,2018,4,16,3,3,5,3,0,1,1,0,0,0,0,0,13.62762774,52.52689647
3,3601449,2018,4,9,6,3,5,2,0,1,1,0,0,0,0,0,13.4494464,52.53706845
8,8200832,2018,4,12,7,3,6,4,0,0,1,1,1,0,0,0,13.43530314,52.42566359
3,3701554,2018,4,15,3,3,6,4,0,0,1,1,0,0,0,0,13.40826191,52.53717527
12,12200309,2018,4,13,7,3,2,2,0,0,1,0,0,0,0,0,13.31570147,52.56701523
4,4100102,2018,4,15,3,3,0,1,0,0,0,0,1,0,0,1,13.29393728,52.53412309
9,9100101,2018,4,15,3,3,5,3,0,0,1,0,0,0,0,0,13.44867638,52.49040089
8,8100102,2018,4,10,6,3,0,7,0,0,1,0,0,0,1,0,13.42594251,52.47599244
2,2500833,2018,4,12,7,3,5,2,0,0,1,0,0,0,1,0,13.45193778,52.51070456
9,9100407,2018,4,15,3,2,2,7,0,0,1,0,1,0,0,0,13.5000022,52.44018291
2,2200212,2018,4,10,6,3,5,7,0,0,1,0,1,0,0,0,13.42317831,52.48671421
1,1401049,2018,4,15,3,3,5,2,0,1,1,0,0,0,0,0,13.37226245,52.55596453
4,4501042,2018,4,9,6,3,1,4,0,1,1,1,0,0,0,0,13.32538537,52.50341801
5,5100316,2018,4,11,7,3,2,6,0,0,1,0,0,0,0,0,13.2071989,52.53888506
3,3501037,2018,4,14,3,3,2,7,0,0,0,0,1,0,1,1,13.46843195,52.55814794
6,6100206,2018,4,9,6,3,0,7,0,0,1,0,1,0,0,1,13.33729169,52.45014791
3,3601142,2018,4,12,7,2,0,1,0,1,0,0,0,0,0,0,13.40140757,52.54661178
10,10300731,2018,4,14,3,3,1,5,0,0,1,0,0,0,0,0,13.56413561,52.52027361
4,4501152,2018,4,9,7,3,0,1,0,0,0,0,1,0,0,0,13.33102491,52.4906296
2,2100102,2018,4,14,3,3,4,6,0,0,1,0,0,0,0,0,13.39497275,52.50341551
2,2100102,2018,4,9,6,2,5,3,0,1,0,0,0,0,0,0,13.39151952,52.50093218
6,6300528,2018,4,13,3,3,6,4,0,0,0,1,0,1,0,0,13.25151133,52.42375092
3,3601449,2018,4,13,3,2,5,3,0,0,1,0,1,0,0,0,13.44617494,52.54491854
1,1100207,2018,4,8,6,3,5,3,0,0,1,0,1,0,0,0,13.390118,52.50945423
1,1100309,2018,4,12,6,3,5,2,0,1,0,0,0,0,0,0,13.40187435,52.52897672
7,7400927,2018,4,13,3,2,1,5,0,1,0,0,0,1,0,0,13.39172338,52.45756347
2,2400521,2018,4,9,6,3,5,2,0,1,0,0,0,0,1,0,13.4365357,52.51770465
9,9100101,2018,4,12,3,2,5,3,0,1,0,0,0,1,0,0,13.4504326,52.49632168
6,6100101,2018,4,8,6,2,1,5,0,1,1,0,0,0,0,0,13.31444906,52.45482477
1,1400942,2018,4,11,3,3,2,6,0,0,1,0,0,0,0,0,13.34633288,52.54770792
3,3501037,2018,4,7,6,3,2,6,0,0,1,0,0,0,0,0,13.45905375,52.56252039
1,1200517,2018,4,18,6,2,5,7,0,0,1,0,1,0,0,0,13.33792284,52.53471031
1,1100415,2018,4,10,3,3,1,5,0,1,1,0,0,0,0,0,13.38500339,52.53109988
12,12100205,2018,4,7,6,3,5,3,0,0,1,0,1,0,0,0,13.35563618,52.57769868
8,8100208,2018,4,10,3,3,5,2,0,1,0,0,0,0,1,0,13.4362443,52.47281119
9,9200715,2018,4,6,6,3,5,3,0,1,1,0,0,0,0,0,13.5343418,52.43141418
1,1100312,2018,4,23,6,3,5,7,2,1,1,0,0,0,0,0,13.41566139,52.5099789
12,12500927,2018,4,14,6,2,5,2,0,1,1,0,0,0,0,0,13.31826373,52.58927406
12,12601032,2018,4,9,3,3,6,4,0,0,1,1,0,0,0,0,13.33834474,52.60913219
7,7601544,2018,4,10,6,3,2,6,0,0,1,0,0,0,0,0,13.39343185,52.39790594
12,12100101,2018,4,13,6,3,2,6,0,0,1,0,1,0,0,0,13.37112031,52.56410785
1,1200629,2018,4,8,3,3,5,7,0,0,1,0,1,0,0,0,13.33908597,52.51805483
2,2300418,2018,4,0,6,3,8,1,2,1,0,0,0,0,0,0,13.43550628,52.49153604
7,7200307,2018,4,23,6,3,5,7,2,0,1,0,1,0,0,0,13.34040624,52.4923148
7,7300619,2018,4,13,6,3,1,5,0,1,1,0,0,0,1,0,13.35512382,52.45898537
6,6300528,2018,4,8,3,3,1,7,0,1,1,0,0,0,0,0,13.27764863,52.43011814
1,1300733,2018,4,21,6,3,0,2,2,1,1,0,0,0,0,0,13.38661564,52.54938072
3,3601243,2018,4,12,6,3,3,6,0,1,1,0,0,0,0,0,13.42019213,52.55327979
6,6100208,2018,4,18,6,3,5,2,0,1,1,0,0,0,0,0,13.33270543,52.45586405
5,5200629,2018,4,12,6,3,5,2,0,1,1,0,0,0,0,0,13.18485792,52.53419389
7,7501032,2018,4,8,3,3,2,6,0,0,1,0,0,0,1,0,13.40833841,52.45245766
7,7501032,2018,4,17,6,3,0,1,0,0,0,0,1,0,0,0,13.41532742,52.45147379
2,2200211,2018,4,11,6,3,6,4,0,0,0,1,0,1,0,0,13.38899803,52.48979219
2,2400521,2018,4,6,3,3,9,1,0,0,1,0,0,0,0,0,13.43317331,52.52317417
6,6200311,2018,4,16,6,3,0,7,0,0,1,0,0,0,1,0,13.35316433,52.44141641
12,12400721,2018,4,10,6,3,5,3,0,0,1,0,0,0,0,0,13.2864286,52.64138653
2,2200213,2018,4,9,6,2,6,4,0,0,1,1,0,0,0,0,13.41324618,52.49177518
9,9200716,2018,4,6,3,3,5,3,0,0,1,0,0,0,0,0,13.55324769,52.43399007
12,12100205,2018,4,16,6,3,5,2,0,1,1,0,0,0,0,0,13.3480242,52.57579568
9,9100407,2018,4,8,6,3,6,7,0,0,1,1,0,0,0,0,13.49989405,52.43589153
11,11300722,2018,4,8,6,2,5,2,0,1,0,0,0,0,1,0,13.479784,52.52306742
1,1100414,2018,4,6,3,3,6,2,0,0,1,1,0,0,0,0,13.38525082,52.53244205
1,1200522,2018,4,16,6,3,5,2,0,0,1,0,1,0,0,0,13.33738421,52.52536471
6,6100207,2018,4,16,6,3,2,7,0,0,1,0,0,0,0,0,13.32723538,52.44849662
9,9200819,2018,4,7,6,3,2,6,0,0,1,0,0,0,1,0,13.56913648,52.44424797
2,2100103,2018,4,13,3,3,6,4,0,1,0,1,0,0,0,0,13.40157941,52.50609296
4,4500939,2018,4,16,6,2,0,4,0,0,0,1,1,0,0,0,13.31273433,52.48986108
10,10400940,2018,4,5,6,2,5,3,1,1,0,0,0,0,1,0,13.61340178,52.49859043
3,3601450,2018,4,16,3,3,0,2,0,1,1,0,0,0,0,0,13.45673089,52.52856168
2,2400624,2018,4,16,6,3,4,6,0,1,1,0,0,0,0,0,13.44469173,52.51137941
4,4300619,2018,4,11,6,3,3,5,0,0,1,0,0,0,1,0,13.31220172,52.51554424
7,7200411,2018,4,21,6,3,3,6,2,1,1,0,0,0,0,0,13.3592438,52.48645593
4,4200308,2018,4,20,3,3,2,6,2,0,1,0,0,0,0,0,13.28042829,52.51849474
8,8200831,2018,4,15,6,2,0,6,0,0,1,0,0,0,1,0,13.41384264,52.42431219
4,4400835,2018,4,20,3,3,6,7,1,0,1,1,0,0,0,0,13.31878308,52.47109982
1,1100102,2018,4,15,6,3,0,6,0,0,1,0,1,0,0,0,13.34945455,52.5150874
1,1100102,2018,4,21,6,3,5,3,2,0,1,0,0,0,0,0,13.35068738,52.5151604
8,8100102,2018,4,19,6,3,6,4,0,1,0,1,0,0,0,0,13.41608556,52.48053796
1,1100103,2018,4,20,3,3,2,6,1,0,1,0,0,0,0,0,13.35313807,52.50258978
2,2300417,2018,4,14,6,3,5,3,0,0,1,0,0,0,0,0,13.4295426,52.49821521
4,4300412,2018,4,19,6,3,5,7,0,1,1,0,0,0,0,0,13.29973919,52.51936314
1,1100311,2018,4,19,6,3,0,5,0,0,1,0,1,0,0,0,13.41938247,52.51844074
4,4300624,2018,4,18,3,2,6,4,0,0,1,1,0,0,0,0,13.32250415,52.50879802
7,7601238,2018,4,15,6,3,2,6,0,0,1,0,0,0,0,0,13.3836566,52.41124461
6,6100206,2018,4,15,6,2,5,2,0,1,0,0,0,0,0,0,13.33168654,52.44682194
9,9200511,2018,4,19,3,2,0,1,0,1,0,0,0,0,0,0,13.51453095,52.46232799
1,1300733,2018,4,14,6,3,3,6,0,0,1,0,1,0,0,0,13.38495227,52.55054194
6,6400844,2018,4,17,6,3,4,6,0,1,0,0,0,0,0,0,13.3061122,52.46576251
11,11400929,2018,4,17,3,1,6,4,0,0,0,1,0,0,1,0,13.49883527,52.5102935
10,10100315,2018,4,14,6,3,3,6,0,1,0,0,0,0,1,0,13.57049219,52.54332559
3,3601245,2018,4,17,6,3,0,2,0,0,1,0,1,0,0,0,13.43162464,52.55077738
3,3601140,2018,4,19,2,3,5,2,0,1,1,0,0,0,0,0,13.40378421,52.55148468
1,1401046,2018,4,16,6,3,5,2,0,1,0,0,0,0,1,0,13.34672688,52.54025489
10,10300734,2018,4,8,2,3,2,6,0,0,1,0,0,0,0,0,13.56170604,52.50452411
3,3400619,2018,4,21,2,3,5,3,2,1,1,0,0,0,0,0,13.3710437,52.59083942
4,4300518,2018,4,14,6,3,5,3,0,1,1,0,0,0,0,0,13.30592981,52.52460471
1,1200625,2018,4,16,6,3,0,7,0,1,0,0,0,0,0,0,13.34535964,52.52852481
4,4500937,2018,4,19,2,3,2,6,0,0,1,0,0,0,0,0,13.29081971,52.4971996
8,8100521,2018,4,14,6,3,5,3,0,0,1,0,0,0,0,0,13.44731838,52.46556085
4,4300620,2018,4,19,2,3,6,2,0,0,1,1,0,0,0,0,13.32850623,52.52221105
1,1300733,2018,4,15,6,3,5,2,0,1,1,0,0,0,0,0,13.3848107,52.55062644
4,4501042,2018,4,18,2,3,2,6,0,0,1,0,0,0,0,0,13.32959982,52.50351903
1,1100311,2018,4,13,6,3,5,3,0,0,1,0,0,0,0,0,13.41800717,52.51649764
8,8200726,2018,4,13,6,3,5,3,0,1,1,0,0,0,0,0,13.43356124,52.44523513
7,7400823,2018,4,18,2,3,5,2,0,1,1,0,0,0,0,0,13.37150089,52.46939343
1,1100311,2018,4,12,6,3,0,2,0,1,1,0,1,0,0,0,13.41806547,52.51537359
6,6300633,2018,4,16,6,2,5,7,0,0,1,0,1,0,0,0,13.31544752,52.44888969
10,10400940,2018,4,18,2,3,5,3,0,1,1,0,0,0,0,0,13.59739475,52.50226617
2,2200208,2018,4,12,6,3,3,6,0,1,0,0,0,0,0,0,13.37932128,52.49222038
10,10400938,2018,4,16,6,2,5,3,0,1,1,0,0,0,0,0,13.64082278,52.52799745
12,12200310,2018,4,18,2,3,5,3,0,0,1,0,0,0,0,0,13.31136016,52.56979007
2,2300315,2018,4,22,6,3,5,7,2,0,1,0,0,0,0,0,13.42618189,52.4993695
6,6300526,2018,4,18,2,3,5,2,0,1,1,0,0,0,0,0,13.25819524,52.43536668
8,8401243,2018,4,12,6,3,0,6,0,1,1,0,0,0,0,0,13.49812514,52.42693894
8,8301037,2018,4,17,2,3,0,2,0,0,1,0,1,0,0,0,13.47383562,52.42527791
11,11400930,2018,4,11,6,3,5,3,0,0,1,0,0,0,0,0,13.50991956,52.50349721
1,1100311,2018,4,15,6,3,3,6,0,0,1,0,0,0,0,0,13.42132133,52.51456793
1,1100313,2018,4,16,2,3,5,3,0,1,1,0,0,0,0,0,13.41659975,52.51096991
8,8100312,2018,4,12,6,3,3,6,0,0,1,0,0,0,0,0,13.43446027,52.48459002
2,2300316,2018,4,16,2,3,2,6,0,0,1,0,0,0,0,0,13.43660827,52.50377446
7,7300619,2018,4,11,6,3,2,6,0,0,1,0,0,0,0,0,13.33832567,52.46724535
6,6400843,2018,4,15,6,3,2,6,0,0,1,0,1,0,0,0,13.29158154,52.45804688
9,9501737,2018,4,15,6,3,1,7,0,0,1,0,0,0,0,0,13.62198554,52.44667939
2,2200212,2018,4,15,2,3,6,7,0,1,0,1,0,0,0,0,13.41982034,52.48751775
6,6200420,2018,4,21,6,2,0,1,2,1,0,0,0,0,0,0,13.30712509,52.41770236
1,1100102,2018,4,16,6,3,6,4,0,0,1,1,0,0,0,1,13.35057241,52.51233183
1,1100310,2018,4,20,6,3,0,1,2,1,0,0,0,0,0,0,13.41623489,52.52178181
4,4300623,2018,4,8,6,3,2,6,0,0,1,0,0,0,1,0,13.31438776,52.50946828
11,11300724,2018,4,15,2,3,6,4,0,0,1,1,0,0,0,0,13.49074385,52.51525325
2,2200212,2018,4,18,6,3,0,1,0,0,0,0,1,0,0,0,13.41649276,52.4878197
8,8200832,2018,4,9,5,3,0,4,0,0,0,1,0,0,1,1,13.42587297,52.41892002
7,7400823,2018,4,12,5,2,2,6,0,0,1,0,0,0,0,1,13.37680067,52.46155275
4,4300518,2018,4,15,2,3,5,2,0,1,1,0,0,0,0,0,13.30597859,52.5256377
9,9301228,2018,4,14,6,2,9,1,0,0,1,0,0,0,0,0,13.64568079,52.34653157
1,1200517,2018,4,15,2,2,5,2,0,1,1,0,0,0,0,0,13.35337045,52.53673766
1,1100308,2018,4,17,5,3,3,2,0,1,1,0,0,0,0,0,13.38754611,52.52386691
1,1200517,2018,4,18,5,3,5,3,0,0,1,0,1,0,0,1,13.34856103,52.53583072
6,6300528,2018,4,15,2,3,5,3,0,0,1,0,0,0,0,0,13.25751533,52.42119617
2,2300316,2018,4,16,5,2,5,3,0,1,1,0,0,0,0,0,13.44153514,52.50130237
3,3300411,2018,4,5,5,3,5,3,0,0,1,0,0,0,0,0,13.49781679,52.61373524
1,1100415,2018,4,15,2,3,6,6,0,1,0,1,0,0,0,0,13.38415055,52.53087237
6,6300633,2018,4,8,5,3,0,3,0,1,0,0,0,0,1,0,13.30252688,52.44488799
2,2300314,2018,4,21,5,2,2,7,2,1,1,0,0,0,0,0,13.41879442,52.50141675
1,1100309,2018,4,20,5,3,1,1,2,0,1,0,0,0,0,0,13.39342964,52.52604192
3,3701556,2018,4,8,5,3,6,4,0,1,0,1,0,0,0,0,13.41787323,52.53616309
2,2100104,2018,4,18,5,3,5,3,0,0,1,0,1,0,0,1,13.40322194,52.50573162
5,5100316,2018,4,18,5,3,5,3,0,0,1,0,0,0,0,1,13.18501112,52.53797379
10,10100315,2018,4,22,5,2,5,2,2,0,1,0,0,0,0,0,13.56976603,52.5407674
7,7100102,2018,5,16,2,3,5,2,0,0,1,0,1,0,0,0,13.3461293,52.50105668
9,9100101,2018,5,16,2,3,6,4,0,0,1,1,0,0,0,0,13.45296157,52.49307431
12,12500930,2018,5,9,6,3,5,2,0,0,1,0,0,0,1,0,13.31544277,52.57783459
2,2500835,2018,5,14,2,3,6,4,0,0,0,1,1,0,0,0,13.4675128,52.50268371
2,2500728,2018,5,9,6,3,5,2,0,1,1,0,0,0,0,0,13.46972542,52.52040236
3,3601142,2018,5,14,2,3,1,5,0,0,1,0,1,0,0,0,13.40927558,52.5412785
8,8100102,2018,5,21,6,3,6,4,2,0,1,1,0,0,0,0,13.42536423,52.4791677
1,1200517,2018,5,8,6,3,5,2,0,0,1,0,1,0,0,0,13.35432302,52.53678341
7,7501133,2018,5,14,2,3,0,6,0,1,1,0,0,0,0,0,13.37559557,52.43415295
7,7400823,2018,5,23,6,2,1,5,2,1,1,0,0,0,0,0,13.37721502,52.46364249
3,3400827,2018,5,8,6,3,5,3,0,0,1,0,0,0,0,0,13.4184494,52.55428642
9,9401534,2018,5,14,2,3,1,5,0,1,1,0,0,0,0,0,13.5752409,52.44681272
8,8100314,2018,5,13,2,3,0,5,0,1,0,0,0,0,1,0,13.43799569,52.48128833
4,4100101,2018,5,13,2,3,5,2,0,0,1,0,0,0,0,0,13.29692662,52.54801101
7,7501134,2018,5,7,6,3,5,3,0,0,1,0,0,1,0,0,13.39851857,52.44002645
12,12100204,2018,5,14,2,3,6,4,0,0,1,1,1,0,0,0,13.36360865,52.56246947
3,3701555,2018,5,7,6,3,5,3,0,1,1,0,0,0,0,0,13.41825537,52.53662887
1,1100312,2018,5,7,6,2,5,2,0,1,0,0,0,1,0,0,13.41403743,52.50787586
12,12200412,2018,5,14,2,2,5,2,0,0,1,0,1,0,0,0,13.2984578,52.57828337
10,10300731,2018,5,7,6,3,1,5,0,1,1,0,0,0,0,0,13.55776665,52.52516271
4,4501042,2018,5,16,5,3,5,2,0,0,1,0,1,0,0,0,13.33083894,52.50053232
9,9200717,2018,5,15,2,2,6,4,0,0,1,1,0,0,0,0,13.5590403,52.44180968
4,4200310,2018,5,16,5,3,5,3,0,0,1,0,1,0,0,0,13.27542059,52.51284649
8,8200730,2018,5,15,2,3,5,7,0,0,1,0,0,0,0,0,13.44311355,52.43729612
7,7100101,2018,5,16,2,3,0,7,0,0,1,0,0,0,0,0,13.34180007,52.49452169
6,6200312,2018,5,13,2,3,2,6,0,0,1,0,0,0,0,0,13.33196264,52.44257043
6,6300632,2018,5,15,5,3,6,7,0,0,1,1,0,0,0,0,13.28383615,52.41900913
11,11100102,2018,5,16,2,3,2,6,0,0,1,0,1,0,0,0,13.54379859,52.56810909
9,9300920,2018,5,7,5,3,5,3,0,1,1,0,0,0,0,0,13.53953307,52.42150662
11,11300618,2018,5,18,5,3,5,3,0,0,1,0,0,0,0,0,13.45861652,52.52711601
1,1300835,2018,5,7,2,3,0,3,0,0,0,0,1,1,0,0,13.3933291,52.53930448
2,2500831,2018,5,23,2,3,5,3,2,0,1,0,1,0,0,0,13.46633771,52.5118063
2,2100104,2018,5,19,5,3,5,3,1,1,1,0,0,0,0,0,13.41052167,52.50335616
2,2200212,2018,5,19,2,2,5,2,0,1,0,0,0,0,0,0,13.40540984,52.488832
10,10100316,2018,5,19,5,3,2,6,0,0,1,0,0,0,0,0,13.58120783,52.54854189
12,12100101,2018,5,20,2,3,5,3,1,1,1,0,0,0,0,0,13.37373335,52.56318832
1,1200520,2018,5,10,2,3,3,2,0,0,1,0,0,0,1,0,13.34319032,52.5288519
7,7200307,2018,5,19,5,3,2,7,0,1,0,0,0,0,1,0,13.33992188,52.49231547
4,4501149,2018,5,20,2,3,5,2,1,1,1,0,0,0,0,0,13.32657153,52.48715833
8,8100415,2018,5,20,2,3,6,7,0,0,1,1,0,0,0,0,13.44655679,52.47860304
3,3500936,2018,5,7,5,3,0,6,0,1,0,0,0,0,1,0,13.46574248,52.55152431
2,2300315,2018,5,20,5,3,5,3,1,1,0,0,0,0,1,0,13.42616874,52.4992591
9,9200715,2018,5,17,2,3,6,2,0,0,1,1,0,0,0,0,13.53874248,52.43156314
12,12400619,2018,5,16,5,3,4,1,0,0,1,0,0,0,0,0,13.2411685,52.6018739
12,12200309,2018,5,16,5,3,0,5,0,1,0,0,0,0,1,0,13.31913118,52.56626957
10,10200628,2018,5,18,2,3,1,5,0,0,0,0,0,1,1,0,13.59509451,52.52878598
4,4501149,2018,5,18,2,3,5,7,0,1,1,0,0,0,0,0,13.32265046,52.48808724
1,1200623,2018,5,18,5,3,3,6,0,1,1,0,0,0,0,0,13.34798399,52.53118639
5,5100317,2018,5,0,2,3,8,1,2,0,1,0,0,0,0,0,13.23374642,52.52737618
4,4500936,2018,5,17,5,3,5,7,0,0,1,0,0,0,1,0,13.30555945,52.49968852
4,4501149,2018,5,18,2,3,5,2,0,1,0,0,1,0,0,0,13.32309821,52.4908515
5,5100208,2018,5,16,5,3,2,6,0,0,1,0,0,0,0,0,13.15037243,52.55396697
8,8100103,2018,5,19,5,3,2,6,0,0,1,0,0,0,0,0,13.42832574,52.47307348
5,5200629,2018,5,18,2,3,0,2,0,0,1,0,0,0,1,0,13.19568138,52.52948992
10,10200421,2018,5,18,5,2,5,2,0,0,1,0,1,0,0,0,13.6022295,52.5360461
12,12500824,2018,5,18,5,2,5,3,0,0,1,0,0,0,0,0,13.28586911,52.59505635
1,1100206,2018,5,18,2,3,1,5,0,0,1,0,1,0,0,0,13.39435548,52.51327738
3,3500933,2018,5,17,5,3,2,6,0,0,1,0,0,0,0,0,13.46185051,52.55878211
9,9501737,2018,5,16,5,2,5,3,0,1,1,0,0,0,0,0,13.62718923,52.46361358
9,9300920,2018,5,7,2,3,5,2,0,1,1,0,0,0,0,0,13.52205119,52.40237915
5,5100208,2018,5,7,2,2,5,7,0,0,1,0,1,0,0,0,13.15014434,52.55401017
3,3601449,2018,5,15,5,2,5,3,0,1,1,0,0,0,0,0,13.44587688,52.54463738
9,9502043,2018,5,8,2,3,5,7,0,0,1,0,0,0,0,0,13.56064657,52.45980528
5,5100314,2018,5,22,5,3,8,1,2,0,1,0,0,0,0,0,13.20801904,52.54765619
1,1300835,2018,5,7,2,3,0,2,0,1,1,0,0,0,0,0,13.38764307,52.53335707
3,3500932,2018,5,4,5,3,6,7,2,1,0,1,0,0,0,0,13.44039224,52.55607623
10,10100209,2018,5,7,5,2,5,3,0,0,1,0,0,0,0,0,13.57263325,52.55009385
3,3500936,2018,5,7,2,3,0,7,0,0,1,0,1,0,0,1,13.46653975,52.55051263
7,7100102,2018,5,7,5,3,5,2,0,1,1,0,0,0,0,0,13.34710362,52.50103623
4,4500939,2018,5,8,2,3,2,6,0,1,0,0,0,0,0,0,13.30193327,52.48831311
8,8100209,2018,5,9,2,3,5,3,0,0,1,0,0,0,0,0,13.43871069,52.46528314
1,1100102,2018,5,7,2,3,5,3,0,1,1,0,0,0,0,0,13.36858342,52.51060118
1,1300733,2018,5,9,5,3,2,7,0,0,1,0,1,0,1,0,13.3863108,52.54973549
11,11401137,2018,5,9,5,3,5,2,0,1,1,0,0,0,0,0,13.51532306,52.49385061
5,5200528,2018,5,8,2,2,2,6,0,0,0,0,1,0,1,0,13.16646776,52.51928488
2,2200212,2018,5,9,2,3,2,6,0,0,1,0,0,0,1,0,13.41618617,52.48799012
4,4300619,2018,5,9,2,3,2,6,0,0,1,0,0,0,0,0,13.30065174,52.519222
6,6200422,2018,5,10,5,3,5,3,0,1,1,0,0,0,0,0,13.3312507,52.41996476
6,6100209,2018,5,9,2,3,5,2,0,1,1,0,0,0,0,0,13.32988695,52.46435798
6,6400844,2018,5,11,5,3,6,4,0,1,0,1,0,0,0,0,13.30778476,52.46681882
1,1100309,2018,5,12,5,2,0,1,0,1,0,0,0,0,0,0,13.40179369,52.52907357
2,2100104,2018,5,12,5,3,4,6,0,0,1,0,0,0,0,0,13.41128735,52.50432589
3,3200205,2018,5,10,2,3,5,3,0,0,1,0,0,0,0,0,13.39853941,52.59242725
6,6400844,2018,5,10,2,3,5,3,0,1,1,0,0,0,0,0,13.2988622,52.4652577
12,12601235,2018,5,15,5,3,6,4,0,0,1,1,0,0,0,0,13.36069452,52.59566617
1,1100206,2018,5,10,2,3,5,3,0,1,1,0,0,0,0,0,13.38905808,52.51559106
3,3200206,2018,5,15,5,3,5,3,0,0,1,0,0,0,0,0,13.3887027,52.58246121
12,12400720,2018,5,10,2,3,0,3,0,0,1,0,0,0,1,0,13.28113387,52.63271723
4,4501040,2018,5,13,5,3,1,5,0,1,1,0,0,0,0,0,13.31294269,52.50444521
6,6100101,2018,5,11,2,3,3,6,0,1,1,0,0,0,0,0,13.31882233,52.45757928
8,8100415,2018,5,0,4,3,3,6,2,1,1,0,0,0,0,0,13.44813086,52.47790704
1,1100310,2018,5,11,2,2,6,2,0,0,1,1,0,0,0,0,13.40884833,52.52292582
2,2200212,2018,5,13,5,3,1,5,0,1,1,0,0,0,0,0,13.42139214,52.48715244
9,9200819,2018,5,17,4,3,0,2,0,1,1,0,0,0,0,0,13.5692346,52.44470161
5,5300840,2018,5,12,2,3,0,2,0,0,1,0,1,0,0,0,13.26477139,52.53687173
1,1300834,2018,5,17,4,3,3,6,0,1,1,0,0,0,0,0,13.39579256,52.53866454
1,1100309,2018,5,12,2,3,5,7,0,0,1,0,0,0,1,0,13.39467029,52.52874301
1,1401048,2018,5,21,4,3,5,2,0,1,1,0,0,0,0,0,13.35991481,52.55436576
8,8100312,2018,5,22,4,3,1,5,2,1,1,0,0,0,0,0,13.43072724,52.48585508
4,4200203,2018,5,11,4,3,5,2,0,0,1,0,0,0,0,0,13.24031638,52.51183978
7,7400822,2018,5,12,2,2,5,2,0,1,1,0,0,0,0,0,13.35940659,52.45683615
9,9200717,2018,5,13,4,3,3,6,0,1,0,0,0,0,1,0,13.54987908,52.43856929
6,6300633,2018,5,7,4,2,5,3,0,1,1,0,0,0,0,0,13.31333283,52.43551157
1,1100103,2018,5,12,2,3,0,1,0,1,0,0,0,0,0,0,13.35220147,52.50526926
6,6300633,2018,5,12,2,2,0,1,0,0,0,0,1,0,0,0,13.31530555,52.44954479
7,7100206,2018,5,20,1,3,0,6,1,0,1,0,0,0,1,0,13.36870756,52.49312005
12,12100205,2018,5,8,4,3,2,6,0,0,1,0,0,0,0,0,13.34449821,52.58927065
11,11300620,2018,5,13,4,3,0,1,0,1,0,0,0,0,0,0,13.48291692,52.52673442
2,2200210,2018,5,11,4,3,5,3,0,0,1,0,1,0,0,0,13.3906933,52.49603031
9,9100203,2018,5,13,4,2,6,4,0,0,1,1,0,0,0,0,13.47552916,52.47590342
2,2400623,2018,5,16,1,3,1,5,0,1,1,0,0,0,1,0,13.42980027,52.50983014