BEZ,LOR_ab_2021,UJAHR,UMONAT,USTUNDE,UWOCHENTAG,UKATEGORIE,UART,UTYP1,ULICHTVERH,IstRad,IstPKW,IstFuss,IstKrad,IstGkfz,IstSonstige,USTRZUSTAND,XGCSWGS84,YGCSWGS84
2,2400623,2018,5,12,4,2,1,5,0,1,1,0,0,0,0,0,13.43247044,52.51659323
9,9200715,2018,5,17,1,3,5,3,0,0,1,0,0,0,0,0,13.52892464,52.43309443
6,6200420,2018,5,11,4,3,5,3,0,0,1,0,0,0,0,0,13.30909642,52.42050277
1,1300732,2018,5,12,4,3,5,3,0,0,1,0,0,0,0,0,13.39448591,52.56257867
12,12200412,2018,5,18,1,2,9,1,0,0,1,1,0,0,0,0,13.29438092,52.57627201
3,3601142,2018,5,13,4,3,6,4,0,1,0,1,0,0,0,0,13.41370878,52.54763513
2,2500835,2018,5,9,4,2,5,2,0,1,0,0,0,0,1,0,13.45816182,52.49953305
4,4500937,2018,5,14,1,3,2,6,0,0,1,0,0,0,0,0,13.29986465,52.49857569
1,1200522,2018,5,13,4,3,5,2,0,1,1,0,0,0,0,0,13.32984633,52.5229339
1,1300731,2018,5,12,4,3,2,6,0,0,1,0,0,0,0,0,13.38097013,52.56630894
1,1100206,2018,5,10,4,2,5,7,0,0,1,0,1,0,0,0,13.39028172,52.51214456
7,7100205,2018,5,13,1,3,5,3,0,1,1,0,0,0,0,0,13.36177694,52.49774893
4,4501146,2018,5,13,4,3,2,2,0,0,1,0,0,0,0,0,13.32041762,52.48365188
7,7300516,2018,5,10,4,2,6,2,0,0,1,1,0,0,0,0,13.3282692,52.46483138
2,2300315,2018,5,17,4,3,1,5,0,1,1,0,0,0,1,0,13.42483626,52.49974416
1,1100312,2018,5,13,1,3,3,6,0,0,1,0,1,0,0,0,13.4103969,52.51031202
8,8401243,2018,5,12,1,2,5,3,0,1,1,0,0,0,0,0,13.49096595,52.42392388
4,4300623,2018,5,16,4,3,2,6,0,0,1,0,0,0,0,0,13.31460743,52.51087279
5,5100101,2018,5,11,1,3,2,7,0,0,1,0,0,0,0,0,13.19171683,52.56771625
1,1100313,2018,5,9,4,3,5,3,0,1,1,0,0,0,0,0,13.41637924,52.50916676
11,11100102,2018,5,16,4,2,6,4,0,0,0,1,1,0,0,0,13.55535516,52.57013725
9,9501939,2018,5,18,1,3,2,6,0,0,1,0,1,0,0,0,13.56289383,52.45665468
3,3500932,2018,5,9,4,3,0,6,0,1,1,0,0,0,0,0,13.44677914,52.55473745
3,3601142,2018,5,9,4,2,5,2,0,0,1,0,1,0,0,0,13.41353369,52.54765038
10,10100316,2018,5,16,4,2,6,4,0,0,1,1,0,0,0,0,13.57253778,52.54626781
2,2100104,2018,5,18,1,2,5,3,0,1,1,0,0,0,0,0,13.41116737,52.50350744
7,7100205,2018,5,22,4,3,5,7,2,1,1,0,0,0,0,0,13.36707175,52.49317947
4,4100101,2018,5,16,4,3,0,3,0,0,0,0,1,1,0,0,13.32591137,52.53885675
4,4300414,2018,5,19,1,3,0,1,0,1,1,0,0,0,0,0,13.2996037,52.51347254
8,8100417,2018,5,21,4,3,5,3,1,0,1,0,0,0,0,0,13.45120598,52.4720458
1,1100312,2018,5,8,4,3,5,3,0,1,1,0,0,0,0,0,13.40395441,52.5124237
7,7100205,2018,5,16,4,3,6,7,0,0,0,1,1,0,0,0,13.36379942,52.49728454
7,7501029,2018,5,10,1,3,5,7,0,0,1,0,0,0,0,0,13.38009535,52.44147092
1,1100313,2018,5,7,4,3,0,7,0,1,1,0,0,0,0,0,13.42252508,52.50544078
6,6300527,2018,5,5,4,3,5,3,0,0,1,0,0,0,0,0,13.27595728,52.43342548
11,11401137,2018,5,16,4,2,5,3,0,0,1,0,1,0,0,0,13.51825072,52.49432988
2,2400521,2018,5,10,1,3,0,2,0,0,1,0,1,0,0,0,13.42986101,52.52311154
6,6200420,2018,5,9,1,3,5,3,0,0,1,0,0,0,0,0,13.30510436,52.41789902
2,2100102,2018,5,16,4,3,5,2,0,1,0,0,0,0,1,0,13.39042619,52.50670925
10,10400941,2018,5,17,1,3,5,3,0,0,1,0,0,0,0,0,13.60366664,52.47884106
7,7400823,2018,5,20,4,3,2,6,2,0,1,0,0,0,0,0,13.37389291,52.46877747
2,2300314,2018,5,16,4,3,0,3,0,0,1,0,0,0,1,0,13.42388571,52.50229341
5,5100316,2018,5,7,1,3,0,1,0,0,0,0,1,0,0,0,13.19861534,52.53493172
7,7100206,2018,5,15,4,3,1,5,0,1,1,0,0,0,0,0,13.36521041,52.48827256
8,8100415,2018,5,19,4,3,0,3,0,0,1,0,0,0,1,0,13.44599253,52.47638885
2,2300315,2018,5,15,4,3,6,4,0,0,1,1,0,0,0,0,13.42945383,52.50283199
4,4200310,2018,5,15,4,2,3,6,0,1,1,0,0,0,0,0,13.26945373,52.51127383
3,3200309,2018,5,16,1,3,0,2,0,1,1,0,0,0,0,0,13.43351155,52.61244336
4,4501042,2018,5,17,4,2,6,7,0,0,1,1,0,0,0,0,13.33036438,52.50530935
1,1300733,2018,5,15,4,3,5,2,0,1,1,0,0,0,0,0,13.38435051,52.55589791
10,10200417,2018,5,15,4,2,6,4,0,0,1,1,0,0,0,0,13.59218263,52.54644181
4,4400835,2018,5,17,4,3,5,2,0,1,1,0,0,0,0,0,13.32026948,52.4768073
8,8401139,2018,5,15,4,3,5,2,0,0,1,0,0,0,0,0,13.45890292,52.44032582
1,1200629,2018,5,6,1,3,5,3,0,1,1,0,0,0,0,0,13.33999086,52.51873636
3,3701657,2018,5,8,4,3,5,2,0,1,1,0,0,0,0,0,13.42628432,52.54302975
12,12100103,2018,5,7,3,3,3,6,0,0,1,0,1,0,0,0,13.35931536,52.57446899
4,4400729,2018,5,15,1,3,5,2,0,1,1,0,0,0,0,0,13.26337271,52.48259636
4,4200309,2018,5,2,1,3,1,5,2,0,1,0,0,0,0,0,13.25599749,52.51999212
1,1100101,2018,5,17,3,3,5,3,0,1,0,0,0,0,0,0,13.35130518,52.50839152
3,3601451,2018,5,15,1,3,5,2,0,1,1,0,0,0,0,0,13.4417204,52.5321494
10,10100311,2018,5,16,4,2,2,6,0,0,0,0,1,0,1,0,13.51918063,52.51877153
10,10100207,2018,5,12,3,3,6,7,0,1,0,1,0,0,0,0,13.58083774,52.55273227
12,12500824,2018,5,14,1,2,5,2,0,1,1,0,0,0,0,0,13.28581824,52.59513906
1,1100205,2018,5,8,4,3,0,6,0,0,1,0,0,0,1,0,13.37819616,52.50781677
9,9300920,2018,5,17,3,3,3,6,0,1,1,0,0,0,0,0,13.53355714,52.41692662
8,8200624,2018,5,16,4,3,5,2,0,1,1,0,0,0,0,0,13.43309224,52.45234039
7,7300516,2018,5,15,3,3,6,7,0,0,1,1,0,0,0,0,13.33024463,52.46681201
1,1400942,2018,5,23,7,3,5,2,2,1,1,0,0,0,0,0,13.34491695,52.54653936
6,6100205,2018,5,19,3,3,6,4,0,1,0,1,0,0,0,0,13.33994454,52.45081048
6,6300632,2018,5,12,7,3,0,2,0,1,1,0,0,0,0,0,13.28006905,52.42237876
2,2500831,2018,5,15,4,3,0,1,0,1,0,0,0,0,0,0,13.46637995,52.50868536
2,2200210,2018,5,22,3,3,5,3,2,1,1,0,0,0,0,0,13.39657369,52.49129294
1,1100308,2018,5,18,7,3,3,6,0,1,1,0,0,0,0,0,13.37835926,52.52237744
1,1100312,2018,5,1,4,3,0,1,2,0,0,0,1,0,0,1,13.41630256,52.51078898
3,2400520,2018,5,20,3,3,1,5,0,0,1,0,1,0,0,0,13.42508555,52.52799426
5,5300737,2018,5,18,7,3,2,6,0,0,1,0,0,0,0,0,13.24728599,52.53807791
3,3300412,2018,5,16,4,2,3,6,0,1,0,0,0,0,1,0,13.4815206,52.61783621
2,2200207,2018,5,17,7,3,5,2,0,1,1,0,0,0,0,0,13.37674169,52.49146368
7,7400721,2018,5,19,3,3,5,2,0,1,1,0,0,0,0,0,13.38341492,52.47172602
8,8401242,2018,5,16,7,3,5,3,0,1,1,0,0,0,0,0,13.48819358,52.41333769
9,9501940,2018,5,16,4,3,5,3,0,1,0,0,0,0,0,0,13.58362577,52.4553746
1,1100310,2018,5,16,4,3,2,6,0,0,1,0,0,0,1,0,13.41492216,52.52750437
5,5100211,2018,5,18,3,3,5,2,0,1,0,0,0,0,1,0,13.17818775,52.54870151
9,9501838,2018,5,15,7,3,5,2,0,1,1,0,0,0,0,0,13.68625454,52.44236184
12,12200412,2018,5,16,4,3,2,7,0,0,1,0,0,0,0,0,13.30041114,52.56711787
1,1200624,2018,5,14,4,3,5,2,0,1,1,0,0,0,0,0,13.36034465,52.53724432
4,4501148,2018,5,18,3,3,5,2,0,1,1,0,0,0,0,0,13.32020087,52.47880679
3,3500934,2018,5,14,7,3,5,2,0,1,1,0,0,0,0,0,13.44266232,52.55111102
3,3200205,2018,5,18,3,3,5,2,0,1,0,0,0,0,1,0,13.38965699,52.58616668
7,7100205,2018,5,12,7,3,5,2,0,1,1,0,0,0,0,0,13.36310751,52.4941273
1,1300733,2018,5,14,4,3,3,6,0,1,0,0,0,0,0,0,13.38351994,52.55469475
2,2500833,2018,5,18,3,3,5,3,0,1,1,0,0,0,0,0,13.45242041,52.51247841
1,1200625,2018,5,13,7,3,2,7,0,0,1,0,0,0,0,0,13.34580811,52.53009258
1,1300733,2018,5,14,4,3,5,3,0,0,1,0,0,0,0,0,13.38442002,52.55599633
12,12400721,2018,5,17,3,3,1,5,0,0,1,0,1,0,0,0,13.2915544,52.63388231
4,4100101,2018,5,18,7,3,3,6,0,0,1,0,0,0,0,0,13.3052304,52.54783795
7,7100205,2018,5,14,4,3,5,3,0,0,1,0,1,0,0,0,13.36434212,52.49752234
2,2300315,2018,5,2,4,1,0,7,2,0,0,1,0,0,1,0,13.43056008,52.49941485
1,1100206,2018,5,17,3,3,5,3,0,1,1,0,0,0,0,0,13.38031828,52.51875925
2,2500834,2018,5,16,7,3,6,4,0,0,1,1,0,0,0,0,13.44999463,52.50751499
9,9200716,2018,5,10,3,3,6,7,0,0,1,1,0,0,0,0,13.54652024,52.43733519
8,8100310,2018,5,23,3,3,4,1,2,1,0,0,0,0,0,0,13.43445637,52.49143002
4,4200207,2018,5,20,3,2,0,1,1,1,0,0,0,0,0,0,13.1972696,52.48097974
3,3300412,2018,5,15,7,3,5,3,0,0,1,0,0,0,0,0,13.47287303,52.61700507
1,1100309,2018,5,20,3,3,2,6,2,1,1,0,0,0,0,0,13.39789767,52.52761368
3,3300413,2018,5,12,3,3,5,2,0,0,0,0,1,0,1,0,13.48197191,52.6102737
1,1300834,2018,5,18,7,2,3,5,0,0,1,0,0,0,1,0,13.39986602,52.5420565
4,4501153,2018,5,18,3,3,5,2,0,1,1,0,0,0,0,0,13.32943909,52.48152027
1,1100310,2018,5,10,3,3,5,2,0,1,1,0,0,0,0,0,13.40960909,52.52396575
8,8200730,2018,5,16,7,3,0,2,0,0,1,0,0,0,1,0,13.44753668,52.43701218
9,9501939,2018,5,20,7,2,0,1,1,1,0,0,0,0,0,0,13.56894315,52.45343274
1,1100309,2018,5,17,3,3,6,4,0,0,1,1,0,0,0,0,13.40343423,52.52318078
4,4200203,2018,5,10,3,3,2,2,0,0,1,0,0,0,1,0,13.23155614,52.50998647
1,1100207,2018,5,14,7,2,3,1,0,0,1,0,1,0,0,0,13.40120943,52.51118886
7,7501133,2018,5,17,3,3,1,5,0,0,0,0,1,1,0,0,13.3708109,52.43318828
5,5100101,2018,5,10,3,3,1,5,0,1,1,0,0,0,0,0,13.19938543,52.56668214
5,5300840,2018,5,14,7,3,9,1,0,0,1,0,0,0,0,0,13.25381705,52.53502458
3,3500932,2018,5,16,3,3,6,4,0,0,0,1,1,0,0,0,13.44612486,52.55859943
5,5100209,2018,5,16,3,3,5,2,0,1,0,0,0,0,1,0,13.18297603,52.54798534
5,5100315,2018,5,10,3,3,1,5,0,1,1,0,0,0,0,0,13.20043604,52.5455935
1,3701556,2018,5,15,7,2,5,3,0,1,1,0,0,0,0,0,13.40987361,52.52902504
1,1300731,2018,5,16,3,2,6,4,0,0,1,1,0,0,0,0,13.37875506,52.5613287
12,12100101,2018,5,15,3,3,5,3,0,1,1,0,0,0,0,0,13.37250474,52.56159496
1,1300836,2018,5,7,3,3,2,2,0,0,0,0,1,1,0,0,13.36978004,52.54287296
3,3601243,2018,5,17,7,3,5,3,0,0,1,0,0,0,0,0,13.42409558,52.55284972
8,8200832,2018,5,11,7,3,7,7,0,1,0,0,0,0,0,0,13.42133565,52.41128164
9,9200819,2018,5,7,3,3,5,2,0,1,1,0,0,0,0,0,13.56246228,52.43727808
4,4300412,2018,5,23,7,3,6,4,2,0,1,1,0,0,0,0,13.29029036,52.51903301
2,2500833,2018,5,15,3,2,6,4,0,1,0,1,0,0,0,0,13.45223086,52.51250957
8,8100102,2018,5,21,7,2,3,6,2,1,0,0,0,0,0,0,13.4160971,52.48053549
2,2500830,2018,5,7,3,3,5,2,0,1,1,0,0,0,0,0,13.45507166,52.51370763
12,12200309,2018,5,12,7,3,5,7,0,0,1,0,1,0,0,0,13.32820494,52.56429089
9,9200510,2018,5,14,3,3,6,4,0,0,1,1,0,0,0,0,13.50718815,52.46528252
9,9300920,2018,5,7,3,3,5,2,0,0,1,0,1,0,0,0,13.52474383,52.42318653
8,8200832,2018,5,8,7,2,5,3,0,0,1,0,0,0,0,0,13.41686175,52.41825878
1,1401048,2018,5,13,3,3,2,6,0,0,1,0,0,0,0,0,13.3586904,52.55372894
1,1200517,2018,5,7,3,3,6,4,0,0,1,1,0,0,0,0,13.3161296,52.52911242
1,1300834,2018,5,13,3,2,3,6,0,0,1,0,0,0,1,0,13.38798516,52.54868729
1,1100308,2018,5,6,3,3,5,3,0,1,1,0,0,0,0,0,13.37855636,52.52824865
2,2400521,2018,5,10,3,3,5,2,0,1,1,0,0,0,0,0,13.42784537,52.51816396
8,8401139,2018,5,9,7,3,5,3,0,1,1,0,0,0,0,0,13.45905843,52.44034296
7,7400826,2018,5,11,3,2,2,6,0,0,1,0,0,0,0,0,13.37608845,52.454879
7,7601442,2018,5,4,3,2,5,2,1,1,0,0,0,0,1,0,13.40664372,52.3985013
1,1100313,2018,5,10,7,3,2,2,0,0,0,0,1,0,1,0,13.42124044,52.50975029
2,2200212,2018,5,9,3,3,0,2,0,1,0,0,0,1,0,0,13.40565689,52.489102
9,9200819,2018,5,10,7,3,2,6,0,0,1,0,1,0,0,0,13.56966977,52.44190276
1,1100101,2018,4,23,2,3,8,1,2,0,1,0,0,0,0,0,13.34837791,52.50690357
2,2400623,2018,5,9,3,3,5,3,0,0,1,0,0,0,0,0,13.42899665,52.51551902
10,10100208,2018,5,11,7,2,5,3,0,1,1,0,0,0,0,0,13.56631398,52.55386414
2,2400625,2018,4,20,2,2,5,2,1,1,1,0,0,0,0,0,13.44670455,52.50260754
1,1200626,2018,5,9,3,3,5,3,0,1,1,0,0,0,0,0,13.35033176,52.5244763
4,4501043,2018,4,10,2,3,1,5,0,1,1,0,0,0,0,0,13.31743459,52.49345155
1,1100207,2018,5,9,3,3,5,3,0,0,1,0,0,0,0,0,13.39185399,52.50956841
7,7100102,2018,5,11,7,3,2,6,0,0,1,0,0,0,0,0,13.34809981,52.50233234
7,7601236,2018,5,8,3,3,6,2,0,0,1,1,0,0,0,0,13.3665236,52.41757357
11,11200411,2018,5,8,3,3,1,5,0,0,1,0,0,0,1,0,13.49979467,52.54568005
5,5100208,2018,5,12,7,3,1,5,0,1,1,0,0,0,0,0,13.1630324,52.54900085
11,11300721,2018,4,10,2,3,5,3,0,1,1,0,0,0,0,0,13.49650304,52.53399598
3,3601244,2018,5,8,3,3,5,3,0,1,0,0,0,0,1,0,13.42784799,52.55034078
7,7100102,2018,4,10,2,3,1,5,0,1,1,0,0,0,0,0,13.34643323,52.49721907
2,2300316,2018,5,8,3,3,2,6,0,1,0,0,0,0,0,0,13.43962858,52.50059837
6,6100206,2018,5,12,7,3,3,6,0,0,1,0,1,0,0,0,13.33799844,52.45112176
9,9401534,2018,5,8,3,2,6,4,0,0,0,1,0,0,1,0,13.57942207,52.44357332
6,6300526,2018,5,12,7,3,5,3,0,0,1,0,0,0,0,0,13.24267704,52.43367104
10,10200524,2018,4,8,2,3,6,4,0,0,1,1,0,0,0,0,13.61989308,52.53915531
5,5200632,2018,5,8,3,3,2,6,0,0,1,0,0,0,0,0,13.20770061,52.52861525
1,1100416,2018,5,4,7,2,0,1,2,1,0,0,0,0,0,0,13.4054261,52.53433194
9,9200511,2018,5,11,3,3,6,4,0,0,1,1,0,0,0,0,13.51694987,52.46178598
12,12400721,2018,5,16,6,3,6,2,0,0,1,1,0,0,0,0,13.29168189,52.63329309
2,2100103,2018,4,22,2,3,3,6,2,0,1,0,1,0,1,0,13.39811866,52.4982566
5,5200629,2018,4,0,2,3,6,2,2,0,1,1,0,0,0,0,13.19820368,52.53303259
4,4200308,2018,5,9,3,3,5,7,0,0,1,0,0,0,1,0,13.27804548,52.51838283
6,6400735,2018,5,20,6,3,1,5,0,1,1,0,0,0,0,0,13.1466385,52.41399771
8,8100209,2018,4,14,2,3,5,2,0,0,1,0,0,0,0,0,13.44238605,52.46577682
8,8100416,2018,5,11,3,3,1,7,0,0,1,0,0,0,1,0,13.44192899,52.4737763
11,11200514,2018,5,21,6,3,0,3,1,1,0,0,0,0,0,0,13.47676911,52.53696076
5,5100101,2018,5,19,6,3,5,3,1,1,0,0,0,0,0,0,13.19657548,52.56291295
12,12200412,2018,4,19,2,2,5,2,0,1,0,0,0,1,0,0,13.29796201,52.57819892
7,7501135,2018,5,12,3,3,1,5,0,1,1,0,0,0,0,0,13.39157278,52.42275308
7,7601545,2018,5,7,6,3,5,2,0,1,1,0,0,0,0,0,13.41108658,52.39416805
5,5300839,2018,4,19,2,3,1,5,0,0,0,0,1,0,1,0,13.27168357,52.54124101
1,1200628,2018,5,15,6,3,5,7,0,1,1,0,0,0,0,0,13.36834631,52.52581202
4,4400832,2018,4,20,2,2,6,4,0,0,1,1,0,0,0,0,13.29806148,52.47348833
4,4500939,2018,5,12,3,3,5,2,0,0,1,0,1,0,0,0,13.30444153,52.48825948
11,11100203,2018,5,17,6,3,5,3,0,1,1,0,0,0,0,0,13.52729712,52.56838723
6,6400844,2018,4,18,2,3,5,2,0,1,1,0,0,0,0,0,13.27205056,52.4535628
12,12200515,2018,5,12,3,3,5,3,0,0,1,0,0,0,0,0,13.28207655,52.58330151
10,10100206,2018,5,17,6,3,5,3,0,0,1,0,0,0,0,0,13.56395097,52.55647052
9,9401635,2018,4,17,2,2,5,2,0,1,1,0,0,0,0,0,13.66004595,52.41325411
12,12100205,2018,4,17,2,2,5,2,0,1,1,0,0,0,0,0,13.35641539,52.56895806
3,3400827,2018,5,12,3,3,5,3,0,1,1,0,0,0,0,0,13.41827481,52.55422784
5,5200528,2018,5,16,6,3,2,2,0,0,1,0,0,0,0,0,13.18294897,52.51269566
4,4501041,2018,4,17,2,3,3,6,0,0,1,0,0,0,1,0,13.3174651,52.50121893
3,3400724,2018,4,17,2,2,0,2,0,1,1,0,0,0,0,0,13.42859671,52.58307966
9,9300920,2018,5,13,3,3,5,3,0,1,1,0,0,0,0,0,13.52225267,52.40242553
4,4300517,2018,5,16,6,2,6,4,0,0,1,1,0,0,0,0,13.29882435,52.52383696
3,3601244,2018,5,16,6,3,6,4,0,0,1,1,0,0,0,0,13.42455873,52.5469564
1,1100308,2018,4,17,2,3,3,6,0,1,0,0,0,0,0,0,13.38759182,52.52431624
10,10200420,2018,5,13,3,3,5,3,0,1,1,0,0,0,0,0,13.59674729,52.53645598
4,4300619,2018,5,14,6,3,5,2,0,0,1,0,1,0,0,0,13.30234221,52.51884545
6,6200421,2018,4,16,2,3,2,2,0,1,1,0,0,0,0,0,13.31339662,52.42315605
6,6300633,2018,5,14,3,3,2,6,0,0,1,0,0,0,0,0,13.31531047,52.4458289
1,1100310,2018,5,14,6,3,5,3,0,0,1,0,0,0,1,0,13.41537892,52.52271245
6,6400841,2018,4,16,2,2,2,7,0,0,1,0,0,0,0,0,13.26515529,52.44197791
1,1401044,2018,4,16,2,3,2,6,0,0,1,0,0,0,0,0,13.37409956,52.55394747
9,9300921,2018,5,14,3,2,2,7,0,0,1,0,0,0,1,0,13.55308266,52.4035043
9,9401431,2018,5,14,6,3,5,3,0,0,1,0,1,0,0,0,13.59180595,52.44702664
8,8401244,2018,5,14,3,3,5,7,0,0,1,0,0,0,0,0,13.49223601,52.41379441
11,11300722,2018,5,14,6,3,5,3,0,1,1,0,0,0,0,0,13.47695988,52.52298416
1,1100103,2018,4,16,2,3,5,3,0,1,1,0,0,0,0,0,13.35285186,52.50398164
9,9200818,2018,4,15,2,3,2,6,0,0,1,0,0,0,0,0,13.55913501,52.44840554
4,4300412,2018,5,15,3,3,5,3,0,0,1,0,0,0,1,0,13.28857589,52.51892177
4,4501042,2018,5,14,6,3,3,6,0,1,1,0,0,0,0,0,13.33038604,52.50037766
12,12601235,2018,4,15,2,3,2,6,0,0,1,0,0,0,0,0,13.35863387,52.59681663
10,10100205,2018,4,15,2,3,5,7,0,0,1,0,0,0,0,0,13.5288586,52.55652997
12,12200309,2018,5,15,3,3,6,4,0,0,1,1,0,0,0,0,13.32802402,52.56391688
7,7501031,2018,5,14,6,3,0,7,0,0,0,0,0,0,1,0,13.38950323,52.44779005
1,1100206,2018,5,11,6,3,5,2,0,1,1,0,0,0,0,0,13.39111126,52.51575797
2,2300314,2018,5,15,3,3,2,5,0,1,1,0,0,0,1,0,13.41832854,52.49994409
1,1100206,2018,5,17,6,3,3,6,0,1,1,0,0,0,0,0,13.38594911,52.51454989
1,1200517,2018,4,15,2,3,2,6,0,0,1,0,0,0,0,0,13.31987542,52.52582938
6,6200422,2018,5,16,3,2,0,6,0,0,1,0,0,0,1,0,13.32714763,52.42814864
11,11300721,2018,5,15,6,2,5,2,0,1,1,0,0,0,0,0,13.49611774,52.52645208
1,1300836,2018,4,14,2,3,5,7,0,1,1,0,0,0,0,0,13.37285141,52.53833142
11,11200411,2018,5,16,3,3,5,2,0,1,1,0,0,0,0,0,13.50921576,52.5465169
6,6300528,2018,4,14,2,3,6,4,0,0,1,1,0,0,0,0,13.26727256,52.4096632
1,1100102,2018,5,17,3,3,0,2,0,1,1,0,0,0,0,0,13.3708325,52.51782183
8,8401246,2018,5,16,3,2,5,3,0,1,1,0,0,0,0,0,13.50495231,52.41232886
1,1200628,2018,5,19,6,2,6,2,0,0,1,1,0,0,0,0,13.36817598,52.52403382
7,7200409,2018,4,14,2,3,1,5,0,1,1,0,0,0,0,0,13.35080684,52.48638274
1,1100102,2018,5,17,3,3,0,1,0,0,0,0,0,0,1,0,13.37035194,52.51693647
8,8100312,2018,5,13,6,3,3,6,0,0,1,0,1,0,0,0,13.43544173,52.49111695
1,1401044,2018,5,22,3,3,5,5,2,0,1,0,0,0,0,0,13.3682461,52.55008081
9,9501941,2018,4,14,2,2,5,2,0,0,1,0,1,0,0,0,13.58640869,52.45149208
10,10100101,2018,5,16,2,3,5,3,0,0,1,0,0,0,0,0,13.55236491,52.56660116
6,6400735,2018,5,13,6,3,5,2,0,1,1,0,0,0,0,0,13.18674716,52.42620401
6,6200422,2018,5,13,6,3,5,3,0,0,1,0,1,0,0,0,13.33480211,52.42096118
5,5300736,2018,5,7,2,3,5,2,0,1,1,0,0,0,0,0,13.21557864,52.53809948
12,12400722,2018,5,12,6,3,5,3,0,1,1,0,0,0,0,0,13.31092068,52.61301976
9,9100408,2018,4,13,2,2,5,3,0,0,1,0,0,0,0,0,13.51303204,52.44773761
9,9501737,2018,5,10,2,3,0,2,0,1,1,0,0,0,0,0,13.62481936,52.45172553
2,2300419,2018,5,12,6,3,5,3,0,1,0,0,0,0,0,0,13.43614725,52.4979671
8,8401242,2018,4,14,2,3,0,1,0,1,0,0,0,0,0,0,13.47211516,52.41797171
1,1100206,2018,5,20,2,3,5,3,1,0,1,0,0,0,0,0,13.39012109,52.5130527
4,4500939,2018,4,13,2,3,0,4,0,0,1,1,0,0,0,0,13.30113113,52.49158321
2,2100105,2018,5,17,2,2,5,7,0,1,1,0,0,0,0,0,13.41625126,52.49968731
2,2200212,2018,5,11,6,3,5,2,0,1,1,0,0,0,0,0,13.40581736,52.48951487
9,9200715,2018,5,16,2,3,2,7,0,0,1,0,1,0,0,0,13.5442118,52.42802518
9,9501737,2018,5,11,6,3,5,2,0,0,1,0,0,0,1,0,13.64297593,52.45594914
11,11300620,2018,4,13,2,3,6,2,0,0,0,1,0,0,1,0,13.47615623,52.53283929
1,1300835,2018,5,8,2,3,5,2,0,1,1,0,0,0,0,0,13.38745447,52.53350064
1,1400939,2018,5,11,6,3,5,7,0,0,1,0,0,0,0,0,13.35213354,52.55383266
12,12200310,2018,5,0,2,3,5,3,2,0,1,0,0,1,0,0,13.31428753,52.57668524
3,3300514,2018,5,11,6,3,5,3,0,0,1,0,0,0,0,0,13.46726648,52.5969833
10,10100209,2018,4,13,2,3,6,4,0,0,1,1,0,0,0,0,13.56367347,52.54858686
8,8100206,2018,4,12,2,3,1,5,0,1,1,0,0,0,1,0,13.42429771,52.48583426
3,3300514,2018,5,17,2,3,4,6,0,1,0,0,0,0,0,0,13.44617806,52.59074613
1,1401044,2018,5,14,6,3,5,3,0,1,1,0,0,0,0,0,13.37372242,52.55069323
1,1400942,2018,4,12,2,3,5,3,0,1,1,0,0,0,0,0,13.35000758,52.54510108
12,12601134,2018,5,20,6,3,1,5,0,0,0,0,1,0,1,0,13.34291574,52.6008381
10,10300731,2018,4,12,2,3,3,6,0,1,1,0,0,0,0,0,13.56047671,52.5251168
1,1100207,2018,5,17,2,3,5,3,0,1,1,0,0,0,0,0,13.40042566,52.51004102
1,1100310,2018,5,20,6,3,5,7,0,0,1,0,1,0,0,0,13.40604603,52.51916428
4,4501042,2018,4,12,2,3,0,7,0,1,0,0,0,0,1,0,13.32753084,52.50306933
1,1200522,2018,4,12,2,3,0,2,0,1,0,0,0,0,1,0,13.34292337,52.52526665
4,4500937,2018,5,17,2,3,5,3,0,1,1,0,0,0,0,0,13.29022033,52.49719827
12,12200515,2018,5,10,6,3,5,2,0,1,1,0,0,0,0,0,13.28210927,52.5940086
9,9501838,2018,5,17,2,3,5,7,0,0,1,0,1,0,0,0,13.72046943,52.43848386
12,12200412,2018,5,20,6,2,6,4,1,0,1,1,0,0,0,0,13.29475108,52.57597297
3,3601141,2018,4,12,2,3,5,2,0,1,1,0,0,0,0,0,13.4110467,52.55411479
3,3601244,2018,5,16,2,3,3,6,0,1,0,0,0,1,0,0,13.42933585,52.55168132
2,2100102,2018,5,20,6,3,6,4,0,1,0,1,0,0,0,0,13.39216928,52.50681566
7,7300619,2018,4,10,2,3,2,6,0,0,1,0,1,0,0,0,13.36021375,52.47530845
1,1100207,2018,5,16,2,3,5,2,0,1,1,0,0,0,0,0,13.39036478,52.50765574
9,9401329,2018,5,10,6,3,1,5,0,1,1,0,0,0,0,0,13.58713836,52.42571548
2,2100102,2018,4,19,1,3,2,6,0,0,1,0,0,0,0,0,13.39568509,52.4985129
2,2100101,2018,4,18,1,2,0,1,0,0,1,0,1,0,0,0,13.38888243,52.49939849
3,3500935,2018,5,9,6,3,4,6,0,1,1,0,0,0,0,0,13.44994672,52.55100676
11,11400929,2018,4,18,1,2,6,7,0,0,1,1,0,0,0,0,13.49594411,52.50609067
9,9200715,2018,4,18,1,3,2,6,0,0,1,0,0,0,0,0,13.54537701,52.42553933