BEZ,LOR_ab_2021,UJAHR,UMONAT,USTUNDE,UWOCHENTAG,UKATEGORIE,UART,UTYP1,ULICHTVERH,IstRad,IstPKW,IstFuss,IstKrad,IstGkfz,IstSonstige,USTRZUSTAND,XGCSWGS84,YGCSWGS84
5,5100208,2018,5,7,5,3,5,3,0,1,1,0,0,0,0,0,13.156207,52.54685602
5,5200420,2018,5,10,2,2,5,3,0,0,1,0,1,0,0,0,13.15745505,52.53985079
11,11300722,2018,5,7,5,3,5,2,0,1,1,0,0,0,0,0,13.47782661,52.51413451
5,5400943,2018,5,10,2,2,5,2,0,0,1,0,1,0,0,0,13.13106956,52.46338333
4,4400834,2018,5,7,5,3,5,3,0,1,1,0,0,0,0,0,13.31102567,52.47226671
10,10100311,2018,5,7,2,2,5,2,0,0,0,0,0,0,1,0,13.52194074,52.52589557
4,4501153,2018,5,11,2,3,1,5,0,0,1,0,1,0,0,0,13.33286089,52.48600947
8,8200624,2018,5,6,5,3,2,6,0,0,1,0,1,0,0,0,13.41842322,52.45196434
3,3300411,2018,5,11,2,3,4,6,0,0,1,0,0,0,0,0,13.4914613,52.62234429
10,10100311,2018,5,6,2,2,3,6,0,0,1,0,0,1,0,0,13.51944302,52.52233311
2,2500834,2018,5,6,5,3,5,5,0,0,1,0,0,0,0,0,13.4518364,52.50840628
12,12100101,2018,5,19,2,3,5,3,0,0,1,0,0,0,0,0,13.36819177,52.56386096
1,1100207,2018,5,4,5,3,1,1,2,1,0,0,0,1,0,0,13.38964191,52.5119482
2,2100106,2018,5,19,2,3,5,2,1,1,1,0,0,0,0,0,13.40671755,52.49847209
7,7501135,2018,5,12,5,3,5,3,0,0,1,0,1,0,0,0,13.39564458,52.4244348
11,11400927,2018,5,20,5,3,0,3,0,0,1,0,1,0,0,0,13.47515014,52.50532083
4,4300415,2018,5,19,2,3,9,1,0,0,1,0,1,0,0,0,13.28943921,52.50939854
10,10100311,2018,5,13,5,3,2,6,0,0,1,0,0,0,0,0,13.51948025,52.52853139
2,2300315,2018,5,18,2,2,5,2,0,0,1,0,0,0,1,0,13.4265909,52.49927843
5,5100316,2018,5,13,5,3,5,2,0,0,1,0,0,0,1,0,13.20038651,52.53651257
2,2400625,2018,5,11,5,3,5,2,0,0,1,0,0,1,0,0,13.44086406,52.50479739
8,8200622,2018,5,18,2,3,5,2,0,0,1,0,1,0,0,0,13.4353205,52.46017541
11,11300618,2018,5,11,5,3,2,2,0,0,1,0,0,0,0,0,13.45900144,52.52618
5,5200528,2018,5,7,5,3,5,2,0,1,1,0,0,0,0,0,13.17067109,52.51015378
4,4501045,2018,5,18,2,3,5,2,1,1,1,0,0,0,0,0,13.32393121,52.4955697
11,11100308,2018,5,5,5,2,5,3,1,1,1,0,0,0,0,0,13.49820319,52.56382442
7,7300619,2018,5,18,2,3,5,3,0,0,1,0,1,0,0,0,13.35226602,52.47410093
5,5300839,2018,5,7,5,2,6,4,0,0,1,1,0,0,0,0,13.26437339,52.54856972
1,1300836,2018,5,18,2,3,3,6,0,0,1,0,1,0,1,0,13.37733525,52.5496141
3,3601346,2018,5,19,5,3,5,2,0,1,1,0,0,0,0,0,13.41546216,52.54395202
1,1100102,2018,5,18,5,3,5,2,0,1,1,0,0,0,0,0,13.3591469,52.50987573
6,6300528,2018,5,17,2,3,5,3,0,1,1,0,0,0,0,0,13.27113564,52.4229733
10,10300733,2018,5,18,5,3,2,6,0,0,1,0,0,0,0,0,13.56162045,52.50685654
9,9100306,2018,5,18,2,3,5,3,0,1,1,0,0,0,0,0,13.48833247,52.45128569
8,8200832,2018,5,17,5,3,2,6,0,0,1,0,0,0,0,0,13.43078445,52.4216325
4,4300619,2018,5,16,2,3,6,4,0,0,1,1,0,0,0,0,13.30894489,52.51658395
7,7300516,2018,5,17,5,3,0,3,0,1,0,0,0,0,1,0,13.32841088,52.46483285
4,4501043,2018,5,17,5,3,5,3,0,1,1,0,0,0,0,0,13.31030129,52.49350422
1,1100103,2018,5,17,2,2,5,2,0,1,1,0,0,0,0,0,13.35289088,52.50241853
1,1300733,2018,5,17,2,3,2,6,0,0,1,0,0,0,0,0,13.38410591,52.55583632
3,3200207,2018,5,16,5,3,5,3,0,1,1,0,0,0,0,0,13.41948277,52.59146732
2,2500836,2018,5,17,2,3,2,6,0,0,1,0,0,0,0,0,13.46628855,52.49699011
12,12601235,2018,5,18,2,2,6,4,0,0,0,1,0,0,1,0,13.36155346,52.59696934
1,1200518,2018,5,16,5,3,5,7,0,0,1,0,1,0,0,0,13.32858727,52.53113455
4,4501151,2018,5,16,2,3,5,3,0,0,1,0,0,0,0,0,13.32430427,52.47874239
1,1100206,2018,5,16,5,3,6,4,0,1,1,1,0,0,0,0,13.3882959,52.52013404
11,11300724,2018,5,16,2,3,1,5,0,0,1,0,0,0,0,0,13.48799398,52.51554682
7,7300618,2018,5,16,5,3,1,5,0,1,1,0,0,0,0,0,13.34048626,52.47446631
11,11300725,2018,5,16,2,3,6,4,0,1,0,1,0,0,0,0,13.50193188,52.51813887
12,12400722,2018,5,15,2,3,6,4,0,0,0,1,1,0,0,0,13.30193916,52.61713085
12,12100205,2018,5,16,5,3,2,6,0,0,1,0,0,0,0,0,13.35450689,52.56841796
12,12500927,2018,5,15,2,3,5,3,0,1,1,0,0,0,0,0,13.32195657,52.5948224
1,1100308,2018,5,15,2,2,6,4,0,0,0,1,0,0,1,0,13.38277924,52.53050474
2,2300314,2018,5,15,5,3,3,6,0,1,1,0,0,0,0,0,13.42302644,52.50015559
3,3501038,2018,5,15,2,3,5,2,0,0,1,0,0,0,0,0,13.47024843,52.55363293
1,1100103,2018,5,15,2,3,5,3,0,0,1,0,0,0,0,0,13.35217163,52.50551491
12,12400723,2018,5,16,5,3,1,5,0,0,1,0,0,0,0,0,13.32699221,52.61802382
6,6100207,2018,5,15,2,3,5,2,0,0,1,0,0,0,0,0,13.32535161,52.45553131
6,6200312,2018,5,15,5,3,0,6,0,0,0,0,0,0,1,0,13.34165698,52.44200457
2,2200210,2018,5,15,2,3,5,3,0,0,1,0,0,0,0,0,13.40447694,52.49514166
1,1100416,2018,5,21,5,3,0,1,1,1,0,0,0,0,0,0,13.40428935,52.53311498
5,5100316,2018,5,14,2,3,2,6,0,0,1,0,0,0,0,0,13.20072608,52.53838828
1,1300732,2018,5,15,2,3,5,2,0,1,1,0,0,0,0,0,13.38609168,52.55873851
11,11300722,2018,5,16,4,3,5,7,0,1,0,0,0,0,0,0,13.48515136,52.51597315
7,7400721,2018,5,15,2,2,3,6,0,1,0,0,1,0,0,0,13.37738368,52.48077784
7,7200308,2018,5,10,4,3,5,7,0,1,1,0,0,0,0,0,13.34215161,52.48248378
1,1200517,2018,5,23,4,3,6,2,2,0,0,1,0,0,1,0,13.32841738,52.5330636
11,11300722,2018,5,14,2,3,2,6,0,0,1,0,0,0,0,0,13.47960467,52.52282473
5,5100210,2018,5,14,2,3,2,6,0,0,1,0,1,0,0,0,13.18413084,52.54465923
2,2400624,2018,5,23,4,3,5,3,2,1,0,0,0,0,0,0,13.45042784,52.50935017
1,1100309,2018,5,21,4,3,2,6,2,1,1,0,0,0,0,0,13.40367421,52.5230727
3,3501038,2018,5,13,2,3,0,3,0,0,1,0,0,0,1,0,13.47708357,52.56323474
2,2500833,2018,5,20,4,3,2,7,0,1,1,0,0,0,0,0,13.45626017,52.51004294
6,6400844,2018,5,13,2,3,1,5,0,1,1,0,0,0,0,0,13.29912689,52.46258515
12,12400618,2018,5,22,4,2,5,2,2,1,1,0,0,0,0,0,13.24499431,52.61434594
6,6200317,2018,5,13,2,3,5,3,0,0,1,0,0,0,0,0,13.34834096,52.41958617
6,6200421,2018,5,13,4,2,6,4,0,0,1,1,0,0,0,0,13.31054157,52.42115186
5,5100105,2018,5,15,4,3,6,2,0,0,1,1,0,0,0,0,13.19701964,52.56196779
1,1300733,2018,5,13,2,3,2,6,0,1,1,0,0,0,0,0,13.38356241,52.55506708
4,4300416,2018,5,17,4,3,0,6,0,0,1,0,1,0,0,0,13.29750115,52.50676753
11,11400929,2018,5,18,4,3,5,2,0,1,0,0,0,0,1,0,13.49590694,52.5060278
12,12200309,2018,5,16,2,3,0,1,0,0,0,0,1,0,0,0,13.31673714,52.56676873
4,4300416,2018,5,18,4,3,0,6,0,1,0,0,0,0,0,0,13.29712284,52.51045616
1,1200623,2018,5,18,4,3,5,2,0,1,1,0,0,0,0,0,13.35735925,52.53593289
8,8401244,2018,5,20,2,2,5,3,1,0,1,0,1,0,0,0,13.49782463,52.41512904
4,4501042,2018,5,19,4,3,5,3,0,1,1,0,0,0,0,0,13.33392358,52.50428636
9,9100306,2018,5,13,2,3,0,1,0,1,0,0,0,0,0,0,13.47126715,52.45313263
11,11400931,2018,5,15,4,3,5,2,0,1,1,0,0,0,0,0,13.51965681,52.50583354
1,1100206,2018,5,12,2,3,1,5,0,0,1,0,0,0,1,0,13.38593146,52.51611808
9,9501736,2018,5,19,4,3,2,6,0,0,1,0,0,0,0,0,13.60770638,52.45306662
3,3500936,2018,5,20,4,3,5,3,0,1,1,0,0,0,0,0,13.46664782,52.55013921
1,1200628,2018,5,23,1,3,0,7,2,0,0,0,1,0,0,0,13.36258955,52.5228959
9,9200715,2018,5,15,4,3,5,3,0,1,1,0,0,0,0,0,13.52676401,52.43766127
6,6400843,2018,5,13,4,3,6,4,0,1,0,1,0,0,0,0,13.2990138,52.45409921
2,2400623,2018,5,16,1,3,5,3,0,1,1,0,0,0,0,0,13.42401589,52.51334915
8,8100313,2018,5,18,1,3,5,7,0,0,1,0,1,0,0,0,13.44413246,52.48542258
12,12500825,2018,5,13,4,3,5,2,0,0,1,0,0,0,1,0,13.31703106,52.58823353
2,2100102,2018,5,15,1,3,5,3,0,0,1,0,0,0,1,0,13.39429084,52.50695494
11,11400929,2018,5,12,4,3,5,3,0,1,0,0,0,0,1,0,13.48840625,52.5022096
8,8100105,2018,5,15,1,3,1,5,0,0,1,0,1,0,0,0,13.42830975,52.46406561
6,6200315,2018,5,12,4,3,0,3,0,0,1,0,1,0,0,0,13.34673767,52.428892
1,1200629,2018,5,15,1,3,5,2,0,0,1,0,0,0,0,0,13.34203128,52.51789548
1,1100102,2018,5,10,4,3,0,7,0,0,1,0,1,0,0,0,13.35297422,52.50961443
11,11400927,2018,5,9,4,3,5,3,0,1,0,0,0,1,0,0,13.47533897,52.50284443
1,1401047,2018,5,18,1,2,5,2,0,0,1,0,1,0,0,0,13.35926781,52.54638354
4,4300518,2018,5,8,4,3,5,2,0,1,1,0,0,0,0,0,13.30640124,52.52883713
9,9200715,2018,5,19,1,3,2,6,0,0,1,0,0,0,0,0,13.52721262,52.43791675
5,5200633,2018,5,8,4,3,5,2,0,0,1,0,0,0,0,0,13.18621067,52.51764031
5,5100103,2018,5,14,1,2,1,7,0,0,1,0,0,0,0,0,13.20871931,52.563632
8,8100417,2018,5,20,1,3,5,3,1,0,1,0,0,0,0,0,13.45223898,52.4710165
1,1401045,2018,5,14,4,2,0,1,0,0,1,0,1,0,0,0,13.37896622,52.55292688
4,4200311,2018,5,12,1,3,2,6,0,0,1,0,0,0,0,0,13.27990204,52.50553764
1,1100309,2018,5,12,1,3,1,5,0,1,1,0,0,0,1,0,13.40473724,52.52970977
9,9501939,2018,5,17,4,2,5,3,0,1,1,0,0,0,0,0,13.57628567,52.45463317
8,8100415,2018,5,18,4,2,6,4,0,1,0,1,0,0,0,0,13.43546561,52.48075011
6,6100205,2018,5,13,1,3,0,3,0,0,1,0,1,0,0,0,13.35482045,52.44882102
5,5200632,2018,5,15,4,3,1,1,0,0,1,0,0,0,0,0,13.21851361,52.52527723
7,7501031,2018,5,12,1,3,3,2,0,0,1,0,1,0,0,0,13.39937536,52.45297008
5,5200629,2018,5,12,1,3,5,3,0,0,1,0,0,0,0,0,13.18496232,52.53419769
2,2100102,2018,5,17,4,3,1,5,0,1,0,0,0,0,1,0,13.39262704,52.50562296
7,7200307,2018,5,9,1,3,6,2,0,0,1,1,0,0,0,0,13.34522966,52.48902182
8,8100105,2018,5,14,1,2,6,4,0,0,1,1,0,0,0,0,13.42633025,52.4657702
11,11501340,2018,5,13,4,2,0,1,0,1,0,0,0,0,0,0,13.52537123,52.48163806
12,12100204,2018,5,11,1,2,5,7,0,0,1,0,1,0,0,0,13.36278829,52.56660815
7,7400927,2018,5,23,1,2,5,3,2,0,1,0,0,0,0,0,13.39269314,52.46553352
9,9100306,2018,5,16,1,2,0,7,0,1,0,0,0,0,0,0,13.48116212,52.45269866
1,1100309,2018,5,15,4,3,0,1,0,1,0,0,0,0,0,0,13.39656818,52.52404328
3,3400618,2018,5,11,1,2,3,6,0,1,1,0,0,0,0,0,13.37360337,52.59793431
5,5100101,2018,5,1,1,3,0,1,2,1,0,0,0,0,0,0,13.20740744,52.58423585
6,6400844,2018,5,14,7,3,1,5,0,0,1,0,0,0,0,0,13.27426398,52.45887841
1,1300836,2018,5,19,4,3,3,6,0,0,1,0,0,0,1,0,13.37029126,52.5446719
8,8100520,2018,5,1,1,2,5,3,2,0,1,0,0,0,0,0,13.46456891,52.47013313
2,2100106,2018,5,17,7,2,1,6,0,1,0,0,0,1,1,0,13.40390436,52.49845116
7,7100101,2018,5,8,4,3,5,2,0,1,1,0,0,0,0,0,13.34570041,52.49424169
7,7200308,2018,5,17,7,3,5,3,0,1,1,0,0,0,0,0,13.34150886,52.48378965
9,9300923,2018,5,11,7,3,5,3,0,1,0,0,0,0,1,0,13.53463432,52.40932286
1,1100311,2018,5,7,4,2,6,4,0,0,1,1,0,0,0,0,13.41843042,52.51819028
4,4300517,2018,5,23,7,3,0,5,2,0,1,0,0,0,1,0,13.29996435,52.52290907
3,3300413,2018,5,7,4,2,5,3,0,0,1,0,1,0,0,0,13.47075664,52.60154807
8,8100209,2018,5,19,7,3,5,7,0,0,1,0,0,0,0,0,13.43492617,52.46678665
11,11200410,2018,5,5,4,3,5,2,0,1,1,0,0,0,0,0,13.50061143,52.56152043
10,10300732,2018,5,5,4,3,1,5,0,0,1,0,0,0,1,0,13.56773041,52.51311231
1,1100102,2018,5,18,7,3,6,4,0,0,1,1,0,0,0,0,13.37583982,52.50683147
2,2500833,2018,5,19,7,3,5,7,1,1,1,0,0,0,0,0,13.4541969,52.51219019
1,1100311,2018,5,0,4,3,2,6,2,0,1,0,0,0,0,0,13.41584988,52.52021187
7,7400826,2018,5,8,3,3,3,6,0,0,1,0,0,0,1,0,13.36633471,52.44942425
7,7601547,2018,5,19,7,3,5,3,0,1,1,0,0,0,0,0,13.40975836,52.38723344
1,1300733,2018,5,22,3,3,2,6,2,0,1,0,0,0,0,1,13.38963874,52.55397088
3,3500935,2018,5,15,7,3,5,7,0,0,1,0,1,0,0,0,13.4476178,52.55325281
3,3701555,2018,5,16,7,3,1,5,0,1,1,0,0,0,0,0,13.41469643,52.53838368
6,6100103,2018,5,9,3,2,3,6,0,1,0,0,0,0,1,0,13.3185742,52.46360495
1,1200623,2018,5,15,7,3,5,3,0,1,1,0,0,0,0,0,13.35750833,52.53600714
7,7400823,2018,5,14,7,3,5,3,0,0,1,0,0,0,0,0,13.37062311,52.46887627
11,11401136,2018,5,15,3,3,5,3,0,0,1,0,0,0,0,0,13.50190074,52.49832523
2,2300419,2018,5,13,7,3,3,6,0,0,1,0,1,0,0,0,13.44243736,52.50081324
11,11300722,2018,5,13,7,3,2,6,0,0,1,0,1,0,0,0,13.47796711,52.51471778
2,2200209,2018,5,15,3,3,0,2,0,0,1,0,1,0,0,0,13.38280756,52.49150836
6,6400844,2018,5,18,7,3,5,2,0,0,1,0,0,0,0,0,13.29299561,52.46757065
2,2300316,2018,5,13,7,3,2,6,0,0,1,0,1,0,0,0,13.43755726,52.50029483
2,2100101,2018,5,18,3,3,5,7,0,1,1,0,0,0,0,1,13.38869191,52.50074443
1,1100310,2018,5,11,7,3,3,6,0,1,0,0,0,0,0,0,13.41559325,52.52723848
4,4300416,2018,5,11,3,3,5,3,0,1,1,0,0,0,0,0,13.30004711,52.50966281
4,4501042,2018,5,12,7,3,5,3,0,1,0,0,0,0,1,0,13.33441557,52.50853981
4,4400727,2018,5,10,3,3,5,2,0,1,1,0,0,0,0,0,13.28522602,52.47947682
10,10400938,2018,5,20,7,3,5,3,1,0,1,0,0,0,0,0,13.64099615,52.52799747
8,8401246,2018,5,10,7,3,2,7,0,1,1,0,0,0,0,0,13.50412611,52.4119287
2,2200210,2018,5,10,3,3,5,3,0,1,1,0,0,0,0,0,13.40674944,52.4949749
7,7400720,2018,5,20,7,3,1,5,1,1,1,0,0,0,0,0,13.38201109,52.48219683
2,2100106,2018,5,6,7,3,5,7,0,0,1,0,0,0,0,0,13.41603736,52.49562195
12,12400723,2018,5,10,3,3,0,3,0,1,1,0,0,0,0,0,13.3110435,52.62224909
7,7300517,2018,5,20,7,3,0,1,0,0,0,0,1,0,0,0,13.32972453,52.47070666
1,1100311,2018,5,15,7,3,5,2,0,1,1,0,0,0,0,0,13.4180095,52.51807955
1,1100309,2018,5,18,7,3,3,6,0,0,1,0,0,0,0,0,13.40326686,52.52988743
3,3601451,2018,5,7,3,3,6,7,0,1,0,1,0,0,0,0,13.444473,52.53411992
7,7400720,2018,5,15,7,2,5,2,0,0,1,0,0,0,0,0,13.37784163,52.47243975
8,8200624,2018,5,15,7,3,5,3,0,0,1,0,0,0,0,0,13.43310207,52.45243317
7,7100204,2018,5,14,7,3,1,5,0,0,1,0,0,0,1,0,13.35343562,52.49258903
1,1100416,2018,5,20,3,3,2,6,2,0,1,0,0,0,0,1,13.39611358,52.53813003
9,9200819,2018,5,14,7,2,6,4,0,0,0,1,0,0,1,0,13.57146402,52.43507669
4,4200308,2018,5,11,7,3,0,1,0,1,0,0,0,0,0,0,13.24917148,52.52406388
9,9200715,2018,5,15,6,3,3,2,0,0,1,0,0,1,0,0,13.51967337,52.42814202
5,5200420,2018,5,19,3,3,5,3,1,0,1,0,0,0,0,1,13.15721426,52.53442333
1,1400942,2018,5,13,7,3,1,5,0,1,1,0,0,0,0,0,13.34591837,52.54470494
3,3200205,2018,5,19,3,3,5,3,1,0,1,0,0,0,0,1,13.39804374,52.5849217
10,10100311,2018,5,8,7,2,5,2,0,1,1,0,0,0,0,0,13.52185558,52.52589994
3,3300517,2018,5,15,6,3,5,3,0,1,1,0,0,0,0,0,13.5049104,52.59659277
7,7100205,2018,5,18,3,3,2,6,0,0,1,0,0,0,0,1,13.36272316,52.49783225
12,12100103,2018,5,8,7,2,5,3,0,1,1,0,0,0,0,0,13.3683693,52.5743733
9,9100408,2018,5,15,6,3,2,6,0,0,1,0,0,0,0,0,13.50531433,52.43718226
7,7501029,2018,5,9,3,3,5,2,0,1,1,0,0,0,0,0,13.37827715,52.45189038
12,12100101,2018,5,9,7,3,5,2,0,1,1,0,0,0,0,0,13.36464005,52.56271339
1,1100310,2018,5,0,6,3,1,5,2,1,1,0,0,0,0,0,13.41041964,52.52778147
2,2100106,2018,5,17,6,3,6,2,0,0,0,1,0,0,1,0,13.41689311,52.4979268
9,9501939,2018,5,9,3,3,2,6,0,0,1,0,1,0,0,0,13.55830919,52.4546948
8,8200832,2018,5,10,7,3,1,5,0,0,1,0,0,0,0,0,13.43571061,52.42461461
7,7300517,2018,5,16,6,3,6,7,0,1,0,1,0,0,0,0,13.33439888,52.47056271
4,4300412,2018,5,15,6,3,0,2,0,1,1,0,0,0,0,0,13.29621356,52.51933057
7,7400927,2018,5,9,3,3,5,2,0,1,1,0,0,0,0,0,13.4094144,52.45461308
9,9100407,2018,5,12,7,2,5,3,0,0,1,0,1,0,0,0,13.49525835,52.43774512
9,9401635,2018,5,15,6,3,4,6,0,1,1,0,0,0,0,0,13.68942723,52.42426934
2,2300315,2018,5,8,3,3,5,2,0,1,0,0,1,0,0,0,13.43029253,52.50187611
7,7300517,2018,5,12,7,3,5,2,0,0,1,0,0,0,1,0,13.3326199,52.46908675
8,8100206,2018,5,18,6,3,5,3,0,0,1,0,0,0,0,0,13.42776656,52.4810835
12,12200515,2018,5,8,3,3,5,2,0,1,1,0,0,0,0,0,13.28954684,52.58260164
2,2500833,2018,5,4,7,2,5,3,1,1,1,0,0,0,0,0,13.46330465,52.50827162
5,5200629,2018,5,1,7,3,5,3,2,0,1,0,0,0,0,0,13.1968867,52.53140041
12,12200412,2018,5,14,6,3,2,6,0,0,1,0,0,0,0,0,13.26935384,52.57588302
3,3300412,2018,5,7,3,3,5,3,0,0,1,0,1,0,0,0,13.46697106,52.6149677
7,7400824,2018,5,0,7,3,9,1,2,0,1,0,0,0,0,0,13.38158836,52.46134759
12,12400617,2018,5,12,6,3,5,3,0,1,1,0,0,0,0,0,13.22702156,52.62592417
11,11501238,2018,5,6,3,2,5,7,0,0,1,0,0,0,1,0,13.49590637,52.48798629
10,10100312,2018,5,14,7,2,6,4,0,0,1,1,0,0,0,0,13.54191485,52.52578336
1,1100206,2018,5,11,6,3,1,5,0,1,1,0,0,0,0,0,13.3893148,52.51399763
4,4300414,2018,5,9,6,3,0,2,0,1,1,0,0,0,0,0,13.28827095,52.51306073
2,2300315,2018,5,13,3,3,5,3,0,1,1,0,0,0,0,0,13.42544065,52.49957589
9,9401534,2018,5,12,7,3,0,1,0,1,0,0,0,0,0,0,13.57746689,52.44428549
1,1100102,2018,5,9,6,3,5,3,0,1,1,0,0,0,0,0,13.36375106,52.50820325
9,9200819,2018,5,6,6,3,5,3,0,1,1,0,0,0,0,0,13.56934748,52.44279388
6,6100209,2018,5,18,3,3,5,3,0,0,1,0,0,0,0,1,13.33929739,52.46034598
6,6100207,2018,5,7,6,3,2,6,0,0,1,0,1,1,0,0,13.31951008,52.45298208
7,7501134,2018,5,19,6,3,1,5,0,0,1,0,0,0,0,0,13.40205103,52.42628141
4,4300620,2018,5,9,3,3,2,6,0,1,1,0,0,0,0,0,13.3247811,52.52155602
5,5200629,2018,5,22,6,2,4,6,2,0,1,0,0,0,0,0,13.18838996,52.53432225
9,9100409,2018,5,2,6,2,5,3,2,0,1,0,1,0,0,0,13.49786408,52.43371521
12,12601133,2018,5,17,6,2,6,4,0,0,0,1,0,0,1,0,13.35593944,52.59810261
1,1400942,2018,5,10,3,3,5,2,0,0,1,0,0,0,0,0,13.34374973,52.54633097
1,1200517,2018,5,17,6,3,0,5,0,0,1,0,0,0,0,0,13.31841843,52.53110151
6,6400838,2018,5,12,6,2,6,4,0,0,1,1,0,0,0,0,13.23996352,52.44282996
11,11400931,2018,5,7,3,2,6,4,0,0,1,1,0,0,0,0,13.51962436,52.50599538
8,8100105,2018,5,20,6,3,6,7,0,1,0,1,0,0,0,0,13.43122707,52.46766177
3,3200207,2018,5,16,6,3,5,3,0,0,1,0,0,0,0,0,13.40692279,52.58639067
5,5100316,2018,5,8,3,2,3,2,0,0,1,0,1,0,0,0,13.20418259,52.54053858
3,3601449,2018,5,17,6,3,1,1,0,0,1,0,1,0,0,0,13.4495393,52.53719904
10,10100312,2018,5,8,3,3,6,4,0,0,1,1,0,0,0,0,13.54352114,52.53429075
12,12400619,2018,5,1,3,3,9,1,2,0,1,0,0,0,0,0,13.27493554,52.59791352
12,12100205,2018,5,19,6,3,5,2,0,1,1,0,0,0,0,0,13.34747594,52.57265399
9,9502043,2018,5,12,6,3,2,6,0,0,1,0,0,0,0,0,13.57421721,52.466658
6,6300634,2018,5,18,3,3,0,3,1,0,1,0,0,0,0,1,13.29862529,52.44120947
1,1200517,2018,5,18,6,3,2,6,0,0,1,0,0,0,0,0,13.32634281,52.5325689
11,11501340,2018,5,14,3,2,6,4,0,0,1,1,0,0,0,0,13.53648079,52.49201861
8,8100417,2018,5,18,6,3,6,2,1,0,1,1,0,0,0,0,13.44910754,52.47354553
3,3601244,2018,5,19,6,2,5,3,0,0,1,0,1,0,0,0,13.42702546,52.5521382
1,1100310,2018,5,18,3,2,0,1,0,1,0,0,0,0,0,1,13.41371658,52.52010637
6,6100209,2018,5,6,6,3,0,3,0,1,1,0,0,0,0,0,13.33759781,52.46030795
12,12100205,2018,5,17,5,3,1,5,0,0,1,0,0,0,1,0,13.3334416,52.56411183
1,1100207,2018,5,18,3,3,5,3,0,1,1,0,0,0,0,1,13.39025983,52.50859157
11,11200513,2018,5,23,5,3,5,2,2,0,1,0,1,0,0,1,13.49077286,52.54320666
11,11300722,2018,5,18,3,3,0,1,1,0,0,0,1,0,0,1,13.47995153,52.51700378
1,1100313,2018,5,18,6,3,1,5,0,1,1,0,0,0,0,0,13.41905203,52.51032642
8,8100310,2018,5,17,3,3,5,3,0,0,1,0,0,0,0,1,13.42791251,52.49264413
1,1401046,2018,5,16,3,3,3,6,0,1,0,0,0,0,0,1,13.35222381,52.54243984
7,7501133,2018,5,17,6,3,2,2,0,0,0,0,1,0,1,0,13.3897178,52.43430441
11,11300619,2018,5,22,5,3,5,2,2,0,1,0,1,0,0,1,13.4668586,52.52403485
5,5300737,2018,5,16,3,3,5,3,0,1,1,0,0,0,0,0,13.2382081,52.5424054
11,11501340,2018,5,21,5,3,6,4,2,0,1,1,0,0,0,1,13.5258527,52.48298027
1,1100416,2018,5,16,3,2,5,2,0,1,1,0,0,0,0,0,13.40252144,52.53850779
5,5200420,2018,5,17,6,3,5,7,0,0,1,0,1,0,0,0,13.18031216,52.53402122
4,4300620,2018,5,16,3,3,2,6,0,0,1,0,0,0,0,0,13.32689172,52.51980891
4,4300624,2018,5,16,6,3,2,7,0,0,1,0,1,0,0,0,13.31794335,52.50874808
8,8200727,2018,5,17,5,3,2,3,0,1,1,0,0,0,0,0,13.45406362,52.44058548
3,3601346,2018,5,16,3,3,1,5,0,1,1,0,0,0,0,1,13.41533774,52.54383108
4,4400725,2018,5,16,6,3,5,3,0,1,1,0,0,0,0,0,13.28125141,52.49948537
10,10400941,2018,5,16,3,3,5,3,0,1,1,0,0,0,0,0,13.60015553,52.47471568
6,6300633,2018,5,16,6,3,5,3,0,0,1,0,0,0,0,0,13.30924836,52.43887437
2,2300316,2018,5,17,5,3,2,1,0,0,1,0,1,0,0,0,13.43007684,52.50346465
9,9501939,2018,5,20,5,2,5,2,2,1,1,0,0,0,0,1,13.57715398,52.45577316
11,11200411,2018,5,15,3,2,5,2,0,1,1,0,0,0,0,0,13.50146856,52.5490916
12,12200515,2018,5,16,6,2,2,2,0,0,1,0,0,0,1,0,13.28310241,52.59411675
2,2100102,2018,5,21,5,3,6,2,2,0,1,1,0,0,0,1,13.39821256,52.50699481
3,3400619,2018,5,14,3,3,6,4,0,0,1,1,0,0,0,0,13.3695072,52.58947351
3,3501037,2018,5,15,6,3,5,2,0,1,1,0,0,0,0,0,13.46722867,52.55994897
11,11200514,2018,5,15,6,3,5,3,0,1,1,0,0,0,0,0,13.49065033,52.53789305
10,10400940,2018,5,19,5,2,0,1,1,0,1,0,1,0,0,1,13.61333463,52.49919828
9,9301126,2018,5,14,3,3,6,4,0,0,0,1,1,0,0,0,13.57449423,52.41393297
10,10200420,2018,5,10,6,3,5,2,0,0,1,0,0,0,0,0,13.60132947,52.53576678
4,4501148,2018,5,18,5,3,8,1,0,0,1,0,0,0,0,0,13.31395174,52.48094769
7,7400824,2018,5,10,6,3,5,3,0,0,1,0,1,0,0,0,13.38555937,52.46858782
4,4200308,2018,5,17,5,3,2,6,0,0,1,0,0,0,0,0,13.25881938,52.521816
1,1401049,2018,5,7,3,3,5,2,0,1,1,0,0,0,0,0,13.36683917,52.55215073
2,2200208,2018,5,10,6,3,5,2,0,1,1,0,0,0,0,0,13.37930402,52.49221491