BEZ,LOR_ab_2021,UJAHR,UMONAT,USTUNDE,UWOCHENTAG,UKATEGORIE,UART,UTYP1,ULICHTVERH,IstRad,IstPKW,IstFuss,IstKrad,IstGkfz,IstSonstige,USTRZUSTAND,XGCSWGS84,YGCSWGS84
3,3400620,2018,5,16,5,3,5,2,0,1,1,0,0,0,0,0,13.37872218,52.57621519
1,1200520,2018,5,20,2,3,1,5,0,1,1,0,0,0,1,0,13.34331487,52.53101824
6,6300525,2018,5,10,6,3,1,5,0,0,1,0,0,0,0,0,13.25044101,52.41779918
5,5200630,2018,5,13,5,3,5,3,0,1,1,0,0,0,0,0,13.19613899,52.52102497
6,6400840,2018,5,13,5,3,7,7,0,0,1,0,0,0,0,0,13.25418652,52.44406802
12,12100102,2018,5,13,2,3,3,6,0,1,1,0,0,0,0,0,13.36640183,52.56811198
1,1100415,2018,5,9,6,3,0,1,0,0,0,0,1,0,0,0,13.39357227,52.53390088
8,8200623,2018,5,13,5,2,5,2,0,0,1,0,1,0,0,0,13.43855805,52.45259326
11,11300723,2018,5,11,5,2,6,7,0,0,1,1,0,0,0,0,13.49936589,52.5197068
2,2100103,2018,5,15,2,3,5,2,0,1,1,0,0,0,0,0,13.40069977,52.5042589
8,8100417,2018,5,9,6,3,5,2,0,1,1,0,0,0,0,0,13.44315789,52.46988629
1,1100308,2018,5,8,6,2,6,4,0,1,0,1,0,0,0,0,13.38440884,52.52056364
7,7300517,2018,5,0,5,3,6,4,2,0,1,1,0,0,0,0,13.34108723,52.47614841
1,1100101,2018,5,16,2,3,2,2,0,0,1,0,0,1,0,0,13.3514552,52.50974403
1,1200628,2018,5,7,6,2,3,6,0,1,1,0,0,1,0,0,13.36617106,52.52395694
12,12400619,2018,5,16,5,2,0,5,0,1,0,0,0,0,1,0,13.23876751,52.59894925
3,3200309,2018,5,15,2,3,5,3,0,1,1,0,0,0,0,0,13.43750706,52.59447897
10,10400940,2018,5,7,6,3,2,6,0,0,1,0,0,0,0,0,13.6008478,52.47865439
2,2200210,2018,5,12,5,3,5,2,0,0,1,0,0,0,1,0,13.39275009,52.49196761
8,8100415,2018,5,15,4,3,1,5,0,1,1,0,0,0,0,0,13.44491884,52.47924548
4,4501041,2018,5,17,2,3,0,2,0,1,1,0,0,0,0,0,13.31677723,52.50113239
6,6100101,2018,5,7,6,3,6,2,0,0,1,1,0,0,0,0,13.32088501,52.45681926
5,5300841,2018,5,18,2,3,0,2,0,1,1,0,0,0,0,0,13.2718515,52.53699085
3,3500934,2018,5,5,6,3,5,3,1,0,1,0,0,0,0,0,13.43638039,52.55193785
1,1100313,2018,5,14,4,3,1,5,0,1,0,0,0,0,1,0,13.4233758,52.50917614
5,5100316,2018,5,16,4,3,5,2,0,0,1,0,0,0,0,0,13.20077124,52.5384696
7,7601339,2018,5,6,2,3,5,2,0,0,1,0,0,0,0,0,13.34729472,52.41210305
3,3701660,2018,5,14,6,3,5,3,0,0,1,0,0,0,0,0,13.43534866,52.53043002
6,6400841,2018,5,16,4,3,6,4,0,1,0,1,0,0,0,0,13.26144041,52.43691838
6,6200422,2018,5,21,4,2,5,3,2,0,1,0,0,0,0,1,13.33066457,52.42066589
6,6300528,2018,5,9,2,3,0,7,0,0,0,0,1,0,0,0,13.26568351,52.4165954
5,5200632,2018,5,12,6,3,0,1,0,0,0,0,0,0,1,0,13.20212802,52.53139585
12,12200309,2018,5,13,6,3,0,2,0,0,0,1,0,0,1,0,13.32763822,52.56397146
1,1200520,2018,5,22,2,3,2,2,2,0,1,0,0,0,0,0,13.34336008,52.53184293
1,1300834,2018,5,13,6,3,6,7,0,0,1,1,0,0,0,0,13.39518751,52.53920848
11,11200411,2018,5,14,4,3,5,3,0,0,1,0,1,0,0,0,13.50144697,52.54683894
4,4200207,2018,5,7,2,3,5,3,0,1,0,0,0,0,1,0,13.2564454,52.48626479
6,6300528,2018,5,13,6,3,2,6,0,0,1,0,0,0,0,0,13.24988361,52.42086187
12,12400723,2018,5,13,4,3,2,2,0,0,1,0,0,0,0,0,13.30585381,52.62062367
6,6400841,2018,5,15,2,3,5,2,0,1,1,0,0,0,0,0,13.2656268,52.44221351
12,12200307,2018,5,12,4,3,6,4,0,0,1,1,0,0,0,0,13.32810927,52.56947266
12,12200412,2018,5,11,2,3,2,6,0,0,1,0,0,0,0,0,13.29204415,52.57552453
11,11400929,2018,5,11,2,3,5,2,0,0,1,0,1,0,0,0,13.4916345,52.50325193
4,4501041,2018,5,16,5,3,2,6,0,1,1,0,0,0,0,0,13.32489376,52.50236116
5,5200630,2018,5,11,4,3,1,5,0,1,1,0,0,0,0,0,13.19467924,52.5194343
4,4200311,2018,5,10,2,3,5,2,0,1,1,0,0,0,0,0,13.27563757,52.5015363
6,6200317,2018,5,21,5,3,6,7,0,0,1,1,0,0,0,0,13.36900812,52.42934156
1,1100308,2018,5,10,2,3,6,4,0,0,1,1,0,0,0,0,13.38288763,52.53070044
4,4500939,2018,5,9,4,3,5,2,0,1,1,0,0,0,0,0,13.30853815,52.49006802
2,2500832,2018,5,9,2,3,7,7,0,1,0,0,0,0,0,0,13.47144084,52.5074043
5,5100210,2018,5,15,5,3,2,6,0,0,1,0,0,0,1,0,13.18337615,52.54181075
6,6100103,2018,5,15,5,3,6,4,0,1,0,1,0,0,0,0,13.32539161,52.46165732
1,1100103,2018,5,12,2,3,5,2,0,1,1,0,0,0,0,0,13.35213455,52.50553697
1,1400939,2018,5,14,5,3,5,3,0,1,1,0,0,0,0,0,13.34360991,52.55864455
3,3400619,2018,5,9,4,3,2,6,0,1,1,0,0,0,0,0,13.37663168,52.58735273
5,5100101,2018,5,8,2,3,2,6,0,0,1,0,0,0,0,0,13.21122534,52.56839722
2,2100102,2018,5,14,5,3,5,3,0,1,0,0,1,0,0,0,13.39838621,52.50705383
9,9200715,2018,5,9,4,3,5,2,0,0,1,0,0,0,0,0,13.51956023,52.42830368
1,1401045,2018,5,13,2,3,0,6,0,0,1,0,1,0,0,0,13.3799712,52.55274654
3,3500932,2018,5,14,4,3,5,3,0,1,1,0,0,0,0,0,13.45211721,52.55766696
7,7400823,2018,5,8,2,3,5,2,0,1,1,0,0,0,0,0,13.37631231,52.45887653
4,4300622,2018,5,23,5,3,2,6,2,0,1,0,0,0,0,0,13.3258853,52.50569066
8,8200622,2018,5,8,2,3,5,2,0,0,1,0,0,0,0,0,13.43468248,52.46200791
1,1200628,2018,5,23,5,3,5,2,2,0,1,0,0,0,0,0,13.35688645,52.52361977
10,10400835,2018,5,6,4,3,2,2,0,0,1,0,0,0,0,0,13.60771635,52.51802513
1,1300835,2018,5,8,2,3,5,2,0,1,0,0,0,1,0,0,13.39115942,52.53620324
8,8100206,2018,5,14,5,3,1,5,0,1,1,0,0,0,0,0,13.42863139,52.48124078
9,9401329,2018,5,8,2,3,5,2,0,1,1,0,0,0,0,0,13.59315218,52.43263633
4,4300620,2018,5,13,5,3,5,7,0,0,1,0,1,0,0,0,13.33128919,52.5137576
7,7601339,2018,5,22,4,2,5,2,2,0,1,0,1,0,0,0,13.35015599,52.4142861
4,4300412,2018,5,22,4,2,6,4,2,0,1,1,0,0,0,0,13.28507244,52.51872042
2,2200209,2018,5,8,2,3,5,3,0,1,1,0,0,0,0,0,13.37548703,52.48932046
1,1100416,2018,5,22,5,2,0,1,2,1,0,0,0,0,0,0,13.40315298,52.5319511
1,1401044,2018,5,20,4,3,0,1,1,1,0,0,0,0,0,1,13.37277726,52.54826257
9,9300920,2018,5,12,5,3,6,4,0,0,1,1,0,0,0,0,13.52614407,52.42377861
4,4300624,2018,5,20,4,3,5,2,1,0,1,0,0,0,0,1,13.31751052,52.50609942
3,3601245,2018,5,8,2,3,5,3,0,1,0,0,0,0,1,0,13.44229416,52.54660981
8,8100311,2018,5,11,5,3,2,2,0,0,1,0,1,0,0,0,13.42895511,52.48739254
3,3501037,2018,5,18,4,3,2,6,0,1,1,0,0,0,0,0,13.46711005,52.55996118
7,7100103,2018,5,19,4,2,6,4,0,1,0,1,0,0,0,0,13.35596272,52.49458867
3,3500934,2018,5,8,2,3,5,7,0,1,1,0,0,0,0,0,13.44151052,52.55150402
6,6300634,2018,5,22,5,3,2,2,2,1,1,0,0,0,0,0,13.28210007,52.43291894
5,5100104,2018,5,7,2,3,5,2,0,1,1,0,0,0,0,0,13.21755008,52.56041136
8,8100418,2018,5,11,5,3,6,4,0,0,1,1,0,0,0,0,13.44882219,52.47862147
2,2200209,2018,5,19,4,3,5,7,0,0,1,0,0,0,0,0,13.38233496,52.4898479
5,5300737,2018,5,6,2,3,3,6,0,0,1,0,0,0,1,0,13.24654082,52.54424346
1,1100308,2018,5,11,5,3,5,3,0,1,1,0,0,0,0,0,13.37424825,52.52794636
10,10400837,2018,5,17,4,3,5,2,0,1,1,0,0,0,0,0,13.57686079,52.49538294
11,11501340,2018,5,6,2,3,2,6,0,0,1,0,0,1,0,0,13.52656109,52.48587731
10,10400941,2018,5,11,5,3,5,3,0,1,1,0,0,0,0,0,13.60557939,52.48779505
5,5100103,2018,5,8,4,3,6,4,0,0,1,1,0,0,0,0,13.20890583,52.56443708
12,12601031,2018,5,7,4,3,6,4,0,0,1,1,0,0,0,0,13.33869555,52.60131103
11,11300617,2018,5,14,5,3,2,6,0,0,1,0,0,1,0,0,13.46921357,52.53142218
1,1100102,2018,5,7,4,3,5,2,0,1,0,0,0,0,1,0,13.33793981,52.51380328
7,7601442,2018,5,15,1,3,5,2,0,1,1,0,0,0,0,0,13.40630309,52.3984869
3,3400723,2018,5,9,5,3,2,6,0,1,1,0,0,0,0,0,13.4089217,52.57109431
2,2200210,2018,5,13,6,3,5,2,0,0,1,0,0,0,0,0,13.4029103,52.49391374
12,12500825,2018,5,17,4,3,6,4,0,0,1,1,0,0,0,0,13.31299729,52.580582
7,7400721,2018,5,18,5,3,5,2,0,0,1,0,1,0,0,0,13.37835988,52.4779259
1,1100102,2018,5,11,4,3,6,6,0,1,0,1,0,0,0,0,13.35076173,52.51159339
7,7300516,2018,5,18,4,3,5,2,0,0,1,0,1,0,0,0,13.3284541,52.46481555
8,8401244,2018,5,16,4,3,0,2,0,0,1,0,0,0,1,0,13.49619358,52.41575595
7,7200307,2018,5,10,4,3,5,2,0,1,1,0,0,0,0,0,13.33900754,52.49227958
12,12500930,2018,5,13,6,3,5,2,0,1,0,0,0,0,1,0,13.33977132,52.58800966
12,12601235,2018,5,9,6,3,2,6,0,0,1,0,0,0,0,0,13.34793064,52.59624997
10,10300734,2018,5,16,4,3,5,3,0,1,1,0,0,0,0,0,13.55532437,52.49788471
3,3400724,2018,5,17,5,3,4,7,0,1,0,0,0,0,0,0,13.42864374,52.58160381
1,1100102,2018,5,21,4,3,1,5,2,1,1,0,0,0,0,0,13.37521828,52.51002589
1,1100308,2018,5,20,4,3,2,7,0,1,1,0,0,0,0,0,13.38741501,52.52537015
10,10100312,2018,5,16,5,3,5,2,0,1,1,0,0,0,0,0,13.53996717,52.52594026
4,4501150,2018,5,19,4,3,2,2,0,0,1,0,0,0,0,0,13.32262571,52.48635813
1,1100104,2018,5,15,5,3,5,3,0,1,1,0,0,0,0,0,13.37065665,52.49994881
4,4300621,2018,5,14,4,3,0,5,0,0,1,0,0,0,0,0,13.30556847,52.51343484
3,3601243,2018,5,6,5,3,5,3,0,1,1,0,0,0,0,0,13.41843754,52.55352364
5,5200526,2018,5,16,7,2,3,6,0,0,1,0,0,0,0,0,13.15490305,52.52172806
2,2200213,2018,5,19,4,3,2,7,0,1,0,0,0,0,1,0,13.41982446,52.4900086
10,10200627,2018,5,21,6,2,8,1,0,0,0,0,1,0,0,0,13.58800135,52.52472985
12,12200414,2018,5,8,6,3,2,6,0,0,1,0,0,0,1,0,13.30648631,52.55506387
11,11501339,2018,5,19,4,3,5,2,0,1,1,0,0,0,0,0,13.5259586,52.49354181
1,1100310,2018,5,15,5,3,5,2,0,1,0,0,0,0,1,0,13.41575015,52.52669601
2,2100104,2018,5,18,4,3,5,2,0,1,1,0,0,0,0,0,13.40522193,52.50518471
3,3200204,2018,5,17,4,3,5,2,0,1,1,0,0,0,0,0,13.40230617,52.60288195
2,2200211,2018,5,17,4,3,1,5,0,1,1,0,0,0,0,0,13.39872861,52.48888827
4,4501149,2018,5,18,6,3,5,5,0,1,1,0,0,0,0,0,13.32277329,52.48905427
4,4501040,2018,5,22,4,3,0,2,2,0,1,0,0,0,1,0,13.31194995,52.5005839
9,9401534,2018,5,22,4,2,6,4,2,0,0,1,0,1,0,0,13.57340519,52.44447314
7,7300516,2018,5,17,6,3,5,2,0,1,1,0,0,0,0,0,13.32840778,52.46799538
5,5100317,2018,5,10,5,3,6,7,0,1,0,1,0,0,0,0,13.23136468,52.52776608
7,7300516,2018,5,18,4,3,0,1,0,1,0,0,0,0,0,0,13.32759181,52.46898617
11,11400929,2018,5,15,4,3,0,4,0,0,0,1,0,0,1,0,13.49454523,52.50370281
11,3601450,2018,5,15,4,3,5,3,0,1,0,0,0,0,1,0,13.46090696,52.52979387
11,11100308,2018,5,15,4,3,5,3,0,1,1,0,0,0,0,0,13.49596362,52.56688714
9,9501736,2018,5,16,4,3,0,3,0,1,1,0,0,0,0,0,13.61713198,52.45529527
3,3601348,2018,5,15,6,3,5,3,0,0,1,0,0,0,0,0,13.4226733,52.54462579
6,6400839,2018,5,16,4,3,1,5,0,1,0,0,0,0,1,0,13.24546037,52.43995315
3,2400520,2018,5,19,5,3,2,6,0,0,1,0,1,0,0,0,13.42516805,52.52793658
2,2400623,2018,5,16,4,3,5,2,0,1,1,0,0,0,0,0,13.43016375,52.51014742
12,12200412,2018,5,15,4,3,6,2,0,0,1,1,0,0,0,0,13.29790186,52.57816371
2,2500729,2018,5,20,5,3,1,5,1,1,0,0,0,0,1,0,13.47024125,52.51546653
2,2300316,2018,5,15,4,3,5,2,0,1,1,0,0,0,0,0,13.44453396,52.50101456
3,3400723,2018,5,15,4,3,5,3,0,0,1,0,0,0,1,0,13.42146291,52.57540365
1,1100102,2018,5,15,4,3,3,6,0,0,1,0,1,0,0,0,13.35448179,52.50965998
12,12400619,2018,5,16,4,2,5,3,0,0,1,0,1,0,0,0,13.23081082,52.60928671
9,9100407,2018,5,14,5,3,2,6,0,0,0,0,1,0,1,0,13.50876968,52.45258754
10,10100104,2018,5,16,4,2,5,3,0,1,1,0,0,0,0,0,13.57651383,52.56136827
8,8100521,2018,5,12,6,3,5,3,0,0,1,0,1,0,0,0,13.45400698,52.46917988
12,12400616,2018,5,15,4,2,5,3,0,1,1,0,0,0,0,0,13.22951739,52.58518819
9,9100408,2018,5,20,5,3,5,3,0,1,1,0,0,0,0,0,13.50823433,52.45036533
2,2500836,2018,5,15,4,2,5,2,0,1,1,0,0,0,0,0,13.46617916,52.49690104
5,5300839,2018,5,14,5,3,5,3,0,0,1,0,0,0,0,0,13.26162557,52.54307195
2,2400623,2018,5,15,4,2,5,2,0,0,1,0,0,0,0,0,13.42697817,52.51179815
1,1100102,2018,5,5,5,3,5,2,0,1,0,0,1,0,0,0,13.37124558,52.51113329
11,11200410,2018,5,17,4,2,6,4,0,0,1,1,0,0,0,0,13.51258984,52.55523452
5,5100315,2018,5,23,6,3,1,1,2,0,1,0,0,0,1,0,13.19633567,52.54621543
4,4500936,2018,5,18,5,3,6,2,0,0,1,1,0,0,0,0,13.30676584,52.50088937
7,7501029,2018,5,7,4,3,5,3,0,0,1,0,0,0,0,0,13.37191099,52.44671015
6,6100210,2018,5,7,4,3,5,2,0,1,1,0,0,0,0,0,13.34112498,52.46393045
5,5100317,2018,5,17,6,3,6,4,0,1,0,1,0,0,0,0,13.20648583,52.53482747
1,1401048,2018,5,6,6,3,0,1,0,0,0,0,1,0,0,0,13.35972397,52.54901359
5,5100316,2018,5,7,4,3,2,6,0,0,1,0,0,0,0,0,13.19910717,52.53485045
5,5300736,2018,5,16,5,3,2,6,0,0,1,0,1,0,0,0,13.22343621,52.53728957
7,7400823,2018,5,6,4,3,5,2,0,0,1,0,0,0,0,0,13.37212253,52.46978651
5,5400943,2018,5,14,5,3,3,6,0,1,0,0,0,0,0,0,13.12699349,52.47709702
2,2400521,2018,5,6,4,3,5,2,0,1,0,0,0,0,1,0,13.44068363,52.51726667
4,4100101,2018,5,12,7,3,1,5,0,0,1,0,1,0,0,0,13.27481849,52.54160266
1,1100310,2018,5,6,4,3,2,6,0,0,1,0,1,0,0,0,13.41528057,52.52069116
1,1100415,2018,5,15,6,3,5,3,0,1,1,0,0,0,0,0,13.39404133,52.53219998
1,1401045,2018,5,7,6,3,4,6,0,1,0,0,0,0,0,0,13.38135083,52.55587991
4,4300623,2018,5,0,4,3,4,6,2,1,0,0,0,0,0,0,13.31450832,52.5102324
6,6100210,2018,5,9,6,3,1,5,0,1,1,0,0,0,0,0,13.34186901,52.45876757
1,1200522,2018,5,6,4,3,0,6,0,0,1,0,1,0,0,0,13.33969775,52.52575245
11,11100205,2018,5,17,5,3,2,6,0,1,0,0,0,1,0,0,13.51207124,52.56806128
5,5200420,2018,5,6,4,2,3,6,0,0,1,0,0,1,1,0,13.16507664,52.53346812
6,6200421,2018,5,13,4,3,6,7,0,0,1,1,0,0,0,0,13.32879283,52.4362224
1,1200626,2018,5,13,4,3,5,2,0,1,1,0,0,0,0,0,13.3461758,52.52497162
11,11501238,2018,5,17,6,3,2,6,0,1,1,0,0,0,0,0,13.47970098,52.49851325
1,1200517,2018,5,13,5,3,6,2,0,0,1,1,0,0,0,0,13.34455219,52.53838557
7,7300516,2018,5,6,4,3,6,4,0,1,0,1,0,0,0,0,13.32867628,52.46525364
8,8100207,2018,5,12,4,3,2,2,0,0,1,0,0,0,0,0,13.43271399,52.47838373
3,3601244,2018,5,16,5,2,5,3,0,1,1,0,0,0,0,0,13.42698784,52.55221322
10,10100313,2018,5,7,5,3,6,4,0,1,0,1,0,0,0,0,13.5442028,52.54090155
8,8100102,2018,5,12,4,3,5,2,0,1,0,0,0,1,0,0,13.42676176,52.47616765
2,2300419,2018,5,14,1,3,1,5,0,1,1,0,0,0,0,0,13.44652182,52.49863144
2,2200207,2018,5,12,4,3,5,2,0,1,1,0,0,0,0,0,13.37674395,52.49145671
6,6400840,2018,5,12,4,3,5,3,0,1,1,0,0,0,0,0,13.25036554,52.4534248
1,1300834,2018,5,11,4,3,6,7,0,0,1,1,0,0,0,0,13.39166439,52.54375679
7,7400824,2018,5,16,6,2,5,3,0,0,1,0,0,0,1,0,13.38541989,52.46712305
3,3701660,2018,5,11,4,3,6,4,0,1,0,1,0,0,0,0,13.43329512,52.52916081
7,7300619,2018,5,20,5,2,4,7,0,1,0,0,0,0,0,0,13.35559463,52.4599013
5,5100315,2018,5,10,4,3,3,6,0,0,1,0,0,1,0,0,13.19718182,52.54378852
3,3701659,2018,5,10,4,3,3,6,0,1,0,0,0,1,0,0,13.42487682,52.52811631
5,5200528,2018,5,18,5,3,1,1,0,0,1,0,0,0,0,0,13.17986691,52.50368412
12,12400619,2018,5,10,4,3,5,3,0,0,1,0,1,0,0,0,13.24307241,52.60159352
6,6200421,2018,5,10,4,2,6,4,0,0,1,1,0,0,0,0,13.31244133,52.42229171
2,2300316,2018,5,13,5,3,2,6,0,0,1,0,0,0,1,0,13.43360688,52.50505197
11,11100203,2018,5,7,6,3,6,4,0,0,0,1,1,0,0,0,13.53207603,52.56793956
9,9200717,2018,5,10,4,3,6,4,0,0,1,1,0,0,0,0,13.55306027,52.43971153
12,12601032,2018,5,6,5,3,5,2,0,0,1,0,1,0,0,0,13.32493327,52.60819312
3,3400831,2018,5,16,5,3,5,7,0,0,1,0,0,0,0,0,13.4314172,52.58059143
1,1100415,2018,5,9,4,3,0,1,0,1,0,0,0,0,0,0,13.39665535,52.53245813
4,4300518,2018,5,8,4,3,1,5,0,0,1,0,1,0,0,0,13.30702336,52.52573196
6,6300526,2018,5,5,6,2,5,3,0,1,0,0,0,0,0,0,13.25932942,52.43074521
7,7200307,2018,5,17,3,2,2,6,0,1,0,0,0,0,0,0,13.34045062,52.48828019
4,4300624,2018,5,19,5,3,6,7,0,0,0,1,0,0,1,0,13.31694189,52.50605143
1,1100207,2018,5,18,3,3,3,6,0,1,1,0,0,0,0,0,13.39183184,52.51042388
10,10100315,2018,5,16,3,3,2,6,0,0,1,0,1,0,0,0,13.56525965,52.54479638
6,6300634,2018,5,8,5,2,5,2,0,0,1,0,1,0,0,0,13.29937746,52.44051842
2,2500726,2018,5,11,3,2,3,6,0,0,0,0,1,1,0,0,13.44864361,52.52656031
2,2400521,2018,5,11,3,3,5,2,0,1,1,0,0,0,0,0,13.42996347,52.52328705
3,3400620,2018,5,17,6,3,3,6,0,0,1,0,1,0,0,0,13.38055083,52.57468675
3,3100102,2018,5,10,6,3,5,3,0,1,1,0,0,0,0,0,13.50976139,52.63993133
3,3500933,2018,5,6,3,3,5,3,0,1,0,0,1,0,0,0,13.45995936,52.55706221
1,1100310,2018,5,8,5,2,0,1,0,1,0,0,0,0,0,0,13.4165814,52.52366423
4,4300414,2018,5,17,5,3,5,3,0,1,1,0,0,0,0,0,13.29159149,52.51070646
1,1100309,2018,5,12,1,3,4,2,0,0,1,0,1,0,0,0,13.39373738,52.52860727
9,9200614,2018,5,14,3,3,2,3,0,1,0,0,0,0,0,0,13.54003757,52.45071207
11,11100308,2018,5,13,5,3,2,6,0,0,1,0,0,0,0,0,13.49196458,52.56516792
5,5100315,2018,5,21,3,3,5,2,0,0,1,0,0,0,0,0,13.19851571,52.54286878
9,9300920,2018,5,16,6,3,0,1,0,1,1,0,0,0,0,0,13.52551196,52.40763425
5,5300839,2018,5,19,3,3,5,7,0,1,1,0,0,0,0,0,13.25310587,52.54772432
2,2200212,2018,5,16,7,3,0,6,0,1,1,0,0,0,0,0,13.40937051,52.48875303
8,8200729,2018,5,18,3,3,5,3,0,0,1,0,0,0,0,0,13.41017043,52.43022593
2,2100101,2018,5,19,6,3,2,2,0,1,0,0,0,0,1,0,13.38654725,52.50551514
3,3500934,2018,5,8,6,3,5,3,0,1,1,0,0,0,0,0,13.44056963,52.5537598
8,8100417,2018,5,19,3,3,2,6,0,1,1,0,0,0,0,0,13.4493031,52.47402907
4,4501042,2018,5,13,5,3,6,7,0,0,1,1,0,0,0,0,13.32882712,52.50318817
11,11100308,2018,5,16,5,3,5,2,0,1,1,0,0,0,0,0,13.50095041,52.5665719
3,3400721,2018,5,17,3,3,4,2,0,1,1,0,0,0,0,0,13.39057569,52.56775902
5,5100317,2018,5,17,3,3,5,3,0,0,1,0,1,0,0,0,13.23279274,52.52753265
6,6400841,2018,5,16,3,3,5,2,0,1,1,0,0,0,0,0,13.26206266,52.43823222
2,2200209,2018,5,18,6,3,5,5,0,1,1,0,0,0,0,0,13.376741,52.49037611
7,7400822,2018,5,18,3,3,0,1,0,0,0,0,1,0,0,0,13.36953774,52.4583128
3,3300516,2018,5,9,5,2,3,6,0,1,1,0,0,0,0,0,13.44077311,52.56831005
6,6400840,2018,5,17,3,3,0,7,0,1,0,0,0,0,0,0,13.25586456,52.45124572
3,3601142,2018,5,15,6,2,0,1,0,1,0,0,0,0,0,0,13.40505235,52.54073661
4,4300517,2018,5,16,3,3,5,2,0,0,1,0,0,0,0,0,13.29639301,52.52928364
4,4200311,2018,5,16,3,3,5,2,0,1,1,0,0,0,0,0,13.28128093,52.51278231
6,6300631,2018,5,12,5,2,6,2,0,0,1,1,0,0,0,0,13.2868751,52.41781621
4,4400834,2018,5,15,3,3,5,3,0,0,1,0,0,0,0,0,13.30974281,52.47630701
5,5300839,2018,5,15,3,2,5,2,0,1,1,0,0,0,0,0,13.25887265,52.54813784
7,7501135,2018,5,15,3,2,5,2,0,0,1,0,0,0,0,0,13.39839851,52.41954192
1,1300836,2018,5,20,6,2,0,2,0,0,1,0,1,0,0,0,13.37734983,52.54240726
8,8300934,2018,5,14,3,3,3,6,0,0,1,0,1,0,0,0,13.46709141,52.42833394
10,10200418,2018,5,19,5,3,6,4,0,0,1,1,0,0,0,0,13.58825234,52.53929815
7,7400823,2018,5,14,3,3,5,3,0,1,1,0,0,0,0,0,13.37565534,52.45533256
6,6300528,2018,5,14,3,3,6,7,0,1,0,1,0,0,0,0,13.25995688,52.42853503
12,12100204,2018,5,12,5,3,2,6,0,0,1,0,0,0,1,0,13.36289843,52.562302
9,9200512,2018,5,14,3,3,5,2,0,1,1,0,0,0,0,0,13.53613849,52.46010582
4,4501044,2018,5,14,3,3,2,7,0,1,0,0,0,0,1,0,13.32204804,52.49460955
5,5400943,2018,5,13,7,3,8,7,0,0,1,0,0,0,0,0,13.14163113,52.45545399
11,11300616,2018,5,13,3,3,1,7,0,0,1,0,0,0,0,0,13.46637875,52.53225721
1,1100309,2018,5,11,5,2,1,5,0,1,1,0,0,0,0,0,13.40350997,52.5289559
1,1100101,2018,5,13,3,3,1,5,0,1,1,0,0,0,0,0,13.34653079,52.50986944
2,2100101,2018,5,0,1,3,1,5,2,1,1,0,0,0,0,0,13.38819885,52.50231833
2,2200212,2018,5,13,3,3,3,6,0,1,0,0,0,1,0,0,13.41525289,52.48798002
9,9200510,2018,5,16,6,3,6,4,0,1,0,1,0,0,0,0,13.51402959,52.46230523
4,4200203,2018,5,13,3,2,5,2,0,0,1,0,1,0,0,0,13.24035745,52.51192748
6,6300525,2018,5,11,5,3,5,3,0,1,1,0,0,0,0,0,13.26746626,52.40839882
8,8100314,2018,5,19,5,3,0,1,0,1,0,0,0,0,0,0,13.43340731,52.48211071
7,7400927,2018,5,12,3,2,3,6,0,0,1,0,1,0,0,0,13.40541922,52.46365833
6,6400841,2018,5,12,3,3,6,7,0,0,1,1,0,0,0,0,13.26138174,52.43681524
3,3400619,2018,5,10,5,3,2,6,0,0,1,0,1,0,0,0,13.38460171,52.5911938
8,8401243,2018,5,8,5,3,5,3,0,0,1,0,0,0,0,0,13.4904302,52.42785506
11,11300725,2018,5,10,3,3,4,2,0,0,1,0,0,1,0,0,13.49852508,52.51570604
4,4300414,2018,5,10,3,3,5,2,0,0,1,0,0,0,0,0,13.30057428,52.51711489
6,6100102,2018,5,16,6,3,2,6,0,0,1,0,1,0,0,0,13.31913878,52.45398426
6,6100103,2018,5,9,6,3,5,3,0,1,1,0,0,0,0,0,13.32318666,52.46451552
4,4501045,2018,5,10,3,3,3,6,0,0,1,0,1,0,0,0,13.32959762,52.4953082
6,6200422,2018,5,10,5,3,5,2,0,1,1,0,0,0,0,0,13.33123742,52.4199849
3,3200207,2018,5,12,6,3,2,2,0,0,0,0,1,0,1,0,13.40836716,52.58432139
2,2400521,2018,5,10,3,3,5,3,0,0,1,0,0,0,0,0,13.42860465,52.51953233
1,1400938,2018,5,10,5,2,5,7,0,0,1,0,0,0,0,0,13.34259034,52.54726187
12,12400618,2018,5,16,5,3,6,7,0,1,0,1,0,0,0,0,13.2293879,52.62533696
9,9100203,2018,5,9,3,3,2,7,0,0,1,0,0,0,0,0,13.48361787,52.47990728
1,1100207,2018,5,9,3,3,6,4,0,0,1,1,0,0,0,0,13.38995816,52.51000207
6,6300631,2018,5,10,5,3,5,2,0,0,1,0,1,0,0,0,13.28700442,52.4178505
1,1200628,2018,5,14,7,3,5,2,0,0,1,0,1,0,0,0,13.36727646,52.52248092
8,8200624,2018,5,9,3,3,3,6,0,0,1,0,1,0,0,0,13.4309516,52.45246623
11,11501340,2018,5,15,6,3,5,3,0,1,1,0,0,0,0,0,13.53207918,52.48411032
8,8100415,2018,5,15,5,3,5,2,0,1,1,0,0,0,0,0,13.45005121,52.47660923
4,4200311,2018,5,8,6,2,6,4,0,0,0,1,0,1,0,0,13.28128343,52.51276523