BEZ,LOR_ab_2021,UJAHR,UMONAT,USTUNDE,UWOCHENTAG,UKATEGORIE,UART,UTYP1,ULICHTVERH,IstRad,IstPKW,IstFuss,IstKrad,IstGkfz,IstSonstige,USTRZUSTAND,XGCSWGS84,YGCSWGS84
4,4501041,2018,5,9,3,3,5,2,0,1,1,0,0,0,0,0,13.31538244,52.50315143
1,1200626,2018,5,10,5,3,5,2,0,1,1,0,0,0,0,0,13.34612003,52.52497863
10,10100102,2018,5,7,3,3,5,3,0,0,1,0,0,0,0,0,13.56744655,52.57332265
1,1100101,2018,5,9,3,3,5,2,0,1,1,0,0,0,0,0,13.34606192,52.50406009
9,9301126,2018,5,9,5,2,9,7,0,0,1,0,0,1,0,0,13.57969199,52.41838829
12,12500824,2018,5,17,5,3,5,2,0,0,1,0,0,0,0,0,13.29160878,52.59594566
1,1200626,2018,5,9,3,3,2,6,0,0,1,0,0,1,0,0,13.34336218,52.52531865
7,7400823,2018,5,8,3,3,2,2,0,1,1,0,0,0,0,0,13.37508443,52.45541669
1,1100310,2018,5,9,5,3,2,6,0,1,1,0,0,0,0,0,13.40802238,52.51774558
4,4501152,2018,5,8,3,2,6,4,0,1,0,1,0,0,0,0,13.33115525,52.49316083
8,8401245,2018,5,17,6,3,5,3,0,1,1,0,0,0,0,0,13.50639223,52.40299901
4,4300412,2018,5,7,5,3,0,2,0,0,1,0,1,0,1,0,13.28663061,52.51880434
1,1300836,2018,5,8,3,3,2,6,0,0,1,0,1,0,0,0,13.38499511,52.54897677
11,11200513,2018,5,7,3,3,5,3,0,1,1,0,0,0,0,0,13.49482887,52.54543412
12,12500825,2018,5,9,5,3,6,4,0,0,1,1,0,0,0,0,13.30556685,52.58204412
3,3601245,2018,5,7,3,3,6,7,0,0,1,1,0,0,0,0,13.44158296,52.54761105
4,4501045,2018,5,13,1,3,5,2,0,0,1,0,0,0,0,0,13.33108107,52.49535947
10,10300734,2018,5,7,3,3,5,3,0,0,1,0,0,1,0,0,13.55852821,52.49390618
7,7601339,2018,5,14,6,2,6,2,0,0,1,1,0,0,0,0,13.34802594,52.41469375
9,9200511,2018,5,7,3,3,5,3,0,1,0,0,0,0,1,0,13.52570748,52.46475049
4,4400832,2018,5,16,3,3,6,2,0,0,1,1,0,0,0,0,13.29017721,52.47349778
12,12400617,2018,5,19,6,3,5,2,0,0,1,0,0,0,0,0,13.21917331,52.59634088
10,10400835,2018,5,23,2,2,0,3,2,1,0,0,0,0,1,0,13.59082105,52.514142
1,1300732,2018,5,21,5,3,6,4,1,0,1,1,0,0,0,0,13.38495171,52.55695743
1,1100101,2018,5,10,2,3,5,2,0,1,1,0,0,0,0,0,13.35152259,52.50955931
8,8100521,2018,5,17,2,3,5,2,0,1,1,0,0,0,0,0,13.46353545,52.46346368
1,1300732,2018,5,9,5,3,5,2,0,1,1,0,0,0,0,0,13.39046345,52.56297806
12,12100205,2018,5,9,2,3,6,4,0,0,1,1,0,0,0,0,13.35802923,52.56956095
6,6100207,2018,5,14,2,3,1,5,0,0,1,0,1,0,0,0,13.31972504,52.45279989
8,8100102,2018,5,16,5,3,5,2,0,0,1,0,0,0,1,0,13.42546869,52.47978075
4,4501045,2018,5,15,2,3,5,3,0,0,1,0,0,0,0,0,13.33108735,52.49539336
7,7501135,2018,5,18,6,3,5,2,0,0,1,0,0,0,0,0,13.39839414,52.41954102
9,9200715,2018,5,13,2,3,5,2,0,0,1,0,0,0,0,0,13.54525373,52.4257284
3,3400725,2018,5,9,5,2,6,4,0,0,1,1,0,0,0,0,13.42329174,52.58579449
5,5100211,2018,5,16,5,3,5,3,0,1,1,0,0,0,0,0,13.17816299,52.54893629
11,11300725,2018,5,17,2,3,5,3,0,0,1,0,1,0,0,0,13.49805111,52.51399998
7,7300619,2018,5,17,2,3,6,7,0,0,1,1,0,0,0,0,13.35469098,52.45872556
8,8100209,2018,5,9,5,3,1,5,0,0,1,0,1,0,0,0,13.43871726,52.46461391
1,1100310,2018,5,18,5,3,6,4,0,1,0,1,0,0,0,0,13.41003411,52.52875519
2,2100102,2018,5,21,2,3,6,7,2,0,1,1,0,0,0,0,13.39592026,52.49808272
1,1100416,2018,5,19,2,3,0,4,0,1,0,1,0,0,0,0,13.40264931,52.53347698
7,7300619,2018,5,18,2,3,0,2,0,1,0,0,1,0,0,0,13.34839974,52.45892102
3,3500936,2018,5,19,2,3,1,5,0,1,1,0,0,0,0,0,13.45288097,52.54663324
1,1200623,2018,5,7,6,3,3,6,0,1,1,0,0,0,0,0,13.36120986,52.53150541
4,4300619,2018,5,11,6,3,5,2,0,0,1,0,1,0,0,0,13.30636522,52.51922422
8,8100206,2018,5,18,2,2,5,2,0,1,1,0,0,0,0,0,13.42506129,52.48080436
3,3601452,2018,5,15,5,3,3,6,0,0,1,0,0,1,0,0,13.45562806,52.52832519
1,1100309,2018,5,17,2,2,0,1,0,1,0,0,0,0,0,0,13.39471579,52.52452357
10,10300731,2018,5,13,2,2,1,3,0,0,1,0,1,0,0,0,13.55579085,52.52010452
5,5100316,2018,5,9,2,3,5,2,0,0,1,0,1,0,0,0,13.19125418,52.53635954
6,6200423,2018,5,12,6,3,5,2,0,1,1,0,0,0,0,0,13.32496356,52.41056463
3,3500932,2018,5,7,6,3,0,2,0,1,1,0,0,0,0,0,13.45721186,52.56104889
4,4100101,2018,5,17,7,3,5,2,0,0,1,0,0,0,0,0,13.30229234,52.5478909
2,2500831,2018,5,7,2,3,6,4,0,0,1,1,0,0,0,0,13.46590424,52.50889477
8,8200624,2018,5,21,6,3,0,2,2,0,1,0,1,0,0,0,13.432855,52.45253868
2,2200208,2018,5,8,6,3,5,2,0,1,1,0,0,0,0,0,13.38970239,52.49591504
5,5200631,2018,5,2,2,3,5,3,2,0,1,0,0,0,0,0,13.20151999,52.52425796
2,2100102,2018,5,17,5,3,1,5,0,1,1,0,0,0,0,0,13.39138637,52.50133848
4,4300624,2018,5,10,2,3,0,3,0,0,1,0,1,0,0,0,13.31824599,52.51098649
8,8200729,2018,5,12,2,3,2,6,0,0,1,0,0,0,0,0,13.41081531,52.43017222
7,7200308,2018,5,6,2,3,5,3,0,0,1,0,0,0,1,0,13.34368789,52.47836554
1,1401049,2018,5,17,6,3,5,3,0,0,1,0,0,0,0,0,13.36569562,52.55194884
1,1401045,2018,5,9,5,3,0,3,0,1,1,0,0,0,0,0,13.37702814,52.55380113
2,2200213,2018,5,14,1,3,5,2,0,1,1,0,0,0,0,0,13.40896579,52.49288447
1,1100312,2018,5,16,1,3,6,4,0,1,0,1,0,0,0,0,13.40635398,52.51363053
6,6300632,2018,5,14,5,2,5,3,0,1,1,0,0,0,0,0,13.2967526,52.42694052
2,2400625,2018,5,23,1,3,5,2,2,1,1,0,0,0,0,0,13.44680332,52.50269289
8,8200833,2018,5,23,1,2,6,4,2,0,1,1,0,0,0,0,13.44887956,52.41945934
2,2200210,2018,5,22,1,3,6,7,2,1,0,1,0,0,0,0,13.38847912,52.49288956
8,8100313,2018,5,21,1,3,5,2,2,1,1,0,0,0,0,0,13.44637535,52.48637929
9,9200510,2018,5,19,1,3,5,2,0,1,1,0,0,0,0,0,13.51429949,52.46873038
4,4501150,2018,5,18,6,2,1,5,0,1,1,0,0,0,0,0,13.32217215,52.48473764
5,5200524,2018,5,18,1,3,2,6,0,0,1,0,0,0,0,0,13.12450862,52.52888298
7,7400927,2018,5,20,5,3,5,3,1,0,1,0,1,0,0,0,13.40237783,52.45953774
5,5200631,2018,5,19,1,3,5,3,0,0,1,0,0,0,1,0,13.20348943,52.52110301
2,2200207,2018,5,15,1,3,5,3,0,1,0,0,0,0,1,0,13.37744445,52.49976192
2,2200209,2018,5,16,1,3,5,2,0,1,1,0,0,0,0,0,13.38611932,52.48736309
1,1100102,2018,5,21,7,3,0,7,1,1,0,0,0,0,0,0,13.37457664,52.51024841
9,9501939,2018,5,17,5,2,2,6,0,0,1,0,0,0,0,0,13.55848794,52.45367552
1,1100416,2018,5,17,6,3,0,1,0,1,0,0,0,0,0,0,13.40364527,52.53245561
1,1100310,2018,5,16,1,2,0,1,0,1,0,0,0,0,0,0,13.40791204,52.51782547
1,1400937,2018,5,5,2,3,5,3,0,1,1,0,1,0,0,0,13.33323052,52.56092682
4,4100101,2018,5,10,4,3,2,6,0,0,1,0,0,0,1,0,13.29730423,52.54800294
5,5200423,2018,5,22,2,3,0,4,2,0,1,1,0,0,0,0,13.14189173,52.53251719
3,3701660,2018,5,9,3,3,1,5,0,1,1,0,0,0,0,0,13.42916149,52.52867454
9,9501939,2018,5,14,2,3,6,4,0,0,1,1,0,0,0,0,13.5771642,52.45586919
8,8401242,2018,6,12,6,2,5,3,0,0,1,0,0,0,0,0,13.48982035,52.4200351
8,8401243,2018,5,19,2,2,5,2,0,0,1,0,1,0,0,0,13.50919723,52.422893
6,6200313,2018,5,20,2,3,5,2,1,1,0,0,1,0,0,0,13.34356492,52.4392076
2,2100106,2018,6,10,6,3,1,5,0,0,1,0,0,0,1,0,13.40602676,52.49846694
1,1100311,2018,5,19,3,2,6,4,0,1,0,1,0,0,0,0,13.41773479,52.51814399
10,10300734,2018,5,19,2,2,2,2,0,0,1,0,0,0,0,0,13.56339983,52.49634071
3,3500933,2018,6,10,6,3,0,2,0,0,1,0,0,0,1,0,13.45068956,52.55241313
7,7200414,2018,5,12,3,3,6,4,0,0,1,1,0,0,0,0,13.36809979,52.48507302
1,1100206,2018,6,10,6,3,6,4,0,1,0,1,0,0,0,0,13.38091053,52.51622595
2,2200210,2018,5,17,3,2,5,3,0,1,0,0,0,0,0,0,13.38849223,52.49262129
11,11401032,2018,5,20,2,2,6,4,0,1,0,1,0,0,0,0,13.5192026,52.51337295
12,12200515,2018,6,9,6,3,3,6,0,1,1,0,0,0,0,0,13.28539807,52.58803237
12,12400721,2018,5,13,3,3,5,2,0,0,1,0,1,0,0,0,13.29684431,52.62747489
7,7100103,2018,6,9,6,3,0,3,0,0,1,0,0,0,1,0,13.35874398,52.49438597
9,9100202,2018,5,18,2,3,0,3,0,1,1,0,0,0,0,0,13.46407962,52.48186826
5,5100210,2018,6,7,6,3,5,2,0,1,1,0,0,0,0,0,13.19153233,52.54640324
4,4501045,2018,5,18,2,2,2,6,0,0,1,0,1,0,0,0,13.33514662,52.49930929
6,6400843,2018,5,18,2,3,5,3,0,0,1,0,0,0,0,0,13.29389064,52.44949191
8,8100310,2018,6,8,6,3,5,3,0,1,0,0,0,0,1,0,13.43522651,52.49125405
6,6400735,2018,5,17,3,3,3,6,0,1,1,0,0,0,0,0,13.16082143,52.43005578
1,1200623,2018,5,18,2,3,2,2,0,1,1,0,0,0,0,0,13.35662225,52.53567795
7,7400822,2018,6,8,6,2,5,2,0,1,0,0,0,1,0,0,13.37061208,52.47046413
1,1100206,2018,5,7,3,3,2,2,0,0,1,0,0,0,1,0,13.39164486,52.52216136
11,11300618,2018,6,8,6,2,0,1,0,0,0,0,1,0,0,0,13.46670166,52.5240714
9,9200511,2018,6,7,6,3,5,3,0,1,1,0,0,0,0,0,13.51381787,52.46475588
5,5100317,2018,5,17,2,2,5,3,0,1,1,0,0,0,0,0,13.23557039,52.52920104
2,2100101,2018,6,6,6,3,1,5,0,1,1,0,0,0,0,0,13.38751639,52.50043432
10,10400837,2018,6,6,6,3,2,6,0,0,1,0,0,0,0,0,13.57348562,52.48483296
6,6400735,2018,5,17,2,2,5,2,0,1,1,0,0,0,0,0,13.16029559,52.41971448
3,3400831,2018,5,17,2,3,5,2,0,0,0,0,1,0,1,0,13.43125831,52.58042767
4,4200309,2018,6,17,6,3,5,3,0,0,1,0,1,0,0,0,13.25498521,52.51595351
9,9200819,2018,5,7,3,3,2,2,0,0,1,0,0,0,0,0,13.56972714,52.44197299
8,8200725,2018,6,8,6,3,8,1,0,0,0,0,1,0,0,0,13.41193743,52.43908471
9,9300920,2018,6,15,6,3,5,3,0,1,1,0,0,0,0,0,13.53851407,52.42012568
1,1100102,2018,5,12,3,3,5,2,0,0,1,0,1,0,0,0,13.37191726,52.52075537
11,11300721,2018,6,14,6,2,0,1,0,0,0,0,1,0,0,0,13.50729985,52.53468382
2,2500726,2018,6,14,6,3,5,2,0,1,0,0,0,0,1,0,13.45152046,52.52039779
12,12100101,2018,5,16,2,3,6,4,0,0,1,1,0,0,0,0,13.36469564,52.56272585
3,3200308,2018,6,16,6,3,2,6,0,0,1,0,0,0,0,0,13.42156755,52.60553219
7,7601545,2018,5,14,2,3,2,7,0,1,1,0,0,0,0,0,13.40724193,52.3938084
2,2400521,2018,6,7,6,3,5,3,0,1,1,0,0,0,0,0,13.43697232,52.51904279
5,5100103,2018,5,16,3,2,5,2,0,0,1,0,1,0,0,0,13.20968438,52.56611558
9,9100304,2018,6,5,6,3,2,2,0,0,1,0,1,0,0,0,13.48050877,52.46030042
1,1100416,2018,5,13,2,3,4,1,0,1,0,0,0,0,1,0,13.40535349,52.5342545
4,4501042,2018,5,10,5,3,3,6,0,1,0,0,1,0,0,0,13.33776222,52.50516856
7,7200413,2018,5,19,3,2,5,3,0,1,1,0,0,0,0,0,13.36622497,52.48113012
8,8200730,2018,5,23,5,3,3,6,2,0,1,0,0,0,0,0,13.43614158,52.4400643
1,1100416,2018,5,23,5,2,0,7,2,1,0,0,0,0,0,0,13.40005149,52.53287963
1,1300730,2018,5,7,3,3,5,2,0,1,1,0,0,0,0,0,13.37312447,52.55725927
8,8100312,2018,5,21,5,3,5,2,2,0,1,0,0,0,0,0,13.44009168,52.4816534
5,5100211,2018,5,21,5,3,0,7,1,0,1,0,0,0,0,0,13.17492652,52.54011318
12,12601031,2018,5,12,2,3,2,6,0,0,1,0,0,0,1,0,13.32986522,52.60217025
1,1200517,2018,5,19,5,3,5,3,0,1,1,0,0,0,0,0,13.34409395,52.53798325
11,11200514,2018,5,17,3,3,5,7,0,1,1,0,0,0,0,0,13.49171676,52.53433239
2,2300314,2018,5,12,2,3,1,5,0,1,1,0,0,0,0,0,13.421412,52.50070584
1,1100206,2018,5,19,5,3,5,2,0,1,1,0,0,0,0,0,13.38038367,52.51808495
4,4300621,2018,5,10,3,3,6,7,0,0,0,1,0,1,0,0,13.30495,52.51351879
11,11401135,2018,5,19,5,3,5,3,0,1,1,0,0,0,0,0,13.50608265,52.49200631
11,11200513,2018,5,18,5,3,5,5,0,1,1,0,0,0,0,0,13.49589922,52.54587294
8,8401243,2018,5,11,2,3,6,4,0,0,1,1,0,0,0,0,13.49556954,52.41780187
10,10300734,2018,5,17,5,3,5,2,0,1,0,0,0,0,1,0,13.5618793,52.49387616
12,12601236,2018,5,8,2,3,0,5,0,0,0,0,0,0,1,0,13.34632257,52.59205756
8,8100314,2018,5,18,5,3,3,6,0,0,0,0,1,1,0,0,13.43523396,52.4808542
12,12601235,2018,5,8,2,3,6,4,0,0,1,1,0,0,0,0,13.35493111,52.59662889
1,1200517,2018,5,13,2,2,5,7,0,0,1,0,1,0,0,0,13.33790262,52.53470656
2,2100103,2018,5,18,5,3,5,3,0,0,1,0,0,0,0,0,13.3994827,52.50469564
2,2300315,2018,5,23,3,3,0,7,2,0,1,0,1,0,0,0,13.43202733,52.49933032
1,1200522,2018,5,14,2,3,0,2,0,0,1,0,1,0,0,0,13.33802509,52.52552462
1,1100102,2018,5,17,5,3,5,2,0,1,1,0,0,0,0,0,13.34935035,52.51507424
7,7601238,2018,5,14,3,3,5,3,0,1,1,0,0,0,0,0,13.39002741,52.41964082
8,8200725,2018,5,17,5,2,5,3,0,1,1,0,0,0,0,0,13.43035635,52.44281785
1,1200522,2018,5,11,2,2,5,3,0,1,1,0,0,0,0,0,13.32953324,52.5238123
9,9200715,2018,5,22,5,3,2,6,2,0,1,0,0,0,0,0,13.54088113,52.43560991
6,6200422,2018,5,10,2,2,5,7,0,0,1,0,0,0,1,0,13.32800573,52.42863614
12,12200412,2018,5,14,2,3,2,6,0,0,1,0,0,0,0,0,13.28513212,52.57555993
8,8200832,2018,5,17,5,3,1,5,0,1,1,0,0,0,0,0,13.43048584,52.41466171
1,1100102,2018,5,17,3,3,6,4,0,0,1,1,0,0,0,0,13.3511885,52.51523579
6,6400844,2018,5,16,2,3,2,6,0,0,1,0,0,0,0,0,13.28854244,52.46562768
11,11401033,2018,5,16,5,3,2,6,0,0,1,0,0,0,1,0,13.52431048,52.51348516
7,7501031,2018,5,9,3,3,0,7,0,1,0,0,0,0,1,0,13.40714379,52.45164814
9,9501939,2018,5,16,2,3,5,2,0,1,0,0,0,0,1,0,13.56261328,52.45636669
3,3601452,2018,5,16,5,3,5,3,0,0,1,0,0,0,0,0,13.44924735,52.52872634
4,4400726,2018,5,12,3,3,5,2,0,1,1,0,0,0,0,0,13.28405077,52.48527598
10,10400941,2018,5,16,5,3,5,3,0,1,1,0,0,0,0,0,13.60114907,52.47923519
1,1100311,2018,5,20,5,2,0,7,0,1,0,0,0,0,0,0,13.4237679,52.52363178
8,8200623,2018,5,16,2,3,3,6,0,0,1,0,1,0,0,0,13.43817945,52.45365432
10,10200420,2018,5,16,2,3,5,2,0,0,1,0,0,0,0,0,13.60132947,52.53576678
6,6300630,2018,5,15,5,3,6,2,0,0,1,1,0,0,0,0,13.3161042,52.4498102
8,8100313,2018,5,15,3,3,5,3,0,0,1,0,0,0,0,0,13.44475438,52.48510503
4,4300623,2018,5,15,5,3,1,5,0,1,1,0,0,0,0,0,13.31098493,52.50637892
8,8100105,2018,5,15,5,3,5,3,0,0,1,0,0,0,0,0,13.43421638,52.46318209
11,11300722,2018,5,7,3,3,0,2,0,1,1,0,0,0,0,0,13.48510611,52.51579264
6,6400838,2018,5,15,5,3,5,3,0,1,1,0,0,0,0,0,13.22667404,52.43973517
8,8200730,2018,5,17,5,2,5,3,0,1,1,0,0,0,0,0,13.43518397,52.43610376
11,11300618,2018,5,12,3,3,2,2,0,0,1,0,0,0,0,0,13.45896122,52.52601084
9,9200716,2018,5,12,5,3,0,6,0,0,1,0,1,0,0,0,13.54398499,52.43640993
9,9501737,2018,5,13,5,3,4,2,0,1,1,0,0,0,0,0,13.61688491,52.44668278
1,1100313,2018,5,15,2,3,5,2,0,1,1,0,0,0,0,0,13.41832508,52.51051764
7,7300517,2018,5,14,5,2,5,3,0,0,1,0,1,0,0,0,13.34100279,52.47627231
9,9200715,2018,5,14,2,3,5,3,0,1,1,0,0,0,0,0,13.54354021,52.43379407
3,3400826,2018,5,12,5,3,5,2,0,1,0,0,0,0,1,0,13.41269839,52.56280102
6,6200420,2018,5,18,3,2,3,6,0,0,1,0,1,0,0,0,13.30478786,52.41796765
6,6400844,2018,5,15,5,2,1,5,0,1,1,0,0,0,0,0,13.28665785,52.4568596
1,1100206,2018,5,12,5,3,2,6,0,0,1,0,0,0,0,0,13.38911656,52.51520066
3,3601449,2018,5,13,3,3,5,2,0,1,1,0,0,0,0,0,13.45261103,52.53918541
12,12400722,2018,5,8,5,3,0,5,0,0,1,0,0,1,0,0,13.30367541,52.60784016
1,1100416,2018,5,8,2,3,0,1,0,1,0,0,0,0,0,0,13.4021404,52.53081178
1,1100207,2018,5,12,5,3,3,2,0,1,0,0,0,0,0,0,13.4004288,52.51003963
6,6300634,2018,5,18,3,3,0,3,0,0,1,0,1,0,0,0,13.30006982,52.43990698
3,3300413,2018,5,6,2,3,5,3,0,1,1,0,0,0,0,0,13.48433524,52.61384459
8,8200623,2018,5,13,5,2,2,6,0,1,1,0,0,0,0,0,13.44914088,52.45739192
5,5300841,2018,5,13,5,3,5,3,0,1,1,0,0,0,0,0,13.26654423,52.53647812
1,1401045,2018,5,7,2,3,5,2,0,1,1,0,0,0,0,0,13.37710921,52.55659889
4,4200309,2018,5,14,5,3,3,6,0,0,1,0,1,0,0,0,13.24937875,52.52358815
5,5100208,2018,5,7,2,2,5,2,0,1,1,0,0,0,0,0,13.15359894,52.5534687
5,5300838,2018,5,14,5,3,5,3,0,0,1,0,0,0,0,0,13.24788372,52.54873368
4,4501153,2018,5,8,3,3,5,3,0,1,1,0,0,0,0,0,13.33312533,52.48776747
5,5200630,2018,5,8,5,3,2,2,0,0,1,0,0,0,0,0,13.19388237,52.52100697
9,9501838,2018,5,14,5,3,5,3,0,0,1,0,1,0,0,0,13.69302425,52.4391472
4,4501149,2018,5,15,2,3,1,5,0,1,1,0,0,0,0,0,13.32455003,52.48786689
9,9200511,2018,5,8,5,3,0,2,0,1,1,0,0,0,0,0,13.51707087,52.46175835
7,7300517,2018,5,8,2,3,5,2,0,1,1,0,0,0,0,0,13.33277831,52.46901885
6,6100206,2018,5,8,2,3,2,6,0,0,1,0,1,0,0,0,13.32982212,52.44557272
9,9200819,2018,5,7,5,3,0,2,0,1,1,0,0,0,0,0,13.57147915,52.43525982
10,10200628,2018,5,20,3,2,5,3,0,1,1,0,0,0,0,0,13.59347782,52.52716511
6,6100102,2018,5,7,2,3,0,1,0,0,0,0,1,0,0,1,13.31846533,52.46095613
3,3601243,2018,5,7,5,3,2,3,0,1,1,0,0,0,0,0,13.41843754,52.55352355
11,11300617,2018,5,14,3,3,5,3,0,1,1,0,0,0,0,0,13.47759256,52.52671219
9,9200614,2018,5,7,5,3,5,3,0,0,1,0,1,0,0,0,13.53507253,52.45167681
1,1401046,2018,5,7,5,3,6,4,0,0,1,1,0,0,0,0,13.34490087,52.53905114
4,4300414,2018,5,8,2,3,5,2,0,1,1,0,0,0,0,0,13.29730676,52.51079758
5,5300838,2018,5,15,3,3,0,7,0,1,0,0,0,0,0,0,13.24822811,52.54951361
7,7400927,2018,5,7,5,3,5,3,0,1,0,0,0,0,1,0,13.41106191,52.45677183
2,2400625,2018,5,6,2,2,5,3,0,1,1,0,0,0,0,0,13.44665954,52.50280726
12,12200515,2018,5,14,5,3,5,3,0,0,1,0,0,0,0,0,13.28085203,52.5938365
4,4400834,2018,5,5,2,3,5,2,0,1,1,0,0,0,0,0,13.30932997,52.47844507
1,1100102,2018,5,8,2,3,3,6,0,1,1,0,0,0,0,0,13.35467734,52.50967776
8,8100312,2018,5,2,5,3,5,2,2,1,1,0,0,0,0,0,13.44016964,52.48171474
8,8100521,2018,5,16,3,3,0,1,0,0,1,0,0,0,0,0,13.4495944,52.46854609
1,1300730,2018,5,12,2,1,5,3,0,0,1,0,1,0,0,0,13.37323416,52.55727766
8,8100311,2018,5,1,5,3,5,3,2,1,1,0,0,0,0,0,13.42682905,52.48841418
3,3300514,2018,5,13,3,3,5,2,0,0,1,0,1,0,0,0,13.44500284,52.59060756
10,10400938,2018,5,14,5,2,5,3,0,0,1,0,1,0,0,0,13.64080084,52.52810294
11,11300721,2018,5,15,5,3,2,6,0,0,1,0,0,0,1,0,13.49927932,52.53418814
9,9300920,2018,5,7,1,3,1,5,0,1,0,0,0,1,0,0,13.52146307,52.40149156
5,5100316,2018,5,11,5,3,5,2,0,0,1,0,1,0,0,0,13.20417102,52.54050895
4,4500937,2018,5,9,1,3,1,5,0,1,1,0,0,0,0,0,13.29148784,52.49702841
1,1100309,2018,5,11,5,3,5,2,0,1,1,0,0,0,0,0,13.4020268,52.5289693
1,1401044,2018,5,17,3,3,2,7,0,0,1,0,1,0,0,0,13.37331532,52.54794407
1,1200629,2018,5,13,1,3,5,2,0,1,1,0,0,0,0,0,13.33809028,52.51501571
3,3300517,2018,5,10,5,3,5,2,0,1,1,0,0,0,0,0,13.46418483,52.56668019
4,4400830,2018,5,18,3,3,5,2,0,1,1,0,0,0,0,0,13.29588101,52.48118266
2,2200208,2018,5,10,5,3,0,2,0,1,0,0,0,1,0,0,13.38759142,52.49305946
8,8100311,2018,5,9,5,3,5,2,0,1,1,0,0,0,0,0,13.43023312,52.48618998
7,7601340,2018,5,12,3,2,5,7,0,0,1,0,1,0,0,0,13.35069904,52.41427827
5,5100211,2018,5,8,5,3,5,2,0,0,1,0,0,0,0,0,13.17806891,52.54874794
7,7100103,2018,5,8,5,3,5,2,0,1,1,0,0,0,0,0,13.3570555,52.49890037
3,3200308,2018,5,15,1,3,1,1,0,0,1,0,1,0,0,1,13.4261507,52.59562853
2,2300315,2018,5,8,5,3,5,2,0,1,1,0,0,0,0,0,13.43199741,52.49932528
7,7100102,2018,5,15,1,3,5,3,0,0,1,0,0,0,0,0,13.34630027,52.50109751
9,9401329,2018,5,8,5,2,5,3,0,1,1,0,0,0,0,0,13.58663487,52.42803747
3,3500936,2018,5,17,3,3,0,7,0,1,0,0,0,0,0,0,13.45555946,52.54621798
2,2200210,2018,5,11,5,3,0,1,0,1,0,0,0,0,0,0,13.39196414,52.49770066
2,2100104,2018,5,15,4,3,5,3,0,1,1,0,0,0,0,0,13.41114846,52.50351288
9,9501940,2018,5,2,3,3,0,7,2,0,1,0,0,0,1,0,13.58075052,52.45757479
4,4300622,2018,5,11,4,3,5,2,0,1,1,0,0,0,0,0,13.31950831,52.51372297
12,12200515,2018,5,16,1,3,5,7,0,0,1,0,0,0,0,1,13.28550425,52.58777867
1,1100310,2018,5,10,4,3,2,7,0,1,1,0,0,0,0,0,13.40791973,52.52454215
8,8100417,2018,5,18,4,3,6,2,0,0,1,1,0,0,0,0,13.45579138,52.47389795
9,9200510,2018,5,7,3,3,2,6,0,0,1,0,0,0,1,0,13.50014574,52.46881179
10,10100312,2018,5,8,4,3,5,2,0,0,0,0,0,0,1,0,13.5402863,52.5258698
2,2400623,2018,5,19,4,3,5,2,0,1,0,0,1,0,0,0,13.43032624,52.51044779
2,2100102,2018,5,16,1,3,6,4,0,1,0,1,0,0,0,0,13.39471718,52.50483669
1,1100206,2018,5,19,4,3,5,2,0,1,1,0,0,0,0,0,13.380295,52.51888872
7,7400720,2018,5,14,4,3,2,6,0,0,0,0,1,0,1,1,13.37719198,52.48294145
7,7501133,2018,5,0,1,3,5,3,2,0,1,0,0,0,0,0,13.39007594,52.43435782
4,4300619,2018,5,17,4,2,5,2,0,1,1,0,0,0,0,0,13.31055448,52.51624832
6,6300526,2018,5,9,3,2,6,2,0,0,1,1,0,0,0,0,13.25997445,52.42926626
7,7300516,2018,5,17,4,3,0,4,0,1,0,1,0,0,0,0,13.32861092,52.46497713
1,1200628,2018,5,17,4,3,5,2,0,1,1,0,0,0,0,0,13.35945466,52.52329413
5,5100206,2018,5,7,2,2,3,6,0,0,1,0,1,0,0,0,13.15368814,52.55377022
8,8200832,2018,5,17,4,2,6,4,0,0,1,1,0,0,0,0,13.43170765,52.42186569
1,1100309,2018,5,18,1,3,1,1,0,1,1,0,0,0,0,0,13.39734056,52.52383899
7,7300619,2018,5,19,1,3,5,3,0,0,1,0,1,0,0,0,13.34772974,52.45910391
11,11300618,2018,5,17,4,2,5,2,0,1,1,0,0,0,0,0,13.45881976,52.52662065
4,4501045,2018,5,20,3,3,5,3,0,1,1,0,0,0,0,0,13.33558027,52.49923509
8,8100206,2018,5,19,1,3,6,4,0,0,1,1,0,0,0,0,13.42513579,52.48055436
4,4200308,2018,5,16,4,3,5,3,0,0,1,0,0,0,0,0,13.27416387,52.51550064
8,8100314,2018,5,18,3,3,6,7,0,1,0,1,0,0,0,0,13.43378337,52.48220085
8,8100415,2018,5,20,1,3,5,3,0,1,1,0,0,0,0,0,13.45024551,52.47682001
11,11300724,2018,5,16,4,3,5,2,0,1,0,0,0,0,1,0,13.49259751,52.5120246
1,1300834,2018,5,10,3,2,5,3,0,1,0,0,0,0,1,0,13.38860706,52.54771495
1,1100104,2018,5,16,4,3,5,2,0,0,1,0,0,0,0,0,13.36725525,52.50458619
1,1400938,2018,5,14,1,3,1,5,0,1,1,0,0,0,1,0,13.33329791,52.5448209