BEZ,LOR_ab_2021,UJAHR,UMONAT,USTUNDE,UWOCHENTAG,UKATEGORIE,UART,UTYP1,ULICHTVERH,IstRad,IstPKW,IstFuss,IstKrad,IstGkfz,IstSonstige,USTRZUSTAND,XGCSWGS84,YGCSWGS84
8,8100209,2018,5,16,4,3,5,3,0,0,1,0,0,0,1,0,13.44359035,52.46427012
1,1401048,2018,5,18,1,2,5,3,0,1,1,0,0,0,0,0,13.36118593,52.55503306
3,3300413,2018,5,10,1,3,8,1,0,0,1,0,0,0,0,0,13.48498681,52.61483786
2,2200208,2018,5,16,4,3,3,6,0,1,1,0,0,0,0,0,13.38517611,52.49844953
2,2200209,2018,5,18,3,3,5,5,0,1,1,0,0,0,0,0,13.38221747,52.48983879
4,4501042,2018,5,15,4,3,6,4,0,0,0,1,0,0,1,0,13.33131396,52.50358181
5,5200528,2018,5,6,3,3,3,6,0,0,1,0,1,0,0,0,13.16847765,52.518867
9,9200510,2018,5,15,4,3,5,2,0,0,1,0,0,1,0,0,13.51225479,52.47074775
3,3601245,2018,5,11,1,3,0,1,0,1,0,0,0,0,0,0,13.43762158,52.5418052
1,1200626,2018,5,8,4,3,5,3,0,1,1,0,0,0,0,0,13.35273679,52.52128547
6,6300634,2018,5,12,3,2,5,2,0,1,1,0,0,0,0,0,13.30959382,52.43141712
10,10100311,2018,5,8,4,3,2,2,0,1,1,0,0,0,0,0,13.51975496,52.52577196
11,11200514,2018,5,8,4,3,1,5,0,1,1,0,0,0,0,0,13.48474353,52.53667437
1,1100103,2018,5,15,1,3,2,6,0,0,1,0,0,0,0,0,13.35146979,52.50502539
10,10100311,2018,5,15,1,3,5,3,0,0,1,0,0,0,0,1,13.51758982,52.53536333
9,9200715,2018,5,8,4,3,5,2,0,0,1,0,0,0,0,0,13.52235236,52.42840335
1,1300733,2018,5,15,3,3,2,6,0,0,1,0,0,0,0,0,13.39092673,52.55549566
11,11401137,2018,5,8,4,3,5,2,0,1,1,0,0,0,0,0,13.52473647,52.49532231
3,3701554,2018,5,8,4,3,5,3,0,1,1,0,0,0,0,0,13.41080293,52.53065325
4,4300414,2018,5,9,3,3,0,1,0,1,0,0,0,0,0,0,13.29678265,52.51689153
11,11501339,2018,5,7,4,3,6,4,0,0,1,1,0,0,0,0,13.51919386,52.48748948
4,4200311,2018,5,6,4,3,2,6,0,0,1,0,0,0,0,0,13.27851139,52.50690736
12,12400619,2018,5,16,1,2,9,1,0,1,0,0,0,0,0,0,13.28140822,52.60035166
1,1300835,2018,5,6,4,3,5,2,0,1,1,0,0,0,0,0,13.38810785,52.53374481
1,1100207,2018,5,19,4,2,5,3,0,1,0,0,0,0,0,0,13.40001981,52.50948434
11,11100307,2018,5,13,7,2,2,6,0,1,0,0,0,0,1,0,13.50400793,52.56989415
2,2400623,2018,5,5,4,3,5,3,0,0,1,0,0,0,1,0,13.43039104,52.51042312
12,12100204,2018,5,0,7,3,1,5,2,0,1,0,0,0,0,0,13.36028541,52.56191885
3,3300517,2018,5,4,4,3,7,7,1,0,0,0,1,0,0,0,13.47141332,52.57073111
3,3601245,2018,5,18,3,2,3,6,0,1,0,0,0,1,0,0,13.42848932,52.54786618
2,2400625,2018,5,0,4,2,0,1,1,1,0,0,0,0,0,0,13.4464974,52.50274089
1,1100205,2018,5,19,4,3,5,2,0,1,0,0,0,0,1,0,13.37703403,52.50861387
4,4100101,2018,5,7,3,2,5,2,0,0,1,0,0,0,0,0,13.32624225,52.53802717
1,1401049,2018,5,23,4,3,2,6,2,0,1,0,0,0,0,0,13.36578581,52.55713697
11,11400931,2018,5,22,4,3,5,3,2,1,0,0,1,0,0,0,13.51917064,52.50928322
8,8100419,2018,5,21,7,3,5,3,1,0,1,0,0,0,0,0,13.4488269,52.48503376
8,8100209,2018,5,20,4,3,1,5,1,1,1,0,0,0,0,0,13.44500966,52.46804003
8,8401243,2018,5,19,3,3,5,7,0,0,0,0,1,0,1,0,13.49306131,52.4205614
8,8100417,2018,5,20,7,3,2,6,0,0,1,0,0,0,0,0,13.4493847,52.47422968
6,6400737,2018,5,20,4,3,6,4,0,0,1,1,0,0,0,0,13.21846891,52.42852949
1,1100309,2018,5,15,3,3,6,4,0,0,1,1,0,0,0,0,13.40271338,52.52401983
1,1200519,2018,5,20,4,3,2,3,0,0,1,0,1,0,0,0,13.33617869,52.53046132
2,2200208,2018,5,20,7,2,5,3,0,1,1,0,0,0,0,0,13.38343575,52.4937819
1,1200623,2018,5,0,4,3,0,6,2,1,1,0,0,0,0,0,13.36245535,52.5300381
9,9501737,2018,5,8,3,3,1,5,0,1,0,0,0,1,0,0,13.62516303,52.45454359
9,9501838,2018,5,14,4,3,4,1,0,0,1,0,1,0,0,0,13.6774076,52.44537898
1,1300836,2018,5,13,4,3,5,2,0,0,1,0,1,0,0,0,13.37765638,52.54404784
5,5300841,2018,5,11,2,3,2,6,0,0,1,0,0,0,0,0,13.26518738,52.53682377
4,4400727,2018,5,13,4,3,1,5,0,1,1,0,0,0,0,0,13.29398401,52.48932815
7,7601544,2018,5,19,7,2,1,5,0,1,1,0,0,0,0,0,13.39848063,52.38869773
7,7300517,2018,5,19,7,3,5,3,0,1,1,0,0,0,0,0,13.33283205,52.47541983
7,7300516,2018,5,12,4,3,0,3,0,1,0,0,0,0,1,0,13.32801836,52.46709086
9,9200510,2018,5,21,3,3,6,7,1,0,1,1,0,0,0,0,13.51388324,52.46306071
11,11400927,2018,5,18,7,3,3,6,0,1,1,0,0,0,0,0,13.47159418,52.50486601
4,4200311,2018,5,11,4,3,5,7,0,0,0,0,0,1,1,0,13.2792442,52.5034958
1,1100313,2018,5,14,3,3,5,2,0,0,1,0,0,0,0,0,13.4277494,52.50755162
4,4501150,2018,5,11,4,3,5,2,0,1,1,0,0,0,0,0,13.3226766,52.48643655
9,9401534,2018,5,6,4,3,0,2,0,1,1,0,0,0,0,0,13.57538357,52.44743614
3,3200309,2018,5,10,7,3,5,3,0,0,1,0,1,0,0,0,13.43396802,52.61177296
5,5100317,2018,5,17,7,2,1,5,0,0,1,0,1,0,0,0,13.22795505,52.53010675
2,2200212,2018,5,8,7,3,0,7,0,0,1,0,1,0,0,0,13.41941245,52.48757315
8,8300935,2018,5,9,4,3,6,2,0,0,1,1,0,0,0,0,13.45761357,52.42266579
5,5200420,2018,5,12,7,3,2,6,0,0,1,0,0,0,0,0,13.18135753,52.53406425
5,5300840,2018,5,17,7,3,1,7,0,0,1,0,0,1,0,0,13.25414557,52.53499741
2,2500833,2018,5,8,4,3,3,2,0,1,1,0,0,0,0,0,13.4520878,52.51067794
7,7601339,2018,5,19,3,3,5,2,0,0,1,0,0,0,0,0,13.35025395,52.41431981
4,4300413,2018,5,5,7,3,5,5,1,1,1,0,0,0,0,0,13.29086721,52.51473792
7,7400720,2018,5,14,4,3,1,1,0,1,1,0,0,0,0,1,13.37732455,52.48263872
4,4300414,2018,5,12,3,3,2,6,0,0,1,0,1,0,0,0,13.30056141,52.51767185
9,9200716,2018,5,14,4,3,5,3,0,1,0,0,0,0,1,1,13.55307028,52.43401387
11,11300722,2018,5,11,4,2,5,3,0,1,0,0,0,0,1,0,13.47962005,52.52310338
8,8100311,2018,5,0,7,3,3,6,2,0,1,0,0,0,1,0,13.42713035,52.48712522
2,2500836,2018,5,2,7,2,1,1,2,1,1,0,0,0,0,0,13.46806116,52.49883348
9,9200511,2018,5,11,4,2,0,3,0,0,1,0,1,0,0,0,13.51704992,52.46176313
6,6300629,2018,5,19,3,3,5,2,0,0,1,0,1,0,0,0,13.29384299,52.4455758
1,1300733,2018,5,9,4,2,2,6,0,0,1,0,1,0,0,0,13.39191366,52.55509699
4,4200311,2018,5,14,4,2,3,6,0,0,1,0,0,1,0,0,13.27946522,52.50441364
3,3400724,2018,5,8,3,3,2,6,0,0,1,0,0,0,0,0,13.42878287,52.58154341
1,1300730,2018,5,14,4,3,5,2,0,0,1,0,0,0,0,1,13.36983444,52.55973292
1,1100101,2018,5,18,3,3,5,2,0,1,1,0,0,0,0,0,13.34604059,52.50674712
1,1100101,2018,5,12,4,2,5,2,0,0,1,0,0,0,0,0,13.35142884,52.50961064
1,1100206,2018,5,11,3,3,5,2,0,1,1,0,0,0,0,0,13.38071567,52.51660387
12,12200515,2018,5,12,4,2,6,4,0,0,1,1,0,0,0,0,13.28975235,52.58658461
1,1200628,2018,5,14,4,3,5,2,0,0,1,0,0,0,0,0,13.36781458,52.5260955
11,11401135,2018,5,10,7,3,5,2,0,0,1,0,1,0,0,0,13.50954436,52.49620188
8,8100104,2018,5,15,4,3,2,6,0,0,1,0,0,0,0,1,13.42745021,52.46806581
1,1300834,2018,5,17,7,2,5,3,0,1,1,0,0,0,0,0,13.39354216,52.54155024
1,1200628,2018,5,9,4,2,0,6,0,0,1,0,0,0,1,0,13.37104361,52.52697375
9,9200819,2018,5,19,3,2,5,3,0,1,1,0,0,0,0,0,13.56865903,52.44466105
5,5100103,2018,5,9,4,3,2,2,0,0,1,0,0,0,0,0,13.20914044,52.56524663
1,1100310,2018,5,8,3,2,5,3,0,1,0,0,1,0,0,0,13.41542306,52.52687358
11,11200513,2018,5,12,4,2,0,1,0,1,0,0,0,0,0,0,13.49025935,52.54294022
12,12100204,2018,5,12,7,2,5,3,0,0,1,0,0,0,1,0,13.35193207,52.56596835
5,5200634,2018,5,2,7,2,4,6,2,0,1,0,0,0,0,0,13.20446549,52.52424065
2,2100102,2018,6,18,5,3,5,2,0,1,1,0,0,0,0,0,13.39241397,52.5068455
1,1100206,2018,6,20,5,3,0,3,0,1,1,0,0,0,0,0,13.39088849,52.51582245
9,9200715,2018,6,11,3,3,5,3,0,0,1,0,0,0,0,0,13.53286761,52.43362113
10,10100208,2018,6,20,5,3,5,3,1,1,1,0,0,0,0,0,13.56642471,52.55396315
4,4300623,2018,6,11,3,3,3,6,0,1,1,0,0,0,0,0,13.30626286,52.50668568
12,12100205,2018,6,11,3,3,1,7,0,0,0,0,0,1,1,0,13.35604974,52.57207932
2,2200207,2018,6,21,5,3,5,2,1,0,1,0,0,0,0,0,13.37676053,52.49156126
9,9200613,2018,6,10,3,3,5,3,0,1,1,0,0,0,0,0,13.50244564,52.46125685
9,9100306,2018,6,18,5,2,5,3,0,0,0,0,1,0,1,0,13.4799109,52.44565495
1,1400942,2018,6,10,3,3,2,6,0,0,1,0,0,0,1,0,13.34904729,52.54239213
2,2200209,2018,6,15,5,3,5,2,0,1,1,0,0,0,0,0,13.38278766,52.49145206
8,8100209,2018,6,21,3,3,5,3,1,0,1,0,0,0,0,0,13.43732499,52.46447171
2,2200210,2018,6,8,3,3,5,5,0,0,1,0,1,0,0,0,13.40144654,52.49292462
1,1200628,2018,6,16,5,3,3,6,0,1,1,0,0,1,0,0,13.36716782,52.52237655
1,1100205,2018,6,8,3,3,3,2,0,1,0,0,1,0,0,0,13.37659212,52.51005583
1,1300835,2018,6,21,3,2,2,7,2,0,1,0,1,0,0,0,13.38528085,52.53529153
2,2300314,2018,6,16,5,3,2,1,0,1,1,0,1,0,0,0,13.41993745,52.49916435
1,1300836,2018,6,8,3,3,3,6,0,1,1,0,0,0,0,0,13.37415236,52.53749227
10,10100311,2018,6,16,5,3,5,2,0,1,1,0,0,0,0,0,13.52288145,52.53588595
11,11300723,2018,6,8,3,3,4,6,0,1,1,0,0,0,0,0,13.49941303,52.520441
5,5300840,2018,6,8,3,3,5,2,0,1,1,0,0,0,0,0,13.26493552,52.53661566
12,12200515,2018,6,15,5,3,0,4,0,0,0,1,0,0,1,0,13.28699934,52.58626588
5,5200528,2018,6,7,3,2,5,2,0,1,1,0,0,0,0,0,13.17071112,52.51013819
4,4200311,2018,6,15,5,3,5,7,0,0,1,0,1,0,0,0,13.26465096,52.50550048
6,6200315,2018,6,7,3,3,2,7,0,1,1,0,0,0,0,0,13.34336972,52.42783671
7,7501029,2018,6,15,5,2,1,5,0,1,1,0,0,0,0,0,13.38104202,52.44165231
1,1100416,2018,6,7,3,2,5,3,0,1,1,0,0,0,0,0,13.40627757,52.53233328
3,3601449,2018,6,7,3,3,5,2,0,0,1,0,0,0,0,0,13.44938071,52.53720053
4,4300416,2018,6,23,5,3,5,3,2,0,1,0,1,0,0,0,13.29855015,52.50798052
9,9200715,2018,6,17,2,3,1,5,1,1,1,0,0,0,1,0,13.53442876,52.43277411
2,2500835,2018,6,9,2,3,2,3,0,1,1,0,0,0,0,0,13.46843379,52.49981196
7,7300517,2018,6,15,5,3,0,2,0,0,0,0,1,0,1,0,13.34114956,52.47619765
1,1200624,2018,6,18,2,3,3,6,0,0,1,0,1,0,0,0,13.3605383,52.53706847
4,4501153,2018,6,15,5,3,5,2,0,1,1,0,0,0,0,0,13.3318982,52.4803023
7,7601546,2018,6,15,5,3,5,2,0,1,1,0,0,0,0,0,13.38907992,52.39835801
1,1100102,2018,6,14,2,3,6,4,0,0,1,1,0,0,0,0,13.37400703,52.50589801
11,11401136,2018,6,14,5,3,1,5,0,1,0,0,0,0,1,0,13.51150334,52.49600176
6,6100101,2018,6,13,5,3,2,6,0,0,1,0,0,0,0,0,13.31851587,52.45455189
9,9100304,2018,6,7,2,3,6,2,0,0,1,1,0,0,0,0,13.48140936,52.46092251
12,12500926,2018,6,18,2,3,6,4,0,0,1,1,0,0,0,0,13.33503143,52.59564858
10,10300734,2018,6,13,5,3,5,2,0,0,1,0,1,0,0,0,13.5617412,52.50522544
1,1200517,2018,6,18,2,3,5,2,0,0,1,0,0,0,0,0,13.31604107,52.52575143
6,6200420,2018,6,11,5,3,2,6,0,0,1,0,0,0,0,0,13.30369288,52.41170575
3,3601449,2018,6,11,5,3,2,6,0,0,1,0,0,0,0,0,13.45205432,52.54280562
3,3501038,2018,6,18,2,3,1,5,0,1,1,0,0,0,0,0,13.46997176,52.55294435
10,10200418,2018,6,11,5,3,5,2,0,0,1,0,0,0,0,0,13.58884263,52.53933203
1,1401044,2018,6,11,5,3,5,3,0,0,1,0,0,0,0,0,13.3698148,52.55065019
8,8100207,2018,6,18,2,3,2,6,0,0,0,0,1,0,1,0,13.43286338,52.47841213
9,9300920,2018,6,20,5,3,0,1,0,0,0,0,1,0,0,0,13.53003968,52.41450735
1,1100207,2018,6,18,2,3,1,5,0,1,1,0,0,0,0,0,13.3917884,52.5107382
1,1300835,2018,6,20,5,2,0,1,0,0,0,0,1,0,0,0,13.38425966,52.53611632
9,9200511,2018,6,19,2,3,6,4,0,0,1,1,0,0,0,0,13.52574226,52.4606195
4,4300622,2018,6,20,5,3,0,7,0,1,0,0,0,0,0,0,13.32809332,52.50719406
4,4501146,2018,6,19,2,3,6,4,0,0,1,1,0,0,0,0,13.31365682,52.48396962
7,7100102,2018,6,11,5,3,0,1,0,1,0,0,0,0,0,0,13.35428112,52.49812633
4,4501040,2018,6,20,2,3,5,2,0,1,1,0,0,0,0,0,13.312971,52.49992691
8,8100520,2018,6,10,5,3,6,2,0,0,1,1,0,0,0,0,13.46434863,52.47019875
7,7100103,2018,6,9,5,3,6,4,0,0,1,1,0,0,0,0,13.35769443,52.49859931
8,8100105,2018,6,20,2,2,0,7,0,1,0,0,0,0,0,0,13.42120112,52.46661098
10,10100312,2018,6,9,5,3,6,2,0,0,1,1,0,0,0,0,13.54324136,52.53430961
5,5100317,2018,6,9,5,3,2,6,0,0,1,0,0,0,0,0,13.24121471,52.52816817
4,4300517,2018,6,20,2,2,8,1,0,0,0,0,0,0,1,0,13.30022086,52.52610138
3,3500932,2018,6,9,5,3,0,2,0,1,1,0,0,0,0,0,13.4522871,52.56306211
9,9401432,2018,6,7,2,3,5,3,0,1,1,0,0,0,0,0,13.59366824,52.44626865
2,2300316,2018,6,23,2,3,1,5,2,1,1,0,0,0,0,0,13.4403947,52.50187745
11,11501340,2018,6,9,5,3,5,3,0,0,1,0,1,0,0,0,13.53287896,52.47946594
4,4400833,2018,6,18,2,3,5,7,0,1,1,0,0,0,0,0,13.30820337,52.47504914
4,4300622,2018,6,8,5,3,2,6,0,0,1,0,0,0,0,0,13.32398721,52.51645365
12,12400722,2018,6,7,5,3,5,3,0,0,1,0,0,0,0,0,13.29149064,52.62566818
4,4100102,2018,6,17,2,3,5,3,0,0,1,0,0,1,0,0,13.29751559,52.53458806
3,3400724,2018,6,7,5,3,6,4,0,0,1,1,0,0,0,0,13.41790349,52.57704538
1,1200520,2018,6,17,2,2,5,3,0,1,0,0,0,0,1,0,13.34306061,52.52628512
4,4300413,2018,6,7,5,3,5,3,0,1,1,0,0,0,0,0,13.29210151,52.51675904
12,12100205,2018,6,17,2,3,5,2,0,1,0,0,0,0,1,0,13.35570368,52.57760565
9,9200715,2018,6,17,2,3,5,2,0,0,0,0,1,0,0,0,13.53517589,52.43229641
5,5300736,2018,6,7,5,2,5,7,0,0,1,0,0,0,0,0,13.21559841,52.5380951
1,1200517,2018,6,17,2,3,1,5,0,0,1,0,1,0,0,0,13.31700074,52.53083403
5,5200634,2018,6,16,2,3,2,6,0,0,1,0,0,0,0,0,13.20127985,52.51216331
3,3300411,2018,6,6,5,3,5,2,0,1,1,0,0,0,0,0,13.48713978,52.61747622
2,2100101,2018,6,16,2,3,5,3,0,0,1,0,0,0,0,0,13.38791668,52.50288723
2,2100101,2018,6,19,5,3,0,6,0,1,0,0,0,0,1,0,13.38172188,52.50419643
9,9301025,2018,6,17,2,3,5,2,0,1,1,0,0,0,0,0,13.54456381,52.39928719
7,7200307,2018,6,2,5,3,3,6,2,0,1,0,0,0,0,0,13.34496323,52.49104952
11,11300722,2018,6,16,2,3,5,2,0,0,1,0,0,0,0,0,13.48512381,52.51586391
2,2500833,2018,6,16,2,3,1,5,0,1,1,0,0,0,0,0,13.45418788,52.51029727
2,2200208,2018,6,0,5,3,5,3,2,0,1,0,0,0,0,0,13.38024848,52.49879611
7,7100204,2018,6,16,2,2,5,2,0,1,0,0,0,0,0,0,13.35500444,52.49089759
12,12200309,2018,6,16,2,3,2,7,0,0,1,0,1,0,0,0,13.32857114,52.56364327
5,5200422,2018,6,18,5,2,6,4,0,0,1,1,0,0,0,0,13.12968299,52.53614794
11,11300826,2018,6,16,2,3,5,7,0,0,1,0,1,0,0,0,13.49054891,52.50965289
4,4300620,2018,6,15,2,3,2,2,0,1,1,0,0,0,0,0,13.32744477,52.52049827
1,1100101,2018,6,6,5,3,5,3,0,1,0,0,0,0,1,0,13.34904354,52.50860089
12,12200412,2018,6,15,2,3,5,3,0,0,1,0,0,0,0,0,13.29278652,52.57882186
1,1400942,2018,6,11,4,3,5,2,0,1,1,0,0,0,0,0,13.34511016,52.54664004
2,2500836,2018,6,19,4,3,5,7,0,1,0,0,0,0,0,0,13.46838075,52.49966958
1,1100310,2018,6,15,2,2,2,2,0,1,1,0,0,0,0,0,13.41972125,52.52543221
5,5200419,2018,6,15,2,3,5,3,0,0,1,0,0,0,0,0,13.14285371,52.53967132
12,12100204,2018,6,9,4,3,5,2,0,1,1,0,0,0,0,0,13.35412249,52.56209194
7,7400720,2018,6,15,2,3,1,5,0,1,1,0,0,0,0,0,13.38078345,52.48275649
2,2500835,2018,6,9,4,3,5,2,0,1,1,0,0,0,0,0,13.4533224,52.50101329
1,1100102,2018,6,8,4,3,0,2,0,1,1,0,0,0,0,0,13.37359996,52.52081
1,1401046,2018,6,15,2,2,5,2,0,0,1,0,1,0,0,0,13.3450244,52.53911814
9,9200715,2018,6,5,4,3,5,2,0,1,1,0,0,0,0,0,13.54526281,52.42571448
3,3601243,2018,6,8,4,3,1,5,0,1,0,0,0,0,1,0,13.41476784,52.55056323
7,7300517,2018,6,15,2,3,1,5,0,0,1,0,0,0,0,0,13.32861559,52.47686423
1,1100206,2018,6,8,4,3,1,5,0,1,1,0,0,0,1,0,13.38903046,52.51577009
8,8100520,2018,6,8,4,3,5,2,0,1,1,0,0,0,0,0,13.46693472,52.47137982
6,6100103,2018,6,14,2,3,5,3,0,1,1,0,0,0,0,0,13.30990216,52.46663015
2,2300419,2018,6,8,4,3,5,7,0,1,1,0,0,0,0,0,13.44760399,52.49800363
11,11501339,2018,6,14,2,3,5,2,0,0,1,0,0,0,1,0,13.52701016,52.49207539
7,7200307,2018,6,8,4,3,5,2,0,1,1,0,0,0,0,0,13.33900765,52.4922791
1,1400937,2018,6,13,2,3,0,7,0,1,1,0,0,0,0,0,13.33757742,52.5529526
10,10100312,2018,6,9,4,3,2,2,0,1,1,0,0,0,0,0,13.540309,52.52595004
5,5100211,2018,6,19,4,3,5,2,0,1,1,0,0,0,0,0,13.1782157,52.54883516
6,6400735,2018,6,13,2,3,5,3,0,1,0,0,0,0,1,0,13.17594597,52.419564
11,11100204,2018,6,19,4,3,5,2,0,0,1,0,1,0,0,0,13.51767571,52.56386819
9,9100304,2018,6,12,2,2,5,7,0,0,1,0,1,0,0,0,13.48253665,52.46185067
6,6100208,2018,6,19,4,3,0,1,0,0,0,0,1,0,0,0,13.33923169,52.45807115
6,6200313,2018,6,11,2,3,0,3,0,1,0,0,1,0,0,0,13.34446761,52.43568138
1,1100207,2018,6,11,2,3,5,2,0,1,1,0,0,0,0,0,13.39902627,52.50823257
12,12100102,2018,6,19,4,3,5,3,0,1,0,0,0,0,1,0,13.36408569,52.56760584
7,7400927,2018,6,19,4,3,1,5,0,1,1,0,0,0,0,0,13.39981882,52.45659008
5,5200629,2018,6,11,2,3,5,2,0,1,1,0,0,0,0,0,13.19568574,52.52949927
3,3300516,2018,6,20,4,2,2,6,0,0,1,0,0,0,0,0,13.44473935,52.56517756
1,1401045,2018,6,10,2,2,5,3,0,1,1,0,0,0,0,0,13.37709382,52.55659994
3,3501037,2018,6,20,4,3,5,3,1,1,1,0,0,0,0,0,13.46096348,52.56385479
2,2300417,2018,6,10,2,3,0,7,0,0,1,1,0,0,1,0,13.43055594,52.49786732
3,3601348,2018,6,21,4,3,5,3,1,1,1,0,0,0,0,0,13.42275004,52.54141919
2,2400623,2018,6,22,4,3,0,5,2,1,1,0,0,0,0,0,13.43135425,52.51522314
1,1300835,2018,6,8,2,3,6,4,0,0,1,1,0,0,0,0,13.38875197,52.53429524
1,1100207,2018,6,17,4,3,0,1,0,1,0,0,0,0,0,0,13.40336749,52.5113187
6,6100205,2018,6,7,2,3,1,5,0,1,1,0,0,0,0,0,13.34938342,52.44758257
10,10100313,2018,6,7,2,3,0,7,0,0,0,0,1,0,0,1,13.56410487,52.54454935
4,4300623,2018,6,17,4,3,5,3,0,1,1,0,0,0,0,0,13.30420679,52.50792608
4,4400726,2018,6,12,2,3,5,3,0,0,0,0,1,0,1,0,13.28515011,52.49389168
5,5200527,2018,6,18,1,3,5,3,0,0,1,0,1,0,0,0,13.16121287,52.5254024
6,6400737,2018,6,16,4,2,5,3,0,1,0,0,0,0,0,0,13.23623206,52.46946427
4,4501042,2018,6,14,1,3,6,4,0,0,1,1,0,0,0,0,13.3250999,52.50144302
3,3701555,2018,6,21,4,3,0,1,0,0,0,0,1,0,0,0,13.41770233,52.53669702
1,1400938,2018,6,16,4,2,6,4,0,0,1,1,0,0,0,0,13.34195406,52.55221448
4,4501148,2018,6,9,1,3,6,4,0,0,1,1,0,0,0,0,13.31737475,52.48150118
2,2400521,2018,6,22,1,3,0,7,2,0,1,0,0,0,1,0,13.43946209,52.52387043
3,3500935,2018,6,16,4,3,5,3,0,1,1,0,0,0,0,0,13.44974618,52.55106877
9,9501737,2018,6,17,1,3,0,1,0,1,0,0,0,0,0,0,13.62529306,52.45556885
3,3601244,2018,6,16,4,3,5,3,0,1,0,0,0,1,0,0,13.42478984,52.54699777
7,7400823,2018,6,15,1,3,0,7,0,0,0,0,1,0,0,0,13.37649982,52.46728506
4,4200309,2018,6,16,1,3,2,6,0,1,0,0,0,0,0,0,13.25056699,52.52268316
12,12500825,2018,6,15,4,3,0,1,0,0,0,0,1,0,0,0,13.31310321,52.58551245
9,9501737,2018,6,15,1,3,0,4,0,1,0,1,0,0,0,0,13.62465881,52.45037759
8,8200730,2018,6,14,1,3,0,7,0,0,1,1,0,0,0,0,13.43500537,52.43180461
11,11400929,2018,6,19,4,3,5,2,0,0,1,0,1,0,0,0,13.49050483,52.50151125
8,8100415,2018,6,13,1,3,2,6,0,0,1,0,0,0,0,0,13.44224471,52.48073145
4,4500936,2018,6,16,4,3,2,6,0,0,1,0,0,0,0,0,13.30665462,52.50105635
9,9200512,2018,6,15,4,3,5,2,2,0,1,0,1,0,0,0,13.55539233,52.45559004
8,8100209,2018,6,13,1,3,5,3,0,0,1,0,0,0,0,0,13.43699242,52.46509067
5,5200634,2018,6,15,4,3,5,2,0,0,1,0,1,0,0,0,13.2087675,52.51067549
1,1100308,2018,6,11,1,3,2,6,0,0,1,0,0,0,0,1,13.37661032,52.52867554
1,1200518,2018,6,14,4,3,5,3,0,0,1,0,0,0,0,0,13.32640575,52.52763692
6,6100102,2018,6,9,1,3,1,1,0,1,1,0,0,0,0,0,13.31790763,52.46287025
9,9200716,2018,6,9,1,2,5,3,0,0,1,0,0,0,0,0,13.54502558,52.43442678
9,9401329,2018,6,15,4,3,0,1,0,0,0,0,1,0,0,0,13.59655845,52.43701138
7,7100206,2018,6,5,1,2,8,1,0,0,0,0,1,0,0,0,13.37448783,52.49193959
1,1100308,2018,6,18,4,3,5,3,0,0,1,0,1,0,0,0,13.37747024,52.5222313
2,2100105,2018,6,15,4,3,5,3,0,1,1,0,0,0,0,0,13.40506206,52.50090991
3,3200309,2018,6,2,1,3,6,7,2,0,1,1,0,0,0,0,13.43234994,52.60474576
8,8200832,2018,6,15,4,3,6,4,0,0,1,1,0,0,0,0,13.43821464,52.41864756
9,9200512,2018,6,15,4,3,0,7,0,0,0,0,1,0,0,0,13.5297212,52.45690451
11,11300721,2018,6,17,1,2,5,3,0,0,1,0,0,0,0,0,13.49981643,52.53437258
10,10100102,2018,6,15,4,3,2,6,0,0,1,0,0,0,0,0,13.56817147,52.57366104
3,3601450,2018,6,18,1,2,6,4,0,0,1,1,0,0,0,0,13.46125587,52.53023085
1,1400939,2018,6,14,4,3,5,3,0,0,1,0,0,0,0,0,13.35636101,52.55538966
4,4501150,2018,6,22,1,3,0,3,2,1,1,0,0,0,0,0,13.32273339,52.48556081
2,2200210,2018,6,14,4,3,2,6,0,0,1,0,0,0,0,0,13.40520461,52.4892412
3,3400827,2018,6,14,4,3,5,3,0,1,1,0,0,0,0,0,13.41841565,52.5555576
4,4200308,2018,6,11,1,2,5,3,0,1,1,0,0,0,0,0,13.28008253,52.51841007
7,7100102,2018,6,14,4,3,3,2,0,1,1,0,0,0,0,0,13.35373062,52.49991437
6,6300528,2018,6,17,7,3,5,3,0,0,1,0,0,0,0,0,13.24999812,52.42133686
1,1300730,2018,6,12,4,3,5,3,0,0,1,0,1,0,0,0,13.36805042,52.55866984
8,8100417,2018,6,6,5,3,0,2,0,1,1,0,0,0,0,0,13.45320677,52.47530724
2,2400623,2018,6,11,4,3,6,7,0,0,1,1,0,0,0,0,13.44039813,52.51635663
9,9200717,2018,6,17,7,3,2,6,0,0,1,0,1,0,0,0,13.55147973,52.43915332
5,5100209,2018,6,11,4,3,2,6,0,0,1,0,0,0,0,0,13.17843732,52.54879289
2,2200210,2018,6,11,4,3,2,6,0,0,1,0,0,0,0,0,13.40179113,52.49023227
2,2200209,2018,6,15,7,3,1,5,0,1,1,0,0,0,0,0,13.38300647,52.49210762
1,1200519,2018,6,11,4,3,5,7,0,0,1,0,1,0,0,0,13.3314026,52.52717743
4,4300412,2018,6,15,7,3,0,7,0,1,1,0,0,0,0,0,13.2887637,52.51893311
6,6200317,2018,6,7,5,3,5,3,0,0,1,0,1,0,0,0,13.3585462,52.42108412