BEZ,LOR_ab_2021,UJAHR,UMONAT,USTUNDE,UWOCHENTAG,UKATEGORIE,UART,UTYP1,ULICHTVERH,IstRad,IstPKW,IstFuss,IstKrad,IstGkfz,IstSonstige,USTRZUSTAND,XGCSWGS84,YGCSWGS84
2,2300314,2018,6,14,7,3,1,5,0,1,1,0,0,0,1,0,13.41974927,52.50115382
10,10400938,2018,6,10,4,3,5,3,0,0,1,0,0,0,0,0,13.6269822,52.52997444
9,9100409,2018,6,14,7,2,4,6,0,0,1,0,0,0,0,0,13.51336933,52.42778089
1,1100312,2018,6,10,4,3,6,2,0,0,1,1,0,0,0,0,13.41770128,52.51378489
11,10100205,2018,6,15,5,3,5,2,0,1,1,0,0,0,0,0,13.52826787,52.5568888
4,4300622,2018,6,8,4,3,5,3,0,1,1,0,0,0,0,0,13.33030877,52.51297916
10,10400938,2018,6,11,7,3,2,6,0,0,1,0,0,0,0,1,13.64690984,52.52098822
1,1300835,2018,6,9,4,2,2,6,0,0,1,0,1,0,1,0,13.38187776,52.54162501
7,7200409,2018,6,11,7,3,6,4,0,1,0,1,0,0,0,0,13.35075379,52.48614156
1,1100311,2018,6,11,7,3,1,5,0,0,1,0,1,0,0,0,13.42072301,52.51809216
2,2300316,2018,6,7,4,3,2,6,0,1,1,0,0,0,0,0,13.44199844,52.50090224
3,3501038,2018,6,8,7,3,5,3,0,0,1,0,0,0,0,0,13.48268933,52.55622164
10,10300734,2018,6,16,5,3,5,3,0,0,1,0,1,0,0,0,13.55407863,52.49384157
9,9501939,2018,6,15,7,3,6,4,0,0,1,1,0,0,0,1,13.57821034,52.45729311
7,7100206,2018,6,7,4,3,0,5,0,1,1,0,0,0,0,0,13.36230419,52.48923804
3,3601142,2018,6,22,7,3,2,6,2,0,1,0,0,0,0,0,13.41101704,52.54112448
6,6200422,2018,6,16,5,3,2,6,0,0,0,0,1,0,1,0,13.32613407,52.42787244
1,1100308,2018,6,21,7,3,6,4,2,0,0,1,1,0,0,0,13.38114155,52.53210799
6,6400838,2018,6,7,4,3,2,6,0,0,1,0,0,0,0,0,13.25031794,52.453845
10,10400837,2018,6,19,7,3,5,3,0,0,1,0,1,0,0,0,13.58700708,52.48153353
1,1300733,2018,6,7,4,3,5,2,0,1,1,0,0,0,0,0,13.39027792,52.55554875
3,3601243,2018,6,17,5,3,5,3,0,1,1,0,0,0,0,0,13.41728902,52.54990233
7,7601548,2018,6,19,7,2,6,4,0,0,1,1,0,0,0,0,13.41578048,52.38691772
5,5300737,2018,6,6,4,3,3,6,0,0,1,0,1,0,0,0,13.2477181,52.54754721
4,4501149,2018,6,19,7,3,5,5,0,1,1,0,0,0,0,0,13.3225828,52.48727515
9,9301025,2018,6,10,7,3,2,2,0,1,0,0,0,0,1,0,13.55284177,52.39941875
2,2400625,2018,6,6,4,3,5,2,0,1,1,0,0,0,0,0,13.44664055,52.50281651
10,10100312,2018,6,9,7,2,5,3,0,1,1,0,0,0,0,0,13.5373869,52.5344838
9,9401534,2018,6,17,5,3,1,1,0,1,1,0,0,0,0,0,13.57411031,52.44498746
2,2200209,2018,6,8,4,3,5,3,0,1,1,0,0,0,0,0,13.37928712,52.48970441
3,3500933,2018,6,8,7,3,5,3,0,0,1,0,0,0,0,0,13.45857846,52.55777452
4,4300416,2018,6,21,4,1,5,7,2,0,1,1,0,0,0,0,13.29917053,52.50672721
1,1401046,2018,6,17,5,3,2,6,0,0,1,0,0,0,0,0,13.34921944,52.54194752
11,11501238,2018,6,7,7,3,5,7,0,0,1,0,0,0,1,0,13.48038737,52.49911956
8,8100104,2018,6,18,3,3,5,2,0,1,1,0,0,0,0,0,13.42075358,52.46862357
2,2100104,2018,6,12,7,3,0,2,0,1,1,0,0,0,0,0,13.41097596,52.50382439
11,11300722,2018,6,7,3,3,5,3,0,1,1,0,0,0,0,0,13.47721237,52.52285184
7,7400826,2018,6,17,5,3,5,3,0,0,1,0,0,0,0,0,13.36302335,52.44776477
4,4501150,2018,6,16,3,3,5,3,0,1,1,0,0,0,0,0,13.32623133,52.48636509
7,7601238,2018,6,10,7,3,5,7,0,0,1,0,0,1,0,0,13.38838936,52.41204827
2,2400625,2018,6,6,7,3,6,4,0,0,1,1,0,0,0,0,13.44661725,52.50282786
5,5200631,2018,6,17,3,3,6,7,0,0,1,1,0,0,0,0,13.1973648,52.5246653
6,6400840,2018,6,8,7,2,5,3,0,0,1,0,0,0,0,1,13.2551561,52.44979187
3,3400828,2018,6,21,3,3,0,3,2,1,0,0,0,0,0,0,13.4244384,52.560168
1,1100312,2018,6,18,5,3,5,3,0,1,1,0,0,0,0,0,13.4136709,52.51130089
3,3500934,2018,6,18,3,3,0,4,0,0,1,1,0,0,0,0,13.43172496,52.55460387
1,1400938,2018,6,1,7,3,8,1,2,0,1,0,0,0,0,0,13.33928132,52.5439839
10,10100311,2018,6,8,3,3,6,4,0,0,1,1,0,0,0,0,13.51901238,52.51638475
1,1100206,2018,6,14,3,3,6,4,0,0,1,1,0,0,0,0,13.39310633,52.51460886
2,2400521,2018,6,23,7,3,5,2,2,0,1,0,1,0,0,0,13.44066221,52.51719517
12,12601235,2018,6,13,3,3,2,2,0,0,1,0,0,0,0,0,13.35081016,52.59640052
4,4300518,2018,6,13,3,3,5,3,0,1,1,0,0,0,0,0,13.31446051,52.52308062
3,3400826,2018,6,19,6,3,5,7,0,1,1,0,0,0,0,0,13.41032842,52.56118118
1,1100205,2018,6,12,3,3,3,6,0,1,0,0,0,0,0,0,13.37867031,52.50727681
1,1100312,2018,6,18,6,3,1,5,0,1,1,0,0,0,0,0,13.41573978,52.51007925
1,1100312,2018,6,14,3,3,2,6,0,0,1,0,0,0,0,0,13.41578525,52.51013746
1,1100310,2018,6,18,6,3,1,5,0,1,1,0,0,0,1,0,13.41775144,52.51402094
7,7100101,2018,6,12,3,3,3,6,0,0,0,0,1,0,1,0,13.34178164,52.50227974
1,1100313,2018,6,18,5,3,2,2,0,1,1,0,0,0,0,0,13.42817898,52.5072543
2,2200210,2018,6,14,3,2,5,3,0,1,1,0,0,0,0,0,13.39986077,52.49441886
4,4300416,2018,6,15,6,3,5,2,0,1,1,0,0,0,0,0,13.29494227,52.50667539
6,6300525,2018,6,14,3,3,5,3,0,1,1,0,0,0,0,0,13.26877159,52.4049652
8,8300934,2018,6,12,3,2,0,6,0,0,1,0,1,0,0,0,13.46450988,52.42988352
6,6400844,2018,6,2,6,3,7,7,2,0,1,0,0,0,0,0,13.27483862,52.46065718
11,11100203,2018,6,13,3,3,2,6,0,0,1,0,0,0,0,0,13.54025946,52.56541925
1,1100309,2018,6,18,6,3,5,2,0,0,1,0,1,0,0,1,13.39155153,52.5280658
1,1100313,2018,6,18,5,3,6,2,0,0,1,1,0,0,0,0,13.42221415,52.50541537
6,6200313,2018,6,5,6,3,0,6,0,1,1,0,0,0,0,0,13.3511518,52.44067937
1,1400938,2018,6,15,3,3,0,6,0,0,0,0,1,0,1,0,13.34552283,52.5542194
8,8100312,2018,6,23,6,3,5,3,2,0,1,0,0,0,0,1,13.43982751,52.48390753
11,11300723,2018,6,15,3,3,2,6,0,1,0,0,0,0,1,0,13.49942803,52.52074852
9,9100203,2018,6,18,5,3,5,2,0,1,1,0,0,0,0,0,13.47655664,52.47643649
1,1401046,2018,6,22,6,3,6,2,2,0,1,1,0,0,0,1,13.3448638,52.53913808
1,1300733,2018,6,23,3,3,5,3,2,1,1,0,0,0,0,0,13.38667889,52.54934263
6,6100103,2018,6,21,6,3,2,6,2,0,1,0,0,0,1,1,13.31427042,52.46511806
5,5400943,2018,6,20,3,2,5,3,2,1,0,0,0,0,0,0,13.13365589,52.45239844
1,1401048,2018,6,20,3,3,0,1,0,0,0,0,1,0,0,0,13.35739843,52.54975612
3,3701554,2018,6,13,6,3,3,6,0,1,0,0,1,0,0,0,13.40576504,52.54004732
1,1100309,2018,6,19,3,3,5,3,0,1,1,0,0,0,0,0,13.40248741,52.52806438
4,4300622,2018,6,20,6,3,3,6,1,0,1,0,0,0,0,1,13.32177178,52.51196235
3,3601141,2018,6,20,6,3,2,6,1,0,1,0,0,0,1,1,13.41390308,52.55056188
1,1100416,2018,6,18,3,3,1,5,0,1,1,0,0,0,0,0,13.40246532,52.53119272
1,1100309,2018,6,19,6,3,5,2,0,1,1,0,0,0,0,1,13.39838276,52.52658691
3,3400723,2018,6,19,6,3,0,1,1,1,0,0,0,0,0,1,13.41121208,52.56721441
2,2100102,2018,6,18,3,3,5,3,0,1,1,0,0,0,0,0,13.39448102,52.50696703
3,3601142,2018,6,19,6,3,6,4,0,1,0,1,0,0,0,1,13.40904793,52.54129864
4,4100101,2018,6,18,3,3,5,2,0,0,1,0,0,0,0,0,13.32610277,52.53839167
1,1100102,2018,6,17,3,3,5,3,0,1,1,0,0,0,0,0,13.33794769,52.51360528
3,3601244,2018,6,18,6,3,5,7,0,0,1,0,1,0,0,0,13.42791258,52.5480721
1,1100308,2018,6,18,6,3,1,5,0,1,1,0,0,0,1,0,13.38502444,52.52898648
3,3300517,2018,6,18,6,3,0,1,0,1,0,0,0,0,0,0,13.46758683,52.56751252
10,10200629,2018,6,17,3,3,5,2,0,0,1,0,0,0,0,0,13.58377999,52.52432576
1,1100103,2018,6,16,6,3,2,6,0,0,1,0,0,0,0,0,13.35047882,52.50310273
2,2200210,2018,6,17,6,3,0,1,0,1,0,0,0,0,0,0,13.39680937,52.49265704
2,2100104,2018,6,17,3,3,0,5,0,1,1,0,0,0,1,0,13.40863422,52.50193096
1,1300836,2018,6,19,6,2,1,5,1,0,1,0,0,0,0,1,13.37470868,52.53735917
12,12200515,2018,6,19,6,2,3,6,0,0,1,0,1,0,0,0,13.28181501,52.59217771
2,2400623,2018,6,17,3,3,2,6,0,1,1,0,0,0,0,0,13.42921316,52.51055972
7,7501030,2018,6,18,6,2,0,1,0,1,0,0,0,0,0,0,13.38248419,52.44543359
1,1300732,2018,6,17,3,3,5,2,0,0,1,0,0,0,0,0,13.38626854,52.55870558
7,7400720,2018,6,17,3,3,5,3,0,0,1,0,0,0,0,0,13.37780864,52.47334827
7,7501134,2018,6,17,6,2,1,2,0,0,1,0,1,0,0,0,13.40234628,52.43969468
5,5300839,2018,6,16,6,2,6,4,0,0,1,1,0,0,0,0,13.26315313,52.54847995
11,11401032,2018,6,17,3,3,6,2,0,0,1,1,0,0,0,0,13.51931296,52.51346292
4,4400832,2018,6,21,6,3,0,1,1,0,0,0,1,0,0,1,13.28900885,52.47071556
2,2100102,2018,6,16,3,3,5,3,0,1,1,0,0,0,0,0,13.39548201,52.49903603
4,4501040,2018,6,16,3,3,5,3,0,0,1,0,1,0,0,0,13.3078142,52.50292181
1,1100102,2018,6,15,6,3,0,6,0,0,1,0,1,0,0,0,13.3491063,52.51506648
6,6300526,2018,6,16,3,2,6,4,0,0,1,1,0,0,0,0,13.26036646,52.43492649
3,3701659,2018,6,10,6,3,5,7,0,1,0,0,0,0,1,0,13.42506303,52.53219917
5,5300737,2018,6,16,3,3,0,3,0,0,1,0,1,0,0,0,13.24744729,52.54144464
9,9200511,2018,6,14,6,3,3,6,0,0,1,0,1,0,0,0,13.52993983,52.4627347
12,12500926,2018,6,16,3,3,5,2,0,1,1,0,0,0,0,0,13.32649924,52.59213624
4,4501042,2018,6,16,3,3,5,2,0,0,1,0,1,0,0,0,13.33082847,52.50048442
8,8100418,2018,6,14,6,3,5,2,0,1,1,0,0,0,0,0,13.45182944,52.48088286
11,11200411,2018,6,14,3,2,5,3,0,0,1,0,1,0,0,0,13.52310902,52.54453291
1,1100308,2018,6,13,6,3,1,5,0,1,1,0,0,0,1,0,13.38219903,52.53125606
5,5200629,2018,6,12,3,2,6,4,0,0,0,1,0,0,1,0,13.19795111,52.532946
3,3200309,2018,6,13,6,3,5,3,0,0,1,0,0,0,0,0,13.43455749,52.61298
7,7100102,2018,6,12,3,3,2,6,0,0,1,0,0,0,0,0,13.34627703,52.49617251
12,12100102,2018,6,13,6,3,6,4,0,0,1,1,0,0,0,0,13.36627994,52.5671873
2,2200208,2018,6,12,3,3,3,6,0,1,1,0,0,0,0,0,13.38480875,52.49739247
4,4500939,2018,6,12,6,3,5,7,0,0,0,0,1,0,1,0,13.30972663,52.4930021
3,3500933,2018,6,13,2,2,3,6,0,0,1,0,0,0,0,0,13.46663308,52.55246662
11,11300618,2018,6,13,2,3,1,5,0,1,1,0,0,0,0,0,13.46560148,52.52600903
2,2200208,2018,6,2,6,3,2,6,2,0,1,0,0,0,0,0,13.38618946,52.49333342
1,1100415,2018,6,11,2,3,6,4,0,1,0,1,0,0,0,0,13.38506202,52.53111552
5,5200420,2018,6,10,6,3,0,4,0,0,0,1,0,0,1,0,13.18177154,52.53408164
8,8200730,2018,6,17,5,3,6,4,0,0,1,1,0,0,0,0,13.4480064,52.43696125
8,8200730,2018,6,11,2,3,6,2,0,0,1,1,0,0,0,0,13.43489138,52.44046623
6,6300632,2018,6,12,5,3,4,6,0,0,1,0,1,0,0,0,13.29489638,52.43081842
6,6200421,2018,6,10,2,3,5,2,0,0,1,0,0,0,0,0,13.31750668,52.43081461
4,4300620,2018,6,16,5,3,3,6,0,0,1,0,1,0,0,0,13.32447188,52.52150175
4,4501150,2018,6,10,2,3,2,3,0,1,1,0,0,0,0,0,13.33068854,52.48508169
12,12400720,2018,6,16,5,2,5,3,0,1,1,0,0,0,0,0,13.28072846,52.63401856
11,11200513,2018,6,17,5,3,0,5,0,1,1,0,0,0,0,0,13.48888219,52.54221595
3,3601244,2018,6,7,2,3,5,3,0,1,1,0,0,0,0,0,13.4273775,52.55249775
3,3701556,2018,6,8,5,3,6,4,0,0,1,1,0,0,0,0,13.41921895,52.53064798
11,11300618,2018,6,8,5,3,2,6,0,0,1,0,0,0,0,0,13.45925927,52.525883
6,6100206,2018,6,7,2,3,6,4,0,1,0,1,0,0,0,0,13.33467877,52.45065826
7,7400824,2018,6,22,5,3,8,1,2,0,1,0,0,0,0,0,13.38567788,52.46573046
5,5300737,2018,6,8,2,3,2,6,0,0,1,0,1,0,0,0,13.24193226,52.53852241
5,5100316,2018,6,22,5,3,0,2,2,0,1,0,1,0,0,0,13.19606571,52.53533692
2,2300417,2018,6,21,5,3,1,5,1,0,1,0,0,0,0,0,13.42066198,52.49840328
3,3400722,2018,6,8,2,3,4,1,0,1,1,0,0,0,0,1,13.40462304,52.57584326
12,12601032,2018,6,21,5,3,5,3,0,1,1,0,0,0,0,0,13.33458047,52.6099719
11,11300721,2018,6,9,6,3,2,6,0,0,1,0,0,0,1,0,13.49995493,52.52928337
2,2200210,2018,6,8,2,3,2,3,0,0,1,0,1,0,0,0,13.39579808,52.49788717
1,1100415,2018,6,13,6,3,0,1,0,1,0,0,0,0,0,0,13.39823956,52.53253492
7,7300619,2018,6,20,5,3,5,2,0,1,0,0,1,0,0,0,13.35573108,52.4573696
1,1100205,2018,6,9,2,3,5,3,0,1,1,0,0,0,0,0,13.37761243,52.50838071
6,4200207,2018,6,20,5,2,2,1,0,0,1,0,1,0,0,0,13.20495187,52.48937842
2,2200210,2018,6,19,5,3,0,7,0,1,0,0,0,0,0,0,13.39607383,52.4959111
8,8100103,2018,6,10,2,2,5,2,0,1,1,0,0,0,0,0,13.42761691,52.47438273
1,1200628,2018,6,19,5,2,5,2,0,1,1,0,0,0,0,0,13.35549879,52.51963589
5,5300736,2018,6,19,5,2,6,4,0,0,1,1,0,0,0,0,13.23195628,52.54422804
4,4501042,2018,6,10,2,3,0,5,0,0,1,0,1,0,0,0,13.32513827,52.50171626
11,11400929,2018,6,19,5,3,5,3,0,0,1,0,0,0,0,0,13.49023427,52.50472464
7,7601236,2018,6,9,2,3,3,6,0,0,1,0,0,1,0,0,13.37311809,52.42486051
3,3300411,2018,6,9,2,3,0,1,0,1,0,0,0,0,0,0,13.49139173,52.62227559
1,1100205,2018,6,19,5,2,6,7,0,0,1,1,0,0,0,0,13.38228238,52.51122573
4,4501042,2018,6,13,2,3,0,6,0,0,1,0,0,0,1,0,13.32588956,52.50271901
4,4500936,2018,6,14,6,3,0,5,0,1,1,0,0,0,0,0,13.30383457,52.50417514
1,1100206,2018,6,14,2,3,5,3,0,0,1,0,0,0,1,0,13.38617653,52.51856225
2,2200209,2018,6,18,5,3,5,2,0,0,1,0,1,0,0,0,13.37197177,52.48505458
9,9501941,2018,6,16,6,3,5,3,0,0,1,0,0,0,0,0,13.57862489,52.45244297
2,2500835,2018,6,18,5,3,5,2,0,1,1,0,0,0,0,0,13.46485521,52.49733437
10,10100206,2018,6,18,2,3,5,3,0,1,0,0,0,0,1,0,13.56139373,52.55972619
11,11300617,2018,6,18,5,3,5,3,0,1,1,0,0,0,0,0,13.46679236,52.52850634
1,1300836,2018,6,13,1,3,1,5,0,1,1,0,0,0,0,0,13.37126007,52.5460555
2,2300314,2018,6,17,1,3,6,2,0,1,0,1,0,0,0,1,13.4224132,52.50043608
1,1300835,2018,6,18,5,3,5,3,0,1,1,0,0,0,0,0,13.39189657,52.53895022
9,9501737,2018,6,18,1,3,0,2,0,1,1,0,0,0,0,1,13.62540679,52.45066597
12,12100205,2018,6,23,1,3,5,2,2,1,0,0,0,0,1,0,13.35181369,52.57365678
2,2100106,2018,6,17,5,3,3,6,0,1,1,0,0,0,0,0,13.41752261,52.49885253
11,11300620,2018,6,20,1,2,5,7,1,0,1,0,0,0,0,0,13.4777563,52.5307962
11,11501238,2018,6,18,5,2,5,2,0,0,1,0,1,0,0,0,13.48051003,52.49906359
8,8301037,2018,6,20,1,2,5,2,0,0,1,0,0,0,0,1,13.47396816,52.42574394
4,4501153,2018,6,17,5,3,5,3,0,1,1,0,0,0,0,0,13.33120702,52.48690029
4,4501042,2018,6,19,1,3,2,2,0,0,1,0,0,0,0,0,13.33089853,52.50055947
4,4501042,2018,6,17,5,3,5,2,0,1,1,0,0,0,0,0,13.33097647,52.5005621
3,3601243,2018,6,19,1,2,5,3,0,0,1,0,0,0,1,1,13.42065535,52.54876204
1,1100309,2018,6,16,5,3,0,7,0,1,0,0,0,0,0,0,13.40724371,52.52341165
4,4100102,2018,6,18,1,3,0,6,0,0,1,0,1,0,0,1,13.29337181,52.53412691
8,8100208,2018,6,18,1,3,2,6,0,0,1,0,0,0,0,1,13.44168289,52.46952606
1,1100308,2018,6,15,5,3,0,1,0,1,0,0,0,0,0,0,13.37988341,52.52112179
1,1100310,2018,6,16,1,3,1,5,0,1,1,0,0,0,0,1,13.40803946,52.52485566
12,12200413,2018,6,19,6,2,8,1,0,1,0,0,0,0,0,0,13.27583142,52.57775385
12,12200412,2018,6,14,1,3,5,2,0,1,0,0,0,0,1,1,13.2972676,52.57778475
1,1300834,2018,6,15,5,3,5,2,0,1,1,0,0,0,0,0,13.40144187,52.53979223
9,9301126,2018,6,14,1,3,5,3,0,0,1,0,0,0,0,0,13.55933894,52.42334142
8,8300934,2018,6,15,5,3,2,6,0,0,1,0,0,0,0,0,13.45506135,52.43020774
11,11200512,2018,6,15,5,3,0,5,0,1,1,0,0,0,0,0,13.47481143,52.54760571
3,3400620,2018,6,14,1,3,0,2,0,0,1,0,1,0,0,0,13.38021703,52.57496618
7,7400824,2018,6,14,5,3,0,2,0,1,1,0,0,0,0,0,13.38543895,52.46609565
12,1300730,2018,6,8,6,3,2,6,0,0,0,0,1,0,1,0,13.37698749,52.56059048
3,3601142,2018,6,13,1,3,5,3,0,1,1,0,0,0,0,0,13.40806806,52.54198833
1,1100415,2018,6,8,6,3,1,5,0,1,1,0,0,0,0,0,13.38869606,52.53255523
7,7200414,2018,6,13,1,3,0,7,0,0,1,0,1,0,0,0,13.36480533,52.48711397
9,9200613,2018,6,7,5,3,5,3,0,1,0,0,0,0,1,0,13.50194028,52.46094812
2,2100105,2018,6,10,6,3,2,2,0,1,1,0,0,0,0,0,13.40788424,52.50004513
10,10100209,2018,6,11,1,3,4,5,0,0,1,0,0,0,0,0,13.56361244,52.54922496
1,1400942,2018,6,7,5,3,3,6,0,1,1,0,0,0,0,0,13.34598387,52.54465735
6,6400737,2018,6,11,1,2,5,3,0,1,1,0,0,0,0,0,13.2362374,52.46946325
3,3601142,2018,6,7,5,3,5,2,0,1,1,0,0,0,0,0,13.41312827,52.54768031
2,2400624,2018,6,8,5,3,1,5,0,1,1,0,0,0,0,0,13.44724873,52.51323723
4,4200207,2018,6,10,1,3,6,4,0,1,0,1,0,0,0,0,13.26047242,52.48942897
2,2300314,2018,6,9,5,3,6,4,0,1,0,1,0,0,0,0,13.41840796,52.50005259
3,3500934,2018,6,9,5,3,2,6,0,0,1,0,1,0,0,0,13.4292262,52.55637515
6,6400839,2018,6,9,1,3,0,3,0,1,1,0,0,0,0,0,13.24255085,52.43393326
8,8300935,2018,6,9,5,3,3,6,0,0,1,0,1,0,0,0,13.44651128,52.42677766
12,12200414,2018,6,21,6,3,5,3,1,1,1,0,0,0,0,0,13.29640998,52.55022698
9,9200819,2018,6,9,1,3,5,3,0,0,1,0,0,0,0,0,13.56927309,52.44316554
3,3601244,2018,6,10,5,3,2,6,0,0,1,0,0,1,0,0,13.42982245,52.55148798
1,1100311,2018,6,2,1,3,5,2,2,0,1,0,0,0,0,0,13.41815248,52.51557282
7,7400826,2018,6,11,5,3,5,2,0,1,1,0,0,0,0,0,13.36403401,52.44826847
7,7400825,2018,6,11,5,3,1,5,0,1,1,0,0,0,0,0,13.37823925,52.45399729
6,6200423,2018,6,16,1,3,0,7,0,0,0,0,1,0,0,0,13.31489729,52.41732254
3,3100101,2018,6,13,5,3,6,2,0,0,1,1,0,0,0,0,13.49237913,52.6369261
1,1401047,2018,6,13,5,3,6,2,0,0,1,1,0,0,0,0,13.35891588,52.54632792
4,4200311,2018,6,12,1,2,0,1,0,1,0,0,0,0,0,0,13.27350147,52.49987404
7,7601442,2018,6,13,5,3,5,2,0,0,1,0,1,0,0,0,13.40632404,52.40439456
1,1100206,2018,6,13,5,3,5,3,0,1,1,0,0,0,0,0,13.38646635,52.51369251
5,5300735,2018,6,6,1,3,9,1,0,0,0,0,1,0,0,0,13.22582064,52.55297455
8,8100312,2018,6,13,5,3,2,6,0,0,1,0,0,0,0,0,13.43508846,52.48428089
2,2300314,2018,6,18,1,3,0,1,0,1,0,0,0,0,0,0,13.41959951,52.49916212
2,2200213,2018,6,17,7,3,5,3,0,1,0,0,1,0,0,0,13.41305669,52.49180114
1,1200517,2018,6,14,5,3,2,6,0,0,1,0,0,0,0,0,13.32833462,52.53458897
12,12200310,2018,6,17,6,3,0,1,0,0,0,0,1,0,0,0,13.31157526,52.57064158
3,3200309,2018,6,9,5,2,5,3,0,1,1,0,0,0,0,0,13.43355503,52.60769504
9,9200512,2018,6,17,7,3,2,2,0,0,1,0,0,0,0,0,13.53293918,52.46163822
10,10100312,2018,6,10,5,3,5,3,0,0,1,0,0,0,0,0,13.54441252,52.52605051
4,4200203,2018,6,9,7,3,5,2,0,1,1,0,0,0,0,0,13.24944732,52.51544188
1,1100309,2018,6,19,2,3,5,3,0,1,1,0,0,0,0,0,13.39292872,52.52745447
12,12400618,2018,6,12,6,3,0,5,0,1,0,0,0,0,1,0,13.22579026,52.62791618
6,6100209,2018,6,3,7,3,6,7,2,1,0,1,0,0,0,0,13.3389602,52.46434669
6,6400844,2018,6,10,5,2,5,3,0,0,1,0,0,0,0,0,13.2734317,52.45560518
2,2100105,2018,6,14,7,3,6,4,0,0,1,1,0,0,0,0,13.41217521,52.49874664
5,5100211,2018,6,23,7,3,5,2,2,0,1,0,0,0,0,0,13.17810416,52.54881822
6,6200422,2018,6,13,5,3,5,3,0,0,1,0,0,0,0,0,13.33499139,52.42092314
1,2400623,2018,6,20,7,3,5,3,0,1,1,0,0,0,0,0,13.42442045,52.5134316
7,7601238,2018,6,20,7,2,2,6,0,0,1,0,1,0,0,0,13.37469522,52.42629777
7,7100102,2018,6,14,5,2,0,5,0,0,1,0,1,0,0,0,13.3485764,52.50255293
2,2300419,2018,6,19,7,3,6,7,0,0,1,1,0,0,0,0,13.443137,52.49569629
10,10100311,2018,6,14,6,3,5,2,0,1,1,0,0,0,0,0,13.51776068,52.53537593
10,10400939,2018,6,11,5,3,0,1,0,1,0,0,0,0,0,0,13.61358382,52.5091381
1,1300834,2018,6,20,7,3,0,7,0,0,1,0,1,0,0,0,13.39202007,52.54504601
9,9200512,2018,6,13,5,3,0,1,0,1,0,0,0,0,0,0,13.53603787,52.46014941
3,3100103,2018,6,19,7,3,2,6,0,0,1,0,0,0,0,0,13.50052295,52.63267172
6,6200313,2018,6,19,2,3,3,6,0,0,1,0,0,0,0,0,13.34483377,52.43742384
12,12100205,2018,6,18,7,3,2,6,0,0,1,0,0,1,0,0,13.35752561,52.56932203
2,2400521,2018,6,11,5,3,6,4,0,0,1,1,0,0,0,0,13.44025775,52.52428249
12,12200310,2018,6,18,7,3,0,5,0,0,1,0,0,0,1,0,13.3080374,52.57283389
1,1100205,2018,6,8,6,2,0,2,0,1,1,0,0,0,0,0,13.37698147,52.51242088
5,5200630,2018,6,12,4,3,2,6,0,0,1,0,0,0,0,0,13.1951814,52.5275232
7,7400826,2018,6,17,7,3,0,3,0,0,1,0,1,0,0,0,13.36752304,52.45567698
1,1300836,2018,6,9,4,3,3,6,0,1,0,0,0,1,0,0,13.37203561,52.53886388
11,11401033,2018,6,19,2,3,5,7,0,0,1,0,0,0,1,0,13.52003355,52.51345467
12,12100101,2018,6,16,4,3,6,4,0,0,1,1,0,0,0,0,13.36489262,52.5638568
4,4300416,2018,6,17,7,2,5,3,0,0,1,0,1,0,0,0,13.29279277,52.50665753
5,5200524,2018,6,17,7,2,0,7,0,0,1,0,0,0,0,0,13.12252851,52.52863108
3,3501038,2018,6,9,4,3,5,7,0,0,1,0,0,0,0,0,13.49231944,52.55862333
2,2500835,2018,6,17,7,3,5,5,0,0,1,0,0,0,0,0,13.46089119,52.50105963
7,7300516,2018,6,14,4,3,0,3,0,0,1,0,0,0,1,0,13.3285838,52.46484243
4,4200311,2018,6,16,7,3,2,6,0,0,1,0,0,0,0,0,13.28041611,52.50674222
4,4100101,2018,6,19,4,3,5,2,0,1,0,0,1,0,0,0,13.32629815,52.53790034
1,1100311,2018,6,15,7,3,5,2,0,0,1,0,0,0,0,0,13.41815248,52.51557282
7,7400721,2018,6,18,2,3,5,2,0,1,1,0,0,0,0,0,13.38457243,52.47157073
4,4501150,2018,6,14,7,3,1,5,0,1,0,0,0,0,1,0,13.32616487,52.4865365
5,5200629,2018,6,16,4,3,3,6,0,0,1,0,1,0,0,0,13.19797009,52.53233757
1,1100207,2018,6,14,7,3,5,2,0,0,1,0,1,0,0,0,13.40248744,52.51186332
3,3400725,2018,6,16,4,3,2,2,0,0,1,0,1,0,0,0,13.43011484,52.58833489
3,3601450,2018,6,16,4,3,2,6,0,0,1,0,0,1,0,0,13.44977222,52.53697248
1,1200517,2018,6,14,7,3,6,4,0,0,1,1,0,0,0,0,13.32835609,52.53421731
8,8301036,2018,6,16,4,3,6,2,0,0,1,1,0,0,0,0,13.47049788,52.429117
4,4300518,2018,6,18,2,3,5,2,0,1,1,0,0,0,0,0,13.30597857,52.52563738
4,4501148,2018,6,14,4,3,5,3,0,1,1,0,0,0,0,0,13.31419285,52.47900632
2,2100106,2018,6,14,7,2,5,2,0,0,1,0,0,0,0,0,13.40652718,52.49832638
2,2500831,2018,6,14,4,3,5,3,0,1,1,0,0,0,0,0,13.46312674,52.51145087
3,3400725,2018,6,13,7,3,5,3,0,1,1,0,0,0,0,0,13.42461859,52.58627855