BEZ,LOR_ab_2021,UJAHR,UMONAT,USTUNDE,UWOCHENTAG,UKATEGORIE,UART,UTYP1,ULICHTVERH,IstRad,IstPKW,IstFuss,IstKrad,IstGkfz,IstSonstige,USTRZUSTAND,XGCSWGS84,YGCSWGS84
2,2500833,2018,6,18,2,3,0,7,0,0,1,0,0,0,0,0,13.45310273,52.51049418
8,8100207,2018,6,12,7,3,0,3,0,1,0,0,0,0,1,0,13.42878018,52.47786311
3,3400721,2018,6,13,4,3,0,5,0,1,1,0,0,0,0,0,13.39473106,52.5652603
7,7501032,2018,6,18,4,2,0,5,0,0,1,0,0,0,1,0,13.4063619,52.44196389
11,11300826,2018,6,12,7,3,2,2,0,0,1,0,1,0,0,0,13.49128914,52.51087407
9,9401433,2018,6,20,4,3,5,3,0,0,1,0,0,0,0,0,13.59804068,52.44105337
9,9200715,2018,6,9,7,3,5,3,0,0,1,0,0,0,0,0,13.53559384,52.43043424
8,8200832,2018,6,18,4,3,5,2,0,0,1,0,0,0,0,0,13.43519418,52.42644521
11,11300721,2018,6,13,4,3,0,2,0,0,1,0,0,0,1,0,13.491734,52.53419883
11,11401137,2018,6,10,7,3,5,3,0,1,1,0,0,0,0,0,13.52301355,52.49552428
10,10400938,2018,6,13,4,3,5,3,0,0,1,0,0,1,0,0,13.63307459,52.52988334
1,1200517,2018,6,12,4,3,5,2,0,0,1,0,1,0,0,0,13.33077975,52.53350709
4,4501152,2018,6,10,7,3,0,3,0,0,1,0,1,0,0,0,13.33452764,52.49356022
7,7601339,2018,6,12,4,3,6,7,0,0,0,1,0,0,1,0,13.34775855,52.41481372
12,12200515,2018,6,11,7,3,2,6,0,0,1,0,1,0,0,0,13.28528621,52.58814031
5,5100312,2018,6,12,7,3,6,4,0,0,1,1,0,0,0,0,13.19879629,52.55322357
1,1100205,2018,6,12,4,3,2,6,0,0,1,0,0,0,0,0,13.37972524,52.51479979
1,1100416,2018,6,13,7,3,5,2,0,1,1,0,0,0,0,0,13.40431076,52.5331369
5,5300737,2018,6,15,6,3,5,3,0,0,1,0,1,0,0,0,13.24801649,52.54552215
1,1100205,2018,6,12,4,3,0,7,0,0,0,0,1,0,0,0,13.37765631,52.50826003
1,1200629,2018,6,9,7,3,5,3,0,0,1,0,0,0,0,0,13.33971347,52.51891281
4,4501043,2018,6,10,4,3,5,7,0,0,1,0,0,0,0,0,13.31277691,52.49152639
1,1100104,2018,6,16,6,3,2,6,0,0,1,0,0,0,0,0,13.36360975,52.50081446
1,1300733,2018,6,10,4,3,1,5,0,1,1,0,0,0,0,0,13.38272525,52.55165929
8,8200831,2018,6,11,7,3,2,6,0,0,1,0,0,0,0,0,13.402113,52.41470168
7,7400823,2018,6,10,4,3,2,6,0,0,1,0,1,0,0,0,13.37794806,52.46845275
2,2300315,2018,6,3,7,2,0,1,1,1,0,0,0,0,0,0,13.43036891,52.4993536
1,1400939,2018,6,15,7,3,5,3,0,0,0,0,1,0,1,0,13.35635302,52.55539396
9,9100202,2018,6,9,4,3,9,1,0,1,0,0,0,0,0,0,13.46526626,52.48241225
4,4200207,2018,6,17,6,3,5,3,0,1,1,0,0,0,0,0,13.26084703,52.49307926
1,1100103,2018,6,14,6,3,5,3,0,1,1,0,0,0,0,0,13.35224376,52.50528534
1,1401048,2018,6,8,4,3,2,6,0,0,1,0,0,0,0,0,13.355382,52.55242298
7,7601545,2018,6,18,6,3,0,2,0,1,1,0,0,0,0,0,13.41386571,52.38959789
4,4100101,2018,6,7,4,3,3,6,0,0,1,0,0,0,0,0,13.3111541,52.54760127
6,6300633,2018,6,8,6,3,0,7,0,1,0,0,0,0,0,0,13.31036044,52.43214486
10,10100311,2018,6,6,4,3,3,6,0,0,1,0,0,1,0,0,13.53680721,52.53962257
7,7400721,2018,6,12,6,3,5,3,0,1,1,0,0,0,0,0,13.38576531,52.47156029
9,9501939,2018,6,20,6,3,6,6,0,0,1,1,0,0,0,0,13.5786964,52.4556489
4,4400728,2018,6,4,4,3,1,1,1,0,1,0,0,0,0,0,13.26868332,52.48503392
7,7300619,2018,6,18,6,3,5,7,0,1,1,0,0,0,0,0,13.34829052,52.46297513
4,4200308,2018,6,1,4,3,1,5,2,0,1,0,0,0,0,0,13.28059123,52.51834427
9,9501941,2018,6,17,6,3,3,2,0,0,1,0,1,0,0,0,13.59316339,52.451541
9,9502043,2018,6,18,2,2,6,4,0,0,1,1,0,0,0,0,13.57377078,52.47064184
7,7601544,2018,6,17,6,3,6,7,0,0,1,1,0,0,0,0,13.40404702,52.38667402
12,12200414,2018,6,14,4,3,1,5,0,0,1,0,0,0,1,0,13.29441065,52.55352664
4,4400726,2018,6,17,6,3,3,6,0,1,1,0,0,0,0,0,13.28420084,52.48549369
6,6300629,2018,6,16,6,3,0,2,0,1,1,0,0,0,0,0,13.29513047,52.44440102
5,5200420,2018,6,7,4,1,5,2,0,1,0,0,0,1,0,0,13.1816985,52.53413012
5,5200629,2018,6,19,6,3,2,6,1,0,1,0,0,0,0,0,13.19734399,52.53185398
1,1100309,2018,6,13,3,3,2,6,0,0,1,0,0,0,0,0,13.39933235,52.52953436
1,1300733,2018,6,18,2,2,1,5,0,1,1,0,0,0,0,0,13.38281098,52.55179738
4,4501153,2018,6,15,3,3,1,5,0,1,1,0,0,0,0,0,13.33319071,52.48479331
2,2400623,2018,6,20,6,3,1,5,1,1,1,0,0,0,0,0,13.43159729,52.51417144
1,1200522,2018,6,15,3,3,5,2,0,1,1,0,0,0,0,0,13.32984633,52.5229339
8,8100417,2018,6,16,6,3,5,2,0,1,1,0,0,0,0,0,13.45212621,52.47108865
11,11300620,2018,6,18,2,3,5,2,0,0,1,0,0,0,0,0,13.47618661,52.53309131
1,1100101,2018,6,10,6,2,3,6,0,0,1,0,0,0,0,0,13.34891728,52.50326551
6,6100101,2018,6,16,6,3,6,4,0,1,0,1,0,0,0,0,13.31717522,52.45549859
8,8401244,2018,6,15,3,3,0,6,0,0,1,0,1,0,0,0,13.49612495,52.41555165
7,7100102,2018,6,20,6,3,1,5,0,1,1,0,0,0,0,0,13.34932086,52.49815315
3,3300517,2018,6,21,3,3,0,1,1,0,0,0,1,0,0,0,13.50178574,52.60099531
5,5300736,2018,6,20,3,2,1,7,0,0,1,0,0,0,1,0,13.21899467,52.53707901
6,6100102,2018,6,20,6,3,6,4,0,0,1,1,0,0,0,0,13.32075702,52.45706246
5,5100314,2018,6,14,3,3,2,2,0,0,1,0,0,0,1,0,13.20125545,52.54782926
1,1200623,2018,6,17,2,3,3,6,0,1,1,0,0,0,0,0,13.35600541,52.53524607
11,11400929,2018,6,14,3,3,5,3,0,0,1,0,0,0,0,0,13.49108711,52.50249976
1,1100416,2018,6,21,6,3,5,3,0,1,1,0,0,0,0,0,13.40518771,52.53407736
8,8200726,2018,6,14,3,3,6,7,0,0,1,1,0,0,0,0,13.43769043,52.45091986
11,11200513,2018,6,16,2,3,5,2,0,1,1,0,0,0,0,0,13.48929116,52.54242353
4,4501040,2018,6,14,3,3,2,6,0,0,1,0,0,0,0,0,13.31316326,52.50140606
4,4400727,2018,6,15,6,2,5,3,0,1,1,0,0,0,0,0,13.28512851,52.47970884
2,2300314,2018,6,13,3,3,0,5,0,1,1,0,0,0,0,0,13.418176,52.4997357
11,11200513,2018,6,15,6,3,3,6,0,0,1,0,1,0,0,0,13.49058511,52.54310918
10,10400837,2018,6,16,2,3,5,3,0,0,1,0,1,0,0,0,13.57922649,52.49995865
3,3500934,2018,6,12,3,2,6,4,0,0,1,1,0,0,0,0,13.44124188,52.5515684
1,1100415,2018,6,15,6,3,0,6,0,1,0,0,0,0,1,0,13.39743756,52.53249237
8,8200622,2018,6,14,3,3,3,6,0,0,1,0,1,0,0,0,13.43498058,52.46115412
9,9401534,2018,6,13,6,3,5,3,0,1,1,0,0,0,0,0,13.57549502,52.44748348
2,2400623,2018,6,15,3,3,5,2,0,0,1,1,1,0,0,0,13.43705707,52.51041106
1,1300733,2018,6,14,6,3,1,5,0,1,1,0,0,0,0,0,13.38226564,52.55291877
2,2200207,2018,6,16,3,3,3,6,0,0,1,0,1,0,0,0,13.37397193,52.50362005
4,4300622,2018,6,16,2,3,8,1,0,1,0,0,0,0,0,0,13.32564517,52.50570459
4,4200308,2018,6,13,6,3,3,6,0,0,1,0,0,1,0,0,13.2591116,52.52189986
4,4501040,2018,6,16,3,3,5,5,0,1,1,0,0,0,0,0,13.31323146,52.50191115
4,4200310,2018,6,12,6,3,2,6,0,0,1,0,1,0,0,0,13.26233856,52.50732222
4,4501041,2018,6,16,2,3,5,7,0,0,1,0,0,0,0,0,13.31942767,52.50155688
3,3400829,2018,6,17,3,3,2,2,0,0,1,0,0,0,0,0,13.42722949,52.56328373
6,6200311,2018,6,13,6,3,0,6,0,0,1,0,1,0,0,0,13.35398342,52.44233623
4,4501041,2018,6,16,3,3,0,6,0,0,1,0,0,0,1,0,13.31363779,52.50063133
7,7400927,2018,6,15,6,2,3,6,0,1,0,0,1,0,0,0,13.38921707,52.46573503
1,1300835,2018,6,16,2,3,5,2,0,1,1,0,0,0,0,0,13.39018978,52.53542344
7,7501031,2018,6,14,6,3,6,7,0,0,1,1,0,0,0,0,13.40342124,52.44809043
6,6400737,2018,6,17,3,3,5,2,0,1,1,0,0,0,0,0,13.18539586,52.43116391
4,4300416,2018,6,16,6,2,0,1,0,0,0,0,1,0,0,0,13.2956091,52.50609658
9,9100305,2018,6,17,3,3,5,2,0,1,0,0,0,1,0,0,13.49117814,52.46899258
10,10100313,2018,6,21,6,2,5,2,1,0,1,0,0,0,0,0,13.55010753,52.54282981
10,10300732,2018,6,17,3,3,5,3,0,1,1,0,0,0,0,0,13.57277227,52.5279708
9,9501736,2018,6,18,6,3,2,6,0,0,1,0,0,0,1,0,13.60806525,52.4531478
11,11400929,2018,6,14,2,3,2,6,0,0,1,0,0,0,0,0,13.48977803,52.50175447
8,8100314,2018,6,17,6,3,0,4,0,0,1,1,1,0,0,0,13.42410423,52.48625294
1,1300836,2018,6,18,3,2,5,3,0,1,1,0,0,0,0,0,13.37936833,52.54016324
6,6200311,2018,6,15,6,3,0,6,0,0,1,0,1,0,1,0,13.35327448,52.44149239
12,12400617,2018,6,16,6,3,5,3,0,0,1,0,0,0,0,0,13.21741533,52.61129181
4,4500936,2018,6,12,3,3,5,2,0,1,0,0,0,0,1,0,13.30682121,52.50003331
5,5200629,2018,6,16,6,3,0,2,0,0,1,0,0,0,1,0,13.19553198,52.52917005
6,6200420,2018,6,15,6,3,0,3,0,1,0,0,0,0,1,0,13.30506423,52.41790772
9,9300920,2018,6,11,3,3,1,7,0,1,1,0,0,0,0,0,13.54114078,52.42102068
6,6400838,2018,6,14,6,3,5,3,0,0,1,0,0,0,0,0,13.2297899,52.44249148
6,6200313,2018,6,14,6,3,1,1,0,0,1,0,1,0,0,0,13.34609541,52.43506499
2,2200210,2018,6,11,3,2,3,6,0,1,1,0,0,0,0,0,13.39667166,52.49585066
6,6200317,2018,6,17,6,3,5,3,0,0,1,0,0,0,0,0,13.34811671,52.41952375
5,5300735,2018,6,11,3,3,3,2,0,0,1,0,0,1,0,0,13.22768775,52.55878219
8,8100206,2018,6,16,6,3,6,4,0,0,1,1,0,0,0,0,13.42651419,52.48100967
3,3601450,2018,6,14,2,3,5,2,0,1,1,0,0,0,0,0,13.45777609,52.52903194
3,3500933,2018,6,19,6,3,5,3,0,0,1,0,0,0,0,0,13.45842526,52.55762592
4,4501041,2018,6,11,3,3,5,3,0,0,1,0,0,0,0,0,13.31942928,52.50156824
1,1100311,2018,6,15,6,3,0,1,0,0,0,0,1,0,0,0,13.42622568,52.52304224
1,1100310,2018,6,7,6,3,3,6,0,1,0,0,0,0,0,0,13.40998628,52.52400409
3,3500933,2018,6,13,6,3,0,6,0,0,1,0,1,0,0,0,13.4618493,52.55878093
12,12200412,2018,6,10,3,3,6,4,0,0,1,1,0,0,0,0,13.29446199,52.57646176
4,4300623,2018,6,13,6,3,5,2,0,1,1,0,0,0,0,0,13.31447841,52.51067869
1,1100312,2018,6,10,3,3,3,6,0,0,1,0,1,0,0,0,13.41364232,52.50736242
5,5200631,2018,6,13,2,2,6,4,0,0,1,1,0,0,0,0,13.19781414,52.52079364
2,2100101,2018,6,10,3,3,5,2,0,0,1,0,0,0,0,0,13.38228739,52.50445802
1,1401049,2018,6,12,6,3,5,3,0,1,1,0,0,0,0,0,13.36570117,52.55212321
2,2400521,2018,6,9,3,3,2,2,0,0,1,0,0,0,0,0,13.43000604,52.52328829
12,12200309,2018,6,12,6,3,5,7,0,1,0,0,0,0,0,0,13.32882496,52.5658899
1,1100103,2018,6,13,2,3,3,6,0,0,1,0,0,0,1,0,13.35053129,52.50380345
12,12400616,2018,6,7,3,2,1,5,0,1,1,0,0,0,0,0,13.23079465,52.57321642
3,3100101,2018,6,12,6,2,0,7,0,0,1,0,0,0,0,0,13.44890354,52.6181119
12,12601236,2018,6,8,3,3,1,5,0,1,1,0,0,0,0,0,13.35629705,52.59468475
3,3200308,2018,6,12,6,3,2,2,0,0,1,0,0,0,1,0,13.42027652,52.60622927
3,3300411,2018,6,12,6,3,1,5,0,0,1,0,1,0,0,0,13.48574447,52.61596975
4,4501153,2018,6,13,3,2,0,1,0,0,0,0,1,0,0,0,13.32800195,52.47871349
1,1200626,2018,6,12,6,2,5,2,0,1,1,0,0,0,0,0,13.3425412,52.52422498
1,1100309,2018,6,12,3,3,0,1,0,0,0,0,1,0,0,0,13.3969606,52.52393947
10,10400835,2018,6,8,3,3,0,1,0,0,0,0,1,0,0,0,13.59099656,52.51410197
2,2400625,2018,6,11,6,3,2,6,0,0,1,0,0,0,0,0,13.43515698,52.50836478
2,2500726,2018,6,18,3,3,2,6,0,0,1,0,0,0,0,0,13.45209848,52.52749761
5,5300736,2018,6,8,3,3,2,6,0,0,1,0,0,0,1,0,13.22821328,52.53795789
7,7400826,2018,6,11,6,3,5,2,0,1,1,0,0,0,0,0,13.37714602,52.45361964
3,3400618,2018,6,7,3,3,0,1,0,0,0,0,1,0,0,0,13.37582226,52.5972246
7,7400721,2018,6,10,6,3,5,3,0,1,1,0,0,0,0,0,13.37925094,52.47250631
7,7200307,2018,6,9,6,3,1,1,0,0,1,0,0,0,0,0,13.34519191,52.48762639
8,8301036,2018,6,7,3,3,5,3,0,1,1,0,0,0,0,0,13.46161099,52.42171742
1,1300732,2018,6,7,3,2,6,4,0,0,1,1,0,0,0,0,13.39319212,52.56445994
10,10100205,2018,6,6,3,3,0,2,0,1,1,0,0,0,0,0,13.52896351,52.55647225
1,1300836,2018,6,9,6,3,5,2,0,1,1,0,0,0,0,0,13.37323193,52.53803431
1,1100102,2018,6,6,3,3,5,2,0,1,1,0,0,0,0,0,13.37123177,52.51113111
9,9200716,2018,6,6,3,2,8,1,0,1,0,0,0,0,0,0,13.5438721,52.43636881
6,6300527,2018,6,9,6,3,5,2,0,1,0,0,0,1,0,0,13.26661917,52.43066228
11,11501341,2018,6,18,3,1,5,2,0,1,0,0,0,0,1,0,13.5023711,52.48353116
6,6300528,2018,6,16,2,3,5,2,0,1,1,0,0,0,0,0,13.26561393,52.41682862
1,1300834,2018,6,8,6,3,2,6,0,0,1,0,0,0,0,0,13.39525325,52.53912363
1,1400942,2018,6,15,2,2,3,6,0,0,1,0,1,0,0,0,13.34602207,52.5448816
10,10100210,2018,6,7,6,3,5,3,0,0,1,0,0,0,0,0,13.55570595,52.54851513
11,11401136,2018,6,7,6,2,0,6,0,1,0,0,0,0,1,0,13.50942311,52.50208961
12,12100205,2018,6,13,2,3,2,6,0,0,1,0,0,0,0,0,13.34103267,52.58831254
9,9301126,2018,6,15,6,3,3,6,0,0,1,0,1,0,0,0,13.56889551,52.41834424
2,2200210,2018,6,18,2,3,5,2,0,1,0,0,0,1,0,0,13.39439314,52.49137558
10,10400941,2018,6,6,6,3,5,3,0,0,1,0,1,0,0,0,13.61525431,52.49611769
12,12200310,2018,6,8,2,3,5,2,0,1,1,0,0,0,0,0,13.31196154,52.56801533
3,3100102,2018,6,6,6,3,5,3,0,0,1,0,0,0,0,0,13.51475437,52.63280881
2,2400623,2018,6,12,6,3,2,7,0,1,1,0,0,0,0,0,13.43705597,52.51040951
4,4300621,2018,6,7,6,3,5,2,0,1,1,0,0,0,0,0,13.31481017,52.51229342
12,12500825,2018,6,20,2,2,0,2,0,0,1,0,1,0,0,0,13.31946794,52.58765767
3,3300516,2018,6,7,6,3,5,2,0,1,1,0,0,0,0,0,13.44444522,52.56524897
12,12100204,2018,6,22,2,2,1,1,2,0,1,0,0,0,0,0,13.35377689,52.56249609
4,4501042,2018,6,6,6,2,5,2,0,1,1,0,0,0,0,0,13.33232596,52.50629918
1,1200517,2018,6,22,2,3,0,1,2,0,0,0,1,0,0,0,13.32984563,52.53919542
10,10200418,2018,6,0,6,2,9,1,2,0,0,0,1,0,0,0,13.58626157,52.54590733
6,6200312,2018,6,18,5,3,5,2,0,0,1,0,0,0,0,0,13.33883735,52.4443708
4,4500938,2018,6,21,2,3,6,4,1,0,1,1,0,0,0,0,13.28966186,52.49498368
1,1200626,2018,6,23,5,3,2,7,2,1,0,0,0,0,0,0,13.34219383,52.52326261
7,7400927,2018,6,14,6,3,5,2,0,0,1,0,1,0,0,0,13.40399515,52.46346706
5,5200527,2018,6,20,2,3,0,1,0,0,0,0,1,0,0,0,13.1736977,52.52283354
1,1100308,2018,6,18,5,3,5,3,0,1,1,0,0,0,0,0,13.37432471,52.52796976
5,5200423,2018,6,20,2,3,1,5,0,1,1,0,0,0,0,0,13.1490246,52.53273666
11,11501339,2018,6,8,5,3,3,6,0,1,0,0,0,0,0,0,13.51317373,52.48829631
5,5100314,2018,6,20,2,3,6,4,0,0,1,1,0,0,0,0,13.20608044,52.54304271
7,7100205,2018,6,11,5,3,0,6,0,0,1,0,0,0,1,0,13.36513722,52.4937834
12,12500928,2018,6,6,6,3,5,2,0,0,1,0,0,0,0,0,13.31955867,52.61034681
4,4300622,2018,6,16,3,3,5,2,0,0,1,0,1,0,0,0,13.33025329,52.51320704
5,5100316,2018,6,16,3,3,6,7,0,1,0,1,0,0,0,0,13.2057172,52.53719272
4,4400834,2018,6,12,6,3,5,5,0,1,0,0,0,0,1,1,13.31128059,52.47964431
4,4501042,2018,6,16,3,3,3,6,0,1,1,0,0,0,0,0,13.33874619,52.50323935
12,12200309,2018,6,11,6,3,2,6,0,0,1,0,0,0,1,1,13.32726236,52.56329139
12,12500930,2018,6,10,6,3,5,2,0,0,1,0,0,0,0,1,13.31543093,52.57793649
2,2300316,2018,6,16,3,3,5,2,0,0,1,0,1,0,0,0,13.4333134,52.50517928
11,11501341,2018,6,10,6,3,5,3,0,0,1,0,0,0,0,0,13.51612833,52.48219542
6,6400841,2018,6,16,3,3,5,3,0,1,1,0,0,0,0,0,13.26476404,52.44103652
7,7100205,2018,6,13,1,2,5,3,0,0,1,1,0,0,1,1,13.36183431,52.4977372
2,2200208,2018,6,10,6,3,5,3,0,0,0,0,1,0,1,0,13.37959462,52.49386354
8,8100310,2018,6,16,3,3,4,6,0,1,1,0,0,0,0,0,13.42628396,52.49335693
4,4300622,2018,6,8,6,3,5,3,0,0,1,0,1,0,0,0,13.31727491,52.51219213
4,4500936,2018,6,8,6,3,3,6,0,0,1,0,0,0,1,0,13.30467018,52.49947939
4,4501146,2018,6,16,3,3,5,2,0,1,1,0,0,0,0,0,13.32006948,52.48354907
6,6300528,2018,6,8,6,3,5,2,0,1,1,0,0,0,0,0,13.27888772,52.43084091
11,11401137,2018,6,8,6,3,6,7,0,0,1,1,0,0,0,0,13.51989355,52.49893792
1,1401046,2018,6,16,3,3,0,6,0,0,0,0,1,0,1,0,13.34912027,52.54189526
1,1200522,2018,6,8,6,3,5,2,0,1,1,0,0,0,0,0,13.33777317,52.52521048
9,9100305,2018,6,16,3,2,5,2,0,0,1,0,0,0,0,0,13.49136016,52.46914364
6,6200311,2018,6,5,6,3,0,6,0,0,0,0,1,0,1,0,13.35395734,52.44219324
12,12200309,2018,6,22,6,3,5,2,2,0,1,0,0,0,0,0,13.32665943,52.56253846
3,3601452,2018,6,17,3,3,3,7,0,1,0,0,0,0,0,0,13.45397482,52.52813915
12,12200515,2018,6,21,6,3,5,3,2,0,1,0,1,0,0,0,13.28906942,52.5876081
3,3400828,2018,6,19,7,2,5,2,0,0,1,0,1,0,0,0,13.42352335,52.55512291
7,7501133,2018,6,16,3,3,2,6,0,0,1,0,0,0,0,0,13.39413537,52.42664855
2,2400623,2018,6,12,1,3,5,3,0,1,1,0,0,0,0,1,13.44041796,52.51585596
1,1100309,2018,6,17,7,3,5,3,0,1,0,0,0,0,1,0,13.39376307,52.52858704
9,9501737,2018,6,21,6,3,5,3,1,0,1,0,0,0,0,0,13.62562945,52.45753943
10,10100312,2018,6,17,3,3,5,2,0,1,1,0,0,0,0,0,13.54794181,52.52612823
4,4500936,2018,6,21,6,3,5,2,2,0,1,0,0,0,0,0,13.30706749,52.50007263
1,1401045,2018,6,9,6,2,3,6,0,0,0,0,1,1,0,0,13.3784209,52.55618702
1,1100103,2018,6,14,3,3,5,2,0,0,1,0,0,0,0,0,13.35216424,52.5055193
12,12500825,2018,6,9,6,2,6,4,0,0,0,1,0,0,1,1,13.30134621,52.57988558
12,12500824,2018,6,9,2,3,2,6,0,0,1,0,1,0,0,0,13.28537489,52.59512197
3,3500935,2018,6,21,6,3,1,5,0,1,1,0,0,0,0,0,13.45243258,52.55028314
9,9501939,2018,6,14,3,2,6,4,0,0,0,1,1,0,0,0,13.57866592,52.45780313
1,1300834,2018,6,19,6,2,3,6,0,0,1,0,1,0,0,0,13.39154028,52.54414523
2,2200213,2018,6,13,3,3,2,6,0,1,1,0,0,0,0,0,13.42206853,52.49320307
2,2100101,2018,6,12,3,3,6,4,0,0,1,1,0,0,0,0,13.38053926,52.50581747
9,9401534,2018,6,18,6,3,5,3,0,1,1,0,0,0,0,0,13.57549596,52.44748345
4,4200310,2018,6,12,3,2,6,4,0,0,1,1,0,0,0,0,13.26424034,52.50905077
1,1100309,2018,6,12,3,3,5,3,0,1,0,0,0,0,0,0,13.40160322,52.52354363
4,4200311,2018,6,18,6,2,3,6,0,0,1,0,1,0,0,0,13.27921012,52.50318933
3,3300516,2018,6,18,6,3,2,6,0,0,1,0,1,0,0,0,13.44114272,52.5663688
11,11200410,2018,6,12,3,3,5,3,0,0,1,0,1,0,0,0,13.50390544,52.5526713
2,2300417,2018,6,18,6,3,5,2,0,1,1,0,0,0,0,0,13.42146916,52.49812377
1,1401047,2018,6,12,3,3,5,3,0,0,1,0,0,0,1,0,13.35955096,52.54411048
8,8100417,2018,6,10,1,3,2,6,0,0,1,0,0,0,0,1,13.4562225,52.47378016
9,9200511,2018,6,11,3,3,5,2,0,0,1,0,0,0,0,0,13.51779828,52.46159221
1,1200520,2018,6,16,6,2,6,4,0,1,0,1,0,0,0,0,13.34318848,52.52904997
6,6100206,2018,6,11,3,3,0,5,0,0,1,0,1,0,0,0,13.34324128,52.44651934
2,2100102,2018,6,11,3,3,5,3,0,1,1,0,0,0,0,0,13.39584643,52.49902561
1,1100102,2018,6,16,6,3,3,6,0,0,1,0,1,0,0,0,13.34945455,52.5150874
2,2300419,2018,6,11,3,3,1,5,0,1,1,0,0,0,0,0,13.44349624,52.50026612
3,3601142,2018,6,1,6,3,9,1,2,1,0,0,0,0,0,0,13.40387755,52.54047695
1,1100104,2018,6,10,3,3,1,5,0,0,1,0,0,0,1,0,13.36756569,52.5044464
5,5200524,2018,6,7,6,3,0,1,0,1,0,0,0,0,0,0,13.14008816,52.52947614
5,5100209,2018,6,9,3,3,2,6,0,0,1,0,0,0,0,0,13.18424048,52.54755021
7,7200410,2018,6,15,1,3,5,2,0,0,1,0,0,0,0,1,13.35333048,52.48301297
9,9100304,2018,6,13,6,3,6,4,0,0,1,1,0,0,0,0,13.48716233,52.46565382
6,6100103,2018,6,10,3,3,5,5,0,1,1,0,0,0,0,0,13.3266306,52.45971197
7,7400823,2018,6,16,6,3,3,6,0,0,0,0,1,1,0,1,13.37667207,52.46127626
7,7200409,2018,6,9,3,3,1,5,0,1,1,0,0,0,0,0,13.35699244,52.48841738
11,11400927,2018,6,18,1,3,1,5,0,0,1,0,0,0,0,1,13.47420619,52.50417505
8,8300934,2018,6,8,3,3,5,2,0,0,1,0,0,0,0,0,13.46018794,52.43189957
2,11501238,2018,6,16,6,3,0,1,0,0,0,0,1,0,0,0,13.46875525,52.49976409
1,1100207,2018,6,8,3,3,0,5,0,1,1,0,0,0,1,0,13.40317517,52.51013249
7,7200413,2018,6,17,7,3,4,6,0,0,1,0,0,0,0,1,13.36508712,52.47867965
4,4400726,2018,6,8,3,3,5,3,0,1,1,0,0,0,0,0,13.28425623,52.48527557
3,3601243,2018,6,15,6,3,2,6,0,0,1,0,0,0,0,0,13.41957748,52.55334861
4,4400727,2018,6,8,3,3,2,6,0,0,1,0,0,0,0,0,13.28394074,52.47866284
4,4500938,2018,6,14,6,3,6,7,0,0,1,1,0,0,0,0,13.29491293,52.49614054
7,7200308,2018,6,14,6,3,1,5,0,1,1,0,0,0,0,0,13.34109349,52.48519745
3,3701555,2018,6,8,3,3,5,3,0,1,1,0,0,0,0,0,13.4182151,52.53663383
7,7300516,2018,6,13,6,3,1,5,0,1,1,0,0,0,0,1,13.33153945,52.46805887
2,2100102,2018,6,18,7,2,6,4,0,0,1,1,0,0,0,0,13.39128183,52.50194392
8,8100209,2018,6,8,3,3,5,7,0,1,1,0,0,0,0,0,13.44357617,52.46428463
4,4501146,2018,6,11,1,3,6,2,0,0,1,1,0,0,0,1,13.3082328,52.48766789
4,4300416,2018,6,17,7,3,5,3,0,0,1,0,0,0,0,0,13.29517556,52.50419762
2,2200209,2018,6,7,3,3,2,6,0,1,1,0,0,0,0,0,13.37555247,52.48775282
4,4501045,2018,6,13,6,3,5,7,0,1,1,0,0,0,0,0,13.33458506,52.49608492
10,10100311,2018,6,19,7,3,5,2,0,0,1,0,1,0,0,1,13.51975284,52.5258254
7,7100102,2018,6,7,3,3,1,5,0,1,1,0,0,0,0,0,13.35212177,52.49783032
9,9200819,2018,6,13,6,3,5,3,0,0,0,0,0,0,1,0,13.57148229,52.43530471
4,4300415,2018,6,7,3,3,2,6,0,0,1,0,1,0,0,0,13.29097385,52.50665213
5,5100211,2018,6,13,6,2,5,2,0,0,1,0,1,0,0,1,13.15786839,52.54308089
1,1400937,2018,6,13,6,3,5,3,0,0,1,0,0,0,0,0,13.3391974,52.55413931
7,7300619,2018,6,7,3,3,5,3,0,1,1,0,0,0,0,0,13.34909059,52.47020522
7,7601237,2018,6,15,5,3,5,3,0,1,0,0,0,0,1,0,13.37333094,52.42308099
4,4501041,2018,6,14,5,3,5,3,0,1,1,0,0,0,0,1,13.31936111,52.50151011
12,12500824,2018,6,6,3,3,0,6,0,0,1,0,1,0,0,1,13.28490208,52.59577604
1,1100310,2018,6,15,5,3,0,5,0,1,0,0,0,0,1,0,13.4005429,52.52173148
2,2300418,2018,6,18,7,3,4,6,0,0,1,0,0,0,0,0,13.43795132,52.49535193
1,1300732,2018,6,22,3,3,6,4,2,1,0,1,0,0,0,0,13.38620969,52.55850617
4,4200206,2018,6,23,7,3,5,3,2,0,1,0,0,0,1,1,13.228401,52.50680381
8,8100521,2018,6,23,5,3,6,4,2,0,1,1,0,0,0,0,13.47206484,52.46529073
1,1100104,2018,6,21,3,3,5,2,1,1,1,0,0,0,0,0,13.36558482,52.50311363
2,2400521,2018,6,21,5,3,0,1,1,1,0,0,0,0,0,0,13.42964149,52.52101144