BEZ,LOR_ab_2021,UJAHR,UMONAT,USTUNDE,UWOCHENTAG,UKATEGORIE,UART,UTYP1,ULICHTVERH,IstRad,IstPKW,IstFuss,IstKrad,IstGkfz,IstSonstige,USTRZUSTAND,XGCSWGS84,YGCSWGS84
1,1100310,2018,6,20,5,3,5,3,1,1,1,0,0,0,0,0,13.4130842,52.52523028
7,7100103,2018,6,19,3,3,3,6,0,1,1,0,0,0,0,0,13.35944801,52.49621656
1,1300836,2018,6,20,5,3,6,4,0,0,1,1,0,0,0,0,13.37418219,52.53747436
7,7601442,2018,6,8,2,3,5,3,0,0,1,0,0,0,0,1,13.39860692,52.40338237
11,11401136,2018,6,19,5,3,6,4,0,1,0,1,0,0,0,0,13.50530871,52.49731589
1,1100206,2018,6,19,3,3,5,2,0,1,1,0,0,0,0,0,13.38905839,52.51474255
10,10200422,2018,6,18,5,3,5,3,0,1,1,0,0,0,0,0,13.60378172,52.54253523
4,4400835,2018,6,13,2,3,6,4,0,0,1,1,0,0,0,0,13.31448235,52.47424064
5,5200420,2018,6,18,5,3,3,6,0,1,1,0,0,0,0,0,13.15704436,52.53867522
4,4500937,2018,6,18,3,3,1,5,0,1,1,0,0,0,0,0,13.29220422,52.49743377
1,1100309,2018,6,17,5,3,5,2,0,1,1,0,0,0,0,0,13.40313669,52.52741361
11,11200411,2018,6,17,3,3,5,5,0,0,1,0,1,0,0,0,13.49726226,52.54658793
8,8100314,2018,6,17,3,3,1,5,0,1,1,0,0,0,0,0,13.43959078,52.48152621
2,2400624,2018,6,17,5,3,5,3,0,1,1,0,0,0,0,0,13.45056721,52.51556666
2,2100104,2018,6,16,5,3,2,2,0,0,1,0,0,0,0,0,13.41124018,52.50348651
6,6400844,2018,6,12,3,3,8,1,0,0,1,0,0,0,0,0,13.27134119,52.45178952
9,9501737,2018,6,19,5,3,5,3,0,0,1,0,0,0,0,0,13.62727345,52.44673427
9,9200511,2018,6,15,3,2,0,1,0,1,0,0,0,0,0,0,13.51433826,52.46237481
1,1100310,2018,6,22,1,3,5,3,2,1,1,0,0,0,0,1,13.41243472,52.51712136
2,2100101,2018,6,22,7,3,2,6,2,0,1,0,0,0,0,1,13.38896038,52.49809405
1,1200520,2018,6,22,7,2,5,3,2,0,1,0,0,0,0,1,13.3434,52.52887341
1,1100416,2018,6,13,3,3,0,1,0,1,0,0,0,0,0,0,13.40519486,52.534085
2,2500831,2018,6,16,5,3,5,3,0,0,1,0,1,0,0,0,13.46500113,52.5105717
9,9401432,2018,6,16,3,3,0,1,0,1,0,0,0,0,0,0,13.59351598,52.44359345
11,11100308,2018,6,17,2,3,6,7,0,0,1,1,0,0,0,0,13.50204818,52.56628754
12,12400723,2018,6,16,5,3,5,2,0,1,1,0,0,0,0,1,13.3131088,52.61380861
3,3601245,2018,6,8,2,3,5,2,0,1,1,0,0,0,0,0,13.43806394,52.54636044
10,10300734,2018,6,13,2,3,6,4,0,0,1,1,0,0,0,0,13.56347433,52.49802982
11,11200410,2018,6,15,5,2,5,2,0,1,0,0,0,0,1,1,13.51610986,52.55188346
10,10400939,2018,6,6,2,3,2,6,0,1,1,0,0,0,0,0,13.62335515,52.50589969
6,6200421,2018,6,15,5,3,5,3,0,0,1,0,1,0,0,1,13.31866714,52.43251769
1,1100311,2018,6,23,2,3,5,2,2,0,1,0,0,0,0,0,13.41817621,52.51559801
4,4501152,2018,6,15,5,3,2,3,0,0,1,0,1,0,0,1,13.33080362,52.49083585
2,2100101,2018,6,22,2,2,5,2,2,0,0,0,1,0,0,0,13.38533675,52.49895602
7,7501133,2018,6,19,1,2,0,1,0,0,0,0,1,0,0,1,13.38823154,52.43407199
1,3400721,2018,6,16,7,2,0,4,0,0,0,1,0,0,1,0,13.39328164,52.5644887
1,1100310,2018,6,20,2,2,6,4,0,0,1,1,0,0,0,0,13.41671334,52.52186776
2,2200209,2018,6,15,5,3,5,2,0,1,1,0,0,0,0,1,13.38669629,52.49130491
3,3601453,2018,6,18,2,3,0,7,0,1,0,0,0,0,0,0,13.4575733,52.52608289
7,7400823,2018,6,17,7,3,2,2,0,0,1,0,0,0,0,0,13.37531527,52.45538553
3,3601245,2018,6,15,5,3,5,2,0,1,1,0,0,0,0,1,13.42792712,52.54551353
7,7601236,2018,6,18,2,3,6,2,0,0,0,1,0,0,1,0,13.37322148,52.42480186
1,1400937,2018,6,15,5,3,2,6,0,0,1,0,0,0,0,1,13.33780704,52.55858643
5,5100316,2018,6,16,7,3,5,3,0,0,1,0,0,0,1,1,13.19964664,52.53461326
2,2200209,2018,6,15,5,3,6,4,0,0,0,1,0,0,1,1,13.37670854,52.48933243
10,10100205,2018,6,18,2,3,5,2,0,0,1,0,0,0,0,0,13.54927084,52.56234855
1,1100102,2018,6,16,2,3,5,3,0,1,1,0,0,0,0,0,13.35108215,52.51039891
1,1100308,2018,6,15,5,3,5,2,0,1,1,0,0,0,0,1,13.3777366,52.52900885
2,2200210,2018,6,16,2,3,3,6,0,0,1,0,0,0,0,0,13.39949092,52.49040518
5,5200526,2018,6,15,5,3,2,6,0,0,1,0,0,0,0,1,13.16231857,52.52014957
9,9200715,2018,6,16,2,3,5,3,0,1,1,0,0,0,0,0,13.5300998,52.43595002
4,4300416,2018,6,14,5,3,0,1,0,0,0,0,1,0,0,1,13.29914678,52.50678608
6,6100206,2018,6,16,2,3,1,5,0,1,1,0,0,0,0,0,13.33486365,52.45086572
9,9401635,2018,6,14,1,3,2,7,0,0,1,0,0,0,0,1,13.65742277,52.41469791
7,7100206,2018,6,15,7,3,2,6,0,0,1,0,0,0,0,0,13.37285675,52.49227003
10,10200524,2018,6,16,2,3,2,6,0,0,1,0,0,0,1,0,13.61210352,52.53250776
1,1100415,2018,6,14,5,3,0,1,0,1,0,0,0,0,0,1,13.39165152,52.5302459
8,8200831,2018,6,15,2,3,5,3,0,1,1,0,0,0,0,0,13.40217634,52.41471662
8,8100312,2018,6,14,5,3,0,2,0,1,1,0,0,0,0,1,13.43362297,52.48481395
9,9501737,2018,6,14,5,3,1,5,0,1,1,0,0,0,0,0,13.63286432,52.45506059
8,8100206,2018,6,15,2,3,5,3,0,0,1,0,0,0,1,0,13.42813769,52.48003355
5,5100316,2018,6,13,5,3,2,6,0,0,1,0,0,0,0,1,13.20782642,52.53882778
4,4100102,2018,6,15,7,3,8,1,0,0,1,0,0,0,0,1,13.29607673,52.53956953
7,7501134,2018,6,13,5,3,0,1,0,1,0,0,0,0,0,1,13.40475447,52.4394942
6,6300528,2018,6,15,2,2,5,3,0,1,0,0,0,0,1,0,13.2500165,52.42133361
1,1100207,2018,6,13,5,3,0,5,0,0,1,0,1,0,0,1,13.3935188,52.51204615
8,8200726,2018,6,15,2,2,2,6,0,0,1,0,0,0,0,0,13.43343041,52.44494176
4,4501041,2018,6,14,7,3,2,6,0,0,1,0,0,0,0,0,13.31647123,52.50106551
9,9501737,2018,6,7,2,2,6,4,0,0,1,1,0,0,0,0,13.62549135,52.45709846
8,8301037,2018,6,13,5,3,5,3,0,1,1,0,0,0,0,0,13.47352846,52.42422961
4,4300624,2018,6,12,5,3,0,6,0,0,1,0,1,0,0,1,13.31974497,52.50589573
1,1401046,2018,6,15,2,3,5,2,0,1,1,0,0,0,0,0,13.34946615,52.54224758
7,7100103,2018,6,3,1,2,9,1,2,0,1,0,0,0,0,1,13.35571614,52.4990015
7,7501029,2018,6,10,5,3,5,3,0,0,1,0,0,0,0,0,13.38028761,52.43786096
11,11400930,2018,6,7,2,3,5,3,0,1,0,0,0,0,1,0,13.50307596,52.50218573
6,6100208,2018,6,10,5,2,5,3,0,1,0,0,0,0,1,0,13.33636911,52.45312605
4,4300622,2018,6,10,5,3,2,6,0,0,1,0,1,0,0,0,13.32233499,52.51316519
3,3701556,2018,6,8,2,2,5,2,0,1,0,0,0,0,0,0,13.42072187,52.53369456
3,3601244,2018,6,10,5,3,5,3,0,0,1,0,0,0,0,0,13.42702745,52.55220659
4,4200311,2018,6,12,2,3,2,6,0,0,1,0,0,1,0,0,13.28183561,52.51081555
4,4500939,2018,6,10,5,3,1,1,0,1,1,0,0,0,0,0,13.31195842,52.48963212
3,3300516,2018,6,9,2,3,2,6,0,0,0,0,0,0,1,0,13.4398269,52.56801266
1,1300733,2018,6,10,5,3,5,2,0,1,0,0,0,0,1,0,13.39152756,52.55543822
4,4400726,2018,6,9,2,2,2,6,0,0,1,0,0,0,0,0,13.28574348,52.494959
11,11200411,2018,6,10,2,3,5,3,0,0,1,0,0,0,0,0,13.50851225,52.55009385
12,12500824,2018,6,9,5,3,6,7,0,1,0,1,0,0,0,0,13.29669662,52.59439618
4,4200311,2018,6,10,2,3,6,7,0,1,0,1,0,0,0,0,13.28119685,52.51282434
8,8100312,2018,6,9,5,3,5,7,0,0,1,0,1,0,0,0,13.43050374,52.48593543
4,4501150,2018,6,11,2,3,6,7,0,0,1,1,0,0,0,0,13.32836863,52.48677101
7,7400824,2018,6,9,5,3,0,3,0,0,1,0,0,0,1,0,13.38242928,52.46104001
3,3200207,2018,6,9,5,3,6,4,0,0,1,1,0,0,0,0,13.40637201,52.58191646
10,10300731,2018,6,12,2,3,2,6,0,0,1,0,1,0,0,0,13.56396774,52.51863106
9,9401534,2018,6,8,5,3,5,3,0,1,1,0,0,0,0,0,13.57552619,52.44748228
1,1100309,2018,6,14,2,3,0,1,0,1,0,0,0,0,0,0,13.40915297,52.52841608
12,12601236,2018,6,8,2,2,5,3,0,0,1,0,0,0,0,0,13.33921284,52.59583163
5,5100317,2018,6,7,2,3,0,7,0,1,0,0,0,0,0,1,13.21376342,52.53167807
10,10200628,2018,6,8,5,3,5,2,0,1,1,0,0,0,0,0,13.59533264,52.52875669
1,1100313,2018,6,2,2,3,0,1,2,1,0,0,0,0,0,0,13.42105426,52.50962895
12,12601031,2018,6,15,2,3,2,7,0,0,1,0,0,1,0,0,13.33236815,52.59948138
1,1300836,2018,6,7,5,3,6,4,0,0,1,1,0,0,0,0,13.37775206,52.54158547
4,4300518,2018,6,14,2,3,5,2,0,1,0,0,0,0,1,0,13.29600578,52.53033153
1,1401047,2018,6,7,5,3,5,2,0,1,1,0,0,0,0,0,13.36033659,52.54435992
4,4501042,2018,6,4,1,3,1,7,0,0,1,1,0,0,0,0,13.32767691,52.50454549
3,3100101,2018,6,7,5,3,5,3,0,1,1,0,0,0,0,0,13.49778354,52.64070418
8,8200622,2018,6,23,1,3,5,2,2,0,1,0,0,0,0,0,13.43490076,52.46138614
12,12400722,2018,6,17,1,3,8,1,0,0,1,0,0,0,0,0,13.2910852,52.62633414
1,1200623,2018,6,23,1,3,6,4,2,0,1,1,0,0,0,0,13.34471058,52.53142748
2,2300314,2018,6,8,5,3,6,4,0,1,0,1,0,0,0,0,13.41578206,52.50240066
1,1401046,2018,6,21,1,3,5,2,1,0,1,0,0,0,0,0,13.34941953,52.54222735
5,5100316,2018,6,7,5,3,2,6,0,0,1,0,0,0,0,0,13.20071236,52.53836356
1,1100416,2018,6,21,1,2,6,4,0,0,1,1,0,0,0,0,13.40676759,52.53565698
9,9501939,2018,6,19,1,3,2,6,0,0,1,0,0,0,1,1,13.57235591,52.45120518
1,1100102,2018,6,14,7,3,2,6,0,0,1,0,1,0,0,0,13.37155964,52.51117999
1,1401044,2018,6,20,1,3,5,3,0,1,1,0,0,0,0,0,13.37828798,52.55055519
3,3500934,2018,6,8,5,3,5,3,0,1,1,0,0,0,0,0,13.4412816,52.54950171
8,8100104,2018,6,19,1,3,5,3,0,1,1,0,0,0,0,0,13.42905331,52.47190702
1,1401047,2018,6,19,1,3,5,2,0,1,1,0,0,0,0,0,13.36600307,52.54264376
1,1100309,2018,6,15,4,3,2,2,0,1,1,0,1,0,0,0,13.40156294,52.5296431
7,7601236,2018,6,17,1,2,6,2,0,0,1,1,0,0,0,0,13.3706679,52.42243871
2,2500726,2018,6,9,4,2,5,7,0,0,1,0,0,1,0,0,13.45002941,52.52341791
5,5100314,2018,6,11,7,3,2,6,0,0,1,0,0,0,1,0,13.20931126,52.53856426
3,3500934,2018,6,19,4,2,5,3,0,1,0,0,0,0,0,0,13.43113038,52.55316336
5,5200528,2018,6,10,1,3,0,3,0,0,0,0,1,0,1,0,13.18434956,52.51497882
3,3500935,2018,6,19,4,3,6,4,0,1,0,1,0,0,0,0,13.44599997,52.54796823
1,1400937,2018,6,17,1,3,0,2,0,1,1,0,0,0,0,0,13.33320868,52.56102221
4,4200206,2018,6,12,1,3,2,6,0,0,1,0,0,0,0,1,13.2494827,52.50780565
3,3200207,2018,6,11,7,3,5,3,0,0,1,0,0,0,0,0,13.40847266,52.58686242
1,1300732,2018,6,19,7,3,2,2,0,0,1,0,0,0,0,0,13.38627598,52.55868788
6,6400737,2018,6,16,1,3,5,2,0,1,0,0,0,0,0,0,13.18961996,52.45487545
7,7100205,2018,6,19,4,3,6,4,0,0,1,1,0,0,0,0,13.36239428,52.49789372
2,2500830,2018,6,16,1,2,1,5,0,1,1,0,0,0,0,0,13.45812564,52.51271117
4,4300414,2018,6,19,4,3,5,3,0,1,1,0,0,0,0,0,13.28681845,52.51297042
1,1100309,2018,6,18,4,3,2,6,0,0,1,0,1,0,0,0,13.40055911,52.52959548
1,1300730,2018,6,16,1,2,6,4,0,0,0,1,1,0,0,0,13.3729916,52.55746416
5,5200524,2018,6,18,4,2,2,2,0,0,1,0,0,0,0,0,13.12928986,52.5271675
8,8401243,2018,6,13,2,3,1,5,0,1,1,0,0,0,0,0,13.49762639,52.41904605
4,4300415,2018,6,10,7,3,6,2,0,0,0,1,1,0,0,0,13.28353459,52.50649558
1,1100205,2018,6,18,4,3,3,6,0,0,1,0,0,1,0,0,13.37661039,52.50959891
5,5200629,2018,6,15,1,3,2,6,0,0,1,0,0,0,0,0,13.19832545,52.53265313
11,11400929,2018,6,18,4,3,5,2,0,0,1,0,1,0,0,0,13.50195048,52.50695516
7,7100101,2018,6,9,7,3,2,4,0,0,1,1,1,0,0,0,13.34608521,52.4944594
7,7601546,2018,6,18,4,2,5,3,0,1,1,0,0,0,0,0,13.38331989,52.39725619
1,1300835,2018,6,15,1,3,5,2,0,1,1,0,0,0,0,0,13.3800469,52.5404507
6,6200317,2018,6,17,4,2,0,3,0,1,0,0,1,0,0,0,13.34988414,52.42224867
6,6200313,2018,6,14,1,3,5,3,0,1,1,0,0,0,0,0,13.34359207,52.43923654
4,4100101,2018,6,9,1,3,5,2,0,0,1,0,0,0,0,1,13.32611175,52.53834505
1,1200629,2018,6,2,7,3,2,6,2,0,1,0,0,0,0,1,13.34450781,52.5190533
7,7100102,2018,6,17,4,3,6,7,0,0,1,1,0,0,0,0,13.35009138,52.50043857
3,3500936,2018,6,14,1,3,5,3,0,1,1,0,0,0,0,0,13.46641653,52.54646613
4,4300518,2018,6,17,4,3,2,6,0,0,1,0,0,0,0,0,13.31030386,52.52939651
1,1100308,2018,6,22,7,2,0,1,2,0,0,0,1,0,1,1,13.38601939,52.52818695
3,3400721,2018,6,17,4,3,2,6,0,1,1,0,0,0,0,0,13.40124064,52.56563959
10,10100210,2018,6,14,1,3,1,5,0,0,1,1,0,0,0,0,13.54430118,52.54206992
11,11501238,2018,6,17,4,3,5,2,0,1,1,0,0,0,0,0,13.5014203,52.48303516
10,10400938,2018,6,8,2,3,2,6,0,0,1,0,1,0,0,0,13.61397795,52.51654917
1,1300731,2018,6,23,7,2,1,5,2,0,1,0,0,0,0,1,13.38894797,52.56528802
5,5200634,2018,6,13,1,3,5,2,0,0,1,0,0,0,0,0,13.2087742,52.51068378
1,1100207,2018,6,17,4,3,5,2,0,1,1,0,0,0,0,0,13.40393409,52.51539134
5,5300737,2018,6,13,1,3,2,6,0,0,1,0,0,0,0,0,13.23226749,52.53918933
6,6400840,2018,6,14,6,3,5,7,0,0,1,0,1,0,0,0,13.2601796,52.4448944
11,11300618,2018,6,17,4,3,0,2,0,1,0,0,0,0,1,0,13.45879468,52.52669235
3,3200205,2018,6,12,1,3,0,1,0,1,0,0,0,0,0,0,13.38758148,52.58959637
9,9301025,2018,6,16,4,3,5,3,0,0,1,0,0,0,0,0,13.57365231,52.40183075
11,11501340,2018,6,10,1,3,5,3,0,0,1,0,0,0,0,0,13.53711929,52.48566945
12,12100204,2018,6,17,6,3,6,4,0,0,1,1,0,0,0,0,13.36249575,52.56725671
1,1400940,2018,6,7,1,3,5,3,0,1,1,0,0,0,0,0,13.36556931,52.55803344
6,6400844,2018,6,16,4,3,2,6,0,0,1,0,0,0,0,0,13.27386046,52.45757061
10,10400941,2018,6,16,4,3,2,6,0,0,1,0,0,0,0,0,13.62062851,52.50402885
1,1200628,2018,6,3,1,2,5,2,2,0,1,0,0,0,0,0,13.35688697,52.52362105
1,1100206,2018,6,16,4,3,5,3,0,1,1,0,0,0,0,0,13.3891311,52.51563389
12,12400619,2018,6,0,1,3,1,5,2,1,1,0,0,0,0,0,13.26069571,52.59242075
9,9100305,2018,6,9,1,3,5,2,0,0,1,0,0,0,0,1,13.49130055,52.46909403
10,10400837,2018,6,12,6,3,4,7,0,0,1,0,0,0,0,0,13.56920822,52.47598974
4,4200310,2018,6,15,1,3,1,5,0,1,1,0,0,0,0,0,13.26666563,52.51291534
11,11300620,2018,6,16,4,3,2,6,0,0,1,0,0,0,1,0,13.48535639,52.53104847
9,9501737,2018,6,13,7,3,1,5,0,1,1,0,0,0,0,0,13.62920284,52.45054978
7,7400720,2018,6,10,7,3,6,6,0,0,1,1,0,0,0,0,13.37140845,52.47855523
8,8100311,2018,6,15,4,3,0,2,0,0,1,0,0,0,1,0,13.42701847,52.48732085
9,9200512,2018,6,10,7,3,1,3,0,1,1,0,0,0,0,0,13.53125929,52.4608951
7,7601442,2018,6,1,7,2,5,2,2,0,0,0,1,0,0,0,13.40129876,52.41450615
7,7300517,2018,6,15,4,3,5,2,0,0,1,0,0,0,0,0,13.33259967,52.46896955
7,7400825,2018,6,0,7,3,0,3,2,0,1,0,1,0,0,0,13.38045049,52.45603747
6,6200421,2018,6,14,4,2,5,2,0,0,1,0,0,0,0,0,13.32710889,52.43991169
1,1200519,2018,6,0,7,3,9,1,2,0,1,0,0,0,0,0,13.33401424,52.52995855
9,9100203,2018,6,14,4,3,1,5,0,0,1,0,0,0,0,0,13.47919033,52.47782536
8,8100310,2018,6,23,7,3,6,4,2,1,0,1,0,0,0,0,13.43291172,52.49181847
1,1100415,2018,6,21,1,2,0,1,2,1,0,0,0,0,0,0,13.39284478,52.53207889
3,3500936,2018,6,11,6,3,2,6,0,0,1,0,0,0,0,1,13.46621135,52.5512937
12,12500928,2018,6,21,7,3,0,1,0,1,0,0,0,0,0,0,13.30902138,52.60326693
3,3601450,2018,6,12,4,3,1,7,0,0,1,0,0,0,0,0,13.45428919,52.53237758
1,1100308,2018,6,20,7,3,5,7,1,1,1,0,0,0,0,0,13.38778472,52.52247604
12,12500824,2018,6,16,7,3,0,2,0,0,1,1,0,0,0,1,13.29172441,52.59593284
2,2200210,2018,6,20,7,3,5,3,0,1,0,0,1,0,0,0,13.40368027,52.49389929
4,4500937,2018,6,12,4,3,5,7,0,1,1,0,0,0,0,0,13.29036179,52.49813991
6,6300634,2018,6,18,7,3,5,3,0,0,1,0,0,0,0,0,13.30191183,52.4381026
10,10300734,2018,6,13,4,3,5,3,0,1,1,0,0,0,0,0,13.56148945,52.50419341
12,12200412,2018,6,11,6,3,2,6,0,0,1,0,0,1,1,1,13.28385468,52.57564283
10,10200421,2018,6,12,4,3,6,4,0,0,1,1,0,0,0,0,13.60313567,52.53857479
7,7400928,2018,6,18,7,3,2,7,0,0,1,0,0,0,1,0,13.41802091,52.46486116
11,11200410,2018,6,12,4,3,0,7,0,0,0,0,1,0,0,1,13.51999147,52.55327058
2,2300314,2018,6,18,7,3,5,2,0,1,1,0,0,0,0,0,13.42366987,52.50113378
1,1100313,2018,6,11,1,3,5,3,0,0,1,0,0,0,0,1,13.42339243,52.50686452
1,1200623,2018,6,9,6,3,5,2,0,1,1,0,0,0,0,0,13.35051814,52.53247862
3,3601449,2018,6,13,4,3,5,3,0,1,1,0,0,0,0,0,13.45119875,52.53880786
10,10400941,2018,6,17,7,3,5,7,0,0,1,0,0,0,0,0,13.61442132,52.49351135
2,2200207,2018,6,12,4,2,5,2,0,1,1,0,0,1,0,0,13.37674052,52.49146728
6,6400838,2018,6,16,7,3,4,6,0,0,1,0,0,0,0,0,13.21934195,52.43799023
3,3300411,2018,6,14,1,3,5,3,0,1,1,0,0,0,0,0,13.49010502,52.6205012
5,5200629,2018,6,15,7,3,0,7,0,0,1,0,0,0,0,0,13.19291968,52.53396509
4,4300619,2018,6,12,4,3,5,2,0,0,1,0,1,0,0,0,13.3187981,52.51919542
7,7601238,2018,6,15,7,3,0,7,0,0,1,0,0,0,0,0,13.39099288,52.41978392
1,1200628,2018,6,11,4,3,5,2,0,1,0,0,0,0,1,0,13.3553814,52.51929384
9,9501941,2018,6,11,4,3,2,6,0,0,1,0,0,0,0,0,13.59317194,52.4513302
12,12200412,2018,6,15,7,2,5,2,0,0,1,0,1,0,0,0,13.29791499,52.57817139
7,7100102,2018,6,11,4,2,5,3,0,0,1,0,0,0,0,0,13.3460135,52.49882961
4,4300619,2018,6,10,4,3,5,2,0,0,1,0,0,0,0,0,13.30228574,52.5187969
12,12100102,2018,6,13,7,2,1,5,0,1,1,0,0,0,0,0,13.37926179,52.56929355
7,7300517,2018,6,10,4,2,5,2,0,0,1,0,1,0,0,0,13.33251356,52.46898521
4,4500939,2018,6,13,7,3,3,6,0,0,1,0,0,0,1,0,13.30110978,52.48808053
8,8100102,2018,6,23,7,3,2,6,2,0,1,0,0,0,0,1,13.42623135,52.47735898
5,5100209,2018,6,12,7,3,5,6,0,0,1,0,1,0,0,0,13.17774539,52.55349582
8,8100418,2018,6,10,4,3,5,3,0,0,1,0,1,0,0,0,13.44821582,52.48143675
3,3300516,2018,6,10,4,3,5,3,0,1,1,0,0,0,0,0,13.44466735,52.57867927
7,7300618,2018,6,10,4,3,5,2,0,1,1,0,0,0,0,0,13.33516512,52.46797095
4,4300623,2018,6,11,7,3,0,7,0,0,0,0,1,0,0,1,13.31430912,52.50896982
9,9301126,2018,6,10,4,3,1,7,0,0,1,0,0,0,0,0,13.58713431,52.41140406
1,1100309,2018,6,9,4,3,1,5,0,1,1,0,0,0,0,0,13.39854007,52.5262231
9,9401433,2018,6,11,7,3,5,2,0,1,1,0,0,0,0,0,13.59792757,52.43853246
1,1401048,2018,6,9,4,3,2,6,0,0,1,0,0,0,0,0,13.35482152,52.55213229
11,11200411,2018,6,13,2,3,2,6,0,0,1,0,0,0,0,0,13.50138181,52.54873308
8,8200623,2018,6,8,4,3,5,2,0,1,1,0,0,0,0,0,13.43870129,52.45260039
11,11300721,2018,6,10,7,3,6,7,0,1,0,1,0,0,0,0,13.48560435,52.53368199
1,1100309,2018,6,18,4,3,0,1,0,1,0,0,0,0,0,0,13.40283141,52.52418065
3,3400723,2018,6,10,7,3,1,5,0,1,1,0,0,0,0,0,13.41016682,52.56684256
2,2300314,2018,6,9,7,2,1,5,0,1,1,0,0,0,0,0,13.42110827,52.50078768
1,1100308,2018,6,8,4,3,1,5,0,1,1,0,0,0,0,0,13.38002346,52.52834013
9,9100407,2018,6,8,4,3,5,5,0,1,1,0,0,0,0,0,13.50707286,52.45345934
3,3500932,2018,6,8,7,3,5,2,0,0,1,0,0,0,0,0,13.45716047,52.56100784
5,5200630,2018,6,7,4,3,2,6,0,0,1,0,0,0,0,0,13.1881068,52.52237534
1,1300733,2018,6,1,6,3,5,5,2,0,1,0,0,0,0,0,13.38461883,52.55569929
8,8100102,2018,6,19,1,2,5,3,1,1,1,0,0,0,0,1,13.42600631,52.47755199
7,7100206,2018,6,22,7,3,5,3,2,1,1,0,0,0,0,1,13.36415265,52.48825961
4,4501044,2018,6,15,6,3,2,6,0,1,1,0,0,0,0,0,13.32243142,52.49785382
10,10100210,2018,6,7,4,3,5,3,0,0,1,0,0,0,1,0,13.54714757,52.54820523
2,2300316,2018,6,0,6,3,1,5,2,1,1,0,0,0,0,0,13.441117,52.50086957
1,1300731,2018,6,6,4,3,5,3,0,0,1,0,0,0,1,0,13.38208288,52.56669088
4,4400834,2018,6,8,2,3,5,2,0,1,0,0,0,0,1,0,13.3106291,52.47929273
12,12500824,2018,6,14,6,3,6,4,0,0,0,1,0,0,1,0,13.28990232,52.59033055
5,5100312,2018,6,15,3,3,5,2,0,1,1,0,0,0,0,0,13.20063515,52.54965223
4,4501043,2018,6,17,6,3,5,2,0,1,1,0,0,0,0,0,13.31076932,52.49511056
9,9200819,2018,6,17,6,3,5,3,0,1,1,0,0,0,0,0,13.56425584,52.44569818
2,2200212,2018,6,9,3,3,1,6,0,1,1,0,0,0,1,0,13.40904856,52.48892171
9,9200715,2018,6,18,6,3,5,7,0,0,1,0,1,0,0,0,13.53866819,52.425824
1,1100206,2018,6,14,3,2,2,2,0,1,0,0,0,1,0,0,13.385863,52.51648289
4,4100102,2018,6,19,6,3,3,6,0,0,1,0,0,0,0,0,13.29421247,52.53428868
6,6300633,2018,6,15,3,3,5,3,0,1,1,0,0,0,0,0,13.30555103,52.43514018
2,2100104,2018,6,22,6,3,2,6,2,0,1,0,0,0,0,0,13.40961865,52.50402445
4,4200311,2018,6,17,1,3,2,6,0,0,1,0,0,0,0,0,13.27922031,52.50314
9,9401432,2018,6,16,3,2,5,3,0,1,1,0,0,0,0,0,13.59379077,52.44443881
12,12200411,2018,6,22,6,3,1,1,2,0,1,0,0,0,1,0,13.31551623,52.56427937
7,7601545,2018,6,7,7,3,0,1,0,0,0,0,1,0,0,0,13.41398698,52.3910558
1,1100310,2018,6,15,5,3,0,6,0,0,1,0,1,0,0,0,13.40846119,52.5161511
4,4501043,2018,6,3,5,3,6,4,2,0,1,1,0,0,0,0,13.3125629,52.49913875
1,1100310,2018,6,12,6,3,5,2,0,1,1,0,0,0,0,0,13.41150352,52.5239574
4,4400728,2018,6,9,5,3,5,2,0,1,0,0,0,0,1,0,13.28109487,52.47684615
1,1100415,2018,7,4,2,2,0,1,1,1,0,0,0,0,0,0,13.39364232,52.53220724
8,8200623,2018,6,23,5,3,2,6,2,0,1,0,0,0,0,0,13.43755592,52.45518077
6,6400840,2018,6,9,6,3,5,3,0,1,1,0,0,0,0,0,13.25038547,52.45201098
3,3701554,2018,6,19,7,3,5,3,0,0,1,0,1,0,0,0,13.41221439,52.54012991
4,4300619,2018,6,22,5,3,6,4,2,1,0,1,0,0,0,0,13.31000996,52.51624438
6,6400736,2018,6,22,5,3,9,1,2,0,0,0,0,0,1,0,13.22495304,52.42346213
9,9100202,2018,6,16,6,3,5,2,0,1,1,0,0,0,0,0,13.46447922,52.48708071
4,4300414,2018,6,20,5,2,5,2,1,0,1,0,0,0,0,0,13.28688487,52.51297432
3,3701556,2018,6,20,5,3,5,5,0,1,1,0,0,0,0,0,13.41651385,52.53493993
1,1200522,2018,6,19,5,3,5,7,0,0,1,0,1,0,0,0,13.34000262,52.52572135
5,5100211,2018,7,14,1,3,0,3,0,0,0,0,1,0,1,0,13.15758745,52.54226632
8,8100206,2018,6,19,5,3,1,5,0,0,1,0,1,0,0,0,13.42460337,52.48429523
2,2500728,2018,6,19,5,3,5,3,0,1,1,0,0,0,0,0,13.46883629,52.52032963
6,6400843,2018,6,10,6,3,5,3,0,1,1,0,0,0,0,0,13.28838462,52.44635628
9,9200819,2018,6,8,5,3,5,3,0,1,1,0,0,0,0,0,13.56415927,52.43903692