BEZ,LOR_ab_2021,UJAHR,UMONAT,USTUNDE,UWOCHENTAG,UKATEGORIE,UART,UTYP1,ULICHTVERH,IstRad,IstPKW,IstFuss,IstKrad,IstGkfz,IstSonstige,USTRZUSTAND,XGCSWGS84,YGCSWGS84
2,2200210,2018,7,18,1,3,5,2,0,1,1,0,0,0,0,0,13.40037918,52.49051634
5,5100211,2018,6,18,5,3,0,7,0,0,0,0,1,0,0,0,13.17019004,52.54123511
5,5300841,2018,6,9,6,3,5,3,0,1,1,0,0,0,0,0,13.26921888,52.53776852
8,8300935,2018,6,18,7,3,5,2,0,1,1,0,0,0,0,0,13.44675613,52.42701561
7,7200413,2018,6,13,5,3,0,6,0,1,1,0,0,0,0,0,13.35992201,52.48140322
7,7100205,2018,6,7,5,3,6,4,0,1,0,1,0,0,0,0,13.36294041,52.49415471
7,7100102,2018,6,18,6,3,5,3,0,0,1,0,0,0,0,0,13.34604083,52.49882784
2,2300315,2018,6,2,5,3,5,2,2,1,1,0,0,0,0,0,13.42659682,52.49927873
1,1100415,2018,7,16,2,3,0,1,0,1,0,0,0,0,0,0,13.39878327,52.53258964
4,4501148,2018,6,19,5,3,5,2,0,1,1,0,0,0,0,0,13.3205322,52.4832228
8,8100102,2018,6,16,6,3,0,7,0,0,0,0,1,0,0,0,13.41634292,52.48048297
1,1100313,2018,6,18,5,2,2,2,0,1,1,0,0,0,0,0,13.42828789,52.50742327
9,9200819,2018,7,12,1,3,2,2,0,0,1,0,0,0,0,0,13.56904328,52.44419498
1,1401044,2018,6,18,5,3,5,2,0,0,1,0,1,0,0,0,13.36744532,52.55153943
4,4200310,2018,6,13,7,2,5,3,0,1,1,0,0,0,0,0,13.26694905,52.51417549
9,9200715,2018,6,18,5,3,5,2,0,1,1,0,0,0,0,0,13.55067536,52.4291799
5,5400943,2018,6,17,7,3,1,5,0,0,1,0,1,0,0,0,13.12347201,52.45693045
3,3601141,2018,6,18,5,3,5,3,0,0,1,0,1,0,0,0,13.41101643,52.55387649
7,7501030,2018,6,15,6,3,6,4,0,0,1,1,0,0,0,0,13.38393673,52.45263628
6,6200312,2018,6,17,5,3,5,3,0,1,0,0,0,0,0,0,13.34609672,52.44403567
3,3601142,2018,7,11,2,3,6,4,0,0,1,1,0,0,0,0,13.41287182,52.54438836
11,11501341,2018,6,8,5,3,5,3,0,1,1,0,0,0,0,0,13.511394,52.48427002
6,6200421,2018,6,17,6,3,5,2,0,0,1,0,1,0,0,0,13.325493,52.43893096
6,6200421,2018,7,14,1,2,5,2,0,0,1,0,0,0,0,0,13.31435186,52.42397588
12,12200412,2018,6,16,5,3,5,2,0,0,1,0,0,0,0,0,13.29973143,52.57907373
6,6400735,2018,6,10,7,2,0,2,0,1,0,0,0,0,1,0,13.17966777,52.42187601
6,6200420,2018,6,16,5,3,5,3,0,0,1,0,0,0,0,0,13.309322,52.42058597
12,12601031,2018,6,13,6,3,5,2,0,0,1,0,1,0,0,0,13.3285821,52.6029075
5,5100316,2018,6,15,5,3,5,5,0,0,1,0,1,0,0,0,13.18924146,52.53701068
1,1100206,2018,7,7,2,3,2,2,0,0,1,0,0,0,0,0,13.38082248,52.51639511
12,12200515,2018,6,15,5,3,1,5,0,1,1,0,0,0,0,0,13.27613828,52.58465097
5,5200528,2018,6,8,6,3,2,6,0,0,1,0,0,0,0,0,13.1845947,52.51532518
3,3300517,2018,6,15,6,3,5,7,0,0,1,0,1,0,0,0,13.47748866,52.57172908
2,2200209,2018,6,15,5,3,6,4,0,0,0,1,1,0,0,0,13.38420514,52.4849883
1,1100102,2018,7,8,2,2,5,2,0,1,1,0,0,0,0,0,13.36303391,52.50978761
11,11501339,2018,6,9,5,3,5,3,0,0,1,0,0,0,1,0,13.51606116,52.48820893
1,1200628,2018,6,8,6,3,0,7,0,0,0,1,0,0,1,0,13.35665397,52.52359747
9,9501939,2018,7,3,1,2,6,4,2,0,1,1,0,0,0,0,13.57900787,52.4581791
3,3100103,2018,6,8,5,3,3,6,0,1,1,0,0,0,0,0,13.50116437,52.63227072
4,4300416,2018,6,4,7,3,1,5,0,1,1,0,0,0,0,0,13.29839324,52.5089858
1,1300834,2018,6,15,5,2,3,5,0,0,0,0,1,0,1,0,13.39378535,52.54560664
4,4500939,2018,6,14,5,3,5,3,0,1,1,0,0,0,0,0,13.30184429,52.49452157
1,1100207,2018,6,6,6,3,5,3,0,0,1,0,0,0,1,0,13.38993813,52.51122487
6,6300528,2018,6,14,5,3,6,2,0,0,1,1,0,0,0,0,13.26375746,52.42213564
3,3400830,2018,7,20,1,3,0,3,1,0,1,0,0,0,1,0,13.416157,52.56648089
2,2400623,2018,6,14,5,3,2,2,0,0,1,0,0,0,1,0,13.43015011,52.51025545
4,4500937,2018,6,8,6,3,5,2,0,1,0,0,0,1,0,0,13.29622956,52.49800519
1,1200623,2018,6,18,7,3,5,2,0,0,1,0,0,0,0,0,13.3567034,52.53560018
1,1200518,2018,6,13,5,3,3,6,0,1,0,0,0,0,1,0,13.32545456,52.52773937
1,1200629,2018,6,17,6,3,5,2,0,1,1,0,0,0,0,0,13.34196188,52.51784044
2,2300314,2018,6,22,7,3,6,7,1,1,0,1,0,0,0,0,13.42071567,52.4990279
12,12200515,2018,6,13,5,3,2,6,0,0,1,0,0,1,0,0,13.28670881,52.58635653
2,2500727,2018,6,12,5,3,1,5,0,0,1,0,0,0,0,0,13.45400853,52.51837675
8,8100206,2018,6,7,6,3,6,7,0,0,1,1,0,0,0,0,13.4301438,52.48141893
12,12500928,2018,6,7,5,3,0,1,0,1,0,0,0,0,0,0,13.31425969,52.6053477
6,6400737,2018,6,12,5,3,1,5,0,1,1,0,0,0,0,0,13.19236625,52.43537061
4,4500939,2018,6,8,5,3,1,5,0,1,1,0,0,0,0,0,13.30581798,52.49570456
5,5300737,2018,7,16,1,3,0,1,0,0,1,0,0,0,0,0,13.23259262,52.53942683
9,9501737,2018,6,9,5,2,2,2,0,1,1,0,0,0,0,0,13.61680198,52.44655244
7,7100103,2018,6,8,6,3,5,3,0,1,0,0,0,0,0,0,13.35721079,52.49895159
12,12200310,2018,6,18,7,3,3,2,0,0,1,0,1,0,0,0,13.31506672,52.57657427
4,4200310,2018,6,9,5,3,6,7,0,0,1,1,0,0,0,0,13.26197229,52.51551335
12,12200310,2018,6,19,4,3,3,2,0,0,1,0,0,0,0,0,13.31191879,52.56792303
2,2200213,2018,6,20,6,2,5,3,0,1,1,0,0,0,0,0,13.41645637,52.49096344
4,4300416,2018,6,20,4,3,2,6,0,0,1,0,0,0,0,0,13.29722346,52.5106384
1,1300836,2018,7,13,2,3,6,7,0,0,1,1,0,0,0,0,13.37691092,52.54935115
4,4501146,2018,6,19,4,3,5,2,0,1,0,0,0,0,0,0,13.31394276,52.48823522
8,8200833,2018,6,8,6,3,6,2,0,0,1,1,0,0,0,0,13.44210457,52.42502706
7,7300517,2018,6,7,4,3,7,7,0,1,0,0,0,0,0,0,13.33037306,52.47427072
11,11501238,2018,6,18,4,3,2,6,0,1,1,0,0,0,0,0,13.50125452,52.48324508
9,9200716,2018,6,8,6,3,5,2,0,0,1,0,1,0,0,0,13.54646747,52.43258345
9,9200819,2018,6,16,4,2,5,2,0,0,0,0,1,0,1,0,13.55931065,52.44664161
8,8200622,2018,7,14,1,3,0,1,0,0,0,0,1,0,0,0,13.43470347,52.46194638
2,2100106,2018,6,21,4,3,5,3,1,0,1,0,0,0,0,0,13.39964248,52.49845308
7,7200409,2018,6,16,7,3,3,6,0,1,1,0,0,0,0,0,13.3544697,52.48774352
9,9401635,2018,6,20,4,3,2,2,0,1,1,0,0,0,0,0,13.65597285,52.41549769
11,11501340,2018,6,15,6,3,5,2,0,0,1,0,0,0,0,0,13.52617287,52.48452842
9,9100304,2018,6,20,4,3,1,5,0,0,1,0,0,0,1,0,13.48271719,52.46199667
1,1300836,2018,7,9,2,2,5,7,0,0,1,0,0,0,0,0,13.37306939,52.53818914
8,8401243,2018,6,20,4,3,5,7,0,1,1,0,0,0,0,0,13.48641689,52.42475987
11,11501341,2018,6,7,6,3,3,6,0,1,1,0,0,0,0,0,13.50807416,52.48423236
10,10100102,2018,7,13,1,2,0,2,0,1,1,0,0,0,0,0,13.56796979,52.57358697
4,4501153,2018,6,20,4,3,3,6,0,1,1,0,0,0,0,0,13.33324165,52.4822236
5,5100316,2018,6,9,7,3,0,5,0,0,1,0,1,0,0,0,13.19770917,52.53504658
8,8100521,2018,7,7,1,3,5,2,0,0,1,0,0,0,0,0,13.4569262,52.46510717
8,8100103,2018,6,19,4,3,5,7,0,0,1,0,1,0,0,0,13.4258799,52.47317054
7,7300619,2018,6,12,7,3,5,7,0,1,1,0,0,0,0,0,13.34400277,52.46865769
3,3500933,2018,6,10,4,3,0,3,0,0,1,0,1,0,0,0,13.44852125,52.55300602
1,1100313,2018,6,14,6,3,1,5,0,1,1,0,0,0,0,0,13.41549773,52.50733404
10,10100208,2018,6,19,4,3,5,3,0,1,1,0,0,0,0,0,13.56457878,52.55202008
11,11300617,2018,7,8,2,3,5,2,0,1,1,0,0,0,0,0,13.46136335,52.52943657
9,9300920,2018,6,19,4,3,5,3,0,1,1,0,0,0,0,0,13.53395318,52.41740129
9,9502043,2018,6,8,6,3,5,7,0,1,1,0,0,0,0,0,13.55328058,52.4695649
4,4200308,2018,7,19,1,2,5,3,0,0,1,0,0,0,1,0,13.28015102,52.51847997
8,8100312,2018,6,19,4,3,3,6,0,1,0,0,0,1,0,0,13.43730389,52.48318805
2,2100104,2018,6,0,7,3,5,3,2,1,1,0,0,0,0,0,13.41053316,52.50343396
12,12601235,2018,6,18,4,3,6,2,0,0,1,1,0,0,0,0,13.36050069,52.59702776
5,5300736,2018,6,18,4,3,5,3,0,1,1,0,0,0,0,0,13.23142179,52.53824868
2,2200212,2018,6,10,6,3,4,6,0,1,0,0,0,0,0,0,13.41272016,52.48844181
3,3601346,2018,6,17,4,3,5,2,0,0,1,0,1,0,0,0,13.41872771,52.54697792
4,4300620,2018,7,19,1,3,5,7,0,1,1,0,0,0,0,0,13.32500473,52.52159527
8,8200832,2018,6,16,4,3,5,2,0,0,1,0,1,0,0,0,13.41925084,52.41760894
11,11300721,2018,6,12,6,3,2,6,0,0,1,0,0,0,0,0,13.50527474,52.5345507
1,1100206,2018,6,16,4,3,5,3,0,1,1,0,0,0,0,0,13.3858308,52.51665444
6,6200312,2018,7,7,2,3,5,2,0,1,1,0,0,0,0,0,13.32764582,52.44021997
2,2100106,2018,6,16,4,3,5,3,0,1,1,0,0,0,0,0,13.39945932,52.49841228
10,10200422,2018,6,7,6,3,5,3,0,1,1,0,0,0,0,0,13.60836783,52.54298173
2,2100104,2018,6,20,7,3,5,2,0,1,1,0,0,0,0,0,13.40369346,52.50336028
6,6400844,2018,6,17,4,3,5,2,0,1,1,0,0,0,0,0,13.30378945,52.45911264
4,4400830,2018,6,15,4,3,0,2,0,1,0,0,0,0,1,0,13.30576749,52.47974304
3,3100101,2018,6,15,6,2,2,6,0,1,0,0,0,0,1,0,13.45166837,52.6175269
8,8100312,2018,6,17,4,3,2,2,0,1,1,0,0,0,0,0,13.44166394,52.48286053
6,6300528,2018,6,15,4,3,2,2,0,0,1,0,0,0,0,0,13.27874317,52.43093975
3,3300515,2018,6,18,4,2,2,6,0,0,1,0,0,0,0,0,13.45965593,52.58540527
8,8200623,2018,7,15,1,3,2,6,0,0,1,0,0,0,0,0,13.45226532,52.4525452
1,1300836,2018,6,19,4,3,0,1,0,0,0,0,0,0,1,0,13.37105193,52.54573405
7,7300619,2018,6,17,7,3,2,6,0,0,1,0,0,0,0,0,13.35962084,52.47519083
7,7400823,2018,6,14,4,3,5,2,0,1,1,0,0,0,0,0,13.37788944,52.46586763
4,4501045,2018,6,14,4,3,2,7,0,0,1,0,1,0,0,0,13.33075268,52.49991851
12,12400617,2018,6,7,6,3,5,3,0,1,1,0,0,0,0,0,13.23156689,52.61266963
5,5100208,2018,6,18,7,3,5,3,0,1,1,0,0,0,0,0,13.16125339,52.54830704
12,12400721,2018,6,14,4,3,6,2,0,0,1,1,0,0,0,0,13.29035994,52.63345806
8,8100310,2018,6,13,4,3,3,6,0,1,1,0,0,0,0,0,13.43341459,52.4917591
8,8100104,2018,6,18,6,2,6,4,0,0,1,1,0,0,0,0,13.42989151,52.46999782
5,5100103,2018,6,13,4,3,0,7,0,1,0,0,0,0,0,0,13.20976308,52.56599437
9,9502043,2018,7,14,2,3,6,4,0,0,0,1,1,0,0,0,13.57733522,52.46165061
2,2200209,2018,6,13,4,3,5,2,0,1,1,0,0,0,0,0,13.37683776,52.48942707
1,1200624,2018,6,6,6,3,5,2,0,1,1,0,0,0,0,0,13.36034692,52.53724226
9,9502042,2018,6,13,4,3,6,7,0,0,1,1,0,0,0,0,13.58036398,52.45902309
9,9300923,2018,7,13,1,3,2,2,0,0,1,0,0,0,0,0,13.53952322,52.40310142
5,5100317,2018,7,18,3,3,5,2,0,0,0,0,1,0,1,0,13.20752551,52.53266644
5,5200423,2018,6,13,4,3,0,7,0,1,0,0,0,0,0,0,13.15688328,52.53124318
1,1100310,2018,7,18,3,3,5,2,0,1,1,0,0,0,0,0,13.41020861,52.51748593
9,9401534,2018,6,14,7,3,5,2,0,1,0,0,0,0,1,0,13.57895697,52.44374026
10,10100314,2018,7,18,3,3,5,3,0,0,1,0,0,0,0,0,13.55761878,52.53634524
9,9501939,2018,6,13,4,3,5,3,0,0,1,0,0,0,0,0,13.55817999,52.45574299
7,7501030,2018,7,18,3,3,6,4,0,1,0,1,0,0,0,0,13.37951797,52.44815736
2,2200208,2018,6,19,6,3,5,3,0,0,1,0,1,0,0,0,13.38338598,52.4935021
1,1200629,2018,6,10,4,3,5,7,0,1,1,0,0,0,0,0,13.34135306,52.52067273
12,12200412,2018,7,9,2,2,6,2,0,0,1,1,0,0,0,0,13.30565759,52.57510687
1,1100310,2018,7,17,3,3,3,6,0,1,0,0,0,0,0,0,13.41629423,52.52164759
7,7100101,2018,6,12,4,3,6,4,0,0,1,1,0,0,0,0,13.34225157,52.50181527
1,1300835,2018,6,15,6,3,5,3,0,1,1,0,0,0,0,0,13.37985481,52.54017605
5,5200420,2018,6,12,4,2,5,3,0,1,1,0,0,0,0,0,13.16507442,52.53349376
10,10100210,2018,7,12,2,3,0,4,0,0,0,1,0,0,1,0,13.56103365,52.54747302
11,11100204,2018,7,18,3,3,5,2,0,1,1,0,0,0,0,0,13.52744565,52.55751055
12,12200308,2018,6,12,4,3,1,5,0,1,1,0,0,0,0,0,13.32337649,52.57386026
2,2100105,2018,7,18,3,3,5,3,0,1,0,0,0,0,0,0,13.40596042,52.50049676
10,10300731,2018,6,6,6,2,5,3,0,1,1,0,0,0,0,0,13.55825871,52.53030393
1,1300836,2018,7,20,1,2,5,3,0,1,1,0,0,0,0,0,13.37341534,52.54220499
4,4100101,2018,7,19,3,3,2,2,0,1,1,0,0,0,0,0,13.31520951,52.54119125
4,4300623,2018,6,11,4,2,6,7,0,0,0,1,0,1,0,0,13.30566128,52.50568043
2,2500835,2018,7,17,3,3,5,3,0,0,1,0,0,0,0,0,13.45253586,52.50452477
6,6300633,2018,6,10,7,3,5,3,0,1,1,0,0,0,0,0,13.30100459,52.44011348
3,3200206,2018,7,17,3,3,5,3,0,1,1,0,0,0,0,0,13.39727006,52.57995219
2,2500830,2018,6,10,4,3,5,2,0,0,1,0,1,0,0,0,13.45554388,52.51354463
4,4200207,2018,7,16,3,3,4,6,0,1,1,0,0,0,0,0,13.19866968,52.47616917
1,1100311,2018,6,13,6,3,0,1,0,0,0,0,1,0,0,0,13.42311471,52.52409558
2,2100102,2018,6,9,4,3,0,6,0,1,0,0,0,1,0,0,13.39395976,52.50693301
3,3100102,2018,7,7,2,3,5,3,0,1,1,0,0,0,0,0,13.49881754,52.6352106
4,4400835,2018,7,15,3,3,1,5,0,1,1,0,0,0,0,0,13.31770745,52.4706721
1,1100310,2018,6,9,4,3,5,2,0,1,0,0,0,0,1,0,13.4090187,52.52415232
1,1200522,2018,7,15,3,3,6,4,0,0,1,1,0,0,0,0,13.34094514,52.52560143
5,5300737,2018,6,3,6,3,1,1,2,0,1,0,0,0,1,0,13.23617113,52.53949972
10,10200421,2018,6,22,7,3,5,2,2,0,1,0,0,0,0,0,13.60446308,52.53867452
4,4500938,2018,7,15,3,3,1,5,0,1,0,0,0,0,1,0,13.29861765,52.49534304
8,8200624,2018,6,8,4,3,5,2,0,1,0,0,0,0,1,0,13.43571654,52.45264781
7,7100204,2018,7,15,3,3,1,5,0,1,1,0,0,0,0,0,13.35343294,52.49257847
12,12601236,2018,6,8,4,3,2,6,0,0,1,0,0,0,0,0,13.34602713,52.59134983
1,1100205,2018,7,15,3,3,5,3,0,1,1,0,0,0,0,0,13.38166198,52.51110793
3,3300412,2018,6,18,6,3,5,3,0,1,1,0,0,0,0,0,13.47578551,52.61958536
7,7400824,2018,7,7,1,2,5,3,0,0,1,0,0,0,1,0,13.38541465,52.46573342
8,8100417,2018,7,14,3,3,1,5,0,0,1,0,0,0,1,0,13.45324205,52.47149168
2,2200210,2018,6,8,4,3,5,2,0,1,0,0,0,0,1,0,13.395869,52.49789956
1,1100312,2018,7,14,3,3,5,3,0,1,1,0,0,0,0,0,13.41373451,52.51132311
2,2200209,2018,6,7,7,3,5,2,0,1,1,0,0,0,0,0,13.38223536,52.48988942
6,6200420,2018,7,14,3,3,2,6,0,0,1,0,0,0,0,0,13.3035144,52.41572583
1,1100312,2018,6,7,4,3,5,3,0,1,1,0,0,0,0,0,13.41363757,52.51128924
9,9200510,2018,7,18,3,3,2,6,0,0,1,0,0,0,0,0,13.51478403,52.46907818
10,10400939,2018,6,7,4,2,5,3,0,1,1,0,0,0,0,0,13.63214288,52.51167758
9,9100101,2018,6,11,6,3,5,3,0,1,1,0,0,0,0,0,13.44234497,52.49000922
11,11300725,2018,6,6,4,3,0,1,0,1,1,0,0,0,0,0,13.50220642,52.51320447
7,7501029,2018,7,0,2,3,0,1,2,0,1,0,1,0,0,0,13.37943342,52.44527374
6,6400838,2018,7,14,3,2,5,2,0,0,1,0,0,0,0,0,13.24759141,52.46748595
2,2100102,2018,6,0,4,3,5,3,2,0,1,0,0,0,0,0,13.39440619,52.50689518
12,12500930,2018,7,17,3,3,5,2,0,0,1,0,0,0,0,0,13.31544764,52.57783293
4,4501042,2018,6,22,6,3,2,6,2,0,1,0,0,0,0,0,13.32633733,52.50281637
2,2400521,2018,6,19,7,3,5,2,0,1,1,0,0,0,0,0,13.42953029,52.5231016
11,11300721,2018,7,15,3,3,2,6,0,0,1,0,0,0,0,0,13.50206698,52.53435468
5,5100316,2018,6,9,3,3,2,6,0,0,1,0,0,0,0,0,13.20072039,52.53837803
5,5100313,2018,7,14,3,2,0,6,0,0,0,0,0,0,1,0,13.20784414,52.55435908
8,8100206,2018,6,21,3,3,5,3,2,0,1,0,0,0,1,0,13.42506641,52.48078543
4,4100101,2018,6,16,6,3,2,2,0,0,1,0,1,0,0,0,13.31521676,52.54118767
1,1401043,2018,6,19,3,2,5,2,0,0,1,0,0,0,0,0,13.36156581,52.54794486
4,4200206,2018,7,12,3,2,5,2,0,0,1,0,1,0,0,0,13.21815311,52.50872488
9,9200512,2018,6,18,3,3,2,6,0,0,1,0,0,0,1,0,13.54305707,52.45755474
4,4300624,2018,6,22,6,3,1,5,2,1,1,0,0,0,0,0,13.31493755,52.50630148
6,6300634,2018,6,19,6,3,6,4,0,0,0,1,0,0,1,0,13.30935534,52.43157474
12,12100205,2018,6,18,3,3,2,2,0,1,1,0,0,0,0,0,13.35181389,52.57365785
2,2400625,2018,7,12,3,3,6,4,0,0,1,1,0,0,0,0,13.4389749,52.51148515
6,6100209,2018,6,17,3,3,1,5,0,1,1,0,0,0,0,0,13.33812237,52.46445606
3,3601142,2018,6,10,6,3,2,7,0,1,1,0,0,0,0,0,13.41017338,52.5411991
2,2300314,2018,6,10,3,3,4,7,0,1,0,0,0,0,0,0,13.41842657,52.50007802
8,8401242,2018,7,18,1,3,5,3,0,0,1,0,0,0,0,0,13.4828547,52.41597155
7,7200409,2018,7,12,3,3,1,5,0,1,1,0,0,0,0,0,13.34669756,52.48502892
12,12100103,2018,6,17,3,2,5,2,0,1,1,0,0,0,0,0,13.37194838,52.57473142
2,2100102,2018,7,12,3,3,5,2,0,1,1,0,0,0,0,0,13.39557416,52.49834428
4,4200206,2018,6,13,6,3,6,2,0,0,1,1,0,0,0,0,13.22839125,52.50687688
8,8100207,2018,6,18,7,3,3,6,0,0,0,0,1,0,1,0,13.42644017,52.47765483
7,7501029,2018,6,17,3,3,2,6,0,0,1,0,0,0,0,0,13.37760149,52.44258893
5,5100313,2018,7,13,3,2,6,4,0,0,1,1,0,0,0,0,13.20982776,52.54798649
11,11300722,2018,6,16,3,3,2,7,0,0,1,0,0,0,0,0,13.47690008,52.52298354
8,8200730,2018,6,19,6,3,5,7,0,1,1,0,0,0,0,0,13.44617534,52.43171108
3,3601346,2018,6,16,3,2,5,3,0,1,1,0,0,0,0,0,13.41402998,52.54760718
10,10300734,2018,7,13,2,3,5,2,0,0,1,0,1,0,0,0,13.56488203,52.49324174
4,4400728,2018,7,13,3,3,5,3,0,0,1,0,0,0,0,0,13.28096969,52.47683056
9,9100305,2018,6,16,3,2,5,3,0,1,1,0,0,0,0,0,13.49300554,52.46775868
4,4501042,2018,6,14,6,3,2,6,0,0,1,0,0,0,0,0,13.33098703,52.5014477
3,3601244,2018,7,7,1,3,5,3,0,0,1,0,0,0,0,0,13.42746196,52.54977074
10,10100311,2018,7,11,3,3,5,2,0,1,1,0,0,0,0,0,13.5192759,52.5164334
1,1300835,2018,6,15,3,3,5,3,0,1,1,0,0,0,0,0,13.37985321,52.54017764
2,2100102,2018,7,10,3,3,6,4,0,1,0,1,0,0,0,0,13.39041449,52.50736583
2,2100106,2018,6,15,3,2,6,7,0,0,1,1,0,0,0,0,13.40142412,52.49843015
11,11300721,2018,7,14,1,3,2,6,0,0,1,0,0,0,0,0,13.51453608,52.53529124
9,9200717,2018,7,10,3,3,3,6,0,0,1,0,1,0,0,0,13.5592692,52.43519727
4,4400726,2018,6,14,3,3,5,3,0,0,1,0,0,0,1,0,13.29036932,52.4916263
4,4300620,2018,7,10,3,3,5,2,0,1,1,0,0,0,0,0,13.32648891,52.51930681
11,11300620,2018,6,16,7,2,6,4,0,0,0,1,1,0,0,0,13.4848013,52.5336322
3,3701657,2018,7,9,3,3,5,2,0,1,1,0,0,0,0,0,13.42797185,52.54004682
1,1100308,2018,6,13,3,3,5,3,0,1,1,0,0,0,0,0,13.38779871,52.52248452
3,3300516,2018,6,15,6,2,3,6,0,0,1,0,1,0,0,0,13.43344602,52.55924362
4,4100101,2018,6,12,3,3,3,6,0,0,1,0,1,0,0,0,13.32661926,52.53944792
12,12500930,2018,7,10,2,3,0,2,0,1,1,0,0,0,0,0,13.31524455,52.57791651
5,5200632,2018,7,9,3,3,0,2,0,1,1,0,0,0,0,0,13.20752106,52.52886338
12,12200412,2018,6,12,3,3,2,6,0,0,1,0,0,0,0,0,13.2922512,52.58106457
10,10200526,2018,7,8,3,3,5,3,0,1,1,0,0,0,0,0,13.60711185,52.52988435
6,6300528,2018,6,10,6,3,2,6,0,0,1,0,1,0,0,0,13.2787964,52.4309034
9,9200715,2018,7,13,1,2,5,2,0,0,1,0,0,0,1,0,13.54134157,52.43549461
6,6300633,2018,7,8,3,3,2,2,0,0,1,0,0,0,0,0,13.31074199,52.44806657
9,9200613,2018,6,11,3,3,5,3,0,1,1,0,0,0,0,0,13.5192321,52.45399712
5,5200632,2018,7,8,3,3,5,2,0,1,0,0,0,1,0,0,13.21122582,52.52736008
1,1200522,2018,6,9,7,3,5,3,0,1,1,0,0,0,0,0,13.33775994,52.52527723
6,6300633,2018,7,7,3,3,5,3,0,1,1,0,0,0,0,0,13.3114116,52.43565272
1,1200522,2018,6,10,3,3,6,7,0,0,1,1,0,0,0,0,13.34148293,52.52553442
5,5100316,2018,7,7,3,3,4,6,0,1,0,0,0,0,0,0,13.20454054,52.53979971
1,1100101,2018,6,13,6,3,2,6,0,0,1,0,1,0,0,0,13.34575754,52.50669028
4,4501040,2018,6,12,7,3,1,5,0,1,1,0,0,0,0,0,13.30815209,52.50003684
9,9100305,2018,7,7,3,3,5,3,0,0,1,0,1,0,0,0,13.4898647,52.46780498
6,6300632,2018,6,8,3,3,6,4,0,0,0,1,1,0,0,0,13.30130674,52.42413065
10,10200629,2018,7,7,3,3,5,3,0,1,1,0,0,0,0,0,13.5767559,52.51323335
6,6100208,2018,6,10,6,3,5,3,0,1,1,0,0,0,0,0,13.32564788,52.45550189
2,2500727,2018,6,7,3,3,5,2,0,1,1,0,0,0,0,0,13.45245548,52.51840355
4,4500939,2018,7,8,2,3,0,2,0,0,1,0,0,0,1,0,13.3079402,52.4885321
12,12500930,2018,7,7,3,3,5,2,0,1,1,0,0,0,0,0,13.3241286,52.58762845
1,1100207,2018,6,7,3,2,5,3,0,1,1,0,0,0,0,0,13.39209073,52.50958352
11,11300617,2018,7,7,3,3,2,6,0,0,1,0,0,0,1,0,13.47481164,52.53282055
1,1200519,2018,6,7,6,3,0,1,0,1,0,0,0,0,0,0,13.33422355,52.52871416
11,11501238,2018,7,0,1,2,5,3,2,1,1,0,0,0,0,0,13.47558492,52.50144553
2,2500836,2018,7,7,3,3,5,2,0,1,1,0,0,0,0,0,13.46839565,52.4996644
7,7200412,2018,6,7,3,3,1,5,0,1,1,0,0,0,0,0,13.36385792,52.47669522
4,4501041,2018,7,12,3,3,2,6,0,0,1,0,0,0,0,0,13.32421233,52.50225622
5,5100313,2018,6,4,7,2,5,3,0,1,1,0,0,0,0,0,13.20955906,52.55170081
3,3400618,2018,7,6,3,3,5,3,0,0,1,0,1,0,0,0,13.36938605,52.59738364
4,4300621,2018,6,17,3,3,0,4,0,1,0,1,0,0,0,0,13.30429608,52.51290304
1,1100207,2018,7,9,3,3,5,2,0,1,1,0,0,0,0,0,13.40119277,52.51041613
4,4100101,2018,6,6,3,3,5,2,0,0,1,0,0,0,0,0,13.32624785,52.53801522
11,11501339,2018,6,11,6,3,5,2,0,1,1,0,0,0,0,0,13.52708795,52.49214335
12,12200309,2018,6,15,3,3,2,6,0,0,1,0,1,0,0,0,13.32916147,52.56348569
1,1200628,2018,7,19,1,3,3,6,0,0,1,0,0,0,1,0,13.36001572,52.52356128
3,3300516,2018,7,7,3,3,0,6,0,1,1,0,0,0,0,0,13.44058726,52.56689733
4,4501042,2018,6,17,3,3,2,6,0,0,1,0,1,0,0,0,13.33346106,52.50675598
10,10200629,2018,7,7,3,3,2,6,0,0,1,0,0,0,0,0,13.5762114,52.51314236
4,4300620,2018,6,7,6,2,1,5,0,1,1,0,0,0,0,0,13.32537924,52.51792459
2,2500833,2018,6,18,7,3,5,2,0,1,1,0,0,0,0,0,13.45230206,52.51249786
3,3601141,2018,6,9,3,3,3,6,0,1,0,0,0,0,0,0,13.41417896,52.55361719
8,8100521,2018,7,7,2,3,5,3,0,1,1,0,0,0,0,0,13.45398362,52.46920369
6,6100204,2018,7,7,3,3,1,5,0,0,1,0,0,0,0,0,13.34832191,52.45198735
4,4300619,2018,6,16,3,2,5,3,0,0,0,0,1,0,1,0,13.31347353,52.51518749
3,3400620,2018,7,8,3,3,1,5,0,0,1,0,0,0,0,0,13.39580559,52.57489793
11,11501238,2018,6,6,6,3,5,3,0,1,1,0,0,0,0,0,13.48042938,52.49910039
9,9100407,2018,6,21,7,2,6,4,1,0,1,1,0,0,0,0,13.48687961,52.45948995