BEZ,LOR_ab_2021,UJAHR,UMONAT,USTUNDE,UWOCHENTAG,UKATEGORIE,UART,UTYP1,ULICHTVERH,IstRad,IstPKW,IstFuss,IstKrad,IstGkfz,IstSonstige,USTRZUSTAND,XGCSWGS84,YGCSWGS84
4,4501045,2018,7,8,3,2,6,4,0,0,1,1,0,0,0,0,13.32605145,52.49445864
1,1300834,2018,6,14,3,3,6,7,0,1,0,1,0,0,0,0,13.38964937,52.54660565
7,7100102,2018,7,9,3,3,0,1,0,1,0,0,0,0,0,0,13.3458813,52.49999125
1,1100103,2018,6,9,3,3,2,2,0,0,1,0,0,0,0,1,13.35371145,52.50555365
2,2500727,2018,6,7,6,3,5,3,0,1,1,0,0,0,0,0,13.45871423,52.52045425
9,9501736,2018,6,15,3,3,2,2,0,1,1,0,0,0,0,0,13.60929991,52.44891014
8,8100105,2018,7,23,2,3,5,3,2,0,1,0,1,0,0,0,13.43024512,52.46623161
6,6400735,2018,6,16,3,3,0,1,0,0,0,0,1,0,0,0,13.16188617,52.42071998
3,3601244,2018,6,9,3,2,0,1,0,1,0,0,0,0,0,0,13.42403606,52.54615148
4,5300840,2018,7,16,1,3,2,6,0,0,1,0,0,0,0,0,13.28198962,52.5338183
3,3601141,2018,7,16,2,3,6,4,0,1,0,1,0,0,0,0,13.414779,52.55356389
9,9200613,2018,6,20,2,3,1,5,0,1,1,0,0,0,0,0,13.51075729,52.45724886
8,8401243,2018,7,7,2,3,3,6,0,1,0,0,0,0,1,0,13.49105274,52.42452108
12,12200310,2018,6,9,6,3,5,2,0,1,0,0,0,1,0,0,13.31519905,52.57655623
9,9301025,2018,6,17,7,3,1,7,0,1,1,0,0,0,0,0,13.53804845,52.39818221
4,4400835,2018,7,20,2,3,5,2,0,0,1,0,1,0,0,0,13.32026742,52.47669105
1,1300732,2018,6,8,2,2,3,6,0,1,0,0,0,0,0,0,13.38863585,52.56140423
5,5100313,2018,6,20,6,2,5,2,0,1,1,0,0,0,0,0,13.20789486,52.55403386
5,5100316,2018,6,20,2,3,5,2,0,1,0,0,0,0,1,0,13.2038622,52.53990217
1,1100416,2018,6,20,2,3,5,2,0,1,1,0,0,0,0,0,13.39794547,52.53493162
7,7100102,2018,7,18,2,3,6,7,0,0,1,1,0,0,0,0,13.35128665,52.500188
3,3601141,2018,6,20,2,3,2,6,0,0,1,0,0,0,1,0,13.41399333,52.55362854
9,9200818,2018,6,18,6,3,0,1,0,0,0,0,1,0,0,0,13.55902283,52.44864134
7,7501133,2018,6,20,2,2,5,2,0,0,1,0,0,0,0,0,13.39121509,52.43192794
8,8200623,2018,7,14,2,3,3,6,0,1,1,0,0,0,0,0,13.43859623,52.45256457
1,1100102,2018,7,18,2,3,0,7,0,1,1,0,0,0,0,0,13.36704546,52.51742653
1,1200522,2018,6,20,2,3,5,7,1,0,1,0,0,0,0,0,13.33331216,52.52437764
6,6400841,2018,6,14,6,3,2,6,0,0,1,0,0,0,0,0,13.26673431,52.44226372
4,4300619,2018,6,19,2,3,2,3,0,0,1,0,0,0,0,0,13.316569,52.51625291
4,4300518,2018,7,14,1,3,2,6,0,0,1,0,0,0,0,0,13.29564117,52.53051697
1,1100308,2018,7,18,2,3,1,1,0,1,1,0,0,0,0,0,13.38408105,52.52974537
5,5200632,2018,6,18,2,3,2,6,0,0,1,0,0,0,0,0,13.20080543,52.53218857
12,12100205,2018,7,17,2,3,2,2,0,0,1,0,0,0,0,0,13.36332582,52.58075977
2,2200210,2018,6,14,7,3,5,2,0,1,1,0,0,0,0,0,13.39098631,52.49240191
7,7100205,2018,7,16,2,3,6,2,0,0,1,1,0,0,0,0,13.3610002,52.49592532
1,1401043,2018,6,18,2,3,5,3,0,0,1,0,0,0,0,0,13.36301592,52.54879121
12,12200309,2018,6,15,6,3,5,3,0,0,1,0,1,0,0,0,13.32908211,52.56712097
2,2400520,2018,6,18,2,3,5,2,0,1,1,0,0,0,0,0,13.42183309,52.52647427
7,7200307,2018,7,9,2,3,2,2,0,1,1,0,0,0,0,0,13.34515258,52.48921812
3,3701554,2018,7,16,2,3,5,2,0,1,1,0,0,0,0,0,13.41243277,52.53799173
3,3400619,2018,6,17,2,3,5,3,0,1,1,0,0,0,0,0,13.36954357,52.59103471
1,1100309,2018,7,16,2,3,3,6,0,0,1,0,1,0,0,0,13.40005551,52.52957039
4,4300622,2018,6,10,6,3,5,3,0,1,1,0,0,0,0,0,13.33025678,52.51319232
12,12601133,2018,7,11,1,2,2,6,0,0,0,0,1,0,0,0,13.36596107,52.60450347
7,7100102,2018,7,16,2,3,0,2,0,0,0,0,0,0,1,0,13.34590005,52.49883758
9,9200715,2018,6,16,2,3,5,3,0,0,1,0,0,0,0,0,13.52236813,52.42831376
1,1100312,2018,7,13,2,3,5,3,0,1,1,0,0,0,0,0,13.40663169,52.51344065
9,9200511,2018,7,15,2,3,4,6,0,1,1,0,0,0,0,0,13.52074487,52.46027184
6,6400838,2018,6,16,2,3,0,2,0,1,1,0,0,0,0,0,13.23362145,52.43859314
8,8401246,2018,6,13,6,2,6,7,0,0,1,1,0,0,0,0,13.51261786,52.41536544
2,2100106,2018,7,22,1,2,5,3,2,0,1,0,0,0,0,0,13.39940055,52.49828716
2,2300419,2018,7,15,2,3,6,4,0,1,0,1,0,0,0,0,13.44640957,52.49869581
8,8200832,2018,6,16,2,3,1,5,0,0,1,0,0,0,0,0,13.42227226,52.41320565
7,7300517,2018,7,15,2,3,5,7,0,0,1,0,1,0,0,0,13.33353683,52.46974148
3,3400619,2018,6,11,7,3,2,2,0,0,1,0,0,0,0,0,13.38464577,52.59119568
8,8100312,2018,7,14,2,3,1,5,0,1,1,0,0,0,0,0,13.43757126,52.48286237
12,12200310,2018,6,16,2,3,2,6,0,0,1,0,0,0,0,0,13.31141172,52.57021339
6,6200422,2018,7,14,2,3,3,6,0,1,0,0,0,1,0,0,13.32743821,52.42834823
3,3200309,2018,6,7,6,3,5,2,0,1,1,0,0,0,0,0,13.43254291,52.60510652
6,6300634,2018,6,16,2,3,5,3,0,0,1,0,1,0,0,0,13.28311135,52.43287816
7,7300619,2018,7,7,2,3,1,5,0,1,1,0,0,0,0,0,13.34918549,52.46944543
3,3400724,2018,7,14,2,3,2,6,0,1,0,0,0,0,0,0,13.42859671,52.5830883
4,4501150,2018,6,14,2,3,1,6,0,0,1,0,0,0,0,0,13.32076298,52.48653698
2,2300419,2018,7,14,2,3,2,6,0,0,1,0,0,0,0,0,13.44549975,52.49921744
2,2100104,2018,6,17,5,3,1,5,0,1,1,0,0,0,0,0,13.41016491,52.50290399
8,8200726,2018,6,20,7,2,3,6,1,1,1,0,0,0,0,0,13.43354316,52.445206
6,6300526,2018,6,13,2,3,5,3,0,1,1,0,0,0,0,0,13.25659337,52.42889794
9,9100407,2018,6,16,6,3,2,6,0,1,1,0,0,0,0,0,13.5090511,52.4529207
5,5100316,2018,7,13,4,3,0,2,0,1,1,0,0,0,0,0,13.20059252,52.5385993
11,11200411,2018,7,13,4,3,6,4,0,0,1,1,0,0,0,0,13.5077398,52.54521043
1,1300733,2018,7,8,7,3,5,7,0,0,1,0,0,0,0,0,13.38546003,52.55009728
10,10400939,2018,7,11,4,3,0,1,0,1,0,0,0,0,0,0,13.61235322,52.51128318
4,4300620,2018,7,16,6,3,5,3,0,1,1,0,0,0,0,0,13.3266599,52.51678805
2,2400521,2018,7,13,6,2,3,6,0,1,0,0,0,0,0,0,13.44060359,52.5169988
8,8100206,2018,7,10,4,3,5,7,0,0,1,0,0,0,0,0,13.4245619,52.48441004
1,1100206,2018,7,9,6,3,6,7,0,0,1,0,0,0,1,0,13.38658981,52.51790638
4,4100101,2018,7,10,4,3,5,2,0,0,1,0,0,0,0,0,13.30232024,52.54789053
1,1300834,2018,7,11,6,3,2,2,0,1,1,0,0,0,0,0,13.39605205,52.5382145
2,2200208,2018,7,9,4,3,1,5,0,1,1,0,0,0,0,0,13.38076306,52.4926808
2,2100106,2018,7,2,6,3,5,3,2,0,1,0,0,0,0,0,13.41413699,52.49857936
5,5100317,2018,7,7,6,3,1,5,0,1,1,0,0,0,0,0,13.23277698,52.52825803
1,1200627,2018,7,8,4,3,5,3,0,0,1,0,1,0,0,0,13.36440612,52.52672159
2,2400521,2018,7,2,6,3,5,2,2,0,1,0,0,0,0,0,13.42963596,52.52324037
4,4100101,2018,7,15,6,3,2,6,0,0,1,0,0,0,0,0,13.28206864,52.53380266
8,8200730,2018,7,8,4,3,1,7,0,0,1,0,0,0,1,0,13.43528595,52.43424505
1,1100102,2018,7,0,6,3,0,7,2,1,0,0,0,0,0,0,13.35253436,52.50964066
11,11200513,2018,7,16,4,3,0,1,0,0,0,0,1,0,0,0,13.49081712,52.54315283
9,9200715,2018,7,22,6,3,5,3,2,1,1,0,0,0,0,0,13.52233056,52.42856313
4,4500939,2018,7,17,6,3,5,2,0,0,1,0,0,0,0,0,13.30741481,52.48850823
2,2200210,2018,7,23,4,3,5,2,2,1,1,0,0,0,0,1,13.39520508,52.49617013
7,7400720,2018,7,20,6,3,4,6,1,1,1,0,0,0,0,0,13.37320194,52.47710394
4,4501042,2018,7,6,4,3,3,6,0,0,1,0,0,0,1,0,13.33245625,52.50413215
1,1100416,2018,7,20,6,3,1,5,0,1,1,0,0,0,0,0,13.40569464,52.53019904
11,11501238,2018,7,22,4,3,5,3,2,1,1,0,0,0,0,1,13.47521406,52.50161046
11,11200514,2018,7,19,6,3,5,3,0,1,1,0,0,0,0,0,13.49664293,52.53948456
9,9100101,2018,7,19,6,3,5,3,1,0,1,0,1,0,0,0,13.44439261,52.49294068
8,8100415,2018,7,6,4,3,5,3,0,0,1,0,0,0,0,0,13.44753947,52.47606639
8,8100311,2018,7,19,6,2,1,5,0,1,1,0,0,0,0,0,13.426437,52.48737013
7,7300517,2018,7,19,6,3,5,2,0,1,1,0,0,0,0,0,13.32856918,52.47346803
11,11300721,2018,7,5,4,3,0,1,0,0,0,0,1,0,0,1,13.49330997,52.53413478
2,2100103,2018,7,19,6,3,5,3,0,1,0,0,0,0,0,0,13.39792329,52.49825194
10,10100311,2018,7,5,4,3,0,1,0,0,0,0,1,0,0,1,13.51947594,52.52278805
2,2100105,2018,7,0,4,3,5,3,2,1,1,0,0,0,0,1,13.41452205,52.50011898
6,6100205,2018,7,18,6,3,0,2,0,0,1,0,1,0,0,0,13.33884925,52.45104065
7,7601442,2018,7,0,4,3,5,2,2,0,1,0,0,0,0,1,13.40129384,52.41450498
12,12200309,2018,7,20,4,3,5,3,1,1,1,0,0,0,0,0,13.32685935,52.56252447
6,6300633,2018,7,16,6,3,2,6,0,1,0,0,0,0,1,0,13.31546705,52.44939511
11,11200512,2018,7,17,6,3,4,5,0,1,1,0,0,0,0,0,13.4866346,52.5442404
4,4500939,2018,7,17,4,3,5,3,0,0,1,0,1,0,0,1,13.30443797,52.48846947
1,1401049,2018,7,16,6,3,1,1,0,1,1,0,0,0,0,0,13.36797115,52.55729002
9,9401432,2018,7,17,4,3,5,3,0,0,1,0,0,0,1,0,13.59353569,52.44634428
3,3500934,2018,7,16,4,3,5,2,0,1,1,0,0,0,0,0,13.43049892,52.55177053
9,9100407,2018,7,16,6,3,3,2,0,1,1,0,0,0,0,0,13.50872696,52.45261774
4,4400835,2018,7,16,4,3,5,3,0,0,1,0,0,0,0,1,13.31983797,52.46880704
1,1100102,2018,7,16,4,3,2,6,0,0,1,0,1,0,0,1,13.35355681,52.51635492
7,7300619,2018,7,16,6,3,5,3,0,1,1,0,0,0,0,0,13.34256797,52.46468262
7,7601340,2018,7,16,4,3,2,2,0,0,1,0,0,0,0,1,13.36129239,52.41259499
3,3400723,2018,7,15,6,3,5,2,0,0,1,0,1,0,0,0,13.4142793,52.57213901
1,1100207,2018,7,16,4,3,1,5,0,1,1,0,0,0,1,1,13.38985244,52.51062578
1,1200628,2018,7,15,6,3,3,6,0,1,1,0,0,0,0,0,13.36089716,52.52384071
2,2400623,2018,7,16,4,3,6,2,0,0,1,1,0,0,0,0,13.4319266,52.51509237
11,11200512,2018,7,15,6,3,6,2,0,0,1,1,0,0,0,0,13.46828296,52.54654639
5,5100316,2018,7,16,4,3,5,3,0,0,1,0,1,0,0,1,13.20211449,52.53497769
3,3601140,2018,7,15,6,3,5,3,0,1,0,0,1,0,0,0,13.40260995,52.55423691
11,11400931,2018,7,16,4,3,5,2,0,0,1,0,0,0,0,0,13.50648224,52.50875234
4,4400830,2018,7,16,4,3,2,7,0,1,1,0,0,0,0,1,13.29600081,52.48221961
12,12200309,2018,7,15,6,3,2,6,0,0,1,0,0,0,0,0,13.31576152,52.56708968
4,4300416,2018,7,22,4,2,6,4,2,0,1,1,0,0,0,1,13.30203979,52.50788411
5,5100209,2018,7,19,4,2,2,6,0,0,1,0,0,0,0,0,13.18121951,52.54826222
7,7601238,2018,7,14,6,3,2,2,0,0,1,0,0,0,0,0,13.37838902,52.42464631
3,3400827,2018,7,18,4,3,1,5,0,1,1,0,0,0,0,1,13.41550776,52.5599018
9,9200511,2018,7,14,6,2,6,4,0,1,0,1,0,0,0,0,13.52489148,52.45919182
3,3701554,2018,7,12,6,3,2,6,0,1,1,0,0,0,0,0,13.41012345,52.53353685
9,9200819,2018,7,22,4,3,8,1,2,0,0,0,1,0,0,0,13.56221172,52.43703774
2,2300419,2018,7,12,6,3,1,5,0,1,0,0,0,1,0,0,13.44755829,52.4980308
11,11400927,2018,7,7,3,3,5,3,0,1,1,0,0,0,0,0,13.47233221,52.50423087
1,1200628,2018,7,18,3,3,5,2,0,1,1,0,0,0,0,0,13.35946877,52.52329234
3,3601449,2018,7,12,6,3,5,3,0,1,1,0,0,0,0,0,13.45439163,52.54014829
1,1100310,2018,7,23,3,3,5,2,2,1,0,0,0,0,1,1,13.41951182,52.52519844
6,6100102,2018,7,19,6,3,0,6,0,0,1,0,0,0,1,0,13.3220037,52.45659647
4,4300622,2018,7,15,3,3,5,2,0,1,1,0,0,0,0,0,13.32679626,52.50868293
1,1200627,2018,7,18,6,3,5,3,0,0,1,0,0,0,0,0,13.35647065,52.52556921
5,5200420,2018,7,19,6,3,2,6,0,0,1,0,0,0,0,0,13.18129505,52.53406155
2,2100101,2018,7,14,3,2,5,2,0,1,0,0,0,1,0,0,13.37697535,52.5019633
11,11501238,2018,7,19,6,3,2,6,0,0,1,0,0,0,0,0,13.49459045,52.48925695
2,2300316,2018,7,19,6,3,1,5,0,1,1,0,0,0,1,0,13.44266379,52.50117179
8,8100207,2018,7,11,3,3,5,5,0,0,1,0,0,0,0,0,13.43352646,52.47847716
9,9200511,2018,7,21,6,3,1,5,0,0,1,0,0,0,0,0,13.52641635,52.4603069
6,6200423,2018,7,11,3,3,5,2,0,1,1,0,0,0,0,0,13.31928943,52.41304206
12,12601235,2018,7,11,5,3,5,2,0,0,1,0,0,0,0,0,13.36051697,52.59691423
2,2100101,2018,7,10,3,3,1,5,0,0,0,0,1,0,1,0,13.38358755,52.5035758
2,2500832,2018,7,0,5,3,2,6,2,1,0,0,1,0,0,0,13.47527407,52.51170852
12,12200411,2018,7,9,5,3,3,6,0,0,1,0,0,0,1,0,13.32329935,52.56064224
3,3701657,2018,7,9,3,3,5,3,0,1,1,0,0,0,0,0,13.42658935,52.5438225
11,11200410,2018,7,14,5,3,5,7,0,0,1,0,1,0,0,0,13.50109977,52.56078417
1,1100102,2018,7,11,5,3,2,6,0,0,1,0,0,0,0,0,13.34902078,52.51474177
6,6400843,2018,7,9,3,3,1,7,0,0,1,0,0,0,1,0,13.29133318,52.45804813
1,1100309,2018,7,11,5,3,6,4,0,0,1,1,0,0,0,0,13.40351111,52.52314753
1,1401046,2018,7,10,5,3,2,6,0,0,1,0,0,0,0,0,13.3546183,52.54386099
5,5100312,2018,7,8,3,3,2,6,0,0,0,0,1,0,1,0,13.20043152,52.54986981
10,10100311,2018,7,9,5,2,5,3,0,1,1,0,0,0,0,0,13.5338208,52.52410076
2,2100106,2018,7,8,3,3,2,2,0,0,1,0,0,0,1,0,13.41965668,52.49648411
11,11100307,2018,7,19,1,3,1,5,0,1,1,0,0,0,0,0,13.50189579,52.56918373
4,4100101,2018,7,8,3,3,5,2,0,0,1,0,0,0,0,0,13.29671897,52.54812451
2,2500836,2018,7,9,5,3,5,7,0,1,1,0,0,0,0,0,13.46775294,52.49633034
7,7100103,2018,7,21,1,2,9,1,0,0,1,0,0,0,0,0,13.35826049,52.49847859
4,4300619,2018,7,9,5,3,5,2,0,1,1,0,0,0,0,0,13.31527494,52.51474109
8,8100102,2018,7,3,1,3,0,7,2,1,0,0,0,0,0,0,13.42659177,52.4765575
2,2500833,2018,7,8,3,3,5,2,0,1,1,0,0,0,0,0,13.45235233,52.51248959
1,1100312,2018,7,8,5,3,1,7,0,1,1,0,0,0,0,0,13.40535969,52.51237408
9,9501939,2018,7,8,3,3,2,6,0,0,1,0,0,0,1,0,13.57130086,52.45154582
12,12100101,2018,7,14,1,3,5,3,0,0,1,0,0,0,1,0,13.37696123,52.56075832
9,9200511,2018,7,14,7,3,0,2,0,1,1,0,0,0,0,0,13.51697572,52.46178008
8,8100520,2018,7,5,3,3,2,6,0,0,1,0,0,1,0,0,13.46456575,52.47030964
3,3200309,2018,7,6,5,3,5,3,0,1,1,0,0,0,0,0,13.43655827,52.59249387
7,7300618,2018,7,5,3,3,1,5,0,0,1,0,1,0,0,0,13.33560234,52.46780012
1,1100309,2018,7,12,7,2,6,4,0,0,1,1,0,0,0,0,13.40255902,52.52985282
4,4200203,2018,7,22,7,3,5,3,2,1,1,0,0,0,0,0,13.2496453,52.51557264
4,4300622,2018,7,15,3,3,2,7,0,0,0,0,0,1,1,0,13.33100152,52.506772
1,1200520,2018,7,14,5,2,5,3,0,1,1,0,0,0,0,0,13.34333418,52.52896058
4,4300623,2018,7,11,3,2,5,3,0,1,1,0,0,0,0,0,13.30947995,52.51025626
2,2300314,2018,7,20,7,3,5,7,1,1,1,0,0,0,0,0,13.4220129,52.49917802
4,4300622,2018,7,13,3,2,5,2,0,0,1,0,0,0,0,0,13.32595165,52.50928175
5,5300737,2018,7,7,5,2,4,6,0,0,1,0,0,0,1,0,13.23813466,52.54245756
8,8200623,2018,7,9,3,2,6,3,0,0,1,1,0,0,0,0,13.45433481,52.45291376
2,2200210,2018,7,19,7,3,1,5,0,1,1,0,0,0,0,0,13.39455617,52.49197129
10,10100209,2018,7,14,5,3,2,6,0,0,1,0,0,0,0,0,13.57269571,52.54992317
8,8100418,2018,7,18,7,3,5,2,0,0,1,0,1,0,0,0,13.45408058,52.47972505
8,8100417,2018,7,9,3,2,4,1,0,0,1,0,0,1,1,0,13.45564061,52.47396954
4,4200311,2018,7,9,5,3,0,3,0,0,1,0,0,0,1,0,13.27809732,52.50673415
3,3601451,2018,7,12,3,3,5,3,0,1,1,0,0,0,0,0,13.44555722,52.53459739
10,10100312,2018,7,18,7,3,5,2,0,1,1,0,0,0,0,0,13.54024799,52.52594884
6,6200316,2018,7,16,7,3,5,2,0,0,1,0,0,0,0,0,13.3546629,52.42915219
4,4200311,2018,7,8,3,2,3,6,0,0,1,0,1,0,0,0,13.27483681,52.500908
6,6400735,2018,7,0,5,3,8,1,2,0,1,0,0,0,0,0,13.18659061,52.4256551
4,4200311,2018,7,14,3,3,0,1,0,1,0,0,0,0,0,0,13.28127233,52.50079382
8,8100417,2018,7,14,7,3,3,6,0,1,0,0,0,0,1,0,13.45414837,52.47483973
11,11401032,2018,7,3,5,3,0,7,2,1,0,0,0,0,0,0,13.51914839,52.51130569
2,2100106,2018,7,22,3,2,2,6,2,0,1,0,0,0,0,0,13.40094567,52.49842582
2,2500833,2018,7,10,5,2,0,1,0,1,0,0,0,0,0,0,13.4547997,52.5101844
1,1300834,2018,7,14,7,3,6,4,0,0,1,1,0,0,0,0,13.39534005,52.53924466
4,4200309,2018,7,12,5,3,0,7,0,1,0,0,0,0,0,0,13.26019825,52.5168024
2,2500728,2018,7,13,7,3,5,3,0,0,1,0,0,0,0,0,13.46942248,52.52037706
9,9200717,2018,7,21,3,3,1,5,1,1,1,0,0,0,0,0,13.54806018,52.43922077
2,2500835,2018,7,19,3,3,0,6,0,0,1,0,1,0,0,0,13.46482735,52.49768795
6,6100208,2018,7,18,5,3,1,6,0,1,1,0,0,0,0,0,13.33643702,52.45348226
4,4300412,2018,7,18,3,3,3,6,0,0,1,0,0,0,0,0,13.29103167,52.51910388
5,5100103,2018,7,13,7,3,2,6,0,0,1,0,0,0,0,0,13.21058391,52.5673576
6,6400839,2018,7,19,5,3,1,5,0,1,0,0,0,0,1,0,13.24787373,52.43910503
12,12400721,2018,7,13,7,3,5,3,0,0,1,0,0,0,0,0,13.3033636,52.64122831
1,1100102,2018,7,17,3,3,3,2,0,0,1,0,1,0,0,0,13.35643934,52.50980348
2,2300316,2018,7,22,5,3,5,2,2,1,1,0,0,0,0,0,13.44225454,52.5009077
5,5100104,2018,7,17,3,3,5,2,0,0,1,0,1,0,0,0,13.21510539,52.56075661
5,5200528,2018,7,12,7,3,2,6,0,0,1,0,0,0,0,0,13.17812093,52.51684592
9,9501941,2018,7,10,7,3,5,3,0,0,1,0,0,0,0,0,13.58067577,52.45203448
12,12200412,2018,7,22,2,3,0,3,2,1,1,0,0,0,0,0,13.30028756,52.57005216
4,4100101,2018,7,21,5,3,2,6,1,0,1,0,0,0,0,0,13.29527605,52.53943481
8,8300934,2018,7,20,2,3,5,3,0,0,0,0,1,0,1,0,13.46598615,52.42896229
3,3400620,2018,7,20,5,3,2,2,0,0,1,0,0,0,0,0,13.38982561,52.57427182
6,6200312,2018,7,9,7,3,4,6,0,1,1,0,0,0,0,0,13.33227696,52.43297346
11,11200410,2018,7,15,5,3,6,7,0,1,0,1,0,0,0,0,13.50136281,52.5600626
2,2300314,2018,7,20,2,3,3,6,0,1,1,0,0,0,0,0,13.4223595,52.49921896
12,12400722,2018,7,18,5,3,2,6,0,0,1,0,0,0,0,0,13.29406273,52.60906816
7,7100206,2018,7,18,5,3,5,2,0,1,0,0,0,0,1,0,13.3708515,52.49266779
6,6200314,2018,7,10,7,3,2,6,0,0,1,0,0,0,0,0,13.34237276,52.4343326
4,4500939,2018,7,19,2,3,5,2,0,1,1,0,0,0,0,0,13.30782495,52.48843224
1,1100206,2018,7,18,5,3,2,2,0,0,1,0,0,0,0,0,13.3808155,52.51640843
2,2400521,2018,7,18,2,3,6,4,0,1,0,1,0,0,0,0,13.4336843,52.52332129
11,11401136,2018,7,9,7,3,5,2,0,1,1,0,0,0,0,0,13.50694436,52.49686665
3,3400723,2018,7,18,2,3,5,2,0,1,1,0,0,0,0,0,13.40655163,52.56538152
5,5100316,2018,7,18,5,3,5,2,0,0,0,0,1,0,1,0,13.19564585,52.53996443
1,1300836,2018,7,19,5,2,0,1,0,1,0,0,0,0,0,0,13.37241214,52.53861812
1,1300733,2018,7,17,2,3,2,6,0,0,1,0,1,0,0,0,13.38637004,52.55555857
6,6400844,2018,7,9,7,3,5,2,0,1,1,0,0,0,0,0,13.27494459,52.46036086
1,1100310,2018,7,23,7,3,6,4,2,1,0,1,0,0,0,0,13.41544084,52.52276127
3,3300516,2018,7,18,5,3,8,1,0,0,1,0,0,0,0,0,13.44321229,52.57128734
1,1100206,2018,7,17,2,3,2,6,0,0,1,0,0,0,0,0,13.38587354,52.51642669
9,9301126,2018,7,22,5,3,0,1,2,0,0,0,1,0,0,0,13.59339388,52.40925479
2,2500835,2018,7,23,7,3,5,3,2,0,1,0,0,0,0,0,13.45188328,52.50346853
7,7501031,2018,7,17,5,2,5,3,0,0,1,0,0,0,1,0,13.40402132,52.44878533
2,2500835,2018,7,19,7,2,5,2,0,0,1,0,1,0,0,0,13.46465142,52.49743192
1,1200518,2018,7,17,2,3,5,3,0,0,1,0,1,0,0,0,13.32476284,52.52781404
4,4300517,2018,7,18,5,3,5,2,0,0,1,0,0,0,0,0,13.2963981,52.52927487
1,1400937,2018,7,12,7,2,6,4,0,0,0,1,1,0,0,0,13.33336689,52.56039933
4,4501153,2018,7,17,5,3,5,2,0,1,1,0,0,0,0,0,13.32804051,52.47992151
1,1400939,2018,7,3,7,3,9,1,2,0,1,0,0,0,0,0,13.34536128,52.55445438
5,5200629,2018,7,17,2,3,6,2,0,0,1,1,0,0,0,0,13.19460477,52.5336258
7,7300516,2018,7,17,5,3,0,2,0,1,1,0,0,0,0,0,13.32854992,52.4649785
1,1400937,2018,7,14,2,3,3,6,0,1,0,0,0,0,1,0,13.30396546,52.55164171
10,10200420,2018,7,1,7,2,9,1,2,0,0,0,1,0,0,0,13.59881095,52.53827389
9,9501737,2018,7,20,2,3,5,3,0,0,1,0,0,0,0,0,13.63670121,52.4507977
2,2500834,2018,7,17,5,3,6,4,0,0,1,1,0,0,0,0,13.45944828,52.50786022
2,2200210,2018,7,20,2,2,5,3,0,1,1,0,0,0,0,0,13.39501428,52.4932459
2,2400521,2018,7,8,6,2,5,2,0,1,0,0,0,0,1,0,13.44068363,52.51726667
11,11300721,2018,7,17,5,3,5,3,0,1,1,0,0,0,0,0,13.49650839,52.53396463
5,5100312,2018,7,8,6,3,1,3,0,0,1,0,0,0,1,0,13.19851979,52.54877677
10,10100313,2018,7,17,2,2,5,3,0,0,1,0,1,0,0,0,13.56326989,52.54164723
8,8100312,2018,7,17,5,3,5,2,0,1,1,0,0,0,0,0,13.44000745,52.48691926
2,2200209,2018,7,6,6,3,5,2,0,1,1,0,0,0,0,0,13.37670986,52.48936812
1,1200517,2018,7,15,5,3,2,6,0,0,1,0,0,0,0,0,13.32833947,52.53449356
8,8100208,2018,7,16,6,3,2,7,0,1,1,0,0,0,0,0,13.44170746,52.46940883
11,11200411,2018,7,17,2,2,1,5,0,1,1,0,0,0,0,0,13.49796955,52.54979507
1,1100311,2018,7,15,5,3,5,2,0,1,0,0,0,1,0,0,13.41730454,52.51571255
7,7200308,2018,7,17,2,3,5,2,0,1,1,0,0,0,0,0,13.34819774,52.4819695
4,4300623,2018,7,22,6,3,6,4,2,1,1,1,0,0,0,0,13.30938735,52.50646974
7,7400721,2018,7,17,6,3,1,5,0,0,1,0,0,0,0,0,13.37501684,52.47750017
2,2400623,2018,7,8,2,3,3,6,0,1,0,0,0,1,0,0,13.43019551,52.51033513
8,8100206,2018,7,15,5,3,0,3,0,0,1,0,1,0,0,0,13.42776959,52.4810749
7,7300619,2018,7,8,2,3,5,2,0,0,1,0,0,0,0,0,13.34738919,52.47059731
8,8100415,2018,7,16,6,3,5,2,0,1,1,0,0,0,0,0,13.44817428,52.47763089
4,4300412,2018,7,9,2,3,0,6,0,0,1,0,1,0,0,0,13.28503978,52.51871035
4,4100102,2018,7,16,5,3,5,2,0,1,1,0,0,0,0,0,13.29753619,52.53460531
7,7100102,2018,7,9,2,3,2,6,0,0,1,0,0,0,1,0,13.35466199,52.49963511
10,10300732,2018,7,17,6,3,5,3,0,1,1,0,0,0,0,0,13.56954692,52.52876598
7,7400927,2018,7,14,5,2,6,4,0,0,1,1,0,0,0,0,13.38689643,52.4591173
7,7400824,2018,7,16,6,3,5,3,0,1,0,0,0,0,1,0,13.3855146,52.46482072
8,8300934,2018,7,15,2,2,6,4,0,0,0,1,0,0,1,0,13.45258818,52.43554135
2,2200213,2018,7,14,5,3,0,4,0,1,0,1,0,0,0,0,13.41492028,52.49453377
6,6300633,2018,7,11,2,3,1,5,0,1,1,0,0,0,0,0,13.31219775,52.44853758
2,2300419,2018,7,2,6,3,6,4,2,0,1,1,0,0,0,1,13.45001507,52.4965643
6,6100209,2018,7,15,6,2,5,3,0,1,1,0,0,0,0,0,13.33867366,52.46536686