BEZ,LOR_ab_2021,UJAHR,UMONAT,USTUNDE,UWOCHENTAG,UKATEGORIE,UART,UTYP1,ULICHTVERH,IstRad,IstPKW,IstFuss,IstKrad,IstGkfz,IstSonstige,USTRZUSTAND,XGCSWGS84,YGCSWGS84
5,5100209,2018,7,11,2,3,5,7,0,0,1,0,0,0,0,0,13.18310967,52.54789949
3,3500935,2018,7,13,5,3,1,5,0,1,1,0,0,0,0,0,13.4471599,52.54750086
7,7100205,2018,7,12,2,3,5,3,0,0,1,0,0,0,0,0,13.36628342,52.4951992
9,9401534,2018,7,17,5,3,6,7,0,1,0,1,0,0,0,0,13.57946091,52.44471102
6,6200421,2018,7,12,2,3,1,5,0,1,1,0,0,0,0,0,13.31016801,52.42303294
9,9501941,2018,7,15,6,3,5,2,0,1,1,0,0,0,0,0,13.58798188,52.45138022
5,5100101,2018,7,15,6,2,5,3,0,0,1,0,1,0,0,0,13.2110698,52.56834234
4,4300412,2018,7,13,2,3,5,2,0,1,1,0,0,0,0,0,13.28666539,52.51875892
1,1100310,2018,7,23,5,3,0,1,2,0,0,0,1,0,0,0,13.4181028,52.52611148
3,3200310,2018,7,16,2,3,2,6,0,0,1,0,0,0,0,0,13.42044803,52.60650685
7,7400927,2018,7,13,6,2,2,6,0,0,1,0,0,0,0,0,13.40914799,52.46401479
1,1200518,2018,7,15,2,3,5,2,0,0,1,0,1,0,0,0,13.3285592,52.5311372
9,9100304,2018,7,11,5,1,0,1,0,0,1,0,1,0,0,0,13.48481784,52.46717481
6,6400737,2018,7,15,2,3,5,7,0,1,1,0,0,0,0,0,13.18539179,52.43115838
9,9501736,2018,7,12,4,3,2,6,0,0,1,0,0,0,0,0,13.60730972,52.45297701
7,7100103,2018,7,14,6,2,6,7,0,0,0,1,0,0,1,0,13.35722452,52.4986951
9,9501838,2018,7,10,4,3,4,6,0,1,0,0,0,0,0,0,13.73810011,52.42899197
4,4501042,2018,7,13,6,3,5,2,0,0,1,0,0,0,1,0,13.32486819,52.49999027
2,2400623,2018,7,14,2,3,5,2,0,0,1,0,0,1,0,0,13.43023866,52.51048151
3,3100101,2018,7,22,4,3,5,2,2,1,1,0,0,0,0,0,13.44872782,52.61798506
12,12601032,2018,7,15,2,2,6,3,0,0,1,1,0,0,0,0,13.32477949,52.60813437
7,7200412,2018,7,13,6,2,6,2,0,0,1,1,0,0,0,0,13.36316113,52.47620417
9,9100408,2018,7,12,6,3,5,2,0,1,1,0,0,0,0,0,13.51054128,52.45045145
1,1401043,2018,7,15,2,2,1,1,0,0,1,0,0,0,1,0,13.36688457,52.55131996
6,6400842,2018,7,21,4,3,5,3,2,1,1,0,0,0,0,0,13.27030765,52.45091298
7,7501032,2018,7,16,2,2,2,1,0,0,1,0,0,0,0,0,13.41505089,52.45149968
3,3200205,2018,7,21,4,3,5,2,0,1,1,0,0,0,0,0,13.40116829,52.59038965
5,5100211,2018,7,12,6,3,0,1,0,1,0,0,0,0,0,0,13.18147609,52.53857404
11,11200411,2018,7,19,4,3,5,2,0,0,1,0,1,0,0,0,13.5062446,52.54870751
1,1100206,2018,7,7,2,3,3,6,0,1,0,0,0,0,1,0,13.38051126,52.51769005
7,7501134,2018,7,18,4,3,2,6,0,0,1,0,0,0,1,0,13.40046042,52.43985234
8,8401241,2018,7,12,6,3,2,2,0,0,0,0,1,0,1,0,13.47448878,52.43885913
1,1100102,2018,7,12,6,3,5,2,0,0,1,0,1,0,0,0,13.3641902,52.50995896
7,7300516,2018,7,18,4,3,5,3,0,0,1,0,0,0,0,0,13.32434059,52.46584184
4,4500936,2018,7,6,2,3,5,2,0,0,0,0,1,0,1,0,13.30687263,52.49998835
3,3200310,2018,7,18,4,3,5,3,0,1,1,0,0,0,0,0,13.42291521,52.60819759
12,12100204,2018,7,11,6,3,1,5,0,1,1,0,0,0,0,0,13.35084688,52.56580152
9,9501939,2018,7,18,4,3,6,4,0,0,1,1,0,0,0,0,13.57890025,52.45805849
11,11300722,2018,7,11,6,3,2,6,0,0,0,0,1,0,0,1,13.4830247,52.52322913
9,9200715,2018,7,8,2,3,2,6,0,1,1,0,0,0,0,0,13.53745062,52.43157096
4,4501149,2018,7,17,4,3,5,2,0,1,1,0,0,0,0,0,13.32308285,52.49155235
3,3601243,2018,7,8,2,3,0,3,0,1,1,0,0,0,0,0,13.41843754,52.55352373
1,1400940,2018,7,16,6,3,5,3,0,0,0,0,1,0,1,0,13.36529554,52.5580313
4,4500938,2018,7,10,6,3,6,7,0,0,1,1,0,0,0,1,13.29823483,52.4954304
3,3200207,2018,7,17,4,3,5,3,0,1,1,0,0,0,0,0,13.40693468,52.58639424
1,1100311,2018,7,8,2,3,2,2,0,0,1,0,0,0,0,0,13.41810946,52.51574252
2,2200211,2018,7,20,4,3,1,5,0,0,1,0,0,0,1,0,13.39765633,52.48987184
3,3300516,2018,7,9,6,3,5,2,0,1,1,0,0,0,0,0,13.43282122,52.57083511
2,2500833,2018,7,20,4,2,6,4,0,1,0,1,0,0,0,0,13.45606346,52.50993253
5,5200631,2018,7,9,6,3,0,1,0,0,0,0,1,0,0,0,13.19781455,52.52091133
6,6100103,2018,7,8,2,3,1,5,0,0,1,0,1,0,0,0,13.31598987,52.46656183
1,1300733,2018,7,20,4,2,5,2,0,0,1,0,1,0,0,0,13.38391407,52.55496299
9,9200819,2018,7,7,6,3,2,6,0,0,1,0,0,1,0,1,13.55909812,52.44627728
3,3601243,2018,7,6,6,3,5,3,0,1,1,0,0,0,0,0,13.42213756,52.55311225
2,2300314,2018,7,0,2,3,0,1,2,0,0,0,1,0,0,0,13.41936716,52.50138053
1,1100308,2018,7,8,4,3,0,2,0,1,1,0,0,0,0,0,13.38016119,52.51966114
1,1100415,2018,7,16,2,3,5,3,0,0,1,0,0,0,1,0,13.39891665,52.53257484
3,3601449,2018,7,2,4,3,1,5,2,0,1,0,0,0,0,0,13.44608181,52.53849349
1,1300836,2018,7,17,5,3,5,2,0,0,1,0,0,0,0,1,13.37046239,52.5453166
6,6400841,2018,7,19,1,3,1,5,0,0,1,0,0,0,0,0,13.26488277,52.44164252
6,6200421,2018,7,17,4,3,2,6,0,0,1,0,0,0,1,0,13.32207642,52.43624124
1,1300834,2018,7,14,1,3,5,7,0,0,1,0,1,0,0,0,13.39041728,52.54560386
7,7501029,2018,7,17,5,2,5,2,0,0,1,0,1,0,0,0,13.3806219,52.44277475
1,1100311,2018,7,19,1,2,5,2,0,0,1,0,0,0,0,0,13.4181926,52.5156154
7,7100205,2018,7,17,4,3,0,6,0,0,1,0,1,0,0,0,13.3662262,52.49712492
7,7501029,2018,7,17,5,3,6,4,0,0,1,1,0,0,0,1,13.37129528,52.44718313
1,1400942,2018,7,17,4,3,5,3,0,0,1,0,0,0,0,0,13.35137041,52.545918
9,9200716,2018,7,17,5,3,6,2,0,0,0,1,0,0,1,1,13.54511374,52.43682702
9,9401329,2018,7,19,1,3,3,6,0,1,1,0,0,0,0,1,13.58224457,52.43770682
6,6200314,2018,7,16,4,3,5,2,0,1,1,0,0,0,0,0,13.3412174,52.43376247
5,5100209,2018,7,17,1,3,5,2,0,0,1,0,0,0,0,0,13.18469991,52.54759535
3,3500936,2018,7,19,5,3,5,3,0,1,1,0,0,0,0,1,13.46641338,52.54959305
1,1100308,2018,7,12,5,3,0,1,0,0,0,0,1,0,0,1,13.37574439,52.52841535
8,8401244,2018,7,19,1,3,6,4,0,0,1,1,0,0,0,0,13.48919085,52.41099095
3,3501037,2018,7,15,4,3,5,2,0,1,1,0,0,0,0,0,13.47264297,52.55534675
11,11501340,2018,7,17,1,3,1,5,0,1,1,0,0,0,0,0,13.53707919,52.47715073
2,2500832,2018,7,19,5,2,0,7,0,0,1,0,0,0,0,1,13.47397701,52.50806969
8,8200832,2018,7,13,1,3,3,6,0,1,1,0,0,0,0,0,13.43655962,52.42362263
4,4300414,2018,7,16,4,3,5,3,0,0,1,0,0,0,0,0,13.30053269,52.51774164
7,7200308,2018,7,7,1,3,2,6,0,0,1,0,0,0,0,0,13.34418976,52.47880391
12,12200310,2018,7,21,5,2,0,1,2,0,0,0,1,0,0,1,13.31041204,52.57180616
1,1100309,2018,7,21,5,3,5,2,2,1,1,0,0,0,0,1,13.40334673,52.52506848
7,7400823,2018,7,12,1,3,5,2,0,0,1,0,0,0,0,0,13.37814443,52.46644493
3,3200308,2018,7,15,4,3,0,7,0,1,0,0,0,0,0,0,13.41628065,52.60805134
9,9401635,2018,7,9,1,2,5,3,0,1,1,0,0,0,0,0,13.66297394,52.41203669
8,8100415,2018,7,23,5,2,6,2,2,0,1,1,0,0,0,1,13.4413893,52.48098483
11,11300619,2018,7,15,4,3,5,3,0,1,1,0,0,0,0,0,13.47338175,52.52454468
11,11300618,2018,7,23,5,3,5,3,2,1,1,0,0,0,0,1,13.45889632,52.52597533
7,7501135,2018,7,9,1,3,5,2,0,0,1,0,0,0,0,0,13.3961105,52.42334061
7,7400721,2018,7,15,4,3,0,2,0,0,1,0,1,0,0,1,13.38565802,52.47192742
9,9100305,2018,7,8,1,3,5,2,0,0,1,0,1,0,0,0,13.49131656,52.46910735
3,3601450,2018,7,15,5,2,5,2,0,1,1,0,0,0,0,1,13.45290858,52.5337865
12,12500824,2018,7,15,5,3,2,2,0,1,1,0,0,0,0,1,13.29184458,52.59146857
1,1401046,2018,7,4,1,3,8,1,2,0,1,1,0,0,0,0,13.34484929,52.53899258
7,7100205,2018,7,22,4,3,0,1,2,1,0,0,0,0,0,0,13.36447815,52.49749453
2,2200213,2018,7,1,1,3,1,5,2,1,1,0,0,0,0,0,13.4188249,52.49030138
4,4500937,2018,7,14,5,3,0,1,0,0,1,0,1,0,0,1,13.30102663,52.49879338
2,2500728,2018,7,18,7,3,5,2,0,1,1,0,0,0,0,0,13.4674363,52.51433814
1,1300732,2018,7,13,4,3,5,2,0,1,1,0,0,0,0,0,13.38722134,52.55987865
3,11300617,2018,7,23,7,3,6,4,2,0,1,1,0,0,0,0,13.46216958,52.52974284
8,8401243,2018,7,12,4,3,0,5,0,0,1,0,0,0,0,0,13.49551381,52.4178408
5,5400942,2018,7,14,5,3,2,6,0,0,1,0,0,0,0,1,13.18008884,52.49746937
9,9200715,2018,7,13,4,3,5,2,0,0,1,0,0,0,0,0,13.52665785,52.42651341
2,2200210,2018,7,13,5,3,0,6,0,0,0,0,1,0,1,1,13.39503572,52.49648649
1,1100308,2018,7,23,7,3,2,6,2,0,1,0,1,0,0,0,13.38769569,52.52362988
4,4100101,2018,7,12,4,3,0,6,0,0,0,0,1,0,1,0,13.28236167,52.53372947
1,1100308,2018,7,21,7,3,0,1,1,1,0,0,0,0,0,0,13.3752131,52.53684486
9,9200716,2018,7,12,5,3,5,7,0,0,1,0,0,0,0,1,13.55192527,52.43349101
12,12200309,2018,7,12,5,3,5,2,0,0,1,0,0,0,0,1,13.3276998,52.56403643
4,4300622,2018,7,12,4,3,5,2,0,1,0,0,0,1,0,0,13.33029527,52.51304457
2,2100102,2018,7,12,5,3,5,2,0,0,1,0,0,0,0,1,13.39700373,52.50534324
3,3601449,2018,7,19,7,3,0,1,0,0,1,0,1,0,0,0,13.44147025,52.54021122
2,2100101,2018,7,11,4,3,5,2,0,1,1,0,0,0,0,0,13.38885494,52.49932482
1,1300834,2018,7,20,7,3,5,3,0,1,1,0,0,0,0,0,13.40252854,52.54018039
4,4300416,2018,7,11,5,3,0,2,0,0,1,0,0,0,1,1,13.30231602,52.50673937
1,1100308,2018,7,11,5,3,2,6,0,0,1,0,0,0,0,1,13.37954535,52.52931254
12,12200414,2018,7,18,7,3,5,2,0,1,1,0,0,0,0,0,13.30658148,52.55516024
8,8401241,2018,7,10,4,3,1,5,0,0,1,0,1,0,0,0,13.47427665,52.43790076
1,1100102,2018,7,18,7,3,5,2,0,0,1,0,0,0,0,0,13.37121575,52.51112858
11,11100309,2018,7,10,4,3,5,2,0,1,1,0,0,0,0,0,13.50696041,52.56404334
4,4500938,2018,7,11,5,3,5,2,0,1,1,0,0,0,0,1,13.30318895,52.49598335
1,1100309,2018,7,10,4,3,1,5,0,1,1,0,0,0,0,0,13.39160824,52.52354331
9,9502043,2018,7,18,7,3,5,2,0,1,1,0,0,0,0,0,13.5824086,52.46179639
1,1200517,2018,7,10,4,3,5,2,0,1,1,0,0,0,0,0,13.32477602,52.53223071
2,2200210,2018,7,10,4,3,5,2,0,1,1,0,0,0,0,0,13.39069639,52.49600177
2,2100102,2018,7,9,5,3,1,5,0,1,0,0,0,0,1,1,13.39123332,52.5022261
9,9501736,2018,7,18,7,2,3,6,0,1,1,0,0,0,0,0,13.60262028,52.45194072
4,4501040,2018,7,9,4,3,0,7,0,1,1,0,0,0,0,0,13.30921453,52.50352439
2,2400521,2018,7,17,7,3,5,3,0,1,0,0,1,0,0,0,13.44062844,52.51707646
1,1100207,2018,7,8,5,3,5,2,0,1,1,0,0,0,0,1,13.3990644,52.50816187
2,2400522,2018,7,8,5,3,2,6,0,0,1,0,0,1,0,1,13.44273776,52.52499102
5,5100209,2018,7,17,7,3,5,3,0,1,1,0,0,0,0,0,13.17899082,52.55239952
12,12200310,2018,7,8,4,3,5,3,0,1,1,0,0,0,0,0,13.3106567,52.56819186
7,7100102,2018,7,8,5,3,5,3,0,0,1,0,0,0,0,1,13.35402482,52.49993297
1,1100206,2018,7,8,4,3,1,5,0,1,1,0,0,0,0,0,13.38706406,52.5119568
7,7400721,2018,7,8,4,3,5,2,0,1,1,0,0,0,0,0,13.40023521,52.48371968
11,11200513,2018,7,16,7,3,5,3,0,0,1,0,0,0,0,0,13.49357638,52.54130209
4,4300623,2018,7,7,4,3,2,6,0,0,1,0,0,0,0,0,13.30894763,52.50649867
1,1300730,2018,7,8,5,3,3,6,0,0,1,0,0,0,1,1,13.37699316,52.5569125
2,2400623,2018,7,7,4,3,5,2,0,1,1,0,0,0,0,0,13.42666686,52.51582329
1,1300834,2018,7,14,5,3,0,1,0,0,0,0,1,0,0,1,13.39920312,52.53916045
2,2300315,2018,7,15,7,3,5,3,0,0,1,0,0,0,0,0,13.42795505,52.50113836
3,3300514,2018,7,7,4,3,5,3,0,1,1,0,0,0,0,0,13.45447525,52.60681918
6,6100209,2018,7,14,5,2,0,7,0,0,1,0,0,0,0,0,13.32903563,52.46126733
8,8401245,2018,7,13,4,3,0,2,0,0,1,0,0,0,1,0,13.51061774,52.40454449
9,9501737,2018,7,6,5,2,4,1,1,0,1,0,0,0,0,1,13.62005844,52.44613698
3,3701554,2018,7,15,7,2,0,1,0,1,0,0,0,0,0,0,13.41043877,52.53077058
3,3601450,2018,7,12,4,3,2,6,0,0,1,0,0,0,0,0,13.45795684,52.52882768
5,5100317,2018,7,14,7,3,1,1,0,1,1,0,0,0,1,0,13.22246184,52.53076267
2,2200209,2018,7,6,5,2,5,3,1,1,1,0,0,0,0,1,13.38644945,52.49007372
5,5300737,2018,7,14,7,3,1,5,0,0,1,0,0,0,0,0,13.23520177,52.54169291
11,11400931,2018,7,12,4,3,6,4,0,1,0,1,0,0,0,0,13.50976064,52.50773022
11,11100204,2018,7,0,5,2,2,6,2,0,1,0,1,0,0,1,13.51431061,52.56660473
6,6200422,2018,7,9,4,3,2,7,0,0,1,0,0,0,0,0,13.32778323,52.42563625
7,7100101,2018,7,23,4,3,2,6,2,0,1,0,0,0,0,1,13.34561849,52.50006189
10,10100103,2018,7,14,7,3,5,3,0,0,1,0,0,0,0,0,13.56196853,52.5665173
6,6400839,2018,7,7,4,2,5,3,0,0,1,0,0,0,0,0,13.24479079,52.44040719
1,1100310,2018,7,13,7,3,1,5,0,1,1,0,0,0,0,0,13.40828662,52.52541294
6,6200422,2018,7,23,4,3,5,3,2,1,1,0,0,0,0,1,13.32639232,52.42762993
2,2500726,2018,7,9,4,3,5,2,0,1,1,0,0,0,0,0,13.45081981,52.52735498
7,7100204,2018,7,13,7,3,4,6,0,1,1,0,0,0,0,0,13.35372729,52.49375265
10,10100206,2018,7,5,4,3,5,3,0,0,1,0,0,0,0,0,13.57211407,52.56056522
10,10100313,2018,7,18,4,3,2,6,0,0,1,0,0,0,1,0,13.54225155,52.5403115
7,7400927,2018,7,12,7,3,1,5,0,1,0,0,0,1,0,0,13.38819683,52.46706998
9,9502043,2018,7,6,4,3,5,2,0,1,1,0,0,0,0,0,13.57055203,52.47357224
5,5400942,2018,7,16,4,3,5,2,0,1,1,0,0,0,0,1,13.15564051,52.46094058
10,10400940,2018,7,16,4,3,5,3,0,1,1,0,0,0,0,0,13.61179279,52.5004813
9,9100306,2018,7,13,7,3,2,2,0,0,1,0,1,0,0,0,13.46959713,52.45202521
1,1100104,2018,7,10,3,3,2,6,0,0,1,0,0,0,0,0,13.36727902,52.50457479
6,6400737,2018,7,12,7,3,2,6,0,0,1,0,0,0,0,0,13.19825992,52.43402276
4,4501042,2018,7,15,4,3,5,5,0,0,1,0,1,0,0,0,13.33454984,52.50440927
6,6400839,2018,7,12,7,3,5,3,0,1,1,0,0,0,0,0,13.25594883,52.43591573
9,9401329,2018,7,13,3,3,5,3,0,1,1,0,0,0,0,0,13.58737173,52.4390594
5,5200629,2018,7,12,7,3,5,3,0,0,1,0,0,0,0,0,13.19294376,52.53202283
10,10100206,2018,7,16,4,3,5,2,0,0,1,0,0,0,1,1,13.56383515,52.55632435
11,11100309,2018,7,16,3,3,6,4,0,1,0,1,0,0,0,0,13.50575368,52.5635998
4,4501040,2018,7,15,4,2,2,6,0,1,0,0,0,1,0,0,13.30794865,52.50017405
7,7100102,2018,7,11,7,3,0,5,0,1,1,0,0,0,0,0,13.34946791,52.49882594
7,7601339,2018,7,17,3,3,5,3,0,1,0,0,0,0,0,0,13.34978874,52.40824463
9,9501838,2018,7,10,7,2,5,3,0,1,1,0,0,0,0,0,13.70005202,52.44134067
7,7100102,2018,7,13,4,3,5,3,0,0,1,0,1,0,0,0,13.35455007,52.49713204
9,9501737,2018,7,13,4,3,0,2,0,1,0,0,0,0,1,0,13.63793426,52.45644214
2,2200210,2018,7,18,3,3,0,6,0,0,1,0,1,0,0,0,13.39527855,52.49772152
3,3601141,2018,7,15,5,3,2,6,0,0,1,0,0,0,1,0,13.4115744,52.55073746
10,10400938,2018,7,14,3,3,0,7,0,0,0,0,1,0,0,1,13.62181115,52.52483496
6,6100207,2018,7,14,3,3,0,6,0,1,0,0,0,0,1,0,13.32588264,52.45532127
5,5100209,2018,7,14,5,3,6,7,0,1,0,1,0,0,0,0,13.18479238,52.54765613
1,1100206,2018,7,13,3,2,5,3,0,1,1,0,0,0,0,0,13.39313845,52.51501489
6,6300525,2018,7,14,5,3,5,3,0,1,1,0,0,0,0,0,13.26037982,52.4123648
5,5300841,2018,7,13,3,3,2,6,0,0,1,0,0,1,0,0,13.27326503,52.53622309
5,5200528,2018,7,13,5,3,2,6,0,0,1,0,0,0,0,0,13.17107696,52.51832121
4,4300416,2018,7,12,5,3,6,2,0,0,1,1,0,0,0,0,13.3030456,52.50560721
8,8100417,2018,7,13,3,3,5,3,0,0,0,0,1,0,1,0,13.45461801,52.4746338
11,11300620,2018,7,13,3,3,2,6,0,0,1,0,0,1,0,0,13.48464603,52.53347554
1,1300733,2018,7,12,5,3,5,3,0,1,0,0,1,0,0,0,13.38998847,52.55557175
9,9100305,2018,7,12,3,3,0,3,0,1,1,0,0,0,0,0,13.48991436,52.46777823
1,1401047,2018,7,12,3,3,2,6,0,0,1,0,0,0,0,0,13.35893356,52.54617848
1,1100308,2018,7,10,3,3,0,3,0,0,1,0,1,0,0,0,13.38107403,52.53216241
9,9501838,2018,7,12,5,3,0,5,0,0,1,0,1,0,0,1,13.67521198,52.44603024
12,12400619,2018,7,9,3,3,5,2,0,0,1,0,1,0,0,0,13.24306869,52.60159406
3,3701556,2018,7,23,7,2,6,4,2,0,1,1,0,0,0,0,13.41879606,52.53047585
12,12400721,2018,7,9,3,3,1,5,0,1,1,0,0,0,0,0,13.29000837,52.63420453
10,10300733,2018,7,11,5,3,2,6,0,0,1,0,0,0,0,0,13.56160508,52.50694386
12,12500824,2018,7,8,3,3,5,3,0,0,1,0,0,0,1,0,13.29199351,52.59061794
12,12400721,2018,7,9,5,3,5,3,0,0,1,0,0,0,0,0,13.30202986,52.64518846
12,12200307,2018,7,22,7,2,6,4,2,0,0,1,0,0,1,0,13.33112749,52.5723448
6,6100205,2018,7,8,3,3,0,6,0,0,1,0,1,0,0,0,13.34704397,52.44996803
1,1100310,2018,7,22,7,3,5,2,2,0,1,0,0,0,0,0,13.41177321,52.52396608
4,4500938,2018,7,9,5,3,5,2,0,1,1,0,0,0,0,0,13.29594469,52.4959531
2,2200207,2018,7,8,5,3,2,2,0,0,1,0,0,0,0,0,13.37678222,52.49157703
3,3601245,2018,7,7,3,3,5,2,0,1,1,0,0,0,0,0,13.42996636,52.55107079
1,1100206,2018,7,21,7,3,0,1,2,1,1,0,0,0,0,1,13.38653646,52.5197189
2,2500831,2018,7,6,3,3,5,3,0,0,1,0,1,0,0,0,13.46703685,52.51277168
7,7300619,2018,7,9,5,3,5,2,0,1,1,0,0,0,0,0,13.34830182,52.46288383
7,7200409,2018,7,10,3,3,5,2,0,0,1,0,0,0,0,0,13.35496509,52.49005775
7,7400927,2018,7,8,5,3,5,3,0,0,1,0,0,0,1,0,13.3958195,52.4543065
6,6400844,2018,7,20,7,3,5,3,1,0,1,0,0,0,0,1,13.30937642,52.46702824
7,7400927,2018,7,11,3,3,5,7,0,0,1,0,0,0,0,0,13.40776211,52.46388232
1,1200623,2018,7,8,5,3,5,2,0,0,1,0,1,0,0,0,13.35643146,52.53588105
2,2300419,2018,7,8,3,2,1,5,0,1,0,0,0,0,1,0,13.44340671,52.49956752
12,12100204,2018,7,7,5,3,5,2,0,1,1,0,0,0,0,0,13.35368283,52.56204626
1,1400942,2018,7,20,7,3,6,4,0,0,0,1,0,0,1,1,13.35439809,52.54917766
10,10300731,2018,7,7,3,2,6,4,0,0,1,1,0,0,0,0,13.5583793,52.53403085
11,11501340,2018,7,18,6,3,2,7,0,0,1,0,1,0,0,0,13.52647338,52.48448598
1,1100207,2018,7,7,5,3,0,3,0,0,1,0,1,0,0,0,13.40047821,52.51001774
6,6300632,2018,7,17,6,3,2,2,0,1,1,0,0,0,0,0,13.2807585,52.42088055
6,6200421,2018,7,11,3,3,0,1,0,0,0,0,1,0,0,0,13.31071916,52.42121748
7,7200307,2018,7,14,6,3,3,6,0,0,1,0,1,0,0,0,13.34502211,52.49245161
1,1100310,2018,7,6,5,3,5,3,0,1,0,0,0,0,1,0,13.41321168,52.52518867
11,11401135,2018,7,13,6,3,2,2,0,1,1,0,0,0,0,0,13.51445916,52.49457299
2,2400521,2018,7,2,3,3,0,1,2,1,0,0,0,0,0,0,13.43391524,52.52321277
12,12200309,2018,7,6,5,3,1,5,0,1,1,0,0,0,1,0,13.32650038,52.56448832
8,8401241,2018,7,18,2,3,0,1,0,1,0,0,0,0,0,0,13.47238353,52.43681794
1,1100309,2018,7,0,5,3,1,5,2,1,0,0,1,0,0,0,13.40769538,52.52845655
8,8200730,2018,7,13,6,3,1,1,0,0,1,0,0,0,0,0,13.43524075,52.43509903
11,11300721,2018,7,10,2,2,5,2,0,0,1,0,0,0,1,0,13.491734,52.53419883
6,6400737,2018,7,12,6,3,5,2,0,1,1,0,0,0,0,0,13.21867331,52.43244476
8,8100314,2018,7,18,4,3,2,2,0,1,1,0,0,0,0,0,13.43379238,52.48184859
2,2500831,2018,7,12,4,3,6,4,0,0,1,1,0,0,0,0,13.46374422,52.51067302
6,6200420,2018,7,10,6,3,5,3,0,0,1,0,1,0,0,0,13.30863927,52.42033416
7,7501029,2018,7,10,2,3,1,5,0,0,1,0,0,0,0,0,13.37522258,52.44417088
2,2100104,2018,7,10,6,3,1,5,0,1,1,0,0,0,0,0,13.41464503,52.50255389
1,1200520,2018,7,11,4,3,5,2,0,1,1,0,0,0,0,0,13.34334554,52.5316935
1,1100310,2018,7,8,6,3,5,2,0,1,1,0,0,0,0,0,13.4100901,52.52399877
10,10300731,2018,7,10,2,2,5,3,0,0,1,0,1,0,0,0,13.5664179,52.53432716
9,9200510,2018,7,8,6,3,0,2,0,1,1,0,0,0,0,0,13.51456622,52.46861581
1,1100308,2018,7,11,4,3,6,7,0,0,1,1,0,0,0,0,13.38178272,52.530226
5,5300737,2018,7,9,2,3,3,6,0,0,1,0,0,1,0,0,13.23438657,52.53866709
10,10100313,2018,7,15,4,3,2,6,0,0,1,0,0,0,0,0,13.54336072,52.54057204
3,3701554,2018,7,14,6,3,5,2,0,1,1,0,0,0,0,0,13.41244637,52.53799415
8,8401245,2018,7,9,2,3,0,6,0,0,0,0,0,0,1,0,13.51029756,52.40469261
8,8401241,2018,7,7,6,3,6,2,0,0,1,1,0,0,0,0,13.4736186,52.43225602
9,9200511,2018,7,15,4,3,2,6,0,1,0,0,0,0,1,0,13.52538737,52.46454652
6,6200421,2018,7,14,4,3,2,6,0,0,1,0,1,0,0,0,13.31669972,52.4258261
1,1200522,2018,7,9,2,3,0,2,0,0,1,0,1,0,0,0,13.33169855,52.52408813
1,1100207,2018,7,14,4,3,6,4,0,1,0,1,0,0,0,0,13.39022119,52.50848205
2,2300316,2018,7,7,6,3,1,5,0,1,1,0,0,0,0,0,13.43813649,52.50306881
7,7100206,2018,7,8,2,3,4,6,0,1,0,0,0,0,0,0,13.37320362,52.49220024
12,12200412,2018,7,17,6,3,5,7,0,0,1,0,1,0,0,0,13.29288689,52.58109059
7,7100102,2018,7,13,4,3,3,6,0,0,0,0,1,0,1,0,13.34668841,52.50143782
5,5100317,2018,7,13,4,3,2,6,0,0,1,0,0,0,0,0,13.23915621,52.52659017
1,1300834,2018,7,17,6,3,0,7,0,1,0,0,0,0,0,0,13.392316,52.54290776
1,1200519,2018,7,7,2,3,5,7,0,1,1,0,0,0,0,0,13.32925398,52.53293651
1,1100309,2018,7,18,6,3,5,2,0,0,1,0,1,0,0,0,13.39385871,52.52852242
10,10100316,2018,7,13,4,3,5,2,0,1,1,0,0,0,0,0,13.57369485,52.54658143
11,11100101,2018,7,14,6,3,2,2,0,0,1,0,0,0,0,0,13.5191153,52.57457852
8,8300934,2018,7,5,2,3,5,3,0,0,1,0,1,0,0,0,13.46018391,52.4320126
7,7400823,2018,7,12,6,3,0,5,0,1,0,0,0,0,1,0,13.37651063,52.45981413
11,11401033,2018,7,17,2,3,6,7,0,0,1,1,0,0,0,0,13.5219441,52.51125305
8,8100104,2018,7,13,4,3,6,4,0,0,0,1,1,0,0,0,13.42968581,52.47030149
1,1200518,2018,7,20,2,3,2,2,1,0,0,0,1,0,1,0,13.32849404,52.5319076
12,12601134,2018,7,13,4,3,2,6,0,0,1,0,0,0,0,0,13.34348266,52.59880676
5,5300736,2018,7,11,6,2,0,2,0,1,1,0,0,0,0,0,13.21612804,52.53797775
1,1100415,2018,7,20,2,3,3,6,0,1,1,0,0,0,0,0,13.39923999,52.53215014
7,7400823,2018,7,10,6,2,5,2,0,0,1,0,1,0,0,0,13.37781783,52.46863246
2,2100103,2018,7,12,4,3,2,6,0,1,1,0,0,0,0,0,13.39777941,52.4982485
6,6100102,2018,7,12,4,3,6,2,0,0,1,1,0,0,0,0,13.32251841,52.45650903
11,11300721,2018,7,9,6,3,2,2,0,0,1,0,0,0,0,0,13.49970245,52.52514043
1,1100103,2018,7,17,2,3,5,3,0,0,1,0,1,0,0,0,13.35216411,52.50551938
2,2400623,2018,7,11,4,2,5,3,0,1,0,0,0,0,1,0,13.4261396,52.51590364
11,11200512,2018,7,9,4,3,5,7,0,0,1,0,0,0,0,0,13.47195763,52.53758645