BEZ,LOR_ab_2021,UJAHR,UMONAT,USTUNDE,UWOCHENTAG,UKATEGORIE,UART,UTYP1,ULICHTVERH,IstRad,IstPKW,IstFuss,IstKrad,IstGkfz,IstSonstige,USTRZUSTAND,XGCSWGS84,YGCSWGS84
6,6100205,2018,7,7,6,2,5,2,0,1,0,0,0,1,0,0,13.34647342,52.4500408
4,4400832,2018,7,17,2,3,5,2,0,1,1,0,0,0,0,0,13.29445728,52.47404562
4,4200311,2018,7,1,6,3,9,1,2,0,1,0,0,0,0,0,13.27199712,52.49878948
3,3601245,2018,7,17,2,3,5,2,0,0,1,0,0,0,0,0,13.4301511,52.55135709
9,9501736,2018,7,9,4,3,2,6,0,0,1,0,0,0,0,0,13.60618054,52.45272226
9,9200510,2018,7,16,2,3,2,2,0,0,1,0,0,1,0,0,13.51202141,52.47082584
3,3300411,2018,7,21,6,3,5,3,1,1,0,0,0,0,0,1,13.48803449,52.61856056
3,3200206,2018,7,15,2,3,5,3,0,1,1,0,0,0,0,0,13.40016386,52.58050261
4,4300622,2018,7,14,2,3,5,2,0,1,1,0,0,0,0,0,13.32344502,52.51595909
1,1100102,2018,7,8,4,2,5,2,0,0,1,0,1,0,0,0,13.36478787,52.50803091
7,7400721,2018,7,19,6,2,6,4,0,1,0,1,0,0,0,0,13.38766249,52.4834712
6,6200314,2018,7,14,2,3,1,5,0,1,1,0,0,0,0,0,13.33622546,52.43300773
2,2100106,2018,7,20,6,3,5,2,1,0,1,0,0,0,0,0,13.40665346,52.49843396
8,8200832,2018,7,7,4,2,2,2,0,0,1,0,1,0,0,0,13.43535334,52.425325
8,8401244,2018,7,7,4,3,7,7,0,0,1,0,0,0,0,0,13.49313187,52.40969367
9,9501737,2018,7,13,2,3,5,3,0,0,1,0,1,0,0,0,13.62925414,52.44891972
8,8100311,2018,7,20,6,3,1,5,0,1,1,0,0,0,0,0,13.42813537,52.48692348
11,11300721,2018,7,13,2,3,2,6,0,0,0,0,0,0,1,0,13.48620032,52.53356877
1,1100102,2018,7,9,4,3,0,5,0,1,1,0,0,0,0,0,13.3730021,52.5107666
4,4501040,2018,7,13,2,3,1,5,0,1,1,0,0,0,0,0,13.30803639,52.50457784
8,8100520,2018,7,22,4,3,5,2,2,0,1,0,0,0,0,0,13.46460223,52.47020862
2,2300417,2018,7,19,6,3,2,4,1,1,0,1,0,0,0,0,13.42171974,52.49842948
4,4300619,2018,7,12,2,3,6,7,0,0,1,1,0,0,0,0,13.30769469,52.51698252
4,4100102,2018,7,19,4,3,5,2,0,0,1,0,0,0,0,0,13.29749416,52.53457011
11,11300722,2018,7,15,2,3,2,6,0,0,1,0,0,0,0,0,13.47316194,52.52299382
8,8401243,2018,7,18,6,3,2,6,0,0,1,0,0,0,0,0,13.49327901,52.43004015
5,5100317,2018,7,11,2,3,2,6,0,0,1,0,0,0,0,0,13.23286191,52.52766338
2,2200210,2018,7,18,4,3,5,2,0,1,1,0,0,0,0,0,13.40283777,52.49388386
8,8100415,2018,7,14,2,3,5,3,0,0,1,0,0,0,1,0,13.4500072,52.4767182
8,8401246,2018,7,9,6,3,5,3,0,1,1,0,0,0,0,0,13.51229898,52.41757304
9,9401432,2018,7,18,2,2,5,3,0,1,0,0,1,0,0,0,13.59360638,52.44484887
2,2200210,2018,7,17,5,3,5,3,0,1,1,0,0,0,0,0,13.39804259,52.49099129
3,3500934,2018,7,17,4,3,0,2,0,1,1,0,0,0,0,0,13.44193776,52.55029338
9,9501939,2018,7,17,5,3,5,3,0,1,1,0,0,0,0,0,13.56245654,52.45665741
7,7300619,2018,7,17,2,2,5,3,0,0,1,0,1,0,1,0,13.34266762,52.46476552
11,11400929,2018,7,14,4,3,5,7,0,0,1,0,0,0,0,0,13.49943273,52.50874676
6,6400838,2018,7,16,2,2,0,1,0,1,0,0,0,0,0,0,13.24192758,52.45250421
1,1100102,2018,7,15,4,3,1,5,0,1,1,0,0,0,1,0,13.37512615,52.51005784
2,2500831,2018,7,22,5,3,5,3,2,0,1,0,1,0,0,0,13.46405838,52.51300763
4,4300624,2018,7,16,2,3,1,5,0,1,1,0,0,0,0,0,13.31436961,52.50633276
12,12200309,2018,7,19,5,3,5,3,0,1,1,0,0,0,0,0,13.32754319,52.56411022
9,9100101,2018,7,22,4,2,1,5,2,1,1,0,0,0,0,0,13.4473821,52.4920697
7,7601443,2018,7,22,4,2,1,5,2,1,1,0,0,0,0,0,13.41085286,52.39675858
12,12500929,2018,7,19,5,3,4,6,0,0,0,0,0,0,1,0,13.34841715,52.61554084
2,2400623,2018,7,10,2,3,1,6,0,1,1,0,0,1,0,0,13.43080175,52.51189262
11,11300725,2018,7,18,5,3,4,6,0,0,1,0,0,0,0,0,13.49553589,52.5142512
3,3300516,2018,7,19,4,2,1,5,0,1,1,0,0,0,0,0,13.43285401,52.56866023
11,11100102,2018,7,17,4,2,5,2,0,1,1,0,0,0,0,0,13.54321726,52.56828158
1,1300733,2018,7,18,5,3,1,7,0,1,1,0,0,0,0,0,13.38352405,52.55501322
4,4200311,2018,7,20,1,2,1,5,0,1,1,0,0,0,0,0,13.28096319,52.50765136
5,5100313,2018,7,18,5,3,5,2,0,0,1,0,1,0,0,0,13.21135235,52.54758967
11,11501339,2018,7,21,4,1,5,2,2,1,0,0,0,0,1,0,13.52704379,52.49208331
11,11501340,2018,7,18,5,3,1,1,0,0,1,0,1,0,0,0,13.52758484,52.48180231
4,4100101,2018,7,14,1,3,0,6,0,0,1,0,1,0,0,0,13.29431765,52.53965154
12,12200308,2018,7,21,5,3,2,6,1,0,1,0,0,0,0,0,13.32162614,52.57589766
11,11200513,2018,7,10,3,3,2,6,0,0,1,0,0,0,0,0,13.49942348,52.54035167
1,1100309,2018,7,13,1,3,0,3,0,1,1,0,0,0,0,0,13.40176352,52.52896144
1,1100102,2018,7,20,3,3,6,7,0,0,0,1,1,0,0,0,13.37275895,52.50737747
1,1200628,2018,7,20,5,3,0,2,0,0,1,0,0,0,1,0,13.36786952,52.52586919
7,7100206,2018,7,13,1,3,5,3,0,1,1,0,0,0,0,0,13.37083681,52.49174409
2,2400521,2018,7,21,5,2,5,3,2,1,1,0,0,0,0,0,13.43291048,52.51793144
3,3400721,2018,7,21,3,3,3,6,1,0,1,0,0,0,1,0,13.40092657,52.56565897
4,4501042,2018,7,20,3,3,5,7,0,0,1,0,1,0,0,0,13.33174601,52.5052288
1,1100103,2018,7,19,5,3,0,2,0,1,1,0,1,0,0,0,13.35124204,52.50433381
9,9200715,2018,7,13,1,3,6,2,0,0,1,1,0,0,0,0,13.54133294,52.43528943
6,6300629,2018,7,18,5,2,5,2,0,1,1,0,0,0,0,0,13.29513047,52.44440102
4,4501150,2018,7,17,3,3,5,2,0,1,1,0,0,0,0,0,13.3275868,52.48660052
2,2100102,2018,7,13,1,3,5,3,0,0,1,0,0,0,0,0,13.39438623,52.50701702
5,5100314,2018,7,16,5,2,5,3,0,1,1,0,0,0,0,0,13.2022908,52.54652192
5,5200423,2018,7,13,1,3,5,3,0,1,1,0,0,0,0,0,13.16261547,52.53334
12,12100205,2018,7,12,3,3,0,2,0,1,1,0,0,0,0,0,13.34739433,52.57854932
4,4500937,2018,7,13,1,3,4,6,0,1,0,0,0,0,0,0,13.28374882,52.49780702
6,6400844,2018,7,6,3,3,5,3,0,1,1,0,0,0,0,0,13.29843582,52.46495989
1,1200628,2018,7,17,5,3,0,3,0,0,1,0,1,0,0,0,13.35987691,52.52345472
1,1200517,2018,7,17,5,2,2,6,0,0,1,0,1,0,0,0,13.35207409,52.53638724
4,4300624,2018,7,12,1,3,2,6,0,0,1,0,1,0,0,0,13.31616321,52.50623306
3,3400725,2018,7,17,5,3,5,3,0,1,0,0,0,0,1,0,13.43017971,52.58852115
2,2500835,2018,7,7,3,3,0,2,0,0,1,0,0,0,0,0,13.46465609,52.49743872
1,1200519,2018,7,11,1,3,1,5,0,0,1,0,0,0,1,0,13.33356284,52.53063961
7,7100205,2018,7,0,3,3,0,2,2,0,1,0,0,0,0,0,13.36198534,52.49770632
6,6300629,2018,7,17,5,3,5,3,0,0,1,0,0,0,0,0,13.30418287,52.44959083
4,4200207,2018,7,10,1,3,2,6,0,0,1,0,1,0,0,0,13.19794054,52.47847485
1,1300836,2018,7,17,5,3,2,6,0,0,1,0,0,0,0,0,13.37070396,52.53973088
2,2100102,2018,7,11,3,3,2,6,0,1,1,0,0,0,0,0,13.39441182,52.50685646
3,3300516,2018,7,12,3,3,0,1,0,1,1,0,0,0,0,0,13.43806409,52.56648594
10,10200417,2018,7,17,5,3,2,6,0,0,1,0,0,1,0,0,13.6031772,52.54669579
11,11100204,2018,7,10,1,3,8,1,0,0,0,0,1,0,0,0,13.51610657,52.56615537
1,1100207,2018,7,16,5,3,2,6,0,1,1,0,0,0,0,0,13.38697405,52.5110592
8,8300935,2018,7,9,1,3,1,5,0,1,1,0,0,0,0,0,13.44764208,52.42904396
4,4300620,2018,7,20,3,2,5,7,0,0,1,0,1,0,0,0,13.32728171,52.52199578
2,2500833,2018,7,1,1,2,1,5,2,1,1,0,0,0,1,0,13.46167554,52.50918927
4,4400832,2018,7,15,5,2,5,2,0,1,0,0,0,1,0,0,13.28927604,52.47069392
1,1100207,2018,7,16,1,3,5,3,0,1,1,0,0,0,0,0,13.39021828,52.50768151
1,1100103,2018,7,18,7,3,5,2,0,0,1,0,1,0,0,0,13.34986555,52.50303833
5,5200420,2018,7,20,3,3,5,2,0,1,1,0,0,0,0,0,13.18174373,52.53408063
12,12100205,2018,7,15,5,3,2,6,0,0,1,0,0,0,1,0,13.34402857,52.5890391
6,6100103,2018,7,18,7,3,3,6,0,1,1,0,0,0,0,0,13.31959764,52.46315085
4,4500937,2018,7,15,5,3,6,2,0,0,1,1,0,0,0,0,13.28668058,52.4957545
11,11300619,2018,7,19,3,2,6,4,0,0,1,1,0,0,0,0,13.47075774,52.52443857
11,11100204,2018,7,15,5,3,5,2,0,1,1,0,0,0,0,0,13.51529527,52.56723585
5,5100209,2018,7,17,7,3,5,2,0,0,1,0,1,0,0,0,13.18473109,52.54758989
5,5100211,2018,7,16,7,3,2,6,0,1,0,0,0,0,0,0,13.17174452,52.54991108
8,8401241,2018,7,15,5,3,8,1,0,0,0,0,1,0,0,0,13.48329313,52.42564953
1,1400942,2018,7,17,3,3,2,6,0,0,1,0,0,0,0,0,13.34662959,52.54784279
1,1200627,2018,7,18,3,2,6,4,0,0,1,1,0,0,0,0,13.36492041,52.52609677
12,12200309,2018,7,16,7,3,2,2,0,0,1,0,1,0,0,0,13.33047731,52.56255994
2,2100102,2018,7,15,5,3,5,3,0,1,1,0,0,0,0,0,13.3954941,52.49901567
6,6300634,2018,7,13,7,3,0,2,0,0,1,0,1,0,0,0,13.29665288,52.44299953
6,6300634,2018,7,18,3,3,0,5,0,1,1,0,0,0,0,0,13.29884416,52.441008
12,12400721,2018,7,12,7,3,5,3,0,1,1,0,0,0,0,0,13.29049619,52.65586564
8,8100314,2018,7,18,3,3,5,2,0,0,1,0,0,0,0,0,13.43363869,52.48211024
5,5100208,2018,7,17,5,3,2,6,0,0,1,0,0,0,0,0,13.16220589,52.54725422
6,6100210,2018,7,12,7,3,1,5,0,1,1,0,0,0,0,0,13.34423468,52.45890329
2,2100104,2018,7,9,3,3,5,2,0,1,0,0,0,0,1,0,13.41096859,52.50382916
5,5200528,2018,7,10,7,3,0,2,0,1,1,0,0,0,0,0,13.18496465,52.5155349
8,8200725,2018,7,7,3,2,1,1,0,0,0,0,1,1,1,0,13.43135284,52.44335394
2,2200208,2018,7,15,5,2,5,1,0,1,1,0,0,0,0,0,13.38780445,52.4927746
9,9200512,2018,7,10,7,3,5,2,0,0,1,0,1,0,0,0,13.53702752,52.45993919
1,1300834,2018,7,10,5,3,5,3,0,1,0,0,0,0,1,0,13.3941373,52.54740313
9,9100408,2018,7,6,3,3,9,1,0,0,0,0,1,0,0,0,13.50937403,52.45209437
7,7601340,2018,7,10,5,3,1,5,0,0,1,0,0,0,1,0,13.35481207,52.41331007
4,4501042,2018,7,14,7,3,5,2,0,1,1,0,0,0,0,0,13.33121963,52.5028998
3,3701555,2018,7,8,5,3,5,3,0,1,1,0,0,0,0,0,13.42003075,52.53812195
6,6100209,2018,7,11,3,3,5,3,0,0,1,0,0,0,0,0,13.33519698,52.46265724
4,4501043,2018,7,13,7,3,1,5,0,1,1,0,0,0,0,0,13.31224448,52.49924027
12,12100103,2018,7,17,3,3,3,6,0,0,1,0,0,0,0,0,13.36966359,52.57464611
5,5400942,2018,7,8,5,2,2,6,0,0,1,0,0,0,0,0,13.18025466,52.49491949
7,7400927,2018,7,12,7,3,0,1,0,0,0,0,1,0,0,0,13.39343958,52.45780675
4,4300619,2018,7,16,3,3,5,3,0,1,0,0,1,0,0,0,13.31074556,52.51618692
7,7300515,2018,7,13,7,2,9,1,0,0,0,0,1,0,0,0,13.32850549,52.47118355
11,11100308,2018,7,16,3,3,6,4,0,1,0,1,0,0,0,0,13.49949967,52.56259035
11,11300721,2018,7,14,5,3,5,3,0,0,1,0,0,0,0,0,13.48648668,52.52665336
5,5100211,2018,7,0,7,3,0,1,2,0,0,0,1,0,0,0,13.15766146,52.54224703
9,9100408,2018,7,7,5,3,5,2,0,1,1,0,0,0,0,0,13.51177802,52.44878779
12,12100101,2018,7,16,3,2,5,2,0,0,1,0,0,0,0,0,13.36459739,52.56270375
3,3601140,2018,7,15,3,3,0,2,0,1,1,0,0,0,0,0,13.40250912,52.55430164
1,1100206,2018,7,13,5,2,2,6,0,0,0,0,1,1,0,0,13.38888731,52.51667937
9,9501838,2018,7,19,7,2,2,7,0,0,1,0,0,0,0,0,13.72211955,52.43109119
8,8100416,2018,7,13,5,3,5,3,0,0,1,0,0,0,1,0,13.43925953,52.47813004
9,9200819,2018,7,15,3,3,5,2,0,1,0,0,0,0,1,0,13.56157918,52.44611435
5,5100211,2018,7,13,5,3,0,6,0,0,1,0,1,0,0,0,13.1636488,52.54180932
2,2200213,2018,7,19,7,3,1,5,0,0,1,0,1,0,0,0,13.41362667,52.49175877
6,6300633,2018,7,6,5,3,1,7,0,0,1,0,0,0,0,0,13.31414158,52.43653068
2,2400624,2018,7,15,3,3,1,5,0,1,1,0,0,0,0,0,13.4516572,52.51260394
9,9501838,2018,7,19,7,3,1,5,0,1,1,0,0,0,0,0,13.70531636,52.43279651
8,8300935,2018,7,14,3,3,0,6,0,0,0,0,1,0,1,0,13.44819721,52.42735557
9,9200715,2018,7,13,5,2,5,3,0,0,1,0,0,0,0,0,13.53311792,52.43376546
5,5200528,2018,7,18,7,3,5,2,0,0,0,0,1,0,0,0,13.18466182,52.51542098
5,5200629,2018,7,13,5,3,6,4,0,1,0,1,0,0,0,0,13.17974871,52.53309075
2,2100104,2018,7,14,3,3,0,3,0,0,1,0,1,0,0,0,13.41208688,52.50318614
4,4501148,2018,7,14,3,3,5,7,0,0,1,0,1,0,0,0,13.32035751,52.4821467
6,6100207,2018,7,13,5,3,6,2,0,0,1,1,0,0,0,0,13.32067639,52.4517144
6,6200422,2018,7,14,6,3,5,3,0,1,0,0,0,1,0,0,13.327744,52.42835659
3,3400826,2018,7,12,5,3,5,3,0,0,1,0,0,0,0,0,13.41081188,52.5611761
10,10100102,2018,7,8,6,3,5,3,0,1,0,0,0,0,1,0,13.56744673,52.5733226
11,11200411,2018,7,12,5,3,5,3,0,0,1,0,0,0,0,0,13.50796716,52.546384
9,9502043,2018,7,13,3,3,5,3,0,1,1,0,0,0,0,0,13.57823504,52.45921388
1,1401048,2018,7,13,3,3,4,5,0,0,1,0,1,0,0,0,13.35818021,52.55147826
8,8100314,2018,7,12,5,3,1,5,0,0,1,0,1,0,0,0,13.42890269,52.48535245
1,1100416,2018,7,8,6,3,1,5,0,1,1,0,0,0,0,0,13.40618845,52.53204531
7,7300517,2018,7,11,5,3,1,5,0,0,1,0,0,0,0,0,13.33413337,52.47030977
4,4501043,2018,7,14,2,3,5,3,0,0,1,0,0,0,0,0,13.31655518,52.49107571
5,5100316,2018,7,10,5,2,5,2,0,0,1,0,0,0,0,0,13.19966067,52.53454871
7,7601545,2018,7,7,6,3,6,4,0,1,0,1,0,0,0,0,13.4122476,52.39437816
4,4200308,2018,7,10,5,3,2,6,0,0,1,0,0,1,0,0,13.27998065,52.519329
3,3100103,2018,7,7,6,3,5,3,0,0,1,0,0,0,0,0,13.49577679,52.62602704
11,11501339,2018,7,13,2,3,2,6,0,0,0,0,1,0,1,0,13.52582729,52.49413611
8,8100311,2018,7,5,6,3,1,5,0,1,1,0,0,0,0,0,13.42600711,52.48768124
1,1300733,2018,7,12,2,3,6,7,0,0,1,1,0,0,0,0,13.38475852,52.55047791
11,11200513,2018,7,8,5,3,5,3,0,1,1,0,0,0,0,0,13.49058853,52.54321313
12,12200412,2018,7,1,6,2,1,1,2,0,1,0,1,0,0,0,13.29853171,52.57164523
12,12500926,2018,7,10,5,2,5,2,0,0,1,0,1,0,0,0,13.33886672,52.58937333
2,2400521,2018,7,9,2,3,2,2,0,1,1,0,0,0,0,0,13.44061045,52.51702024
5,5200629,2018,7,17,2,3,0,6,0,0,1,0,0,0,1,0,13.18205457,52.53409194
10,10200421,2018,7,18,4,3,2,6,0,0,1,0,0,0,0,0,13.60443516,52.53652529
1,1100101,2018,7,22,6,3,0,1,2,0,1,0,1,0,0,0,13.34368684,52.50627427
2,2200210,2018,7,0,4,2,6,4,2,0,1,1,0,0,0,0,13.3946718,52.4916752
6,6100206,2018,7,18,6,3,3,2,0,0,1,0,0,1,0,0,13.33781163,52.45079623
3,3100101,2018,7,15,2,3,5,3,0,1,1,0,0,0,0,0,13.45439206,52.61717116
7,7100205,2018,7,17,6,3,5,7,0,1,1,0,0,0,0,0,13.36711598,52.49345622
1,1300733,2018,7,8,4,3,5,2,0,1,1,0,0,0,0,0,13.39158227,52.55542897
7,7400823,2018,7,17,6,3,5,3,0,0,1,0,1,0,0,0,13.3753353,52.46865872
1,1100308,2018,7,18,2,3,1,5,0,1,1,0,0,0,0,0,13.37997307,52.52264951
2,2400623,2018,7,19,2,3,5,3,0,1,1,0,0,0,0,0,13.4266591,52.51568068
2,2400521,2018,7,16,6,3,5,3,0,0,1,0,1,0,0,0,13.44065024,52.5171527
7,7200409,2018,7,9,4,3,0,7,0,0,0,0,1,0,0,1,13.34638564,52.48922875
7,7501029,2018,7,16,6,3,2,2,0,0,1,0,0,0,0,0,13.38025187,52.43785608
9,9501939,2018,7,17,2,3,6,4,0,1,0,1,0,0,0,0,13.57822625,52.45731131
12,12200411,2018,7,15,6,3,5,7,0,0,1,0,0,0,0,0,13.32596016,52.56169837
1,1401049,2018,7,21,2,3,6,4,2,0,0,1,0,0,1,0,13.37225204,52.55668525
4,4300621,2018,7,8,4,3,5,3,0,1,1,0,0,0,0,0,13.3074673,52.51185445
4,4400833,2018,7,15,6,3,5,5,0,0,1,0,1,0,0,0,13.30375314,52.47278723
1,1100310,2018,7,9,4,3,2,6,0,1,0,0,0,0,1,0,13.41093947,52.52859189
3,3400725,2018,7,19,2,3,5,2,0,0,1,0,1,0,0,0,13.41846649,52.58433049
3,3400828,2018,7,20,2,3,5,3,0,0,1,0,0,0,0,0,13.42652774,52.55538087
3,3300412,2018,7,21,6,3,4,6,2,1,1,0,0,0,0,0,13.46974286,52.614291
9,9200510,2018,7,10,4,3,5,2,0,0,1,0,1,0,0,0,13.50759283,52.47501471
4,4300622,2018,7,19,6,3,2,6,0,0,1,0,0,0,0,0,13.33055969,52.51124377
1,1100312,2018,7,19,2,3,1,5,0,1,0,0,0,0,1,0,13.41473352,52.51394326
4,4400830,2018,7,19,6,3,5,3,1,1,0,0,0,0,0,0,13.28763529,52.47758148
6,6200420,2018,7,16,2,3,5,3,0,0,1,0,0,0,0,0,13.30736428,52.41983649
6,6300528,2018,7,12,4,3,2,6,0,0,1,0,0,0,0,0,13.26689475,52.41041442
4,4200308,2018,7,18,6,3,8,1,0,0,1,0,0,0,0,0,13.27977544,52.51829468
5,5200630,2018,7,15,2,3,2,6,0,0,1,0,0,0,0,0,13.19521792,52.52759654
4,4300517,2018,7,14,2,3,3,6,0,1,0,0,0,0,0,0,13.30013459,52.52222698
6,6400737,2018,7,12,4,3,5,3,0,0,1,0,0,0,0,0,13.19016995,52.43421157
10,10200524,2018,7,19,6,3,6,4,0,0,1,1,0,0,0,0,13.62162499,52.53051961
3,3501037,2018,7,19,4,3,5,2,0,1,1,0,0,0,0,0,13.46410824,52.56006538
8,8300935,2018,7,15,6,3,5,3,0,0,1,0,0,0,1,0,13.44809622,52.42732298
6,6300629,2018,7,13,2,3,5,2,0,1,1,0,0,0,0,0,13.29356783,52.44582952
8,8401243,2018,7,7,4,3,0,6,0,1,1,0,0,0,0,0,13.49571312,52.43211528
4,4501040,2018,7,15,6,3,6,4,0,0,1,1,0,0,0,0,13.30876016,52.50009896
6,6300525,2018,7,18,4,3,3,6,0,0,0,0,1,0,1,0,13.25671524,52.41600529
1,1100206,2018,7,12,2,3,1,5,0,1,1,0,0,0,0,0,13.39133287,52.51341676
8,8401242,2018,7,16,4,3,0,2,0,1,1,0,0,0,0,0,13.48977855,52.42006756
4,4200207,2018,7,8,6,3,5,3,0,1,1,0,0,0,0,0,13.25755573,52.50770081
5,5200420,2018,7,21,2,3,0,2,1,0,1,0,0,0,1,0,13.18084412,52.53404202
3,3400724,2018,7,16,6,3,1,5,0,0,1,0,0,0,0,0,13.41754229,52.57780912
1,1300732,2018,7,22,2,2,6,4,1,0,1,1,0,0,0,0,13.39189291,52.56374583
12,12400619,2018,7,16,4,3,4,6,0,0,1,0,0,0,0,0,13.26329551,52.59846694
1,1100102,2018,7,11,6,3,2,6,0,0,1,0,0,0,0,0,13.35113041,52.51517988
8,8100208,2018,7,16,4,3,2,6,0,0,1,0,0,0,1,0,13.4415309,52.4703259
12,12500929,2018,7,20,2,2,0,1,0,0,0,0,1,0,0,0,13.36251041,52.60790751
1,1200520,2018,7,18,2,3,1,5,0,1,1,0,0,0,0,0,13.3394114,52.53280882
1,1200623,2018,7,16,4,3,5,2,0,1,1,0,0,0,0,0,13.35635153,52.53588728
11,11300721,2018,7,11,6,3,2,6,0,0,1,0,0,1,0,0,13.50729671,52.53468361
8,8401241,2018,7,16,4,3,5,3,0,0,1,0,0,0,1,0,13.48359127,52.43122643
1,1200628,2018,7,13,2,2,6,4,0,0,1,1,0,0,0,0,13.3628651,52.52448673
8,8401244,2018,7,15,4,2,5,3,0,0,1,0,0,0,0,0,13.49499887,52.41254383
5,5100317,2018,7,12,6,3,2,6,0,0,1,0,0,0,0,0,13.22760441,52.52852723
1,1401043,2018,7,15,4,3,5,3,0,0,1,0,0,0,0,0,13.36287069,52.54654086
5,5100101,2018,7,13,2,2,0,1,0,0,1,0,1,0,0,0,13.21151615,52.57563199
7,7501134,2018,7,13,2,3,0,1,0,0,0,0,1,0,0,0,13.4050725,52.42791911
3,3400620,2018,7,15,4,3,6,4,0,0,1,1,0,0,0,0,13.3988228,52.57059923
9,9200717,2018,7,13,6,3,5,2,0,0,1,0,1,0,0,0,13.55828658,52.43477843
5,5100316,2018,7,15,4,3,0,1,0,0,1,0,1,0,0,0,13.20710738,52.53891784
12,12601032,2018,7,12,2,3,1,5,0,0,1,0,0,0,0,0,13.33219144,52.61018838
1,1100205,2018,7,7,6,3,5,3,0,1,1,0,0,0,0,0,13.37924518,52.50703046
4,4501042,2018,7,0,2,3,5,3,2,0,1,0,0,0,0,0,13.33145172,52.50524365
9,9100409,2018,7,15,4,3,2,6,0,1,1,0,0,0,0,0,13.51187037,52.43152148
8,8100521,2018,7,5,6,3,5,7,0,1,1,0,0,0,0,0,13.46395894,52.46371977
6,6400843,2018,7,14,4,3,5,3,0,0,1,0,0,0,0,0,13.28612628,52.44965931
1,1100415,2018,7,2,2,3,0,1,2,1,0,0,0,0,0,0,13.40094757,52.53009148
10,10400939,2018,7,6,2,3,8,1,0,0,1,0,0,0,0,0,13.61360471,52.50920317
8,8200727,2018,7,14,4,3,5,2,0,1,1,0,0,0,0,0,13.43458937,52.44126161
11,11200515,2018,7,13,6,3,5,3,0,0,1,0,1,0,0,0,13.51089597,52.53952229
1,1100308,2018,7,13,4,3,2,6,0,0,1,0,0,0,0,0,13.38021127,52.5192794
2,2100103,2018,7,7,2,3,3,6,0,0,1,0,0,0,0,0,13.39854128,52.50701168
2,2300419,2018,7,13,4,3,5,3,0,1,0,0,0,0,0,0,13.44278804,52.49896451
3,3701556,2018,7,8,6,3,2,3,0,1,1,0,0,0,0,0,13.41977737,52.53189851
5,5100101,2018,7,11,4,2,2,6,0,0,1,0,1,0,0,0,13.20363418,52.58688985
4,4501042,2018,7,13,6,3,2,6,0,0,1,0,0,0,1,0,13.33035686,52.5053098
1,1401049,2018,7,8,2,3,0,2,0,1,1,0,0,0,0,0,13.36538087,52.55710831
5,5300735,2018,7,9,6,3,5,2,0,0,1,0,1,0,0,0,13.22718215,52.54945184
7,7400721,2018,7,8,2,3,5,3,0,0,1,0,0,0,0,0,13.37558022,52.48067634
8,8100419,2018,7,23,4,3,4,6,2,1,1,0,0,0,0,0,13.44717925,52.48595894
1,1100101,2018,7,10,6,3,5,2,0,1,0,0,0,1,0,0,13.35113286,52.50948102
5,5200629,2018,7,23,4,3,5,3,2,0,1,0,1,0,0,0,13.19288734,52.53211433
3,3500934,2018,7,8,2,3,5,3,0,0,1,0,0,0,0,0,13.44110163,52.54955338
1,1100206,2018,7,8,2,3,2,7,0,1,0,0,0,0,0,0,13.39795239,52.51769924
2,2200213,2018,7,10,6,3,5,2,0,0,1,0,0,0,0,0,13.41326538,52.49180219
3,3400828,2018,7,9,2,3,1,5,0,1,1,0,0,0,0,0,13.42569996,52.56037928
7,7601341,2018,7,21,4,3,5,3,1,0,1,0,0,0,0,0,13.37808289,52.40765367
9,9200715,2018,7,13,6,2,5,2,0,0,1,0,0,0,0,0,13.52677252,52.42883719
4,4400727,2018,7,20,4,3,3,6,1,0,1,0,1,0,0,0,13.28501417,52.47954298
1,1300835,2018,7,9,2,3,5,2,0,1,1,0,0,0,0,0,13.39129001,52.53621223
4,4300416,2018,7,9,2,3,3,6,0,1,1,0,0,0,0,0,13.29551211,52.50677582
7,7100101,2018,7,20,4,3,5,2,0,1,1,0,0,0,0,0,13.34612899,52.49456359
1,1200623,2018,7,9,6,3,2,6,0,1,0,0,0,0,0,0,13.35514654,52.52680644
3,3601243,2018,7,19,4,3,1,5,0,1,1,0,0,0,0,0,13.41634007,52.55369547
12,12200309,2018,7,7,6,3,2,6,0,0,1,0,0,0,0,0,13.31734722,52.56670501
7,7501133,2018,7,9,2,3,5,2,0,0,1,0,0,1,0,0,13.37829014,52.43481547
1,1401049,2018,7,6,6,3,5,3,0,1,1,0,0,0,0,0,13.36668348,52.55728671
4,4200309,2018,7,18,4,2,5,3,0,0,1,0,0,0,0,0,13.25957889,52.51379522
12,12601235,2018,7,7,6,2,5,2,0,1,1,0,0,0,0,0,13.35888063,52.59682942
9,9200614,2018,7,8,6,3,5,3,0,1,1,0,0,0,0,0,13.5390056,52.45098673
1,1100102,2018,7,9,2,3,5,2,0,1,0,0,1,0,0,0,13.36025674,52.50984266
2,2300417,2018,7,18,4,3,5,3,0,1,1,0,0,0,0,0,13.42978998,52.49834148
1,1200626,2018,7,9,6,3,0,1,0,1,0,0,0,0,0,0,13.34262148,52.52504507
7,7601443,2018,7,18,4,3,5,2,0,1,1,0,0,0,0,0,13.40837315,52.39882828