BEZ,LOR_ab_2021,UJAHR,UMONAT,USTUNDE,UWOCHENTAG,UKATEGORIE,UART,UTYP1,ULICHTVERH,IstRad,IstPKW,IstFuss,IstKrad,IstGkfz,IstSonstige,USTRZUSTAND,XGCSWGS84,YGCSWGS84
5,5200629,2018,7,10,2,3,3,6,0,0,1,0,0,0,1,0,13.19685673,52.53106901
1,1100309,2018,7,10,2,3,2,7,0,0,1,0,0,0,0,0,13.40321521,52.52727709
1,1100308,2018,7,12,4,3,0,1,0,0,0,0,1,0,0,0,13.38711274,52.52701925
9,9401635,2018,7,14,6,3,4,7,0,0,1,0,0,0,0,0,13.66104291,52.41267312
6,6300630,2018,7,10,2,3,5,7,0,0,1,0,1,0,0,0,13.32070065,52.44385598
4,4300624,2018,7,0,6,3,0,1,2,1,0,0,0,0,0,0,13.3218307,52.50577765
4,4501148,2018,7,16,5,2,1,5,0,1,1,0,0,0,1,0,13.31214324,52.47994877
4,4200308,2018,7,22,3,3,5,2,2,1,1,0,0,0,0,0,13.28038417,52.51833146
4,4400835,2018,7,23,5,3,1,1,2,1,1,0,0,0,0,0,13.31261819,52.46851271
4,4501152,2018,7,10,2,3,2,6,0,0,1,0,0,0,0,0,13.33102488,52.49063679
1,1100206,2018,7,21,5,3,0,2,1,1,1,0,0,0,0,0,13.38853049,52.51871987
10,10400941,2018,7,10,2,2,5,2,0,0,0,0,1,1,0,0,13.62063589,52.50421791
3,3400722,2018,7,19,3,3,1,5,0,0,1,0,1,0,0,0,13.4086923,52.57156383
1,1300733,2018,7,15,5,3,1,5,0,1,1,0,0,0,0,0,13.38432986,52.5509174
5,5100105,2018,7,11,2,3,2,2,0,0,1,0,0,0,0,0,13.1986507,52.55532566
7,7300619,2018,7,7,5,3,1,5,0,1,1,0,0,0,0,0,13.33928776,52.46789036
8,8100419,2018,7,11,2,3,5,3,0,0,1,0,0,0,0,0,13.45385668,52.48244766
5,5100314,2018,7,18,3,3,6,4,0,0,1,1,0,0,0,0,13.20521162,52.54154639
7,7200307,2018,7,21,5,3,9,1,1,0,1,0,0,0,0,0,13.34469224,52.49226633
3,3400826,2018,7,18,3,3,9,1,0,0,1,0,0,0,0,0,13.41251123,52.56640125
1,1300835,2018,7,8,2,3,0,4,0,0,1,1,0,0,0,0,13.38363395,52.53665177
5,5300736,2018,7,18,3,3,5,7,0,0,1,0,0,1,0,0,13.23022983,52.54194399
1,1100103,2018,7,22,5,3,2,2,2,1,1,0,0,0,0,0,13.35982717,52.50417533
3,3400723,2018,7,12,1,3,5,3,0,1,1,0,0,0,0,0,13.41627537,52.57097468
7,7100205,2018,7,20,5,3,5,2,0,1,1,0,0,0,0,0,13.36089825,52.49426222
1,1100416,2018,7,16,1,2,0,1,0,1,0,0,0,0,0,0,13.40336332,52.53216695
1,1401045,2018,7,18,3,3,2,7,0,0,1,0,0,0,1,0,13.37715786,52.55490075
1,1100308,2018,7,20,5,3,1,5,0,1,1,0,0,0,0,0,13.37976624,52.52179567
2,2300316,2018,7,17,3,2,5,2,0,1,1,0,0,0,0,0,13.4415752,52.50119804
4,4400729,2018,7,13,1,2,4,6,0,0,1,0,0,0,0,0,13.26045604,52.47798604
2,2500830,2018,7,15,1,3,6,7,0,0,1,1,0,0,0,0,13.45980163,52.51305768
10,10400938,2018,7,16,3,2,2,5,0,0,1,0,1,0,0,0,13.61498294,52.51762003
10,10400940,2018,7,19,5,2,5,3,0,1,1,0,0,0,0,0,13.60094266,52.47930559
7,7501133,2018,7,17,1,3,0,7,0,0,0,0,1,0,1,1,13.38751574,52.43988175
5,5100208,2018,7,16,3,3,2,6,0,0,1,0,0,0,0,0,13.15211629,52.55363827
2,2500726,2018,7,18,5,3,5,3,0,1,1,0,0,0,0,0,13.45077928,52.52713809
8,8401139,2018,7,14,1,3,5,2,0,0,1,0,0,0,0,0,13.45882658,52.4402778
6,6400735,2018,7,15,1,2,1,5,0,1,1,0,0,0,0,0,13.18497885,52.4243811
4,4300622,2018,7,16,3,3,5,3,0,0,1,0,0,0,0,0,13.32097795,52.51309087
4,4300622,2018,7,18,5,3,2,6,0,0,1,0,1,0,0,0,13.32148344,52.51321097
3,3400827,2018,7,16,3,3,1,5,0,1,1,0,0,0,0,0,13.41622391,52.55442226
4,4200311,2018,7,15,1,3,0,3,0,0,1,0,1,0,0,0,13.28169338,52.50925126
7,7601236,2018,7,15,3,3,5,2,0,1,1,0,0,0,0,0,13.36028286,52.41794836
8,8100415,2018,7,19,5,3,2,2,0,0,1,0,1,0,0,0,13.43663002,52.4799084
6,6100209,2018,7,15,3,3,5,3,0,1,1,0,0,0,0,0,13.33607976,52.46516819
12,12400723,2018,7,14,1,2,5,3,0,0,1,0,1,0,0,0,13.31374853,52.62000318
5,5200630,2018,7,17,5,3,5,3,0,0,1,0,0,0,0,0,13.19766147,52.52034868
6,6300632,2018,7,10,1,2,5,3,0,1,1,0,0,0,0,0,13.2807226,52.4295189
4,4200310,2018,7,15,3,2,5,2,0,1,1,0,0,0,0,0,13.27301983,52.51312871
1,1100310,2018,7,17,5,3,2,2,0,0,0,0,1,0,0,0,13.41535323,52.52062999
4,4100102,2018,7,14,3,3,3,6,0,0,0,0,1,0,1,0,13.29429708,52.5343395
1,1100310,2018,7,9,1,3,0,4,0,0,0,1,0,0,1,0,13.41344988,52.52527351
8,8100312,2018,7,12,1,3,2,6,0,1,1,0,0,0,0,0,13.43653114,52.49076536
10,10400941,2018,8,8,3,3,5,2,0,0,1,0,1,0,0,0,13.6037597,52.47890886
1,1401048,2018,8,8,5,3,0,3,0,0,1,0,1,0,0,0,13.36174189,52.55353254
7,7601546,2018,8,8,3,3,5,2,0,1,1,0,0,0,0,0,13.38907723,52.39836299
1,1100310,2018,8,16,6,3,0,2,0,1,0,0,0,0,1,0,13.41712022,52.52597061
7,7400721,2018,8,8,3,3,5,2,0,1,1,0,0,0,0,0,13.4002636,52.48371638
4,4300413,2018,8,17,6,3,5,3,1,1,0,0,0,0,0,0,13.28983087,52.51528802
11,11200410,2018,8,6,5,3,6,7,0,0,1,1,0,0,0,0,13.49976085,52.56232717
1,1200522,2018,8,14,6,3,5,2,0,1,1,0,0,0,0,0,13.34277133,52.52547112
1,1100103,2018,8,18,4,3,5,2,1,0,1,0,0,0,0,0,13.35302537,52.50235686
2,2100106,2018,8,8,3,3,5,3,0,1,1,0,0,0,0,0,13.39946197,52.49821356
8,8401243,2018,8,15,6,3,5,2,0,0,1,0,0,0,0,0,13.49519298,52.4317209
4,4501045,2018,8,8,3,3,5,2,0,1,1,0,0,0,0,0,13.33458891,52.49598573
4,4200311,2018,8,14,4,3,2,6,0,0,1,0,0,0,0,0,13.28055356,52.51760536
7,7100103,2018,8,14,4,3,1,7,0,0,1,0,0,0,1,0,13.35693474,52.49901101
1,1401048,2018,8,14,6,3,5,2,0,1,0,0,0,1,0,0,13.35872371,52.55415597
6,6100209,2018,8,7,3,3,3,6,0,1,1,0,0,0,0,0,13.33667325,52.45849024
3,3300516,2018,8,14,6,3,5,2,0,1,1,0,0,0,0,0,13.44517473,52.5815103
9,9401635,2018,8,12,4,2,6,4,0,0,1,1,0,0,0,0,13.65642513,52.41525671
7,7601238,2018,8,14,6,3,1,5,0,0,1,0,0,0,1,0,13.39017755,52.41232206
4,4300620,2018,8,7,3,3,2,6,0,0,1,0,0,0,1,0,13.32675292,52.5196359
4,4501148,2018,8,11,6,3,2,6,0,0,1,0,0,0,0,0,13.3126873,52.48021883
1,1300836,2018,8,8,6,3,5,3,0,1,1,0,0,0,0,0,13.37762969,52.54218614
4,4501044,2018,8,11,4,3,5,5,0,1,1,0,0,0,0,0,13.31790118,52.49171675
1,1200623,2018,8,7,6,3,5,3,0,1,1,0,0,0,0,0,13.35753443,52.53601935
11,11200411,2018,8,6,3,2,5,2,0,0,0,0,1,1,0,0,13.51184807,52.54634384
5,5200629,2018,8,11,6,3,0,2,0,0,1,0,0,0,1,0,13.19745863,52.53204414
4,4300414,2018,8,9,4,3,5,2,0,0,1,0,0,0,0,0,13.30058986,52.5171155
7,7501134,2018,8,13,6,3,0,6,0,0,1,0,0,1,0,0,13.40505013,52.42788052
7,7300618,2018,8,9,4,3,5,3,0,0,1,0,0,0,0,0,13.34348686,52.47261998
8,8100311,2018,8,1,3,2,6,4,2,0,1,1,0,0,0,0,13.42881809,52.48668147
11,11501340,2018,8,14,6,3,0,6,0,1,1,0,0,0,0,0,13.52536974,52.48162704
6,6400844,2018,8,15,1,3,5,2,0,1,0,0,0,0,0,0,13.30949526,52.46696039
1,1100103,2018,8,17,3,2,0,2,0,0,1,0,1,0,0,0,13.35202695,52.50522609
1,1300733,2018,8,9,4,2,5,2,0,1,1,0,0,0,0,0,13.3815697,52.55230936
1,1100101,2018,8,14,1,3,3,6,0,0,1,0,1,0,0,0,13.35188166,52.50584057
2,2100101,2018,8,8,4,3,2,6,0,1,0,0,0,0,0,0,13.38693776,52.50474679
12,12200412,2018,8,7,6,3,1,5,0,1,1,0,0,0,0,0,13.25653119,52.56535601
3,3200205,2018,8,11,3,3,0,3,0,1,1,0,0,0,0,0,13.38712855,52.589517
3,3601140,2018,8,7,6,3,5,3,0,1,0,0,0,0,0,0,13.401419,52.55283169
10,10400938,2018,8,7,4,2,5,2,0,0,1,0,1,0,0,0,13.62171657,52.52473562
6,6100102,2018,8,6,6,3,5,3,0,0,1,0,0,0,0,0,13.31910282,52.45409481
1,1100102,2018,8,7,4,3,5,2,0,1,1,0,0,0,0,0,13.37529141,52.51182466
5,5300839,2018,8,17,2,3,5,3,0,1,1,0,0,0,0,0,13.26308576,52.54030782
9,9301228,2018,8,7,6,2,5,3,0,1,1,0,0,0,0,0,13.64348027,52.3780059
12,12200411,2018,8,7,4,3,2,3,0,1,0,0,0,0,1,0,13.31820115,52.56504766
10,10100313,2018,8,21,6,2,3,6,2,1,0,0,0,0,0,0,13.55403823,52.54165755
6,6400844,2018,8,10,4,3,2,7,0,0,1,0,0,0,0,0,13.27340798,52.45554973
2,2300314,2018,8,17,2,3,5,2,0,0,1,0,0,0,1,0,13.42205732,52.49904128
7,7601442,2018,8,21,6,2,6,2,2,0,1,1,0,0,0,0,13.39256136,52.41268673
4,4200308,2018,8,17,2,3,5,7,0,0,1,0,1,0,0,0,13.27969713,52.5219102
3,3200309,2018,8,7,4,3,3,6,0,1,0,0,0,0,0,0,13.44278173,52.60158467
1,1400939,2018,8,14,2,3,1,5,0,1,1,0,0,0,0,0,13.35131874,52.55217527
11,11100308,2018,8,20,6,3,5,3,0,0,1,0,0,0,1,0,13.50179783,52.56617967
12,12200309,2018,8,15,2,3,5,2,0,1,1,0,0,0,0,0,13.3292897,52.56238123
4,4400726,2018,8,10,4,3,0,1,0,0,0,0,1,0,0,0,13.28557162,52.49461695
10,10100311,2018,8,14,2,3,3,6,0,0,1,0,0,1,0,0,13.5202868,52.53556861
3,3601451,2018,8,19,6,2,5,2,0,0,1,0,0,0,0,0,13.44142447,52.53196212
4,4501041,2018,8,0,4,3,0,1,2,0,0,0,1,0,0,0,13.32311731,52.50208763
6,6100209,2018,8,19,6,3,3,6,0,0,1,0,1,0,0,0,13.33876195,52.46537362
1,1100415,2018,8,22,4,3,0,1,2,1,0,0,0,0,0,0,13.39824095,52.532535
10,10100313,2018,8,19,2,3,1,5,0,1,1,0,0,0,0,0,13.54728369,52.53980922
6,6300632,2018,8,19,6,3,6,4,0,1,0,1,0,0,0,0,13.30715415,52.42916818
11,11300722,2018,8,7,2,3,3,6,0,1,0,0,0,0,1,0,13.48031713,52.52086111
9,9401534,2018,8,22,4,2,0,7,2,0,0,0,1,0,0,0,13.57709756,52.44414269
1,1300733,2018,8,19,4,3,5,2,0,0,1,0,1,0,0,0,13.38248783,52.5518542
4,4300624,2018,8,11,2,3,1,5,0,1,1,0,0,0,0,0,13.31465734,52.50631691
3,3601450,2018,8,18,6,3,1,5,0,1,0,0,0,0,1,0,13.45691415,52.52860145
12,12100204,2018,8,12,2,3,5,3,0,1,1,0,0,0,0,0,13.36253957,52.5609547
4,4500939,2018,8,18,4,3,5,2,0,0,1,0,0,0,0,0,13.30794137,52.48852968
12,12500929,2018,8,10,2,3,6,4,0,0,1,1,0,0,0,0,13.35868057,52.61226863
8,8100312,2018,8,16,6,3,6,7,0,1,0,1,0,0,0,0,13.43846654,52.48575262
4,4300620,2018,8,9,2,3,5,2,0,0,1,0,1,0,0,0,13.33077241,52.5140491
4,4400728,2018,8,18,4,2,5,7,0,0,1,0,1,0,0,0,13.28088892,52.47826449
10,10400939,2018,8,17,6,3,2,2,0,0,1,0,0,0,0,0,13.61249603,52.51088537
2,2400521,2018,8,18,4,3,5,2,0,1,1,0,0,0,0,0,13.43288046,52.51781772
12,12601031,2018,8,9,2,3,2,6,0,0,1,0,1,0,0,0,13.33495937,52.60318736
12,12601134,2018,8,16,6,3,5,2,0,1,1,0,0,0,0,0,13.3518478,52.60253489
2,2200212,2018,8,19,2,3,5,3,0,1,1,0,0,0,0,0,13.41950109,52.48756111
2,2100104,2018,8,18,4,3,5,3,0,1,1,0,0,0,0,0,13.4102775,52.50378887
4,4501146,2018,8,17,4,3,5,2,0,0,1,0,0,0,0,0,13.30694121,52.48486775
3,3601244,2018,8,16,6,2,6,4,0,0,0,1,0,0,1,0,13.42872176,52.55192532
6,6100207,2018,8,16,4,3,5,2,0,1,1,0,0,0,0,0,13.32687646,52.45492029
1,1100205,2018,8,8,2,3,5,7,0,1,1,0,0,0,0,0,13.38248257,52.51319679
4,4200203,2018,8,16,6,3,5,3,0,1,1,0,0,0,0,0,13.24970907,52.51557823
1,1100102,2018,8,8,2,3,4,6,0,1,0,0,0,0,0,0,13.35005906,52.51377961
2,2400521,2018,8,15,4,3,5,2,0,0,1,0,0,0,0,0,13.42968803,52.52328029
3,3500936,2018,8,15,4,3,5,7,0,1,1,0,0,0,0,0,13.45068818,52.5458305
7,7100101,2018,8,8,2,3,2,6,0,0,1,0,0,0,0,0,13.34578295,52.49436229
2,2100106,2018,8,16,6,3,5,2,0,0,1,0,0,0,0,0,13.40649774,52.49832619
2,2400521,2018,8,8,2,3,5,2,0,1,0,0,0,0,1,0,13.44060976,52.51701809
12,12200412,2018,8,12,1,2,5,3,0,1,0,0,0,0,0,0,13.2545063,52.56179985
7,7200307,2018,8,15,4,3,2,6,0,0,1,0,0,0,1,0,13.34490953,52.48962949
2,2500726,2018,8,8,2,3,5,2,0,1,1,0,0,0,0,0,13.45095265,52.52718508
4,4501149,2018,8,18,6,2,0,7,0,1,0,0,0,0,0,0,13.32273324,52.48879675
1,1100310,2018,8,16,2,3,1,5,0,1,0,0,0,0,1,0,13.41171436,52.51591335
1,1100416,2018,8,7,5,2,0,1,0,1,0,0,0,0,0,0,13.40441979,52.53325386
4,4300619,2018,8,14,4,3,2,6,0,0,1,0,0,0,1,0,13.30613591,52.51747176
1,1100310,2018,8,22,5,3,0,2,2,0,1,0,0,0,1,0,13.410185,52.52255552
7,7100205,2018,8,14,4,2,0,7,0,0,1,0,1,0,0,0,13.36803583,52.49321973
1,1100207,2018,8,15,2,3,5,2,0,1,1,0,0,1,0,0,13.39900722,52.50823134
9,9401329,2018,8,21,5,3,6,2,2,0,1,1,0,0,0,0,13.59251634,52.43853502
9,9200511,2018,8,15,1,2,9,1,0,0,0,0,1,0,0,0,13.52612765,52.45616415
10,10400938,2018,8,7,2,3,2,6,0,0,1,0,0,0,1,0,13.61393528,52.51650371
3,3500932,2018,8,14,4,3,5,3,0,1,1,0,0,0,0,0,13.44834461,52.56467404
4,4500939,2018,8,11,1,3,5,2,0,1,1,0,0,0,0,0,13.30207854,52.48847515
11,11200411,2018,7,21,3,3,6,4,2,0,0,1,1,0,0,0,13.51021878,52.55043055
9,9200819,2018,8,20,2,3,6,2,1,0,1,1,0,0,0,0,13.56293648,52.44582741
8,8200832,2018,8,20,5,3,2,6,1,0,1,0,1,0,0,0,13.43566704,52.42466853
1,1200623,2018,7,21,3,3,1,1,0,1,1,0,0,0,0,0,13.34396642,52.53162198
6,6300528,2018,7,8,3,3,5,3,0,1,1,0,0,0,0,0,13.27112923,52.4229841
7,7400823,2018,8,12,2,3,5,2,0,0,1,0,0,0,0,0,13.37803108,52.46638874
8,8301037,2018,8,20,5,3,6,4,0,0,1,1,0,0,0,0,13.47848013,52.42171431
1,1300733,2018,8,11,2,3,5,2,0,0,1,0,0,0,0,0,13.39220495,52.55506091
1,1400937,2018,8,18,5,3,3,6,0,1,0,0,0,0,0,0,13.33982319,52.55743071
7,7601341,2018,7,18,3,3,5,3,0,1,1,0,0,0,0,0,13.37811286,52.40767021
11,11100102,2018,8,18,5,3,2,6,0,0,1,0,0,0,0,0,13.54958314,52.56879056
7,7501029,2018,8,6,2,3,0,2,0,0,0,0,0,0,1,0,13.37713945,52.43740648
1,1100415,2018,8,18,5,2,5,7,0,0,1,0,1,0,0,0,13.40089705,52.53015246
2,2200210,2018,8,15,5,3,5,3,0,1,1,0,0,0,0,0,13.39600849,52.49795415
10,11200515,2018,7,13,3,3,2,6,0,0,1,0,0,0,0,0,13.51686612,52.53578892
9,9501737,2018,8,16,2,3,2,6,0,0,1,0,0,0,0,0,13.62868053,52.46904739
4,4300619,2018,8,15,5,3,2,6,0,0,1,0,0,0,0,0,13.30923634,52.51666548
1,1200626,2018,8,15,1,3,0,3,0,1,0,0,0,0,0,0,13.34651176,52.52492939
10,10400837,2018,8,16,2,3,5,3,0,0,1,0,0,0,0,0,13.57384338,52.49165859
12,12601032,2018,7,10,3,3,6,7,0,0,0,1,0,0,1,0,13.32926244,52.6094313
2,2400521,2018,7,19,3,3,0,2,0,1,0,0,1,0,0,0,13.4406784,52.51724972
11,11400929,2018,8,14,5,2,5,2,0,0,1,0,0,0,0,0,13.48942512,52.50370367
4,4200308,2018,8,6,2,2,5,3,0,0,1,0,1,0,0,0,13.26696226,52.51963672
9,9501939,2018,8,14,5,2,0,4,0,0,1,1,0,0,0,0,13.57663675,52.45511484
1,1100309,2018,7,10,3,3,0,1,0,1,0,0,0,0,0,0,13.39526575,52.52438522
2,2300314,2018,8,12,5,3,1,5,0,1,1,0,0,0,0,0,13.41500081,52.50382711
1,1400942,2018,7,10,3,3,2,6,0,0,1,0,0,0,0,0,13.34565321,52.54732995
1,1200626,2018,8,17,2,2,2,6,0,0,1,1,0,0,0,0,13.35125568,52.52436145
7,7200409,2018,8,13,5,3,5,2,0,1,1,0,0,0,0,0,13.35097235,52.48620239
1,1100416,2018,7,17,3,3,5,2,0,1,0,0,0,0,1,0,13.40249248,52.53849953
6,6200422,2018,8,13,5,3,0,1,0,1,0,0,0,0,0,0,13.33089739,52.41993099
11,11401032,2018,8,15,2,2,5,3,0,1,1,0,0,0,0,0,13.50762215,52.51071122
7,7300618,2018,8,13,5,3,0,7,0,0,1,0,0,0,0,0,13.34453261,52.47691545
12,12200309,2018,7,9,3,2,3,6,0,1,0,0,0,0,0,0,13.32937661,52.56336378
10,10300731,2018,8,2,5,2,5,3,2,0,1,0,0,0,0,0,13.55802587,52.52959916
1,1100206,2018,8,10,2,2,5,3,0,0,1,0,1,0,0,0,13.38904179,52.51569719
12,12100205,2018,8,12,5,3,5,2,0,0,1,0,0,1,0,0,13.35216233,52.5800164
4,4500937,2018,8,9,2,2,6,4,0,0,0,1,1,0,0,0,13.29994013,52.49858997
9,9401534,2018,7,20,3,3,0,2,1,0,1,0,1,0,0,0,13.58237718,52.44264892
1,1300731,2018,8,18,2,2,5,3,0,0,1,0,1,0,0,0,13.37836851,52.56091078
4,4200308,2018,8,11,5,3,0,2,0,1,1,0,0,0,0,0,13.27936398,52.52381573
7,7300618,2018,7,20,3,2,5,3,0,1,1,0,0,0,0,0,13.33113777,52.46727099
8,8401242,2018,8,11,5,3,5,3,0,1,1,0,0,0,0,0,13.47817262,52.41774986
1,1100205,2018,7,9,3,3,2,6,0,0,1,0,1,0,0,0,13.38119978,52.51566951
8,8401243,2018,8,21,2,3,1,5,2,1,1,0,0,0,0,0,13.49616217,52.41734286
11,11100204,2018,8,11,5,3,0,3,0,0,1,0,1,0,0,0,13.52259017,52.56083622
8,8100418,2018,8,3,2,3,2,6,2,0,0,0,0,0,1,0,13.45014366,52.48172977
1,1401046,2018,7,20,3,3,5,2,0,0,1,0,0,0,0,0,13.34943268,52.54223306
12,12200414,2018,8,10,1,3,5,3,0,0,1,0,0,0,0,0,13.30706763,52.55506409
4,4400832,2018,7,9,3,3,2,7,0,1,1,0,0,0,0,0,13.29976966,52.47126715
1,1200522,2018,8,21,1,3,5,3,1,1,0,0,0,0,0,0,13.33762803,52.51986005
12,12400720,2018,8,10,5,3,5,3,0,0,1,0,0,0,0,0,13.27568023,52.63031534
7,7100206,2018,8,21,1,3,5,3,1,1,1,0,0,0,0,0,13.36090801,52.49132435
10,10100311,2018,7,18,3,3,2,6,0,0,1,0,0,0,1,0,13.51908442,52.5326193
2,2200213,2018,7,8,3,3,5,2,0,1,1,0,0,0,0,0,13.41624935,52.49091866
6,6100205,2018,8,19,1,3,1,5,0,1,1,0,0,0,0,0,13.35116554,52.44947102
4,4501152,2018,8,10,5,3,2,6,0,0,1,0,0,0,0,0,13.33066811,52.49337892
7,7501031,2018,8,18,1,2,1,1,0,0,1,0,1,0,0,0,13.40320243,52.44798162
7,7100205,2018,7,7,3,3,0,6,0,0,1,0,0,0,1,0,13.36589237,52.49391856
12,12100103,2018,8,18,1,3,2,6,0,0,1,0,0,0,0,0,13.36126139,52.5705272
1,1300733,2018,8,9,5,3,3,6,0,1,0,0,0,0,0,0,13.38178262,52.55262298
5,5100208,2018,8,16,1,3,3,6,0,0,1,0,1,0,0,0,13.16144689,52.54583428
1,1401045,2018,7,18,3,3,2,6,0,0,1,0,0,0,0,0,13.38157572,52.5559423
1,1400937,2018,8,7,5,3,2,2,0,0,1,0,1,0,0,0,13.3332013,52.56102638
7,7400823,2018,7,18,3,3,5,2,0,1,1,0,0,0,0,0,13.37673734,52.46155677
2,2200212,2018,8,16,1,2,5,7,0,0,1,0,1,0,0,0,13.40814435,52.4888977
8,8100105,2018,8,6,5,3,5,2,0,0,0,0,1,1,0,0,13.43287638,52.46470272
1,1100312,2018,8,14,1,2,3,6,0,1,0,0,0,0,0,0,13.41305203,52.50660043
6,6100102,2018,7,17,3,2,3,6,0,1,0,0,0,0,1,0,13.32434307,52.46056755
11,11100102,2018,8,10,1,3,4,6,0,1,0,0,0,0,0,0,13.56508415,52.572549
3,3400724,2018,7,17,3,3,5,2,0,1,1,0,0,0,0,0,13.42870519,52.57794361
2,2100101,2018,8,15,1,3,5,2,0,0,1,0,1,0,0,0,13.37950933,52.50661544
1,1401047,2018,8,5,5,3,1,1,0,0,1,0,0,0,0,0,13.35971435,52.54416236
10,10200420,2018,8,14,1,3,5,3,0,1,1,0,0,0,0,0,13.60113012,52.53684342
1,1300834,2018,8,11,1,3,5,3,0,0,1,0,0,0,0,0,13.39261844,52.54251368
10,10200524,2018,7,6,3,3,6,4,0,0,1,1,0,0,0,0,13.61985527,52.53926275
5,5300840,2018,8,7,5,2,5,2,0,0,1,0,0,0,0,0,13.24999792,52.53785647
11,11300721,2018,8,13,1,3,0,7,0,0,1,0,1,0,0,1,13.49125681,52.52654762
4,4300416,2018,8,6,5,3,5,2,0,1,1,0,0,0,0,0,13.29496891,52.5067738
10,10400940,2018,7,16,3,3,0,7,0,0,1,0,0,0,1,0,13.61293174,52.50036197
11,11300721,2018,8,8,1,2,2,6,0,0,1,0,0,0,0,0,13.50595224,52.5347341
1,1100308,2018,8,8,5,3,2,6,0,1,1,0,0,0,0,0,13.38230648,52.53116929
11,11400929,2018,7,16,3,3,5,3,0,0,1,0,0,0,0,0,13.50198606,52.50699858
8,8100417,2018,8,12,1,3,5,3,0,1,0,0,0,0,0,0,13.45141606,52.47340777
12,12500825,2018,8,0,1,2,0,7,2,0,0,0,0,0,1,0,13.31377665,52.58894799
4,4400835,2018,8,9,5,3,5,3,0,0,1,0,0,0,1,0,13.31983846,52.46880703
9,9501838,2018,8,22,1,2,3,6,2,1,1,0,0,0,0,0,13.73124634,52.43010144
12,12100101,2018,7,16,3,3,2,6,0,0,1,0,0,0,1,0,13.37885149,52.56773952
2,2400522,2018,8,10,5,3,4,6,0,0,1,0,0,0,1,0,13.44306123,52.51797113
2,2100106,2018,7,16,3,3,1,5,0,1,1,0,0,0,0,0,13.40590803,52.49747951
2,2400624,2018,8,4,7,3,0,1,2,0,0,0,1,0,0,0,13.44970494,52.5075986
7,7200308,2018,8,8,5,2,0,1,0,0,0,0,1,0,0,0,13.33911241,52.48145847
10,10200420,2018,8,22,7,3,5,3,2,0,1,0,1,0,0,0,13.60131385,52.53583594
11,11100101,2018,7,15,3,3,5,3,0,0,1,0,1,0,0,0,13.51787828,52.57484515
2,2200210,2018,8,8,1,3,3,6,0,0,1,0,0,0,0,0,13.40291019,52.4940299
7,7100205,2018,7,14,3,3,6,4,0,0,1,1,0,0,0,0,13.36118832,52.49589002
1,1100102,2018,8,17,7,3,2,6,0,0,1,0,0,0,1,0,13.36042743,52.50983844
11,11300620,2018,8,6,5,3,0,1,0,1,0,0,0,0,0,0,13.47967139,52.52662756
6,6100102,2018,8,16,7,2,0,4,0,0,0,1,1,0,0,0,13.32294035,52.45644355
4,4501152,2018,8,16,5,3,5,2,0,1,1,0,0,0,0,0,13.3310244,52.49077345
3,3400724,2018,7,14,3,3,2,2,0,0,1,0,0,0,1,0,13.42882115,52.57920635
6,6200311,2018,8,23,5,3,0,6,2,1,1,0,0,0,0,1,13.35232757,52.44096773
1,1200624,2018,8,15,7,3,5,2,0,1,1,0,0,0,0,0,13.36019274,52.5372569
4,4400727,2018,8,13,5,3,5,3,0,1,1,0,0,0,0,0,13.2963857,52.48574171
1,1100308,2018,8,19,7,3,5,3,0,0,1,0,0,0,0,0,13.37961182,52.52266897
1,1100416,2018,8,15,4,3,2,6,0,0,1,0,0,0,0,0,13.39614798,52.53808279
4,4501042,2018,7,13,3,3,2,6,0,1,1,0,0,0,0,0,13.32496549,52.50050611
1,1100206,2018,8,13,7,3,5,2,0,1,1,0,0,0,0,0,13.38083762,52.5163662
12,12100101,2018,8,20,4,2,5,2,1,0,1,0,0,0,0,0,13.36453268,52.56268895
5,5100313,2018,8,12,7,3,5,3,0,1,1,0,0,0,0,0,13.20987429,52.54661562
12,12100101,2018,8,13,7,3,5,3,0,1,1,0,0,0,0,0,13.36578618,52.56318641
7,7400824,2018,7,6,3,3,6,7,0,1,0,1,0,0,0,0,13.38201035,52.46306044
8,8100417,2018,8,12,7,3,5,3,0,0,1,0,0,0,1,0,13.45453694,52.47442897
12,12100101,2018,8,20,4,2,6,4,0,0,0,1,0,0,1,0,13.36732086,52.56311609
1,1100313,2018,8,18,4,3,5,3,0,1,0,0,0,0,0,0,13.4219402,52.50512531
11,11200411,2018,8,12,7,3,0,6,0,0,1,0,1,0,0,0,13.51064321,52.55051822
11,11300722,2018,7,12,3,3,2,2,0,1,1,0,0,0,0,0,13.48595856,52.52037305
11,11100203,2018,7,11,3,3,5,3,0,1,1,0,0,0,0,0,13.52802814,52.56765263
1,1200522,2018,8,18,4,3,2,6,0,0,1,0,0,0,0,0,13.3299792,52.5228934
1,1200520,2018,8,11,7,3,5,2,0,0,1,0,0,0,0,0,13.34329651,52.53179947
1,1100309,2018,8,6,4,3,2,6,0,1,1,0,0,0,0,0,13.38792003,52.52618158
9,9301126,2018,7,10,3,3,0,2,0,1,1,0,0,0,0,0,13.57810925,52.42024773
5,5100211,2018,8,18,4,3,5,3,0,0,1,0,0,0,0,0,13.1780814,52.54877324