BEZ,LOR_ab_2021,UJAHR,UMONAT,USTUNDE,UWOCHENTAG,UKATEGORIE,UART,UTYP1,ULICHTVERH,IstRad,IstPKW,IstFuss,IstKrad,IstGkfz,IstSonstige,USTRZUSTAND,XGCSWGS84,YGCSWGS84
4,4100102,2018,7,20,3,3,0,7,1,1,0,0,0,0,0,0,13.29314899,52.53454823
7,2200207,2018,8,10,7,3,5,2,0,1,1,0,0,0,0,0,13.37641953,52.49155739
1,1300835,2018,8,17,4,3,5,2,0,1,1,0,0,0,0,0,13.39018086,52.53542782
12,12500930,2018,7,14,3,3,0,2,0,0,1,0,0,0,1,0,13.31625925,52.57861963
4,4500937,2018,8,17,4,3,5,2,0,1,1,0,0,0,0,0,13.28720999,52.49584116
11,11300721,2018,7,13,3,3,2,6,0,0,1,0,0,0,0,0,13.49593208,52.53412109
12,12400619,2018,8,10,7,2,5,3,0,0,1,0,0,0,1,0,13.23289713,52.6052464
6,6100102,2018,8,17,4,3,5,2,0,1,1,0,0,0,0,0,13.32524297,52.45557537
6,6100206,2018,8,10,7,3,5,2,0,0,1,0,0,0,0,0,13.33787893,52.45102312
4,4300416,2018,7,7,3,3,5,3,0,0,1,0,0,0,1,0,13.29875679,52.50792137
4,4200308,2018,8,9,7,2,3,6,0,0,1,0,1,0,0,0,13.28152771,52.51840218
10,10400837,2018,8,17,4,3,0,3,0,0,1,0,0,0,1,0,13.57384635,52.4916638
8,8100415,2018,8,22,7,2,0,7,2,1,0,0,0,0,0,0,13.44856183,52.47760799
10,10100315,2018,7,14,2,3,2,6,0,0,1,0,0,0,0,0,13.57153919,52.5457218
3,3601244,2018,8,10,4,2,6,2,0,0,1,0,0,0,1,0,13.42630568,52.54862695
9,9401635,2018,7,18,2,3,4,6,0,1,0,0,0,0,0,0,13.67818476,52.42538162
2,2300316,2018,8,5,7,2,5,2,0,1,1,0,0,0,0,0,13.4416801,52.50122787
6,6300528,2018,8,16,4,3,5,2,0,0,1,0,1,0,0,0,13.27339222,52.41657467
7,7100101,2018,7,18,2,3,6,7,0,0,1,1,0,0,0,0,13.34425195,52.50299406
7,7601442,2018,8,16,4,3,2,6,0,0,1,0,1,0,0,0,13.39401249,52.41106972
7,7400721,2018,7,8,2,3,3,6,0,1,0,0,0,0,0,0,13.40086256,52.4836467
3,3500936,2018,8,19,6,3,6,2,0,0,1,1,0,0,0,0,13.4641396,52.54597424
3,3701660,2018,8,15,4,3,1,5,0,0,1,0,1,0,0,0,13.43065473,52.53250016
4,4300416,2018,8,19,6,3,2,6,0,0,1,0,0,0,0,0,13.30168686,52.50999957
10,10100102,2018,7,16,2,2,5,2,0,0,1,0,1,0,0,0,13.56562399,52.57043808
4,4300620,2018,7,16,2,3,5,2,0,1,0,0,1,0,0,0,13.3316004,52.51338303
1,1100309,2018,8,17,6,3,3,6,0,1,1,0,0,0,0,0,13.39302053,52.52524801
3,3200205,2018,8,15,4,3,5,3,0,0,1,0,0,0,0,0,13.39833109,52.5923905
1,1300732,2018,8,16,6,3,5,2,0,1,1,0,0,0,0,0,13.39264921,52.56414275
1,1100206,2018,7,16,2,2,0,4,0,0,0,1,1,0,0,0,13.38843219,52.51984456
4,4501147,2018,8,16,6,3,5,7,0,0,1,0,1,0,0,0,13.31532226,52.48954848
11,11501339,2018,8,15,4,3,5,2,0,0,1,0,0,0,0,0,13.50872152,52.49025015
9,9200819,2018,8,17,6,3,5,3,0,1,1,0,0,0,0,0,13.56556381,52.43810431
2,2500833,2018,7,16,2,3,4,1,0,1,1,0,0,0,0,0,13.45265649,52.51057515
4,4300619,2018,8,12,4,3,5,2,0,1,1,0,0,0,0,0,13.31345539,52.51516545
3,3601243,2018,7,15,2,2,5,3,0,0,1,0,0,0,0,0,13.42419424,52.55283894
9,9501737,2018,8,15,6,3,5,3,0,0,1,0,0,0,0,0,13.63684746,52.45071761
1,3701556,2018,8,11,4,3,5,3,0,1,1,0,0,0,0,0,13.40987361,52.52902504
4,4400835,2018,8,16,6,3,5,3,0,0,1,0,1,0,0,0,13.31983797,52.46880704
7,7501031,2018,7,15,2,3,5,7,0,0,1,0,1,0,0,0,13.3954884,52.44527126
7,7400823,2018,7,15,2,3,2,6,0,0,1,0,0,0,1,0,13.37408271,52.46866923
11,11300826,2018,8,19,6,3,4,6,0,0,1,0,0,0,0,0,13.49049179,52.50955875
7,7501135,2018,8,11,4,3,5,2,0,0,1,0,1,0,0,0,13.39839414,52.41954102
12,12100205,2018,8,19,6,3,0,1,0,0,1,0,1,0,0,0,13.34973532,52.57161268
11,11400927,2018,8,10,4,3,5,2,0,1,1,0,0,0,0,0,13.47131083,52.50516938
3,3601452,2018,8,20,6,3,5,3,1,1,0,0,1,0,0,0,13.44738657,52.53062324
7,7400824,2018,7,15,2,3,2,6,0,0,1,0,0,0,0,0,13.3855146,52.46482072
3,3400721,2018,8,18,7,3,2,7,0,0,1,0,0,0,0,0,13.3978526,52.56735754
9,9401534,2018,7,17,2,2,4,6,0,1,0,0,0,0,0,0,13.57443262,52.44433848
7,7100103,2018,8,17,6,3,1,5,0,0,1,0,1,0,0,0,13.35864053,52.49439326
6,6300528,2018,8,9,4,3,5,3,0,0,1,0,0,0,0,0,13.26589212,52.41590557
5,5100208,2018,8,21,6,3,5,3,1,0,1,0,1,0,0,0,13.16126888,52.54837887
10,10100102,2018,7,15,2,3,5,2,0,0,1,0,0,0,0,0,13.56560021,52.57044598
11,11400931,2018,8,13,6,3,5,2,0,1,1,0,0,0,0,0,13.50355375,52.5097282
3,3500934,2018,8,13,4,2,5,2,0,0,1,0,0,0,0,0,13.42908367,52.55632717
12,12200309,2018,8,17,6,3,2,2,0,0,1,0,0,0,0,0,13.32777346,52.56410875
2,2300316,2018,8,13,4,3,0,5,0,0,1,0,0,0,1,0,13.43120559,52.50608065
1,1100102,2018,7,15,2,3,2,6,0,0,1,0,0,0,0,0,13.3506899,52.51258784
8,8100313,2018,8,11,7,3,1,5,0,1,1,0,0,0,0,0,13.44827947,52.48774095
7,7200307,2018,8,13,4,3,6,2,0,0,1,1,0,0,0,0,13.34490401,52.4889223
5,5300840,2018,7,14,2,3,5,3,0,0,1,0,0,0,0,0,13.25329838,52.537621
2,2500832,2018,8,20,6,3,0,7,1,0,1,0,1,0,0,1,13.47537663,52.51182321
2,2300316,2018,8,13,4,3,5,3,0,0,0,0,1,0,0,0,13.4402259,52.50207112
11,11401137,2018,8,20,6,3,3,6,0,0,1,0,0,0,0,0,13.5245476,52.49561237
11,11300620,2018,7,14,2,3,2,6,0,0,1,0,0,0,0,0,13.48256189,52.53335591
2,2500833,2018,8,16,7,3,1,5,0,1,0,0,0,0,1,0,13.45590887,52.50996435
4,4400835,2018,8,15,1,3,2,6,0,0,1,0,1,0,0,0,13.31906171,52.47167347
2,2400521,2018,7,14,2,3,6,3,0,0,0,1,0,0,1,0,13.4407763,52.52443003
4,4100102,2018,8,17,6,3,0,1,0,0,0,0,1,0,0,0,13.2932128,52.53423478
8,8100314,2018,8,14,4,3,3,5,0,1,0,0,0,0,1,0,13.4369477,52.48112405
11,11400927,2018,8,15,6,3,6,2,0,0,1,1,0,0,0,0,13.47125662,52.50506182
6,6300633,2018,8,9,4,3,3,6,0,1,0,0,0,1,0,0,13.31302446,52.4349093
12,12200412,2018,7,13,2,3,5,3,0,0,1,0,1,0,0,0,13.29399568,52.57729156
11,11300617,2018,8,8,4,3,6,4,0,1,0,1,0,0,0,0,13.46806282,52.52829623
4,4200308,2018,8,13,6,3,2,6,0,0,1,0,0,0,0,0,13.24904248,52.52395688
5,5100105,2018,8,14,4,3,5,3,0,1,1,0,0,0,0,0,13.19591031,52.55505349
4,4300416,2018,7,13,2,2,5,7,0,0,1,0,1,0,0,0,13.29867838,52.50684596
8,8100206,2018,8,22,7,2,5,7,2,0,1,0,1,0,0,0,13.42480672,52.48356089
3,3701660,2018,7,13,2,3,5,7,0,0,1,0,1,0,0,0,13.43607862,52.52948585
2,2400625,2018,8,7,4,2,5,2,0,0,0,0,1,0,1,0,13.4408906,52.51329348
1,1200628,2018,8,15,6,3,0,2,0,0,1,0,0,0,1,0,13.36756918,52.52577748
8,8300934,2018,8,6,4,2,3,6,0,0,1,0,1,0,0,0,13.46532627,52.42951161
1,1401046,2018,7,15,2,3,2,6,0,0,1,0,0,0,0,0,13.34770142,52.54111896
6,6400737,2018,8,17,7,2,5,3,0,0,1,0,1,0,0,0,13.19173449,52.4336605
7,7300618,2018,8,8,4,3,6,2,0,0,1,1,0,0,0,0,13.33743482,52.46720104
4,4300622,2018,7,23,2,3,3,6,2,0,1,0,0,0,1,0,13.33069934,52.50706931
6,6400843,2018,8,13,6,2,5,2,0,1,1,0,0,0,0,0,13.28402414,52.44570844
2,2100102,2018,8,4,4,3,6,4,0,0,1,1,1,0,0,0,13.3942096,52.50694956
8,8200623,2018,8,12,6,2,5,3,0,0,1,0,1,0,0,0,13.43675441,52.4570527
2,2500830,2018,7,20,2,3,5,3,1,1,1,0,0,0,0,0,13.46147642,52.51204626
1,1100102,2018,8,16,7,2,0,7,0,1,0,0,0,0,0,0,13.36341536,52.50549377
2,2100102,2018,7,20,2,3,1,5,0,0,1,0,1,0,0,0,13.39080601,52.50495138
12,12400618,2018,8,10,4,2,5,2,0,1,1,0,0,0,0,0,13.24497983,52.61435509
4,4100101,2018,8,12,6,3,2,6,0,0,1,0,0,0,0,0,13.3263199,52.53784885
6,6100205,2018,8,12,4,3,0,1,0,0,0,0,1,0,0,0,13.3496484,52.44964678
1,1100205,2018,7,19,2,3,5,3,0,1,1,0,0,0,0,0,13.37929592,52.50703345
12,12500928,2018,8,8,4,2,0,7,0,0,0,0,0,1,0,0,13.31991852,52.60704959
1,1100308,2018,7,19,2,3,4,2,0,1,1,0,0,0,0,0,13.38678032,52.52253662
2,2500834,2018,8,12,6,3,5,3,0,1,0,0,0,0,0,0,13.46893244,52.50477468
3,3400831,2018,8,1,4,2,0,1,2,1,0,0,0,0,0,0,13.4271739,52.57187839
1,1100310,2018,7,18,2,3,2,6,0,0,1,0,1,0,0,0,13.41647395,52.52682197
4,4500937,2018,8,14,7,3,2,2,0,0,1,0,0,0,0,0,13.2918763,52.49722087
1,1100310,2018,7,14,2,3,5,2,0,1,0,0,0,1,0,0,13.41672333,52.52186378
11,11501238,2018,8,11,6,3,5,3,0,1,1,0,0,0,0,0,13.48999118,52.49339702
11,11300722,2018,8,15,4,2,0,1,0,1,0,0,0,0,0,0,13.48504245,52.51553533
10,10200629,2018,8,10,6,2,5,2,0,0,1,0,1,0,0,0,13.58365541,52.51500942
4,4300517,2018,8,12,7,3,0,7,0,1,1,0,0,0,0,0,13.29820108,52.52425023
5,5100313,2018,8,11,4,3,2,6,0,1,0,0,0,0,1,0,13.20995054,52.55059862
6,6300631,2018,7,12,2,3,5,2,0,1,0,0,0,0,1,0,13.27673409,52.41298875
6,6400737,2018,8,10,6,3,5,3,0,1,1,0,0,0,0,0,13.21650194,52.43618918
8,8401140,2018,8,10,4,2,0,7,0,1,0,0,0,0,0,0,13.4600012,52.44088519
2,2100104,2018,8,9,6,2,6,7,0,0,0,1,0,0,1,0,13.40371402,52.5033838
3,3601141,2018,8,10,7,3,5,3,0,1,1,0,0,0,0,0,13.4143833,52.55360275
12,12200412,2018,7,12,2,3,4,6,0,1,0,0,0,0,0,0,13.29481066,52.57648386
8,8100104,2018,8,7,6,3,2,6,0,1,0,0,0,1,0,0,13.42963975,52.47029626
4,4400728,2018,8,9,4,1,3,2,0,1,0,0,0,1,0,0,13.2658174,52.48332355
4,4501153,2018,7,11,2,3,5,7,0,1,1,0,0,0,0,0,13.33310288,52.48748906
7,7601341,2018,8,13,3,3,2,6,0,0,1,0,0,0,0,0,13.37838541,52.40731658
6,6300528,2018,7,11,2,3,2,2,0,0,1,0,0,0,0,0,13.27897764,52.43086575
5,5300737,2018,8,13,6,3,0,1,0,0,0,0,1,0,0,0,13.24699961,52.54415424
3,3501038,2018,8,21,3,3,0,2,1,1,1,0,0,0,0,0,13.48010966,52.55327037
1,1100416,2018,8,8,6,2,3,6,0,1,0,0,0,0,1,0,13.40626422,52.53522579
5,5100104,2018,7,10,2,2,6,2,0,0,1,1,0,0,0,0,13.2086572,52.56159175
5,5100105,2018,8,8,7,3,5,3,0,0,1,0,0,0,0,0,13.19639841,52.55813076
12,12200310,2018,7,11,2,3,2,2,0,0,1,0,0,0,0,0,13.31506339,52.57657475
9,9200717,2018,8,20,6,3,6,4,0,0,1,1,0,0,0,0,13.54864215,52.43810901
10,10100210,2018,8,15,3,3,5,2,0,1,1,0,0,0,0,0,13.55572593,52.54834272
12,12400723,2018,8,6,6,3,1,5,0,0,1,0,0,0,0,0,13.30970649,52.62185665
1,1100309,2018,7,10,2,3,5,3,0,0,1,0,1,0,0,0,13.40277757,52.52346477
11,11300725,2018,8,5,6,3,0,1,1,1,1,0,0,0,0,0,13.49776579,52.51247522
2,2200208,2018,8,19,3,3,5,2,0,1,1,0,0,0,0,0,13.3879706,52.492986
9,9301228,2018,8,23,6,3,3,6,2,0,1,0,0,0,0,0,13.69453645,52.3715986
6,6300634,2018,7,9,2,3,0,2,0,0,0,0,0,0,1,0,13.3098472,52.43136502
7,7400721,2018,7,9,2,3,5,2,0,1,1,0,0,0,0,0,13.40032313,52.48370945
9,9501838,2018,8,13,6,1,5,3,0,0,1,0,0,0,1,0,13.71842617,52.43148517
1,1401045,2018,8,19,3,3,2,6,0,0,1,0,0,0,1,0,13.3790853,52.55290602
4,4501040,2018,8,20,5,3,3,6,0,1,0,0,0,0,0,0,13.30867586,52.50282939
7,7400823,2018,7,13,2,3,2,6,0,0,1,0,0,0,1,0,13.37640394,52.4593088
9,9501939,2018,8,19,3,3,5,2,0,1,1,0,0,0,0,0,13.56723183,52.45498015
8,8100419,2018,7,23,1,3,5,3,2,1,1,0,0,0,0,0,13.45385046,52.48244281
1,1100311,2018,8,6,5,3,6,4,0,1,0,1,0,0,0,0,13.42093003,52.52493674
1,1100310,2018,8,18,3,3,2,2,0,0,1,0,1,0,0,0,13.41022895,52.52872005
7,7601548,2018,8,16,5,2,2,6,0,1,0,0,0,0,0,0,13.41944244,52.38751243
1,1200520,2018,7,22,1,3,2,6,2,0,1,0,0,0,0,0,13.34310914,52.52649319
1,1400938,2018,8,9,7,3,2,6,0,0,1,0,0,0,0,0,13.33856328,52.54320265
3,3400831,2018,7,21,1,3,5,2,0,0,1,0,0,0,0,0,13.42887701,52.57205043
7,7300619,2018,8,19,5,3,0,2,0,1,1,0,0,0,0,0,13.34745521,52.47050569
1,1200626,2018,8,17,3,3,6,2,0,0,1,1,0,0,0,0,13.34953645,52.52446668
6,6300526,2018,8,13,5,3,1,5,0,1,0,0,0,0,1,0,13.25838985,52.43056899
3,3701555,2018,8,10,1,3,5,3,0,1,0,0,1,0,0,0,13.41336357,52.53815707
1,1100309,2018,7,20,1,3,5,2,0,1,1,0,0,0,0,0,13.40636298,52.52493984
9,9501736,2018,8,13,5,3,5,2,0,0,0,0,1,0,1,0,13.6074065,52.45299884
12,12500929,2018,8,18,3,2,5,7,0,0,1,0,1,0,0,0,13.34810627,52.61540961
4,4501041,2018,8,13,5,3,1,5,0,0,1,0,0,0,0,0,13.3195182,52.50214382
12,12500825,2018,8,18,3,3,0,1,0,0,0,0,1,0,0,0,13.30268976,52.58064317
4,4501042,2018,7,20,1,3,6,4,1,1,0,1,0,0,0,0,13.3312939,52.50343025
3,3500936,2018,8,10,7,3,5,3,0,0,1,0,0,0,0,0,13.45941138,52.54812277
2,2300314,2018,8,17,3,3,5,2,0,1,1,0,0,0,0,0,13.41995931,52.50221377
1,1400938,2018,7,20,1,3,2,7,0,0,1,0,1,0,0,0,13.34005485,52.54858435
6,6100102,2018,8,12,5,3,2,6,0,1,0,0,0,0,1,0,13.32402222,52.46023822
5,5300737,2018,8,17,3,3,5,2,0,0,1,0,1,0,0,0,13.23770933,52.54234667
2,2200210,2018,8,11,5,3,2,6,0,0,1,0,1,0,0,0,13.39411035,52.49148909
8,8100314,2018,7,19,1,3,2,6,0,0,1,0,0,0,0,0,13.42892382,52.48607899
1,1100205,2018,8,6,7,3,8,1,0,0,0,0,1,0,0,0,13.376824,52.51048828
8,8100312,2018,7,19,1,3,6,4,0,1,0,1,0,0,0,0,13.44076762,52.48653897
5,5300737,2018,8,17,3,3,3,6,0,0,1,0,1,0,0,0,13.24036556,52.54304059
12,12200310,2018,7,19,1,3,2,6,0,0,1,0,0,0,0,0,13.30561529,52.56811956
9,9501737,2018,8,11,5,2,2,2,0,0,1,0,0,0,0,0,13.63289004,52.45672678
8,8100521,2018,8,17,3,3,5,3,0,0,1,0,0,0,0,0,13.46934633,52.46058389
6,6100103,2018,8,10,5,3,2,6,0,0,1,0,0,0,0,0,13.31709023,52.46569434
1,1100313,2018,7,17,1,3,5,2,0,1,1,0,0,0,0,0,13.42218589,52.50545797
1,1300835,2018,7,16,1,3,2,6,0,1,1,0,0,0,0,0,13.39244492,52.54074362
9,9200512,2018,8,10,5,3,2,2,0,0,1,0,0,0,0,0,13.55424025,52.45571462
3,3500934,2018,8,17,3,3,5,3,0,0,1,0,0,0,0,0,13.44127297,52.54950447
9,9501939,2018,8,9,5,3,2,6,0,0,1,0,0,0,1,0,13.5603446,52.4562763
4,4100101,2018,8,16,3,3,2,6,0,0,1,0,0,0,0,0,13.29679212,52.54801237
8,8200623,2018,7,15,1,3,5,3,0,0,1,0,0,0,0,0,13.45231739,52.45255534
9,9401329,2018,8,16,3,3,1,5,0,1,1,0,0,0,0,0,13.59281296,52.4262313
3,3701659,2018,8,8,5,3,1,5,0,1,1,0,0,0,0,0,13.42355943,52.53197173
1,1200520,2018,8,16,3,3,2,6,0,0,1,0,0,0,1,0,13.33781132,52.52658286
1,1200517,2018,8,16,3,3,5,2,0,0,1,0,1,0,0,0,13.35011219,52.53602132
1,1100416,2018,7,14,1,3,6,2,0,0,1,1,0,0,0,0,13.40437245,52.53310964
1,1401045,2018,8,7,5,3,5,3,0,1,0,0,0,0,1,0,13.37404046,52.55661675
12,12100205,2018,8,16,3,2,0,7,0,0,1,0,0,0,0,0,13.3486522,52.58397311
2,2300316,2018,8,6,5,2,5,2,0,0,1,0,1,0,0,0,13.43188344,52.50565025
6,6100205,2018,7,13,1,3,1,5,0,0,1,0,0,0,1,0,13.34844841,52.44977688
4,4200207,2018,7,11,1,3,4,6,0,1,1,0,0,0,0,0,13.26399452,52.49556342
2,2100102,2018,8,22,5,3,4,6,2,0,1,0,1,0,0,0,13.3956047,52.49876121
8,8100314,2018,8,15,3,3,5,2,0,1,1,0,0,0,0,0,13.43367463,52.48208647
1,1100308,2018,7,11,1,3,1,5,0,1,1,0,0,0,0,0,13.37101975,52.53374312
8,8100103,2018,8,15,3,3,3,6,0,1,1,0,0,0,0,0,13.42786478,52.47392062
2,2500830,2018,8,15,3,3,1,5,0,1,1,0,0,0,0,0,13.46053048,52.51229582
4,4100101,2018,8,21,5,3,3,6,0,0,1,0,0,0,0,0,13.31058027,52.54762811
7,7601545,2018,8,15,3,3,5,3,0,0,1,0,0,0,0,0,13.41250318,52.39429665
4,4501042,2018,7,4,1,3,5,2,2,0,1,0,0,0,0,1,13.33942494,52.50312928
1,1100206,2018,8,14,3,3,5,2,0,0,1,0,1,0,0,0,13.38901705,52.51562663
4,4300619,2018,7,9,1,3,0,7,0,0,1,1,0,0,0,0,13.30287544,52.51905333
9,9401635,2018,8,20,5,3,5,2,0,1,1,0,0,0,0,0,13.66642192,52.40978993
1,1400938,2018,8,13,3,2,2,6,0,0,1,0,0,0,1,0,13.33415033,52.54105371
9,9502043,2018,7,18,7,3,5,2,0,0,1,0,1,0,0,0,13.57828272,52.4611169
2,2500833,2018,8,13,3,3,0,1,0,1,0,0,0,0,0,0,13.45679571,52.50976134
9,9501939,2018,7,16,7,3,6,4,0,0,1,1,0,0,0,0,13.57678014,52.45531756
5,5300841,2018,8,16,5,3,4,6,0,1,0,0,0,0,1,0,13.26962466,52.538083
6,6400838,2018,8,13,3,3,6,4,0,0,1,1,0,0,0,0,13.24018758,52.44291136
2,2500831,2018,8,18,5,3,1,5,0,1,1,0,1,0,0,0,13.46971897,52.51206107
7,7100102,2018,7,15,7,3,6,6,0,1,0,1,0,0,0,0,13.34745753,52.50200405
11,11401032,2018,8,16,5,3,2,6,0,0,1,0,0,0,0,0,13.51919948,52.51325428
2,2100104,2018,8,13,3,3,0,6,0,0,1,0,0,0,1,0,13.40993107,52.50388104
7,7601238,2018,7,15,7,3,0,3,0,1,0,0,1,0,0,0,13.3923549,52.41502017
1,1100104,2018,8,13,3,3,5,2,0,1,1,0,0,0,0,0,13.36556069,52.50311828
1,1100206,2018,7,15,7,3,6,4,0,0,1,1,0,0,0,0,13.38908223,52.51542981
9,9100407,2018,8,16,5,3,1,5,0,1,0,0,0,0,1,0,13.50946854,52.45321378
8,8200726,2018,8,12,3,2,5,2,0,0,1,0,0,0,0,0,13.43620845,52.44890016
9,9501939,2018,8,15,5,3,5,2,0,0,1,0,1,0,0,0,13.5580962,52.45568943
1,1401043,2018,7,17,7,2,5,2,0,0,1,0,1,0,0,0,13.35998264,52.54682899
8,8100520,2018,7,13,7,2,5,2,0,0,1,0,1,0,0,0,13.46470337,52.47020069
2,2300417,2018,8,15,5,3,5,7,0,1,1,0,0,1,0,0,13.42879529,52.49846721
5,5100104,2018,8,11,3,3,2,6,0,0,1,0,0,0,0,0,13.22211098,52.55974687
6,6200314,2018,7,10,7,3,6,4,0,1,0,1,0,0,0,0,13.3365383,52.43012163
9,9502043,2018,8,14,5,3,2,7,0,1,1,0,0,0,0,0,13.56960303,52.47064436
2,2300316,2018,8,11,3,3,5,3,0,0,1,0,1,0,0,0,13.43142059,52.50290252
9,9501939,2018,7,10,7,3,5,3,0,1,0,0,0,0,1,0,13.56259612,52.45636633
6,6400737,2018,7,9,7,3,5,2,0,0,1,0,1,0,0,0,13.19317945,52.43380146
10,10200422,2018,8,14,5,3,6,4,0,0,1,1,0,0,0,0,13.60750861,52.54331785
5,5200527,2018,8,10,3,3,1,5,0,0,1,0,0,0,1,0,13.17666157,52.52492444
1,1100310,2018,8,14,5,3,0,1,0,1,0,0,0,0,0,0,13.41556963,52.52724868
6,6100209,2018,7,7,7,3,6,4,0,1,0,1,0,0,0,0,13.33587505,52.46362643
7,7601443,2018,8,14,5,3,5,3,0,1,1,0,0,0,0,0,13.41081287,52.39705548
5,5200629,2018,8,9,3,3,2,6,0,0,1,0,0,0,0,0,13.1970531,52.53326369
5,5200634,2018,8,13,5,3,2,6,0,0,1,0,0,1,0,0,13.20127985,52.51216331
2,2300316,2018,7,17,7,3,6,4,0,1,0,1,0,0,0,0,13.43795263,52.50035265
2,2400521,2018,8,9,3,3,5,2,0,1,1,0,0,0,0,0,13.42946107,52.52120033
11,11400927,2018,7,1,7,3,5,2,2,1,1,0,0,0,0,0,13.47535084,52.50192225
2,2400623,2018,8,13,5,3,6,4,0,0,0,1,1,0,0,0,13.43811651,52.5117589
8,8200726,2018,8,8,3,2,0,6,0,0,1,0,0,0,1,0,13.44983834,52.44555393
2,2100105,2018,8,13,5,3,0,7,0,1,0,0,0,0,0,0,13.40681626,52.4989981
10,10100311,2018,7,1,7,2,0,1,2,0,0,0,1,0,0,0,13.51718436,52.53538883
2,2300314,2018,8,9,5,2,6,4,0,0,0,1,1,0,0,0,13.41934267,52.50134606
4,4501043,2018,8,0,6,2,5,3,2,0,1,0,0,0,0,0,13.31869912,52.49809746
6,6200315,2018,8,15,5,3,5,2,0,1,1,0,0,0,0,0,13.34654776,52.43070766
3,3400828,2018,8,15,5,2,5,3,0,1,1,0,0,0,0,0,13.42761446,52.56047155
10,10200421,2018,8,17,1,3,3,6,0,0,1,0,0,0,0,0,13.60425849,52.53867751
1,1100207,2018,8,8,5,3,2,2,0,1,1,0,0,0,0,0,13.4024244,52.51189316
3,3601245,2018,8,14,5,3,5,2,0,1,1,0,0,0,0,0,13.4391176,52.5473305
10,10400938,2018,8,15,6,3,2,6,0,0,1,0,0,0,0,0,13.62122557,52.52421897
3,3601451,2018,8,8,5,3,1,5,0,1,1,0,0,0,0,0,13.44253096,52.53375561
1,1200522,2018,8,19,1,3,5,2,0,1,1,0,0,0,0,0,13.32978749,52.52277817
7,7501029,2018,8,8,5,3,6,2,0,0,1,1,0,0,0,0,13.37905594,52.44818741
7,7501133,2018,8,15,7,3,1,5,0,1,1,0,0,0,0,0,13.38345118,52.43100906
1,1100311,2018,8,8,5,3,5,2,0,1,1,0,0,0,0,0,13.42563889,52.52330622
9,9200613,2018,8,7,5,3,5,2,0,1,1,0,0,0,0,0,13.53348271,52.45204965
2,2500833,2018,8,21,6,3,4,6,2,0,1,0,1,0,0,0,13.45225463,52.51064695
8,8100415,2018,8,19,7,3,2,6,1,1,1,0,0,0,0,0,13.44307415,52.48015852
3,3500934,2018,8,7,5,3,5,2,0,1,0,0,0,0,1,0,13.4292477,52.55638259
3,3701554,2018,8,19,6,3,6,4,0,0,0,1,0,0,1,0,13.41143282,52.54021544
7,7100102,2018,8,6,5,2,5,3,0,1,0,0,0,0,0,0,13.35534811,52.49463503
4,4501152,2018,8,12,6,3,5,3,0,0,1,0,1,0,0,0,13.33142088,52.49316081
5,5300736,2018,8,6,5,2,1,5,0,0,0,0,1,0,1,0,13.23149793,52.54542102
9,9501939,2018,8,0,5,3,2,6,2,0,1,0,0,0,0,0,13.5723421,52.45073031
11,11400931,2018,8,11,2,2,5,3,0,0,1,0,0,0,1,0,13.51964841,52.50587541
3,3200207,2018,8,15,5,3,2,6,0,0,1,0,0,0,0,0,13.43142521,52.59297394
1,1400938,2018,8,15,5,3,3,6,0,0,0,0,1,0,1,0,13.33445044,52.54144102
9,9501939,2018,8,14,7,3,0,6,0,0,1,0,0,0,1,0,13.56368893,52.45636565
7,7501134,2018,8,15,5,3,2,6,0,0,1,0,0,0,0,0,13.40066439,52.43983514
4,4200311,2018,8,6,6,3,5,2,0,1,1,0,0,0,0,0,13.27825053,52.50684154
12,12100103,2018,8,15,5,3,5,2,0,1,1,0,0,0,0,0,13.37336643,52.57476949
2,2500727,2018,8,8,6,3,5,2,0,0,1,0,1,0,0,0,13.46109364,52.51708627
12,12200309,2018,8,14,5,3,5,2,0,1,1,0,0,0,0,0,13.32585489,52.56464613
7,7501133,2018,8,13,5,3,5,3,0,0,1,0,0,0,0,0,13.38217747,52.43602213
9,9301228,2018,8,11,1,3,4,6,0,1,0,0,0,0,0,0,13.65758518,52.37418145
6,6200316,2018,8,13,5,3,0,2,0,0,1,1,0,0,0,0,13.35505454,52.42763305
9,9501941,2018,8,13,5,3,2,6,0,0,1,0,0,0,0,0,13.57773517,52.45261057
12,12500824,2018,8,21,7,3,9,1,2,0,1,0,0,0,0,0,13.29772816,52.59117421
5,5200633,2018,8,12,5,3,5,2,0,0,1,0,0,0,0,0,13.18734662,52.52018357
11,11400931,2018,8,14,6,3,5,2,0,1,1,0,0,0,0,0,13.51988425,52.50583557
3,3601245,2018,8,12,5,3,2,6,0,1,1,0,0,0,0,0,13.43405005,52.54592377
8,8401244,2018,8,12,5,3,2,6,0,0,1,0,0,0,0,0,13.49611556,52.41554715
3,3500934,2018,8,21,1,2,9,1,2,0,1,0,1,0,0,0,13.42910478,52.55633401
6,6300634,2018,8,12,5,3,5,7,0,0,1,0,0,0,0,0,13.2973928,52.44233053
5,5400942,2018,8,19,5,3,5,2,0,0,1,0,0,0,0,0,13.18030698,52.4901495