BEZ,LOR_ab_2021,UJAHR,UMONAT,USTUNDE,UWOCHENTAG,UKATEGORIE,UART,UTYP1,ULICHTVERH,IstRad,IstPKW,IstFuss,IstKrad,IstGkfz,IstSonstige,USTRZUSTAND,XGCSWGS84,YGCSWGS84
6,6100205,2018,8,19,5,3,5,2,0,0,1,0,0,0,1,0,13.34280429,52.4504638
2,2200210,2018,8,17,1,3,5,2,0,1,1,0,0,0,0,0,13.39780401,52.49538763
4,4200206,2018,8,17,5,3,5,3,0,0,1,0,0,0,0,0,13.21826371,52.50880824
7,7601341,2018,8,16,5,3,5,2,0,0,1,0,0,0,0,0,13.37629494,52.40915166
2,2100101,2018,8,2,7,3,5,3,2,1,1,0,0,0,0,0,13.38536334,52.49904008
8,8200832,2018,8,19,6,2,5,2,0,0,1,0,1,0,0,0,13.43662478,52.42363962
4,4200308,2018,8,12,4,3,2,6,0,0,1,0,0,0,0,0,13.28264629,52.51847135
4,4501043,2018,8,16,6,3,2,7,0,1,1,0,0,0,0,0,13.30790891,52.49761008
1,1100103,2018,8,12,4,3,2,7,0,0,1,0,1,0,0,0,13.3605975,52.50035576
3,3601141,2018,8,11,4,3,0,3,0,1,0,0,0,0,1,0,13.4138646,52.5521209
1,1100309,2018,8,20,6,3,6,4,1,1,0,1,0,0,0,0,13.40312749,52.5274296
2,2100106,2018,8,20,7,3,2,6,1,0,1,0,1,0,0,0,13.41753771,52.49885267
4,4300412,2018,8,11,4,3,6,4,0,0,1,1,0,0,0,0,13.2997971,52.52127156
12,12200310,2018,8,18,6,3,5,3,0,0,1,0,0,0,0,0,13.31134613,52.56979198
12,12400720,2018,8,11,4,3,6,2,0,0,1,1,0,0,0,0,13.2873553,52.63225129
8,8401241,2018,8,13,6,3,5,3,0,0,1,0,0,0,0,0,13.48359148,52.43122633
4,4400729,2018,8,10,4,3,0,6,0,0,1,0,1,0,0,0,13.28014112,52.47634698
4,4300619,2018,8,21,6,3,2,2,2,0,1,0,0,0,0,0,13.3104449,52.5161057
12,12200414,2018,8,10,4,3,2,2,0,0,1,0,0,0,0,0,13.29548416,52.55018895
4,4300624,2018,8,14,6,3,6,4,0,0,1,1,0,0,0,0,13.32153682,52.50579362
2,2500836,2018,8,9,4,3,5,2,0,1,1,0,0,0,0,0,13.46840039,52.49966275
9,9200715,2018,8,18,1,2,2,6,0,0,1,0,1,0,0,0,13.5507132,52.4290574
2,2400623,2018,8,8,4,3,5,7,0,0,1,0,0,0,0,0,13.43620219,52.50964122
5,5300735,2018,8,19,6,3,5,3,0,1,1,0,0,0,0,0,13.22599047,52.55444149
4,4300624,2018,8,18,7,3,5,3,0,0,1,0,0,0,0,0,13.32506522,52.50867827
7,7501134,2018,8,20,4,3,5,2,0,0,1,0,1,0,0,0,13.400549,52.43984487
1,1100415,2018,8,19,4,3,2,6,0,1,0,0,0,0,0,0,13.3985496,52.53255355
6,6300634,2018,8,10,6,3,0,1,0,0,0,0,1,0,0,0,13.29779545,52.44196723
7,7400823,2018,8,18,4,2,5,2,0,0,1,0,1,0,0,0,13.3779222,52.46863147
2,2200211,2018,8,17,4,3,0,2,0,1,1,0,0,0,0,0,13.39361605,52.48913565
12,12500930,2018,8,16,1,3,2,6,0,0,1,0,0,0,1,0,13.32368902,52.58725847
1,1100416,2018,8,11,4,2,0,1,0,1,0,0,0,0,0,0,13.40234885,52.53105617
4,4100101,2018,8,12,4,3,5,3,0,0,1,0,0,0,0,0,13.31103331,52.54767249
11,11300722,2018,8,17,1,3,2,6,0,0,1,0,0,0,0,0,13.4807741,52.51621244
12,12200309,2018,8,14,7,3,0,5,0,0,1,0,0,0,1,0,13.32977815,52.56313381
9,9501838,2018,8,17,4,2,0,1,0,1,0,0,0,0,0,0,13.66405565,52.44925761
3,3300516,2018,8,7,6,3,5,3,0,1,0,0,0,0,0,0,13.43299382,52.56052919
3,3500934,2018,8,17,4,3,1,5,0,1,0,0,0,0,1,0,13.44348813,52.55290063
1,1200628,2018,8,12,4,2,0,1,0,1,0,0,0,0,0,0,13.366797,52.5255404
3,3200309,2018,8,14,1,3,2,6,0,0,1,0,0,0,0,0,13.4332805,52.60645284
9,9200715,2018,8,17,4,3,5,2,0,1,1,0,0,0,0,0,13.53950844,52.43465756
5,5200630,2018,8,15,6,3,6,4,0,0,0,1,0,0,1,0,13.19401831,52.52550117
9,9200613,2018,8,17,1,3,1,5,0,1,1,0,0,0,0,0,13.5106156,52.45709938
12,12500825,2018,8,16,4,3,5,2,0,1,1,0,0,0,0,0,13.3028736,52.58073176
3,3601348,2018,8,11,7,3,1,5,0,1,1,0,0,0,0,0,13.4218396,52.53988512
1,1100415,2018,8,16,4,3,0,1,0,1,0,0,0,0,0,0,13.39388721,52.53218606
6,6100209,2018,8,12,6,2,5,2,0,1,1,0,0,0,0,0,13.33507224,52.46427577
9,9502043,2018,8,16,4,3,2,6,0,0,1,0,0,0,0,0,13.58328791,52.4628398
2,2300418,2018,8,13,7,3,0,2,0,1,1,0,0,0,0,0,13.43888894,52.49495934
11,11501238,2018,8,16,4,3,3,6,0,1,0,0,0,0,0,0,13.49289245,52.49116698
11,11100309,2018,8,16,6,3,5,3,0,0,1,0,0,0,0,0,13.50972766,52.56185879
9,9502043,2018,8,16,4,2,0,6,0,0,1,0,0,0,1,0,13.58197637,52.4610214
9,9501737,2018,8,15,4,3,5,2,0,1,1,0,0,0,0,0,13.62842697,52.44668813
3,3601142,2018,8,19,1,3,5,2,0,1,1,0,0,0,0,0,13.41194525,52.54104238
12,12601134,2018,8,15,4,3,2,2,0,0,0,0,1,0,1,0,13.36355598,52.6068355
9,9301228,2018,8,8,5,3,5,3,0,1,0,0,0,0,1,0,13.61422757,52.37648535
2,2300419,2018,8,15,4,3,2,6,0,1,0,0,1,0,0,0,13.44482724,52.49860861
7,7200307,2018,8,13,6,3,5,7,0,0,1,0,1,0,0,0,13.34582158,52.49398517
1,1400942,2018,8,18,6,2,5,3,0,1,0,0,0,0,0,0,13.34807695,52.54860467
8,8100520,2018,8,15,4,2,6,4,0,0,0,1,1,0,0,0,13.46613093,52.47113031
3,3501038,2018,8,15,4,3,5,3,0,1,0,0,0,0,0,0,13.47809221,52.55806678
1,1300733,2018,8,20,5,3,2,6,0,0,1,0,0,0,0,0,13.38581001,52.55003142
4,4500936,2018,8,15,4,3,5,2,0,1,1,0,0,0,0,0,13.30384014,52.49936485
6,6400737,2018,8,14,4,3,2,7,0,0,1,0,0,0,0,0,13.22030273,52.43173819
3,3601453,2018,8,14,4,2,0,1,0,1,0,0,0,0,0,0,13.46095309,52.52411994
4,4100101,2018,8,21,1,3,2,6,2,0,1,0,0,0,0,0,13.29637802,52.548548
4,4501041,2018,8,14,4,3,1,5,0,1,1,0,0,0,0,0,13.31644503,52.50122647
12,12500929,2018,8,20,5,2,4,6,2,0,1,0,1,0,0,0,13.36456621,52.61891333
8,8401242,2018,8,14,4,3,5,3,0,0,1,0,1,0,0,0,13.48979229,52.42005688
4,4100101,2018,8,14,6,3,5,7,0,0,1,0,1,0,0,0,13.30300103,52.547884
3,3400618,2018,8,13,4,3,5,2,0,0,1,0,0,0,1,0,13.38249863,52.59332041
8,8200832,2018,8,21,1,3,1,5,2,0,0,0,1,0,0,0,13.43812926,52.42061072
4,4300623,2018,8,23,5,3,2,3,2,0,1,0,0,0,0,0,13.31375647,52.50623039
2,2300417,2018,8,12,4,3,6,4,0,1,0,1,0,0,0,0,13.42762172,52.49897515
10,10400835,2018,8,15,7,3,5,3,0,1,1,0,0,0,0,0,13.59912897,52.52831474
2,2200211,2018,8,21,5,3,9,1,2,0,1,0,0,0,0,0,13.39442614,52.48856933
12,12500926,2018,8,15,3,3,5,2,0,0,1,0,0,0,0,0,13.33298849,52.59545884
3,3601142,2018,8,9,6,3,2,6,0,0,1,0,1,0,0,0,13.41341186,52.54766098
5,5200631,2018,8,20,7,2,5,7,2,1,1,0,0,0,0,0,13.19737619,52.51599023
2,2300314,2018,8,11,3,3,6,7,0,1,0,1,0,0,0,0,13.41781214,52.50169258
3,3601141,2018,8,22,3,3,5,2,2,1,1,0,0,0,0,0,13.41470391,52.55357195
5,5300737,2018,8,12,6,3,3,6,0,0,1,0,1,0,0,0,13.23318566,52.53953819
7,7300619,2018,8,20,3,3,6,4,2,0,1,1,0,0,0,0,13.34426674,52.46748091
9,9200717,2018,8,18,3,3,0,3,0,0,1,0,1,0,0,1,13.55393616,52.43156753
11,11400927,2018,8,10,2,3,5,2,0,1,0,0,0,0,1,0,13.47553288,52.50245109
10,10400835,2018,8,18,3,3,0,7,0,1,0,0,0,0,0,0,13.60586431,52.51829543
7,7501031,2018,8,16,5,3,5,2,0,1,0,0,0,0,1,0,13.4001285,52.44505261
11,11400929,2018,8,17,3,3,5,3,0,0,1,0,0,0,0,0,13.49636849,52.50345783
1,1200517,2018,8,14,7,3,0,1,0,0,0,0,1,0,0,0,13.33404128,52.54099657
2,2400521,2018,8,17,3,3,5,2,0,1,1,0,0,0,0,0,13.44061141,52.51702323
4,4100101,2018,8,7,6,3,5,2,0,0,1,0,0,0,1,0,13.32623697,52.53803843
1,1100308,2018,8,17,3,3,5,5,0,1,1,0,0,0,0,0,13.37743692,52.53180368
11,11400931,2018,8,15,3,3,5,2,0,1,1,0,0,0,0,0,13.51986207,52.50592248
4,4200203,2018,8,16,1,3,6,7,0,0,1,1,0,0,0,0,13.23056381,52.51119982
2,2300314,2018,8,15,3,3,5,3,0,0,1,0,0,0,0,0,13.4175065,52.50411775
7,7100101,2018,8,15,3,3,5,3,0,1,0,0,1,0,0,0,13.34248115,52.50215982
6,6400735,2018,8,11,1,3,2,7,0,1,0,0,0,0,1,0,13.17951622,52.42185051
7,7400721,2018,8,15,3,3,6,7,0,0,1,1,0,0,0,0,13.38038863,52.47483894
12,12200412,2018,8,10,5,3,2,6,0,0,1,0,0,0,0,0,13.30429745,52.57775898
7,7601442,2018,8,15,3,3,5,2,0,1,0,0,0,0,1,0,13.40090237,52.41453059
1,1200624,2018,8,21,7,3,2,6,2,0,1,0,0,0,0,0,13.36033519,52.53732393
4,4501042,2018,8,13,3,3,6,2,0,0,1,1,0,0,0,0,13.33063704,52.50054074
12,12100101,2018,8,16,6,2,6,4,0,0,1,1,0,0,0,0,13.37095884,52.56409524
1,1100207,2018,8,12,3,3,6,4,0,1,0,1,0,0,0,0,13.39168641,52.51149006
4,4100101,2018,8,20,3,3,5,5,1,0,1,0,0,0,0,0,13.32690518,52.54045014
12,12100205,2018,8,11,1,2,2,6,0,0,1,0,1,0,0,0,13.335142,52.56501689
8,8200833,2018,8,21,3,3,2,6,2,0,0,0,1,0,0,0,13.44027996,52.41956326
3,3601140,2018,8,16,5,3,5,2,0,1,1,0,0,0,0,0,13.40622447,52.55408782
1,1200519,2018,8,16,3,3,0,2,0,0,0,1,1,0,0,0,13.33034981,52.52727571
2,2400625,2018,8,7,6,3,5,2,0,1,1,0,0,0,0,0,13.44080638,52.51344111
3,3200205,2018,8,15,3,2,5,2,0,1,1,0,0,0,0,0,13.38970285,52.58608621
4,4501042,2018,8,11,5,3,0,7,0,0,0,0,1,0,0,0,13.33304252,52.50517215
10,10400837,2018,8,16,3,2,5,3,0,0,1,0,1,0,0,0,13.58829057,52.50259679
3,3400831,2018,8,9,7,3,5,2,0,0,1,0,0,0,0,0,13.42880291,52.57205821
3,3400831,2018,8,14,3,2,5,3,0,0,1,0,1,0,0,0,13.42507183,52.57141939
12,12200310,2018,8,19,6,3,1,5,1,1,1,0,0,0,1,0,13.31216007,52.5722206
1,1200625,2018,8,14,3,3,1,5,0,1,0,0,0,0,1,0,13.35089643,52.52631865
8,8100206,2018,8,17,5,3,1,5,0,1,1,0,0,0,0,0,13.4291444,52.48203833
9,9200512,2018,8,14,3,3,5,3,0,0,1,0,0,0,0,0,13.53667269,52.4598744
11,11300620,2018,8,18,1,3,5,3,0,0,1,0,0,0,0,0,13.48542099,52.52667778
8,8100102,2018,8,10,3,3,0,6,0,0,1,0,1,0,0,0,13.42431813,52.48062907
1,7100102,2018,8,18,5,2,0,7,0,0,0,0,1,0,1,1,13.34986818,52.50279053
7,7100103,2018,8,22,6,3,5,3,2,0,1,0,0,0,0,0,13.35716974,52.49896011
12,12200307,2018,8,10,3,3,1,5,0,1,1,0,0,0,0,0,13.33076801,52.57192093
1,1100416,2018,8,15,6,3,6,4,0,1,0,1,0,0,0,0,13.4020534,52.53070978
8,8401243,2018,8,9,3,3,5,2,0,0,1,0,0,0,0,0,13.49035898,52.42794268
6,6100103,2018,8,8,3,3,5,3,0,1,1,0,0,0,0,0,13.32528966,52.46172975
6,6300527,2018,8,18,5,3,2,2,0,0,1,0,0,0,0,0,13.27963255,52.43240199
6,6200312,2018,8,8,3,3,2,6,0,1,0,0,0,0,0,0,13.33110403,52.44414499
9,9501939,2018,8,7,3,3,3,6,0,1,1,0,0,0,0,0,13.56962973,52.45286108
2,2200209,2018,8,17,5,3,5,2,0,1,1,0,0,0,0,0,13.38628153,52.49007686
12,12100101,2018,8,7,3,3,5,3,0,1,1,0,0,0,0,0,13.36578487,52.56300165
9,9100304,2018,8,16,7,2,5,2,0,0,1,0,0,0,1,0,13.48132021,52.46084891
5,5100315,2018,8,10,3,2,5,2,0,0,1,0,1,0,0,0,13.19853527,52.5428808
5,5100317,2018,8,18,5,3,5,2,0,1,0,0,0,0,0,0,13.24125668,52.52610789
5,5300840,2018,8,5,3,2,5,7,1,1,1,0,0,0,0,0,13.25332537,52.53773672
10,10100311,2018,8,10,6,3,5,2,0,1,1,0,0,0,0,0,13.51984447,52.52584359
8,8100208,2018,8,22,6,3,2,6,2,0,1,0,0,0,0,0,13.44168985,52.46949284
5,5300736,2018,8,8,3,3,2,6,0,0,1,0,0,0,0,0,13.2185359,52.53737979
4,4501153,2018,8,11,3,2,5,2,0,1,1,0,0,0,0,0,13.32893957,52.48012271
12,12200515,2018,8,10,2,3,5,3,0,1,0,0,1,0,0,0,13.28107741,52.59370507
1,1100104,2018,8,18,3,3,5,2,0,1,1,0,0,0,0,0,13.3658115,52.50306538
9,9200818,2018,8,18,5,3,6,7,0,0,0,1,0,0,1,0,13.570488,52.44796517
1,1200626,2018,8,8,2,3,6,4,0,1,0,1,0,0,0,0,13.3510348,52.5242785
11,11501340,2018,8,10,7,2,5,7,0,1,1,0,0,0,0,0,13.52719068,52.48189207
11,11300620,2018,8,18,5,2,2,6,0,0,1,0,0,0,0,0,13.47810478,52.53324495
8,8100105,2018,8,13,2,3,2,6,0,0,1,0,0,0,1,0,13.4241702,52.46550958
5,5400943,2018,8,15,7,2,5,2,0,1,0,0,0,0,1,0,13.1381309,52.45826068
1,1100311,2018,8,19,5,3,5,2,0,1,1,0,0,0,0,0,13.41633717,52.51998467
1,1100310,2018,8,11,2,3,5,2,0,1,1,0,0,0,0,0,13.40975114,52.52401694
3,3701555,2018,8,8,6,3,5,3,0,1,1,0,0,0,0,0,13.4199448,52.53820016
8,8100310,2018,8,22,2,3,5,3,2,1,0,0,0,0,0,0,13.43034186,52.49272975
12,12500928,2018,8,21,2,3,2,2,2,0,1,0,0,0,0,0,13.30931162,52.60348204
1,1300834,2018,8,12,1,3,5,2,0,1,1,0,0,0,0,0,13.39886278,52.53906472
1,1100207,2018,8,21,2,3,5,2,2,0,1,0,1,0,0,0,13.38989087,52.51038503
6,6200422,2018,8,17,5,3,5,7,0,0,1,0,0,0,0,0,13.32897695,52.42446053
1,1100309,2018,8,19,2,3,5,2,0,1,1,0,0,0,0,0,13.39575754,52.529008
7,7501031,2018,8,11,7,3,5,2,0,0,1,0,1,0,0,0,13.39867762,52.44349768
4,4200206,2018,8,8,2,3,0,6,0,0,1,0,1,0,0,0,13.21446595,52.50878168
12,12200515,2018,8,12,6,2,5,3,0,0,1,0,1,0,0,0,13.2812636,52.58539653
1,1100206,2018,8,17,2,3,5,2,0,1,0,0,0,0,0,0,13.39097107,52.5148737
1,1100309,2018,8,17,2,3,2,6,0,0,1,0,1,0,0,1,13.39915581,52.52952556
2,2300417,2018,8,5,6,3,5,3,0,0,1,0,0,0,0,0,13.42958038,52.49813222
12,12200309,2018,8,17,2,3,0,2,0,1,1,0,0,0,0,0,13.32196604,52.56549984
1,1400937,2018,8,16,2,3,3,6,0,0,0,0,1,0,1,0,13.33495795,52.55632706
7,7601238,2018,8,17,1,3,5,2,0,0,1,0,0,0,0,0,13.39231085,52.41485874
8,8100206,2018,8,16,2,3,2,6,0,1,1,0,0,0,0,0,13.42411256,52.48614532
10,10100314,2018,8,16,5,3,0,2,0,0,1,0,0,0,1,0,13.55223822,52.53400925
2,2400623,2018,8,15,2,3,4,6,0,1,0,0,0,0,0,0,13.43182675,52.50951896
11,11300722,2018,8,15,7,3,3,6,0,0,1,0,1,0,0,0,13.4799803,52.51821919
1,1300733,2018,8,17,6,3,2,2,0,0,1,0,0,0,1,0,13.39232709,52.55528641
5,5100208,2018,8,15,2,3,6,4,0,0,1,1,0,0,0,0,13.16498726,52.5511752
2,2100103,2018,8,15,2,3,0,6,0,0,1,0,1,0,0,0,13.39807508,52.49825556
8,8200730,2018,8,10,5,3,5,2,0,1,0,0,0,1,0,0,13.4349063,52.44030117
3,3400828,2018,8,15,2,3,5,3,0,1,1,0,0,0,0,0,13.42744211,52.56055615
9,9200715,2018,8,17,7,3,5,3,0,0,1,0,0,0,0,0,13.54123843,52.43536307
9,9200510,2018,8,14,2,3,2,6,0,0,1,0,1,0,0,0,13.50884679,52.47386516
8,8100104,2018,8,10,5,3,3,6,0,0,0,0,1,1,0,0,13.43053078,52.46883961
7,7100205,2018,8,14,2,3,5,7,0,1,1,0,0,0,0,0,13.36712711,52.49331798
11,11400927,2018,8,13,2,3,5,3,0,0,0,0,1,0,1,0,13.4785932,52.50286448
10,10100315,2018,8,5,1,2,8,1,1,0,1,0,0,0,0,0,13.56517888,52.5445609
9,9200715,2018,8,16,2,2,5,2,0,1,1,0,0,0,0,0,13.54855661,52.42761049
7,7400823,2018,8,16,2,2,5,3,0,0,1,0,0,0,0,0,13.37266183,52.46031236
3,3400618,2018,8,14,6,3,5,3,0,1,1,0,0,0,0,0,13.36963001,52.59751136
3,3500934,2018,8,12,2,2,6,4,0,1,0,1,0,0,0,0,13.43876155,52.55536085
1,1300836,2018,8,20,1,3,5,2,1,1,1,0,0,0,0,0,13.37645329,52.5431177
7,7501029,2018,8,13,2,2,1,5,0,0,1,0,0,0,1,0,13.38013656,52.4414487
2,2200209,2018,8,15,7,3,5,2,0,1,1,0,0,0,0,0,13.37683959,52.48942722
6,6100209,2018,8,13,2,2,0,6,0,0,1,0,1,0,0,0,13.332572,52.45849528
8,8200725,2018,8,16,2,3,6,7,0,1,1,1,1,0,0,0,13.41827058,52.44467732
9,9100203,2018,8,9,6,3,2,6,0,0,1,0,0,0,0,0,13.48079597,52.48307049
7,7200409,2018,8,21,2,3,0,1,2,0,0,0,1,0,0,0,13.35006082,52.48948302
10,10100316,2018,8,12,6,3,2,6,0,0,1,0,0,0,0,0,13.58363141,52.54916319
12,12200412,2018,8,17,2,3,2,6,0,0,1,0,0,0,0,0,13.26142522,52.57366427
11,11100204,2018,8,16,2,3,0,7,0,0,0,1,0,0,1,0,13.51375371,52.56639041
1,1401043,2018,8,10,2,3,2,7,0,0,1,0,0,0,0,0,13.36798939,52.54619237
4,4100101,2018,8,12,2,3,2,6,0,0,1,0,0,0,0,0,13.32612249,52.53831612
6,6400839,2018,8,12,2,2,1,5,0,0,1,0,1,0,0,0,13.25612567,52.43885882
4,4300518,2018,8,14,7,3,6,4,0,0,1,1,0,0,0,0,13.30590561,52.52343751
9,9100101,2018,8,11,2,2,6,4,0,0,1,1,0,0,0,0,13.45321964,52.48947262
4,4501045,2018,8,7,6,3,2,6,0,0,1,0,1,0,0,0,13.33021036,52.49505973
11,11400931,2018,8,11,2,3,0,1,0,0,0,0,1,0,0,0,13.51653543,52.50557723
4,4500936,2018,8,10,2,2,5,3,0,0,1,0,0,0,0,0,13.29665019,52.50139863
4,4501042,2018,8,16,1,3,2,6,0,0,1,0,1,0,0,0,13.33399203,52.50744942
1,1200624,2018,8,10,2,3,5,7,0,0,1,0,1,0,0,0,13.35819352,52.53632482
7,7601442,2018,8,16,1,3,5,2,0,1,1,0,0,0,0,0,13.40625692,52.39848607
9,9100306,2018,8,9,2,3,1,5,0,1,1,0,0,0,0,0,13.47835545,52.44630748
2,8100101,2018,8,10,7,2,5,3,0,1,1,0,0,0,0,0,13.42317493,52.48649252
7,7200308,2018,8,10,2,2,5,3,0,1,1,0,0,0,0,0,13.34409287,52.47832779
1,1100416,2018,8,10,1,3,1,5,0,1,1,0,0,0,0,0,13.39940676,52.53272994
1,1200628,2018,8,10,2,3,1,5,0,1,1,0,0,0,1,0,13.36837574,52.5258121
8,8200832,2018,8,9,2,3,1,5,0,1,1,0,0,0,0,0,13.42098225,52.41415156
4,4300416,2018,8,13,7,3,5,2,0,0,1,0,0,0,0,0,13.29508055,52.50684921
7,7100103,2018,8,8,2,3,0,1,0,0,0,0,1,0,0,0,13.35730242,52.49893255
6,6100209,2018,8,15,6,3,2,6,0,0,1,0,0,0,0,0,13.32999812,52.46209633
2,2200211,2018,8,1,1,2,0,1,2,1,0,0,0,0,0,0,13.38878816,52.48982124
1,1100104,2018,8,5,1,3,5,2,2,0,1,0,0,0,0,0,13.36569837,52.50309176
7,7601442,2018,8,13,1,2,5,3,0,0,1,0,1,0,0,0,13.39275282,52.41263894
3,3300515,2018,8,16,1,3,5,3,0,0,1,0,0,0,0,0,13.44524522,52.58161381
1,1100308,2018,8,13,6,3,1,5,0,1,1,0,0,0,0,0,13.3790361,52.52597873
1,1100415,2018,8,15,6,3,1,5,0,0,1,0,1,0,0,0,13.40077214,52.5303032
3,3601244,2018,8,19,1,3,5,3,0,1,1,0,0,0,0,0,13.42882346,52.55135035
5,5200629,2018,8,19,4,2,5,3,0,1,1,0,0,0,0,0,13.1938158,52.53368709
4,4500939,2018,8,18,3,3,5,3,0,1,1,0,0,0,0,0,13.30935211,52.49208434
1,1100310,2018,8,17,3,3,0,7,0,0,1,0,0,0,0,0,13.40655641,52.52493375
4,4300621,2018,8,17,3,3,5,2,0,1,1,0,0,0,0,0,13.30933589,52.51188726
3,3701554,2018,8,7,4,3,5,3,0,1,1,0,0,0,0,0,13.41233668,52.53268855
2,2200211,2018,8,23,3,3,0,1,2,0,0,0,1,0,0,0,13.39741373,52.48897847
10,10100316,2018,8,12,4,3,3,6,0,0,1,0,0,0,1,0,13.58373012,52.54918784
9,9200512,2018,8,17,3,3,2,2,0,0,1,0,0,0,0,0,13.55445015,52.45568567
4,4300621,2018,8,19,3,3,5,3,0,0,1,0,0,0,0,0,13.30952792,52.5135058
8,8200726,2018,8,16,3,3,0,7,0,0,1,0,0,0,0,0,13.4384346,52.45199949
8,8200623,2018,8,9,2,3,5,2,0,1,1,0,0,0,0,0,13.45420966,52.4528935
12,12601134,2018,8,11,4,3,6,7,0,0,1,1,0,0,0,0,13.3507443,52.59780327
9,9200613,2018,8,16,3,3,5,5,0,1,1,0,0,0,0,0,13.51499604,52.45548345
12,12100205,2018,8,11,4,3,0,6,0,0,1,0,0,0,1,0,13.34737137,52.57201142
2,2100101,2018,8,15,3,3,5,3,0,1,1,0,0,0,0,0,13.38215168,52.50439514
9,9200613,2018,8,15,3,2,5,2,1,1,1,0,0,0,0,0,13.51769038,52.45619212
4,4501147,2018,8,9,4,3,2,6,0,0,1,0,0,0,0,0,13.31874944,52.48748712
6,6300632,2018,8,15,3,3,5,3,0,1,1,0,0,0,0,0,13.29279185,52.43261858
5,5100316,2018,8,15,4,2,5,2,0,1,1,0,0,0,0,0,13.19558671,52.53614696
4,4300517,2018,8,10,4,3,1,5,0,1,0,0,0,0,1,0,13.30233618,52.52668755
10,10400835,2018,8,14,3,2,5,3,0,0,1,0,0,0,0,0,13.59913221,52.52831432
2,2200209,2018,8,16,4,3,1,5,0,1,1,0,0,0,1,0,13.38490885,52.49003294
9,9501838,2018,8,14,3,3,5,3,0,1,1,0,0,0,0,0,13.71844046,52.43148369
4,4300624,2018,8,19,1,3,0,6,0,0,1,0,0,0,1,0,13.31434023,52.50633438
12,12601134,2018,8,14,3,3,2,6,0,0,1,0,0,0,0,0,13.34949598,52.60455262
5,5100209,2018,8,20,4,2,6,4,2,0,1,1,0,0,0,0,13.17838523,52.54880283
6,6200423,2018,8,13,1,3,2,6,0,0,1,0,0,0,0,0,13.31459362,52.41752051
3,3601450,2018,8,13,3,3,2,2,0,0,1,0,0,0,0,0,13.45777621,52.52903197
9,9401534,2018,8,15,3,3,5,3,0,0,1,0,0,0,0,0,13.58323061,52.44348276
5,5100210,2018,8,19,1,3,0,1,0,0,0,0,1,0,0,0,13.18412592,52.5455866
1,1100310,2018,8,16,1,3,0,1,0,0,0,0,1,0,0,0,13.41792175,52.52576426
1,1100102,2018,8,13,3,3,5,2,0,1,1,0,0,0,0,0,13.37197817,52.51940108
6,6300527,2018,8,8,1,3,5,2,0,0,1,0,1,0,0,0,13.27358911,52.43330522
5,5200629,2018,8,8,1,3,5,3,0,1,0,0,0,0,1,0,13.19894062,52.5330656
2,2300314,2018,8,16,7,3,2,6,0,0,1,0,0,0,0,1,13.42404138,52.50170452
9,9200715,2018,8,13,3,2,5,3,0,0,1,0,1,0,0,0,13.54408757,52.42805644
11,11501238,2018,8,20,7,3,2,6,2,0,1,0,0,0,0,0,13.47568123,52.50140233
1,1401046,2018,8,20,7,3,3,2,1,0,1,0,0,0,0,0,13.35107165,52.54101045
3,3601243,2018,8,17,3,2,5,2,0,0,1,0,1,0,0,0,13.41462234,52.55059649
4,4501152,2018,8,9,2,3,1,5,0,0,1,0,1,0,0,0,13.33078823,52.48795071
7,7400823,2018,8,18,4,3,5,3,0,1,1,0,0,0,0,0,13.37788796,52.46586148
6,6400737,2018,8,11,7,3,4,6,0,0,1,0,0,0,0,0,13.21578339,52.43772462
4,4200310,2018,8,13,3,3,2,6,0,0,1,0,0,0,0,0,13.26529676,52.50881091
1,1200522,2018,8,21,3,3,5,3,2,1,1,0,0,0,0,0,13.32990871,52.52291626
3,3601346,2018,8,13,7,3,6,7,0,1,0,1,0,0,0,0,13.41459035,52.54462256
1,1100206,2018,8,13,7,3,2,6,0,0,1,0,0,0,0,0,13.38845599,52.51914836
1,1100309,2018,8,12,3,3,1,5,0,1,1,0,0,0,0,0,13.39839951,52.52887087
8,8100310,2018,8,12,7,3,1,5,0,1,1,0,0,0,0,0,13.43153652,52.49235076
2,2300315,2018,8,8,2,2,1,5,0,0,1,0,1,0,0,0,13.42776292,52.50091824
11,11501341,2018,8,13,4,3,5,3,0,1,1,0,0,0,0,0,13.50569658,52.48448413
6,6300634,2018,8,11,7,3,2,2,0,0,1,0,0,0,0,0,13.30012042,52.4398623
11,11200513,2018,8,12,3,2,1,7,0,1,1,0,0,0,0,0,13.48615393,52.54079784
9,9501737,2018,8,17,4,2,6,4,0,0,1,1,0,0,0,0,13.62897315,52.44668189
3,3500932,2018,8,10,7,3,6,2,0,0,1,1,0,0,0,0,13.44835706,52.56467238
4,4400831,2018,8,14,4,3,1,5,0,0,1,0,1,0,0,0,13.28446655,52.47625852
3,3601141,2018,8,8,7,3,2,6,0,0,1,0,0,0,1,0,13.41398371,52.55362913
12,12200310,2018,8,12,3,3,5,2,0,1,1,0,0,0,0,0,13.31440068,52.57666913
7,7601340,2018,8,17,4,3,0,5,0,0,1,0,0,0,0,0,13.36021367,52.41270097