BEZ,LOR_ab_2021,UJAHR,UMONAT,USTUNDE,UWOCHENTAG,UKATEGORIE,UART,UTYP1,ULICHTVERH,IstRad,IstPKW,IstFuss,IstKrad,IstGkfz,IstSonstige,USTRZUSTAND,XGCSWGS84,YGCSWGS84
3,3601245,2018,8,6,7,3,5,3,0,1,1,0,0,0,0,0,13.43051303,52.55121371
1,1100308,2018,8,18,3,3,1,5,0,0,1,0,1,0,0,0,13.37951496,52.52325869
4,4100101,2018,8,12,7,2,5,2,0,0,1,0,0,0,0,0,13.31091438,52.54761137
4,4200308,2018,8,11,7,3,2,6,0,0,1,0,0,0,0,0,13.28155228,52.5184037
1,1100102,2018,8,8,3,3,5,3,0,1,1,0,0,0,0,0,13.36393952,52.50613605
8,8100209,2018,8,18,7,3,2,2,1,0,1,0,0,0,0,1,13.44282181,52.46504727
6,6200315,2018,8,10,4,3,5,3,0,1,1,0,0,0,0,0,13.34674263,52.43073218
3,3400619,2018,8,10,7,3,2,6,0,0,1,0,0,0,0,0,13.38505004,52.59120533
11,11200513,2018,8,11,3,3,5,3,0,1,1,0,0,0,0,0,13.49483708,52.54542845
5,5200528,2018,8,9,4,2,5,3,0,0,1,0,1,0,0,0,13.18317337,52.51348231
8,8100310,2018,8,17,7,3,5,3,0,1,0,0,0,0,0,0,13.42593452,52.49332718
11,11200512,2018,8,11,7,3,2,7,0,1,1,0,0,0,0,0,13.47063843,52.54006705
6,6200317,2018,8,11,3,3,5,2,0,0,1,0,1,0,0,0,13.35055534,52.4202175
8,8100415,2018,8,17,7,3,2,2,0,0,1,0,0,0,0,0,13.44513604,52.47913787
7,7300619,2018,8,16,7,2,5,3,0,1,1,0,0,0,0,1,13.3491736,52.46954063
4,4300619,2018,8,16,7,3,6,2,0,0,1,1,0,0,0,0,13.31339246,52.51509114
3,3601245,2018,8,10,3,3,5,2,0,0,1,0,0,0,0,0,13.43006219,52.55139272
12,12500930,2018,8,9,4,3,2,6,0,0,1,0,0,1,0,0,13.33506172,52.58752651
1,1100415,2018,8,15,7,3,5,2,0,1,1,0,0,0,0,1,13.38661576,52.53143841
1,1100310,2018,8,10,3,3,0,1,0,0,0,0,1,0,0,0,13.40274888,52.52134226
10,10200420,2018,8,16,4,2,5,3,0,1,1,0,0,0,0,0,13.59140516,52.53462956
10,10300731,2018,8,15,7,3,5,3,0,1,1,0,0,0,0,0,13.56103815,52.51716182
2,2500832,2018,8,15,7,3,5,3,0,0,1,0,1,0,0,0,13.47108976,52.50703219
5,5200629,2018,8,9,3,3,5,3,0,0,1,0,1,0,0,0,13.18493372,52.53419665
7,7400823,2018,8,15,7,3,2,6,0,0,1,0,0,0,1,1,13.37459154,52.46837613
11,11100101,2018,8,14,7,2,8,1,0,0,1,0,0,0,0,0,13.5193294,52.57449982
1,1100206,2018,8,8,3,3,3,2,0,1,0,0,0,1,0,0,13.38578885,52.51688627
1,1100309,2018,8,19,4,2,5,2,1,1,1,0,0,0,0,0,13.39286567,52.5249503
3,3601142,2018,8,14,7,3,1,5,0,1,1,0,0,0,0,0,13.40752534,52.54758393
1,1200623,2018,8,8,3,3,2,6,0,0,1,0,0,0,0,0,13.35124442,52.53284316
4,4200311,2018,8,14,7,3,5,2,0,0,1,0,0,0,0,0,13.28139778,52.51283628
2,2500835,2018,8,8,3,3,5,2,0,1,1,0,0,0,0,0,13.46611598,52.50004617
6,6400844,2018,8,8,4,3,5,3,0,1,1,0,0,0,0,0,13.30363809,52.45903753
4,4501152,2018,8,13,7,2,0,6,0,1,0,0,0,0,0,0,13.33098465,52.49402719
12,12200412,2018,8,8,3,3,6,4,0,1,0,1,0,0,0,0,13.30009248,52.56981546
3,3601245,2018,8,15,4,2,5,3,0,1,0,0,0,0,0,0,13.43795976,52.5463983
12,12400619,2018,8,13,7,3,5,2,0,1,1,0,0,0,0,0,13.2428922,52.60141617
9,9100202,2018,8,13,7,3,2,6,0,0,1,0,0,0,0,0,13.46167102,52.48355517
3,3400830,2018,8,8,3,2,5,2,0,1,1,0,0,0,0,0,13.42070963,52.56587977
2,2200212,2018,8,12,6,3,4,6,0,1,0,0,0,0,0,0,13.42160905,52.4872417
4,4200206,2018,8,15,6,3,5,3,0,0,1,0,0,0,0,0,13.21801082,52.50862724
7,7601238,2018,8,8,3,3,1,7,0,1,1,0,0,0,0,0,13.37824286,52.42471145
9,9200512,2018,8,0,2,3,1,1,2,0,1,0,0,0,1,0,13.54999184,52.4564915
7,7300516,2018,8,18,4,3,2,7,0,1,1,0,0,0,0,0,13.32896772,52.46555304
9,9401534,2018,8,22,6,3,2,6,2,0,1,0,0,0,0,0,13.57751868,52.4440761
1,1300732,2018,8,20,3,3,0,5,2,0,1,0,1,0,0,0,13.38850526,52.56127398
8,8100102,2018,8,23,6,3,2,6,2,0,1,0,0,0,0,0,13.42607298,52.47774372
2,2100104,2018,8,21,6,3,2,2,2,1,1,0,0,0,0,0,13.41046207,52.50345395
3,3601450,2018,8,17,3,3,2,2,0,1,1,0,0,0,0,0,13.45743734,52.52896477
10,10100206,2018,8,20,6,3,5,3,1,1,1,0,0,0,0,0,13.56466276,52.55886264
4,4200310,2018,8,20,6,3,3,6,2,0,1,0,0,0,0,0,13.27150437,52.50968732
11,11401137,2018,8,7,3,3,5,5,0,1,1,0,0,0,0,0,13.51689245,52.49257677
3,3500934,2018,8,18,6,3,6,4,0,0,1,1,0,0,0,0,13.4402692,52.55187674
12,12200309,2018,8,18,4,3,5,3,0,1,1,0,0,0,0,0,13.32937437,52.56347375
12,12200412,2018,8,18,6,3,5,3,0,1,1,0,0,0,0,0,13.29166496,52.57998326
1,1400942,2018,8,7,3,3,5,2,0,0,1,0,0,0,1,0,13.34583013,52.54479124
2,2400521,2018,8,17,4,3,5,7,0,1,1,0,0,0,0,0,13.42877248,52.51949754
6,6300633,2018,8,18,6,3,5,2,0,0,1,0,0,0,0,0,13.31560059,52.44314061
4,4501042,2018,8,10,6,3,3,5,0,1,0,0,0,0,1,0,13.32536468,52.5024414
4,4300412,2018,8,17,6,3,5,7,0,0,1,0,0,0,1,0,13.29008791,52.51892053
4,4400727,2018,8,6,3,3,2,7,0,1,0,0,0,0,1,0,13.28538662,52.48042449
5,5100315,2018,8,9,4,3,5,2,0,1,1,0,0,0,0,0,13.19331433,52.54902086
4,4501041,2018,8,17,6,3,2,6,0,0,1,0,0,0,0,0,13.3136167,52.50062816
11,11501340,2018,8,6,3,3,5,2,0,0,1,0,0,0,1,0,13.52782703,52.48995641
2,2100102,2018,8,5,3,3,5,3,1,1,1,0,0,0,0,0,13.39585108,52.49902663
11,11401137,2018,8,16,6,2,5,3,0,1,0,0,0,0,0,0,13.52356163,52.49711851
6,6400842,2018,8,11,4,3,0,7,0,0,0,0,0,0,1,0,13.26882055,52.4511068
4,4501148,2018,8,16,6,3,5,2,0,1,1,0,0,0,0,0,13.31293647,52.4806082
5,5200528,2018,8,11,2,2,0,2,0,0,1,0,0,0,0,0,13.18467475,52.51543944
5,5300839,2018,8,17,4,2,6,4,0,0,1,1,0,0,0,0,13.26323324,52.54848585
5,5400943,2018,8,15,6,3,5,3,0,1,1,0,0,0,0,0,13.12773883,52.47462462
7,7400824,2018,8,13,6,3,5,3,0,1,0,0,1,0,0,1,13.38553049,52.46858787
1,1300730,2018,8,1,2,3,6,2,2,0,1,1,0,0,0,0,13.37326772,52.55725042
9,9100304,2018,8,13,6,3,5,2,0,0,1,0,0,0,0,0,13.4805996,52.46096729
2,2400623,2018,8,12,6,3,3,6,0,0,1,0,1,0,0,0,13.42729762,52.51169471
2,2100104,2018,8,15,2,3,0,3,0,1,0,0,0,0,1,1,13.41028837,52.50378598
1,1100101,2018,8,23,4,3,5,3,2,1,1,0,0,0,0,0,13.34828249,52.50684309
9,9200715,2018,8,12,6,3,5,3,0,0,1,0,1,0,0,1,13.52233436,52.42853561
4,4100101,2018,8,23,2,3,5,2,2,0,1,0,0,0,0,0,13.32610873,52.53835873
3,3400620,2018,8,15,4,3,0,3,0,1,1,0,0,0,0,0,13.38967398,52.57419654
1,1300835,2018,8,12,6,3,5,2,0,1,1,0,0,0,0,0,13.38742017,52.53352674
12,12200414,2018,8,10,6,3,2,6,0,0,1,0,0,0,0,0,13.29548416,52.55018895
7,7100102,2018,8,23,2,3,6,2,2,0,1,1,0,0,0,0,13.35464774,52.49713471
8,8100105,2018,8,16,4,3,6,4,0,0,1,1,0,0,0,0,13.43033991,52.46431126
4,4300619,2018,8,9,6,3,2,6,0,1,1,0,0,0,0,0,13.31500107,52.51799475
11,11100204,2018,8,9,6,3,5,2,0,1,1,0,0,0,0,0,13.52808853,52.55701349
8,8200623,2018,8,23,2,3,1,5,2,0,1,0,0,0,1,0,13.43816262,52.45418932
2,2400521,2018,8,8,6,3,6,4,0,1,0,1,0,0,0,0,13.43420278,52.52332381
10,10200627,2018,8,7,6,2,5,2,0,1,1,0,0,0,0,0,13.59052255,52.52958279
9,9200717,2018,8,22,2,3,2,2,2,0,1,0,1,0,0,0,13.5521086,52.43938084
3,3601245,2018,8,1,4,3,0,1,2,0,0,0,1,0,0,0,13.43049373,52.54620493
3,3701554,2018,8,7,6,3,5,2,0,1,1,0,0,0,0,0,13.41206526,52.53798446
4,4200311,2018,8,21,2,3,0,7,2,0,0,0,1,0,1,1,13.27216373,52.49878512
10,10200421,2018,8,14,4,3,5,2,0,1,1,0,0,0,0,0,13.604196,52.53860919
8,8100209,2018,8,7,6,3,2,6,0,0,1,0,0,0,0,0,13.4348438,52.46677684
3,3200205,2018,8,7,6,3,5,7,0,1,1,0,0,0,0,0,13.39796474,52.59274129
9,9200511,2018,8,19,2,3,1,5,0,1,1,0,0,0,0,0,13.52327987,52.46432655
10,10400938,2018,8,7,6,3,5,3,0,0,1,0,0,0,0,0,13.62929701,52.52009706
3,3200207,2018,8,6,6,3,5,2,0,1,1,0,0,0,0,0,13.41760172,52.5908626
8,8200730,2018,8,9,2,3,2,6,0,0,1,0,0,0,0,0,13.43493045,52.44003471
9,9501941,2018,8,6,6,3,5,2,0,1,1,0,0,0,0,0,13.57608612,52.45285446
3,3400620,2018,8,6,6,3,5,3,0,1,1,0,0,0,0,0,13.39876841,52.57056947
8,8100312,2018,8,19,2,3,5,2,0,0,1,0,1,0,0,0,13.43567752,52.48380417
11,11400929,2018,8,19,4,3,4,6,0,1,1,0,0,0,0,0,13.49641381,52.50688501
6,6300528,2018,8,6,6,3,5,2,0,0,1,0,0,0,0,0,13.27404656,52.41852649
11,11400927,2018,8,19,2,3,0,1,2,1,0,0,0,0,0,0,13.47984971,52.5061314
3,3400722,2018,8,15,3,3,6,7,0,1,0,1,0,0,0,0,13.40095627,52.57166767
3,3701554,2018,8,6,6,3,5,3,1,1,1,0,0,0,0,0,13.41082668,52.5306456
2,2300316,2018,8,17,6,3,0,1,0,0,0,0,1,0,0,0,13.43191649,52.50568818
1,1100416,2018,8,18,2,2,0,7,0,0,0,0,1,0,0,0,13.40174221,52.53034493
6,6100102,2018,8,15,6,2,0,1,0,1,0,0,0,0,0,0,13.31827091,52.45835973
4,4500936,2018,8,13,4,3,5,3,0,1,1,0,0,0,0,0,13.30238188,52.50197356
3,3701554,2018,8,16,6,3,0,1,0,1,0,0,0,0,0,0,13.40971096,52.53854732
7,7200409,2018,8,18,2,3,1,5,0,1,1,0,0,0,0,0,13.3472786,52.48519226
10,10300731,2018,8,17,4,3,2,6,0,0,1,0,0,0,0,0,13.56012213,52.53409575
5,5300841,2018,8,7,5,3,3,6,0,0,1,0,0,0,0,0,13.27477786,52.53574613
1,1100308,2018,8,17,5,3,0,6,0,1,1,0,0,0,0,0,13.38676904,52.52742954
2,2300417,2018,8,1,4,3,6,7,2,0,1,1,0,0,0,0,13.42887283,52.49855965
2,2200208,2018,8,9,5,3,0,2,0,1,1,0,0,0,0,0,13.38020009,52.49866361
10,10100210,2018,8,19,3,3,0,4,0,0,1,1,0,0,0,0,13.54900621,52.54344527
10,10200420,2018,8,9,5,3,0,6,0,0,0,0,0,0,1,0,13.59909933,52.53505446
1,1100206,2018,8,18,5,3,5,3,1,1,0,0,1,0,0,0,13.38479208,52.51436182
6,6300631,2018,8,16,2,3,1,5,0,0,1,0,0,0,0,0,13.28227724,52.41629047
3,3400724,2018,8,16,5,3,6,4,0,0,1,1,0,0,0,0,13.42572499,52.57981856
1,1100206,2018,8,10,4,3,2,2,0,1,0,0,0,0,1,0,13.38604525,52.51551172
5,5200634,2018,8,16,5,3,5,2,0,1,0,0,0,0,0,0,13.20127985,52.51216331
4,4100101,2018,8,16,2,3,3,6,0,0,1,0,1,0,0,0,13.32469182,52.54184586
5,5100206,2018,8,10,4,3,0,1,0,1,0,0,0,0,0,0,13.14878919,52.55675373
3,3400826,2018,8,19,5,2,1,5,0,1,1,0,0,0,0,0,13.40314245,52.55865277
7,7400927,2018,8,19,5,3,5,3,0,0,1,0,0,0,0,0,13.40314424,52.46342927
4,4300412,2018,8,16,2,3,1,5,0,0,1,0,1,0,0,0,13.29220272,52.51912951
12,12100205,2018,8,19,5,3,5,2,0,1,1,0,0,0,0,0,13.34645892,52.58967241
8,8100105,2018,8,18,5,2,6,4,0,0,1,1,0,0,0,0,13.43135337,52.4663619
6,6300629,2018,8,16,2,3,5,7,0,0,1,0,0,0,0,0,13.30474093,52.44858157
12,12400722,2018,8,8,4,3,2,6,0,1,1,0,0,0,0,0,13.29116241,52.60873611
12,12100101,2018,8,18,5,3,2,6,1,0,1,0,0,0,0,0,13.37290383,52.5642543
3,3601450,2018,8,15,2,3,4,5,0,1,0,0,0,0,1,0,13.45567922,52.53744661
6,6200423,2018,8,9,4,3,5,3,0,1,1,0,0,0,0,0,13.3435871,52.41543437
6,6200313,2018,8,18,5,2,0,4,0,0,1,1,0,0,0,0,13.35137492,52.44000779
2,2100104,2018,8,15,2,3,5,3,0,1,1,0,0,0,0,0,13.40785896,52.50428357
3,3601449,2018,8,16,4,3,5,3,0,0,1,0,0,0,0,0,13.45020746,52.54348971
9,9200715,2018,8,17,5,3,5,2,0,0,1,0,0,0,0,0,13.54646236,52.42637424
3,3601348,2018,8,17,5,3,5,3,0,1,1,0,0,0,0,0,13.42255198,52.54460907
10,10400940,2018,8,15,2,3,2,6,0,0,1,0,0,0,0,0,13.61001883,52.49416691
1,1200517,2018,8,17,5,2,5,2,0,0,1,0,1,0,0,0,13.31438234,52.53032677
1,1300836,2018,8,20,5,3,5,2,1,0,1,0,1,0,0,0,13.37555693,52.54120953
1,1100102,2018,8,15,2,3,0,1,0,1,0,0,0,0,0,1,13.35465944,52.51701474
4,4100102,2018,8,19,4,3,0,6,0,0,1,0,0,0,0,0,13.29371871,52.53473081
12,12100101,2018,8,21,5,3,5,2,2,0,1,0,1,0,0,0,13.37754045,52.56271705
3,3601449,2018,8,15,2,3,2,6,0,1,1,0,0,0,0,0,13.4512102,52.53993497
8,8401139,2018,8,15,3,2,5,3,0,1,1,0,0,0,0,0,13.46653534,52.43338231
1,1100308,2018,8,16,5,2,2,2,0,0,1,0,0,0,0,0,13.37834533,52.5343337
1,1100309,2018,8,16,5,3,6,4,0,1,0,1,0,0,0,0,13.40364775,52.52578417
11,11300721,2018,8,6,2,3,2,6,0,0,1,0,0,0,1,0,13.50596225,52.53473475
4,4300623,2018,8,15,4,3,6,7,0,1,0,0,0,0,1,0,13.30609682,52.50855442
9,9501941,2018,8,13,5,2,5,3,0,0,0,0,0,1,1,0,13.59341882,52.44956502
2,2500830,2018,8,16,5,3,5,2,0,0,1,0,1,0,0,0,13.46150261,52.51210328
11,11300721,2018,8,7,2,3,0,7,0,1,1,0,0,0,0,0,13.50287607,52.52629756
9,9100203,2018,8,15,5,3,2,7,0,0,1,0,0,0,0,0,13.48717425,52.47596562
7,7601339,2018,8,14,5,3,5,2,0,0,1,0,0,0,0,0,13.35025395,52.41431981
4,4100101,2018,8,15,2,3,5,2,0,0,1,0,0,0,0,1,13.29668576,52.54810568
4,4200309,2018,8,9,2,2,5,3,0,0,1,0,0,0,0,0,13.25889598,52.51185712
9,9200512,2018,8,18,4,3,2,6,0,0,1,0,0,0,0,0,13.54608462,52.45706741
5,5100316,2018,8,21,5,3,1,5,2,1,1,0,0,0,0,0,13.19748566,52.54071307
11,11100101,2018,8,6,3,3,5,3,0,1,1,0,0,0,0,0,13.51974962,52.57862403
7,7501029,2018,8,14,5,3,5,2,0,0,1,0,1,0,0,0,13.37880844,52.43765713
1,1100310,2018,8,14,5,3,6,4,0,0,0,1,1,0,0,0,13.40494676,52.51744969
8,8200623,2018,8,15,2,3,5,7,0,0,1,0,1,0,0,0,13.45698606,52.45335021
6,6200312,2018,8,14,5,3,4,6,0,0,1,1,0,0,1,0,13.33069039,52.4448573
1,1400942,2018,8,13,4,3,2,6,0,0,1,0,0,0,1,0,13.34807697,52.54860468
8,8100209,2018,8,13,5,3,6,4,0,0,1,1,0,0,0,0,13.43237722,52.46648296
9,9401534,2018,8,13,5,3,2,6,0,0,1,0,1,0,0,0,13.58413983,52.44395406
7,7100102,2018,8,15,2,3,5,2,0,1,1,0,0,0,0,0,13.3470103,52.50087993
2,2100106,2018,8,12,5,3,5,2,0,0,1,0,1,0,0,0,13.40648268,52.49832609
12,12100205,2018,8,16,4,3,2,6,0,0,1,0,0,0,0,0,13.34017841,52.5881074
4,4501044,2018,8,11,5,3,1,5,0,1,1,0,0,0,0,0,13.31862585,52.4961884
4,4501044,2018,8,15,2,3,5,3,0,0,1,0,0,0,0,0,13.32031213,52.49804092
3,3300412,2018,8,17,4,2,5,3,0,0,1,0,0,0,1,0,13.47077444,52.61027534
10,10400940,2018,8,8,5,3,0,3,0,0,0,0,0,0,1,0,13.60520756,52.48792641
12,12500930,2018,8,9,5,3,0,7,0,0,1,0,1,0,0,0,13.34006397,52.58807992
3,3601451,2018,8,9,5,3,0,4,0,1,0,1,0,0,0,0,13.44404878,52.5338481
8,8100521,2018,8,15,2,3,5,3,0,0,1,0,1,0,0,0,13.4492687,52.46850649
1,1300835,2018,8,8,5,3,4,6,0,0,1,0,1,0,0,0,13.38699198,52.5383517
9,9200510,2018,8,10,4,3,5,2,0,1,1,0,0,0,0,0,13.50745898,52.46324359
1,1100415,2018,8,19,5,3,0,7,0,1,0,0,0,0,0,0,13.39137753,52.53045781
3,3501038,2018,8,14,2,3,5,2,0,0,1,0,1,0,0,0,13.47755262,52.56057497
12,12500926,2018,8,6,4,3,0,1,0,0,0,0,1,0,0,0,13.32624825,52.59168664
8,8100521,2018,8,12,5,2,0,7,0,0,1,0,0,0,0,0,13.45129328,52.46516153
12,12500824,2018,8,14,2,3,2,6,0,0,1,0,1,0,0,0,13.28829745,52.59559546
9,9200715,2018,8,11,4,3,3,6,0,0,1,0,0,0,0,0,13.54834923,52.42748191
3,3300412,2018,8,19,5,2,0,1,0,1,0,0,0,0,0,0,13.47275621,52.60698338
2,2100105,2018,8,8,5,3,0,7,0,1,0,0,0,0,1,1,13.41772159,52.49926201
1,1401047,2018,8,14,2,2,0,7,0,1,0,0,0,0,0,0,13.35762432,52.54538191
1,1100103,2018,8,21,5,3,0,1,2,1,0,0,0,0,0,1,13.3614145,52.50324064
4,4501042,2018,8,8,5,3,2,4,0,0,1,1,0,0,0,0,13.33253216,52.5060221
12,12200412,2018,8,14,2,3,8,1,0,0,0,0,0,0,1,0,13.30350906,52.57787937
3,3501038,2018,8,9,4,3,2,6,0,0,1,0,0,0,0,0,13.47343316,52.54868712
5,5200629,2018,8,8,5,3,5,3,0,0,1,0,0,0,0,0,13.19480787,52.53439592
4,4400833,2018,8,14,2,2,5,2,0,0,1,0,1,0,0,1,13.30815402,52.47786561
1,1200517,2018,8,8,4,3,3,6,0,0,0,0,1,0,1,0,13.3251032,52.52513608
2,2100105,2018,8,8,5,3,0,7,0,1,0,0,0,0,1,1,13.41769648,52.49926927
5,5300737,2018,8,8,5,3,5,2,0,0,1,0,0,0,0,0,13.23222891,52.54066411
7,7100102,2018,8,14,2,3,5,3,0,1,1,0,0,0,0,0,13.3460323,52.49583364
4,4300620,2018,8,8,5,3,5,2,0,1,1,0,0,0,0,0,13.32228695,52.52111677
4,4400830,2018,8,7,5,3,0,3,0,1,1,0,0,0,0,0,13.29595125,52.48117339
4,4200308,2018,8,13,2,3,2,6,0,0,1,0,0,0,0,0,13.27776395,52.51839311
10,10100312,2018,8,7,5,3,5,3,0,1,1,0,0,0,0,0,13.5505067,52.53394823
4,4501045,2018,8,12,2,3,2,6,0,0,1,0,1,0,0,0,13.33143388,52.4965319
9,9100409,2018,8,7,5,3,5,2,0,0,1,0,1,0,0,0,13.51710539,52.44458904
1,1100308,2018,8,6,5,3,0,7,0,1,0,0,0,0,0,0,13.38419555,52.52965373
2,2400521,2018,8,12,2,3,5,2,0,1,1,0,0,0,0,0,13.43288093,52.51781931
4,4100101,2018,8,22,4,3,5,3,2,0,1,0,0,0,0,0,13.27353374,52.54168918
2,2500830,2018,8,5,5,2,3,2,0,1,0,0,0,1,0,0,13.45356431,52.51413557
12,12200310,2018,8,12,2,3,5,3,0,0,1,0,0,0,0,0,13.31251217,52.56953511
4,4400728,2018,8,14,4,3,5,2,0,0,1,0,0,0,0,0,13.28096969,52.47683056
1,1100310,2018,8,5,5,2,6,4,2,0,0,1,1,0,0,0,13.41530803,52.52687577
5,5300735,2018,8,10,5,3,5,2,0,1,1,0,0,0,0,0,13.22579598,52.55443955
8,8200624,2018,8,7,2,3,5,2,0,1,1,0,0,0,0,0,13.43436357,52.45150534
12,12400618,2018,8,5,4,3,5,7,1,1,1,0,0,0,0,0,13.24113348,52.61813948
7,7200412,2018,8,7,2,3,5,7,0,1,1,0,0,0,0,0,13.36416215,52.4758967
10,10300733,2018,8,11,2,2,6,2,0,0,0,1,0,0,1,0,13.55267047,52.50751623
12,12100204,2018,8,7,4,3,5,2,0,0,1,0,0,0,0,0,13.36250491,52.56725856
3,3200309,2018,9,16,2,2,5,3,0,0,1,0,1,0,0,0,13.43314037,52.60621246
5,5300840,2018,8,6,5,3,3,6,1,0,1,0,0,0,0,0,13.24875101,52.53796189
1,1100415,2018,9,23,2,3,0,1,2,1,0,0,0,0,0,0,13.39873383,52.53258011
4,4500937,2018,9,17,2,3,5,2,0,0,1,0,1,0,0,0,13.28680019,52.49581754
7,7200307,2018,8,7,5,2,5,5,0,1,1,0,0,0,0,1,13.34318434,52.48620031
6,6200311,2018,8,15,5,3,5,3,0,0,1,0,0,0,1,1,13.35997634,52.43432589
4,4100101,2018,9,13,2,3,5,3,0,0,1,0,0,0,0,0,13.31461129,52.54745811
3,3300517,2018,8,9,5,2,4,1,0,0,1,0,0,0,0,1,13.46328872,52.58397595
7,7501134,2018,9,16,2,3,1,5,0,0,1,0,0,0,0,0,13.40110444,52.42591864
6,6300528,2018,8,13,5,3,2,6,0,0,1,0,0,1,0,1,13.27333074,52.40980445
8,8100520,2018,9,14,2,3,8,1,0,0,0,0,1,0,0,0,13.45840515,52.47271178
6,6400737,2018,9,15,2,3,8,1,0,0,1,0,0,0,0,0,13.18922518,52.45519305
11,11501238,2018,8,11,5,3,5,2,0,0,1,0,0,0,0,1,13.48051947,52.49905929
6,6400735,2018,8,12,5,3,5,2,0,0,1,0,0,0,0,1,13.10925267,52.41401069
5,5100315,2018,8,11,5,2,2,6,0,0,1,0,0,0,0,1,13.19836502,52.54286398
7,7400824,2018,9,13,2,3,5,3,0,1,0,0,0,0,0,0,13.38539191,52.46573261
6,6100210,2018,9,13,2,3,5,3,0,1,1,0,0,0,0,0,13.34651504,52.45990299
4,4100101,2018,8,10,5,3,5,3,0,0,1,0,0,0,0,0,13.30892797,52.54759089
3,3300411,2018,8,8,5,2,5,5,0,0,1,0,0,0,0,0,13.4870016,52.62140926
5,5200528,2018,9,13,2,2,1,5,0,1,1,0,0,0,0,0,13.16839467,52.51733175
12,12601236,2018,8,9,5,3,9,1,0,0,1,0,0,0,0,1,13.33919551,52.59583105
8,8100520,2018,8,10,1,3,0,4,0,1,0,1,0,0,0,0,13.4611098,52.47140101
4,4300619,2018,9,13,2,3,2,6,0,0,1,0,1,0,0,0,13.29998706,52.51961736
4,4501042,2018,8,23,5,3,5,2,2,0,1,0,1,0,0,1,13.33691528,52.50085244
6,6300634,2018,9,12,2,3,6,4,0,0,1,1,0,0,0,0,13.30274897,52.43749762
2,2300314,2018,9,12,2,3,0,2,0,1,1,0,0,0,0,0,13.41893539,52.49888383
2,2500833,2018,8,21,5,3,1,1,2,1,1,0,0,0,0,1,13.45235126,52.51062976
9,9501838,2018,8,21,5,3,5,3,2,0,1,0,0,0,0,1,13.71367466,52.43197768
4,4300620,2018,9,11,2,3,2,7,0,0,1,0,1,0,0,0,13.32179276,52.52102004
2,2200210,2018,8,20,5,3,0,3,2,0,1,0,0,0,1,1,13.39777897,52.49536028
3,3400619,2018,8,19,5,3,2,6,1,1,1,0,0,0,0,0,13.36698874,52.58574207
5,5200420,2018,9,10,2,3,5,3,0,0,1,0,0,0,0,0,13.17083179,52.53367465
2,2400625,2018,9,10,2,3,5,2,0,1,0,0,0,1,0,0,13.44670947,52.50261179
4,4300620,2018,8,19,5,3,5,2,2,1,1,0,0,0,0,1,13.325024,52.51750784
8,8401244,2018,9,10,2,2,5,2,0,1,1,0,0,0,0,0,13.50345419,52.41161925
1,1200522,2018,9,9,2,3,5,3,0,1,1,0,0,0,0,0,13.33491166,52.52480448
11,11501341,2018,9,5,2,3,3,6,2,1,1,0,0,0,0,0,13.52532873,52.48137775
1,1100311,2018,8,18,5,3,2,6,0,0,1,0,1,0,0,1,13.42108642,52.52451859
2,2100102,2018,9,8,2,3,1,5,0,1,1,0,0,0,0,0,13.38857814,52.50659961
8,8200727,2018,9,9,2,3,5,7,0,0,1,0,0,0,0,0,13.43399216,52.44283041
5,5100104,2018,8,18,5,3,6,4,0,0,1,1,0,0,0,1,13.21280199,52.56105613
10,10100316,2018,8,18,5,3,2,1,0,0,1,0,0,0,0,1,13.57707486,52.5401015
2,2100101,2018,9,8,2,2,3,6,0,1,0,0,0,0,0,0,13.38625269,52.50608586
2,2300315,2018,8,18,5,3,2,6,1,0,1,0,1,0,0,1,13.42623255,52.4993554
4,4501041,2018,9,8,2,3,0,3,0,1,0,0,1,0,0,0,13.32172836,52.50187389
5,5300737,2018,9,8,2,2,5,2,0,0,1,0,1,0,0,0,13.24168325,52.54338822
1,3701556,2018,8,17,5,3,0,3,0,1,1,0,0,0,0,1,13.40987296,52.52902687
6,6300633,2018,9,8,2,3,5,2,0,1,0,0,0,1,0,0,13.31580438,52.4430759
3,3601142,2018,9,7,2,2,3,6,0,1,0,0,0,0,0,0,13.4091174,52.54129249
3,3100103,2018,8,17,5,2,0,3,0,0,1,0,1,0,0,1,13.5015314,52.63018314
1,1100207,2018,8,16,5,3,5,3,0,0,1,0,0,0,0,0,13.39500856,52.50976556
9,9200510,2018,9,7,2,3,3,2,0,1,1,0,0,0,0,0,13.51305693,52.46719975
1,1200628,2018,8,20,5,2,0,1,2,1,0,0,0,0,0,0,13.37088903,52.52344605
2,2100104,2018,8,18,5,3,0,1,0,0,0,0,1,0,0,1,13.40707412,52.50467335
5,5200528,2018,8,17,5,3,0,1,0,0,0,0,1,0,0,1,13.18017311,52.50915129
10,10100311,2018,9,8,2,3,0,4,0,0,0,1,1,0,0,0,13.52446948,52.53642878
12,12500930,2018,8,11,5,3,5,2,0,0,1,0,0,0,1,1,13.32654192,52.58744885
1,1100416,2018,8,6,5,3,5,7,0,1,0,0,0,0,1,0,13.40249199,52.53122399
5,5100316,2018,9,7,2,3,5,7,0,0,1,0,1,0,0,0,13.182975,52.53835485