BEZ,LOR_ab_2021,UJAHR,UMONAT,USTUNDE,UWOCHENTAG,UKATEGORIE,UART,UTYP1,ULICHTVERH,IstRad,IstPKW,IstFuss,IstKrad,IstGkfz,IstSonstige,USTRZUSTAND,XGCSWGS84,YGCSWGS84
2,2200210,2018,9,8,5,3,5,2,0,1,1,0,0,0,0,0,13.40038809,52.49051453
7,7100204,2018,9,8,5,3,3,2,0,1,0,0,1,0,0,0,13.35328386,52.49193897
6,6400841,2018,9,18,2,3,2,6,0,0,1,0,0,0,0,0,13.26262416,52.43895081
4,4501149,2018,9,7,5,3,5,2,0,1,1,0,0,0,0,0,13.32306378,52.49066107
4,4501146,2018,9,7,5,3,5,3,0,1,0,0,0,0,0,0,13.31380983,52.48626725
2,2300316,2018,9,18,2,3,5,2,0,1,1,0,0,0,0,0,13.4422631,52.50090328
4,4300620,2018,9,17,2,3,5,2,0,1,1,0,0,0,0,0,13.33158914,52.51345671
5,5100103,2018,9,6,5,3,5,2,0,0,1,0,1,0,0,0,13.21456402,52.5632478
5,5400942,2018,9,17,2,3,2,6,0,0,1,0,0,0,1,0,13.16277532,52.46513299
4,4500936,2018,9,13,5,3,5,3,0,0,1,0,0,0,1,0,13.30385396,52.49951837
7,7501031,2018,9,11,5,3,3,6,0,1,0,0,0,0,0,0,13.40263124,52.4472271
4,4200203,2018,9,17,2,3,3,2,0,0,1,0,1,0,0,0,13.24051682,52.51190423
10,10100205,2018,9,13,5,3,5,3,0,1,1,0,0,0,0,0,13.55175409,52.5615494
1,7100101,2018,9,9,5,3,5,2,0,1,1,1,0,0,0,0,13.34278414,52.5046121
4,4501148,2018,9,16,2,2,5,2,0,0,1,0,1,0,0,0,13.31278228,52.48046489
1,1100308,2018,9,16,2,2,6,4,0,0,1,1,0,0,0,0,13.37910996,52.53242665
8,8100104,2018,9,13,5,3,2,2,0,1,1,0,0,0,0,0,13.42947006,52.47085497
3,3400619,2018,9,15,2,3,5,3,0,1,1,0,0,0,0,0,13.3697741,52.58939539
1,1300834,2018,9,15,2,3,2,6,0,0,1,0,1,0,0,0,13.39076352,52.54491423
6,6200423,2018,9,14,2,3,2,6,0,0,1,0,0,0,1,0,13.31490723,52.41731293
4,4500938,2018,9,9,5,2,5,2,0,0,1,0,1,0,0,0,13.30311737,52.49585684
10,10100315,2018,9,14,2,3,5,2,0,1,1,0,0,0,0,0,13.57188189,52.54630585
6,6300527,2018,9,13,2,2,5,2,0,1,1,0,0,0,0,0,13.27243913,52.43724266
2,2100102,2018,9,8,5,3,5,3,0,0,1,0,1,0,0,0,13.39240815,52.5068811
11,11501340,2018,9,8,3,3,2,6,0,0,0,0,0,1,0,0,13.52766228,52.48931595
8,8100521,2018,9,8,5,3,9,1,0,0,1,0,0,0,0,0,13.4475094,52.46537105
8,8100209,2018,9,12,2,3,3,6,0,1,0,0,0,1,0,0,13.4427307,52.46779124
8,8200726,2018,9,7,5,2,5,3,0,1,0,0,0,0,0,0,13.44513289,52.44945598
10,10200421,2018,9,13,5,3,5,3,0,1,1,0,0,0,0,0,13.60215576,52.53608742
5,5300736,2018,9,12,2,3,2,2,0,0,1,0,0,0,1,0,13.21400263,52.53837919
4,4501150,2018,9,12,2,3,3,6,0,0,0,0,1,0,1,0,13.32144137,52.48641582
2,2300316,2018,9,14,3,3,3,6,0,0,1,0,0,1,0,0,13.44202901,52.5009253
7,7400823,2018,9,12,5,3,5,2,0,0,1,0,0,0,0,0,13.37540114,52.45555704
8,8100102,2018,9,11,2,3,6,4,0,0,0,1,0,0,1,0,13.42591625,52.47815862
12,12200309,2018,9,8,3,3,5,2,0,1,0,0,0,1,0,0,13.32844698,52.5624309
12,12400618,2018,9,12,5,2,0,7,0,1,1,0,0,0,0,0,13.25423576,52.61031577
2,2100106,2018,9,14,2,3,2,6,0,0,1,0,0,0,0,0,13.41674408,52.49878212
5,5300839,2018,9,12,5,2,5,3,0,0,1,0,0,0,0,0,13.27090975,52.53955424
8,8200622,2018,9,12,5,3,3,6,0,0,1,0,1,0,0,0,13.43475646,52.46205043
7,7200308,2018,9,16,2,3,0,7,0,1,0,0,0,0,0,0,13.3401814,52.48564304
12,12500825,2018,9,15,3,3,5,2,0,1,1,0,0,0,0,0,13.31690504,52.58825771
5,5100211,2018,9,11,5,3,5,2,0,0,1,0,0,0,0,0,13.1578276,52.54304727
1,1400937,2018,9,20,2,2,6,4,2,0,1,1,0,0,0,0,13.33999499,52.55733457
9,8401243,2018,9,11,5,3,3,6,0,1,0,0,0,0,0,0,13.49757973,52.43353233
7,7400825,2018,9,11,5,3,1,3,0,0,1,0,0,0,1,0,13.37734583,52.45882953
9,9200510,2018,9,10,2,3,2,6,0,0,1,0,0,0,0,0,13.50792792,52.47470758
4,4300623,2018,9,11,5,3,2,2,0,0,1,0,0,0,0,0,13.31095894,52.5063804
4,4501043,2018,9,10,2,3,5,3,0,1,1,0,0,0,0,0,13.31318715,52.49583715
12,12500825,2018,9,10,2,3,2,6,0,0,1,0,0,0,0,0,13.31597783,52.58669245
3,3500934,2018,9,14,3,2,0,1,0,1,0,0,0,0,0,0,13.44102984,52.55163638
5,5300735,2018,9,10,5,3,2,6,0,1,0,0,0,0,1,0,13.22331423,52.54879259
5,5200631,2018,9,9,2,3,5,3,0,1,1,0,0,0,0,0,13.19601915,52.52734462
6,6400843,2018,9,7,5,3,6,7,0,1,0,1,0,0,0,0,13.2740033,52.44421508
2,2100102,2018,9,9,2,3,2,6,0,0,1,0,0,0,0,0,13.39840351,52.50726024
2,7400720,2018,9,15,5,2,3,6,0,0,0,0,0,0,1,0,13.38593332,52.48431333
10,10100311,2018,9,7,4,3,2,7,0,0,1,0,0,0,0,0,13.53490079,52.52576442
7,7400720,2018,9,9,2,3,3,6,0,1,1,0,0,0,0,0,13.37705713,52.48324941
4,4100101,2018,9,16,2,3,5,2,0,1,1,0,0,0,0,0,13.2826018,52.5338847
4,4400726,2018,9,11,4,3,2,6,0,0,1,0,0,0,0,0,13.28510424,52.49346483
10,10100104,2018,9,9,2,2,6,4,0,0,1,1,0,0,0,0,13.57507387,52.56841228
10,10100209,2018,9,22,2,3,6,2,2,0,1,1,0,0,0,0,13.56831985,52.55078336
1,1100415,2018,9,21,2,3,5,7,2,0,1,0,1,0,0,0,13.38391867,52.53081051
1,1300732,2018,9,18,4,3,0,2,0,1,1,0,0,0,0,0,13.38630721,52.55875701
1,1300834,2018,9,20,4,3,3,6,2,0,1,0,1,0,0,0,13.40123131,52.53973322
1,1100308,2018,9,21,2,3,5,2,2,1,1,0,0,0,0,0,13.3819652,52.53144414
6,6300527,2018,9,18,4,3,2,6,0,0,1,0,1,0,0,0,13.28075542,52.43546164
9,9200715,2018,9,20,4,3,5,2,1,1,1,0,0,0,0,0,13.55074997,52.42893165
12,12601032,2018,9,20,2,3,5,7,2,0,1,0,0,0,1,0,13.33548003,52.61093562
11,11200410,2018,9,19,2,3,2,6,2,0,1,0,0,0,0,0,13.51844501,52.55262761
4,4500936,2018,9,19,4,3,1,5,0,0,1,0,1,0,0,0,13.29921666,52.50192066
10,10300731,2018,9,19,2,3,2,3,1,1,1,0,0,0,0,0,13.56279939,52.51420854
1,1100415,2018,9,9,6,3,5,3,0,1,0,0,0,0,0,0,13.38523367,52.53126575
6,6400737,2018,9,16,3,3,5,2,0,1,1,0,0,0,0,0,13.23629733,52.46945175
4,4300517,2018,9,19,2,3,0,3,0,0,1,0,1,0,0,0,13.30380917,52.525685
5,5100104,2018,9,18,4,2,0,7,0,1,0,0,0,0,0,0,13.21068095,52.56034416
7,7501030,2018,9,18,4,3,3,5,0,0,1,0,0,0,0,0,13.38007189,52.44819003
7,7601545,2018,9,19,2,3,0,4,0,0,0,1,0,0,1,0,13.4191531,52.39475599
12,12200309,2018,9,17,4,3,5,2,0,1,1,0,0,0,0,0,13.32433169,52.5649256
4,4500937,2018,9,9,2,3,3,6,0,0,0,0,0,0,1,0,13.2974918,52.49812676
1,1100207,2018,9,17,4,3,0,3,0,0,1,0,1,0,0,0,13.40122029,52.51113086
6,6200313,2018,9,17,4,3,2,6,0,0,1,0,1,0,0,0,13.34540208,52.4365861
1,1100102,2018,9,8,2,3,5,3,0,1,1,0,0,0,0,0,13.35902965,52.50987967
8,8100417,2018,9,13,4,3,2,6,0,0,1,0,0,0,1,0,13.45218466,52.47564749
11,11300721,2018,9,16,4,3,2,6,0,0,1,0,0,0,0,0,13.50504777,52.53453683
4,4300619,2018,9,8,2,3,5,2,0,0,1,0,0,0,0,0,13.31530435,52.51473186
9,9200512,2018,9,21,2,2,8,1,2,0,1,0,0,0,1,0,13.5464157,52.45706137
6,6400844,2018,9,16,4,2,3,6,0,1,1,0,0,0,0,0,13.28520323,52.45247242
1,1100206,2018,9,21,2,2,0,1,2,1,0,0,0,0,0,0,13.3890292,52.51577819
3,3400619,2018,9,8,6,3,2,7,0,0,0,0,1,0,1,1,13.37505086,52.58698938
2,2500833,2018,9,20,2,2,0,1,1,1,0,0,0,0,0,0,13.45531271,52.51008708
7,7601237,2018,9,16,4,3,5,3,0,1,1,0,0,0,0,0,13.37343944,52.41637688
7,7400822,2018,9,13,3,3,0,1,0,0,0,0,1,0,0,0,13.36941017,52.45840553
9,9100306,2018,9,16,4,3,2,6,0,0,1,0,1,0,0,0,13.49599502,52.4488914
9,9300920,2018,9,8,2,3,2,2,0,1,1,0,0,0,0,0,13.53116591,52.41546393
7,7400824,2018,9,16,4,3,5,3,0,0,1,0,1,0,0,0,13.38546269,52.46573513
6,6300526,2018,9,7,2,3,5,2,0,1,1,0,0,0,0,0,13.25601759,52.43584208
11,11300722,2018,9,14,6,3,5,2,0,1,1,0,0,0,0,0,13.47678418,52.51332955
1,1100101,2018,9,7,2,3,0,4,0,1,0,1,0,0,0,0,13.34745573,52.50706364
3,3400618,2018,9,13,4,3,5,3,0,0,1,0,0,0,1,0,13.37767472,52.59654473
9,9501939,2018,9,5,2,3,5,2,1,0,0,0,1,0,1,0,13.56256396,52.45661038
12,12100205,2018,9,9,2,3,2,6,0,0,1,0,0,0,0,0,13.34082061,52.58826162
6,6300528,2018,9,13,4,3,5,3,0,1,1,0,0,0,0,0,13.27658415,52.43022265
5,5200629,2018,9,16,2,2,6,7,0,0,1,1,0,0,0,0,13.19568077,52.53353931
1,1100313,2018,9,8,6,3,3,6,0,0,1,0,1,0,0,1,13.41853434,52.5104626
7,7100102,2018,9,10,4,2,5,2,0,1,1,0,0,0,0,0,13.34694883,52.50089312
3,3200207,2018,9,14,1,3,5,3,0,1,1,0,0,0,0,0,13.40834984,52.584315
1,1100205,2018,9,10,4,3,5,2,0,1,1,0,0,0,0,0,13.37698613,52.51242083
4,4200311,2018,9,15,4,2,6,4,0,0,0,1,1,0,0,0,13.27912358,52.50671306
8,8200730,2018,9,15,1,3,3,6,0,0,1,0,0,0,0,0,13.43510217,52.4287459
5,5200423,2018,9,14,1,3,5,2,0,0,1,0,0,0,0,0,13.14160237,52.53245756
4,4300619,2018,9,13,6,3,2,6,0,0,1,0,1,0,0,0,13.31138155,52.51598252
11,11300619,2018,9,14,1,3,1,7,0,0,1,0,0,0,0,0,13.47953314,52.5259894
8,8300934,2018,9,14,4,3,2,6,0,0,1,0,0,0,0,0,13.45337625,52.42937639
1,1100308,2018,9,12,6,3,1,5,0,1,1,0,0,0,0,0,13.38758675,52.52434904
1,1401044,2018,9,10,4,3,1,5,0,0,1,0,0,0,0,0,13.3727125,52.5528134
6,6300527,2018,9,14,1,3,5,5,0,0,1,0,0,0,0,0,13.28250521,52.44109842
3,3400620,2018,9,15,4,3,0,3,0,1,1,0,0,0,0,0,13.38362257,52.57270387
8,8100417,2018,9,15,4,3,5,2,0,1,1,0,0,0,0,0,13.45219229,52.47110067
4,4200207,2018,9,13,1,2,5,2,0,1,1,0,0,0,0,0,13.19735433,52.48011479
3,3500936,2018,9,14,4,3,6,4,0,0,1,1,0,0,0,0,13.45272952,52.54881499
2,2500830,2018,9,13,1,3,5,3,0,0,1,0,0,0,0,0,13.45781348,52.51276675
1,1300732,2018,9,14,4,3,6,4,0,0,1,1,0,0,0,0,13.38450157,52.55636237
1,1200517,2018,9,14,4,3,5,3,0,1,1,0,0,0,0,0,13.32974381,52.53308754
5,5200631,2018,9,11,1,3,5,2,0,1,1,0,0,0,0,0,13.19769361,52.52298639
7,7400823,2018,9,10,1,3,5,2,0,0,1,0,0,0,1,0,13.3720305,52.46983982
8,8100206,2018,9,14,4,3,5,3,0,0,1,0,1,0,0,0,13.42763795,52.48112918
6,6400737,2018,9,10,1,3,5,3,0,1,0,0,0,0,0,0,13.23625505,52.46945986
1,1100205,2018,9,8,6,3,1,5,0,1,1,0,0,0,0,1,13.38394658,52.51043929
9,9200819,2018,9,21,1,2,4,2,2,0,1,0,0,0,1,0,13.56278151,52.4458619
4,4501043,2018,9,10,4,3,1,5,0,1,0,0,0,0,1,0,13.31117915,52.49505317
3,3601139,2018,9,9,4,3,1,5,0,1,1,0,0,0,0,0,13.40885472,52.55480805
1,1200628,2018,9,7,1,2,8,1,0,0,1,0,0,0,0,0,13.36092096,52.52384808
11,11300721,2018,9,9,4,3,5,3,0,1,0,0,0,0,0,0,13.50150594,52.52632352
2,2100104,2018,9,8,4,3,1,5,0,1,1,0,0,0,0,0,13.40939169,52.50192294
1,1400942,2018,9,21,1,3,0,7,2,0,1,0,1,0,0,0,13.35047218,52.54949328
9,9200512,2018,9,6,1,2,1,1,0,0,1,0,0,0,0,0,13.54594447,52.45706996
12,12400619,2018,9,8,4,3,0,1,0,1,0,0,0,0,0,0,13.27440787,52.59883745
7,7501031,2018,9,7,4,3,5,2,0,1,1,0,0,0,0,0,13.40199228,52.44681892
6,6300525,2018,9,18,1,3,5,2,0,0,1,0,1,0,0,0,13.25811423,52.41209662
4,4501042,2018,9,17,1,3,1,5,0,1,1,0,0,0,1,0,13.34046231,52.50410891
4,4200206,2018,9,5,4,3,0,2,2,1,0,0,0,0,1,0,13.25807891,52.50830893
2,2400623,2018,9,1,1,3,0,1,2,1,0,0,0,0,0,0,13.43034291,52.51064856
2,2200210,2018,9,8,6,3,5,3,0,0,1,0,1,0,0,1,13.39258738,52.49179143
1,1100415,2018,9,11,1,2,0,1,0,1,0,0,0,0,0,0,13.40022381,52.53096529
7,7400928,2018,9,0,4,2,5,3,2,0,1,0,1,0,0,0,13.41887113,52.46103846
2,2300315,2018,9,21,4,3,2,2,2,0,1,0,0,0,0,0,13.42643565,52.49938243
1,1100310,2018,9,16,1,3,2,6,0,0,1,0,1,0,0,0,13.41545158,52.52659171
8,8200832,2018,9,10,4,1,6,2,0,0,0,1,0,1,0,0,13.42760041,52.42089668
4,4501152,2018,9,17,3,3,6,4,0,1,0,1,0,0,0,0,13.33079649,52.49112407
7,7400825,2018,9,15,1,3,3,6,0,0,1,0,1,0,0,0,13.3803569,52.45604409
3,3601245,2018,9,20,1,2,5,2,2,0,1,0,1,0,0,0,13.42874338,52.54777381
3,3400619,2018,9,16,3,3,5,3,0,0,1,0,1,0,0,0,13.36842012,52.58969311
11,11501340,2018,9,17,1,2,0,1,0,1,0,0,0,0,0,0,13.52548681,52.48165398
8,8200725,2018,9,8,6,2,5,2,0,0,1,0,1,0,0,1,13.4241693,52.44162812
1,1100310,2018,9,20,7,3,6,4,1,1,0,1,0,0,0,0,13.40720399,52.52478099
8,8300935,2018,9,15,3,3,5,2,0,1,1,0,0,0,0,0,13.44698459,52.42691899
5,5300736,2018,9,13,7,3,1,1,0,0,1,0,0,0,0,0,13.23263638,52.54300975
10,10200524,2018,9,7,6,3,5,3,0,0,1,0,0,0,0,1,13.62133949,52.53205281
3,3200308,2018,9,12,7,3,6,7,0,0,1,1,0,0,0,0,13.41614364,52.60811688
10,10400837,2018,9,15,3,3,5,3,0,1,1,0,0,0,0,0,13.57289632,52.48378838
12,12200515,2018,9,15,3,3,5,2,0,1,1,0,0,0,0,0,13.28120996,52.58548923
8,8100419,2018,9,13,7,3,5,3,0,0,1,0,0,0,0,0,13.45384123,52.48254982
1,1300836,2018,9,15,3,3,6,4,0,1,0,1,0,0,0,0,13.37618287,52.54621435
1,1100308,2018,9,14,3,3,1,1,0,0,1,0,1,0,0,0,13.3858281,52.52834061
2,2300316,2018,9,12,7,3,1,5,0,1,1,0,0,0,1,0,13.4396607,52.50226011
4,4400835,2018,9,7,6,2,0,5,0,1,1,0,0,0,0,1,13.32007327,52.47129162
1,1400940,2018,9,11,7,3,5,2,0,1,1,0,0,0,0,0,13.34688244,52.56070668
4,4200311,2018,9,14,3,2,3,6,0,0,1,0,1,0,0,0,13.27651974,52.50720357
11,11100309,2018,9,11,7,3,5,2,0,1,1,0,0,0,0,0,13.50697768,52.56404982
7,7300619,2018,9,6,6,3,5,3,1,1,1,0,0,0,0,1,13.34401991,52.46713827
6,6300632,2018,9,15,3,2,5,3,0,1,0,0,0,0,0,0,13.29448919,52.42701234
4,4200310,2018,9,13,3,3,5,2,0,1,1,0,0,0,0,0,13.26433976,52.5109566
4,4200310,2018,9,11,7,3,2,6,0,0,1,0,0,0,0,0,13.26126506,52.51610866
4,4400727,2018,9,13,3,3,1,5,0,1,1,0,0,0,0,0,13.29289564,52.49142696
7,7601547,2018,9,13,3,3,2,2,0,1,1,0,0,0,0,0,13.40128901,52.38213465
1,1401049,2018,9,11,7,3,5,2,0,0,1,0,0,0,0,0,13.36550762,52.55682021
4,4300416,2018,9,11,7,2,2,3,0,1,1,0,0,0,0,0,13.29271477,52.50670312
2,2400522,2018,9,16,5,3,5,7,0,0,1,0,0,0,0,0,13.44829886,52.52413754
10,10100209,2018,9,13,3,3,2,6,0,0,1,0,0,0,0,0,13.57187979,52.54679271
7,7100206,2018,9,10,7,3,2,7,0,1,1,0,0,0,0,0,13.36481013,52.48826907
1,1401049,2018,9,12,3,3,5,2,0,1,1,0,0,0,0,0,13.36669208,52.55723819
4,4501153,2018,9,6,7,3,2,4,1,0,1,1,1,0,0,0,13.33278256,52.47859944
9,9200818,2018,9,13,5,3,2,2,0,0,1,0,0,0,0,0,13.55913616,52.44840314
9,9401635,2018,9,10,7,3,9,1,0,0,1,0,0,0,0,0,13.65683667,52.41516359
6,6300634,2018,9,12,3,3,2,6,0,0,1,0,0,0,0,0,13.30674597,52.43389348
9,9502043,2018,9,18,7,2,4,6,0,0,1,0,0,0,0,0,13.57786735,52.46119463
12,12400722,2018,9,14,5,3,9,1,0,0,1,0,0,0,0,0,13.29312567,52.60850822
1,1100102,2018,9,12,3,3,5,2,0,1,1,0,0,0,0,0,13.36226119,52.50546151
1,1300732,2018,9,18,7,3,6,4,0,0,0,1,0,0,1,0,13.39305367,52.5643577
7,7400927,2018,9,14,3,3,5,2,0,0,1,0,0,1,0,0,13.40014884,52.45913258
4,4500936,2018,9,16,3,3,3,6,0,0,1,0,1,0,0,0,13.30695031,52.50055848
5,5200528,2018,9,10,3,3,2,6,0,0,1,0,0,0,0,0,13.17056239,52.5184308
6,6100207,2018,9,18,7,3,5,2,0,0,1,0,0,0,0,0,13.33128615,52.45312007
1,1100103,2018,9,18,7,3,5,2,0,0,1,0,0,0,0,0,13.34979016,52.50319936
4,4300619,2018,9,9,3,3,6,4,0,0,0,1,1,0,0,0,13.30820925,52.51832833
1,1100416,2018,9,17,7,3,5,7,0,0,1,0,1,0,0,0,13.39981963,52.53546033
4,4501045,2018,9,16,7,3,5,2,0,1,1,0,0,0,0,0,13.32368527,52.49361264
7,7100101,2018,9,9,3,3,0,1,0,0,1,0,1,0,0,0,13.34505972,52.50040893
3,3601243,2018,9,22,3,2,5,3,2,1,1,0,0,0,0,0,13.42082358,52.54878098
2,2100106,2018,9,16,7,3,2,6,0,1,1,0,0,0,0,0,13.41524354,52.49858766
8,8200831,2018,9,21,3,3,5,3,2,1,0,0,0,0,1,0,13.41496208,52.42117488
8,8100209,2018,9,16,5,3,6,4,0,1,0,1,0,0,0,0,13.44453579,52.46799003
12,12100101,2018,9,20,3,3,5,3,1,0,1,0,1,0,0,0,13.37147616,52.56064528
2,2300419,2018,9,15,7,3,5,3,0,1,1,0,0,0,0,0,13.4383964,52.49733055
8,8100207,2018,9,19,3,3,6,7,0,0,1,1,0,0,0,0,13.43762736,52.47884249
5,5200632,2018,9,9,3,3,2,6,0,0,1,0,0,0,0,0,13.21083931,52.52746517
4,4200207,2018,9,15,7,2,0,1,0,1,0,0,0,0,0,0,13.27025173,52.49721675
1,1100416,2018,9,15,7,3,5,3,0,1,0,0,1,0,0,0,13.39662516,52.53745612
1,1100308,2018,9,19,3,3,5,2,0,1,1,0,0,0,0,0,13.37831423,52.52917996
8,8100417,2018,9,13,7,3,6,4,0,0,0,1,0,0,1,0,13.45076217,52.47244689
7,7300517,2018,9,20,5,3,6,7,2,1,0,1,0,0,0,0,13.33526234,52.47218239
4,4300623,2018,9,15,7,3,1,5,0,1,1,0,0,0,0,0,13.31005753,52.50786312
2,2200212,2018,9,0,3,3,5,2,2,1,1,0,0,0,0,0,13.41591655,52.488025
11,11200410,2018,9,9,3,3,5,3,0,1,1,0,0,0,0,0,13.50015527,52.56169586
6,6200311,2018,9,21,7,2,0,6,2,1,1,0,0,0,0,0,13.35247144,52.43477268
11,11300620,2018,9,9,3,2,0,3,0,0,1,0,1,0,0,0,13.47603001,52.53300297
10,10200421,2018,9,18,3,2,6,4,0,0,1,1,0,0,0,0,13.60705838,52.53893697
10,10100104,2018,9,22,7,3,5,2,2,0,1,0,0,0,1,0,13.57435348,52.56745211
1,1100311,2018,9,21,7,2,2,6,2,1,1,0,0,0,0,0,13.42330886,52.52017616
1,1300733,2018,9,9,3,2,5,3,0,1,0,0,0,1,0,0,13.39123638,52.55029494
12,12500825,2018,9,9,3,2,5,2,0,1,0,0,0,0,1,0,13.30839966,52.58341992
6,6200421,2018,9,19,7,3,5,7,2,0,1,0,1,0,0,0,13.31413875,52.42444524
7,7200307,2018,9,19,7,3,2,6,0,0,1,0,1,0,0,0,13.34527355,52.49208231
3,3500934,2018,9,8,3,3,0,1,0,0,0,0,1,0,0,0,13.44107268,52.5493715
5,5100103,2018,9,13,7,3,5,3,0,1,1,0,0,0,0,0,13.20836587,52.56191926
11,11401136,2018,9,19,5,3,5,2,1,1,1,0,0,0,0,0,13.50712749,52.49681496
4,4501148,2018,9,13,7,3,0,2,0,1,1,0,0,0,0,0,13.31297733,52.48030317
7,2200207,2018,9,8,3,3,2,6,0,0,1,0,1,0,0,0,13.3775148,52.49190763
7,7400927,2018,9,6,3,3,5,7,0,0,1,0,0,0,1,0,13.39919461,52.46464219
11,11300618,2018,9,8,3,3,2,6,0,0,1,0,0,0,0,0,13.45923464,52.52589776
2,2100102,2018,9,1,7,3,5,7,2,0,1,0,0,0,1,0,13.39566054,52.49898286
2,2500728,2018,9,18,3,3,2,6,1,0,1,0,1,0,0,0,13.46473669,52.51460432
3,3701554,2018,9,20,7,1,0,7,1,1,0,0,0,1,0,0,13.41148277,52.54019906
6,6400844,2018,9,19,5,2,5,2,0,1,1,0,0,0,0,0,13.30379691,52.45912351
12,12200309,2018,9,23,6,3,2,6,2,0,1,0,0,0,0,1,13.3273837,52.5641584
9,9200818,2018,9,18,3,3,2,6,1,0,1,0,1,0,0,0,13.55921559,52.44763695
5,5100316,2018,9,20,6,3,6,7,1,0,0,1,0,1,0,0,13.20268923,52.5368316
3,3100103,2018,9,18,5,3,5,3,0,1,1,0,0,0,0,0,13.49927346,52.63061316
7,7200307,2018,9,18,3,3,5,2,1,1,1,0,0,0,0,0,13.34515827,52.48898356
2,2200212,2018,9,20,6,3,1,5,2,1,1,0,0,0,0,0,13.41734424,52.48771183
1,1100311,2018,9,22,6,3,5,2,2,0,1,0,0,0,0,0,13.41814812,52.51556819
6,6300525,2018,9,8,3,3,0,1,0,1,0,0,0,0,0,0,13.26758438,52.40761764
10,10100205,2018,9,7,6,3,0,3,0,0,0,0,1,1,0,1,13.52879955,52.55656583
4,4500936,2018,9,18,3,3,5,2,0,0,1,0,0,0,0,0,13.30713463,52.50008311
6,6100101,2018,9,19,6,2,6,7,2,0,1,1,0,0,0,0,13.3197637,52.45722847
9,9200715,2018,9,18,3,3,2,6,0,0,1,0,0,0,0,0,13.55083023,52.4290789
5,5400945,2018,9,7,3,3,4,2,0,1,1,0,0,0,0,0,13.12194052,52.45147594
8,8100209,2018,9,19,6,3,3,6,1,1,0,0,1,0,0,0,13.44814378,52.46837286
5,5200630,2018,9,19,6,3,5,2,0,1,1,0,0,0,0,0,13.18887206,52.52154111
2,2400521,2018,9,18,6,3,5,3,0,1,1,0,0,0,0,0,13.4296202,52.52327866
5,5200527,2018,9,17,3,3,5,3,0,1,1,0,0,0,0,0,13.16202025,52.52296342
1,1300733,2018,9,18,6,3,2,4,0,0,1,1,1,0,0,0,13.38627052,52.54958434
9,9301025,2018,9,7,3,3,2,6,0,0,1,0,0,0,1,0,13.54529938,52.39910486
3,3200205,2018,9,18,6,2,5,3,0,0,1,0,1,0,0,0,13.40270618,52.59315727
1,1100103,2018,9,17,3,3,3,6,0,0,1,0,1,0,0,0,13.35514333,52.50178081
12,12200310,2018,9,17,3,3,2,6,0,0,1,0,0,0,0,0,13.31018284,52.56796122
7,7100101,2018,9,18,6,3,5,2,0,0,1,0,1,0,0,0,13.34585684,52.50132579
8,8401243,2018,9,16,3,3,6,4,0,0,1,1,0,0,0,0,13.4957125,52.41770202
9,9200512,2018,9,16,3,3,2,6,0,0,1,0,0,0,0,0,13.55401979,52.45595335
1,1401048,2018,9,17,6,3,1,5,0,1,1,0,0,0,1,0,13.35444041,52.5515283
9,9200819,2018,9,15,6,3,1,5,0,1,0,0,0,0,0,0,13.56513444,52.44537147
1,1200522,2018,9,16,3,3,2,2,0,1,1,0,0,0,0,0,13.33393057,52.52448804
4,4200310,2018,9,15,6,3,0,1,0,0,0,0,1,0,0,0,13.26470636,52.50878887
4,4200311,2018,9,14,6,3,3,6,0,0,1,0,0,0,0,0,13.28137304,52.50097613
6,6300632,2018,9,0,3,3,5,3,2,0,1,0,0,0,0,0,13.30676726,52.42892866
8,8200726,2018,9,18,3,3,0,1,0,0,0,0,1,0,0,0,13.43354936,52.44416378
7,7300517,2018,9,14,6,3,2,6,0,0,1,0,0,0,0,0,13.33542189,52.47153975
4,4300624,2018,9,0,3,3,5,7,2,0,1,0,0,0,0,0,13.31480337,52.50630887
4,4501042,2018,9,23,3,3,5,3,2,0,1,0,0,0,0,0,13.33232581,52.50629925
1,1200628,2018,9,14,6,3,5,3,0,0,1,0,0,0,0,0,13.35979435,52.52346518
11,11100102,2018,9,13,6,3,6,7,0,0,0,1,0,0,1,0,13.55000353,52.56888868
2,2200213,2018,9,22,3,3,6,7,2,0,1,1,0,0,0,0,13.41515593,52.49533737
1,1100311,2018,9,1,6,3,5,3,2,1,1,0,0,0,0,0,13.41833299,52.51559372
12,12400722,2018,9,15,3,2,1,7,0,0,1,0,1,0,0,0,13.29614839,52.61065091
4,4501150,2018,9,9,6,3,5,2,0,1,0,0,0,0,1,1,13.32239295,52.48637423
8,8300934,2018,9,13,3,3,5,2,0,1,1,0,0,0,0,0,13.4548166,52.43471906
12,12100205,2018,9,9,6,3,0,1,0,0,0,1,1,0,0,1,13.33205055,52.56336901
12,12400722,2018,9,6,3,3,5,3,0,1,1,0,0,0,0,0,13.29756399,52.61728171
6,6300528,2018,9,7,6,3,2,1,0,0,1,0,0,0,1,1,13.25495757,52.42771699
1,1200519,2018,9,9,6,2,5,2,0,1,0,0,1,0,0,0,13.33545625,52.52680433