BEZ,LOR_ab_2021,UJAHR,UMONAT,USTUNDE,UWOCHENTAG,UKATEGORIE,UART,UTYP1,ULICHTVERH,IstRad,IstPKW,IstFuss,IstKrad,IstGkfz,IstSonstige,USTRZUSTAND,XGCSWGS84,YGCSWGS84
11,11401135,2018,9,19,2,3,5,3,1,1,1,0,0,0,0,0,13.50177629,52.49821527
4,4501043,2018,9,17,2,3,5,2,0,0,1,0,0,0,0,0,13.30826461,52.49618551
12,12200411,2018,9,9,6,3,2,6,0,0,1,0,0,1,0,1,13.32660785,52.56228888
8,8200831,2018,9,16,2,3,5,2,0,0,1,0,0,0,1,0,13.40695793,52.41584603
7,7400825,2018,9,17,2,3,0,2,0,0,1,1,0,0,0,0,13.38149936,52.45844461
4,4300622,2018,9,9,6,3,2,6,0,0,1,0,0,0,0,1,13.32752271,52.50547631
4,4200310,2018,9,9,6,3,2,7,0,0,1,0,1,0,0,1,13.27423321,52.51034513
3,3300516,2018,9,17,2,3,2,6,0,0,1,0,0,0,0,0,13.44085268,52.57929979
11,11300619,2018,9,9,6,3,2,6,0,1,1,0,0,0,0,1,13.47138552,52.5262684
8,8100209,2018,9,17,2,3,5,2,0,1,1,0,0,0,0,0,13.44468108,52.4680052
4,4501153,2018,9,20,4,3,5,7,2,1,1,0,0,0,0,0,13.33275377,52.47869341
6,6100205,2018,9,0,7,3,2,2,2,0,1,0,0,0,0,0,13.35750513,52.44849495
11,11300722,2018,9,13,4,2,0,1,0,0,0,0,1,0,0,0,13.47787266,52.51647446
5,5200632,2018,9,10,6,2,9,1,0,0,0,0,0,0,1,0,13.21830461,52.51989839
12,12100205,2018,9,19,4,3,5,2,2,1,1,0,0,0,0,0,13.34677129,52.56857013
7,7400721,2018,9,23,7,3,5,3,2,0,1,0,0,0,0,1,13.37760602,52.47563228
1,1100102,2018,9,20,7,3,6,4,2,0,0,1,1,0,0,0,13.37132158,52.5209124
3,3400721,2018,9,19,4,3,0,3,1,1,1,0,0,0,0,0,13.40153165,52.56912053
1,1401044,2018,9,19,7,2,5,2,1,0,1,0,0,0,1,0,13.37158834,52.55399657
3,3601243,2018,9,17,4,3,1,5,0,1,1,0,0,0,0,0,13.41726097,52.55329751
2,2400625,2018,9,19,7,3,2,6,0,1,1,0,0,0,0,0,13.43875738,52.50572182
2,2400623,2018,9,17,4,3,3,2,0,1,1,0,0,0,0,0,13.4300122,52.51021004
1,1200517,2018,9,13,4,3,2,6,0,0,1,0,1,0,0,0,13.32101314,52.52821102
4,4400727,2018,9,17,7,3,5,2,0,1,1,0,0,0,0,0,13.28523334,52.47948141
1,1100206,2018,9,20,5,2,0,1,2,1,0,0,0,0,0,0,13.39594431,52.5199336
7,7400720,2018,9,15,7,3,2,2,0,0,1,0,0,0,1,0,13.38593332,52.48431333
3,3400829,2018,9,13,7,3,5,3,0,1,1,0,0,0,0,0,13.42688367,52.5643263
3,3500934,2018,9,11,4,3,5,2,0,1,1,0,0,0,0,0,13.44108454,52.54955799
3,11200512,2018,9,18,5,3,2,7,1,0,1,0,0,0,0,0,13.4673897,52.54815304
7,7400823,2018,9,11,4,3,5,2,0,1,0,0,0,0,1,0,13.37819828,52.46760962
1,1401045,2018,9,11,7,3,6,4,0,0,1,1,0,0,0,0,13.37994768,52.5528796
12,12100205,2018,9,23,7,2,8,1,2,0,0,0,1,0,0,0,13.35098946,52.56757768
2,2400625,2018,9,16,5,3,5,3,0,1,1,0,0,0,0,0,13.44666141,52.50257025
6,6300525,2018,9,11,4,3,1,5,0,1,0,0,0,0,1,0,13.26124365,52.41174557
1,1100416,2018,9,19,6,3,6,4,1,1,0,1,0,0,0,0,13.40564394,52.53456427
4,4501153,2018,9,15,5,3,6,4,0,1,0,1,0,0,0,0,13.33705328,52.48580448
2,2400522,2018,9,10,4,3,5,3,0,1,1,0,0,0,0,0,13.44841504,52.5218114
12,12200412,2018,9,23,6,3,5,2,2,0,1,0,1,0,0,0,13.29735626,52.57764617
3,3601449,2018,9,9,4,3,5,3,0,0,1,0,0,0,0,0,13.44589925,52.544751
1,1100310,2018,9,10,4,3,1,5,0,1,0,0,0,0,1,0,13.41201571,52.52557855
8,8100102,2018,9,18,6,3,1,5,0,1,1,0,0,0,0,0,13.4253409,52.47991646
8,8100206,2018,9,19,6,3,5,2,0,1,1,0,0,0,0,0,13.42770206,52.48113599
4,4501041,2018,9,10,5,3,6,7,0,0,1,1,0,0,0,0,13.32160597,52.50031836
4,4501043,2018,9,8,4,3,5,3,0,0,1,0,0,0,0,0,13.31116691,52.49607406
2,2400521,2018,9,19,6,3,4,6,1,1,0,0,0,0,0,0,13.43249058,52.52316272
4,4300622,2018,9,8,6,3,1,5,0,1,1,0,0,0,0,0,13.32896435,52.50550794
3,3500934,2018,9,9,4,3,1,5,0,1,1,0,0,0,0,0,13.43388565,52.55324178
2,2300314,2018,9,9,4,3,2,2,0,1,1,0,0,0,0,0,13.42058126,52.50311556
10,10100316,2018,9,23,6,2,5,3,2,1,1,0,0,0,0,0,13.57529624,52.54701539
10,10200423,2018,9,16,4,3,6,4,0,0,1,1,0,0,0,0,13.616976,52.54000909
2,2500831,2018,9,16,4,3,2,6,0,1,1,0,0,0,0,0,13.46703779,52.51277537
10,10200421,2018,9,16,4,2,6,4,0,0,1,1,0,0,0,0,13.60452122,52.53654869
2,2100104,2018,9,22,6,3,2,2,2,0,1,0,0,0,0,0,13.41052986,52.50336654
10,10300734,2018,9,16,4,2,5,2,0,1,1,0,0,0,0,0,13.55257279,52.50023788
2,2100104,2018,9,15,4,3,5,2,0,1,1,0,0,0,0,0,13.41045238,52.50380079
12,12100206,2018,9,10,6,3,5,7,0,1,1,0,0,0,0,0,13.34131656,52.57523602
9,9200510,2018,9,9,6,3,2,2,0,0,1,0,0,0,0,0,13.50223217,52.48154396
2,2200210,2018,9,8,5,3,0,1,0,1,0,0,0,0,0,0,13.39606273,52.49606028
3,3200309,2018,9,15,4,3,1,5,0,1,1,0,0,0,0,0,13.43943811,52.59747565
7,7300618,2018,9,9,6,3,0,6,0,0,1,0,0,1,0,0,13.33400147,52.46841874
2,2200210,2018,9,15,4,3,5,3,0,1,1,0,0,0,0,0,13.40065336,52.49046103
2,2100106,2018,9,15,4,3,3,6,0,1,0,0,0,0,0,0,13.39964904,52.4984616
5,5300841,2018,9,9,6,2,1,5,0,1,1,0,0,0,0,0,13.27491839,52.53589397
6,6200312,2018,9,14,4,3,5,3,0,1,1,0,0,0,0,0,13.33250872,52.44030082
1,1200629,2018,9,9,6,3,0,6,0,1,1,0,0,0,0,0,13.3406383,52.51977035
9,9100409,2018,9,15,4,3,2,6,0,0,1,0,0,0,0,0,13.4984789,52.43408921
8,8100418,2018,9,18,6,2,6,4,1,1,0,1,0,0,0,0,13.44958201,52.47908432
6,6200421,2018,9,8,6,3,6,7,0,1,0,1,0,0,0,0,13.32698015,52.4296333
4,4300518,2018,9,16,4,3,2,6,0,0,1,0,0,0,0,0,13.29602187,52.53027658
6,6400844,2018,9,0,6,3,0,5,2,1,1,0,0,0,0,0,13.2889405,52.46590657
4,4300623,2018,9,18,6,3,2,6,0,0,1,0,1,0,0,0,13.30774573,52.5065822
1,1100309,2018,9,10,6,3,0,1,0,1,0,0,0,0,0,0,13.40917817,52.52844761
8,8100206,2018,9,6,5,2,5,7,0,0,1,0,1,0,0,0,13.43265076,52.48172067
4,4300619,2018,9,15,4,3,0,1,0,1,0,0,0,0,0,0,13.30393785,52.51834676
4,4500937,2018,9,8,6,3,5,5,0,0,1,0,1,0,0,0,13.29243293,52.49785475
8,8100311,2018,9,18,6,2,3,6,0,1,0,0,0,0,1,0,13.42912806,52.48657308
4,4500937,2018,9,13,4,2,0,4,0,0,0,1,0,1,1,0,13.29425833,52.49770513
1,1100309,2018,9,15,5,2,3,6,0,1,1,0,0,0,0,0,13.40724919,52.52929007
8,8300934,2018,9,17,4,3,6,4,0,0,1,1,0,0,0,0,13.46700012,52.42839297
2,2200213,2018,9,8,6,3,6,4,0,1,0,1,0,0,0,1,13.42437389,52.48827633
7,7200308,2018,9,17,4,3,5,2,0,1,0,0,1,0,0,0,13.341216,52.48556915
6,6100205,2018,9,19,5,3,1,5,2,1,1,0,0,0,0,0,13.3493832,52.44758092
11,11501340,2018,9,16,4,3,5,3,0,0,1,0,0,0,0,0,13.52758922,52.48440709
10,10100312,2018,9,17,6,3,2,6,0,1,1,0,0,0,0,0,13.5405572,52.52595652
8,8100105,2018,9,7,6,3,6,4,0,0,1,1,0,0,0,0,13.43057142,52.46433927
7,7300516,2018,9,16,5,3,2,7,0,0,1,0,0,0,0,0,13.32930219,52.46566919
1,1100205,2018,9,12,4,3,5,7,0,0,1,0,0,0,0,0,13.3766457,52.51010417
10,10400836,2018,9,7,6,3,5,3,0,1,1,0,0,0,0,1,13.58380966,52.50957127
7,7100205,2018,9,15,5,3,5,3,0,1,1,0,0,0,0,0,13.36708587,52.49321318
11,11401136,2018,9,12,4,3,2,2,0,0,1,0,0,0,0,0,13.50003837,52.49894235
11,11300721,2018,9,7,6,2,5,3,0,0,1,0,1,0,0,0,13.49970561,52.52519289
11,11100101,2018,9,17,4,3,2,6,0,0,1,0,0,0,0,0,13.52727673,52.59190108
2,2200210,2018,9,11,4,3,5,3,0,1,0,0,0,0,0,0,13.39225461,52.49215361
2,2100102,2018,9,7,6,3,0,1,0,0,0,0,1,0,0,0,13.3929534,52.50438059
11,11100102,2018,9,17,5,2,5,2,0,1,1,0,0,0,0,0,13.54947035,52.5687642
1,1100416,2018,9,17,4,2,0,1,0,1,0,0,0,0,0,0,13.40539344,52.53429711
2,2300418,2018,9,16,6,3,3,6,0,1,1,0,0,0,0,0,13.43714838,52.49319586
2,2500833,2018,9,9,4,3,3,6,0,1,0,0,0,0,1,0,13.45283998,52.51241074
1,1300834,2018,9,8,4,3,6,2,0,0,0,1,0,0,1,0,13.39098307,52.54486572
12,12500824,2018,9,16,6,3,5,3,0,0,1,0,0,0,0,0,13.29827905,52.59843073
4,4500937,2018,9,18,5,3,0,7,0,0,1,0,0,0,1,0,13.29753284,52.49813452
4,4501041,2018,9,9,4,3,5,2,0,1,1,0,0,0,0,0,13.3170025,52.50267404
1,1100309,2018,9,16,6,3,6,6,0,1,0,1,0,0,0,0,13.39382504,52.52774058
12,12200412,2018,9,15,6,2,5,2,0,0,1,0,1,0,0,0,13.29524003,52.57554894
1,1100310,2018,9,16,5,3,6,4,0,1,0,1,0,0,0,0,13.40327452,52.52151575
4,4200311,2018,9,9,4,3,0,3,0,0,1,0,1,0,0,0,13.27444167,52.50800533
4,4300622,2018,9,20,6,3,1,5,2,1,0,0,0,0,1,0,13.33056583,52.50697144
8,8100419,2018,9,7,4,3,5,3,0,0,1,0,1,0,0,0,13.44894393,52.48503691
1,1200629,2018,9,15,6,3,5,2,0,0,1,0,1,0,0,0,13.33847012,52.51699296
11,11200513,2018,9,6,4,3,5,3,0,1,1,0,0,0,0,0,13.4948362,52.54542906
1,1100311,2018,9,16,4,3,6,7,0,1,0,1,0,0,0,0,13.41442591,52.51960197
12,12200308,2018,9,15,6,2,1,5,0,1,1,0,0,0,0,0,13.32392959,52.57383634
1,1200626,2018,9,15,6,3,1,5,0,1,1,0,0,0,0,0,13.34872704,52.52464735
7,7400823,2018,9,10,5,3,6,7,0,1,0,1,0,0,0,0,13.37331885,52.46910485
1,1300835,2018,9,5,4,3,2,6,1,0,1,0,0,0,0,0,13.3929687,52.53728091
3,3100101,2018,9,14,6,3,6,2,0,0,0,1,0,0,1,0,13.49138095,52.6377623
5,5100209,2018,9,12,5,2,5,2,0,0,1,0,0,0,0,0,13.18460548,52.54755923
8,8100312,2018,9,13,6,3,5,7,0,1,1,0,0,0,0,0,13.43367666,52.48675584
5,5300838,2018,9,13,6,3,2,6,0,0,1,0,1,0,0,0,13.24910949,52.55197916
9,9100407,2018,9,15,4,1,8,1,0,0,0,0,1,0,0,0,13.4918758,52.45809046
8,8100417,2018,9,14,3,3,5,2,0,0,1,0,0,0,0,0,13.45458184,52.47451768
4,4501153,2018,9,11,6,3,5,2,0,1,1,0,0,0,0,0,13.33079072,52.48613619
4,4300622,2018,9,12,3,3,6,4,0,0,1,1,0,0,0,0,13.32678002,52.5086902
2,2300315,2018,9,11,3,3,5,2,0,1,1,0,0,0,0,0,13.42763816,52.49917147
7,7400824,2018,9,9,6,2,6,4,0,0,1,1,0,0,0,0,13.38480363,52.46571162
3,3601450,2018,9,20,5,3,3,6,2,1,0,0,0,0,0,0,13.45121367,52.53551114
2,2100106,2018,9,7,5,3,5,3,0,1,1,0,0,0,0,0,13.4121799,52.49866911
4,4300622,2018,9,11,3,3,5,2,0,0,0,0,1,0,0,0,13.33045926,52.511106
3,3601348,2018,9,17,5,3,5,3,0,1,1,0,0,0,0,0,13.42260973,52.54458357
4,4300622,2018,9,14,5,3,5,3,0,0,1,0,0,0,0,0,13.32097907,52.51307718
9,9100304,2018,9,16,5,3,2,6,0,0,1,0,0,0,1,0,13.48087043,52.46088454
10,10200421,2018,9,22,5,3,6,4,2,0,1,1,0,0,0,1,13.60413989,52.53865136
4,4300517,2018,9,11,3,3,2,6,0,0,1,0,0,0,0,0,13.30035444,52.5222931
5,5200631,2018,9,10,3,3,1,5,0,1,1,0,0,0,0,0,13.19961623,52.52479649
4,4100101,2018,9,22,5,3,6,2,2,0,1,1,0,0,0,1,13.28226897,52.53392922
6,6100205,2018,9,10,3,3,5,2,0,0,1,0,1,0,0,0,13.34511844,52.44885788
9,9100101,2018,9,22,5,3,5,2,2,1,1,0,0,0,0,0,13.45401913,52.48893069
2,2500830,2018,9,9,3,3,5,3,0,1,1,0,0,0,0,0,13.45784698,52.51283786
1,1100310,2018,9,9,3,3,5,2,0,1,1,0,0,0,0,0,13.41016337,52.52399554
5,5100316,2018,9,19,5,3,0,7,0,0,0,0,1,0,0,0,13.19724364,52.54102791
1,1401046,2018,9,9,3,3,5,2,0,1,0,0,1,0,0,0,13.34926271,52.54223231
7,7100102,2018,9,9,3,3,0,6,0,0,0,0,1,0,1,0,13.34759015,52.49447954
1,1300733,2018,9,19,5,3,5,2,2,0,1,0,0,0,0,1,13.38641424,52.5495002
2,2200210,2018,9,19,5,3,2,6,2,0,1,0,1,0,0,1,13.39232483,52.49740199
10,10100209,2018,9,6,5,3,1,5,1,1,1,0,0,0,0,0,13.56609245,52.55142634
2,2200212,2018,9,6,3,3,6,4,1,1,0,1,0,0,0,0,13.40742891,52.48924293
4,4500938,2018,9,11,5,3,1,5,0,1,1,0,0,0,0,1,13.29424043,52.49715663
3,3400721,2018,9,14,5,3,1,5,0,0,1,0,1,0,0,0,13.39969539,52.56572776
2,2100106,2018,9,19,5,3,5,3,1,0,1,0,0,0,0,0,13.39966797,52.49841426
7,7501134,2018,9,8,3,2,0,7,0,0,1,1,0,0,0,0,13.38854685,52.43915689
6,6200420,2018,9,15,5,3,2,6,0,0,1,0,0,0,0,0,13.30707179,52.41971892
8,8401244,2018,9,6,3,3,5,2,0,1,1,0,0,0,0,0,13.50348172,52.41167952
4,4300623,2018,9,15,5,3,2,6,0,0,1,0,0,0,0,0,13.30463863,52.50991785
8,8200831,2018,9,0,5,3,1,5,1,0,1,0,0,0,1,0,13.4012137,52.41762939
12,12100204,2018,9,8,3,3,1,5,0,0,1,0,0,0,0,0,13.35454195,52.56210106
8,8100104,2018,9,13,5,3,3,2,0,1,1,0,0,0,0,0,13.43034728,52.46914794
5,5200632,2018,9,14,5,3,2,6,0,0,1,0,0,0,0,0,13.21528058,52.52681251
1,1100416,2018,9,11,5,3,5,7,0,0,1,0,0,0,0,1,13.40174049,52.53326934
1,1300733,2018,9,6,6,3,0,2,1,1,0,0,0,0,1,0,13.39156859,52.55543128
10,10200629,2018,9,8,3,3,3,6,0,1,1,0,0,0,0,0,13.57657778,52.51323102
8,8200624,2018,9,18,5,3,4,6,0,0,1,0,0,0,0,0,13.43012249,52.46030232
1,1300733,2018,9,11,5,3,5,2,0,1,0,0,0,1,0,1,13.38332341,52.55473147
9,9200819,2018,9,11,3,3,0,1,0,0,0,0,1,0,0,0,13.56048404,52.44261009
10,10100316,2018,9,18,5,3,9,1,1,0,1,0,0,0,0,1,13.57020886,52.54072653
7,7100101,2018,9,4,5,3,5,3,2,0,1,0,1,0,0,0,13.34589011,52.49457124
7,7200307,2018,9,15,3,3,1,5,0,1,1,0,0,0,0,0,13.3449428,52.48736614
7,7200409,2018,9,10,5,3,0,7,0,0,1,0,1,0,0,1,13.34689908,52.48927897
8,8401244,2018,9,17,3,2,5,2,0,0,1,0,0,0,0,0,13.49557933,52.41529097
2,2400521,2018,9,17,3,3,3,2,0,0,0,0,1,0,1,0,13.42867965,52.51888998
1,1400942,2018,9,10,5,3,5,3,0,0,1,0,0,0,0,1,13.34606456,52.54490357
2,2400623,2018,9,17,5,3,2,6,0,0,1,0,0,0,0,0,13.42987114,52.50991019
4,4501147,2018,9,9,5,2,5,3,0,1,1,0,0,0,0,1,13.31451587,52.4903082
4,4200207,2018,9,13,5,3,3,6,0,1,1,0,0,0,0,0,13.20002796,52.49550361
2,2100102,2018,9,9,5,3,5,3,0,1,0,0,0,0,0,1,13.39162298,52.50093888
4,4100101,2018,9,17,3,3,5,2,0,1,1,0,0,0,0,0,13.2948519,52.53958843
1,1200623,2018,9,0,5,3,5,3,2,0,1,0,0,0,0,0,13.35749457,52.53596578
3,3500936,2018,9,17,3,3,1,5,0,0,1,0,0,0,0,0,13.4558411,52.5482321
1,1100206,2018,9,9,5,3,2,2,0,0,1,0,0,0,0,1,13.38069876,52.51666268
5,5300736,2018,9,21,3,2,5,3,2,0,1,0,0,0,0,0,13.23184315,52.54515717
6,6400737,2018,9,21,3,3,8,7,2,0,1,0,0,0,0,0,13.19649415,52.44792238
1,1100310,2018,9,9,5,3,5,3,0,1,0,0,0,0,0,1,13.41055421,52.52801311
12,12601031,2018,9,19,3,3,2,2,1,0,1,0,0,0,0,0,13.32968766,52.60209476
1,1100308,2018,9,8,5,3,3,6,0,1,1,0,0,0,0,1,13.38050673,52.53261964
1,1200517,2018,9,18,3,3,5,7,0,0,1,0,1,0,0,0,13.34435809,52.53790759
3,3500936,2018,9,18,3,3,5,3,0,1,0,0,0,0,1,0,13.45273786,52.54860383
12,12601032,2018,9,8,5,3,5,3,0,0,1,0,0,0,0,1,13.32488508,52.60823645
12,12500926,2018,9,7,5,3,5,7,0,0,1,0,1,0,0,1,13.32944002,52.59408409
9,9301126,2018,9,12,5,3,5,3,0,0,1,0,0,0,0,0,13.57444303,52.41391276
1,1100205,2018,9,18,3,3,6,4,0,1,0,1,0,0,0,0,13.37826217,52.5077632
11,11300725,2018,9,6,5,3,6,4,1,0,1,1,0,0,0,0,13.49910759,52.5175982
8,8100209,2018,9,17,5,3,5,2,0,1,0,0,0,0,1,0,13.44491493,52.46802997
5,5100211,2018,9,18,5,3,5,3,1,0,1,0,0,0,0,1,13.17810132,52.54881264
1,1200522,2018,9,18,3,3,5,2,0,0,0,0,1,0,1,0,13.33930709,52.52570672
2,2500729,2018,9,17,3,3,6,4,0,0,1,1,0,0,0,0,13.47331112,52.5150357
1,1100313,2018,9,18,5,3,5,3,0,0,1,0,1,0,0,1,13.42877533,52.50868988
10,10100314,2018,9,16,3,3,1,5,0,1,1,0,0,0,0,0,13.55701594,52.5405969
3,3601245,2018,9,15,3,2,5,2,0,0,1,0,1,0,0,0,13.43645931,52.54851969
3,3100103,2018,9,8,5,2,0,1,0,0,0,0,1,0,0,1,13.49920123,52.6304787
5,5200633,2018,9,8,5,3,2,6,0,0,1,0,0,1,0,1,13.18532969,52.51536459
1,1100416,2018,9,7,5,3,5,3,0,1,1,0,0,0,0,0,13.40265556,52.53854543
4,4300414,2018,9,15,3,3,5,3,0,0,1,0,0,0,0,0,13.2887321,52.51226003
2,2400520,2018,9,14,3,3,5,7,0,0,1,0,1,0,0,0,13.44146695,52.52583152
1,1300836,2018,9,18,5,3,2,1,0,0,1,0,1,0,0,1,13.3767682,52.54336117
12,12100205,2018,9,11,5,3,0,1,0,0,0,0,1,0,0,1,13.36102691,52.57709247
3,3300517,2018,9,9,5,3,1,5,0,0,1,0,1,0,0,0,13.48064251,52.572362
1,1300730,2018,9,14,3,3,5,2,0,0,1,0,0,0,0,0,13.3769724,52.55755033
10,10200629,2018,9,10,5,3,0,1,0,0,0,0,1,0,0,1,13.58262583,52.52240862
5,5300737,2018,9,16,5,3,2,6,0,0,1,0,0,0,1,0,13.23220149,52.54025272
7,7400824,2018,9,16,5,3,5,3,0,1,1,0,0,0,0,0,13.38532357,52.46858872
2,2300314,2018,9,13,3,3,5,3,0,0,1,0,0,0,0,0,13.41676998,52.50431146
7,7601442,2018,9,12,3,3,5,3,0,0,1,0,0,0,0,0,13.40208921,52.40661331
4,4300412,2018,9,16,5,3,5,2,0,1,1,0,0,0,0,0,13.29008295,52.51894984
10,10100312,2018,9,14,3,2,0,1,0,0,0,0,1,0,0,0,13.53851882,52.52461237
1,1100310,2018,9,9,6,3,5,2,0,1,1,0,0,0,0,0,13.40978578,52.52401505
4,4501153,2018,9,17,2,3,0,2,0,1,1,0,0,0,0,0,13.32803687,52.47991105
2,2100102,2018,9,15,5,3,3,6,0,0,1,0,1,0,0,0,13.39836606,52.50720857
6,6100206,2018,9,15,5,3,5,3,0,0,1,0,0,0,0,0,13.34420196,52.44589957
9,9100304,2018,9,22,2,3,0,3,2,1,1,0,0,0,0,0,13.48457523,52.46351704
4,4300623,2018,9,15,5,3,5,2,0,1,1,0,0,0,0,0,13.31377156,52.50636563
7,7300517,2018,9,17,5,3,2,4,0,1,0,1,0,0,0,0,13.32826472,52.47728124
1,1100309,2018,9,8,5,3,2,6,0,0,1,0,0,0,0,0,13.39914071,52.52952481
1,1200625,2018,9,22,2,3,1,5,2,0,1,0,1,0,0,0,13.34515228,52.52976255
8,8200833,2018,9,9,5,3,3,6,0,0,0,0,1,1,0,1,13.43698515,52.42372493
3,3400618,2018,9,7,5,3,0,2,1,1,1,0,0,0,0,0,13.37545467,52.59718211
1,1100103,2018,9,10,5,3,2,6,0,0,1,0,0,1,0,1,13.35213291,52.5053654
1,1100206,2018,9,15,2,3,2,6,0,1,1,0,0,0,0,0,13.38623736,52.51448362
3,3500934,2018,9,14,2,3,5,3,0,0,1,0,1,0,0,0,13.44058517,52.55375532
5,5200420,2018,9,18,4,3,5,3,0,1,1,0,0,0,0,0,13.15714885,52.53441178
1,1300834,2018,9,14,2,3,5,2,0,1,1,0,0,0,0,0,13.39562983,52.53863761
12,12500930,2018,9,21,5,3,5,2,2,0,1,0,0,0,0,0,13.32383353,52.58750663
8,8401243,2018,9,13,2,3,5,2,0,1,1,0,0,0,0,0,13.49467858,52.42130547
1,1200626,2018,9,16,4,3,2,7,0,0,1,0,0,0,0,0,13.34614234,52.52497583
3,3500934,2018,9,7,4,3,1,5,0,1,1,0,0,0,0,0,13.43271056,52.55272596
10,10100311,2018,9,8,4,3,5,3,0,1,1,0,0,0,0,0,13.52779838,52.5196639
8,8200832,2018,9,13,2,3,5,3,0,1,1,0,0,0,0,0,13.42582659,52.41368539
2,2200209,2018,9,19,4,3,5,5,1,0,1,0,1,0,0,0,13.37660138,52.48576445
2,2500726,2018,9,19,4,3,6,4,1,1,0,1,0,0,0,0,13.45012225,52.52224735
10,10400940,2018,9,16,5,3,5,3,0,1,1,0,0,0,0,0,13.59859773,52.49436241
1,1100102,2018,9,13,2,3,2,6,0,0,0,0,1,0,1,0,13.36539532,52.510162
7,7601339,2018,9,18,4,3,5,2,0,1,1,0,0,0,0,0,13.34624755,52.41503031
4,4300412,2018,9,19,2,3,5,3,2,1,1,0,0,0,0,0,13.28662474,52.51888461
3,3100103,2018,9,13,2,3,2,7,0,0,1,0,1,0,0,0,13.5005299,52.63266878
10,10200524,2018,9,18,4,3,1,7,0,1,1,0,0,0,0,0,13.61690693,52.53629541
6,6400737,2018,9,12,5,3,5,2,0,1,1,0,0,0,0,0,13.22028372,52.43168954
3,3200309,2018,9,7,4,3,2,6,0,0,1,0,0,0,0,0,13.44243201,52.61443463
2,2200209,2018,9,23,4,2,0,5,2,0,0,0,1,0,1,0,13.37869926,52.48957436
8,8100103,2018,9,11,2,2,5,2,0,0,1,0,1,0,0,0,13.4271618,52.47518884
3,3701555,2018,9,7,4,3,0,7,0,0,1,0,0,0,0,0,13.41846813,52.53827987
6,6300526,2018,9,18,5,3,2,6,0,1,1,0,0,0,0,0,13.25559756,52.43082889
4,4300415,2018,9,11,2,3,1,5,0,0,1,0,0,0,1,0,13.29194235,52.50668089
12,12100101,2018,9,7,4,2,1,5,0,1,0,0,0,0,1,0,13.37833172,52.5657907
4,4501044,2018,9,10,4,3,2,7,0,1,1,0,0,0,0,0,13.31951657,52.49360628
11,11100307,2018,9,7,4,3,1,5,0,1,1,0,0,0,0,0,13.50202916,52.57162236
2,2500835,2018,9,19,2,3,6,4,1,0,0,1,1,0,0,0,13.45576075,52.50088704
3,3400725,2018,9,7,4,3,5,3,0,1,0,0,0,0,0,0,13.41854686,52.58288706
3,3400620,2018,9,16,4,3,5,3,0,1,1,0,0,0,0,0,13.37835607,52.57651386
9,9100407,2018,9,9,2,3,6,2,0,0,1,1,0,0,0,0,13.50025543,52.44127093
4,4501044,2018,9,14,4,2,5,2,0,1,0,0,1,0,0,0,13.31880508,52.49184125
4,4100101,2018,9,9,2,3,5,3,0,1,0,0,0,0,1,0,13.27246494,52.53894171
1,1200522,2018,9,5,5,3,5,3,2,1,1,0,0,0,0,0,13.3299159,52.52291422
2,2500831,2018,9,18,2,2,1,5,1,1,1,0,0,0,0,0,13.46171122,52.51204766
2,2400623,2018,9,7,4,2,6,4,0,1,0,1,0,0,0,0,13.43590604,52.51523498
1,1200520,2018,9,13,4,3,7,7,0,1,0,0,0,0,0,0,13.34318358,52.52681663
4,4300518,2018,9,10,5,3,0,1,0,0,0,0,1,0,0,0,13.30874702,52.52574275
9,9100203,2018,9,9,2,3,6,2,0,0,0,1,0,0,1,0,13.47870455,52.47756813
1,1100101,2018,9,13,4,2,1,5,0,1,1,0,0,0,0,0,13.34709224,52.50369198
8,8100206,2018,9,11,4,3,3,6,0,1,1,0,0,0,0,0,13.43220584,52.48166857
1,1100309,2018,9,9,2,3,1,5,0,1,1,0,0,0,1,0,13.39490514,52.52447548
1,1400938,2018,9,7,2,2,5,3,0,1,0,0,1,0,0,0,13.33908636,52.54387928
1,7100101,2018,9,11,4,3,5,2,0,1,1,0,0,0,0,0,13.34278362,52.50460486
9,9200715,2018,9,7,2,2,5,3,0,1,1,0,0,0,0,0,13.53005916,52.43592646
1,1100309,2018,9,14,4,2,0,1,0,1,0,0,0,0,0,0,13.4017281,52.52915233
9,9100101,2018,9,7,2,3,5,3,0,0,1,0,1,0,0,0,13.4511802,52.48894556
6,6200312,2018,9,11,4,3,5,3,0,1,1,0,0,0,0,0,13.33135704,52.4421196
4,4501043,2018,9,18,2,3,5,3,1,1,1,0,0,0,0,0,13.3101647,52.49376498
5,5200629,2018,9,12,2,3,3,6,0,0,1,0,1,0,0,0,13.1886696,52.53433309
4,4501041,2018,9,9,4,3,5,3,0,1,1,0,0,0,0,0,13.31916941,52.49980495
4,4300517,2018,9,18,4,3,5,7,0,1,1,0,0,0,0,0,13.30478587,52.52559515
4,4500938,2018,9,8,5,3,2,6,0,0,1,0,0,0,0,0,13.30416152,52.49670546
1,1100101,2018,9,18,2,2,5,3,0,0,0,0,1,0,1,0,13.34941899,52.50856542
3,3601141,2018,9,18,4,3,2,6,0,0,1,0,1,0,0,0,13.41400283,52.55362796