BEZ,LOR_ab_2021,UJAHR,UMONAT,USTUNDE,UWOCHENTAG,UKATEGORIE,UART,UTYP1,ULICHTVERH,IstRad,IstPKW,IstFuss,IstKrad,IstGkfz,IstSonstige,USTRZUSTAND,XGCSWGS84,YGCSWGS84
12,12100204,2018,9,13,4,2,5,2,0,0,1,0,1,0,0,0,13.36216934,52.56789788
1,1100309,2018,9,9,4,3,0,1,0,1,0,0,0,0,0,0,13.40920419,52.52848017
2,2500726,2018,9,18,2,3,2,6,0,0,1,0,1,0,0,0,13.45415574,52.5222545
6,6300634,2018,9,17,2,3,5,2,0,0,1,0,1,0,0,0,13.2960494,52.44356675
1,1400937,2018,9,18,4,3,5,2,0,1,1,0,0,0,0,0,13.34206941,52.55599536
7,7200409,2018,9,17,2,3,1,1,0,0,1,0,1,0,0,0,13.35482944,52.48753365
1,1200520,2018,9,14,6,3,6,4,0,0,1,1,0,0,0,0,13.33668422,52.52668823
10,10100316,2018,9,16,2,3,5,2,0,0,0,0,1,0,1,0,13.57405824,52.54036972
12,12100204,2018,9,8,4,2,6,2,0,0,1,1,0,0,0,0,13.35407089,52.56501402
3,3500932,2018,9,17,4,3,2,3,0,0,1,0,0,0,0,0,13.45613169,52.56144143
8,8100206,2018,9,16,2,3,6,7,0,0,1,1,0,0,0,0,13.43381838,52.48090532
3,3701660,2018,9,17,2,3,3,6,0,1,1,0,0,0,0,0,13.43114918,52.534362
1,1100309,2018,9,8,4,3,6,4,0,1,0,1,0,0,0,0,13.40306057,52.52751595
8,8100207,2018,9,17,4,3,3,6,0,1,1,0,0,0,0,0,13.43764604,52.47881624
9,9200510,2018,9,6,5,3,3,6,0,0,1,0,1,0,0,0,13.51693213,52.47062106
10,10100313,2018,9,16,2,3,6,7,0,1,0,1,0,0,0,0,13.5504858,52.54245999
1,1200520,2018,9,16,4,3,0,2,0,1,1,0,0,0,0,0,13.34302281,52.52616607
12,12601236,2018,9,13,4,3,5,7,0,0,1,0,0,0,1,0,13.34066748,52.59587036
10,10400835,2018,9,16,4,3,5,3,0,1,1,0,0,0,0,0,13.60645633,52.52740694
6,6200317,2018,9,15,2,3,5,7,0,1,1,0,0,0,0,0,13.34986949,52.42121392
6,6400844,2018,9,14,5,3,5,3,0,1,1,0,0,0,0,0,13.30381599,52.45876815
7,7601341,2018,9,15,2,3,1,5,0,0,1,0,0,0,0,0,13.38421934,52.40501604
2,2300315,2018,9,8,4,3,5,3,0,1,0,0,0,0,0,0,13.43185811,52.4998388
3,3300514,2018,9,19,5,3,5,3,2,0,1,0,0,0,0,0,13.4450503,52.59061315
9,9200819,2018,9,15,2,3,2,2,0,0,1,0,0,0,0,0,13.56962674,52.4418746
6,6400844,2018,9,23,4,3,2,6,2,0,1,0,0,0,1,0,13.28601461,52.45329126
8,8100208,2018,9,13,4,3,5,3,0,1,1,0,0,0,0,0,13.43618213,52.47280258
3,3601449,2018,9,16,4,3,2,6,0,0,1,0,1,0,0,0,13.45268666,52.53939052
1,1100313,2018,9,23,2,3,3,6,2,1,0,0,1,0,0,0,13.42024552,52.50706972
7,7400823,2018,9,15,4,3,5,2,0,1,1,0,0,0,0,0,13.37745394,52.46487022
1,1400942,2018,9,21,4,3,5,2,2,0,1,0,0,0,0,0,13.35020851,52.54971914
1,1100206,2018,9,11,2,3,0,2,0,1,1,0,0,0,0,0,13.38083762,52.5163662
11,11400931,2018,9,8,4,3,5,2,0,1,0,0,0,0,1,0,13.51386999,52.50548628
4,4200207,2018,9,17,4,3,3,6,0,1,1,0,0,0,0,0,13.2021112,52.49324854
5,5100208,2018,9,23,1,3,5,3,2,0,1,0,0,0,1,0,13.15193252,52.55367208
8,8300935,2018,9,21,4,3,5,2,2,0,1,0,0,0,0,0,13.44689398,52.42699146
8,8100312,2018,9,21,1,3,5,3,2,1,1,0,0,0,0,0,13.43525635,52.48602367
8,8200726,2018,9,8,4,3,5,2,0,1,0,0,0,0,1,0,13.43340802,52.44411216
6,6300528,2018,9,17,1,2,3,6,0,1,0,0,0,0,0,0,13.26579265,52.41623451
12,12200309,2018,9,16,1,3,5,3,0,0,1,0,0,0,0,0,13.32940502,52.56808149
9,9100304,2018,9,20,4,3,5,5,2,0,1,0,0,0,0,0,13.48307801,52.46228411
1,1400942,2018,9,22,5,3,1,5,2,1,1,0,0,0,1,0,13.35112867,52.5498089
9,9501941,2018,9,8,4,3,2,6,0,0,1,0,0,0,1,0,13.58463723,52.45170946
2,2200211,2018,9,8,4,3,5,7,0,1,1,0,0,0,0,0,13.40722047,52.4860594
4,4501042,2018,9,15,1,3,2,7,0,0,1,0,1,0,0,0,13.33036973,52.50037637
3,3200205,2018,9,15,4,3,2,7,0,0,1,0,1,0,0,0,13.38914748,52.5835568
1,1300834,2018,9,15,1,3,3,6,0,1,0,0,1,0,0,0,13.39922004,52.54641758
7,7601236,2018,9,16,4,2,5,3,0,0,1,0,1,0,0,0,13.37161046,52.4235997
3,3601142,2018,9,13,1,3,5,3,0,0,1,0,0,0,1,0,13.40814901,52.54143966
8,8100102,2018,9,13,1,3,5,3,0,1,0,0,1,0,0,0,13.40730976,52.48242726
5,5100313,2018,9,15,4,2,6,4,0,0,1,1,0,0,0,0,13.2108644,52.55058534
9,9200715,2018,9,13,1,2,5,2,0,0,1,0,0,0,0,0,13.52666175,52.4287915
1,1200624,2018,9,12,1,3,3,6,0,0,1,0,0,0,0,0,13.36065539,52.53747688
7,7601341,2018,9,7,4,3,5,3,0,1,1,0,0,0,0,0,13.37611636,52.40932919
1,1300733,2018,9,15,4,2,5,5,0,0,1,0,1,0,0,0,13.38956763,52.55016726
8,8100209,2018,9,11,5,3,2,6,0,0,1,0,0,0,1,0,13.43232595,52.46647685
2,2500833,2018,9,12,1,3,5,3,0,0,1,0,0,0,0,0,13.46425137,52.50959274
4,4400831,2018,9,15,4,3,0,3,0,1,1,0,0,0,0,0,13.28468774,52.46964457
8,8401139,2018,9,13,4,3,5,3,0,1,1,0,0,0,0,0,13.45908933,52.4404279
6,6300632,2018,9,11,1,3,2,6,0,0,1,0,0,0,0,0,13.30398879,52.42646562
4,4200311,2018,9,10,1,2,0,1,0,0,0,0,1,0,0,0,13.27724141,52.50208203
9,9100101,2018,9,8,4,3,0,2,0,1,0,0,1,0,0,0,13.45209717,52.4902685
12,12400616,2018,9,9,1,3,5,3,0,0,1,0,0,0,0,0,13.22608291,52.58733448
7,7200409,2018,9,8,1,3,6,4,0,0,1,1,0,0,0,0,13.34753707,52.48923516
7,7400823,2018,9,17,3,3,2,6,0,1,1,0,0,0,0,0,13.37559775,52.45537778
6,6300632,2018,9,7,3,3,1,5,1,1,0,0,0,0,1,0,13.27519251,52.41944113
12,12400723,2018,9,7,5,3,5,3,0,1,1,0,0,0,0,0,13.31222304,52.62761086
9,9200510,2018,9,12,1,3,2,2,0,0,1,0,0,0,0,0,13.50968753,52.47295507
8,8401245,2018,9,13,3,3,1,5,0,0,1,0,0,0,0,0,13.50684686,52.40317403
2,2100106,2018,9,16,5,2,5,3,0,0,1,0,1,0,0,0,13.39958356,52.49837546
4,4300517,2018,9,21,3,3,0,6,2,0,1,0,1,0,0,0,13.30519567,52.52571279
8,8401242,2018,9,10,7,3,2,6,0,0,1,0,0,0,0,0,13.48808663,52.42188648
1,1100206,2018,9,19,3,3,0,3,1,0,1,0,1,0,0,0,13.38620154,52.51367549
3,3601141,2018,9,10,5,3,5,5,0,1,1,0,0,0,0,0,13.40871073,52.54999166
2,2500836,2018,9,6,7,3,5,2,0,1,1,0,0,0,0,0,13.46740461,52.49592063
1,1100313,2018,9,22,3,3,0,3,2,0,1,0,1,0,0,0,13.42194416,52.50512475
1,1401048,2018,9,18,3,3,0,1,0,1,0,0,0,0,0,0,13.36121867,52.55505024
1,1401048,2018,9,5,7,3,0,4,2,0,1,1,0,0,0,0,13.36117128,52.55502536
1,1100308,2018,9,9,7,3,0,2,0,0,1,0,1,0,0,0,13.37929737,52.52253475
2,2300417,2018,9,18,3,3,6,4,0,0,1,1,0,0,0,0,13.42042087,52.4984731
10,10200423,2018,9,11,7,3,2,2,0,1,1,0,0,0,1,0,13.61475402,52.54050949
1,1100101,2018,9,9,6,3,0,7,0,0,1,0,1,0,0,0,13.35122825,52.50949077
5,5100104,2018,9,11,7,3,5,3,0,0,1,0,0,0,0,0,13.21621573,52.56059878
4,4501044,2018,9,18,3,2,5,3,0,0,1,0,1,0,0,0,13.32028051,52.49788263
4,4501044,2018,9,18,3,3,0,5,0,1,1,0,0,0,0,0,13.32328686,52.49778606
3,3500933,2018,9,10,7,3,2,6,0,0,1,0,0,0,0,0,13.46155808,52.55915275
2,2200208,2018,9,17,3,3,3,6,0,0,1,0,1,0,0,0,13.38236134,52.49319169
6,6200422,2018,9,9,4,3,5,3,0,0,1,0,0,0,0,0,13.32639275,52.42111834
1,1300733,2018,9,14,3,2,5,2,0,1,1,0,0,0,0,0,13.39155491,52.5554336
4,4400832,2018,9,14,3,3,1,5,0,1,1,0,0,0,0,0,13.29036566,52.47402514
12,12100101,2018,9,8,3,3,5,2,0,1,1,0,0,0,0,0,13.36434886,52.56264401
6,6100208,2018,9,14,3,3,5,3,0,1,1,0,0,0,0,0,13.32962771,52.45812742
12,12400618,2018,9,18,5,3,4,6,0,1,0,0,0,0,0,0,13.24239572,52.61671087
1,1100206,2018,9,9,3,3,4,2,0,1,1,0,0,0,0,0,13.38083762,52.5163662
7,7300517,2018,9,18,4,3,9,1,0,0,0,0,1,0,0,0,13.32854145,52.47483326
1,1300733,2018,9,11,3,3,1,5,0,0,0,0,1,0,1,0,13.38829032,52.55006859
3,3500934,2018,9,7,2,3,5,3,0,0,1,0,1,0,0,0,13.44275604,52.55108129
3,3601346,2018,9,16,3,3,1,5,0,1,0,0,0,0,1,0,13.41397713,52.54761178
1,1300835,2018,9,17,2,3,5,3,0,0,1,0,0,0,0,1,13.39176166,52.53884264
2,2100102,2018,9,9,3,3,6,2,0,0,1,1,0,0,0,0,13.39820622,52.50698588
7,7400823,2018,9,17,5,3,3,6,0,0,1,0,1,0,0,0,13.37752769,52.46502478
7,7400927,2018,9,17,2,3,2,6,0,0,1,0,0,0,0,1,13.40990002,52.45992075
4,4300415,2018,9,9,3,3,2,6,0,0,1,0,1,0,0,0,13.28925162,52.50664179
2,2200213,2018,9,14,2,3,2,7,0,0,1,0,0,0,1,0,13.41355119,52.49166708
12,12500825,2018,9,16,5,3,2,7,0,0,1,0,0,0,1,0,13.30159661,52.58001894
1,1100308,2018,9,16,2,3,2,2,0,1,1,0,0,0,0,1,13.3759798,52.53624924
2,2400521,2018,9,16,4,3,3,2,0,0,1,0,0,0,0,0,13.43968042,52.52393423
9,9100304,2018,9,16,2,3,2,6,0,0,1,0,0,0,0,1,13.48779747,52.46617622
4,4300623,2018,9,16,2,2,0,1,0,0,0,0,1,0,0,1,13.30926687,52.50649217
11,11300722,2018,9,13,3,3,5,2,0,1,1,0,0,0,0,0,13.47545496,52.52039544
4,4300413,2018,9,16,2,3,2,7,0,0,1,0,0,0,0,1,13.28724083,52.51688783
1,1400937,2018,9,15,6,3,5,2,0,0,1,0,0,0,0,0,13.33733894,52.55864404
11,11501340,2018,9,16,6,3,5,3,0,1,0,0,0,0,1,0,13.52549456,52.4821382
3,3601245,2018,9,17,3,3,5,3,0,0,1,0,1,0,0,0,13.4388166,52.54427943
8,8200730,2018,9,16,2,2,6,4,0,0,1,1,0,0,0,1,13.44704846,52.43693923
5,5100315,2018,9,15,5,3,5,2,0,1,1,0,0,0,0,0,13.19454869,52.54568694
1,1100310,2018,9,15,2,3,0,5,0,1,1,0,0,0,0,0,13.40666251,52.52282552
7,7100103,2018,9,18,4,3,6,4,1,1,0,1,0,0,0,0,13.35925688,52.49826607
5,5200528,2018,9,15,2,2,6,4,0,1,0,1,0,0,0,0,13.17949284,52.50728284
3,3400725,2018,9,15,2,3,2,7,0,0,1,0,0,0,0,1,13.41151906,52.58226387
1,1100206,2018,9,9,3,3,1,5,0,0,1,0,1,0,0,0,13.38937627,52.51360118
5,5200629,2018,9,15,2,3,5,2,0,1,0,0,0,0,1,1,13.19824794,52.53302369
3,3601142,2018,9,16,4,3,5,3,0,1,1,0,0,0,0,0,13.4117604,52.54306177
10,10100311,2018,9,15,2,2,3,6,0,1,1,0,0,0,0,1,13.53564375,52.53900994
1,1401045,2018,9,14,2,3,2,6,0,0,1,0,0,0,0,1,13.37495976,52.55677357
7,7400823,2018,9,11,3,3,5,2,0,0,1,0,0,0,0,0,13.37205981,52.46976622
12,12500824,2018,9,14,2,3,2,6,0,0,1,0,0,0,0,1,13.28538018,52.59511432
1,1100206,2018,9,15,6,3,5,2,0,1,1,0,0,0,0,0,13.38544362,52.51851331
4,4500936,2018,9,18,5,3,5,2,1,1,1,0,0,0,0,0,13.30048238,52.50020421
6,6100102,2018,9,10,3,2,5,2,0,1,0,0,0,1,0,0,13.31864839,52.45412002
6,6200421,2018,9,14,2,3,2,6,0,0,1,0,0,0,0,1,13.3235902,52.42876295
5,5100316,2018,9,10,5,3,2,1,0,0,1,0,1,0,0,0,13.20267853,52.53797192
9,9200511,2018,9,14,2,3,2,6,0,0,1,0,1,0,0,1,13.5256151,52.46461009
3,3601245,2018,9,11,4,3,5,2,0,0,1,0,0,0,0,0,13.43014088,52.55136122
12,12500927,2018,9,14,2,3,2,6,0,0,1,0,0,0,0,1,13.30900045,52.59054729
5,5300737,2018,9,14,2,3,2,6,0,0,1,0,0,0,1,0,13.24320402,52.54379462
7,7300516,2018,9,11,3,2,1,5,0,1,1,0,0,0,0,0,13.33021011,52.46653847
5,5200632,2018,9,23,2,3,2,4,2,0,1,1,0,0,0,1,13.22100692,52.52853689
1,1200623,2018,9,20,5,3,5,2,2,1,1,0,0,0,0,0,13.3471968,52.53077269
7,7400927,2018,9,22,2,3,5,3,2,0,1,0,0,0,0,0,13.40011275,52.4590676
12,12100204,2018,9,13,6,3,2,6,0,0,1,0,0,0,1,0,13.35454054,52.56210103
8,8100206,2018,9,8,5,3,3,6,0,1,1,0,0,0,0,0,13.43065019,52.48148097
1,1100207,2018,9,10,3,2,5,3,0,1,1,0,0,0,0,0,13.40059465,52.51003671
7,7601339,2018,9,21,2,2,5,3,1,1,1,0,0,0,0,0,13.35020616,52.41422409
5,5300737,2018,9,15,5,2,5,3,0,0,1,0,1,0,0,0,13.24744347,52.54145851
4,4501045,2018,9,19,2,3,2,1,1,0,1,0,1,0,0,1,13.32392952,52.49388618
12,12200411,2018,9,9,4,3,0,6,0,1,0,0,0,0,1,0,13.31582971,52.5595244
4,4300416,2018,9,17,2,3,5,3,0,1,1,0,0,0,0,1,13.29736299,52.51060361
1,1100103,2018,9,18,2,3,5,7,1,0,1,0,1,0,0,1,13.36194477,52.5044274
1,1100206,2018,9,17,3,3,5,2,0,1,0,0,0,0,0,0,13.38064194,52.51662246
6,6400844,2018,9,17,2,3,1,5,0,0,1,0,0,0,0,0,13.27686718,52.4643091
3,3200205,2018,9,18,5,3,5,2,1,1,1,0,0,0,0,0,13.38811423,52.58881935
4,4200310,2018,9,16,2,3,0,7,1,0,1,0,1,0,0,1,13.27125009,52.51021483
9,9200511,2018,9,17,4,2,5,3,0,0,1,0,0,0,0,0,13.53230183,52.46164137
3,3601453,2018,9,17,2,3,0,3,0,0,1,0,0,0,0,0,13.46629593,52.52323459
4,4501042,2018,9,17,2,3,3,6,0,1,0,0,0,0,0,1,13.33435852,52.50544699
1,1100311,2018,9,15,3,3,2,6,0,0,1,0,0,0,0,0,13.41811681,52.51591418
9,9100305,2018,9,21,2,3,2,7,2,0,1,0,1,0,0,1,13.49078786,52.46866977
1,1100416,2018,9,10,4,3,0,3,0,1,1,0,0,0,0,0,13.40524787,52.53396278
3,3100101,2018,9,21,2,3,0,7,2,0,0,0,1,1,0,1,13.4408677,52.63531689
6,6100101,2018,9,13,2,2,2,1,0,0,1,0,1,0,0,0,13.31573346,52.45872978
9,9301025,2018,9,7,4,3,0,6,0,0,1,0,1,0,0,1,13.57977476,52.40478923
6,6100205,2018,9,13,2,2,5,7,0,0,1,0,1,0,0,0,13.33928467,52.45088124
9,9200510,2018,9,8,3,3,3,6,0,0,1,0,0,0,0,0,13.50823449,52.4636379
1,1300733,2018,9,12,2,3,6,4,0,0,0,1,0,1,0,0,13.38395947,52.55563845
8,8100209,2018,9,17,5,3,5,2,0,0,1,0,1,0,0,0,13.44238647,52.46577535
1,1100309,2018,9,12,2,2,5,3,0,0,1,0,1,0,0,0,13.39376983,52.52858171
3,3100103,2018,9,15,4,3,3,6,0,1,1,0,0,0,0,0,13.50362603,52.63073148
8,8401139,2018,9,12,2,3,6,7,0,0,1,1,0,0,0,0,13.45886259,52.44019001
4,4501042,2018,9,12,2,3,0,6,0,0,1,0,0,0,1,0,13.33675005,52.50426505
9,9300920,2018,9,13,3,3,2,7,0,0,1,0,0,0,0,0,13.53755999,52.41868694
7,7200307,2018,9,12,2,3,2,1,0,0,1,0,0,0,1,0,13.3449667,52.48634112
2,2400625,2018,9,15,6,3,5,3,0,1,0,0,1,0,0,0,13.44378058,52.50362811
4,4501153,2018,9,11,6,3,5,2,0,1,1,0,0,0,0,0,13.33076247,52.48507916
1,1100308,2018,9,8,3,3,3,6,0,1,1,0,0,0,0,0,13.37939831,52.52397325
2,2400521,2018,9,11,2,3,5,2,0,1,1,0,0,0,0,0,13.42870118,52.51894285
1,1100102,2018,9,13,5,3,5,3,0,0,1,0,0,0,0,0,13.36226654,52.50546107
1,1100206,2018,9,8,6,3,5,2,0,1,0,0,0,0,1,0,13.3803724,52.51808416
6,6300524,2018,9,8,3,3,5,2,0,0,1,0,0,0,0,0,13.23003166,52.43091588
5,5100317,2018,9,15,5,3,6,4,0,1,0,1,0,0,0,0,13.20695159,52.53338213
2,2300315,2018,9,8,2,3,5,3,0,0,1,0,0,0,0,0,13.43205592,52.49933514
7,7400823,2018,9,23,4,2,3,6,2,1,1,0,0,0,0,0,13.37770676,52.46582615
7,7601545,2018,9,11,2,3,0,3,0,0,1,0,1,0,0,0,13.41732837,52.39472437
1,1400937,2018,9,11,2,3,0,2,0,1,1,0,0,0,0,1,13.33312184,52.56047021
6,6200421,2018,9,10,3,3,5,3,0,1,1,0,0,0,0,0,13.32120184,52.42946298
5,5100317,2018,9,9,2,3,2,6,0,0,1,0,0,0,0,0,13.22489697,52.52886956
4,1200629,2018,9,8,6,2,5,2,0,1,1,0,0,0,0,0,13.33607703,52.51423561
7,7400720,2018,9,9,5,3,1,5,0,1,1,0,0,0,0,0,13.37797218,52.47319497
1,1100101,2018,9,8,3,3,5,2,0,1,1,0,0,0,0,0,13.35113864,52.50963398
3,3200310,2018,9,8,2,3,5,3,0,1,1,0,0,0,0,0,13.42307086,52.60716137
6,6300528,2018,9,13,5,2,6,4,0,0,1,1,0,0,0,0,13.2673105,52.4094611
10,10100311,2018,9,8,2,3,2,6,0,0,0,0,1,0,1,0,13.53704238,52.53966591
6,6200312,2018,9,10,4,3,2,2,0,0,1,0,0,0,0,0,13.33199012,52.44251903
7,7100102,2018,9,8,2,3,5,3,0,0,1,0,0,0,0,0,13.34986087,52.50041591
4,4300622,2018,9,8,2,3,0,3,0,1,0,0,0,0,1,1,13.31734813,52.51210123
6,6400735,2018,9,7,2,3,2,2,0,0,1,0,0,0,0,1,13.14772181,52.41815928
3,3501037,2018,9,13,4,3,5,2,0,1,1,0,0,0,0,0,13.46182965,52.56478039
12,12500930,2018,9,6,2,3,2,2,2,0,1,0,0,0,0,1,13.32387758,52.5876386
8,8200727,2018,9,5,2,3,8,1,2,0,1,0,0,0,0,1,13.43421273,52.44281422
8,8300934,2018,9,16,2,3,2,6,0,0,1,0,0,0,1,0,13.45365463,52.43511644
12,12200310,2018,9,22,5,2,5,3,2,0,1,0,0,0,0,0,13.31510742,52.57650041
4,4400726,2018,9,17,3,3,5,2,0,1,1,0,0,0,0,0,13.28502769,52.49397423
8,8401244,2018,9,5,1,3,5,3,2,0,1,0,0,0,0,0,13.49858251,52.41037582
1,1100308,2018,9,12,5,3,0,7,0,1,0,0,0,0,0,0,13.37714757,52.5281569
8,8100419,2018,9,23,1,3,5,3,2,0,1,0,0,0,0,1,13.45235033,52.48129715
12,12100101,2018,9,8,4,2,5,2,0,0,1,0,1,0,0,0,13.37759982,52.56294314
5,5100208,2018,9,19,1,3,6,2,2,0,1,1,0,0,0,1,13.15945047,52.55235749
7,7601544,2018,9,8,3,2,6,6,0,0,1,1,0,0,0,0,13.40359401,52.39390837
2,2400521,2018,9,19,1,3,5,3,2,0,1,0,0,0,0,1,13.42855712,52.51954266
4,4300414,2018,9,17,5,3,5,2,0,1,1,0,0,0,0,0,13.29665981,52.51364599
9,9200715,2018,9,7,3,3,2,6,0,0,1,0,0,0,0,0,13.55371137,52.42715221
7,7100205,2018,9,19,1,2,6,4,1,0,1,1,0,0,0,1,13.36085677,52.49444181
5,5100211,2018,9,19,5,2,1,5,1,0,0,0,1,1,0,0,13.17456332,52.54952299
1,1100308,2018,9,18,1,3,5,3,1,0,1,0,0,1,0,1,13.38314352,52.53060488
9,9100101,2018,9,17,4,3,5,2,0,1,1,0,0,0,0,0,13.45417842,52.4938587
1,1400942,2018,9,17,1,3,5,3,0,0,1,0,0,0,0,1,13.35048222,52.54718007
9,9300920,2018,9,17,1,3,2,6,0,0,1,0,0,0,0,1,13.54168421,52.42319794
3,3200308,2018,9,11,4,2,2,2,0,0,1,0,0,0,0,1,13.43293553,52.59604547
3,3701657,2018,9,16,1,3,5,3,1,1,0,0,0,0,1,1,13.42696769,52.54367907
3,3300412,2018,9,7,3,3,5,2,0,0,1,0,1,0,0,0,13.47193054,52.61609147
5,5100210,2018,9,16,5,3,6,7,0,0,1,1,0,0,0,0,13.18666988,52.55119246
9,9100202,2018,9,15,1,3,2,2,0,0,1,0,0,0,1,1,13.45828532,52.48579358
3,3500936,2018,9,15,4,3,0,2,0,1,0,0,0,0,1,0,13.46645098,52.55053416
10,10100104,2018,9,13,1,3,0,3,0,1,1,0,0,0,0,1,13.57716375,52.56452044
2,2400521,2018,9,12,1,3,2,2,0,0,1,0,0,0,0,0,13.44074096,52.51745255
11,11400931,2018,9,12,1,2,5,3,0,1,1,0,0,0,0,0,13.50162163,52.51027899
7,7200308,2018,9,16,4,3,2,6,0,0,1,0,0,0,0,0,13.34489514,52.48182003
4,4400832,2018,9,11,1,3,3,6,0,1,1,0,0,0,0,0,13.29896098,52.46888072
4,4400727,2018,9,5,1,2,6,4,2,0,1,1,0,0,0,0,13.29642944,52.48576602
7,7100205,2018,9,20,3,3,5,2,2,1,1,0,0,0,0,0,13.36707986,52.49319883
4,4501042,2018,9,3,1,2,9,1,2,0,1,0,0,0,0,0,13.33654875,52.5041069
9,9200819,2018,9,15,6,3,5,3,0,1,1,0,0,0,0,0,13.56334273,52.43768602
4,4501042,2018,9,23,6,3,0,7,2,0,1,0,0,0,0,0,13.33146199,52.50392173
6,6100207,2018,9,19,3,3,5,2,1,1,1,0,0,0,0,0,13.32877701,52.45415919
12,12601134,2018,9,0,1,2,2,2,2,0,0,0,0,0,1,1,13.34265806,52.59926703
4,4300517,2018,9,17,5,3,5,3,0,0,1,0,0,0,0,0,13.30367519,52.52560964
4,4300622,2018,9,8,1,3,5,3,0,1,1,0,0,0,0,0,13.32209209,52.5118164
6,6200421,2018,9,19,4,3,5,3,2,0,1,0,0,0,0,0,13.32013809,52.43406195
6,6200312,2018,9,18,1,3,0,1,1,0,0,0,1,0,0,1,13.3398669,52.44511719
1,1100207,2018,9,22,1,3,5,3,2,0,1,0,0,0,1,1,13.39032056,52.50768719
7,7200307,2018,9,18,3,3,5,3,0,1,1,0,0,0,0,0,13.34078462,52.48856143
7,7501031,2018,9,16,7,3,5,7,0,0,1,0,0,0,0,0,13.39281869,52.45297033
1,1100309,2018,9,14,6,3,6,4,0,1,0,1,0,0,0,0,13.395192,52.52440304
9,9200510,2018,9,8,5,2,3,6,0,1,1,0,0,0,0,0,13.51363728,52.4642122
5,5300840,2018,9,7,3,3,2,6,0,0,1,0,0,0,0,0,13.2504057,52.53805926
1,1401043,2018,9,15,7,3,6,4,0,0,1,1,0,0,0,0,13.36014711,52.54693323
12,12200307,2018,9,12,3,3,2,6,0,0,1,0,1,0,0,0,13.33241124,52.57612566
12,12400619,2018,9,15,7,3,5,3,0,0,1,0,0,0,0,0,13.24012728,52.60769235
9,9200511,2018,9,15,6,3,5,2,0,1,1,0,0,0,0,0,13.51818215,52.46150453
3,3500936,2018,9,14,5,3,1,5,0,1,0,0,0,0,1,0,13.46427546,52.55006664
7,8200831,2018,9,5,3,3,6,2,2,0,1,1,0,0,0,0,13.40147776,52.41454871
11,11200411,2018,9,14,7,3,5,3,0,0,1,0,0,0,0,0,13.51182674,52.55069507
8,8100209,2018,9,11,5,3,5,3,0,1,1,0,0,0,0,0,13.43721155,52.46435561
7,7400720,2018,9,17,1,3,5,3,0,0,1,0,1,0,0,0,13.3795788,52.48129886
1,1401049,2018,9,13,7,3,5,2,0,0,1,0,0,0,0,0,13.36564713,52.55682783
2,2500727,2018,9,12,4,3,0,5,0,1,0,0,0,0,1,0,13.4617795,52.51843551
7,7300619,2018,9,12,7,3,3,6,0,1,1,0,0,0,0,1,13.34797683,52.46554378
7,7100206,2018,9,17,1,3,6,4,0,0,1,1,0,0,0,0,13.36909437,52.48853205
1,1200517,2018,9,12,7,2,5,3,0,0,1,0,1,0,0,0,13.32584734,52.52492711
3,3300517,2018,9,17,3,3,4,1,0,0,1,0,0,0,0,0,13.46701902,52.56724894
9,9200613,2018,9,11,7,3,2,6,0,0,1,0,0,0,0,0,13.51713163,52.4543014
2,2500836,2018,9,16,1,3,4,6,0,1,1,0,0,0,0,0,13.46921683,52.49804995
3,3501038,2018,9,20,5,2,0,3,2,1,1,0,0,0,0,0,13.47579937,52.55056325
9,9401534,2018,9,12,1,3,2,6,0,0,1,0,0,0,1,0,13.57493663,52.44628893
12,12500926,2018,9,9,7,3,5,3,0,0,1,0,0,0,0,1,13.33851909,52.58995058
9,9501939,2018,9,15,1,3,2,6,0,1,0,0,0,0,0,0,13.57460698,52.45307977
12,12601032,2018,9,19,5,2,0,1,1,0,0,0,1,0,0,0,13.33063256,52.60981718
6,6300528,2018,9,14,1,3,5,3,0,0,1,0,1,0,0,0,13.27790447,52.42858911
4,4501042,2018,9,8,7,3,5,3,0,1,1,0,0,0,0,0,13.33142557,52.50524523
2,2200213,2018,9,13,1,3,3,6,0,0,1,0,1,0,0,0,13.42192713,52.48920801
3,3400725,2018,9,12,5,2,5,3,0,1,1,0,0,0,0,0,13.42938198,52.58864637
9,9200510,2018,9,11,1,2,0,7,0,1,0,0,0,0,0,0,13.49976413,52.46859547
8,8100313,2018,9,2,7,3,1,1,2,0,1,0,0,0,0,0,13.44759895,52.48728135
1,1100207,2018,9,9,4,3,2,6,0,0,1,0,1,0,0,0,13.39822472,52.51547889
2,2300316,2018,9,1,7,3,6,4,2,0,1,1,0,0,0,0,13.44471409,52.50096013
11,11401034,2018,9,19,1,2,5,3,2,0,1,0,0,0,0,0,13.53254388,52.51064373
8,8100104,2018,9,2,7,3,6,7,2,0,1,1,0,0,0,1,13.42222543,52.46749032
8,8100520,2018,9,16,3,3,6,4,0,0,1,1,0,0,0,0,13.46282529,52.46923749
11,11400931,2018,9,21,7,2,5,2,2,0,1,0,1,0,0,0,13.50539711,52.50909089
9,9401534,2018,9,15,1,2,1,1,0,0,1,0,0,0,0,0,13.57886753,52.44376833
11,11300721,2018,9,18,5,2,5,2,0,0,1,0,1,0,0,0,13.51424205,52.53524214