BEZ,LOR_ab_2021,UJAHR,UMONAT,USTUNDE,UWOCHENTAG,UKATEGORIE,UART,UTYP1,ULICHTVERH,IstRad,IstPKW,IstFuss,IstKrad,IstGkfz,IstSonstige,USTRZUSTAND,XGCSWGS84,YGCSWGS84
9,9501737,2018,9,18,1,2,8,1,0,0,0,0,1,0,0,0,13.64469834,52.45568312
5,5200631,2018,9,21,7,3,2,6,2,0,1,0,0,0,0,1,13.19655219,52.52617443
6,6400844,2018,9,14,1,3,0,1,0,0,0,0,1,0,0,0,13.27500569,52.46051809
12,12601235,2018,9,17,4,2,5,2,0,0,1,0,0,0,1,0,13.3605138,52.59693631
10,10200629,2018,9,20,7,3,5,2,2,0,1,0,0,0,0,0,13.58361395,52.5149356
5,5200527,2018,9,23,1,3,5,3,2,0,0,0,0,0,1,0,13.16121055,52.52540205
4,4200311,2018,9,18,7,2,5,3,0,1,1,0,0,0,0,0,13.27811999,52.506728
1,1100309,2018,9,19,3,3,0,2,0,1,1,0,0,0,0,0,13.39625328,52.52504432
8,8100311,2018,9,17,7,3,6,4,0,0,1,1,0,0,0,0,13.42749788,52.48699696
1,1200518,2018,9,1,7,2,8,1,2,0,1,0,0,0,0,0,13.32844627,52.53264567
4,4300518,2018,9,16,3,3,5,2,0,1,0,0,0,1,0,0,13.3059926,52.53169589
2,2100102,2018,9,1,7,2,5,3,2,0,1,0,0,0,0,0,13.39438728,52.5070114
7,7400721,2018,9,7,4,3,5,2,0,1,1,0,0,0,0,0,13.39143563,52.48419112
11,11300620,2018,9,22,7,3,5,2,2,0,1,0,0,0,0,1,13.47619701,52.53309284
12,12200515,2018,9,16,7,3,5,2,0,0,1,0,0,0,0,0,13.28091318,52.59378059
2,2100103,2018,9,10,3,3,3,6,0,0,1,0,0,0,1,0,13.39882603,52.50693428
9,9401534,2018,9,11,6,3,5,7,0,0,1,0,0,0,0,0,13.57754394,52.44740432
2,2200213,2018,9,15,7,2,6,7,0,0,1,1,0,0,0,0,13.42380557,52.48834283
7,7400823,2018,9,6,5,2,2,2,2,0,1,0,1,1,0,0,13.37640359,52.46012237
5,5200420,2018,9,15,7,3,5,3,0,0,1,0,1,0,0,0,13.17915047,52.53305881
8,8100103,2018,9,7,6,3,5,3,0,1,1,0,0,0,0,0,13.42789218,52.47339409
6,6300528,2018,9,15,7,3,0,1,0,0,0,0,1,0,0,0,13.26728484,52.41818933
8,8100314,2018,9,15,4,3,5,2,0,1,1,0,0,0,0,0,13.42400563,52.48652767
4,4300517,2018,9,22,6,3,6,4,2,1,0,1,0,0,0,1,13.29686191,52.52751946
5,5100104,2018,9,22,7,3,1,1,2,0,1,0,0,0,0,0,13.21483845,52.56033823
1,1300733,2018,9,7,6,3,5,3,0,1,1,0,0,0,0,0,13.38383428,52.55501384
7,7501134,2018,9,13,3,3,1,5,0,1,1,0,0,0,0,0,13.40338316,52.43632526
9,9100101,2018,9,7,6,3,5,7,0,1,1,0,0,0,0,0,13.45568038,52.49565997
5,5300735,2018,9,21,7,3,2,6,2,0,1,0,0,0,0,0,13.22726077,52.54947948
6,6100205,2018,9,15,6,3,2,6,0,0,1,0,0,0,0,0,13.35381541,52.44553971
1,1100310,2018,9,0,6,3,0,1,2,1,0,0,0,0,0,0,13.4102062,52.51748978
6,6300528,2018,9,13,7,3,5,2,0,1,1,0,0,0,0,0,13.25157112,52.42384798
7,7200409,2018,9,16,3,2,5,3,0,1,1,0,0,0,0,0,13.35333555,52.48987203
1,1100416,2018,9,7,6,3,4,6,0,1,0,0,0,0,0,0,13.39877463,52.53294176
7,7501031,2018,9,19,7,3,5,7,2,0,1,0,1,0,0,0,13.40474794,52.44930346
7,7501031,2018,9,14,5,3,5,7,0,1,1,0,0,0,0,0,13.39012126,52.45310696
2,2200209,2018,9,18,7,3,0,6,1,0,1,0,1,0,0,0,13.38605579,52.4873681
12,12200310,2018,9,22,6,3,2,6,2,0,1,0,0,0,1,1,13.31478061,52.57661502
11,11400931,2018,9,14,4,2,2,6,0,0,1,0,0,0,1,0,13.5191363,52.50956092
1,1401049,2018,9,21,6,3,9,1,2,0,1,0,0,0,0,1,13.36342344,52.55658245
3,3601140,2018,9,17,5,3,5,2,0,1,0,0,0,0,1,0,13.40252519,52.55430068
1,1300836,2018,9,13,7,3,6,4,0,0,1,1,0,0,0,0,13.38388472,52.54881295
11,11200513,2018,9,20,6,3,5,3,2,0,1,0,1,0,0,1,13.48802416,52.54171969
4,4200203,2018,9,15,4,2,0,7,0,1,0,0,0,0,0,1,13.24471156,52.52426891
1,1100207,2018,9,20,6,3,5,3,2,0,1,0,1,0,0,1,13.39894595,52.50822738
7,7100102,2018,9,17,7,3,5,3,0,1,1,0,0,0,0,0,13.34819497,52.49796674
9,9200818,2018,9,17,6,3,5,3,1,0,1,0,0,0,0,1,13.55911187,52.44845419
5,5300737,2018,9,10,3,3,3,6,0,0,1,0,1,0,0,0,13.24081956,52.53892305
10,10200422,2018,9,7,6,3,2,6,0,0,1,0,0,0,0,0,13.60351985,52.54389989
6,6400737,2018,9,13,7,3,5,3,0,0,1,0,0,0,0,0,13.20625074,52.43522176
5,5200632,2018,9,14,6,3,3,6,0,0,1,0,0,0,0,0,13.21313877,52.52712272
8,8401246,2018,9,17,5,3,5,3,0,1,0,0,0,0,0,0,13.50588932,52.41840068
5,5200629,2018,9,16,7,2,6,4,0,0,1,1,0,0,0,0,13.19608731,52.53000669
4,4200311,2018,9,16,3,3,0,2,0,1,0,0,0,1,0,0,13.27423574,52.50042865
6,6400841,2018,9,9,6,3,5,3,0,0,1,0,0,0,0,0,13.26538546,52.44225889
8,8100102,2018,9,13,7,3,1,5,0,1,1,0,0,0,0,0,13.42363671,52.48055249
6,6300634,2018,9,18,5,2,1,1,0,0,1,0,0,0,0,0,13.28133765,52.4328422
2,2200212,2018,9,16,7,2,0,7,0,0,0,0,1,0,0,0,13.41205676,52.48840428
9,9300920,2018,9,19,6,3,6,2,2,0,1,1,0,0,0,1,13.53876865,52.42047956
10,10300734,2018,9,11,4,3,5,2,0,0,1,0,0,0,0,0,13.56174909,52.49360994
10,10300731,2018,9,16,6,2,5,2,0,1,1,0,0,0,0,0,13.55944573,52.53407091
7,7300618,2018,9,12,7,2,1,5,0,0,1,0,0,0,0,0,13.33587414,52.46769392
2,2100104,2018,9,19,6,2,5,3,2,1,1,0,0,0,0,1,13.41036731,52.50371579
4,4200308,2018,9,16,3,3,5,2,0,0,1,0,0,0,0,0,13.26288965,52.52106834
4,4400835,2018,9,18,6,3,0,1,0,0,0,0,1,0,0,1,13.32014612,52.47025988
4,4501041,2018,9,11,7,3,0,1,0,0,0,0,1,0,0,0,13.32289424,52.50221573
12,12400721,2018,9,9,7,3,5,3,0,0,1,0,0,0,0,0,13.29442728,52.62956288
7,7400822,2018,9,18,6,3,5,2,1,0,1,0,0,0,0,1,13.36922347,52.46712628
4,4100101,2018,9,18,6,3,2,6,2,0,1,0,0,0,1,1,13.28280899,52.53386058
8,8300934,2018,9,7,7,3,6,7,0,1,0,1,0,0,0,0,13.45443537,52.43192506
2,2300314,2018,9,9,5,3,0,6,0,1,1,0,0,0,0,0,13.41999357,52.50108801
1,1100313,2018,9,3,7,3,9,1,2,0,1,0,0,0,0,0,13.42329971,52.50688982
11,11300721,2018,9,16,3,2,5,7,0,0,1,0,1,0,0,0,13.49996932,52.5295095
12,12200515,2018,9,17,6,3,0,1,0,0,0,0,1,0,0,1,13.27727361,52.58500408
11,11100102,2018,9,4,7,3,3,6,2,1,0,0,0,0,1,0,13.53207188,52.57020962
5,5200423,2018,9,16,5,3,5,3,0,0,1,0,1,0,0,0,13.15463369,52.53303602
6,6400844,2018,9,23,6,2,5,3,2,0,1,0,1,0,0,0,13.30937621,52.46702837
11,11501238,2018,9,17,6,3,2,2,0,0,1,0,0,0,0,1,13.47731071,52.5005243
3,3601346,2018,9,8,4,2,0,1,0,0,0,0,1,0,0,0,13.41543638,52.54505874
5,5100316,2018,9,17,6,2,6,4,0,0,1,1,0,0,0,1,13.19913056,52.53484658
4,4300414,2018,9,22,6,2,5,3,2,0,1,0,0,0,0,0,13.30095307,52.51345477
4,4500937,2018,9,15,3,3,2,1,0,0,1,0,0,0,0,0,13.29842392,52.49846595
6,6200315,2018,9,17,6,3,2,7,0,1,1,0,0,0,0,0,13.34680616,52.43073709
1,1401048,2018,9,21,6,2,5,3,2,0,1,0,1,0,0,0,13.36128044,52.55508267
1,1401045,2018,9,10,5,3,2,6,0,0,1,0,0,0,0,0,13.3775778,52.55361364
12,12200515,2018,9,19,6,3,5,3,2,0,1,0,0,0,0,0,13.28193796,52.5836461
1,1100310,2018,9,17,6,3,2,7,0,1,1,0,0,0,0,1,13.4026039,52.52129547
3,3300413,2018,9,19,6,3,5,3,2,1,1,0,0,0,0,0,13.48261352,52.61162476
4,4501146,2018,9,16,4,3,5,3,0,0,1,0,0,0,0,0,13.3203204,52.48653762
5,5300736,2018,9,16,6,3,5,3,0,0,1,0,0,1,0,1,13.21573105,52.53806572
11,11200410,2018,9,17,6,3,5,3,0,1,1,0,0,0,0,0,13.51424748,52.5566655
1,1100313,2018,9,19,5,3,5,2,1,1,0,0,1,0,0,0,13.4265831,52.50804816
2,2300316,2018,9,17,6,3,6,4,0,0,1,1,0,0,0,0,13.43119899,52.50299402
2,2400624,2018,9,15,6,3,5,3,0,1,1,0,0,0,0,0,13.44123936,52.51369597
1,1200629,2018,9,17,6,3,2,6,0,0,1,0,0,0,0,0,13.34784107,52.5209585
9,9200512,2018,9,12,4,2,2,2,0,0,1,0,1,0,0,0,13.55466589,52.45587726
5,5200420,2018,9,15,6,2,3,6,0,0,1,0,1,0,0,0,13.16833325,52.53356799
9,9300920,2018,9,17,6,3,5,3,0,0,1,0,0,0,0,0,13.54430327,52.41048611
1,1100206,2018,9,15,6,3,5,5,0,1,1,0,0,0,0,0,13.39270653,52.5122877
10,10400941,2018,9,15,4,3,5,3,0,1,1,0,0,0,0,0,13.60113205,52.47923732
12,12500824,2018,9,15,6,3,5,2,0,0,1,0,0,0,0,0,13.29208146,52.59056595
3,3601346,2018,9,16,6,3,2,6,0,1,1,0,0,0,0,0,13.41639878,52.54716204
11,11300620,2018,9,15,3,3,5,3,0,1,1,0,0,0,0,0,13.4819147,52.52865333
1,1100311,2018,9,21,6,3,0,6,2,0,1,0,1,0,0,0,13.41679601,52.5193519
8,8200623,2018,9,18,5,3,5,3,0,1,1,0,0,0,0,0,13.45363601,52.4555658
2,2500833,2018,9,19,6,3,5,3,1,1,1,0,0,0,0,0,13.46100208,52.5110201
10,10200421,2018,9,14,6,3,5,3,0,1,1,0,0,0,0,0,13.60292766,52.5362383
5,5100313,2018,9,16,6,3,6,4,0,0,0,1,0,0,1,0,13.20996877,52.55054355
12,12601236,2018,9,15,4,3,5,2,0,0,1,0,0,0,0,0,13.33932862,52.59582164
7,7400927,2018,9,15,6,3,5,3,0,0,1,0,0,0,0,0,13.39580178,52.45430228
1,1100205,2018,9,11,6,3,6,2,0,0,1,1,0,0,0,0,13.38564412,52.50742442
11,11200410,2018,9,14,6,3,2,2,0,0,1,0,1,0,0,0,13.5029981,52.55433035
5,5100316,2018,9,13,3,3,0,2,0,0,1,0,1,0,0,0,13.2020525,52.53476916
3,3500933,2018,9,15,6,3,5,3,0,0,1,0,0,0,0,0,13.45843589,52.55763683
11,11100309,2018,9,10,6,3,5,3,0,0,1,0,0,0,0,0,13.50504439,52.56310012
1,1300733,2018,9,7,6,3,5,3,1,0,1,1,1,0,0,0,13.38405874,52.55577698
9,9501737,2018,9,20,6,1,8,1,2,0,0,0,1,0,0,0,13.64327651,52.47905179
2,2100102,2018,9,15,6,3,5,2,0,0,1,0,0,0,0,0,13.39763082,52.50617432
9,9100407,2018,9,22,3,3,8,1,2,0,1,0,0,0,0,0,13.49980434,52.44033339
2,2300418,2018,9,14,6,3,5,3,0,1,0,0,0,0,1,0,13.43557027,52.49160024
7,7601547,2018,9,9,6,2,5,3,0,1,1,0,0,0,0,0,13.40949692,52.38224302
1,1100206,2018,9,16,6,3,2,6,0,1,1,0,0,0,0,0,13.39099156,52.51565519
1,1100206,2018,9,12,6,3,0,1,0,1,0,0,0,0,0,0,13.39134247,52.51907786
5,5100316,2018,9,14,6,3,2,6,0,0,1,0,0,1,0,0,13.2072054,52.53888273
5,5200524,2018,9,15,3,3,2,6,0,0,1,0,0,0,0,0,13.12025267,52.52896269
4,4501042,2018,9,14,6,3,5,2,0,0,1,0,1,1,0,0,13.33400727,52.50552125
7,7300517,2018,9,13,6,3,5,3,0,1,1,0,0,0,0,0,13.33245722,52.46904314
3,3200309,2018,9,15,5,3,5,3,0,0,1,0,0,0,1,0,13.43322937,52.60636513
12,12500926,2018,9,13,6,3,2,6,0,0,1,0,0,0,0,0,13.32498948,52.58871166
4,4300624,2018,9,14,6,3,5,3,0,1,0,0,0,0,1,0,13.32154111,52.50579337
8,8100419,2018,9,22,4,3,5,3,2,0,1,0,0,0,0,0,13.45237095,52.48121171
5,5300736,2018,9,14,6,3,1,5,0,1,1,0,0,0,0,0,13.2300286,52.54341389
1,1200517,2018,9,13,6,3,2,2,0,0,1,0,0,0,0,0,13.31414861,52.53030383
8,8200832,2018,9,13,6,3,2,2,0,1,0,0,0,0,1,0,13.43820086,52.4200916
6,6400737,2018,9,10,3,3,2,2,0,0,1,0,1,0,0,1,13.22409543,52.42949203
2,2400522,2018,9,13,6,3,2,6,0,0,1,0,0,1,0,0,13.45340239,52.51579909
9,9100304,2018,9,13,6,3,6,4,0,0,0,1,1,0,0,0,13.48770297,52.46609849
1,1401049,2018,9,14,6,2,6,2,0,0,0,1,0,0,1,0,13.36675985,52.55214885
4,4300518,2018,9,9,5,3,5,3,0,0,1,0,0,0,0,0,13.30627987,52.52116371
6,6300527,2018,9,9,6,3,5,2,0,1,1,0,0,0,0,0,13.27775387,52.43191138
11,11300620,2018,9,15,3,2,1,7,0,0,1,0,0,0,0,0,13.48269046,52.53156789
5,5200633,2018,9,13,6,3,2,6,0,0,1,0,1,0,0,0,13.18774663,52.5150348
11,11401137,2018,9,13,6,3,5,2,0,1,1,0,0,0,0,0,13.52422588,52.49579595
6,6300528,2018,9,13,5,2,5,2,0,0,1,0,1,0,0,0,13.27337096,52.40981783
1,1200520,2018,9,9,6,3,2,6,0,1,1,0,0,0,0,0,13.34319249,52.52737876
4,4501043,2018,9,12,6,3,3,6,0,1,1,0,0,0,0,0,13.31646281,52.49911834
12,12601235,2018,9,12,6,3,5,7,0,0,1,0,1,0,0,0,13.35966814,52.59687024
10,10100311,2018,9,15,3,3,2,1,0,0,1,0,0,0,0,0,13.52517824,52.53664325
1,1100102,2018,9,12,6,2,5,2,0,1,0,0,0,0,1,0,13.35466828,52.51702587
1,1100207,2018,9,12,6,3,2,6,0,1,0,0,0,0,0,0,13.40118762,52.51123869
6,6400735,2018,9,11,5,3,5,3,0,1,1,0,0,0,0,0,13.16718824,52.42034224
12,12200414,2018,9,8,6,3,2,6,0,0,1,0,0,0,0,0,13.29403187,52.55205287
6,6100206,2018,9,11,6,3,5,2,0,1,1,0,0,0,0,0,13.34033913,52.44544682
2,2200211,2018,9,12,4,3,6,4,0,0,0,1,0,0,1,0,13.39776478,52.48639367
12,12200515,2018,9,11,6,3,5,3,0,0,1,0,0,0,0,0,13.27699349,52.58496071
7,7501135,2018,9,16,6,3,0,2,0,0,0,0,0,0,1,0,13.39849438,52.41956146
10,10200421,2018,9,10,6,3,2,2,0,0,1,0,0,0,0,0,13.60460292,52.53859482
5,5100315,2018,9,15,3,3,2,6,0,0,1,0,0,0,0,0,13.19628211,52.54434582
8,8100311,2018,9,9,6,3,0,3,0,1,1,0,0,0,0,0,13.4268726,52.48821321
7,7100205,2018,9,12,6,3,5,3,0,1,1,0,0,0,0,0,13.36617625,52.49527448
2,2300315,2018,9,21,5,3,3,6,2,0,1,0,1,0,0,0,13.4272989,52.49931431
4,4501045,2018,9,16,6,3,2,6,0,0,1,0,0,0,0,0,13.33478463,52.49941452
3,3601245,2018,9,9,6,3,6,4,0,0,0,1,0,1,0,0,13.43407977,52.54980727
7,7100102,2018,9,12,5,3,0,1,0,1,0,0,0,0,0,0,13.34615691,52.4959393
11,11200514,2018,9,8,4,3,5,2,0,1,1,0,0,0,0,0,13.47369928,52.53615964
4,4500939,2018,10,12,6,3,5,2,0,0,1,0,0,0,0,0,13.30794062,52.48853122
8,8100209,2018,10,14,3,3,5,3,0,0,1,0,0,0,0,0,13.43878551,52.46536359
2,2100106,2018,10,15,6,3,5,2,0,0,1,0,0,0,0,0,13.40651257,52.49832628
8,8100312,2018,10,19,3,3,1,5,2,1,1,0,0,0,0,0,13.43854069,52.48770168
9,9200715,2018,10,11,6,1,5,2,0,1,0,0,0,1,0,0,13.51955677,52.42849635
6,6200422,2018,10,13,3,3,2,6,0,0,1,0,0,0,0,0,13.33103134,52.42712782
11,11501238,2018,10,19,3,3,5,3,2,1,1,0,0,0,0,0,13.48610913,52.49664304
1,1100207,2018,10,14,5,3,6,4,0,0,1,1,0,0,0,0,13.39209843,52.509584
2,2100106,2018,10,13,3,3,5,3,0,1,1,0,0,0,0,0,13.40308413,52.49850847
6,6300525,2018,10,17,5,3,5,3,0,1,1,0,0,0,0,0,13.26038946,52.41236909
1,1300733,2018,10,18,3,3,1,5,2,1,1,0,0,0,1,0,13.38321201,52.55140357
7,7601546,2018,10,16,5,3,5,3,0,0,1,0,0,0,0,0,13.39773216,52.38180768
5,5200528,2018,10,13,3,3,5,2,0,0,1,0,1,0,0,0,13.18018332,52.50905914
11,11200411,2018,10,16,5,3,2,6,0,0,0,0,1,0,0,0,13.51163968,52.54629633
8,8100311,2018,10,12,3,3,5,2,0,0,1,0,0,0,1,0,13.43040058,52.48613091
3,3701660,2018,10,16,5,3,5,2,0,0,1,0,1,0,0,0,13.43430366,52.52928014
3,3200205,2018,10,18,3,2,5,3,1,0,1,0,1,0,0,0,13.40293122,52.59556734
12,12100101,2018,10,16,5,3,1,5,0,0,1,0,1,0,0,0,13.37358411,52.56388455
10,10400940,2018,10,18,3,2,5,2,0,1,1,0,0,0,0,0,13.60098248,52.47925603
1,1200522,2018,10,17,3,3,6,4,0,0,0,1,0,0,1,0,13.34144031,52.52553955
1,1100310,2018,10,15,5,3,5,3,0,1,1,0,0,0,0,0,13.4073112,52.52339575
4,4100101,2018,10,12,3,3,5,2,0,0,1,0,0,0,0,0,13.30239705,52.54800414
4,4400728,2018,10,15,5,3,5,3,0,0,1,0,0,0,0,0,13.27374704,52.48749048
9,9200511,2018,10,17,3,2,5,3,0,1,0,0,0,0,0,0,13.51533453,52.46214794
8,8200728,2018,10,15,5,3,1,5,0,0,1,0,1,0,0,0,13.46864795,52.44039082
6,6400841,2018,10,15,5,3,2,6,0,0,1,0,0,0,0,0,13.2613563,52.43677053
8,8100419,2018,10,16,3,3,5,2,0,1,1,0,0,0,0,0,13.45610956,52.48414245
1,1300733,2018,10,13,5,3,5,2,0,0,1,0,0,0,0,0,13.3864596,52.54947365
1,1100205,2018,10,16,3,3,5,3,0,0,1,0,0,0,0,0,13.38334115,52.51142677
2,2100106,2018,10,13,5,3,5,3,0,0,0,0,1,0,1,0,13.41205858,52.49860476
2,2200207,2018,10,11,3,3,1,5,0,1,1,0,0,0,0,0,13.37504202,52.5010682
10,10100313,2018,10,9,5,3,2,6,0,0,1,0,1,0,0,0,13.54970728,52.54285182
10,10100311,2018,10,16,3,3,6,2,0,0,1,1,0,0,0,0,13.5220745,52.5258887
2,2400623,2018,10,10,5,3,2,6,0,0,1,0,1,0,0,0,13.42980311,52.51030155
4,4300620,2018,10,9,5,3,0,2,0,1,1,0,0,0,0,0,13.32152876,52.52095771
9,9200512,2018,10,10,3,2,5,3,0,0,1,0,0,0,1,0,13.55460813,52.45588208
5,5100317,2018,10,8,5,3,2,7,0,0,1,0,0,0,0,0,13.23622842,52.52696166
10,10300731,2018,10,6,3,3,2,6,2,0,1,0,0,0,0,0,13.56602419,52.5343276
1,1300836,2018,10,8,5,3,5,3,0,1,1,0,0,0,0,0,13.36032332,52.53887145
3,3400826,2018,10,8,5,3,6,7,0,1,0,1,0,0,1,0,13.40517681,52.56193265
6,6400838,2018,10,9,3,2,8,1,0,0,1,0,0,0,0,0,13.24104881,52.4686116
8,8100310,2018,10,8,5,2,6,7,0,0,1,1,0,0,0,0,13.42533953,52.49327609
6,6200423,2018,10,8,5,3,4,1,0,0,1,0,0,0,0,0,13.3395885,52.41157481
11,11400929,2018,10,21,3,3,0,1,2,0,0,0,1,0,0,0,13.48691285,52.50245399
10,10100206,2018,10,7,5,3,5,2,0,1,1,0,0,0,0,0,13.57447799,52.554984
7,7100101,2018,10,18,3,3,0,1,1,0,0,0,1,0,0,0,13.34591213,52.49464871
5,5200423,2018,10,6,5,2,5,2,1,0,1,0,0,0,0,0,13.15801936,52.53316598
1,1100207,2018,10,9,3,3,5,3,0,1,1,0,0,0,0,0,13.39025711,52.50859141
8,8100103,2018,10,4,5,3,5,3,2,0,1,0,0,0,0,0,13.42714194,52.47552501
5,5100314,2018,10,9,3,3,6,4,0,0,1,1,0,0,0,0,13.20611993,52.54218661
4,4300622,2018,10,9,3,2,5,3,0,0,1,0,1,0,0,0,13.31749113,52.51388508
2,2100102,2018,10,8,3,3,5,2,0,1,1,0,0,0,0,0,13.39440534,52.50690106
6,6400838,2018,10,2,5,3,7,7,2,0,0,0,1,0,0,0,13.2386022,52.4514609
7,7601341,2018,10,8,5,3,5,2,0,0,1,0,0,0,1,0,13.36330922,52.41199404
1,1200623,2018,10,7,3,3,2,6,0,0,0,0,1,0,1,0,13.35762854,52.5358044
5,5100317,2018,10,8,5,3,2,6,0,0,1,0,0,1,1,0,13.23819396,52.52677002
5,5200631,2018,10,8,3,3,6,4,0,0,1,1,0,0,0,0,13.20194395,52.52406466
8,8401242,2018,10,12,5,3,2,2,0,0,1,0,1,0,0,0,13.48692023,52.41880747
6,6300633,2018,10,7,3,3,5,2,1,1,1,0,0,0,0,0,13.31517541,52.44703037
8,8100418,2018,10,11,5,3,5,3,0,1,1,0,0,0,0,0,13.44954389,52.47918979
2,2200212,2018,10,7,3,3,0,7,0,0,1,0,1,0,0,0,13.41458909,52.48807234
6,6100204,2018,10,11,5,3,2,2,0,0,1,0,0,0,0,0,13.34812254,52.45122261
1,1200628,2018,10,10,3,3,8,1,0,0,1,0,0,0,0,0,13.36409143,52.52275242
1,1200629,2018,10,22,5,3,5,2,2,1,1,0,0,0,0,0,13.34140949,52.52058304
4,4501148,2018,10,18,3,3,2,6,1,0,1,0,0,0,0,0,13.31340976,52.48033613
2,2200210,2018,10,7,2,3,5,3,1,0,1,0,0,0,1,0,13.39771963,52.49533187
2,2100102,2018,10,18,5,3,5,3,1,1,1,0,0,0,0,0,13.39499136,52.50315408
7,7200308,2018,10,9,2,3,4,6,0,1,0,0,0,0,0,0,13.34420922,52.47842641
1,2400623,2018,10,18,5,3,5,3,0,1,1,0,0,0,0,0,13.42610907,52.51590997
12,12200309,2018,10,19,2,3,5,2,2,0,1,0,0,0,1,0,13.32178995,52.56567182
4,4300414,2018,10,17,5,3,5,2,0,1,1,0,0,0,0,0,13.28830154,52.51306264
1,1100310,2018,10,17,2,3,3,2,1,1,1,0,0,0,0,0,13.41237792,52.51576399
1,1100310,2018,10,17,5,2,5,3,0,1,1,0,0,0,0,0,13.41547205,52.52071776
8,8200624,2018,10,17,2,3,6,7,0,1,0,1,0,0,0,0,13.42905277,52.45539631
9,9300920,2018,10,17,5,2,5,2,0,1,1,0,0,0,0,0,13.53215165,52.41614921
10,10400939,2018,10,17,2,3,5,3,0,1,1,0,0,0,0,0,13.61561956,52.50525601
3,3400723,2018,10,16,5,2,1,5,0,0,1,0,1,0,0,0,13.41801526,52.57245773
11,11501340,2018,10,16,2,3,2,6,0,0,1,0,0,0,0,0,13.5259811,52.48338715
1,1100415,2018,10,16,2,3,0,7,0,1,1,0,0,0,0,0,13.3968733,52.53246767
3,3601142,2018,10,10,5,3,5,3,0,1,1,0,0,0,0,0,13.41325983,52.54870105
12,12200310,2018,10,16,2,3,2,6,0,0,1,0,0,0,0,0,13.31200834,52.57178983
8,8100314,2018,10,10,5,3,5,2,0,1,0,0,0,0,1,0,13.43359,52.48198921
9,9200512,2018,10,16,2,2,4,7,0,0,1,0,0,0,0,0,13.56212152,52.45758242
11,11200514,2018,10,20,4,2,0,7,2,1,0,0,0,0,0,0,13.49160075,52.53513011
2,2300314,2018,10,18,4,3,6,4,2,0,0,1,1,0,0,1,13.41841453,52.50006156
8,8401241,2018,10,16,2,3,5,3,0,0,1,0,1,0,0,0,13.47144583,52.43610424
1,1401045,2018,10,17,4,2,2,6,1,0,1,0,0,0,0,0,13.37677765,52.55631823
12,12200309,2018,10,23,2,3,0,3,2,0,1,0,1,0,0,0,13.31646852,52.56697979
11,11501238,2018,10,2,4,3,5,7,2,0,1,0,0,0,0,0,13.49192956,52.4918089
4,4501153,2018,10,7,4,2,5,3,1,0,1,0,0,0,0,1,13.32941362,52.48171692
3,3400721,2018,10,8,4,3,6,4,0,0,0,1,1,0,0,1,13.39356436,52.56839166
2,2400521,2018,10,15,2,3,5,5,0,1,1,0,0,0,0,0,13.43175823,52.52128344
3,3601142,2018,10,17,4,3,6,4,0,0,1,1,0,0,0,0,13.41190757,52.54104571
1,1100311,2018,10,20,2,3,5,2,1,1,0,0,0,0,1,0,13.41636163,52.5199615
4,4501041,2018,10,16,4,3,0,3,0,0,1,0,1,0,0,0,13.31503212,52.5009019
1,1100309,2018,10,15,2,3,0,1,0,1,0,0,0,0,0,0,13.4030955,52.52459318
6,6300633,2018,10,15,4,2,6,7,0,0,1,1,0,0,0,1,13.3155251,52.44385233
4,4501149,2018,10,17,5,3,2,2,0,1,1,0,0,0,0,0,13.32468513,52.48947189
3,3601244,2018,10,19,2,3,2,6,1,0,1,0,1,0,0,0,13.42499162,52.54698305
1,1300732,2018,10,15,4,3,2,6,0,0,1,0,0,0,0,1,13.38996997,52.56261328
6,6400843,2018,10,14,4,3,2,2,0,0,1,0,0,0,0,0,13.28719134,52.45110839
1,1100102,2018,10,19,2,2,5,2,2,0,1,0,1,0,0,0,13.37343459,52.50420533
1,1401045,2018,10,14,4,3,2,6,0,0,1,0,0,0,0,0,13.38253682,52.5558648
12,12200309,2018,10,15,5,3,0,3,0,1,1,0,0,0,0,0,13.32843228,52.56479632
5,5300737,2018,10,19,2,3,6,7,1,0,1,1,0,0,0,0,13.24062077,52.54516909
6,6300526,2018,10,13,4,3,0,2,0,0,0,0,1,0,0,1,13.25632017,52.42886931
2,2400623,2018,10,14,2,3,5,2,0,1,1,0,0,0,0,0,13.4304933,52.51102791
4,4200311,2018,10,13,5,3,5,3,0,0,1,0,1,0,0,0,13.27196882,52.49879683
1,1100415,2018,10,12,4,3,5,2,0,0,1,0,0,0,0,1,13.39891236,52.53258275
4,4200310,2018,10,13,5,3,3,6,0,0,1,0,0,1,0,0,13.27340439,52.50850841
1,1400938,2018,10,15,2,3,5,2,0,1,1,0,0,0,0,0,13.33629578,52.54851331
4,4500937,2018,10,12,5,3,5,2,0,1,0,0,0,0,1,0,13.28768871,52.4960769
1,1100101,2018,10,18,2,3,2,6,1,0,1,0,1,0,0,0,13.34014077,52.50525746
3,3200308,2018,10,12,5,3,5,2,0,1,1,0,0,0,0,0,13.41716373,52.6054615