BEZ,LOR_ab_2021,UJAHR,UMONAT,USTUNDE,UWOCHENTAG,UKATEGORIE,UART,UTYP1,ULICHTVERH,IstRad,IstPKW,IstFuss,IstKrad,IstGkfz,IstSonstige,USTRZUSTAND,XGCSWGS84,YGCSWGS84
3,3601244,2018,10,11,4,3,2,7,0,0,1,0,0,0,0,1,13.42482566,52.54703812
2,2200209,2018,10,16,5,3,0,2,0,1,1,0,0,0,0,0,13.38223603,52.4898913
4,4501149,2018,10,14,2,3,2,6,0,0,1,0,0,0,0,0,13.32325415,52.49171756
4,4200311,2018,10,11,5,3,3,6,0,0,1,0,0,0,1,0,13.27995347,52.5064188
12,12100204,2018,10,16,5,3,5,2,0,1,1,0,0,0,0,0,13.35390396,52.56222529
2,2400623,2018,10,9,2,3,5,3,0,1,0,0,0,0,0,0,13.43067485,52.51108848
9,9200510,2018,10,11,4,3,5,2,0,0,1,0,0,0,0,1,13.51235847,52.47078114
4,4501045,2018,10,12,2,3,9,1,0,0,1,1,0,0,0,0,13.32438997,52.49698169
1,1100206,2018,10,2,4,3,5,2,2,0,0,0,0,0,1,1,13.40106185,52.51828467
6,6300631,2018,10,16,5,3,2,2,0,1,1,0,0,0,0,0,13.28688758,52.41781952
4,4501045,2018,10,11,2,3,2,7,0,1,1,0,0,0,0,0,13.32382978,52.4950097
4,4501147,2018,10,23,3,3,5,7,2,0,1,0,1,0,0,1,13.31473197,52.48999442
11,11501340,2018,10,6,2,3,2,2,0,0,1,0,0,0,1,0,13.52784199,52.49004244
9,9200715,2018,10,16,5,3,1,5,0,1,1,0,0,0,0,0,13.53548958,52.43165045
7,7400822,2018,10,21,3,3,6,2,2,0,0,1,0,0,1,1,13.37005277,52.45571137
9,9100101,2018,10,15,5,3,5,3,0,1,1,0,0,0,0,0,13.45432239,52.49387082
9,9200512,2018,10,11,2,3,5,2,0,1,1,0,0,0,0,0,13.55478399,52.45563962
2,2500832,2018,10,20,3,3,0,5,2,1,0,0,0,0,1,1,13.47483036,52.51193256
4,4300416,2018,10,15,5,3,3,6,0,1,1,0,0,0,0,0,13.29483186,52.5067695
6,6400838,2018,10,11,2,3,5,2,0,1,1,0,0,0,0,0,13.24032577,52.44278017
4,4300416,2018,10,23,3,3,6,2,2,0,1,1,0,0,0,1,13.30304554,52.5056073
12,12400722,2018,10,8,2,3,5,2,0,0,1,0,0,0,0,0,13.29542932,52.61056607
7,7601340,2018,10,16,3,3,0,3,2,0,1,0,1,0,0,1,13.36057408,52.41048539
7,7100101,2018,10,15,5,3,2,7,0,0,1,0,1,0,0,0,13.34049092,52.50230343
1,1300733,2018,10,8,2,3,5,3,0,0,1,0,0,0,0,0,13.38751185,52.55263361
4,4200308,2018,10,12,3,3,2,6,0,0,1,0,0,0,0,0,13.27621106,52.51884199
8,8100206,2018,10,7,2,3,5,3,0,0,1,0,0,0,0,0,13.42485309,52.48211892
10,10400940,2018,10,15,5,3,6,4,0,0,1,1,0,0,0,0,13.6005952,52.47713025
7,7601238,2018,10,6,2,3,5,7,2,0,1,0,1,0,0,0,13.37987803,52.42404434
3,3601142,2018,10,13,3,3,1,5,0,1,1,0,0,0,0,1,13.41219087,52.54759508
1,1100311,2018,10,15,5,3,6,4,0,0,1,1,0,0,0,0,13.41738127,52.51569847
4,4300517,2018,10,5,2,3,5,3,2,0,1,0,0,0,0,0,13.30382189,52.525607
8,8401241,2018,10,15,5,3,5,2,0,1,0,0,1,0,0,0,13.47200189,52.43660969
1,1100310,2018,10,13,3,3,0,1,0,0,0,0,1,0,0,1,13.41634543,52.52169608
4,4300623,2018,10,14,5,2,6,4,0,0,1,1,0,0,0,0,13.30535004,52.51103301
2,2200208,2018,10,4,2,3,5,3,2,0,1,0,0,0,0,0,13.38969162,52.49605171
3,3601452,2018,10,13,3,3,5,3,0,0,1,0,0,0,0,1,13.44909015,52.52886933
8,8401243,2018,10,10,2,1,6,4,0,0,0,1,0,1,0,0,13.49571285,52.43147486
4,4100102,2018,10,13,3,3,3,6,0,0,1,0,0,0,0,0,13.29387327,52.53475455
2,2500833,2018,10,13,1,3,2,2,0,1,1,0,0,0,0,0,13.45287117,52.51240567
9,9200717,2018,10,16,5,3,5,3,0,0,1,0,0,1,0,0,13.55736315,52.43548585
6,6100102,2018,10,12,3,3,6,7,0,0,1,1,0,0,0,0,13.32165918,52.46115971
5,5100317,2018,10,11,5,3,2,6,0,0,1,0,0,0,1,0,13.23988938,52.52628358
12,12200308,2018,10,3,1,3,1,5,2,0,1,0,0,0,0,0,13.32603624,52.56975249
5,5300838,2018,10,14,5,3,2,6,0,0,1,0,0,0,0,0,13.24784848,52.54865389
9,9301025,2018,10,11,5,3,5,2,0,0,1,0,0,0,0,0,13.57379181,52.40184698
10,10200417,2018,10,19,1,2,6,4,1,0,1,1,0,0,0,0,13.59274566,52.5476041
12,12200412,2018,10,23,3,3,6,2,2,0,1,1,0,0,0,1,13.29501563,52.57633573
3,3501038,2018,10,14,5,3,5,2,0,0,1,0,0,0,0,0,13.47956538,52.55318854
10,10300734,2018,10,16,1,3,6,4,0,0,1,1,0,0,0,0,13.55981209,52.4793877
3,3701657,2018,10,10,5,3,5,3,0,0,1,0,0,0,0,0,13.42866653,52.53751568
5,5100316,2018,10,11,3,3,2,2,0,0,1,0,0,0,0,0,13.19971232,52.53464595
9,9200510,2018,10,9,5,3,3,2,0,0,1,0,0,0,0,0,13.50979653,52.4728537
7,7100206,2018,10,16,1,2,0,6,0,0,1,0,1,0,0,0,13.36945229,52.49296612
4,4300623,2018,10,11,3,3,2,6,0,0,1,0,0,0,1,0,13.304939,52.50671687
11,11400929,2018,10,11,3,3,5,3,0,1,1,0,0,0,0,0,13.49458042,52.50376449
4,4300622,2018,10,16,1,3,0,6,0,0,1,0,0,0,0,0,13.31712572,52.51398543
11,11501238,2018,10,10,3,3,5,7,0,0,1,0,0,0,1,0,13.49014816,52.49347757
5,5200631,2018,10,16,5,2,2,6,0,0,1,0,0,0,0,0,13.19778875,52.51802801
2,2200208,2018,10,15,1,3,1,5,0,1,1,0,0,0,0,0,13.37967666,52.49494417
1,1300732,2018,10,20,3,3,5,3,2,0,0,0,1,0,1,1,13.39201153,52.56390382
2,2400625,2018,10,15,1,3,2,6,0,0,1,0,0,0,0,0,13.44203408,52.50739741
11,11501238,2018,10,9,5,3,2,6,0,0,1,0,1,0,0,0,13.47906383,52.49988495
8,8200726,2018,10,20,3,3,6,2,2,0,1,1,0,0,0,1,13.44982868,52.44555432
7,7501133,2018,10,8,5,3,2,2,0,0,1,0,0,0,1,0,13.3873384,52.44017746
7,7200308,2018,10,14,7,3,6,7,0,1,0,1,0,0,0,0,13.34423903,52.48557777
2,2100104,2018,10,8,5,3,0,6,0,0,0,0,0,0,1,0,13.40283629,52.50583707
4,4300619,2018,10,10,3,3,6,7,0,0,1,1,0,0,0,0,13.30894837,52.51675655
1,1200626,2018,10,8,5,3,6,7,0,0,1,1,0,0,0,0,13.34910567,52.52339469
1,1100206,2018,10,23,7,3,6,2,2,0,1,1,0,0,0,0,13.38833301,52.51985821
5,5100316,2018,10,8,3,3,0,2,0,0,0,0,0,0,1,0,13.2004044,52.53657672
4,4200311,2018,10,8,3,3,5,2,0,1,1,0,0,0,0,0,13.28146736,52.51150978
1,1100308,2018,10,22,7,3,3,6,2,1,0,0,0,0,1,0,13.38733329,52.5258523
5,5300737,2018,10,21,3,2,8,1,2,0,1,0,0,0,0,1,13.24791889,52.53803224
8,8401241,2018,10,7,5,3,6,4,1,0,0,1,1,0,0,0,13.47382195,52.43811982
4,4200310,2018,10,7,3,3,2,2,0,1,1,0,0,0,0,0,13.26864736,52.50930468
5,5100316,2018,10,16,5,3,0,1,0,0,0,0,1,0,0,0,13.20235252,52.53498734
7,7300619,2018,10,21,7,3,1,1,2,0,1,0,0,0,1,0,13.34450613,52.46319475
9,9100304,2018,10,20,3,2,5,3,2,0,1,0,1,0,0,1,13.48569781,52.46445211
2,2100101,2018,10,20,3,3,6,2,2,0,1,1,0,0,0,1,13.38528181,52.50225243
11,11300722,2018,10,6,3,3,5,3,1,0,1,0,0,0,0,0,13.4797073,52.52306359
9,9100409,2018,10,15,5,3,0,1,0,0,0,0,1,0,0,0,13.51349238,52.42930131
1,1100205,2018,10,19,3,3,5,3,2,1,1,0,0,0,0,1,13.37639894,52.51009027
6,6100207,2018,10,20,7,3,5,2,2,1,1,0,0,0,0,0,13.3196439,52.45259863
7,7200308,2018,10,20,5,3,0,3,2,1,1,0,0,0,0,0,13.34537646,52.48406206
3,3400830,2018,10,19,3,3,5,2,1,0,1,0,0,0,0,1,13.42767708,52.56793841
4,4300416,2018,10,19,5,3,5,2,2,0,1,0,1,0,0,0,13.30237546,52.50673886
4,4300416,2018,10,19,7,3,3,6,1,0,1,0,0,0,0,0,13.30211838,52.50856341
1,1300733,2018,10,12,5,3,5,3,0,1,0,0,0,0,1,0,13.38422474,52.55603579
2,2100102,2018,10,6,3,3,5,3,2,0,1,0,0,0,0,1,13.39596196,52.49832367
8,8200624,2018,10,16,4,3,5,3,0,0,1,0,0,0,0,0,13.43306408,52.4523629
12,12400618,2018,10,19,7,3,8,2,2,0,1,0,0,0,0,0,13.24468845,52.61439095
1,1100313,2018,10,18,3,3,5,3,1,0,1,0,1,0,0,1,13.41780415,52.50653934
1,1100309,2018,10,8,7,3,6,4,0,1,0,1,0,0,0,0,13.40056797,52.52575843
6,6300634,2018,10,14,4,3,6,4,0,0,1,1,0,0,0,0,13.30275172,52.43749514
8,8100209,2018,10,17,7,3,1,5,1,1,1,0,0,0,0,0,13.43730895,52.46404005
2,2300315,2018,10,18,3,3,6,4,1,0,1,1,0,0,0,1,13.4276347,52.49917125
4,4501042,2018,10,17,7,3,6,2,0,0,1,1,0,0,0,0,13.33384233,52.50559028
5,5200629,2018,10,15,4,2,2,6,0,0,1,0,0,0,0,0,13.19481043,52.53440246
1,1300836,2018,10,16,7,3,1,7,0,0,1,0,1,0,0,0,13.38473002,52.54957496
12,12200411,2018,10,17,3,3,2,6,1,0,1,0,0,0,0,1,13.32205,52.56059461
11,11200411,2018,10,10,7,3,6,7,0,0,1,1,0,0,0,0,13.49514262,52.55057371
2,2200209,2018,10,9,4,3,5,2,0,1,1,0,0,0,0,0,13.3767079,52.4893154
1,1200520,2018,10,17,3,3,5,2,0,1,1,0,0,0,0,1,13.34336323,52.53186226
11,11100308,2018,10,16,4,2,0,4,0,0,1,1,0,0,0,0,13.49428254,52.56896018
12,12500929,2018,10,9,7,3,1,5,0,0,1,0,0,0,0,0,13.34648024,52.61468722
11,11400931,2018,10,15,4,3,5,2,0,1,1,0,0,0,0,0,13.5164026,52.50562363
5,5100103,2018,10,17,3,3,5,3,0,1,1,0,0,0,0,1,13.20926762,52.56550424
3,3601141,2018,10,19,4,3,2,6,2,0,1,0,0,0,0,0,13.40676057,52.55405642
1,1100102,2018,10,2,7,3,5,2,2,1,1,0,0,0,0,0,13.36358893,52.51760899
5,5100316,2018,10,17,3,3,6,4,0,0,1,1,0,0,0,1,13.2025778,52.53795313
10,10100316,2018,10,0,7,3,5,3,2,1,1,0,0,0,0,0,13.58335548,52.54898895
1,1100309,2018,10,19,4,2,5,7,2,0,1,0,1,0,0,0,13.400005,52.52956787
7,7501031,2018,10,11,7,2,5,3,0,0,1,0,0,1,0,0,13.40777656,52.45251575
7,7400823,2018,10,17,3,3,2,6,0,0,1,0,1,0,0,1,13.37589265,52.45781248
2,2500833,2018,10,18,4,3,3,6,1,1,0,0,0,0,1,0,13.46138503,52.51102511
4,4300517,2018,10,11,7,2,2,6,0,0,1,0,0,0,0,0,13.29694379,52.52796038
9,9200512,2018,10,19,4,3,6,6,2,0,1,1,0,0,0,0,13.56238595,52.45685231
3,3300516,2018,10,16,3,3,5,2,0,1,0,0,0,0,1,1,13.42968262,52.57182072
1,1100308,2018,10,19,4,2,6,4,2,0,1,1,0,0,0,0,13.38695912,52.52730791
4,4500936,2018,10,16,7,3,5,3,0,1,1,0,0,0,0,0,13.30368201,52.50369288
5,5300736,2018,10,16,3,3,2,6,0,0,1,0,1,0,0,1,13.21814546,52.53752211
1,1100309,2018,10,15,7,3,6,4,0,0,0,1,0,0,1,0,13.40059726,52.52364481
4,4200207,2018,10,14,3,2,4,1,0,0,1,0,0,0,1,1,13.20031836,52.46967775
2,2300419,2018,10,19,4,3,0,7,1,1,1,0,0,0,0,0,13.44692842,52.49839832
6,6100206,2018,10,15,7,3,5,2,0,0,1,0,0,0,0,0,13.33787893,52.45102312
1,1401045,2018,10,15,3,3,2,6,0,0,1,0,1,0,0,1,13.3766598,52.55632771
6,6200422,2018,10,18,4,3,5,3,1,0,1,0,0,0,1,0,13.33118435,52.42006751
2,2500834,2018,10,15,7,3,6,4,0,1,0,1,0,0,0,0,13.4504895,52.50864707
6,6300526,2018,10,14,3,3,5,2,0,1,1,0,0,0,0,1,13.25950766,52.43316944
10,10400837,2018,10,14,7,3,2,6,0,0,1,0,0,0,0,0,13.58128034,52.50423524
8,8100418,2018,10,18,4,3,1,5,2,1,1,0,0,0,0,0,13.44813487,52.48275417
9,9401534,2018,10,14,7,3,3,6,0,1,0,0,0,0,0,0,13.58168482,52.44272534
7,7601341,2018,10,14,3,2,5,2,0,0,1,0,0,0,0,1,13.37628109,52.40914955
2,2200211,2018,10,18,4,3,2,6,1,1,0,0,0,0,0,0,13.39788899,52.48889401
6,6200316,2018,10,14,7,3,5,2,0,0,1,0,0,0,0,0,13.35467512,52.4291539
3,3500933,2018,10,17,4,3,0,1,0,1,0,0,0,0,0,0,13.46041221,52.55963016
5,5300737,2018,10,0,3,2,1,5,2,0,1,0,0,1,1,0,13.24167477,52.53881703
2,2400625,2018,10,17,4,3,5,2,0,1,1,0,0,0,0,0,13.44322824,52.50394099
9,9501737,2018,10,13,7,3,5,3,0,1,0,0,0,0,0,0,13.63064302,52.45213917
5,5100316,2018,10,18,3,3,0,1,1,0,1,0,1,0,0,1,13.20827399,52.53870407
6,6200314,2018,10,16,3,3,0,1,0,0,0,0,1,0,0,1,13.34234509,52.42842685
7,7400823,2018,10,13,7,3,2,6,0,0,1,0,0,1,0,0,13.37159498,52.47009461
11,11200513,2018,10,9,3,3,5,3,0,0,1,0,0,0,0,0,13.48663462,52.54094429
8,8100520,2018,10,17,4,3,0,6,0,0,1,0,1,0,0,0,13.46389378,52.47056371
12,12200412,2018,10,12,7,3,5,2,0,1,1,0,0,0,0,0,13.29893823,52.57856981
4,4500936,2018,10,13,2,3,6,2,0,0,1,1,0,0,0,0,13.30382679,52.49925698
4,4501153,2018,10,11,7,2,2,1,0,0,1,0,0,0,1,0,13.32861396,52.47839345
10,10100209,2018,10,17,4,3,2,7,0,0,1,0,1,0,0,0,13.57354073,52.55231734
6,6100205,2018,10,16,2,3,0,2,0,1,1,0,0,0,0,1,13.35323765,52.44923747
10,10100311,2018,10,17,4,3,2,6,0,0,1,0,0,0,0,0,13.5368843,52.52561042
12,12100204,2018,10,17,2,3,5,3,0,1,1,0,0,0,0,0,13.35408159,52.56209105
1,1100310,2018,10,20,6,3,5,3,2,1,1,0,0,0,0,0,13.40943709,52.5184503
11,11501340,2018,10,16,4,3,2,2,0,1,1,0,0,0,0,0,13.53606538,52.47783539
4,4501148,2018,10,17,2,3,0,2,0,1,1,0,0,0,0,1,13.32035109,52.48173311
1,1300835,2018,10,16,4,3,6,7,0,0,1,1,0,0,0,0,13.39178969,52.54056024
10,10400835,2018,10,19,6,3,5,2,2,1,1,0,0,0,0,0,13.59467306,52.51817875
8,8401241,2018,10,15,4,3,2,6,0,0,1,0,0,0,1,0,13.47500845,52.43935153
8,8100415,2018,10,22,2,3,6,4,2,1,0,1,0,0,0,0,13.44247564,52.48045268
4,4200311,2018,10,15,4,3,2,6,0,0,1,0,1,0,1,0,13.27364314,52.49998005
7,7601238,2018,10,18,6,3,5,3,2,0,1,0,1,0,0,0,13.39004885,52.4196545
3,11300617,2018,10,20,2,3,5,3,2,1,1,0,0,0,0,0,13.4611469,52.52974587
11,11401136,2018,10,17,2,2,5,3,0,1,1,0,0,0,0,1,13.50965892,52.50257596
3,3400724,2018,10,18,6,3,5,3,0,1,1,0,0,0,0,0,13.42847942,52.57767595
4,4200311,2018,10,17,2,2,2,2,0,1,1,0,0,0,0,0,13.28395631,52.51282587
2,2300315,2018,10,15,4,3,6,4,0,0,0,1,1,0,0,0,13.43202683,52.50180767
1,1200521,2018,10,18,6,3,6,4,1,0,1,1,0,0,0,0,13.33301258,52.52553819
7,7400720,2018,10,15,2,3,5,2,0,1,1,0,0,0,0,0,13.37781991,52.47237763
4,4100102,2018,10,17,6,3,0,2,0,0,1,0,1,0,0,0,13.29424271,52.53430684
1,1200623,2018,10,15,4,3,3,6,0,0,1,0,0,0,1,0,13.35747368,52.53599094
4,4501043,2018,10,22,2,3,5,2,2,0,1,0,1,0,0,0,13.3100118,52.49369561
2,2500833,2018,10,15,4,3,5,2,0,1,1,0,0,0,0,0,13.46534395,52.50769786
1,3701556,2018,10,23,6,3,6,4,2,0,1,1,0,0,0,0,13.41606986,52.52720549
12,12400617,2018,10,22,4,3,5,3,2,0,1,0,0,0,0,0,13.21742131,52.61128464
6,6100102,2018,10,15,2,3,6,4,0,0,1,1,0,0,0,0,13.32491018,52.46116146
8,8300934,2018,10,21,4,2,5,3,2,0,1,0,1,0,0,0,13.45471164,52.43469447
12,12200414,2018,10,22,6,2,6,4,2,0,1,1,0,0,0,0,13.30690869,52.55510616
6,6200312,2018,10,21,6,3,5,3,2,1,1,0,0,0,0,0,13.33135932,52.44211636
11,11501339,2018,10,20,4,3,3,6,2,0,1,0,0,1,0,0,13.52579737,52.49418474
6,6300527,2018,10,12,4,2,5,3,0,1,1,0,0,0,0,0,13.28121294,52.44155483
9,9200510,2018,10,17,6,2,5,2,1,1,1,0,0,0,0,0,13.5077155,52.47490233
1,1300733,2018,10,14,2,3,6,7,0,0,1,1,0,0,0,0,13.38555572,52.55018176
1,1300733,2018,10,17,6,3,5,7,1,0,0,0,1,0,0,0,13.38954037,52.55016517
4,4501042,2018,10,14,2,3,0,4,0,0,0,1,1,0,0,1,13.33555429,52.50424446
8,8401245,2018,10,14,4,3,6,4,0,0,1,1,0,0,0,0,13.51068923,52.40447336
10,10400941,2018,10,15,6,3,5,3,0,1,1,0,0,0,0,0,13.6144769,52.49371
12,12200414,2018,10,14,2,3,2,6,0,0,1,0,0,0,0,0,13.30672004,52.55530416
1,1300834,2018,10,15,6,3,2,6,0,0,1,0,0,0,0,0,13.39721249,52.54734242
10,10100210,2018,10,14,4,3,5,3,0,0,0,0,0,0,1,0,13.54155958,52.54284309
4,4501042,2018,10,13,2,3,1,5,0,1,1,0,0,0,1,1,13.338179,52.50507419
5,5200629,2018,10,13,4,3,5,3,0,0,1,0,1,0,0,0,13.19216609,52.53412588
5,5400943,2018,10,15,6,3,5,7,0,1,1,0,0,0,0,0,13.12056981,52.47579624
1,1200626,2018,10,13,2,3,6,3,0,0,1,1,0,0,0,0,13.34621888,52.52496621
5,5100317,2018,10,13,4,3,2,6,0,0,1,0,0,1,0,0,13.23155533,52.52773468
8,8401245,2018,10,18,6,3,6,4,0,0,1,1,0,0,0,0,13.50521271,52.40403877
10,10200423,2018,10,7,2,3,5,3,0,1,1,0,0,0,0,0,13.61995455,52.53953806
2,2400521,2018,10,7,6,3,5,3,0,1,0,0,0,0,1,0,13.43294662,52.51807934
4,4500937,2018,10,13,4,3,3,6,0,1,1,0,0,0,0,0,13.29232508,52.49745272
6,6100206,2018,10,15,6,3,0,2,0,1,1,0,0,0,0,0,13.33998357,52.44815376
1,1100207,2018,10,17,2,3,5,2,0,1,0,0,1,0,0,1,13.40004357,52.50951576
10,10400940,2018,10,12,4,3,5,3,0,0,1,0,1,0,0,0,13.61197946,52.49664952
1,1100309,2018,10,16,6,3,6,4,0,1,0,1,0,0,0,0,13.40362068,52.52564143
11,11300721,2018,10,17,2,2,0,3,0,0,1,0,0,0,1,0,13.49961887,52.52384087
1,1100102,2018,10,16,6,2,5,3,0,0,1,1,0,0,1,0,13.36872403,52.50624874
8,8100520,2018,10,12,4,3,5,3,0,1,0,0,0,0,1,0,13.46458015,52.4703169
2,2500833,2018,10,15,6,3,6,4,0,0,1,1,0,0,0,0,13.45632547,52.50987604
2,2300315,2018,10,15,2,3,2,6,0,0,1,0,0,0,0,1,13.42654884,52.49951445
10,10400940,2018,10,12,4,3,5,3,0,1,1,0,0,0,0,0,13.60094383,52.47931579
10,10200423,2018,10,16,6,3,2,6,0,0,1,0,0,0,0,0,13.61992052,52.54395096
9,9200715,2018,10,11,4,3,5,3,0,1,1,0,0,0,0,0,13.54506187,52.42715089
11,11300721,2018,10,16,2,3,3,6,0,0,1,0,0,0,1,0,13.4997481,52.52589871
4,4501148,2018,10,10,4,3,5,3,0,0,1,0,0,0,0,0,13.31359651,52.48309282
5,5100316,2018,10,9,6,3,5,2,0,0,1,0,0,0,0,0,13.20077622,52.53858317
4,4400832,2018,10,13,2,3,1,5,0,1,1,0,0,0,1,0,13.29465392,52.47439569
6,6300632,2018,10,16,6,2,0,1,0,1,0,0,0,0,0,0,13.30505623,52.42736478
6,6400839,2018,10,8,2,3,0,3,0,1,0,0,0,0,1,0,13.23004776,52.43389063
4,4300620,2018,10,12,6,2,4,7,0,0,1,1,0,0,1,0,13.32698033,52.52194267
2,2300314,2018,10,9,4,3,3,6,0,1,1,0,0,0,0,0,13.41815656,52.49970914
8,8300934,2018,10,17,6,3,1,5,0,0,1,0,0,0,0,0,13.46064138,52.43020581
2,2500727,2018,10,7,2,3,0,7,0,1,0,0,0,0,1,0,13.46148958,52.51785363
12,12400619,2018,10,9,4,3,5,3,0,1,1,0,0,0,0,0,13.23876959,52.60250526
12,12500929,2018,10,16,6,3,5,3,0,0,1,0,1,0,0,0,13.34235374,52.60761507
2,2400521,2018,10,9,4,3,5,2,0,1,0,0,0,0,1,0,13.44068485,52.51727064
2,2200208,2018,10,7,2,2,5,2,0,1,1,0,0,0,0,0,13.3878375,52.49276723
4,4200206,2018,10,15,4,3,0,2,0,1,1,0,0,0,0,0,13.23362169,52.50543456
2,2400623,2018,10,13,6,3,1,5,0,1,1,0,0,0,1,0,13.42916631,52.51058022
1,1400938,2018,10,8,2,3,2,6,0,0,1,0,0,0,0,0,13.33431428,52.54137123
4,4400727,2018,10,8,2,2,0,2,0,1,1,0,0,0,0,0,13.28774946,52.48088113
2,2500835,2018,10,18,4,3,0,6,1,0,1,0,1,0,0,0,13.46635649,52.50062309
1,1200628,2018,10,9,2,3,6,4,0,1,0,1,0,0,0,0,13.36601233,52.52552511
2,2100106,2018,10,8,4,3,3,6,0,1,1,0,0,0,0,0,13.41864816,52.4988991
6,6100205,2018,10,13,6,2,5,3,0,0,1,0,1,0,0,0,13.3532335,52.44923822
2,2100102,2018,10,10,2,3,2,6,0,0,1,0,0,0,0,0,13.39691184,52.50516406
2,2400623,2018,10,11,2,3,5,3,0,1,1,0,0,0,0,0,13.43042975,52.51040841
7,7100102,2018,10,11,6,2,6,4,0,0,1,1,0,0,0,0,13.34676571,52.50078511
12,12100103,2018,10,7,2,3,5,2,0,1,0,0,0,0,1,0,13.37346379,52.57475759
1,1200517,2018,10,8,4,2,3,6,0,1,0,0,0,0,1,0,13.32826869,52.53292735
4,4100101,2018,10,11,6,3,2,6,0,0,1,0,0,0,0,0,13.29653768,52.54830404
1,1400940,2018,10,13,2,3,5,3,0,0,1,0,0,0,0,0,13.36544525,52.55803102
4,4501045,2018,10,13,6,3,5,3,0,0,1,0,1,0,0,0,13.33451889,52.49850524
3,3300517,2018,10,7,4,3,5,2,0,1,1,0,0,0,0,0,13.46536777,52.56710825
2,2100104,2018,10,7,2,2,0,7,0,1,0,0,0,0,0,0,13.41044543,52.50379617
8,8100415,2018,10,7,4,3,5,3,0,1,1,0,0,0,0,0,13.44786563,52.4777833
1,1100102,2018,10,10,6,3,2,6,0,0,1,0,0,0,1,0,13.35200146,52.50963497
10,10200629,2018,10,12,4,3,6,7,0,0,1,1,0,0,0,0,13.58152214,52.51400882
9,9301025,2018,10,7,2,3,8,1,0,0,1,0,0,0,0,0,13.58358904,52.4037461
1,1100101,2018,10,19,4,3,5,2,2,1,0,0,0,0,1,0,13.35114425,52.50963475
11,11401136,2018,10,10,6,3,5,2,0,1,1,0,0,0,0,0,13.50956934,52.49625105
9,9401329,2018,9,17,1,3,5,3,1,0,1,0,0,0,0,0,13.59022953,52.43503881
9,9401534,2018,9,20,1,2,3,6,2,0,1,0,1,0,0,0,13.58189179,52.43940348
9,9501939,2018,10,13,6,3,5,2,0,1,1,0,0,0,0,0,13.57716479,52.45577233
6,6300527,2018,9,12,1,3,6,4,0,1,0,1,0,0,0,0,13.28254683,52.44122799
1,1100206,2018,10,8,3,3,0,2,0,0,0,0,1,0,1,0,13.3862239,52.5145664
10,10100311,2018,10,9,6,3,2,1,0,1,1,0,0,0,0,0,13.53770556,52.53987417
4,4500936,2018,9,10,1,3,0,7,0,0,0,0,1,0,0,0,13.29968508,52.50047592
5,5100316,2018,10,12,6,2,5,2,0,0,1,0,0,0,0,1,13.18244186,52.53842241
4,4501040,2018,10,15,3,3,1,5,0,1,1,0,0,0,0,0,13.30956225,52.50018088
8,8100208,2018,10,9,6,3,2,2,0,1,1,0,0,0,0,0,13.44160413,52.47041106
1,1100308,2018,9,10,1,3,3,2,0,0,1,0,0,0,0,0,13.37841418,52.53429373
7,7100102,2018,10,16,3,3,1,5,0,1,1,0,0,0,0,0,13.34946226,52.49890339
5,5200420,2018,10,12,6,3,0,7,0,0,1,0,1,0,0,1,13.18200038,52.53590967
11,11100308,2018,9,7,1,3,1,5,0,0,1,0,0,1,0,0,13.49318421,52.56495097
11,11300721,2018,10,9,6,2,5,3,0,0,1,0,1,0,0,0,13.49572456,52.52296006
6,6300527,2018,10,16,3,2,1,5,0,0,1,0,0,0,0,0,13.27023131,52.43075002
7,7100103,2018,9,0,1,3,0,1,2,1,1,0,0,0,0,0,13.35895578,52.49659746
10,10400837,2018,10,15,3,3,0,2,0,1,1,0,0,0,0,0,13.57584264,52.49118203
1,1100308,2018,10,9,6,3,3,2,0,1,1,0,0,0,0,0,13.38632454,52.52474219
1,1100416,2018,10,22,3,3,5,2,2,1,1,0,0,0,0,0,13.40581824,52.53051887
8,8100206,2018,9,20,1,3,5,3,2,1,1,0,0,0,0,0,13.43468112,52.47871828
6,6100210,2018,10,11,3,2,0,7,0,0,1,0,0,0,0,0,13.3420436,52.45963629
1,1100206,2018,10,8,6,3,5,3,0,1,1,0,0,0,0,0,13.38065483,52.5169034
11,11200514,2018,9,18,1,3,5,7,0,0,1,0,1,0,0,0,13.47759391,52.53739751
8,8300934,2018,10,12,6,3,0,6,0,0,1,0,0,0,1,0,13.45392821,52.42959878
11,11100204,2018,10,20,3,2,6,4,2,0,1,1,0,0,0,0,13.52081728,52.56853927
9,9401329,2018,9,18,1,3,5,2,0,1,1,0,0,0,0,0,13.5968975,52.43697337
3,3400828,2018,10,16,5,3,6,7,0,0,1,1,0,0,0,0,13.42320338,52.5572911