BEZ,LOR_ab_2021,UJAHR,UMONAT,USTUNDE,UWOCHENTAG,UKATEGORIE,UART,UTYP1,ULICHTVERH,IstRad,IstPKW,IstFuss,IstKrad,IstGkfz,IstSonstige,USTRZUSTAND,XGCSWGS84,YGCSWGS84
1,1400937,2018,10,11,6,3,2,6,0,0,1,0,0,0,0,0,13.34486098,52.55440949
4,4300416,2018,10,17,6,3,2,6,1,0,1,0,0,0,0,0,13.30322259,52.50533373
5,5100314,2018,10,6,3,3,5,3,2,1,0,0,0,0,1,0,13.20535284,52.54177825
1,1200623,2018,10,12,6,3,5,3,0,1,1,0,0,0,0,0,13.35660274,52.53569057
1,1200517,2018,10,6,3,3,2,6,2,0,1,0,1,0,0,0,13.32126302,52.53162921
11,11100309,2018,10,11,6,3,2,6,0,0,1,0,0,0,0,0,13.50914368,52.56464432
3,3200310,2018,10,17,6,3,2,6,0,0,1,0,0,0,0,0,13.43125346,52.61242844
6,6200314,2018,10,15,3,3,3,5,0,1,1,0,0,0,0,0,13.33636171,52.42552275
1,1100310,2018,10,11,6,3,1,5,0,1,1,0,0,0,0,0,13.40493479,52.51744488
3,3601346,2018,10,12,6,3,0,4,0,0,0,1,1,0,0,0,13.41428586,52.54425541
4,4300622,2018,10,15,3,3,5,2,0,1,0,0,0,0,1,0,13.33023635,52.51327877
1,1100310,2018,10,17,6,3,2,6,1,1,1,0,0,0,0,0,13.41616464,52.52651221
11,11200411,2018,10,10,6,2,6,4,0,0,1,1,0,0,0,0,13.50079786,52.54703182
1,1100416,2018,10,23,6,2,0,1,2,1,0,0,0,0,0,0,13.40216929,52.53084565
2,2500834,2018,10,15,3,3,5,3,0,1,1,0,0,0,0,0,13.45070174,52.50861419
4,4300623,2018,10,10,6,3,2,7,0,1,1,0,0,0,0,0,13.30399615,52.50672498
1,1100312,2018,10,7,6,3,2,6,0,0,1,0,1,0,0,0,13.40851875,52.51192685
11,11401137,2018,10,10,6,3,5,3,0,1,1,0,0,0,0,0,13.5161965,52.49241096
3,3400620,2018,10,15,3,3,1,5,0,1,1,0,0,0,0,0,13.38147831,52.57963887
4,4501042,2018,10,9,6,3,6,2,0,0,1,1,0,0,0,0,13.32996791,52.50359874
2,2200210,2018,10,8,6,3,5,3,0,0,1,0,1,0,0,1,13.40307193,52.49536064
3,3400725,2018,10,15,3,3,5,3,0,1,1,0,0,0,0,0,13.41445202,52.58320055
6,6300524,2018,10,15,3,3,5,3,0,0,1,0,1,0,0,1,13.23003182,52.43080508
2,2200208,2018,10,8,6,3,5,2,0,1,1,0,0,0,0,0,13.38934847,52.49610841
6,6100209,2018,10,14,3,3,5,3,0,1,0,0,0,0,0,0,13.33769841,52.46225187
7,7601544,2018,10,9,6,2,6,4,0,0,1,1,0,0,0,0,13.40161802,52.386684
2,2300316,2018,10,9,6,3,6,4,0,0,0,1,0,0,1,0,13.43192087,52.50569321
8,8200725,2018,10,15,3,3,2,2,0,0,1,0,0,0,0,0,13.41451273,52.43962368
4,4500936,2018,10,10,6,2,2,6,0,0,1,0,0,0,0,0,13.30566423,52.499818
2,2400625,2018,10,8,6,3,5,2,0,1,0,0,0,0,1,0,13.44323464,52.50393874
12,12100204,2018,10,13,3,3,5,3,0,0,1,0,1,0,0,0,13.36379903,52.56514895
1,1100205,2018,10,17,6,3,3,6,1,1,0,0,0,0,0,0,13.37742114,52.5148053
8,8401243,2018,10,13,3,2,5,3,0,0,1,0,0,1,0,0,13.51461257,52.42384239
3,3200207,2018,10,10,6,3,6,4,0,0,1,1,0,0,0,0,13.4079943,52.58492946
3,3400723,2018,10,8,6,3,5,7,0,0,1,0,1,0,0,0,13.41858653,52.57256237
5,5300736,2018,10,12,3,3,2,6,0,0,1,0,0,1,0,0,13.22891152,52.53805456
12,12601236,2018,10,7,6,3,5,2,0,0,1,0,0,0,0,0,13.3393248,52.59583536
6,6200317,2018,10,10,6,3,5,3,0,0,1,0,0,0,0,0,13.36624823,52.4302064
3,3601142,2018,10,22,6,3,5,3,2,1,1,0,0,0,0,0,13.4128338,52.54439193
6,6200314,2018,10,11,3,3,2,6,0,0,1,0,0,0,1,0,13.3415505,52.4338703
3,3500932,2018,10,22,6,3,5,3,2,0,1,0,1,0,0,0,13.45575158,52.56000545
1,1100416,2018,10,11,6,2,5,3,0,1,1,0,0,0,0,0,13.40424933,52.53316253
8,8401242,2018,10,10,3,3,5,3,0,0,0,0,1,0,1,0,13.48237899,52.41135336
4,4501146,2018,10,10,3,3,5,2,0,1,1,0,0,0,0,0,13.3201219,52.48356472
1,1401045,2018,10,11,6,3,2,6,0,0,1,0,0,0,0,0,13.37663351,52.5543841
8,8100209,2018,10,9,3,3,5,3,0,1,1,0,0,0,0,0,13.43720755,52.46436857
3,3400828,2018,10,21,6,3,5,3,2,1,1,0,0,0,0,0,13.4274237,52.56055426
8,8100312,2018,10,11,6,3,0,4,0,0,0,1,0,0,1,0,13.44017024,52.48159378
2,2100104,2018,10,9,3,3,5,2,0,1,1,0,0,0,0,0,13.40915071,52.50177963
2,2200211,2018,10,11,6,3,5,2,0,1,0,0,0,0,1,0,13.39233242,52.49051517
12,12100102,2018,10,20,6,2,2,6,2,1,1,0,0,0,0,0,13.37612065,52.57109407
6,6300634,2018,10,9,3,3,5,3,0,1,1,0,0,0,0,0,13.29819952,52.43894541
8,8100312,2018,10,20,6,3,1,5,2,1,1,0,0,0,0,0,13.44088727,52.48227285
1,1100206,2018,10,7,6,3,2,2,0,0,1,0,0,0,0,0,13.38073148,52.5165688
11,11300620,2018,10,7,6,3,5,3,0,0,1,0,0,0,0,0,13.48550856,52.52399287
9,9501737,2018,10,8,3,3,0,7,0,0,1,0,0,0,0,0,13.62867008,52.46900924
12,12100205,2018,10,7,6,2,0,2,0,1,1,0,0,0,0,0,13.34549991,52.56677494
1,1200517,2018,10,7,6,3,5,2,0,1,1,0,0,0,0,0,13.32641473,52.53708379
10,10100311,2018,10,6,6,2,6,4,1,0,0,1,0,0,1,0,13.52747129,52.5162604
1,1100313,2018,10,7,6,3,5,2,0,1,1,0,0,0,0,0,13.41874249,52.51040784
1,1100311,2018,10,15,6,3,5,2,0,1,1,0,0,0,0,0,13.42174878,52.51420462
11,11501238,2018,10,6,6,3,6,4,2,0,0,1,0,1,0,0,13.47657418,52.50100179
4,4501042,2018,10,9,3,3,6,7,0,0,1,1,0,0,0,0,13.32967117,52.50353448
12,12200515,2018,10,6,6,2,0,3,2,0,1,0,1,0,0,0,13.28150504,52.59245531
3,3300516,2018,10,8,3,3,5,3,0,0,1,0,1,0,0,0,13.44316865,52.57121895
12,12400721,2018,10,16,6,2,5,3,0,0,1,0,1,0,0,0,13.303436,52.64124546
3,3500934,2018,10,6,6,3,5,3,2,0,1,0,0,0,1,0,13.42906464,52.55632101
2,2300315,2018,10,13,3,3,0,3,0,0,1,0,1,0,0,0,13.43034161,52.49943568
1,1100309,2018,10,3,6,3,0,1,2,1,0,0,0,0,0,0,13.39260537,52.52448013
8,8100209,2018,10,6,6,3,2,1,1,0,1,0,1,0,0,0,13.43387473,52.46539022
7,7601339,2018,10,8,3,3,6,2,0,0,1,1,0,0,0,0,13.35015632,52.41438628
4,4200309,2018,10,16,6,3,2,6,0,0,1,0,0,0,0,0,13.25921832,52.51722257
1,1300834,2018,10,0,6,3,5,3,2,0,1,0,0,0,0,0,13.39255415,52.54249376
4,4501044,2018,10,11,2,3,5,2,0,1,1,0,0,0,0,0,13.31941936,52.49223593
2,2300314,2018,10,17,6,3,5,3,0,1,0,0,0,0,1,0,13.41990768,52.5022866
12,12200310,2018,10,10,6,3,5,2,0,0,1,0,0,0,1,0,13.31370971,52.57608899
3,3400829,2018,10,18,2,3,5,3,0,1,1,0,0,0,0,0,13.42100066,52.56369263
7,7300517,2018,10,15,5,3,5,2,0,1,1,0,0,0,0,0,13.335131,52.47136336
1,1400938,2018,10,17,6,3,5,2,0,0,1,0,0,0,0,0,13.3391659,52.55038876
1,1401048,2018,10,10,5,3,7,7,0,1,0,0,0,0,0,0,13.36218723,52.5496204
7,7601236,2018,10,17,2,3,5,2,0,0,1,0,1,0,0,0,13.36191964,52.41419915
12,12400618,2018,10,19,6,3,5,2,2,0,1,0,1,0,0,0,13.24010333,52.61870822
12,12100205,2018,10,7,5,1,5,7,1,0,1,0,1,0,0,0,13.33316708,52.563966
4,4300414,2018,10,17,2,3,5,2,0,1,1,0,0,0,0,0,13.29594404,52.51813827
11,11200513,2018,10,14,5,3,5,3,0,1,1,0,0,0,0,0,13.48669857,52.54091422
11,11300721,2018,10,19,6,3,2,6,2,0,1,0,0,0,0,0,13.5162058,52.53540913
4,4300517,2018,10,14,5,3,2,6,0,0,1,0,0,0,0,0,13.30099743,52.52264059
3,3601245,2018,10,16,2,3,5,2,0,0,1,0,0,0,1,0,13.42777206,52.54558158
1,1100206,2018,10,19,6,3,6,4,2,1,0,1,0,0,0,0,13.38886037,52.51684857
4,4200205,2018,10,14,5,3,5,7,0,0,1,0,0,0,1,0,13.25113845,52.51570364
4,4200311,2018,10,19,6,3,5,2,2,1,1,0,0,0,0,0,13.28128202,52.5127749
4,4501146,2018,10,17,2,2,5,7,0,0,1,0,1,0,0,0,13.32027315,52.48377219
1,1100104,2018,10,20,6,3,1,5,2,1,1,0,0,0,0,0,13.37106694,52.50107177
1,1100310,2018,10,14,5,3,6,7,0,1,0,1,0,0,0,0,13.41526883,52.5158036
11,11200514,2018,10,17,2,3,5,3,0,1,0,0,0,0,0,0,13.47733721,52.5363681
10,10400837,2018,10,12,5,3,2,6,0,0,1,0,1,0,0,0,13.57279042,52.48388964
5,5300838,2018,10,16,2,3,5,2,0,0,1,0,1,0,0,0,13.24825138,52.54956631
5,5200527,2018,10,11,5,3,6,2,0,0,1,1,0,0,0,0,13.16409533,52.52153255
7,7501135,2018,10,18,6,3,1,7,0,0,1,0,0,0,0,0,13.39378992,52.41905958
3,3300516,2018,10,11,5,3,5,3,0,1,0,0,0,0,1,0,13.43079046,52.57147284
3,3601244,2018,10,16,2,3,5,3,0,1,1,0,0,0,0,0,13.42739815,52.55241643
6,6200420,2018,10,2,6,3,8,1,2,0,1,0,0,0,0,0,13.30595869,52.41900644
11,11300722,2018,10,11,5,3,5,3,0,0,1,1,0,0,0,0,13.48581256,52.51892584
2,2200210,2018,10,15,6,3,5,3,0,0,1,0,1,0,0,0,13.39758769,52.49524284
11,11200411,2018,10,15,2,3,5,3,0,1,1,0,0,0,0,0,13.50006095,52.54804952
4,4300620,2018,10,15,6,3,6,4,0,0,0,1,0,0,1,0,13.32168507,52.52099897
7,7501031,2018,10,10,5,3,5,7,0,0,1,0,1,0,0,0,13.38599854,52.45283805
8,8100418,2018,10,16,2,3,6,4,0,0,1,1,0,0,0,0,13.4503481,52.47767604
4,4300518,2018,10,15,2,3,1,5,0,0,1,0,1,0,0,0,13.30150043,52.52213952
5,5200629,2018,10,15,6,3,2,6,0,0,1,0,0,0,1,0,13.19898082,52.53270739
1,1100309,2018,10,15,2,3,2,2,0,0,1,0,0,0,0,0,13.39204864,52.5235599
12,12500930,2018,10,15,6,3,2,6,0,0,1,0,0,0,0,0,13.33455049,52.58749841
4,4200311,2018,10,21,5,2,5,3,2,0,1,0,0,0,0,1,13.28029217,52.5063225
12,12400720,2018,10,15,2,3,5,3,0,1,1,0,0,0,0,0,13.27934394,52.63415661
1,1100416,2018,10,15,2,3,2,6,0,0,1,0,0,0,0,0,13.3961528,52.53807617
1,1100207,2018,10,19,5,3,2,6,2,1,0,0,0,0,0,0,13.39170743,52.51120761
2,2400522,2018,10,15,2,3,5,3,0,1,1,0,0,0,0,0,13.44263533,52.5248186
1,1300733,2018,10,15,6,3,2,6,0,1,1,0,0,0,0,0,13.39373617,52.55491948
5,5300737,2018,10,9,5,3,5,2,0,1,1,0,0,0,0,0,13.23571851,52.53885392
2,2500834,2018,10,22,2,3,6,4,2,0,0,1,1,0,0,0,13.45506617,52.50782925
4,4300414,2018,10,19,5,3,0,3,2,1,1,0,0,0,0,1,13.29704392,52.51180692
11,11300620,2018,10,15,6,3,2,6,0,0,1,0,0,0,0,0,13.4758211,52.53303038
9,9100407,2018,10,21,2,2,5,7,2,0,1,0,1,0,0,0,13.48781097,52.45921869
1,1100103,2018,10,14,6,3,5,2,0,1,0,0,0,1,0,0,13.35121371,52.50430118
11,11401136,2018,10,19,5,3,0,6,1,0,1,0,1,0,0,1,13.50179041,52.49836159
9,9100409,2018,10,15,5,3,0,3,0,0,1,0,1,0,0,0,13.51353866,52.42929349
1,1100104,2018,10,16,2,3,5,3,0,1,1,0,0,0,0,0,13.36714022,52.50464075
3,3601141,2018,10,17,5,3,5,2,0,1,1,0,0,0,0,0,13.41471814,52.55357042
2,11501238,2018,10,17,5,3,5,3,1,1,1,0,0,0,0,0,13.46876353,52.49973606
2,2100101,2018,10,20,2,3,2,6,2,0,1,0,0,0,0,0,13.38834309,52.50202753
7,7400823,2018,10,18,2,3,5,3,1,0,1,0,1,0,0,0,13.37579713,52.45561448
4,4300623,2018,10,9,5,2,6,7,0,0,1,1,0,0,0,0,13.30571515,52.5098525
12,12100103,2018,10,18,2,3,5,2,1,0,1,0,0,0,1,0,13.36090451,52.57038097
6,6200313,2018,10,8,5,3,5,2,0,1,0,0,0,0,1,0,13.35144239,52.44006698
1,1100308,2018,10,17,5,3,5,2,0,1,1,0,0,0,0,0,13.38019851,52.53286764
7,7300517,2018,10,19,2,2,5,2,2,0,1,0,1,0,0,0,13.33258359,52.46897771
2,2200207,2018,10,16,5,3,1,5,0,1,1,0,0,0,0,0,13.37691367,52.49985045
5,5100210,2018,10,21,5,2,1,7,2,1,1,0,0,0,0,0,13.18349389,52.54563955
9,9200819,2018,10,16,5,3,5,2,0,1,1,0,0,0,0,0,13.56342375,52.44571895
2,2100106,2018,10,16,2,2,6,4,0,1,0,1,0,0,0,0,13.41766907,52.49885393
12,12200414,2018,10,21,5,3,3,6,2,0,1,0,0,0,1,0,13.29368235,52.55214694
8,8100521,2018,10,16,5,3,5,3,0,0,1,0,0,0,0,0,13.46713151,52.4684815
2,2200208,2018,10,17,2,2,6,4,1,0,1,1,0,0,0,0,13.38427396,52.493699
7,7200307,2018,10,9,5,2,5,2,0,0,1,0,0,0,1,0,13.34516103,52.49032334
3,3300411,2018,10,20,5,3,5,2,2,1,1,0,0,0,0,0,13.4870457,52.61744958
10,10400837,2018,10,15,2,3,5,3,0,1,1,0,0,0,0,0,13.57597583,52.49113082
2,2100101,2018,10,19,5,3,6,4,2,0,1,1,0,0,0,0,13.37714653,52.50683845
11,11501341,2018,10,16,5,3,5,3,0,1,1,0,0,0,0,0,13.51144465,52.48437366
8,8200833,2018,10,19,5,3,4,6,2,0,1,0,0,0,1,0,13.44696626,52.41766745
6,6100205,2018,10,8,2,2,6,4,0,0,1,1,0,0,0,0,13.36010413,52.44714755
12,12200515,2018,10,19,5,3,6,7,2,0,1,1,0,0,0,0,13.28740339,52.58790218
6,6200312,2018,10,16,5,3,2,6,0,0,1,0,0,0,0,0,13.33054958,52.44503455
7,7200307,2018,10,10,2,3,5,3,0,1,1,0,0,0,0,0,13.34188016,52.49223016
1,1100102,2018,10,8,5,3,5,3,0,0,1,0,0,0,0,0,13.37088312,52.51777927
1,1400937,2018,10,18,5,3,2,6,0,0,1,0,0,0,0,0,13.33347598,52.56102908
1,1400938,2018,11,14,5,3,2,2,0,0,1,0,0,0,0,0,13.33913438,52.55032173
7,7400927,2018,10,5,1,3,9,1,2,0,1,0,0,0,0,0,13.39125515,52.457517
1,1300836,2018,11,13,5,3,1,5,0,1,1,0,0,0,0,0,13.36746672,52.54483561
3,3601140,2018,10,1,1,2,9,1,2,0,1,0,0,0,0,0,13.40105873,52.55465116
3,3701554,2018,11,11,5,3,5,3,0,0,1,0,1,0,0,0,13.40829336,52.53041708
12,12200309,2018,10,20,7,3,5,2,1,0,1,0,0,0,0,0,13.32776136,52.56409719
10,10400940,2018,10,8,7,3,5,3,0,1,1,0,0,0,0,0,13.59756729,52.50241831
7,7400927,2018,11,11,5,3,0,3,0,0,1,0,1,0,0,0,13.39043386,52.46574129
3,3400620,2018,10,14,7,3,5,3,0,0,1,0,0,0,0,0,13.38966898,52.57433133
1,1300733,2018,11,10,5,2,6,4,0,0,0,1,0,0,1,0,13.39113571,52.55518206
12,12400721,2018,10,1,7,2,9,1,2,0,1,0,0,0,0,1,13.29044366,52.63794213
8,8100313,2018,11,10,5,2,6,4,0,0,1,1,0,0,0,0,13.44565551,52.48588265
8,8100314,2018,10,14,7,3,1,5,0,1,1,0,0,0,0,0,13.43843952,52.48135452
4,4400729,2018,11,9,5,2,6,4,0,0,1,1,0,0,0,0,13.27877462,52.47557575
2,2500726,2018,10,13,7,3,5,3,0,0,1,0,1,0,0,0,13.44895193,52.5243029
9,9200715,2018,11,9,5,2,3,6,0,0,1,0,0,1,1,0,13.52803791,52.42640191
12,12200310,2018,10,12,7,2,5,2,0,0,1,0,1,0,0,0,13.31372897,52.57611631
4,4400833,2018,11,9,5,2,1,5,0,1,1,0,0,0,0,0,13.30822847,52.4759678
10,10400940,2018,10,11,7,2,1,5,0,1,1,0,0,0,0,0,13.58764923,52.48128866
12,12200515,2018,10,8,7,3,5,3,0,0,1,0,0,0,0,0,13.28119805,52.58556588
1,1100309,2018,11,9,5,3,5,2,0,1,1,0,0,0,0,0,13.38990169,52.52571436
10,10300734,2018,10,15,7,3,2,1,0,0,1,0,0,0,0,0,13.56160055,52.50267897
6,6400844,2018,11,9,5,3,2,6,0,0,1,0,0,0,0,0,13.30952913,52.46708093
2,2100102,2018,10,15,7,3,2,6,0,0,1,0,0,0,1,0,13.3907849,52.506731
1,1100207,2018,11,8,5,3,3,6,0,1,1,0,0,0,0,0,13.38977634,52.51110245
4,4300416,2018,11,8,5,3,1,5,0,1,0,0,0,1,0,0,13.29428769,52.50857127
5,5300737,2018,10,15,7,3,0,1,0,0,0,0,1,0,0,0,13.24158661,52.53856621
12,12400722,2018,11,0,5,3,8,1,2,0,0,0,1,0,0,0,13.29120506,52.62623327
7,7100102,2018,10,0,7,3,2,6,2,0,1,0,1,0,0,0,13.34549994,52.50056889
10,10200629,2018,10,15,4,3,5,2,0,0,1,0,0,0,0,0,13.58912058,52.51755224
1,1100310,2018,10,23,6,2,5,2,2,0,1,0,0,0,0,0,13.41541844,52.52696983
4,4501045,2018,10,17,4,3,6,4,1,1,0,1,0,0,0,0,13.32408189,52.49704579
5,5100316,2018,10,18,6,2,5,2,2,0,0,0,1,0,0,0,13.19709705,52.53840892
1,1100308,2018,11,10,3,3,6,2,0,0,1,1,0,0,0,0,13.38298097,52.53062589
1,1100310,2018,10,16,4,3,5,3,1,1,0,0,0,0,0,0,13.40975989,52.51820582
1,1200521,2018,11,11,3,3,1,1,0,0,1,0,0,0,0,0,13.33494101,52.52545294
1,1100308,2018,10,19,4,3,1,5,2,1,1,0,0,0,1,0,13.38125709,52.53201487
11,11300618,2018,11,12,3,3,2,6,0,0,1,0,0,0,0,0,13.46657807,52.52777997
11,11100204,2018,10,18,6,3,6,2,1,0,1,1,0,0,0,0,13.52051856,52.56850016
1,1100310,2018,11,12,3,3,5,2,0,1,0,0,0,0,1,0,13.40431038,52.52038685
7,7601340,2018,10,18,4,3,6,4,2,0,0,1,1,0,0,0,13.36126963,52.41247932
6,6300633,2018,11,7,3,3,1,5,0,1,1,0,0,0,0,0,13.30540817,52.43730836
1,1100309,2018,10,17,6,3,0,3,1,1,1,0,0,0,0,0,13.3936329,52.52644346
12,12200309,2018,10,18,4,3,1,7,2,0,1,0,0,0,0,0,13.32840601,52.5647263
1,1100205,2018,10,16,4,3,0,1,1,1,0,0,0,0,0,0,13.3825241,52.50723224
6,6400844,2018,10,16,6,3,3,6,1,0,1,0,0,0,0,0,13.30925681,52.46688665
5,5100210,2018,10,16,4,3,5,3,0,0,1,0,0,0,1,0,13.18497288,52.54933506
9,9501737,2018,11,8,3,3,5,2,0,1,0,0,0,0,1,0,13.63280888,52.44713907
3,3501038,2018,10,15,4,3,5,3,1,0,1,0,0,0,1,0,13.47706927,52.56323627
11,11300721,2018,10,15,6,3,3,6,0,0,1,0,0,0,0,0,13.51504905,52.53519849
4,4300619,2018,11,13,3,3,0,1,0,0,0,0,1,0,0,0,13.31334522,52.51518185
11,11501238,2018,10,15,4,3,5,2,0,0,1,0,0,0,1,0,13.48055472,52.49904321
4,4400831,2018,11,17,3,3,5,3,2,1,1,0,0,0,0,0,13.28172515,52.47648098
4,4300624,2018,10,15,6,3,2,6,0,0,1,0,0,0,0,0,13.31856257,52.50609709
1,1401047,2018,11,10,3,2,5,2,0,1,0,0,0,1,0,0,13.35909235,52.54627509
11,11200411,2018,10,15,4,3,0,1,0,1,0,0,0,0,0,0,13.5008827,52.54697829
4,4400727,2018,11,17,3,2,5,2,2,1,1,0,0,0,0,0,13.30017341,52.48779826
12,12100103,2018,10,14,6,3,5,2,0,1,1,0,0,0,0,1,13.3589826,52.57347463
12,12500825,2018,10,14,4,3,2,6,0,0,1,0,0,0,0,0,13.30573291,52.58212698
2,7100206,2018,10,12,6,2,5,3,0,1,1,0,0,0,0,1,13.37344989,52.4878565
3,3601243,2018,11,9,3,3,6,4,0,0,1,1,0,0,0,0,13.41937133,52.55244041
6,6400844,2018,10,10,6,2,6,2,0,0,1,1,0,0,0,0,13.27090772,52.45087208
10,10400837,2018,10,10,6,3,5,3,0,0,1,0,0,0,0,0,13.57391761,52.48612644
5,5100209,2018,10,14,4,3,5,2,0,0,1,0,0,0,0,0,13.18473109,52.54758989
7,7300618,2018,10,14,4,3,6,4,0,0,1,1,0,0,0,0,13.33672747,52.47148903
1,1100101,2018,10,8,6,3,5,2,0,1,1,0,0,0,1,0,13.35158975,52.50748529
8,8401139,2018,10,14,4,3,5,2,0,1,1,0,0,0,0,0,13.46638836,52.43350616
1,1100310,2018,11,9,3,3,1,5,0,1,1,0,0,0,1,0,13.40433296,52.52226175
6,6200313,2018,10,7,6,3,1,5,0,1,1,0,0,0,0,0,13.34755102,52.43732333
7,7300619,2018,10,12,4,3,2,6,0,0,1,0,0,0,0,0,13.33852107,52.46655389
4,4200308,2018,10,6,6,3,5,3,2,1,1,0,0,0,0,0,13.24819386,52.52435824
7,7400823,2018,11,17,3,3,5,3,2,0,0,0,1,0,1,0,13.37232422,52.45559117
1,1200628,2018,10,12,4,2,5,2,0,1,1,0,0,0,0,0,13.35708351,52.52354713
2,2200210,2018,11,9,3,3,5,3,0,1,1,0,0,0,0,0,13.39781737,52.49528287
6,6400841,2018,10,19,5,3,6,7,2,0,1,1,0,0,0,1,13.26311647,52.43932119
1,1300733,2018,11,15,3,3,5,3,0,1,1,0,0,0,0,0,13.38478949,52.55074197
3,3200205,2018,10,11,4,3,1,5,0,0,1,0,0,0,0,0,13.38928646,52.58420037
1,1100312,2018,11,8,3,3,5,2,0,0,1,0,1,0,1,0,13.4136614,52.51161981
6,6300632,2018,10,13,5,3,5,2,0,1,1,0,0,0,0,1,13.29841877,52.42190847
10,10100311,2018,10,11,4,3,3,6,0,0,1,0,0,1,0,0,13.52776406,52.53729194
7,7100102,2018,10,0,5,3,6,2,2,0,1,1,0,0,0,0,13.35516898,52.49464818
9,9200512,2018,11,15,3,3,3,6,0,1,0,0,0,0,0,0,13.54991666,52.45651711
2,2200213,2018,10,19,5,3,0,2,2,0,1,0,0,0,1,0,13.41602333,52.49098221
4,4100101,2018,10,17,4,2,8,1,2,0,1,0,0,0,0,0,13.28294574,52.53368892
7,7601236,2018,11,8,3,2,5,3,0,0,1,0,1,0,0,0,13.35988173,52.41863013
5,5200528,2018,10,19,5,3,0,6,2,0,1,0,0,0,0,0,13.17499885,52.51748587
7,7200308,2018,11,0,3,2,5,3,2,0,1,0,0,0,0,0,13.34503614,52.48267478
9,9200715,2018,10,18,4,3,2,6,2,0,1,0,0,0,0,0,13.54672903,52.42647727
6,6200312,2018,11,15,3,3,6,4,0,0,1,1,0,0,0,0,13.33659965,52.44353079
5,5100317,2018,10,17,5,3,5,2,1,1,1,0,0,0,0,1,13.24011947,52.52613919
2,2200208,2018,10,17,4,3,5,3,2,1,1,0,0,0,0,0,13.38744282,52.49284823
5,5100316,2018,11,15,3,3,0,2,0,0,1,0,1,0,0,0,13.19813602,52.54262169
9,9100101,2018,10,16,5,3,5,3,0,1,1,0,0,0,0,1,13.44155525,52.49055151
8,8200726,2018,11,8,3,3,2,6,0,0,1,0,0,0,0,0,13.43379303,52.44395248
1,1200517,2018,10,16,4,3,5,7,0,0,1,0,1,0,0,0,13.31845679,52.52582179
6,6300528,2018,11,8,3,3,5,3,0,0,1,0,0,0,0,0,13.27323856,52.42696895
4,4501153,2018,10,15,5,3,3,6,0,1,1,0,0,0,0,1,13.33350473,52.47869831
12,12500930,2018,10,11,4,3,6,4,0,0,0,1,0,1,0,0,13.31815579,52.58082002
5,5200423,2018,11,7,3,3,2,2,0,0,1,0,0,0,0,0,13.1580984,52.53304718
12,12400618,2018,10,15,5,2,5,2,0,1,1,0,0,0,0,0,13.23590475,52.62109628
11,11400931,2018,10,9,4,3,2,6,0,0,1,0,0,0,0,0,13.51961419,52.50604608
1,1300834,2018,10,15,5,3,5,7,0,0,1,0,0,0,0,0,13.39100277,52.54460509
9,9300922,2018,11,7,3,3,6,4,0,0,1,1,0,0,0,0,13.52765578,52.40607487
12,12400616,2018,10,15,5,3,5,3,0,0,1,0,0,0,0,1,13.22924919,52.57327685
5,5300737,2018,10,9,4,3,0,6,0,0,1,0,1,0,0,0,13.24765327,52.54053179
8,8100102,2018,11,7,3,3,5,3,0,1,1,0,0,0,0,0,13.41603316,52.48054915
7,7400823,2018,10,14,5,3,5,3,0,0,1,0,0,0,0,1,13.37202312,52.46984413
10,10300733,2018,11,7,3,2,5,3,0,1,1,0,0,0,0,0,13.55727229,52.50725028
1,1200624,2018,10,14,4,3,6,7,0,1,0,1,0,0,0,0,13.36012819,52.53722678
11,11100101,2018,11,6,3,3,2,6,1,1,1,0,0,0,0,0,13.48685377,52.57723991
7,7100102,2018,10,14,5,3,5,3,0,1,1,0,0,0,0,1,13.35313781,52.50172079
1,1100206,2018,10,7,4,2,0,2,0,1,1,0,0,0,0,0,13.38029642,52.51807878
11,11300724,2018,10,7,4,3,5,2,0,1,1,0,0,0,0,0,13.48824105,52.51247958
12,12200414,2018,10,14,5,3,2,6,0,0,1,0,0,0,0,1,13.30673392,52.55531872
7,7501031,2018,10,6,4,3,5,3,0,1,1,0,0,0,0,0,13.39938322,52.4529042
10,10300731,2018,11,14,3,3,0,7,0,0,0,0,0,0,1,0,13.5638118,52.51881141
1,1401048,2018,10,14,5,3,3,6,0,0,1,0,0,0,0,1,13.35525817,52.55195274
4,4501042,2018,10,19,4,3,1,6,2,1,1,0,0,0,0,0,13.32758914,52.50394105
8,8100313,2018,10,9,4,3,0,3,0,0,0,0,1,0,1,0,13.44525658,52.48685609
5,5100312,2018,10,2,4,3,1,5,2,0,1,0,0,0,1,0,13.19781659,52.55404804
1,1200520,2018,10,13,5,3,5,2,0,0,1,0,0,0,0,1,13.34319796,52.53188155