BEZ,LOR_ab_2021,UJAHR,UMONAT,USTUNDE,UWOCHENTAG,UKATEGORIE,UART,UTYP1,ULICHTVERH,IstRad,IstPKW,IstFuss,IstKrad,IstGkfz,IstSonstige,USTRZUSTAND,XGCSWGS84,YGCSWGS84
9,9200512,2018,10,18,3,3,5,2,2,0,1,0,0,0,1,1,13.55456482,52.45588569
11,11300826,2018,10,13,5,3,5,3,0,0,1,0,0,0,1,0,13.48797158,52.50770876
6,6400844,2018,11,14,3,3,1,5,0,1,0,0,0,0,1,0,13.30416941,52.46071657
8,8100207,2018,10,17,3,2,5,3,1,0,1,0,0,1,0,1,13.43270963,52.47839945
1,1100416,2018,11,17,3,3,2,6,2,0,1,0,0,0,1,0,13.40718478,52.53484264
3,3701554,2018,10,13,5,3,1,1,0,1,1,0,0,0,0,1,13.40881643,52.53770033
7,7601236,2018,11,6,2,3,5,3,2,1,1,0,0,0,0,0,13.37225914,52.42529305
8,8401139,2018,10,16,3,3,5,3,0,0,1,0,0,0,0,1,13.462311,52.43253982
2,2300314,2018,11,23,2,3,1,5,2,1,1,0,0,0,0,0,13.41944264,52.50148674
5,5300736,2018,10,13,5,3,5,2,0,1,1,0,0,0,0,1,13.22138408,52.53686537
10,10100103,2018,10,16,3,3,5,3,1,0,1,0,1,0,0,0,13.56206858,52.56648476
7,7400826,2018,10,15,3,3,1,5,0,0,1,0,0,0,0,0,13.36285502,52.44768087
3,3601450,2018,10,13,5,3,2,6,0,0,1,0,0,0,0,1,13.45807575,52.52909388
8,8100312,2018,10,15,3,3,5,2,0,1,1,0,0,0,0,1,13.4417685,52.48293937
11,11501238,2018,11,20,2,3,6,4,2,1,0,1,0,0,0,0,13.46993897,52.50234272
4,4300518,2018,10,12,5,3,5,2,0,1,0,0,0,0,1,1,13.3096751,52.52574855
8,8100208,2018,10,15,3,3,1,5,0,1,1,0,0,0,0,1,13.43337021,52.46816814
12,12500926,2018,10,12,5,3,0,4,0,0,0,1,1,0,0,1,13.33443601,52.59561606
1,1100104,2018,11,15,2,3,6,7,0,0,1,1,0,0,0,0,13.36270078,52.49975355
1,1200628,2018,10,14,3,3,2,6,0,0,1,0,0,0,0,0,13.36338989,52.52461071
1,1100416,2018,11,19,2,3,1,5,2,1,0,0,0,0,1,0,13.40564715,52.53787043
10,10100311,2018,10,12,5,2,3,6,0,1,1,0,0,0,0,1,13.52867056,52.52540205
1,1300836,2018,11,18,2,3,2,6,1,0,1,0,0,0,0,0,13.37219148,52.53876214
4,4300622,2018,10,11,5,3,6,2,0,0,1,1,0,0,0,1,13.32792544,52.50545467
4,4300624,2018,11,9,2,3,3,6,0,0,1,0,0,0,0,0,13.31741142,52.50537086
10,10200629,2018,10,14,3,3,6,4,0,0,1,1,0,0,0,0,13.58565473,52.52364301
1,1100311,2018,11,9,2,3,3,6,0,1,1,0,0,0,0,0,13.41785343,52.51827586
1,1100206,2018,10,10,5,3,6,4,0,0,1,1,0,0,0,1,13.38962625,52.51204673
4,4501041,2018,11,9,2,3,1,5,0,1,1,0,0,0,0,0,13.31922448,52.50010896
8,8100415,2018,11,9,2,3,2,6,0,0,1,0,0,0,0,0,13.44300681,52.48035468
1,1401045,2018,10,12,5,3,3,6,0,0,1,0,0,1,0,1,13.3822847,52.55588513
9,9200716,2018,10,14,3,3,2,2,0,0,1,0,0,0,0,0,13.54801693,52.43787484
2,2500833,2018,10,12,5,3,0,1,0,1,0,0,0,0,0,1,13.4624713,52.50839529
2,2200209,2018,10,13,3,3,1,5,0,1,1,0,0,0,0,0,13.37660468,52.48589871
5,5100317,2018,11,10,2,3,2,5,0,0,1,0,0,0,0,0,13.24327206,52.52794429
7,7300517,2018,10,11,5,3,5,7,0,0,1,0,1,0,0,1,13.33779242,52.47372849
3,3300516,2018,10,13,3,3,5,1,0,0,0,0,0,0,1,0,13.43746737,52.57346847
4,4501153,2018,10,8,5,3,5,7,0,0,1,0,1,0,0,1,13.3332001,52.48442576
3,3601245,2018,11,11,2,3,1,7,0,1,1,0,0,0,0,0,13.43705646,52.54487584
3,3200207,2018,10,13,3,3,5,2,0,0,0,0,0,1,1,0,13.43175588,52.59296825
10,10400835,2018,11,11,2,3,5,3,0,0,1,0,0,0,0,0,13.60622091,52.52455979
12,12500930,2018,10,8,5,3,5,2,0,0,1,0,0,1,0,1,13.31542362,52.57793247
6,6200313,2018,10,13,3,3,2,6,0,0,1,0,0,0,0,0,13.35174048,52.44000659
1,1100309,2018,11,12,2,3,5,7,0,0,1,0,0,0,0,0,13.38852392,52.52743782
1,1200522,2018,10,8,5,3,5,2,0,1,1,0,0,0,0,1,13.33656123,52.52499972
10,10400940,2018,10,13,3,3,5,2,0,1,1,0,0,0,0,0,13.61090097,52.49538351
3,3400619,2018,10,8,5,3,5,2,0,1,0,0,0,0,1,1,13.37121235,52.5907726
12,12200412,2018,10,12,3,3,5,3,0,0,1,0,0,0,0,0,13.30632862,52.57747183
3,3601245,2018,11,14,2,3,6,4,0,0,1,1,0,0,0,0,13.42755463,52.54585019
5,5300840,2018,10,8,5,2,5,7,0,0,1,0,1,0,0,0,13.26676976,52.53269484
11,3601450,2018,10,12,3,3,5,7,0,0,1,0,0,0,1,0,13.46070487,52.52964605
4,4300619,2018,10,8,5,3,0,3,0,1,1,0,0,0,0,1,13.3133591,52.51517745
7,6200423,2018,11,14,2,3,8,1,0,0,1,0,0,0,0,0,13.34506862,52.41523195
4,4200308,2018,10,8,5,2,2,2,0,0,1,0,0,0,1,1,13.27908494,52.52540996
1,1200623,2018,10,12,3,3,5,3,0,0,1,0,0,0,0,0,13.35106556,52.52971179
1,1401048,2018,11,15,2,2,5,3,0,1,0,0,0,0,0,0,13.35471392,52.55207649
3,3300517,2018,10,8,5,3,4,1,0,0,1,0,0,0,0,1,13.47591774,52.58417442
8,8100312,2018,11,16,2,3,0,3,1,0,1,0,0,0,1,0,13.44411427,52.48480451
4,4501042,2018,10,11,3,3,5,7,0,0,1,0,1,0,0,0,13.33192796,52.50285148
6,6200312,2018,11,18,2,3,0,2,2,0,0,0,0,0,1,0,13.34181092,52.4417738
1,1401047,2018,10,7,5,3,5,2,0,1,1,0,0,0,0,1,13.3563193,52.54317325
9,9100203,2018,10,11,3,3,1,5,0,0,1,0,0,0,1,0,13.48433713,52.47911266
10,10100315,2018,10,6,5,3,6,2,1,0,1,1,0,0,0,1,13.56961314,52.54067586
9,9100407,2018,10,10,3,3,3,6,0,1,0,0,0,1,0,0,13.50951053,52.45324193
10,10400940,2018,10,6,5,3,0,3,1,0,1,0,1,0,0,1,13.60094047,52.47928645
7,7601238,2018,11,17,2,2,6,4,2,0,1,1,0,0,0,0,13.38480159,52.42201408
12,12100204,2018,10,10,3,3,3,6,0,0,1,0,0,0,1,0,13.35380108,52.56209198
7,7200307,2018,11,17,2,3,2,6,2,0,1,0,0,0,0,0,13.34491009,52.48964745
5,5100208,2018,10,6,5,3,5,2,2,0,1,0,0,0,0,1,13.15351557,52.55341583
7,7601236,2018,11,17,2,3,2,6,2,0,1,0,0,0,0,0,13.36192322,52.41426886
1,1100309,2018,11,17,2,3,3,2,2,0,1,0,1,0,0,0,13.40138658,52.5296824
3,3200206,2018,10,5,5,3,5,2,2,1,1,0,0,0,0,1,13.40424762,52.58148335
6,6300632,2018,10,10,3,3,5,3,0,1,0,0,0,1,0,0,13.28926439,52.41863326
6,6400842,2018,11,9,2,3,5,7,0,0,1,0,0,0,0,0,13.27004071,52.4499317
3,3300517,2018,10,10,5,3,0,1,0,0,0,0,1,0,0,1,13.46047004,52.56987015
2,2100105,2018,11,8,2,3,5,3,0,0,1,0,0,0,0,0,13.41405887,52.50041381
10,10200421,2018,10,10,3,3,2,6,0,0,1,0,0,0,1,0,13.6046278,52.53688641
6,6200317,2018,11,7,2,2,6,4,0,0,1,1,0,0,0,0,13.35764862,52.42288198
1,1100312,2018,10,18,4,3,1,5,0,1,1,0,0,0,0,0,13.40949737,52.51120835
9,9100408,2018,10,9,3,3,5,3,0,1,1,0,0,0,0,0,13.51168905,52.44534428
6,6100205,2018,10,9,3,3,2,6,0,0,1,0,0,0,0,0,13.35701786,52.44529186
4,4501041,2018,10,10,4,3,5,2,0,1,1,0,0,0,0,0,13.3194416,52.50165006
3,3100102,2018,10,7,3,3,5,3,0,1,0,0,1,0,0,0,13.49935831,52.63497795
12,12400723,2018,11,6,2,3,6,7,0,1,1,1,0,0,0,0,13.31864834,52.62613426
5,5100316,2018,10,16,4,3,1,5,0,0,1,0,0,0,0,0,13.19001413,52.53844896
1,1400942,2018,10,9,3,2,2,6,0,0,0,0,1,1,0,0,13.34404401,52.54648544
8,8100209,2018,10,9,4,3,5,3,0,0,1,0,1,0,0,0,13.43694374,52.46525447
12,12200515,2018,11,16,2,3,6,2,0,0,1,1,0,0,0,0,13.28697852,52.58629099
1,1100310,2018,10,8,3,3,0,5,0,1,0,0,0,0,1,1,13.41672824,52.52378128
1,1100416,2018,11,7,2,3,3,6,0,0,1,0,0,1,0,0,13.39705299,52.53690304
7,7100102,2018,10,10,4,2,6,2,0,0,1,1,0,0,0,0,13.34977321,52.50050549
8,8100521,2018,11,9,2,2,5,3,0,0,1,1,0,0,1,0,13.45011283,52.46860912
4,4501042,2018,10,7,3,3,6,4,0,0,1,1,0,0,0,0,13.32642982,52.50266948
12,12400722,2018,11,19,1,2,3,6,1,1,1,0,0,0,0,0,13.29981828,52.62303834
9,9501939,2018,10,10,4,3,2,6,0,0,1,0,0,0,0,1,13.55799094,52.45571131
8,8401243,2018,10,7,3,3,6,2,0,0,0,1,0,0,1,1,13.49784591,52.41881976
1,1200626,2018,10,7,3,3,5,3,0,0,1,0,1,0,0,1,13.34644851,52.52493734
12,12200412,2018,10,10,4,3,3,2,0,1,0,0,0,0,1,1,13.29187435,52.57995847
4,4300620,2018,10,6,3,3,0,5,2,0,1,0,1,0,0,1,13.32550055,52.5216823
2,2500834,2018,11,17,1,3,3,6,1,0,1,0,0,0,0,0,13.45014098,52.50747443
4,4501146,2018,10,23,3,3,5,3,2,0,1,0,0,0,0,1,13.3202489,52.48653804
8,8100102,2018,11,17,1,2,6,4,1,0,1,1,0,0,0,0,13.42537226,52.4759259
3,3200310,2018,10,18,4,3,5,2,1,1,1,0,0,0,0,0,13.43114649,52.61212947
9,9200510,2018,10,6,3,3,5,3,1,1,1,0,0,0,0,1,13.51205578,52.4644381
3,3701554,2018,10,8,3,3,3,6,0,1,1,0,0,0,0,1,13.41065228,52.53945987
3,3500933,2018,10,21,3,3,4,6,2,0,1,0,0,0,1,0,13.46253759,52.55874319
7,7501032,2018,11,16,1,3,5,2,0,0,1,0,0,0,1,0,13.41635788,52.4515524
11,11401032,2018,10,20,3,3,6,7,1,0,1,1,0,0,0,0,13.51886106,52.51348734
11,11100204,2018,10,18,4,3,2,6,1,0,1,0,0,0,0,0,13.51499588,52.56686804
2,2400522,2018,11,14,1,2,5,3,0,1,1,0,0,0,0,0,13.44528107,52.52339184
7,7601341,2018,10,19,3,3,2,6,2,0,1,0,0,0,0,1,13.37627739,52.40903708
8,8100419,2018,11,13,1,3,5,3,0,1,1,0,0,0,0,0,13.45081181,52.48656903
1,1300730,2018,10,18,4,2,5,3,1,0,1,0,1,0,0,0,13.36916543,52.55949312
6,6400843,2018,11,11,1,2,1,5,0,0,1,0,0,0,0,0,13.29238206,52.4470053
4,4501042,2018,10,19,3,3,5,7,2,0,1,0,0,0,0,1,13.331102,52.50216541
1,1100308,2018,11,17,1,3,9,1,1,0,0,0,1,0,0,0,13.37971309,52.52623206
4,4501043,2018,10,18,4,2,6,4,1,0,1,1,0,0,0,0,13.31082778,52.49525223
1,1100312,2018,10,19,3,3,5,7,2,1,1,0,0,0,0,1,13.41672248,52.51150885
7,7601238,2018,10,18,4,3,1,5,1,1,1,0,0,0,1,0,13.3843831,52.41135452
2,2200210,2018,11,6,1,3,9,1,1,0,1,0,0,0,0,1,13.39499296,52.49610065
1,1401043,2018,10,17,4,3,6,2,0,0,1,1,0,0,0,0,13.3644453,52.54953462
2,2200211,2018,10,19,3,3,0,4,2,1,0,1,0,0,0,1,13.39142902,52.48944605
7,7501029,2018,10,17,4,3,2,6,0,0,1,0,0,0,1,0,13.3793351,52.44635333
1,1100313,2018,11,4,1,3,0,1,2,1,0,0,0,0,0,0,13.42829504,52.50743641
4,4300416,2018,10,17,4,3,2,6,0,0,1,0,0,0,0,0,13.3020622,52.50775338
6,6200313,2018,10,19,3,3,1,7,2,0,1,0,0,0,1,1,13.34514616,52.43695019
3,3400620,2018,10,16,4,3,5,3,0,1,1,0,0,0,0,0,13.38976868,52.57429345
12,12500929,2018,11,3,1,3,9,1,2,0,1,0,0,0,0,0,13.37006623,52.61480265
6,6100103,2018,10,18,3,2,6,4,2,1,0,1,0,0,0,1,13.32304259,52.46466151
3,3601141,2018,11,15,7,3,2,6,0,0,1,0,0,0,0,0,13.40785865,52.55101194
11,11300721,2018,10,15,4,3,5,7,0,0,1,0,0,0,0,0,13.50285164,52.526298
4,4300619,2018,11,20,7,2,5,3,2,0,1,0,1,0,0,0,13.31373472,52.51809735
2,2500833,2018,10,18,3,3,5,2,2,0,1,0,0,0,0,1,13.45887045,52.51142265
2,2100104,2018,11,15,7,3,5,3,0,0,1,0,1,0,0,0,13.4133676,52.50298245
3,3400721,2018,10,14,4,3,2,6,0,0,1,0,0,0,0,0,13.39982913,52.56874567
4,4501045,2018,10,17,3,3,5,2,2,1,1,0,0,0,0,1,13.33443912,52.4984697
11,11300617,2018,10,14,4,3,3,6,0,0,1,0,0,1,0,0,13.46835557,52.53137886
2,2500727,2018,11,14,7,2,0,1,0,1,0,0,0,0,0,0,13.46021448,52.51533174
4,4501041,2018,10,14,4,2,6,4,0,0,1,1,0,0,0,0,13.31898851,52.4996672
4,4400728,2018,10,18,3,3,2,6,2,1,1,0,0,0,0,1,13.2695155,52.48091353
1,1100102,2018,11,13,7,3,5,3,0,1,1,0,0,0,0,0,13.33473236,52.51145623
4,4300624,2018,10,13,4,3,6,7,0,0,1,1,0,0,0,0,13.32245285,52.50511544
4,4300623,2018,11,13,7,3,5,7,0,1,1,0,0,0,0,0,13.3136223,52.50623757
5,5100316,2018,10,18,3,3,5,3,2,0,1,0,0,0,0,1,13.19779853,52.53503594
6,6400841,2018,11,11,7,3,5,3,0,1,1,0,0,0,0,0,13.26793322,52.44546304
5,5100101,2018,10,13,4,3,5,3,0,1,1,0,0,0,0,0,13.16003077,52.56454327
3,3200207,2018,10,10,3,2,5,2,0,0,1,0,1,0,0,0,13.41485793,52.5896411
2,2300316,2018,10,12,4,2,6,2,0,0,1,1,0,0,0,0,13.4375318,52.50029114
1,1300835,2018,10,18,3,3,2,6,0,0,1,0,0,0,0,1,13.38045868,52.54340923
1,1100205,2018,11,11,7,3,5,2,0,1,1,0,0,0,0,0,13.37662719,52.50939013
1,1100309,2018,10,12,4,3,5,2,0,1,1,0,0,0,0,0,13.40365447,52.52598069
2,2300314,2018,10,18,3,3,5,3,2,1,1,0,0,0,0,0,13.42155444,52.50448547
2,2100101,2018,11,10,7,3,5,2,0,1,1,0,0,0,0,0,13.38248179,52.50446262
12,12400723,2018,10,12,4,3,6,7,0,1,0,1,0,0,0,0,13.32676307,52.6255547
1,1400942,2018,10,18,3,3,6,4,2,0,1,1,0,0,0,1,13.35221245,52.55027503
1,1400942,2018,10,12,4,3,6,4,0,0,1,1,0,0,0,0,13.35377025,52.54920882
1,1300732,2018,11,8,7,3,1,5,0,0,1,0,0,0,1,0,13.39017704,52.56277402
7,7100205,2018,10,10,4,3,3,6,0,0,1,0,1,0,0,1,13.36618128,52.49342829
5,5200630,2018,10,12,3,3,2,6,0,0,1,0,1,0,0,0,13.17809466,52.52516086
1,1401048,2018,11,12,7,3,5,7,0,1,0,0,0,0,1,0,13.36117352,52.55542579
10,10400837,2018,10,11,4,3,5,3,0,0,1,0,0,0,1,1,13.57736439,52.48669503
6,6200315,2018,11,12,6,3,0,7,0,0,0,0,0,0,1,0,13.34708073,52.42786291
11,11300826,2018,10,5,3,3,6,2,2,0,1,1,0,0,0,1,13.47842763,52.51186632
8,8100103,2018,11,17,6,2,5,2,0,0,1,0,1,0,0,0,13.42808618,52.47341564
2,2400624,2018,10,11,4,2,1,5,0,0,1,0,1,0,0,0,13.4482771,52.5131701
6,6400843,2018,10,10,3,3,2,6,0,0,1,0,0,0,0,0,13.30133037,52.45631346
3,3200308,2018,10,8,3,3,5,3,0,0,1,0,0,0,1,1,13.42849638,52.59950296
6,6300528,2018,10,8,4,3,0,3,0,0,0,0,1,1,0,1,13.25171746,52.42383115
8,8100417,2018,10,7,3,3,0,4,0,1,0,1,0,0,0,1,13.45513463,52.47433808
2,2200210,2018,11,20,6,3,2,6,2,0,1,0,0,0,0,0,13.39166242,52.49738275
5,5100209,2018,10,7,4,3,6,2,0,0,1,1,0,0,0,1,13.18177735,52.55248578
1,1300730,2018,10,14,3,3,5,2,0,1,0,0,0,1,0,0,13.37327847,52.55704358
5,5300737,2018,10,7,4,3,6,2,1,0,1,1,0,0,0,1,13.23263778,52.54064885
4,4300623,2018,11,17,6,3,5,2,2,0,1,0,0,0,0,0,13.31377108,52.5062296
1,1401046,2018,10,12,3,3,2,6,0,0,1,0,0,0,0,0,13.34527602,52.53934921
2,2400625,2018,11,22,6,3,2,6,2,0,1,0,0,0,0,0,13.44044518,52.50483665
6,6300629,2018,10,16,2,3,1,5,0,1,1,0,0,0,0,0,13.3040066,52.44838448
8,8200730,2018,10,6,4,3,6,2,2,0,1,1,0,0,0,1,13.45102536,52.43681321
2,2200208,2018,11,19,6,2,6,4,1,0,1,1,0,0,0,0,13.38396421,52.4948839
10,10400835,2018,10,5,2,3,5,2,2,1,1,0,0,0,0,0,13.58689958,52.51269083
7,7501031,2018,11,16,6,3,5,2,0,0,1,0,0,0,0,0,13.39143574,52.45301031
10,10400835,2018,10,5,4,2,5,3,2,1,1,0,0,0,0,1,13.59639421,52.51883456
1,1200522,2018,11,15,6,3,2,6,0,0,1,0,0,0,0,0,13.33006115,52.52379167
9,9502043,2018,10,17,2,3,6,2,2,0,1,1,0,0,0,1,13.58430053,52.46420415
6,6100209,2018,11,15,6,3,5,2,0,1,1,0,0,0,0,0,13.33454721,52.46412355
11,11300721,2018,10,4,4,3,5,2,2,0,1,0,0,0,0,1,13.49973536,52.53427392
1,1401045,2018,10,21,2,3,6,4,2,0,1,1,0,0,0,0,13.37341215,52.5569361
1,1100309,2018,10,20,2,3,0,5,2,1,1,0,0,0,0,1,13.40030932,52.52958303
8,8100419,2018,10,9,3,3,5,3,0,1,0,0,0,0,0,0,13.45585387,52.48170734
2,2200209,2018,10,20,2,3,1,5,2,0,1,0,0,0,0,1,13.38424678,52.48498812
1,1401047,2018,11,15,6,3,5,3,0,0,1,0,0,0,0,0,13.35922342,52.54646152
9,9200715,2018,10,20,3,3,5,2,2,1,1,0,0,0,0,1,13.52272421,52.43277454
2,2300417,2018,10,18,2,3,5,3,1,0,1,0,0,0,0,1,13.42976847,52.49826054
3,3500934,2018,10,20,3,3,5,7,2,1,1,0,0,0,0,1,13.43876961,52.55536438
8,8200624,2018,11,14,6,3,2,6,0,0,1,0,0,0,0,0,13.43555078,52.44965889
9,9501737,2018,10,18,2,2,5,2,2,0,1,0,0,0,1,1,13.63126261,52.45835538
1,1400938,2018,11,14,6,3,2,6,0,0,1,0,0,0,0,0,13.33774942,52.54317146
1,1200521,2018,10,22,3,3,5,7,2,0,1,0,1,0,0,1,13.33039954,52.52659521
1,1200628,2018,11,19,6,3,5,3,2,0,1,0,0,0,0,0,13.3707087,52.52351469
1,1200626,2018,10,18,2,3,3,6,1,0,1,0,0,1,0,1,13.34283261,52.52501823
7,7100206,2018,11,9,6,3,0,2,0,1,0,0,1,0,0,0,13.37102577,52.49263224
9,9200511,2018,10,22,3,3,5,3,2,0,1,0,0,0,0,1,13.52142098,52.4663407
12,12400723,2018,10,21,3,3,2,6,2,0,1,0,0,0,0,1,13.29760787,52.62681515
4,4300518,2018,11,8,6,3,2,6,0,0,1,0,1,0,0,0,13.30618311,52.52419286
9,9100407,2018,11,8,6,3,5,3,0,1,1,0,0,0,0,0,13.50021542,52.44128345
12,12400722,2018,10,20,3,3,8,1,2,0,1,0,0,0,0,1,13.29137593,52.60688857
6,6100101,2018,10,18,2,3,2,6,1,0,1,0,0,0,0,1,13.31768676,52.46110781
11,11100308,2018,10,20,3,3,6,2,2,0,1,1,0,0,0,1,13.49441412,52.56908013
1,1300836,2018,10,18,2,3,0,5,1,0,1,0,1,0,0,1,13.37462111,52.54027231
9,9100407,2018,11,3,6,3,9,1,2,0,1,0,0,0,0,1,13.49761025,52.45804086
7,7501029,2018,10,19,3,3,5,7,2,0,1,0,0,0,0,1,13.38086067,52.44213628
3,3300516,2018,10,17,2,3,2,6,1,0,1,0,0,0,0,1,13.44391883,52.56529035
7,7601545,2018,10,18,3,3,6,2,2,0,1,1,0,0,0,1,13.41953874,52.39471803
8,8301037,2018,11,13,6,3,5,3,0,1,1,0,0,0,0,0,13.48217349,52.42548839
1,1401046,2018,10,17,2,3,5,7,1,0,1,0,1,0,0,1,13.35274961,52.54314994
4,4501045,2018,11,12,6,2,2,6,0,0,1,0,0,0,0,0,13.32467675,52.49909328
12,12100103,2018,10,18,3,2,6,4,2,0,1,1,0,0,0,1,13.3702281,52.57466759
3,3400620,2018,10,16,2,3,2,6,2,0,1,0,0,0,0,1,13.38993974,52.57422845
5,5100206,2018,11,11,6,3,5,7,0,1,1,0,0,0,0,0,13.15676218,52.55760401
4,4400835,2018,10,18,3,3,5,2,2,1,1,0,0,0,0,1,13.31437405,52.47210591
3,3601244,2018,10,14,2,2,6,4,0,0,1,1,0,0,0,0,13.42992895,52.55144566
4,4400832,2018,10,18,3,3,6,2,2,0,1,1,0,0,0,1,13.29023485,52.47527393
6,6100101,2018,11,10,6,3,6,2,0,0,0,1,0,0,1,0,13.32066404,52.4567457
1,1100311,2018,10,17,3,3,5,2,1,1,1,0,0,0,0,1,13.41822694,52.51736022
5,5300839,2018,10,14,2,2,5,3,0,1,1,0,0,0,0,0,13.26238949,52.54132075
9,9200715,2018,11,10,6,2,5,2,0,0,1,0,0,0,0,0,13.52667006,52.42879278
1,1300733,2018,10,16,3,3,6,4,1,0,1,1,0,0,0,1,13.38627026,52.54958449
8,8100521,2018,10,14,2,3,5,3,0,1,1,0,0,0,0,0,13.45398237,52.46920496
1,1100207,2018,10,16,3,3,5,3,2,0,1,0,0,0,0,1,13.3989814,52.50822967
8,8100415,2018,11,20,6,3,0,2,2,0,0,1,0,0,1,0,13.44817269,52.47763168
6,6200312,2018,10,16,3,3,5,3,0,0,1,0,1,0,0,1,13.33130105,52.44350846
4,4100102,2018,10,13,2,2,2,6,0,0,1,0,1,0,0,0,13.29316961,52.53448869
4,4300621,2018,11,9,6,3,2,2,0,0,1,0,0,0,0,0,13.3069201,52.51355261
2,2500729,2018,10,14,3,3,2,6,0,1,0,0,0,0,0,1,13.47087192,52.51535307
1,1100102,2018,11,9,6,3,2,6,0,0,1,0,0,0,0,0,13.35843486,52.50681585
3,3601244,2018,10,13,2,3,5,3,0,0,1,0,1,0,0,0,13.42619294,52.54866478
2,2300314,2018,11,8,6,3,2,6,0,1,1,0,0,0,0,0,13.42056933,52.50309824
7,7400823,2018,10,11,3,3,0,1,0,0,0,0,1,0,0,1,13.37164975,52.46949272
1,1100102,2018,10,12,2,3,2,6,0,0,1,0,0,0,1,0,13.3717397,52.50948563
8,8200623,2018,10,15,3,2,2,6,0,0,1,0,0,0,0,1,13.45511716,52.45304046
4,4400727,2018,10,9,2,3,5,3,0,0,1,0,0,0,0,0,13.2943457,52.49162887
1,1401049,2018,10,15,3,3,1,5,0,0,1,0,0,0,1,1,13.36364364,52.55629203
6,6100208,2018,11,23,5,3,1,1,2,0,1,0,0,0,1,0,13.33284049,52.4576611
7,7601238,2018,10,14,3,3,5,3,0,1,1,0,0,0,0,1,13.39284859,52.41730268
9,9300920,2018,10,21,2,2,8,1,2,0,1,0,0,0,0,1,13.55204189,52.4148144
2,2500834,2018,11,23,5,3,6,7,2,1,0,1,0,0,0,0,13.46562475,52.50470417
10,10300733,2018,10,14,3,3,5,3,0,0,1,0,1,0,0,1,13.55456774,52.50372176
2,2500830,2018,11,22,5,3,5,3,2,1,0,0,0,0,1,0,13.45356431,52.51413557
2,2500830,2018,10,17,2,3,0,1,1,1,0,0,0,0,0,1,13.45489049,52.51377016
1,1100207,2018,11,19,5,3,1,5,2,1,1,0,0,0,0,0,13.3998519,52.50926232
4,4400729,2018,10,14,3,3,1,3,0,0,1,0,0,0,0,1,13.27865515,52.47489871
2,2500833,2018,10,8,2,3,5,3,0,0,1,0,1,0,0,0,13.45774103,52.50951917
10,10400938,2018,10,6,2,2,5,3,1,0,1,0,1,0,0,0,13.62697185,52.52997833
4,4501042,2018,11,19,5,3,5,3,2,0,1,0,0,0,0,0,13.33682046,52.50079044
9,9401329,2018,10,2,2,2,7,7,2,0,1,0,0,0,0,1,13.62391589,52.42501178
1,1100205,2018,11,18,5,2,5,3,2,0,1,0,1,0,0,0,13.37705357,52.50853889
11,11200411,2018,10,13,3,3,5,3,0,0,0,0,0,0,1,1,13.51947479,52.54626238
8,8200622,2018,10,19,1,3,5,7,1,0,1,0,1,0,0,1,13.43479581,52.46168415
1,1401047,2018,10,17,1,3,1,5,1,1,1,0,0,0,0,0,13.35741127,52.5414767
7,7601341,2018,10,13,3,3,8,1,0,0,1,0,0,0,0,1,13.37662336,52.40858137
6,6400737,2018,10,17,1,2,6,4,1,0,0,1,0,0,1,1,13.19283665,52.43242774
4,4501041,2018,11,18,5,3,0,3,2,0,1,0,0,0,1,0,13.31503808,52.5009436
8,8100104,2018,10,13,3,3,1,5,0,0,1,0,0,0,0,1,13.42875549,52.47222494
8,8100312,2018,10,17,1,3,5,3,1,0,1,0,1,0,0,0,13.44286042,52.48390813
2,2400521,2018,10,13,3,2,3,1,0,1,1,0,0,0,0,1,13.42887431,52.51936799
6,6100102,2018,11,17,5,3,2,2,2,0,1,1,0,0,0,0,13.32478471,52.45820415
1,1100205,2018,10,14,1,3,1,5,0,1,0,0,0,0,1,0,13.37892311,52.5133472
11,11300617,2018,11,17,5,2,5,3,2,1,0,0,0,0,1,0,13.46980549,52.53170185
10,10300731,2018,10,13,3,2,0,2,0,1,1,0,0,0,0,1,13.56565068,52.52898018
4,4300416,2018,11,16,5,3,2,6,1,0,1,0,0,0,0,0,13.30174772,52.51078053
8,8401242,2018,10,12,1,2,3,6,0,1,1,0,0,0,0,0,13.48216158,52.41136427
3,3300517,2018,11,16,5,3,5,3,1,0,1,0,0,0,0,0,13.47381849,52.56735104
8,8401242,2018,10,13,3,2,0,6,0,0,1,0,1,0,0,1,13.48808824,52.42188477
1,1200628,2018,10,21,1,2,5,3,2,0,1,0,0,0,0,1,13.35978724,52.52346608
4,4501040,2018,10,21,1,2,6,2,2,0,1,1,0,0,0,1,13.31303724,52.50043874
12,12400722,2018,10,12,3,3,4,6,0,0,1,0,0,0,1,1,13.29168446,52.60730895
3,3500934,2018,10,18,1,3,2,2,1,0,1,0,0,0,0,0,13.43049892,52.55177053