BEZ,LOR_ab_2021,UJAHR,UMONAT,USTUNDE,UWOCHENTAG,UKATEGORIE,UART,UTYP1,ULICHTVERH,IstRad,IstPKW,IstFuss,IstKrad,IstGkfz,IstSonstige,USTRZUSTAND,XGCSWGS84,YGCSWGS84
7,7400825,2018,11,8,5,3,5,3,0,0,1,0,0,0,0,0,13.37676938,52.45431211
12,12200309,2018,10,12,3,3,3,6,0,0,1,0,0,0,0,1,13.33131001,52.56224375
1,1100309,2018,10,16,1,3,0,1,0,1,0,0,0,0,0,0,13.39443096,52.52868468
3,3601140,2018,10,11,3,2,0,7,0,0,1,0,0,0,0,1,13.40209399,52.55133595
1,1100308,2018,11,16,5,3,0,1,0,1,0,0,0,0,0,0,13.38599367,52.52820779
1,1100308,2018,10,11,3,3,1,5,0,1,1,0,0,0,0,1,13.38025841,52.51905317
7,7601238,2018,10,11,1,3,8,1,0,0,1,0,0,0,0,0,13.37536853,52.42599254
9,9200715,2018,11,16,5,3,2,6,0,0,1,0,0,0,0,0,13.54829032,52.42744538
4,4501146,2018,10,10,3,3,2,2,0,1,1,0,0,0,0,1,13.31540306,52.48654879
12,12601134,2018,10,10,1,3,7,7,0,0,0,0,0,0,1,0,13.35457871,52.60506693
6,6200421,2018,10,9,3,3,2,6,0,0,1,0,0,0,0,1,13.3150705,52.43061829
3,3400826,2018,11,15,5,2,5,7,0,0,1,0,1,0,0,0,13.4097868,52.5626826
1,1100313,2018,10,10,1,3,5,3,0,1,1,0,0,0,0,0,13.42831564,52.50730349
7,7100102,2018,11,15,5,3,1,5,0,0,1,0,0,0,0,0,13.3467261,52.49601906
4,4400727,2018,10,9,3,3,5,3,0,0,0,0,1,0,0,1,13.29638681,52.48553797
8,8100207,2018,11,14,5,3,5,2,0,1,0,0,0,0,1,0,13.43263433,52.47834518
2,2100103,2018,10,1,1,3,5,3,2,0,1,0,0,0,0,0,13.39940741,52.50456512
7,7601442,2018,11,13,5,3,5,2,0,0,1,0,0,0,0,0,13.4012427,52.41449283
11,11300620,2018,10,8,3,3,2,6,0,0,1,0,0,0,0,0,13.47947347,52.53332399
8,8100310,2018,10,0,1,3,6,4,2,0,1,1,0,0,0,0,13.42903573,52.49136787
10,10400835,2018,10,7,3,3,5,3,1,1,1,0,0,0,0,1,13.58951086,52.51663587
10,10400938,2018,11,9,5,3,1,5,0,0,1,0,0,0,1,0,13.61135944,52.51442945
4,4300622,2018,11,17,7,3,6,4,2,0,0,1,1,0,0,0,13.31925594,52.51358777
4,4501152,2018,11,19,3,3,2,6,2,0,1,0,0,0,0,1,13.33102497,52.49061162
8,8200727,2018,11,16,7,3,5,7,1,0,1,0,1,0,0,0,13.45543959,52.44179053
6,6200421,2018,11,15,3,3,2,5,0,0,1,0,0,0,1,1,13.32050206,52.43460241
9,9300923,2018,11,15,7,3,6,4,0,0,1,1,0,0,0,0,13.54269149,52.40326492
3,3601245,2018,11,9,2,3,5,3,0,0,0,0,1,0,1,0,13.44018853,52.54859094
8,8100419,2018,11,15,7,3,5,2,0,0,1,0,1,0,0,0,13.45614852,52.48417195
5,5300736,2018,11,5,2,3,2,6,2,0,1,0,0,0,0,1,13.23023161,52.53808504
1,1100101,2018,11,14,7,3,0,1,0,1,0,0,0,0,0,0,13.35237449,52.50641277
5,5100105,2018,11,16,3,3,5,3,1,1,1,0,0,0,0,1,13.19114884,52.55001319
3,3400725,2018,11,13,7,3,2,6,0,0,1,0,1,0,0,0,13.43018287,52.588276
7,7601339,2018,11,8,3,3,2,6,0,0,1,0,0,0,0,1,13.34991478,52.41433227
3,3400725,2018,11,13,7,3,5,3,0,1,1,0,0,0,0,0,13.42859673,52.58313326
12,12200515,2018,11,12,7,3,2,6,0,0,1,0,0,0,0,0,13.28514934,52.59473788
10,10100206,2018,11,14,3,3,2,6,0,0,1,0,1,0,0,1,13.56970896,52.56080015
1,1400941,2018,11,12,7,3,5,3,0,0,1,0,0,0,0,0,13.33877808,52.55956635
5,5100312,2018,11,17,1,2,0,1,1,0,0,0,1,0,0,1,13.19963824,52.55220038
2,2300314,2018,11,17,1,2,0,5,2,0,1,0,1,0,0,1,13.42154399,52.50447082
12,12200414,2018,11,11,7,3,5,3,0,1,1,0,0,0,0,0,13.24919216,52.55221515
7,7100101,2018,11,20,1,3,0,7,2,1,0,0,0,0,0,0,13.34159378,52.49604309
12,12100204,2018,11,7,7,3,5,3,0,0,1,0,0,0,0,0,13.36287547,52.56662401
3,3400830,2018,11,10,7,3,5,3,0,1,1,0,0,0,0,0,13.41296405,52.56505657
8,8100417,2018,11,12,3,2,2,6,0,0,1,0,0,0,0,1,13.4562225,52.47378016
8,8100520,2018,11,11,7,3,0,3,0,1,1,0,0,0,0,0,13.46302905,52.46951518
9,9301025,2018,11,11,7,3,5,2,0,0,1,0,0,0,1,1,13.57102605,52.39003072
2,2400521,2018,11,8,3,3,5,2,0,1,1,0,0,0,0,1,13.43308399,52.51874056
1,1100102,2018,11,11,7,3,2,6,0,0,1,0,0,0,0,0,13.35044062,52.51358413
2,2100102,2018,11,21,7,3,5,3,2,0,1,0,0,0,0,0,13.39286854,52.50426523
6,6400840,2018,11,18,6,3,2,7,2,0,1,0,1,0,0,0,13.25383667,52.45399609
3,3300411,2018,11,7,6,3,5,3,0,0,1,0,0,0,0,0,13.4946544,52.61268261
1,7100102,2018,11,7,6,3,0,2,0,1,0,0,0,0,1,1,13.3532769,52.50206098
4,4300416,2018,11,13,6,3,1,5,0,1,1,0,0,0,0,0,13.30232116,52.50654818
2,2200210,2018,11,9,3,3,5,3,0,1,1,0,0,0,0,1,13.39088639,52.4923089
1,1200520,2018,11,21,6,3,3,6,2,0,1,0,1,0,0,0,13.33882251,52.52651324
9,9501939,2018,11,19,6,3,4,2,2,1,1,0,0,0,0,0,13.57716479,52.45577233
4,4500937,2018,11,0,2,3,2,6,2,0,1,0,0,0,0,1,13.29180274,52.49737079
2,2200208,2018,11,8,6,3,0,2,0,1,0,0,0,0,1,1,13.38798819,52.49298276
8,8200730,2018,11,18,6,2,1,5,2,0,1,0,0,0,0,0,13.43502695,52.43201339
4,4400832,2018,11,9,6,3,6,4,0,0,1,1,0,0,0,1,13.29474218,52.47417966
1,1100206,2018,11,7,3,3,6,4,2,0,1,1,0,0,0,1,13.38939424,52.5138855
2,2400521,2018,11,9,6,3,0,1,0,1,0,0,0,0,0,1,13.43294615,52.51807706
1,1100207,2018,11,15,6,3,5,3,0,0,1,0,0,0,0,0,13.39195725,52.50965942
7,7601236,2018,11,7,3,3,5,3,0,0,1,0,1,0,0,1,13.36016299,52.41792117
4,4501153,2018,11,9,6,3,5,3,0,1,1,0,0,0,0,1,13.33149817,52.48392089
7,7601544,2018,11,15,6,3,8,1,0,0,1,0,0,0,0,0,13.39236469,52.39725635
3,3500934,2018,11,18,2,2,6,4,2,0,1,1,0,0,0,0,13.44113812,52.55160166
6,6200420,2018,11,8,6,3,2,6,0,0,1,0,0,1,0,1,13.29922643,52.41225392
1,1100415,2018,11,15,2,3,0,5,0,1,1,0,0,0,0,0,13.39737248,52.53480902
11,11300721,2018,11,17,1,2,3,6,1,0,1,0,0,1,0,1,13.48936012,52.53390403
8,8300934,2018,11,15,6,3,6,7,0,0,1,1,0,0,0,0,13.45590669,52.4303959
7,7601339,2018,11,18,3,3,5,3,2,1,1,0,0,0,0,1,13.34790492,52.41458565
4,4200310,2018,11,8,6,3,5,3,0,0,1,0,0,0,0,1,13.26701133,52.51430904
4,4300517,2018,11,14,3,3,2,6,0,0,1,0,0,0,0,1,13.29721767,52.52638004
11,11400929,2018,11,15,6,3,5,3,0,0,1,0,0,0,0,0,13.50029568,52.50509667
11,11400929,2018,11,17,1,3,5,3,1,0,1,0,0,0,0,1,13.50305907,52.50674037
8,8100208,2018,11,17,1,3,5,3,1,0,1,0,0,0,0,1,13.4352312,52.47053642
6,6400838,2018,11,8,6,3,5,2,0,0,1,0,0,0,0,1,13.24016759,52.44272079
7,7400720,2018,11,13,2,3,3,6,0,0,1,0,0,0,0,0,13.37790483,52.47192781
3,3500935,2018,11,8,6,3,1,5,0,1,1,0,0,0,0,1,13.45060233,52.54979651
4,4400728,2018,11,11,2,2,5,2,0,0,1,0,1,0,0,1,13.28115415,52.48205662
2,2200211,2018,11,18,1,2,6,4,2,0,1,1,0,0,0,1,13.38712547,52.48935594
11,11400929,2018,11,14,6,3,5,3,0,0,1,0,0,0,0,0,13.49160502,52.50442936
9,9301126,2018,11,7,2,2,0,1,0,1,0,0,0,0,0,1,13.57469449,52.42517588
2,2100106,2018,11,14,6,3,6,4,0,0,1,1,0,0,0,0,13.40630645,52.49832494
12,12200309,2018,11,14,3,3,8,1,0,0,1,0,0,0,0,1,13.32650187,52.5624749
7,7300517,2018,11,8,6,3,6,2,0,0,1,1,0,0,0,1,13.33556257,52.47154023
3,3400724,2018,11,13,3,3,2,6,0,0,1,0,0,0,0,1,13.42878288,52.58154305
8,8100312,2018,11,14,6,3,6,4,0,0,1,1,0,0,0,0,13.44023928,52.48177013
1,1401047,2018,11,17,1,2,1,5,2,0,1,0,1,0,0,1,13.35820711,52.54573649
11,11401136,2018,11,6,6,3,2,6,0,0,1,0,0,1,0,1,13.50715431,52.49680739
4,4100101,2018,11,21,1,3,2,6,2,0,1,0,1,0,0,1,13.30191596,52.54789843
1,1100206,2018,11,5,6,3,5,3,2,0,1,0,0,0,1,1,13.39162663,52.51222286
4,4200311,2018,11,13,6,3,5,7,0,0,1,0,0,0,0,0,13.27534509,52.50130682
5,5100206,2018,11,12,3,2,5,7,0,0,1,0,0,0,0,1,13.15635218,52.55886662
4,4300622,2018,11,7,6,3,1,5,1,1,1,0,0,0,0,1,13.33266071,52.51191599
4,4500936,2018,11,13,6,3,2,6,0,1,1,0,0,0,0,0,13.30655949,52.50063657
8,8200623,2018,11,14,3,3,0,4,0,1,0,1,0,0,0,1,13.43629738,52.45801457
4,4501041,2018,11,1,6,3,0,1,2,1,0,0,0,0,0,0,13.31825106,52.50149763
5,5200630,2018,11,12,6,3,4,6,0,1,0,0,0,0,0,0,13.19505373,52.52800394
3,3300516,2018,11,12,3,3,0,7,0,0,1,0,0,0,0,1,13.44430682,52.57346246
1,1401048,2018,11,5,6,3,2,6,1,0,1,0,1,0,0,1,13.35838713,52.55357551
5,5200629,2018,11,8,3,2,6,2,0,0,1,1,0,0,0,1,13.19816835,52.53281904
4,4500939,2018,11,12,6,3,5,2,0,0,1,0,0,0,1,1,13.30798096,52.48864351
4,4400728,2018,11,12,6,3,5,2,0,0,1,0,0,0,0,1,13.28094576,52.47690464
8,8100208,2018,11,11,6,3,5,3,0,0,1,0,0,0,0,0,13.43259878,52.46948054
9,9200715,2018,11,11,6,3,5,2,0,0,1,0,0,0,0,0,13.52665602,52.42648641
6,6400839,2018,11,7,3,3,6,4,0,0,1,1,0,0,0,1,13.24063565,52.44247556
3,3601453,2018,11,10,6,3,5,3,0,0,1,0,0,0,0,0,13.46560113,52.5233833
2,2200207,2018,11,13,6,3,0,7,0,0,1,0,0,0,0,0,13.37890364,52.49237099
8,8100102,2018,11,15,1,3,0,1,0,0,1,0,0,0,0,1,13.42112016,52.48021285
7,7100102,2018,11,19,1,3,8,1,2,0,1,0,0,0,0,1,13.3540476,52.49988158
5,5300737,2018,11,19,2,3,5,2,1,0,1,0,0,0,0,0,13.24774907,52.5381124
1,1300733,2018,11,18,6,3,2,6,2,0,1,0,0,0,0,0,13.38344206,52.55126509
5,5100316,2018,11,16,2,3,5,2,1,1,1,0,0,0,0,0,13.18512849,52.53800195
1,1300733,2018,11,17,6,3,3,6,2,1,1,0,0,0,0,0,13.38435207,52.55090391
10,10100311,2018,11,17,6,3,2,6,2,0,1,0,0,0,0,0,13.51927801,52.53060901
1,1100104,2018,11,17,3,3,3,6,2,1,0,0,0,0,1,0,13.36774683,52.49904981
2,2400521,2018,11,7,3,3,5,2,0,0,1,0,1,0,0,1,13.43289037,52.52334275
8,8100105,2018,11,8,6,3,0,2,0,1,1,0,0,0,0,0,13.43288637,52.46468323
7,7300619,2018,11,18,5,3,1,5,2,1,1,0,0,0,0,0,13.34386295,52.46972893
1,1401049,2018,11,15,1,3,1,1,0,0,1,0,1,0,0,1,13.36354034,52.55664268
7,7400927,2018,11,12,2,3,5,3,0,0,1,0,0,0,1,0,13.39978677,52.4643032
11,11100309,2018,11,22,5,3,5,3,2,0,1,0,0,0,1,0,13.51235545,52.56286157
6,6100102,2018,11,14,2,3,2,6,0,0,1,0,0,0,0,0,13.32081386,52.45711815
12,12100101,2018,11,17,1,3,5,2,2,0,1,0,0,0,0,1,13.3645519,52.56269335
8,8100102,2018,11,21,5,3,1,5,2,1,1,0,0,0,0,0,13.42595981,52.47804331
6,6200313,2018,11,17,3,2,6,4,2,0,1,1,0,0,0,1,13.34613981,52.43368438
4,4100101,2018,11,19,5,3,2,6,2,0,1,0,1,0,0,0,13.29730311,52.54800297
1,1300733,2018,11,13,1,3,5,3,0,0,1,0,0,0,0,1,13.38647336,52.54941137
7,7501031,2018,11,14,3,3,5,3,0,0,1,0,0,0,0,1,13.39159581,52.45316205
8,8100417,2018,11,19,5,2,6,4,2,0,1,1,0,0,0,0,13.45556823,52.47400391
8,8100313,2018,11,19,5,3,0,1,2,1,0,0,0,0,0,0,13.44651429,52.48652914
2,2200209,2018,11,15,3,3,5,2,0,0,1,0,0,0,0,1,13.38595072,52.4850313
2,2100102,2018,11,14,5,3,3,6,0,0,1,0,1,0,0,0,13.3966038,52.5046851
2,2500831,2018,11,13,1,3,5,2,0,1,1,0,0,0,0,1,13.46393566,52.51300161
4,4300414,2018,11,10,2,3,5,7,0,1,1,0,0,0,0,0,13.29157335,52.51080874
8,8401243,2018,11,13,5,2,6,4,0,1,0,1,0,0,0,0,13.50361909,52.42394014
6,6200420,2018,11,6,2,3,5,2,1,0,1,0,0,0,0,1,13.30516582,52.41778879
9,9300920,2018,11,12,5,2,6,4,0,0,0,1,1,0,0,0,13.52174343,52.40191468
1,1200522,2018,11,16,3,3,5,3,1,0,1,0,0,0,0,1,13.33158015,52.52231993
1,1100207,2018,11,19,5,2,3,6,1,0,1,0,1,0,0,0,13.40070995,52.51012782
12,12200515,2018,11,13,1,3,5,3,0,0,1,0,0,0,0,1,13.28304416,52.59421399
2,2200208,2018,11,9,3,3,5,2,0,1,1,0,0,0,0,1,13.37967781,52.49261308
7,7200307,2018,11,19,5,3,5,7,2,1,1,0,0,0,0,0,13.34498375,52.49032305
4,4400728,2018,11,11,1,3,5,3,0,0,1,0,0,0,0,1,13.27540525,52.47843858
4,4501043,2018,11,10,5,3,6,4,0,1,0,1,0,0,0,0,13.30921262,52.49432311
3,3601453,2018,11,18,5,3,1,5,2,1,1,0,0,0,0,0,13.45910504,52.52103807
3,3400724,2018,11,19,1,3,0,6,2,0,1,0,1,0,0,0,13.42073704,52.57932189
3,3601141,2018,11,10,5,3,5,3,0,1,1,0,0,0,0,0,13.41069151,52.55229646
2,2500727,2018,11,18,5,3,2,6,2,0,1,0,0,0,0,0,13.46224499,52.51990194
7,7200409,2018,11,12,3,3,2,6,0,0,1,0,0,0,0,1,13.34563535,52.48905968
5,5400942,2018,11,9,5,3,5,2,0,1,1,0,0,0,0,0,13.15464829,52.46036009
5,5300737,2018,11,8,5,3,3,6,0,0,1,0,1,0,1,0,13.23403765,52.53861814
5,5100316,2018,11,9,1,2,6,2,0,0,1,1,0,0,0,1,13.19981718,52.53452548
1,1400938,2018,11,8,3,3,2,6,0,0,1,0,1,0,0,1,13.34356239,52.54654537
1,1200520,2018,11,8,5,3,0,2,0,1,1,0,0,0,0,0,13.34319874,52.52823248
1,1401045,2018,11,18,5,3,2,6,2,0,1,0,0,0,0,0,13.3811264,52.55597467
5,5200528,2018,11,8,5,3,2,6,0,0,1,0,0,0,1,0,13.17088965,52.51129719
4,4501148,2018,11,7,5,2,5,2,0,0,1,0,0,0,0,1,13.31276683,52.48045571
12,12400618,2018,11,7,3,3,2,6,0,0,1,0,0,0,0,1,13.2453983,52.61450197
7,7601545,2018,11,7,5,3,6,4,0,0,1,1,0,0,0,0,13.41869538,52.39257296
5,5100316,2018,11,17,5,3,5,2,2,1,1,0,0,0,0,0,13.18318068,52.53982643
8,8100206,2018,11,7,5,2,1,5,0,1,1,0,0,0,0,0,13.42662893,52.48102187
5,5200629,2018,11,7,5,3,5,3,1,1,1,0,0,0,0,0,13.19451223,52.53364472
3,3601450,2018,11,10,3,3,5,3,0,0,1,0,0,1,0,1,13.45773255,52.5288291
9,9401534,2018,11,6,5,3,2,6,2,0,1,0,0,0,0,0,13.57339211,52.44447357
6,6100208,2018,11,17,5,3,5,3,2,0,1,0,0,0,0,0,13.33926196,52.45837599
9,9200715,2018,11,9,1,3,5,3,0,1,0,0,0,0,1,1,13.54353293,52.43379923
2,2300418,2018,11,8,2,3,6,4,1,0,1,1,0,0,0,0,13.43655342,52.49371762
3,3501038,2018,11,16,5,3,5,2,2,1,1,0,0,0,0,0,13.47864204,52.5558761
4,4200311,2018,11,15,5,3,2,6,1,0,0,0,1,0,1,0,13.28084674,52.50701016
10,10300734,2018,11,16,5,3,5,2,2,1,1,0,0,0,0,0,13.5599853,52.48267105
9,9200717,2018,11,7,3,3,5,3,1,1,1,0,0,0,0,1,13.55088721,52.43885204
4,4300416,2018,11,10,5,3,0,1,0,0,0,0,1,0,0,0,13.30007818,52.50675432
4,4200206,2018,11,9,1,3,6,7,0,1,0,1,0,0,0,1,13.2554936,52.50636396
4,4501042,2018,11,17,2,2,6,4,2,0,1,1,0,0,0,0,13.33090847,52.50380239
6,6400840,2018,11,16,5,2,5,2,2,0,1,0,1,0,0,1,13.2505327,52.45201825
6,6300526,2018,11,14,2,2,6,4,1,1,0,1,0,0,0,0,13.25987301,52.43379867
2,2400625,2018,11,2,1,3,5,7,2,0,1,0,0,0,0,0,13.44550303,52.50164096
4,4300414,2018,11,13,2,3,6,4,0,1,0,1,0,0,0,1,13.29975289,52.5192831
2,2400625,2018,11,16,5,3,3,7,2,1,1,0,0,0,0,0,13.44597147,52.50200507
11,11300620,2018,11,8,2,3,5,2,0,1,0,0,0,1,0,1,13.48531752,52.52661174
10,10400939,2018,11,16,5,3,0,3,1,0,0,0,0,0,1,0,13.60257019,52.51035661
4,4500938,2018,11,19,3,3,0,2,2,1,1,0,0,0,0,1,13.30147044,52.49510969
12,12601032,2018,11,15,5,3,2,6,0,0,1,0,0,0,1,0,13.32144069,52.60735938
4,4300412,2018,11,15,1,3,2,6,0,0,1,0,0,0,0,1,13.28377585,52.51868928
12,12200307,2018,11,6,3,3,0,1,1,0,0,0,1,0,0,1,13.33292084,52.57789896
1,1300730,2018,11,15,5,3,2,2,0,0,1,0,0,0,0,0,13.36999033,52.5597589
7,7501133,2018,11,12,1,3,0,7,0,0,0,0,1,0,0,1,13.37987852,52.43623547
11,11300723,2018,11,18,1,2,1,5,2,0,1,0,1,0,0,1,13.49722334,52.52039873
11,11300721,2018,11,14,5,3,2,6,0,0,0,0,0,0,1,0,13.49971457,52.52534165
7,7601547,2018,11,5,2,3,2,6,2,0,1,0,0,0,0,1,13.41281487,52.38282546
3,3400725,2018,11,18,5,3,5,2,2,0,1,0,0,0,0,0,13.41711983,52.58392165
2,2200213,2018,11,13,3,3,2,7,0,0,1,0,1,0,0,1,13.42125258,52.49102044
2,2300314,2018,11,1,5,3,6,4,2,1,0,1,0,0,0,0,13.41967733,52.50181699
2,2300316,2018,11,10,1,3,9,1,0,0,1,0,0,0,0,1,13.44464769,52.50088104
5,5200629,2018,11,17,5,3,2,6,2,0,1,0,0,0,0,0,13.19364178,52.53381339
4,4300412,2018,11,16,3,3,6,2,2,0,1,1,0,0,0,1,13.28668027,52.51871832
6,6100207,2018,11,18,4,3,0,6,2,0,1,0,0,0,1,0,13.33067287,52.45337292
11,11400927,2018,11,13,1,2,0,1,0,1,0,0,0,0,0,1,13.47538806,52.50199585
1,1401049,2018,11,13,3,3,5,2,0,1,1,0,0,0,0,1,13.3657224,52.55713266
2,2300419,2018,11,22,4,3,0,7,2,1,0,0,0,0,0,0,13.43491157,52.4983739
7,7300619,2018,11,22,1,3,5,2,2,1,1,0,0,0,0,0,13.33855428,52.4666964
11,11200411,2018,11,21,4,2,0,1,2,1,0,0,0,0,0,0,13.50837118,52.54865576
5,5200526,2018,11,14,1,3,2,6,0,0,1,0,0,0,1,1,13.16219121,52.52017707
11,11401034,2018,11,20,1,3,5,3,2,0,1,0,0,0,0,1,13.5325267,52.51048783
8,8100311,2018,11,21,4,3,1,5,2,1,1,0,0,0,0,0,13.42836076,52.48684358
6,6400843,2018,11,20,4,3,5,3,1,0,1,0,0,0,0,0,13.30377583,52.45863204
7,7200413,2018,11,12,3,2,0,1,0,1,0,0,0,0,0,1,13.35948428,52.48452541
6,6300527,2018,11,20,4,2,5,3,2,0,1,0,0,0,0,0,13.27688558,52.43271464
6,6300629,2018,11,18,4,3,6,4,2,1,0,1,0,0,0,0,13.29502321,52.44435639
9,9501940,2018,11,19,7,2,6,4,2,0,1,1,0,0,0,0,13.58434709,52.45539458
7,7601442,2018,11,17,3,3,6,2,2,0,1,1,0,0,0,1,13.39265798,52.41279268
5,5200631,2018,11,17,4,3,6,2,2,0,1,1,0,0,0,0,13.20330424,52.5211355
7,7300619,2018,11,18,7,3,1,1,2,0,1,0,0,0,0,0,13.34908574,52.47024408
5,5200629,2018,11,17,4,3,0,2,2,0,1,0,0,0,1,0,13.19753189,52.53207499
3,3500932,2018,11,8,3,3,5,5,0,0,1,0,0,0,0,1,13.45255564,52.56294565
4,4501045,2018,11,16,4,3,2,7,1,0,1,0,1,0,0,0,13.33046703,52.49550362
9,9301126,2018,11,18,1,3,4,2,2,0,1,0,0,0,0,1,13.56207865,52.42443836
7,7601547,2018,11,16,4,3,6,2,1,0,0,1,0,0,1,0,13.40975836,52.38723344
1,1100310,2018,11,15,4,3,2,6,0,0,1,0,0,0,0,0,13.40909023,52.51628128
9,9100101,2018,11,15,4,3,2,6,1,1,1,0,0,0,0,0,13.45766135,52.48632332
8,8401139,2018,11,7,3,3,5,3,0,0,1,0,0,0,0,1,13.46234471,52.43262649
4,4300620,2018,11,15,4,3,5,7,0,0,1,0,0,0,1,0,13.32822855,52.52149921
1,1200629,2018,11,7,4,3,2,6,0,1,1,0,0,0,0,1,13.3471971,52.52010682
9,9200717,2018,11,15,1,3,0,3,0,1,1,0,0,0,0,0,13.55509304,52.44047838
4,4300623,2018,11,19,2,3,0,3,2,1,0,0,0,0,0,0,13.30757486,52.51010982
7,7601443,2018,11,15,4,2,5,3,0,0,0,0,1,0,1,0,13.41633211,52.39836431
2,2200208,2018,11,7,2,3,2,7,0,0,1,0,0,0,1,0,13.38573453,52.49342232
6,6400844,2018,11,7,4,3,5,3,0,1,1,0,0,0,0,1,13.30524154,52.46460263
7,7300515,2018,11,7,4,3,5,3,0,1,1,0,0,0,0,0,13.32207105,52.4735386
7,7300619,2018,11,18,3,3,2,6,2,0,1,0,0,0,0,0,13.34821835,52.45892753
1,1100103,2018,11,7,3,3,2,6,1,0,1,0,0,0,0,1,13.35153513,52.50466199
11,11501238,2018,11,7,4,2,5,2,0,1,0,0,0,0,0,0,13.49011542,52.49350941
4,4501148,2018,11,7,4,3,5,7,0,1,1,0,0,0,0,0,13.31400596,52.48090874
1,1300733,2018,11,23,7,3,1,5,2,1,1,0,0,0,0,0,13.38656971,52.55323575
1,1300836,2018,11,17,2,2,6,2,2,0,1,1,0,0,0,1,13.38116747,52.55220132
6,6200422,2018,11,7,4,2,5,3,0,0,1,0,0,0,1,1,13.32651144,52.42118315
9,9100407,2018,11,7,2,3,6,4,0,1,0,1,0,0,0,0,13.50553384,52.44773655
1,1300834,2018,11,16,1,3,0,1,1,0,0,0,1,0,0,1,13.39532932,52.53902546
7,7100204,2018,11,14,4,2,5,3,0,0,1,0,0,0,0,0,13.35113959,52.49206989
5,5100316,2018,11,17,3,3,5,2,2,1,1,0,0,0,0,1,13.18242703,52.53853245
10,10100311,2018,11,13,4,3,2,6,0,0,1,0,0,0,1,0,13.51795127,52.53538999
1,1100309,2018,11,23,7,3,2,6,2,0,1,0,0,0,0,0,13.40256252,52.52815338
4,4501148,2018,11,14,3,3,2,6,0,0,1,0,0,0,0,1,13.30808598,52.48400959
4,4200203,2018,11,13,4,3,5,2,0,0,1,0,0,0,0,0,13.24030881,52.51185954
8,8200624,2018,11,22,7,3,6,2,2,0,1,1,0,0,0,0,13.42806727,52.4600429
1,1100206,2018,11,12,4,2,5,2,0,1,1,0,0,0,0,0,13.38082226,52.51639554
11,11300721,2018,11,16,2,3,2,6,0,0,1,0,0,0,0,0,13.50595681,52.5347344
6,6100205,2018,11,16,3,3,2,2,2,0,1,0,0,0,0,1,13.35425342,52.44423719
1,1401045,2018,11,11,4,3,2,6,0,0,1,0,1,0,0,0,13.38115406,52.55248454
4,4501041,2018,11,10,2,3,1,5,0,1,1,0,0,0,0,0,13.31489709,52.50319559
11,11200410,2018,11,11,4,3,5,2,0,0,1,0,0,0,0,0,13.51495605,52.55729071
5,5200528,2018,11,7,2,2,5,3,0,0,1,0,1,0,0,1,13.17803351,52.51686366
12,12200307,2018,11,10,4,2,6,4,0,0,1,1,0,0,0,0,13.33049761,52.57115589
7,7400927,2018,11,16,3,3,6,2,2,0,1,1,0,0,0,1,13.39473344,52.46546975
3,3601449,2018,11,10,4,3,2,6,0,0,1,0,0,0,0,1,13.44240204,52.54001839
4,4300619,2018,11,9,3,3,5,7,0,0,1,0,0,0,0,1,13.31518512,52.51472348
1,1100308,2018,11,10,4,3,5,7,0,1,1,0,0,0,0,0,13.38073685,52.52277041
4,4300517,2018,11,10,4,3,5,2,0,1,0,0,0,0,0,0,13.29726602,52.52621769
4,4300416,2018,11,9,4,3,5,3,0,0,1,0,0,0,0,0,13.29097897,52.50343032
4,4300416,2018,11,8,4,2,5,2,0,0,1,0,1,0,0,0,13.29995471,52.50487814
3,3200309,2018,11,11,3,3,2,6,0,0,1,0,0,0,0,1,13.44310019,52.61463363
1,1100207,2018,11,8,4,3,5,2,0,1,1,0,0,0,0,0,13.40245465,52.51187964
4,4300619,2018,11,8,4,3,5,7,0,1,1,0,0,0,0,0,13.30224141,52.51875726
4,4300622,2018,11,7,4,3,6,7,0,0,1,1,0,0,0,1,13.33148138,52.51218026
5,5200632,2018,11,12,3,3,2,6,0,0,1,0,0,0,0,1,13.20436566,52.53027963
9,9301025,2018,11,7,4,3,0,1,0,0,0,0,1,0,0,1,13.53986538,52.3966901
2,2200210,2018,11,6,4,3,6,2,1,0,1,1,0,0,0,0,13.39451764,52.49140809
6,6100204,2018,11,8,3,3,2,6,0,0,1,0,0,0,1,1,13.34892218,52.45804349
9,9100101,2018,11,5,4,3,2,2,2,1,1,0,0,0,0,1,13.45060975,52.48919308
2,2300315,2018,11,10,4,3,3,6,0,1,1,0,0,0,0,0,13.42803347,52.50122776
4,4300416,2018,11,14,4,3,8,1,0,0,1,0,0,0,0,0,13.29430318,52.50683963
4,7300515,2018,11,8,4,2,0,1,0,1,0,0,0,0,0,1,13.32048766,52.47741025