BEZ,LOR_ab_2021,UJAHR,UMONAT,USTUNDE,UWOCHENTAG,UKATEGORIE,UART,UTYP1,ULICHTVERH,IstRad,IstPKW,IstFuss,IstKrad,IstGkfz,IstSonstige,USTRZUSTAND,XGCSWGS84,YGCSWGS84
12,12400722,2018,11,7,3,3,5,3,0,1,1,0,0,0,0,1,13.29142415,52.60704427
5,5100105,2018,11,19,3,3,0,6,2,0,0,0,0,0,1,0,13.19734614,52.56063304
10,10100312,2018,11,18,1,2,5,2,2,1,1,0,0,0,0,1,13.54012811,52.52566473
11,11300721,2018,11,18,2,3,2,2,2,1,1,0,0,0,0,1,13.49955024,52.52281284
11,11400927,2018,11,9,3,3,0,3,0,1,1,0,0,0,0,0,13.47531378,52.50280546
1,1100309,2018,11,8,2,3,5,3,0,1,1,0,0,0,0,0,13.39354371,52.52626327
1,1100310,2018,11,19,3,3,0,1,2,0,0,0,1,0,0,0,13.41549483,52.52703271
1,1200517,2018,11,11,3,3,3,6,0,0,1,0,0,0,0,1,13.32817079,52.53520767
8,8100206,2018,11,19,3,2,2,1,2,0,1,0,1,0,0,0,13.42805282,52.48117536
5,5200632,2018,11,18,3,3,5,2,2,1,0,0,0,0,1,0,13.21176317,52.52739686
4,4501042,2018,11,18,3,3,0,7,2,0,1,0,1,0,0,0,13.32883741,52.50056946
2,2500835,2018,11,7,3,3,2,6,1,0,1,0,1,0,0,1,13.45711584,52.50307228
1,1100103,2018,11,18,3,3,5,2,2,1,0,0,1,0,0,0,13.35011057,52.50318367
11,11400931,2018,11,12,2,3,6,4,0,0,1,1,0,0,0,1,13.51604574,52.5058259
5,5100105,2018,11,7,2,3,2,6,0,0,1,0,0,0,0,0,13.18558396,52.55166761
1,1401048,2018,11,16,1,3,2,6,0,0,1,0,0,0,0,1,13.35290105,52.55112003
11,11100309,2018,11,10,3,3,2,6,0,0,1,0,0,0,0,0,13.51195074,52.56594519
5,5100316,2018,11,15,3,3,3,6,1,1,0,0,0,0,0,1,13.20596566,52.53950351
6,6200421,2018,11,17,5,3,4,7,2,1,0,0,0,0,0,0,13.32210327,52.42930415
10,10200526,2018,11,12,1,3,0,2,0,0,0,1,1,0,0,0,13.60782938,52.52981722
2,2200213,2018,11,8,4,3,5,2,0,1,1,0,0,0,0,0,13.41693904,52.49250779
1,1300835,2018,11,20,1,3,5,2,2,1,1,0,0,0,0,0,13.38760572,52.53338552
4,4200310,2018,11,19,4,3,5,3,2,0,1,0,0,0,0,0,13.27729198,52.51074022
4,4400833,2018,11,12,1,2,5,2,0,1,1,0,0,0,0,0,13.29971321,52.47342149
11,11400928,2018,11,10,4,3,2,6,0,1,0,0,0,0,1,0,13.49040716,52.49854767
9,9200510,2018,11,10,1,3,5,3,0,0,1,0,0,0,0,0,13.50489818,52.46806547
1,1100308,2018,11,7,4,3,5,2,0,1,1,0,0,0,0,0,13.38038892,52.52981602
2,2200210,2018,11,8,5,3,0,1,0,0,1,0,1,0,0,0,13.39410311,52.49149052
11,11300620,2018,11,8,1,3,1,5,0,0,1,0,0,0,0,0,13.47796411,52.53042763
6,6100102,2018,11,7,4,3,6,4,0,0,1,1,0,0,0,0,13.32252227,52.45650838
1,1100310,2018,11,1,1,3,6,4,2,0,1,1,0,0,0,0,13.41537892,52.52271245
6,6300629,2018,11,6,4,3,2,2,0,0,1,0,0,0,0,0,13.29363067,52.44577027
9,9401534,2018,11,22,1,3,1,5,2,0,1,0,0,0,0,1,13.58207192,52.44237399
1,1300730,2018,11,13,6,3,2,6,0,0,1,0,0,0,1,0,13.37699695,52.55679601
12,12200309,2018,11,22,1,3,5,2,2,0,1,0,0,0,1,1,13.33063169,52.56257372
7,7601238,2018,11,6,4,2,1,1,0,0,1,0,1,0,0,0,13.38399633,52.41964872
1,1200623,2018,11,17,1,3,5,3,1,0,1,0,1,0,0,1,13.35104676,52.52980811
8,8100311,2018,11,18,1,3,1,5,2,1,1,0,0,0,0,1,13.42724353,52.48724072
6,6200313,2018,11,11,4,3,0,2,0,0,1,0,0,0,1,0,13.34454719,52.43783551
2,2400625,2018,11,4,5,2,5,2,2,0,1,0,0,0,0,0,13.44645935,52.50275188
3,3601141,2018,11,18,1,3,2,2,2,1,1,0,0,0,0,1,13.41477023,52.55385953
4,4400725,2018,11,19,1,3,3,6,2,0,1,0,0,0,0,0,13.28127079,52.4994048
1,1100415,2018,11,20,3,3,1,5,2,1,1,0,0,0,0,0,13.39684397,52.53246639
6,6400737,2018,11,20,1,2,0,1,2,0,1,0,0,0,0,1,13.19880255,52.43438041
7,7200409,2018,11,3,7,2,3,6,2,1,0,0,0,0,1,0,13.34980387,52.4895665
5,5200634,2018,11,15,3,3,5,2,0,0,1,0,0,0,0,0,13.20875831,52.5106641
1,1200522,2018,11,17,7,3,2,5,2,0,1,0,0,0,0,0,13.33839415,52.52546214
10,10200420,2018,11,7,6,2,6,4,1,0,1,1,0,0,0,1,13.59141258,52.53467493
9,9200715,2018,11,7,7,3,5,3,1,1,1,0,0,0,0,0,13.52677271,52.43766627
1,1300733,2018,11,17,4,3,5,2,2,0,1,0,0,0,0,0,13.39133684,52.55035669
4,4300412,2018,11,20,7,2,9,1,2,0,1,0,0,0,0,0,13.2999387,52.52158055
1,1401045,2018,11,20,7,2,6,2,2,0,1,1,0,0,0,0,13.37723639,52.55365126
1,2100101,2018,11,19,4,3,2,2,2,1,1,0,0,0,0,1,13.3777089,52.50780086
4,4501043,2018,11,12,7,3,1,5,0,1,1,0,0,0,1,0,13.31466753,52.49045502
9,9502043,2018,11,11,7,3,2,2,0,0,1,0,0,0,0,0,13.55328579,52.46957752
2,2500726,2018,11,17,3,1,6,4,2,0,0,1,0,0,1,0,13.45048802,52.52726386
4,4300412,2018,11,11,7,3,5,2,0,1,1,0,0,0,0,0,13.29966585,52.51978915
6,6200313,2018,11,11,7,3,0,7,0,0,1,0,0,0,1,0,13.34523514,52.43681527
5,5200528,2018,11,22,3,2,5,2,2,0,1,0,0,0,0,0,13.18456239,52.51554798
2,2100106,2018,11,10,7,3,5,3,0,0,0,0,1,0,1,0,13.41415053,52.49868198
1,1100308,2018,11,19,5,3,1,5,2,0,1,0,0,0,0,0,13.38031735,52.53277226
6,6400842,2018,11,10,7,3,5,3,0,0,1,0,0,0,0,0,13.26762529,52.44599569
3,3701555,2018,11,9,4,3,2,6,0,1,0,0,0,0,0,0,13.42279175,52.53725164
3,3200204,2018,11,6,7,3,0,7,2,0,1,0,0,0,0,0,13.41048977,52.6041813
2,2200210,2018,11,21,3,3,5,2,2,1,1,0,0,0,0,0,13.40345339,52.49386041
2,2500726,2018,11,0,7,3,1,1,2,0,1,0,1,0,0,0,13.45260632,52.52067764
3,3400723,2018,11,20,7,3,5,3,2,1,1,0,0,0,0,0,13.41023146,52.56699383
3,3200206,2018,11,21,3,2,6,2,2,0,1,1,0,0,0,0,13.40424762,52.58148335
4,4501153,2018,11,18,7,3,9,1,2,0,1,0,0,0,0,0,13.32881193,52.48067218
9,9100407,2018,11,15,7,3,3,6,0,0,1,0,0,0,1,0,13.50864358,52.45192777
5,5300737,2018,11,21,3,3,5,3,2,0,1,0,0,0,0,0,13.24774052,52.53818069
11,11200512,2018,11,15,7,3,1,5,0,0,1,0,0,1,0,0,13.48416364,52.54732965
4,4300622,2018,11,21,3,3,9,1,1,0,0,0,1,0,0,0,13.32237428,52.51325541
6,6100208,2018,11,16,5,3,5,3,2,1,1,0,0,0,0,0,13.33231684,52.45594119
8,8200726,2018,11,14,7,3,2,6,0,0,1,0,0,0,0,0,13.43604447,52.44866967
6,6400844,2018,11,19,3,3,0,3,2,0,1,0,1,0,0,0,13.300139,52.46515939
2,2200210,2018,11,13,7,3,5,3,0,0,1,0,0,0,0,0,13.39755437,52.49525903
7,7501135,2018,11,18,3,3,5,3,2,0,1,0,1,0,0,0,13.39135851,52.42045753
1,1400937,2018,11,13,7,3,5,7,0,0,1,0,0,0,0,1,13.3374156,52.55863207
4,4200309,2018,11,13,6,3,4,6,0,1,1,0,0,0,0,0,13.2594191,52.51239515
2,2200209,2018,11,18,3,3,6,2,2,0,0,1,0,0,1,0,13.38637829,52.4900761
7,7601442,2018,11,7,5,3,5,3,0,0,1,0,0,0,0,0,13.39969001,52.41405324
1,1300836,2018,11,17,6,3,2,6,2,0,1,0,0,0,1,0,13.37981217,52.55117715
7,7400823,2018,11,17,3,3,2,6,2,0,1,0,0,0,1,0,13.37693294,52.46240633
2,2100104,2018,11,19,6,3,5,3,2,1,1,0,0,0,0,0,13.41028837,52.50378598
4,4501042,2018,11,17,3,3,0,3,2,0,1,0,0,0,1,1,13.33132451,52.50366154
1,1401048,2018,11,9,5,2,3,6,0,0,0,0,1,1,0,0,13.35318925,52.55127231
5,5300737,2018,11,16,6,3,5,2,1,0,1,0,1,0,0,0,13.24323049,52.54380169
1,1100310,2018,11,17,3,3,2,6,2,0,1,0,1,0,0,0,13.41125451,52.52394938
3,3400721,2018,11,8,6,3,1,5,0,1,1,0,0,0,0,0,13.39907434,52.56576175
2,2500833,2018,11,17,3,3,1,5,2,1,1,0,0,0,0,0,13.46241333,52.51086299
7,7100101,2018,11,18,6,3,6,2,2,0,1,1,0,0,0,0,13.34613235,52.49434096
2,2500832,2018,11,14,6,3,5,3,0,1,0,0,0,0,1,0,13.47279264,52.51206457
12,12400723,2018,11,17,6,2,5,3,2,0,1,0,1,0,0,0,13.302152,52.62656828
11,11300721,2018,11,8,3,3,3,6,0,1,0,0,0,1,0,0,13.49923768,52.52289184
4,4100101,2018,11,20,4,2,0,1,2,1,0,0,0,0,0,1,13.29371084,52.53631528
7,7601442,2018,11,17,6,2,1,7,2,0,1,0,0,0,0,0,13.39465955,52.40747904
12,12200309,2018,11,16,6,3,1,5,2,1,1,0,0,0,1,0,13.32606257,52.56450745
1,1400942,2018,11,7,3,3,3,6,0,0,1,0,0,0,0,0,13.34833082,52.54292506
2,2100101,2018,11,15,6,3,0,4,1,0,1,1,0,0,0,0,13.37960719,52.503202
7,7501030,2018,11,16,6,3,2,7,1,0,1,0,0,0,0,0,13.38272637,52.45248119
9,9100408,2018,11,7,3,3,5,2,1,1,1,0,0,0,0,0,13.51412408,52.44648945
1,1100207,2018,11,8,6,3,1,5,0,1,1,0,0,0,0,0,13.40420167,52.51519827
5,5200632,2018,11,12,6,3,8,1,0,0,1,0,0,0,0,0,13.20427931,52.5303227
11,11100102,2018,11,6,3,2,6,4,2,0,1,1,0,0,0,1,13.55612421,52.57031895
8,8200833,2018,11,11,6,3,2,6,0,0,1,0,0,0,1,0,13.44392091,52.42576538
8,8100311,2018,11,21,3,3,5,2,2,1,1,0,0,0,0,0,13.42559233,52.48766992
1,1401044,2018,11,11,6,3,5,3,0,1,1,0,0,0,0,0,13.36820281,52.55006664
11,11300721,2018,11,20,6,3,0,6,2,0,1,0,0,0,0,0,13.48616972,52.53356694
4,4501044,2018,11,15,6,3,4,6,0,1,0,0,0,0,0,0,13.32189694,52.49308745
2,2200209,2018,11,17,4,3,5,2,2,1,1,0,0,0,0,0,13.37326572,52.48504525
4,4501041,2018,11,11,6,3,2,6,0,0,1,0,0,0,1,0,13.31588303,52.50097366
12,12400723,2018,11,11,6,3,5,3,0,0,1,0,0,0,0,0,13.309834,52.62599973
8,8100311,2018,11,16,3,3,2,6,1,0,1,0,1,0,0,1,13.42535337,52.49006328
7,7400928,2018,11,10,6,2,6,4,0,0,1,1,0,0,0,0,13.41819217,52.46487744
1,1200623,2018,11,10,6,3,0,2,0,1,0,0,1,0,0,1,13.35067736,52.53255932
4,4300620,2018,11,16,3,3,6,4,1,1,0,1,0,0,0,0,13.322214,52.52186446
8,8100312,2018,11,9,6,3,3,6,0,0,0,0,1,0,1,0,13.43283529,52.48509716
4,4300624,2018,11,13,3,3,1,5,0,1,1,0,0,0,0,0,13.32114852,52.50581582
11,11300722,2018,11,18,5,2,6,2,2,0,1,1,0,0,0,0,13.47813286,52.51455032
2,2400623,2018,11,9,6,3,5,2,0,0,1,0,0,0,1,0,13.43196395,52.51519614
4,4100101,2018,11,23,5,2,5,3,2,0,1,0,0,0,0,0,13.32610492,52.53877265
1,1100207,2018,11,8,6,3,5,2,0,1,0,0,0,0,1,0,13.38988817,52.51040194
4,4400835,2018,11,16,4,2,5,2,1,0,1,0,0,0,0,0,13.3201201,52.4720532
4,4501146,2018,11,8,6,3,2,2,0,1,1,0,0,0,0,0,13.32032808,52.48385717
6,6200314,2018,11,12,3,3,6,2,0,0,1,1,0,0,0,0,13.33619802,52.43074793
3,3400828,2018,11,7,6,2,3,2,0,1,1,0,0,0,0,0,13.42241645,52.55984522
1,1200628,2018,11,7,6,2,6,4,0,0,1,1,0,0,0,0,13.36266579,52.524388
4,4200311,2018,11,12,3,3,5,3,0,1,1,0,0,0,0,0,13.28525246,52.5128739
10,10300731,2018,11,7,6,3,0,2,0,1,1,0,0,0,0,0,13.56584005,52.52898402
1,1100207,2018,11,11,3,3,5,7,0,1,1,0,0,0,0,0,13.3917067,52.51124672
8,8100311,2018,11,13,5,3,5,3,0,1,0,0,0,0,1,0,13.4291106,52.48657913
7,7300517,2018,11,18,5,3,1,5,2,1,1,0,0,0,0,0,13.33276049,52.47691914
2,2100102,2018,11,10,3,3,3,6,0,1,1,0,0,0,0,0,13.39578077,52.49836622
1,1100206,2018,11,18,5,3,5,3,2,1,1,0,0,0,0,0,13.40093667,52.51840378
1,1200519,2018,11,8,3,3,5,2,0,1,1,0,0,0,0,0,13.33032116,52.52727863
4,4300621,2018,11,17,5,3,0,1,2,1,0,0,0,0,0,0,13.31077398,52.51361344
6,6300528,2018,11,17,5,2,1,5,2,0,1,0,0,0,0,0,13.27361158,52.42690535
5,5100317,2018,11,8,3,3,5,2,0,0,1,0,0,0,0,0,13.2287661,52.53000905
7,7601340,2018,11,16,5,3,5,2,1,1,1,0,0,0,0,0,13.3596069,52.41282833
4,4300517,2018,11,8,3,3,4,6,0,1,1,0,0,0,0,0,13.29883049,52.52523398
1,1100310,2018,11,15,5,3,5,3,0,1,0,0,0,0,1,0,13.41538756,52.52078903
6,6200421,2018,11,8,3,3,2,7,0,0,1,0,0,0,1,0,13.32357935,52.42876688
3,3601450,2018,11,9,5,2,1,5,0,1,1,0,0,0,1,0,13.45688875,52.52859593
5,5200632,2018,11,15,5,3,5,2,0,0,1,0,0,0,1,0,13.20495848,52.53016296
7,7300517,2018,11,19,2,3,5,2,2,1,1,0,0,0,0,0,13.33034692,52.47031746
8,8200624,2018,11,15,5,2,5,2,0,0,1,0,1,0,0,1,13.4368198,52.45253978
3,3100101,2018,11,19,2,3,6,6,2,0,1,1,0,0,0,1,13.49527557,52.64222237
1,1200520,2018,11,17,5,3,5,2,1,1,1,0,0,0,0,0,13.34348126,52.53208878
7,7400927,2018,11,14,6,2,6,4,0,0,1,1,0,0,0,0,13.41046105,52.45611369
11,11501341,2018,11,14,5,2,6,4,0,0,0,1,0,0,1,0,13.5168158,52.48189824
8,8100314,2018,11,19,4,3,5,7,2,1,1,0,0,0,0,0,13.43621563,52.48100798
2,2300417,2018,11,22,5,3,0,7,2,0,1,0,1,0,0,0,13.43163204,52.4975113
10,10300734,2018,11,19,2,3,6,4,2,1,0,1,0,0,0,1,13.54977062,52.49561467
8,8200832,2018,11,7,5,3,2,2,1,0,1,0,0,0,0,0,13.4211639,52.41317598
1,1100310,2018,11,12,5,3,6,4,0,0,1,1,0,0,0,0,13.40713981,52.52332885
12,12500930,2018,11,19,5,3,5,2,2,0,1,0,0,0,0,0,13.31541403,52.57784439
5,5300735,2018,11,18,2,3,4,1,1,0,1,0,0,0,0,1,13.23619979,52.55015652
7,7400720,2018,11,12,5,3,1,5,0,1,1,0,0,0,0,0,13.37682815,52.48382134
4,4300619,2018,11,12,5,3,5,3,0,1,1,0,0,0,0,0,13.30116871,52.51906065
5,5200632,2018,11,18,2,3,2,6,2,0,1,0,0,0,0,1,13.20715972,52.52903661
9,9200819,2018,11,12,5,3,2,6,0,0,1,0,0,0,0,0,13.57276425,52.42811569
2,2300314,2018,11,7,6,3,5,2,0,1,0,0,0,1,0,0,13.42245588,52.49918156
11,11401136,2018,11,18,5,2,6,4,2,0,1,1,0,0,0,0,13.50832951,52.49981573
8,8100415,2018,11,17,4,2,6,7,2,0,1,1,0,0,0,0,13.44787091,52.47605773
4,4300518,2018,11,17,5,3,5,2,2,0,1,0,1,0,0,0,13.30653744,52.52874768
4,4500937,2018,11,12,5,3,1,5,0,1,1,0,0,0,0,0,13.29953216,52.49867109
10,10200421,2018,11,16,2,3,5,3,2,0,1,0,0,0,0,1,13.60406911,52.53920415
9,9301126,2018,11,11,5,3,0,7,0,1,1,0,0,0,0,0,13.57283379,52.42780858
11,11300725,2018,11,10,5,3,5,3,0,0,1,0,0,0,1,0,13.49801177,52.51400392
1,1100415,2018,11,9,5,3,0,1,0,0,0,0,1,0,0,0,13.39601115,52.53242994
7,7100205,2018,11,9,5,3,2,2,0,0,1,0,0,0,0,0,13.36776751,52.49333896
4,4400726,2018,11,15,2,3,5,2,0,0,1,0,0,0,1,1,13.28431683,52.486771
2,2100102,2018,11,9,5,3,5,3,0,1,1,0,0,0,0,0,13.3982035,52.50698203
7,7100101,2018,11,8,5,3,2,6,0,0,1,0,0,0,0,0,13.33903013,52.49953392
12,12500930,2018,11,14,2,3,6,4,0,0,1,1,0,0,0,1,13.31800819,52.58064902
4,4501042,2018,11,8,5,3,1,5,0,1,1,0,0,0,0,0,13.33761385,52.50152956
7,7200308,2018,11,19,5,3,2,6,2,1,1,0,0,0,0,0,13.34497439,52.48586442
2,2500835,2018,11,8,5,3,5,2,0,1,1,0,0,0,0,0,13.4493305,52.50212434
1,1200517,2018,11,16,4,2,5,3,2,0,1,0,1,0,0,0,13.32571732,52.53245311
7,7300619,2018,11,8,5,3,0,2,0,1,0,0,0,0,1,0,13.34874467,52.45913149
8,8200730,2018,11,14,2,3,5,7,0,0,1,0,0,0,0,1,13.43484517,52.43030908
9,9301025,2018,11,7,5,3,5,3,0,1,1,0,0,0,0,1,13.57361523,52.40259071
3,3400725,2018,11,14,2,3,5,2,0,1,1,0,0,0,0,1,13.42746916,52.58756144
2,2200210,2018,11,6,5,3,2,3,1,1,1,0,0,0,0,0,13.39644647,52.49140572
1,1100310,2018,11,13,2,2,0,1,0,1,0,0,0,0,0,1,13.41685527,52.52388295
7,7601339,2018,11,12,5,3,2,7,0,0,1,0,1,0,0,0,13.35007968,52.41065862
12,12200307,2018,11,13,2,3,5,3,0,0,1,0,0,0,0,1,13.33073413,52.57182712
9,9200717,2018,11,5,5,3,8,1,2,0,1,0,0,0,0,1,13.54872718,52.44887062
6,6200317,2018,11,13,2,3,5,3,0,1,1,0,0,0,0,1,13.35726809,52.42297935
12,12400720,2018,11,17,5,3,6,7,2,1,0,1,0,0,0,0,13.27784988,52.63019507
2,2300316,2018,11,0,5,3,2,6,2,0,1,0,0,0,0,0,13.43197386,52.50575403
12,12500926,2018,11,13,2,3,5,2,0,1,1,0,0,0,0,1,13.33319624,52.59549927
1,1200520,2018,11,21,4,2,2,6,2,0,1,0,0,0,0,0,13.3432106,52.53210488
1,1200623,2018,11,12,2,3,1,5,0,0,1,0,0,0,1,0,13.34769547,52.53103993
4,4501040,2018,11,20,4,2,0,7,2,0,1,0,1,0,0,0,13.30778603,52.50302872
1,1100206,2018,11,19,4,3,6,4,2,0,1,1,0,0,0,0,13.39112719,52.51399031
10,10400940,2018,11,13,2,3,2,6,0,0,1,0,0,0,0,1,13.61332163,52.49925034
6,6100208,2018,11,8,5,3,5,3,0,1,1,0,0,0,0,0,13.32959475,52.45634889
2,2500835,2018,11,19,4,3,3,6,2,1,1,0,0,0,0,0,13.46524173,52.49722226
1,1100415,2018,11,12,2,3,0,6,0,0,1,0,0,0,1,1,13.38847501,52.53163115
1,1100308,2018,11,7,4,3,0,6,2,1,0,0,0,0,1,0,13.3760282,52.5360361
4,4501042,2018,11,19,4,3,1,5,2,1,1,0,0,0,0,1,13.33622247,52.50019093
6,6100101,2018,11,12,2,3,0,7,0,0,1,0,0,0,0,1,13.30847375,52.46152302
4,4300416,2018,11,17,4,3,3,6,2,0,1,0,1,0,0,0,13.30215329,52.50683445
6,6100210,2018,11,9,2,3,2,6,0,0,1,0,0,0,0,0,13.34581787,52.46084718
7,7501029,2018,11,17,4,2,1,5,2,0,1,0,1,0,0,0,13.37669989,52.43734463
11,11100206,2018,11,17,4,3,5,2,2,0,0,0,1,0,0,1,13.50328795,52.57581238
3,3400723,2018,11,9,2,2,2,6,0,0,1,0,1,0,1,1,13.42367468,52.57430877
8,8100521,2018,11,8,4,3,1,5,0,1,1,0,0,0,0,0,13.46953272,52.46049428
3,3701657,2018,11,17,4,3,5,3,2,1,1,0,0,0,0,0,13.42502715,52.54099975
7,7300619,2018,11,16,4,2,1,5,2,0,1,0,1,0,0,1,13.34372942,52.47073264
8,8100310,2018,11,9,2,3,0,5,0,0,1,0,0,0,0,1,13.42447192,52.49119811
9,9502043,2018,11,18,4,3,0,1,2,1,0,0,0,0,0,1,13.55878575,52.47011374
1,1100309,2018,11,16,4,3,5,3,1,1,0,0,0,0,1,0,13.38909649,52.52764121
5,5100103,2018,11,9,2,3,2,2,0,0,1,0,0,0,1,0,13.21010698,52.56682551
7,7601341,2018,11,15,4,2,5,3,0,1,1,0,0,0,0,0,13.37788223,52.40766624
3,3601449,2018,11,19,5,3,6,2,2,0,1,1,0,0,0,0,13.44972896,52.53724901
7,7100204,2018,11,14,4,3,5,3,0,1,1,0,0,0,0,0,13.35345582,52.49344979
6,6300633,2018,11,8,2,2,0,3,0,1,0,0,0,0,1,0,13.30033539,52.4398513
12,12500930,2018,11,18,4,2,2,2,1,0,1,0,0,0,0,0,13.34006397,52.58807992
10,10400939,2018,11,12,6,3,5,3,0,0,1,0,0,0,0,1,13.60861141,52.50918638
2,2200210,2018,11,18,4,3,2,6,0,0,1,0,0,0,0,0,13.3953076,52.49772997
11,11501341,2018,11,18,4,2,0,1,2,0,1,0,0,0,0,1,13.52489056,52.47991987
2,2500836,2018,11,15,4,3,5,7,1,1,1,0,0,0,0,1,13.46662247,52.497262
1,1100206,2018,11,17,4,3,5,7,1,1,1,0,0,0,0,0,13.39772503,52.51946008
3,3701556,2018,11,9,2,3,5,2,0,1,0,0,0,0,1,1,13.41893095,52.53070633
1,1100206,2018,11,12,4,3,1,5,0,1,0,0,0,0,1,0,13.3983785,52.51650455
8,8401241,2018,11,7,4,3,2,2,0,0,1,0,0,0,0,1,13.47742134,52.43008319
5,5200629,2018,11,17,2,3,0,7,2,0,0,0,1,0,0,1,13.19778381,52.53236949
6,6400737,2018,11,7,4,3,5,2,0,0,1,0,0,0,0,1,13.19095968,52.43357537
4,4501150,2018,11,17,2,3,2,6,2,1,1,0,0,0,0,0,13.33054814,52.48720179
6,6200420,2018,11,18,5,3,1,5,2,1,1,0,0,0,0,0,13.30276222,52.40874551
1,1200623,2018,11,6,4,3,1,5,1,1,1,0,0,0,0,0,13.35348835,52.53397244
3,3601451,2018,11,9,4,3,6,4,0,0,0,1,1,0,0,0,13.4345218,52.53568742
10,10100209,2018,11,5,4,3,3,6,2,0,1,0,1,0,0,1,13.57198602,52.5478654
11,11501340,2018,11,17,4,3,5,2,2,1,1,0,0,0,0,0,13.52757336,52.48903921
3,3601346,2018,11,13,4,3,5,2,0,0,0,0,1,0,1,0,13.41514989,52.54364849
8,8401243,2018,11,7,2,3,5,3,1,1,1,0,0,0,0,0,13.50596235,52.42677895
4,4501045,2018,11,14,4,3,2,6,0,0,1,0,0,0,0,0,13.33391525,52.498041
2,2200213,2018,11,11,4,3,5,3,0,1,1,0,0,0,0,0,13.42192005,52.49309361
10,10400941,2018,11,7,2,3,5,3,1,1,1,0,0,0,0,0,13.6031401,52.48441505
5,5300737,2018,11,10,4,3,3,6,0,0,1,0,0,0,0,1,13.23220253,52.54048836
8,8100104,2018,11,17,2,3,6,4,2,1,0,1,0,0,1,0,13.43003699,52.46837265
5,5100211,2018,11,15,5,3,5,2,0,0,1,0,0,0,0,0,13.17817253,52.54884339
1,1100313,2018,11,10,4,3,5,5,0,1,1,0,0,0,0,1,13.41207935,52.5048093
3,3300516,2018,11,6,2,3,0,3,2,0,0,0,1,0,1,0,13.43386062,52.57049691
7,7100205,2018,11,9,4,3,5,3,0,1,1,0,0,0,0,1,13.36592634,52.4952976
3,3501037,2018,11,5,2,3,5,3,2,0,1,0,0,0,0,1,13.46717641,52.55995435
1,1100207,2018,11,6,4,2,6,2,2,0,1,1,0,0,0,1,13.40115176,52.51130758
6,6400735,2018,11,8,4,3,2,6,0,0,1,0,0,0,0,1,13.1468399,52.41664471
7,7200308,2018,11,17,2,3,2,6,2,0,1,0,0,0,0,1,13.34054453,52.48563034
12,12200412,2018,11,4,2,2,5,7,2,0,1,0,1,0,0,1,13.28937261,52.57555502
1,1300731,2018,11,8,4,3,2,6,0,0,1,0,0,0,0,1,13.380203,52.56037928
1,1300834,2018,11,3,2,3,0,3,2,0,1,0,1,0,0,1,13.39301959,52.54531328
8,8301036,2018,11,8,4,3,2,6,0,0,1,0,0,0,0,1,13.47063479,52.42324734
7,7601443,2018,11,3,2,3,1,7,2,0,1,0,0,0,0,1,13.40969692,52.39909552
10,10200418,2018,11,9,5,3,5,2,0,0,1,0,0,0,0,1,13.59162916,52.54495845
1,1400938,2018,11,8,4,3,0,7,0,1,1,0,0,0,0,1,13.34049538,52.54462107
10,10400835,2018,11,16,2,3,2,6,2,0,1,0,0,0,0,1,13.58916393,52.51721226
5,5200630,2018,11,12,4,2,2,6,0,0,1,0,0,0,0,0,13.18099633,52.52437281
5,5200631,2018,11,2,2,3,1,1,2,0,1,0,0,0,1,1,13.19779835,52.51837717
9,9501939,2018,11,9,4,2,5,3,0,1,0,0,1,0,0,1,13.55846139,52.45601047
11,11200514,2018,11,15,6,3,6,4,0,0,1,1,0,0,0,0,13.49761177,52.53889917
5,5300736,2018,11,8,4,2,5,2,0,1,1,0,0,0,0,1,13.21413301,52.53836134
1,7100102,2018,11,20,4,3,2,6,2,0,1,0,1,0,0,1,13.34983233,52.50275348
12,12601236,2018,11,8,4,3,2,6,0,0,1,0,0,0,0,1,13.34707265,52.59620492
6,6300634,2018,11,13,4,3,5,2,0,0,1,0,0,0,0,0,13.30969024,52.43146351
9,9502043,2018,11,16,2,3,2,2,2,0,1,0,0,0,0,1,13.55878853,52.47014
10,10400938,2018,11,14,4,3,0,7,0,0,0,0,0,0,1,0,13.62746873,52.51863941
3,3200206,2018,11,7,5,3,4,6,0,1,1,0,0,0,0,0,13.39976294,52.58108231
4,4300619,2018,11,15,4,3,0,2,0,1,1,0,0,0,0,1,13.31055448,52.51624832
1,1401044,2018,11,19,4,3,6,7,2,1,0,1,0,0,0,0,13.37081717,52.54667875
1,3701556,2018,11,0,2,2,6,4,2,1,0,1,0,0,0,1,13.41585658,52.52737651
2,2200211,2018,11,21,4,3,1,5,2,1,1,0,0,0,0,0,13.39139857,52.48945049
7,7400928,2018,11,22,4,3,5,2,2,1,1,0,0,0,0,0,13.41902536,52.46101207
3,3500933,2018,11,16,2,3,6,4,2,0,1,1,0,0,0,1,13.4599223,52.55984326