BEZ,LOR_ab_2021,UJAHR,UMONAT,USTUNDE,UWOCHENTAG,UKATEGORIE,UART,UTYP1,ULICHTVERH,IstRad,IstPKW,IstFuss,IstKrad,IstGkfz,IstSonstige,USTRZUSTAND,XGCSWGS84,YGCSWGS84
1,1200522,2018,12,17,2,3,3,6,2,0,1,0,0,0,1,1,13.3308969,52.52394051
8,8100521,2018,11,15,7,3,5,3,1,1,0,0,0,0,1,0,13.45398237,52.46920496
10,10200629,2018,11,11,5,3,2,7,0,0,1,0,0,0,0,0,13.57985583,52.51461297
4,4200308,2018,11,14,4,3,1,5,0,1,1,0,0,0,0,0,13.27703091,52.51627379
10,10200417,2018,12,17,2,3,2,6,2,0,1,0,0,0,0,0,13.5888358,52.54908443
1,1200626,2018,11,10,5,3,0,6,0,0,1,0,0,0,1,0,13.34519888,52.52509373
12,12500825,2018,11,15,7,3,3,6,1,1,1,0,0,0,0,0,13.31184356,52.58496008
4,4501041,2018,11,14,7,3,1,5,0,0,1,0,0,0,0,0,13.316999,52.50264976
10,10100316,2018,11,9,5,2,3,6,0,0,1,0,0,0,1,0,13.57804305,52.54792966
6,6100103,2018,11,18,4,3,6,4,2,1,0,1,0,0,0,0,13.32469227,52.46406772
7,7601544,2018,11,18,7,3,6,2,2,0,1,1,0,0,0,0,13.40635368,52.39376315
11,11100206,2018,11,18,5,3,6,4,2,0,1,1,0,0,0,0,13.51077157,52.57540511
7,7300515,2018,11,14,7,3,5,3,0,1,0,0,0,0,1,0,13.32773161,52.47252227
1,1300733,2018,11,23,7,2,6,4,2,0,1,1,0,0,0,0,13.38246604,52.55183553
4,4100102,2018,11,10,5,3,2,6,0,0,1,0,0,0,0,0,13.29432306,52.53337169
8,8200730,2018,11,17,7,2,6,4,1,0,1,1,0,0,0,0,13.44774405,52.43695415
2,2400521,2018,11,17,5,3,3,6,1,1,0,0,0,0,0,0,13.4278239,52.51811408
7,7100103,2018,11,17,7,2,6,4,2,0,1,1,0,0,0,0,13.35956087,52.49820199
8,8100101,2018,11,17,5,3,6,2,1,0,1,1,0,0,0,0,13.424611,52.48218585
4,4501041,2018,11,13,7,2,5,3,0,1,1,0,0,0,0,0,13.32171765,52.50187224
10,10400939,2018,11,16,5,3,5,7,2,0,1,0,1,0,0,0,13.62115164,52.50621193
1,1100309,2018,11,13,7,2,5,3,0,0,1,0,1,0,0,0,13.40173412,52.52896056
4,4501044,2018,11,15,5,3,5,2,1,1,1,0,0,0,0,0,13.31884624,52.49185531
12,12200307,2018,11,15,5,3,5,3,1,0,1,0,0,0,0,0,13.32916665,52.57559995
9,9100203,2018,11,21,7,3,6,2,2,0,1,1,0,0,0,1,13.47366074,52.47493178
4,4300619,2018,11,15,5,3,0,3,1,0,1,0,0,0,1,0,13.31049702,52.5160867
4,4300518,2018,11,12,7,3,5,2,0,0,1,0,0,0,1,0,13.30607007,52.52329425
5,5100211,2018,11,14,5,3,2,6,0,0,1,0,0,0,0,0,13.17776036,52.54878122
4,4300620,2018,11,14,5,3,6,2,0,0,1,1,0,0,0,0,13.32734965,52.52037971
2,2400521,2018,11,11,7,3,1,5,0,1,1,0,0,0,0,0,13.43764666,52.51982579
12,12200308,2018,11,13,5,3,5,3,0,1,1,0,0,0,0,0,13.32328334,52.57569898
9,9100408,2018,11,13,5,3,5,3,0,1,1,0,0,0,0,0,13.51039938,52.44465135
4,4501146,2018,11,10,7,3,5,7,0,0,1,0,1,0,0,0,13.32033337,52.48383139
6,6200312,2018,11,13,5,2,5,2,0,0,1,0,0,0,0,0,13.33876242,52.44438627
1,1100308,2018,11,1,7,3,0,1,2,1,0,0,0,0,0,0,13.38718939,52.52661117
2,2400521,2018,11,13,5,3,5,2,0,1,0,0,0,0,0,0,13.44069061,52.51728932
1,1100313,2018,11,3,7,3,5,3,2,0,1,0,0,0,0,1,13.41967866,52.50608207
8,8200730,2018,11,12,5,2,5,3,0,0,1,0,1,0,0,0,13.44674095,52.43693752
8,8100521,2018,11,12,5,3,5,2,0,0,1,0,0,0,0,0,13.46863139,52.46356798
4,4300619,2018,11,15,7,3,5,3,1,1,0,0,1,0,0,0,13.30885368,52.51828648
4,4501041,2018,11,0,5,3,9,1,2,0,1,0,0,0,0,0,13.31662405,52.50125549
3,3601141,2018,11,13,5,2,5,3,0,0,1,0,0,0,1,0,13.41114853,52.55406868
5,5100316,2018,11,19,6,3,2,6,2,0,1,0,0,0,0,0,13.20266414,52.53979495
10,10400837,2018,11,15,4,3,6,4,1,0,1,1,0,0,0,1,13.57584338,52.49097535
9,9301126,2018,11,21,6,3,1,5,2,1,1,0,0,0,0,1,13.57244849,52.42737753
1,1100309,2018,11,9,4,3,2,7,0,1,0,0,0,0,1,1,13.40311152,52.52332034
8,8100209,2018,11,21,6,3,3,6,2,0,1,0,0,1,0,0,13.44360309,52.46425707
4,4300412,2018,11,12,4,3,6,4,0,0,1,1,0,0,0,0,13.29980194,52.52133523
5,5100210,2018,11,20,6,2,6,4,2,0,1,1,0,0,0,0,13.18876649,52.54676683
4,4100101,2018,11,20,6,2,6,4,2,0,1,1,0,0,0,0,13.32373573,52.54260501
2,2300316,2018,11,19,4,3,1,5,2,0,1,0,0,0,1,0,13.43128404,52.5049623
1,1100309,2018,11,19,6,3,5,2,2,0,1,0,0,0,0,0,13.39387488,52.52854915
3,3701554,2018,11,19,4,3,1,5,2,1,1,0,0,0,0,0,13.40795777,52.53688726
2,2100106,2018,11,23,4,3,5,2,2,0,1,0,0,0,0,0,13.39944571,52.49828824
1,1100415,2018,11,18,6,3,2,6,1,1,1,0,0,0,0,0,13.3985642,52.53255442
8,8300934,2018,11,16,6,2,5,7,2,0,1,0,1,0,0,1,13.46015026,52.43194055
12,12200307,2018,11,16,6,3,1,5,2,1,1,0,0,0,0,0,13.33165849,52.57387738
5,5200528,2018,12,12,6,3,2,6,0,0,1,0,0,0,0,1,13.17713101,52.51704679
11,11300620,2018,12,15,4,3,5,3,0,1,1,0,0,0,0,0,13.48544461,52.52667723
5,5200629,2018,12,13,6,3,5,3,0,0,1,0,1,0,0,1,13.19702078,52.53038184
3,3200207,2018,12,14,4,3,5,2,0,0,1,0,1,0,0,0,13.42441044,52.59414813
10,10400940,2018,12,12,6,3,5,2,0,0,1,0,0,0,1,1,13.60089425,52.47897132
8,8200832,2018,12,17,4,3,2,2,2,0,1,0,0,0,0,0,13.43658933,52.42363038
4,4300619,2018,12,11,6,3,5,7,0,1,1,0,0,0,0,1,13.3161213,52.51869143
5,5100316,2018,12,10,6,2,6,4,0,0,0,1,0,1,0,1,13.19952895,52.53487314
10,10100313,2018,12,13,4,3,2,6,0,0,1,0,0,0,0,0,13.56242121,52.54481136
10,10200524,2018,12,11,6,3,5,3,0,1,1,0,0,0,0,1,13.60730924,52.53399801
3,3400724,2018,12,9,6,3,5,3,0,0,1,0,0,0,0,1,13.42893294,52.57909812
6,6400842,2018,12,12,4,3,2,6,0,0,1,0,0,0,0,1,13.26768427,52.44582206
2,2400521,2018,12,9,6,2,5,3,0,1,1,0,0,0,0,1,13.43396695,52.5231526
3,3601245,2018,12,11,4,3,2,6,0,0,1,0,0,0,0,1,13.4345414,52.54927388
11,11200410,2018,12,7,6,2,5,3,0,1,1,0,0,0,0,1,13.49943176,52.56243783
8,8401243,2018,12,6,4,3,5,2,1,0,1,0,0,0,0,1,13.49530133,52.43165619
8,8100521,2018,12,7,6,3,2,6,1,0,1,0,0,0,0,1,13.47053848,52.46651234
10,10400938,2018,12,6,4,3,5,3,2,1,1,0,0,0,0,1,13.61220824,52.51262719
6,6200315,2018,12,7,6,3,6,2,1,0,1,1,0,0,0,1,13.35170461,52.42959159
8,8200624,2018,12,10,4,3,3,6,0,0,1,0,0,0,1,0,13.43481096,52.450963
4,4501042,2018,12,11,4,3,1,5,0,1,1,0,0,0,0,1,13.32671365,52.50273025
11,11100204,2018,12,7,6,3,6,7,1,0,1,1,0,0,0,1,13.52376649,52.56555026
4,4200311,2018,12,6,6,3,6,7,2,0,1,1,0,0,0,1,13.28331602,52.51204935
9,9501939,2018,12,10,4,3,3,2,0,0,1,0,1,0,0,0,13.56239212,52.45658444
1,1100313,2018,12,10,4,3,5,3,0,1,1,0,0,0,0,1,13.42229486,52.50544908
5,5300737,2018,12,5,6,3,6,2,2,0,0,1,0,1,0,1,13.24702546,52.54397578
1,1100312,2018,12,9,4,3,2,2,0,1,1,0,0,0,0,1,13.40997601,52.51069194
12,12100103,2018,12,9,4,3,5,7,0,0,1,0,1,0,0,1,13.36047447,52.57629391
3,3400619,2018,12,5,6,3,2,6,2,0,1,0,1,0,0,1,13.36648677,52.58512266
11,11501340,2018,12,8,4,3,5,3,0,0,1,0,1,0,0,1,13.53203906,52.48401172
2,2400522,2018,12,3,6,2,5,2,2,1,0,0,0,0,0,1,13.44749978,52.51752074
5,5100314,2018,12,7,4,3,6,4,0,0,1,1,0,0,0,1,13.20606877,52.54210419
4,4300517,2018,12,13,6,3,0,1,0,0,0,0,1,0,0,1,13.30426955,52.52565255
3,3501038,2018,12,7,4,3,6,4,0,0,0,1,0,0,1,0,13.47501924,52.55329398
1,1100308,2018,12,6,4,3,6,2,2,0,1,1,0,0,0,1,13.38297557,52.53063021
8,8100521,2018,12,15,5,3,5,3,0,1,1,0,0,0,0,1,13.4659417,52.46503005
7,7601236,2018,12,7,4,2,6,4,1,0,1,1,0,0,0,1,13.36190621,52.41487981
1,1100102,2018,12,6,3,3,2,2,2,0,1,0,0,1,0,1,13.34893986,52.51510347
2,2100102,2018,12,0,5,3,0,3,2,1,1,0,0,0,0,0,13.39144771,52.50098284
8,8100520,2018,12,6,3,3,6,2,2,0,1,1,0,0,0,1,13.46473362,52.4701287
3,3100102,2018,12,6,3,3,6,4,2,0,0,1,0,0,1,1,13.50333813,52.63659813
7,7601341,2018,12,15,5,3,3,6,1,0,1,0,0,1,0,0,13.36886057,52.40973859
8,8401139,2018,12,16,3,2,6,4,2,0,1,1,0,0,0,1,13.46262604,52.43777013
3,3100102,2018,12,16,5,3,3,6,1,0,1,0,1,0,0,1,13.50565204,52.6367398
12,12200309,2018,12,12,3,3,0,4,0,0,0,1,1,0,0,1,13.32917192,52.56330514
11,11300616,2018,12,16,5,3,6,4,2,0,1,1,0,0,0,1,13.4730371,52.53597131
4,4501042,2018,12,15,3,3,3,6,0,0,0,0,1,0,1,0,13.33371955,52.50564758
2,2400623,2018,12,17,5,2,6,2,2,0,1,1,0,0,0,1,13.4300642,52.51055
5,5100104,2018,12,19,3,3,2,3,2,0,1,0,0,0,0,1,13.2148141,52.56079585
12,12200309,2018,12,20,5,3,6,4,2,0,1,1,0,0,0,1,13.32802341,52.56432962
2,2500833,2018,12,19,3,3,5,7,2,1,1,0,0,0,0,1,13.45691039,52.50961981
6,6100207,2018,12,19,5,3,0,6,2,0,1,0,1,0,0,1,13.31801074,52.45174994
2,2100104,2018,12,18,3,3,5,3,2,1,1,0,0,0,0,1,13.41224647,52.50306743
3,3400725,2018,12,15,3,3,1,5,1,1,1,0,0,0,0,1,13.42513324,52.58235388
10,10200524,2018,12,17,5,3,2,6,2,0,1,0,0,0,0,1,13.61944082,52.53120356
3,3701554,2018,12,19,5,3,2,3,2,0,1,0,1,0,0,1,13.41228334,52.53115338
4,4500936,2018,12,17,3,3,5,7,2,0,1,0,0,0,1,1,13.29667844,52.50145604
8,8401243,2018,12,17,5,3,1,5,2,1,1,0,0,0,0,1,13.49429748,52.43082539
4,4500937,2018,12,18,5,3,2,6,2,0,1,0,0,0,0,1,13.29442502,52.49761353
8,8401246,2018,12,16,3,3,6,2,2,0,1,1,0,0,0,1,13.49759129,52.41613802
3,3200310,2018,12,16,5,3,5,3,2,1,1,0,0,0,0,1,13.42343585,52.60697251
8,8100520,2018,12,16,3,3,6,4,2,0,1,1,0,0,0,1,13.46326339,52.47077443
3,3701556,2018,12,16,5,3,0,1,2,0,0,0,1,0,0,1,13.41968287,52.53174438
12,12400723,2018,12,16,3,3,1,5,2,0,1,0,0,0,1,1,13.30748079,52.61853339
12,12500926,2018,12,16,5,3,5,3,2,0,1,0,1,0,0,1,13.32542107,52.58948237
7,7501029,2018,12,18,4,3,5,2,2,0,1,0,1,0,0,0,13.37948749,52.44532406
3,3200206,2018,12,16,3,3,5,2,2,1,1,0,0,0,0,1,13.40305377,52.58380161
7,7400824,2018,12,17,5,3,5,2,2,1,1,0,0,0,0,0,13.38469965,52.46085163
12,12100101,2018,12,16,5,3,6,4,2,0,1,1,0,0,0,1,13.3755614,52.56072949
1,1400942,2018,12,15,3,3,5,2,2,1,1,0,0,0,0,1,13.34543466,52.54680912
1,1100310,2018,12,17,5,3,6,2,2,0,1,1,0,0,0,1,13.41573679,52.52670194
11,11401136,2018,12,15,3,3,5,7,1,0,1,0,0,0,0,1,13.50854225,52.49647734
11,11300617,2018,12,17,5,3,0,2,2,0,1,1,0,0,0,1,13.46925081,52.53143032
6,6200420,2018,12,18,5,2,6,4,2,0,1,1,0,0,0,0,13.30164852,52.4138331
2,2100105,2018,12,15,3,3,5,3,1,0,1,0,0,0,0,1,13.41392309,52.50036411
12,12500929,2018,12,18,5,2,6,2,2,0,1,1,0,0,0,1,13.34387593,52.61354044
6,6200423,2018,12,14,3,3,0,7,0,0,1,0,1,0,0,1,13.34499808,52.41524667
2,2400521,2018,12,18,5,2,6,2,2,0,1,1,0,0,0,1,13.43718999,52.51899787
1,1200628,2018,12,14,3,3,6,2,0,0,1,1,0,0,0,1,13.36739513,52.52595971
1,1300834,2018,12,16,5,3,1,5,2,0,0,0,0,0,1,1,13.39899251,52.54458401
11,11100308,2018,12,8,3,3,2,6,0,0,1,0,0,0,1,1,13.49823247,52.56383569
9,9200614,2018,12,17,5,2,6,4,2,0,1,1,0,0,0,1,13.53963996,52.45079641
1,1100102,2018,12,19,5,2,3,6,2,0,1,0,1,0,0,1,13.35105002,52.51493214
2,2100102,2018,12,9,3,3,6,4,0,0,0,1,0,0,1,1,13.3907439,52.5053403
11,11300721,2018,12,14,3,3,0,1,0,0,0,0,1,0,0,1,13.48709295,52.52663947
11,11200514,2018,12,15,5,3,5,3,1,0,1,0,0,0,0,0,13.49963083,52.53487855
1,1200517,2018,12,9,3,3,6,4,0,0,1,1,0,0,0,1,13.3283557,52.53422351
9,9501737,2018,12,14,3,3,2,6,0,0,1,0,0,0,0,1,13.63046926,52.45817664
7,7400927,2018,12,20,5,2,5,2,2,0,1,0,1,0,0,1,13.40008113,52.4591244
1,1100309,2018,12,9,3,3,1,5,0,1,1,0,0,0,0,1,13.40097757,52.52893792
11,11401135,2018,12,9,3,3,5,3,0,1,1,0,0,0,0,1,13.50178533,52.49823426
6,6300525,2018,12,17,5,3,2,6,2,0,1,0,0,0,0,1,13.26831653,52.4063466
4,4501042,2018,12,10,3,3,6,7,0,0,1,1,0,0,0,1,13.32913711,52.50245193
12,12500927,2018,12,17,5,3,1,5,2,0,1,0,0,0,0,1,13.30988775,52.59019582
9,9501941,2018,12,12,3,3,2,6,0,0,1,0,0,0,0,1,13.59362354,52.44944607
10,10100315,2018,12,19,5,3,2,6,2,0,1,0,0,0,0,1,13.56978629,52.54053453
7,7300619,2018,12,13,3,2,5,3,0,0,1,0,0,0,0,1,13.3446553,52.46486316
8,8100102,2018,12,15,5,3,2,6,1,0,1,0,0,0,0,0,13.42071578,52.48021842
2,2400625,2018,12,13,3,3,2,6,0,1,0,0,0,0,1,1,13.44178519,52.50444296
3,3400830,2018,12,14,3,3,5,2,0,0,1,0,0,0,0,1,13.42764639,52.56794027
8,8200623,2018,12,18,5,3,2,6,2,0,1,0,0,0,1,1,13.45372041,52.45281426
1,1300730,2018,12,14,3,3,5,3,0,0,1,0,0,0,0,1,13.3697333,52.55975878
10,10400837,2018,12,7,3,3,6,4,1,0,1,1,0,0,0,1,13.5743058,52.48617871
5,5200528,2018,12,21,6,3,5,3,2,0,1,0,0,0,0,1,13.17167646,52.51101591
1,1200628,2018,12,18,5,3,0,7,2,0,1,0,0,0,1,0,13.37053232,52.52677545
3,3501037,2018,12,7,3,3,6,2,1,0,1,1,0,0,0,1,13.47600911,52.55829232
11,11200512,2018,12,13,5,3,5,3,0,1,0,0,0,0,1,0,13.46854616,52.54435452
3,3701554,2018,12,19,5,3,0,4,2,0,0,1,0,0,1,1,13.40962563,52.53860499
12,12100205,2018,12,6,3,3,6,2,2,0,1,1,0,0,0,1,13.36080583,52.57701861
1,1100310,2018,12,21,5,3,5,2,2,0,1,0,0,0,0,1,13.41171151,52.52396409
3,3500934,2018,12,7,3,3,6,4,1,0,1,1,0,0,0,1,13.43581263,52.55638118
3,3300412,2018,12,12,5,3,5,3,0,0,1,0,0,0,0,0,13.47390636,52.6099235
11,11300725,2018,12,7,3,3,1,5,2,0,1,0,0,0,0,1,13.49413189,52.51243041
4,4501043,2018,12,12,5,3,6,2,0,0,1,1,0,0,0,0,13.31471413,52.49332546
12,12200307,2018,12,14,3,3,6,2,0,0,1,1,0,0,0,1,13.3297704,52.5691066
2,2300316,2018,12,17,3,3,1,5,2,1,1,0,0,0,0,1,13.4410467,52.50154868
8,8200832,2018,12,10,5,3,5,3,0,0,1,0,0,0,1,0,13.43515165,52.42305428
4,4300416,2018,12,16,6,3,2,2,2,0,1,0,0,0,1,1,13.29727208,52.51073131
1,1200626,2018,12,13,5,3,3,6,0,0,1,0,0,0,1,0,13.34613775,52.52497641
12,12200309,2018,12,17,3,3,3,6,2,0,1,0,0,1,0,1,13.32805404,52.56406967
5,5300737,2018,12,10,5,3,6,4,0,0,1,1,0,0,0,1,13.23861303,52.54469036
2,2300316,2018,12,10,5,3,1,5,0,1,1,0,0,0,0,0,13.43270482,52.5054404
3,3601244,2018,12,17,4,3,5,3,2,0,1,0,0,0,0,0,13.42742621,52.55240631
1,1100308,2018,12,17,3,3,6,4,2,0,1,1,0,0,0,1,13.37876822,52.52770304
1,1100309,2018,12,9,5,3,6,2,0,1,0,1,0,0,0,0,13.38799283,52.52341266
11,11300722,2018,12,18,3,3,1,5,2,1,0,0,0,1,1,1,13.48528296,52.51649505
7,7100206,2018,12,16,6,3,6,4,2,0,1,1,0,0,0,1,13.3688288,52.49309481
1,1100207,2018,12,8,5,3,2,6,0,1,1,0,0,0,0,0,13.3906149,52.50770479
10,10200418,2018,12,17,3,3,6,4,2,0,1,1,0,0,0,1,13.58625834,52.53941654
6,6100209,2018,12,18,2,3,1,5,2,1,1,0,0,0,0,0,13.33286579,52.46472636
2,2400623,2018,12,8,5,3,0,3,0,1,1,0,0,0,0,0,13.42640604,52.51585846
1,1100205,2018,12,18,2,3,5,3,2,0,1,0,1,0,0,1,13.3764901,52.51009552
7,7300619,2018,12,7,5,2,5,2,0,0,1,0,0,0,0,0,13.34877238,52.45891978
10,10100209,2018,12,7,6,3,6,6,2,1,1,1,0,0,0,1,13.57353057,52.55228855
3,3601245,2018,12,5,4,3,5,2,2,1,1,0,0,0,0,0,13.42912618,52.54923732
7,7100205,2018,12,18,2,3,5,2,2,1,1,0,0,0,0,1,13.36117765,52.49442496
10,10300731,2018,12,13,4,3,2,6,0,0,1,0,0,0,0,0,13.56585497,52.52885895
9,9200717,2018,12,15,4,3,0,2,0,1,1,0,0,0,0,0,13.55309011,52.43085398
1,1100205,2018,12,18,2,3,0,2,2,1,1,0,0,0,0,1,13.38397966,52.51038092
11,11501341,2018,12,15,4,3,5,7,0,0,1,0,0,0,1,0,13.52169684,52.4752596
1,1200520,2018,12,18,2,3,3,6,2,0,1,0,1,0,0,1,13.34334526,52.5276485
11,11501238,2018,12,16,6,2,6,4,2,0,0,1,0,0,1,1,13.48608541,52.49665419
4,4200311,2018,12,15,4,3,2,6,0,0,1,0,1,0,0,0,13.27255374,52.4991026
4,4501045,2018,12,16,2,3,6,3,1,0,1,1,0,0,0,1,13.33077695,52.4972141
1,1100205,2018,12,14,4,2,1,5,0,0,1,0,0,0,1,0,13.37861283,52.51088673
12,12400720,2018,12,16,6,3,0,3,2,0,0,0,0,0,1,1,13.28072253,52.62942731
8,8100104,2018,12,16,2,3,2,6,2,0,1,0,0,0,0,0,13.42989319,52.46999446
1,1100205,2018,12,14,4,3,6,4,0,1,0,1,0,0,0,0,13.37689633,52.51160766
10,10400940,2018,12,13,4,3,5,3,0,1,1,0,0,0,0,0,13.60122968,52.48198046
12,12100102,2018,12,16,2,3,5,3,2,0,1,0,0,0,0,1,13.37741308,52.57131093
8,8200624,2018,12,12,4,3,3,6,0,0,1,0,1,0,0,0,13.42945205,52.46021951
4,4100101,2018,12,12,4,2,5,3,0,0,1,0,1,0,0,0,13.30892926,52.54761782
12,12200310,2018,12,15,2,3,2,2,0,0,1,0,0,0,0,0,13.31319917,52.5748316
11,11400927,2018,12,15,2,3,6,4,1,1,0,1,0,0,0,1,13.47254517,52.5050922
3,3300413,2018,12,12,4,3,1,5,0,1,1,0,0,0,0,0,13.48151712,52.60197397
7,7400720,2018,12,15,2,2,6,4,2,0,1,1,0,0,0,0,13.36905933,52.48057581
9,9200511,2018,12,17,2,2,6,4,2,0,1,1,0,0,0,1,13.52907394,52.46311017
10,10100210,2018,12,11,4,3,6,3,0,0,1,1,0,0,0,0,13.54887773,52.54339143
12,12601235,2018,12,18,2,3,0,3,2,0,1,0,0,0,1,1,13.35831501,52.5968001
5,5200631,2018,12,10,4,3,1,5,0,0,1,0,0,0,0,0,13.19676976,52.52714484
1,1300733,2018,12,16,2,3,2,2,0,0,1,0,0,0,0,1,13.38625806,52.54959163
7,7200308,2018,12,10,4,3,6,7,0,0,1,1,0,0,0,0,13.34494362,52.47965473
7,7300515,2018,12,16,2,3,2,6,2,0,1,0,0,0,0,1,13.32110796,52.47285418
6,6200312,2018,12,14,2,3,5,3,0,0,1,0,0,0,1,0,13.33502857,52.44301336
12,12400721,2018,12,10,4,3,5,3,0,1,1,0,0,0,0,1,13.30393466,52.63128157
8,8100312,2018,12,13,2,3,5,7,0,0,1,0,0,0,0,0,13.43879033,52.48226369
2,2300314,2018,12,19,2,3,5,3,2,1,0,0,0,0,0,1,13.41937806,52.50125383
2,2100106,2018,12,22,2,3,5,3,2,0,1,0,0,0,0,1,13.39969343,52.49841449
7,7100102,2018,12,14,2,2,5,3,0,0,1,0,0,0,0,1,13.34585914,52.49884137
2,2200210,2018,12,22,4,3,1,5,2,1,1,0,0,0,0,0,13.40417965,52.49120271
5,5300737,2018,12,12,2,3,3,6,0,0,1,0,1,0,0,1,13.2319922,52.53833042
3,3601245,2018,12,12,2,3,5,3,0,1,1,0,0,0,0,0,13.43442839,52.5496752
4,4500936,2018,12,20,4,2,5,3,2,1,1,0,0,0,0,0,13.30186465,52.49919161
4,4500938,2018,12,12,2,3,5,2,0,1,1,0,0,0,0,0,13.29609494,52.49705116
9,9300921,2018,12,10,4,3,1,5,0,0,1,0,0,0,0,0,13.55377507,52.41336529
8,8100418,2018,12,10,2,3,1,5,0,1,1,0,0,0,0,0,13.44300662,52.480616
4,4200311,2018,12,9,4,2,5,2,0,0,1,0,1,0,0,0,13.28035412,52.51748357
4,4300518,2018,12,10,2,3,2,7,0,0,1,0,0,0,0,0,13.30593047,52.52464134
2,2100103,2018,12,18,4,3,0,1,2,0,0,0,1,0,0,1,13.39810343,52.49825623
1,1100310,2018,12,10,2,3,5,3,0,1,0,0,0,0,1,0,13.41976309,52.52541465
1,1200628,2018,12,9,4,3,5,2,0,1,1,0,0,0,0,0,13.356831,52.52347332
9,9200613,2018,12,16,6,3,6,2,2,0,1,1,0,0,0,1,13.5172249,52.45436376
7,7400824,2018,12,18,4,3,0,2,2,0,1,0,1,0,0,0,13.38567701,52.46858756
1,1100206,2018,12,9,2,3,6,7,0,0,0,1,1,0,0,1,13.3893016,52.514072
8,8100419,2018,12,9,4,3,1,5,0,1,1,0,0,0,0,0,13.45373746,52.48235485
1,1100206,2018,12,18,4,3,3,2,2,0,1,0,0,0,1,0,13.38069696,52.51667252
3,3400723,2018,12,15,6,3,5,2,2,1,1,0,0,0,0,1,13.40893208,52.57107306
4,4200309,2018,12,9,4,3,2,6,0,0,1,0,0,0,0,0,13.25974633,52.51682147
1,1100312,2018,12,9,2,3,1,5,0,1,0,0,0,1,0,0,13.41048872,52.51244835
11,11200411,2018,12,9,4,3,5,2,0,1,0,0,0,1,0,0,13.50931473,52.54635362
11,11100203,2018,12,9,4,3,5,3,0,1,1,0,0,0,0,0,13.52603543,52.56420205
2,2400623,2018,12,9,2,3,5,2,0,1,0,0,0,0,1,0,13.42903389,52.51063817
1,1100313,2018,12,18,4,3,2,6,2,0,1,0,0,0,0,1,13.42434631,52.50891145
12,12400723,2018,12,8,2,3,2,6,0,0,1,0,0,0,0,0,13.3058565,52.62062134
2,2200213,2018,12,15,6,3,1,5,1,1,1,0,0,0,0,1,13.41439329,52.49335246
10,10400835,2018,12,8,4,3,5,3,0,1,1,0,0,0,0,1,13.6139958,52.52743369
1,1100103,2018,12,7,2,2,5,2,0,1,1,0,0,0,0,0,13.35572731,52.50212985
9,9200715,2018,12,8,4,3,5,3,0,1,1,0,0,0,0,0,13.52894,52.43319142
4,4501148,2018,12,15,6,3,2,2,0,0,1,0,0,0,0,1,13.31566524,52.48186655
12,12100102,2018,12,7,2,1,6,4,2,0,1,1,0,0,0,0,13.37995821,52.57184093
12,12100205,2018,12,8,4,3,5,2,0,1,1,0,0,0,0,1,13.35103259,52.56758329
1,1400942,2018,12,7,4,3,5,3,0,0,1,0,0,0,1,0,13.34874107,52.54284965
8,8100206,2018,12,6,2,3,2,6,2,0,1,0,0,0,0,0,13.42545641,52.48078159
4,4300619,2018,12,17,4,3,5,2,2,0,1,0,0,0,0,0,13.31882289,52.51918402
1,1100310,2018,12,23,1,3,2,6,2,0,1,0,0,0,0,0,13.41635882,52.52170876
4,4501042,2018,12,14,6,3,5,2,0,1,1,0,0,0,0,1,13.325077,52.4999507
3,3601449,2018,12,16,1,3,5,2,2,0,1,0,0,0,0,1,13.4448303,52.54552984
1,1100313,2018,12,17,4,3,5,2,2,1,0,0,0,0,1,0,13.42119919,52.50982855
7,7300619,2018,12,22,1,3,1,5,2,0,1,0,0,1,0,1,13.34774174,52.46730305
1,1100102,2018,12,14,6,2,8,1,0,0,0,0,0,0,1,1,13.36773434,52.51738897
7,7601442,2018,12,7,4,3,0,1,0,0,1,0,1,0,0,1,13.39785736,52.41681782
2,2100104,2018,12,20,1,3,5,3,2,1,0,0,0,0,1,1,13.40789111,52.50432286
1,1401045,2018,12,13,6,3,3,6,0,1,1,0,0,0,0,1,13.3791799,52.55301227
4,4501150,2018,12,18,1,2,6,4,2,0,1,1,0,0,0,1,13.33031985,52.48616898
3,3601141,2018,12,16,4,2,6,4,1,1,0,1,0,0,0,0,13.41008854,52.55085022
2,2300314,2018,12,4,4,2,6,2,2,0,1,1,0,0,0,0,13.41913425,52.50132133
3,3701556,2018,12,18,1,2,2,6,1,0,1,0,1,0,0,1,13.42210895,52.53539565
1,1100103,2018,12,17,1,3,3,2,2,0,1,0,0,0,0,1,13.34974009,52.50316128
7,7601341,2018,12,15,4,3,5,2,1,0,1,0,0,0,0,0,13.37623275,52.40914217