BEZ,LOR_ab_2021,UJAHR,UMONAT,USTUNDE,UWOCHENTAG,UKATEGORIE,UART,UTYP1,ULICHTVERH,IstRad,IstPKW,IstFuss,IstKrad,IstGkfz,IstSonstige,USTRZUSTAND,XGCSWGS84,YGCSWGS84
7,7601341,2018,12,15,1,3,5,3,1,0,1,0,0,0,0,1,13.38185954,52.39680924
11,11200514,2018,12,14,1,3,6,7,0,0,0,1,0,0,1,0,13.47364033,52.53577071
2,2400625,2018,12,19,6,3,5,7,2,0,1,0,0,0,0,1,13.4457322,52.50181909
12,12100204,2018,12,16,4,3,6,4,1,0,1,1,0,0,0,0,13.35537331,52.56233121
1,1400938,2018,12,11,1,2,6,4,0,0,1,1,0,0,0,1,13.35022146,52.55155823
7,7501031,2018,12,9,4,3,2,6,0,0,1,0,0,0,0,1,13.4021255,52.44694692
12,12100204,2018,12,13,6,2,2,4,0,0,1,1,1,0,0,1,13.33834599,52.56432734
10,10300734,2018,12,5,1,3,0,7,2,0,1,0,0,0,0,1,13.56085329,52.4915367
4,4501147,2018,12,16,4,3,1,5,0,1,1,0,0,0,0,0,13.32115556,52.48961978
8,8200833,2018,12,4,1,3,5,3,2,0,1,0,0,0,0,1,13.44352747,52.41766809
3,3601245,2018,12,7,4,3,5,2,1,1,1,0,0,0,0,0,13.43375063,52.54958365
9,9100407,2018,12,13,6,2,9,1,0,0,1,0,0,0,0,1,13.49214333,52.45804193
5,5300736,2018,12,1,1,2,6,4,2,0,1,1,0,0,0,1,13.22734929,52.53768167
11,11100204,2018,12,7,4,3,5,2,2,1,1,0,0,0,0,1,13.52744565,52.55751055
9,9200717,2018,12,1,1,3,1,5,2,0,1,0,0,0,0,1,13.55671611,52.43446253
2,2200210,2018,12,0,1,3,5,3,2,0,1,0,0,0,0,1,13.40196828,52.49246096
6,6300634,2018,12,6,4,2,6,2,2,0,1,1,0,0,0,1,13.29558541,52.44255738
9,9100203,2018,12,5,1,3,5,3,2,0,1,0,0,0,0,1,13.47952703,52.48444164
4,4500937,2018,12,20,7,3,6,4,2,0,1,1,0,0,0,1,13.29900986,52.49841397
10,10100311,2018,12,12,6,3,0,3,0,1,0,0,0,1,0,1,13.51928343,52.5165359
4,4100102,2018,12,15,3,3,5,3,0,0,1,0,0,0,0,0,13.29858518,52.53514025
12,12200414,2018,12,16,7,3,6,2,1,0,1,1,0,0,0,1,13.30664113,52.55519721
6,6300633,2018,12,21,3,2,6,4,2,0,1,1,0,0,0,0,13.31524836,52.44944005
3,3601142,2018,12,19,3,3,0,5,2,0,1,0,0,0,1,0,13.40752289,52.54757122
2,2200210,2018,12,23,7,3,2,6,2,0,1,0,0,0,0,1,13.40067551,52.49045658
8,8100105,2018,12,17,3,3,6,2,2,0,1,1,0,0,0,0,13.43236354,52.46566706
4,4200311,2018,12,21,7,3,3,6,2,0,1,0,0,0,0,1,13.2785567,52.50361636
1,1100308,2018,12,18,3,3,5,2,2,1,1,0,0,0,0,0,13.38293211,52.53066492
6,6300526,2018,12,18,7,3,6,4,1,0,0,1,0,0,1,0,13.25893514,52.43213953
8,8100206,2018,12,17,3,3,2,6,2,1,1,0,0,0,0,0,13.42726594,52.48108961
2,2100106,2018,12,18,7,3,5,2,2,0,1,0,0,0,0,1,13.40652718,52.49832638
1,12100101,2018,12,18,7,3,2,6,2,0,1,0,0,0,0,1,13.36952541,52.55990963
8,8401243,2018,12,21,3,3,5,3,2,0,1,0,0,0,0,0,13.49042518,52.42791162
1,1400938,2018,12,13,6,3,2,6,1,0,1,0,0,0,0,1,13.34247666,52.53945374
1,1100205,2018,12,21,3,2,6,7,2,1,0,1,0,0,0,0,13.37903205,52.50698873
12,12400723,2018,12,18,7,2,6,4,2,0,1,1,0,0,0,1,13.30652446,52.62077975
3,3601453,2018,12,15,3,3,6,4,0,0,1,1,0,0,0,0,13.46465638,52.52358549
7,7601544,2018,12,14,3,3,5,7,0,0,1,0,0,0,0,1,13.39402029,52.39765791
12,12400618,2018,12,17,4,3,0,3,2,0,1,0,0,0,1,1,13.23747366,52.62027921
12,12200412,2018,12,16,7,3,6,2,1,0,1,1,0,0,0,1,13.29479101,52.57651172
12,12500927,2018,12,14,3,3,5,3,0,0,1,0,0,0,0,1,13.32362962,52.59822704
9,9300920,2018,12,13,7,3,2,2,0,1,1,0,0,0,0,0,13.5387792,52.42053919
8,8100521,2018,12,18,6,3,2,6,2,0,1,0,0,0,0,1,13.4569262,52.46510717
7,7300517,2018,12,14,3,2,5,2,0,0,1,0,1,0,0,0,13.335064,52.47142207
5,5100316,2018,12,7,7,3,2,6,2,0,1,0,0,0,0,1,13.20468914,52.53605644
8,8200727,2018,12,14,3,3,2,6,0,0,1,0,0,0,0,1,13.45142665,52.43715622
4,4200308,2018,12,16,6,3,6,2,2,0,1,1,0,0,0,1,13.27991652,52.51846523
7,7100101,2018,12,14,7,3,1,6,0,1,1,0,0,0,1,1,13.33955968,52.50291891
6,6200420,2018,12,14,3,3,5,3,0,1,0,0,0,0,1,1,13.3026571,52.41488154
2,2200208,2018,12,12,3,3,5,2,0,1,1,0,0,0,0,0,13.37994892,52.49736522
9,9200819,2018,12,13,7,2,6,4,0,0,0,1,0,0,1,0,13.56761253,52.44487206
3,3601141,2018,12,11,3,3,2,1,0,0,1,0,0,0,0,0,13.41470391,52.55357195
9,9200715,2018,12,11,3,3,1,5,0,0,1,0,0,0,0,0,13.53460305,52.44005335
7,7100102,2018,12,9,7,2,8,1,0,0,1,0,0,0,0,1,13.35447955,52.49739273
2,2500835,2018,12,11,3,3,2,1,0,0,1,0,0,0,0,0,13.46631268,52.50051799
1,1400940,2018,12,9,3,3,6,7,0,0,1,1,0,0,0,0,13.35313527,52.55811093
1,1100309,2018,12,6,7,3,2,6,2,0,1,0,0,0,0,0,13.40105156,52.52996598
1,1100206,2018,12,9,3,3,6,4,0,1,0,1,0,0,0,1,13.39293811,52.51567047
8,8200622,2018,12,11,7,3,1,5,0,0,1,0,0,0,1,0,13.43487102,52.46147059
8,8100102,2018,12,8,3,3,2,6,1,0,1,0,0,0,0,1,13.42686736,52.47609978
6,6400844,2018,12,2,7,2,9,1,2,0,1,0,0,0,0,1,13.28565385,52.45335395
3,3300514,2018,12,5,3,3,4,6,2,0,1,0,0,0,0,1,13.44286685,52.5907067
10,10200629,2018,12,2,7,3,0,6,2,0,1,0,0,0,1,1,13.58656401,52.52357853
11,11501238,2018,12,8,3,3,5,2,0,1,1,0,0,0,0,1,13.47008905,52.50231493
3,3300516,2018,12,7,6,3,6,4,2,1,0,1,0,0,0,1,13.45014301,52.56813101
12,12200412,2018,12,19,6,3,6,7,2,0,1,1,0,0,0,1,13.29557622,52.57673307
5,5400942,2018,12,8,3,3,6,7,0,1,0,1,0,0,0,0,13.18250789,52.48633009
6,6200422,2018,12,16,6,3,5,2,2,1,1,0,0,0,0,1,13.33160219,52.42953207
12,12500928,2018,12,7,3,3,5,3,0,1,1,0,0,0,0,1,13.31423677,52.60281903
2,2300315,2018,12,18,6,3,5,3,2,1,1,0,0,0,0,1,13.43042525,52.49919427
1,1300836,2018,12,18,6,3,5,3,2,0,1,0,0,0,0,1,13.37570543,52.54034045
6,6200421,2018,12,6,3,2,6,2,2,0,1,1,0,0,0,1,13.3143198,52.42404651
1,1300835,2018,12,17,6,3,3,6,2,1,1,0,0,0,0,1,13.38006083,52.54038372
4,4500936,2018,12,18,6,3,3,6,2,1,1,0,0,0,0,1,13.30471114,52.49948708
3,3400830,2018,12,6,3,3,5,3,2,1,1,0,0,0,0,0,13.42784899,52.567928
7,7601547,2018,12,16,6,3,6,2,1,0,1,1,0,0,0,0,13.41298099,52.38285176
10,10300734,2018,12,8,3,3,5,3,0,1,1,0,0,0,0,0,13.55962127,52.49521263
1,1100206,2018,12,20,6,3,5,2,2,1,1,0,0,0,0,1,13.39108984,52.51489384
1,1200517,2018,12,12,2,3,2,6,0,0,1,0,0,0,0,1,13.34925173,52.53590595
1,1401047,2018,12,19,6,3,6,4,2,1,0,1,0,0,0,1,13.36006136,52.54427255
1,1100309,2018,12,19,6,3,6,2,2,0,1,1,0,0,0,1,13.40382739,52.52601522
1,1300733,2018,12,12,2,3,5,2,0,1,0,0,0,1,0,1,13.38166492,52.55227084
9,9200715,2018,12,16,6,3,5,3,1,1,1,0,0,0,0,1,13.53433645,52.43141783
2,2500833,2018,12,17,6,3,5,2,2,1,1,0,0,0,0,1,13.45203057,52.51068857
8,8100206,2018,12,11,2,2,6,2,0,0,1,1,0,0,0,1,13.43133782,52.4815652
6,6200313,2018,12,17,6,2,6,2,2,0,0,1,0,0,1,1,13.35159718,52.44008343
11,11401135,2018,12,10,2,3,5,3,0,0,1,0,0,0,0,1,13.50771444,52.49245256
12,12200515,2018,12,17,6,3,6,6,2,0,1,1,0,0,0,1,13.28810784,52.58889297
1,1200628,2018,12,9,2,3,3,6,0,0,1,0,0,1,0,1,13.36838981,52.52628171
11,11300725,2018,12,17,6,3,0,2,2,0,1,1,0,0,0,1,13.49814717,52.51390594
4,4300624,2018,12,8,2,2,6,2,0,0,1,1,0,0,0,1,13.32294887,52.50585149
4,4300623,2018,12,19,6,2,6,4,2,0,0,1,0,0,1,1,13.30711039,52.50526492
6,6300633,2018,12,10,2,2,5,3,0,0,1,0,0,0,1,1,13.30662513,52.43780234
1,1100207,2018,12,21,6,3,6,2,2,0,1,1,0,0,0,1,13.39372423,52.5109493
3,3601245,2018,12,11,2,3,5,2,0,0,1,0,0,0,1,1,13.42871495,52.54778389
6,6400844,2018,12,17,6,2,6,2,2,0,1,1,0,0,0,1,13.27051121,52.4510199
2,2200209,2018,12,23,2,3,5,3,2,0,1,0,0,0,1,0,13.38589656,52.4850328
6,6300634,2018,12,10,2,3,6,7,0,0,1,1,0,0,0,0,13.29568238,52.44171508
9,9200613,2018,12,16,2,3,1,5,2,1,1,0,0,0,0,1,13.51862305,52.45341167
12,12200308,2018,12,16,4,2,2,6,2,0,1,0,1,0,0,1,13.31566056,52.57105901
1,1200520,2018,12,17,4,3,6,7,1,1,0,1,0,0,0,0,13.34342403,52.52634979
10,10200629,2018,12,17,1,3,5,3,2,0,1,0,0,0,0,1,13.58624122,52.51686476
1,1100102,2018,12,20,5,3,2,6,2,0,1,0,0,0,0,0,13.34845619,52.51514318
1,1100206,2018,12,18,4,3,5,3,1,1,0,0,0,0,1,0,13.37687753,52.5177602
12,12500825,2018,12,15,1,3,5,7,1,0,1,0,0,0,1,1,13.31102933,52.58460301
4,4501148,2018,12,17,4,2,6,4,1,0,1,1,0,0,0,0,13.31179268,52.47992149
7,7400927,2018,12,15,1,3,0,7,0,0,1,0,0,0,0,1,13.40028329,52.46031207
12,12500825,2018,12,19,4,3,0,3,2,0,1,0,1,0,0,0,13.31621458,52.58670607
3,3601244,2018,12,19,4,3,5,3,2,1,1,0,0,0,0,0,13.42697414,52.55221551
1,1100205,2018,12,14,1,3,5,3,0,0,1,0,0,0,1,1,13.38413823,52.51010115
2,2500835,2018,12,19,4,3,5,3,2,1,1,0,0,0,0,0,13.44935847,52.50216876
2,2500830,2018,12,19,4,3,5,3,2,0,1,0,1,0,0,0,13.45782963,52.51282089
8,8401241,2018,12,7,1,3,4,6,0,0,1,0,0,0,1,1,13.4923767,52.43299317
11,11400927,2018,12,20,4,3,2,6,2,0,1,0,0,0,0,1,13.47168468,52.50525047
1,1100308,2018,12,20,4,3,1,5,2,1,1,0,0,0,0,0,13.38631118,52.52794694
2,2100106,2018,12,3,1,2,5,2,2,0,1,0,0,0,0,1,13.40664784,52.49842658
12,12200515,2018,12,17,4,3,4,6,1,0,1,0,0,0,0,0,13.28744165,52.58623075
2,2100101,2018,12,0,1,3,0,1,2,0,0,0,1,0,0,1,13.38650952,52.50558825
5,5300737,2018,12,16,4,3,8,1,2,0,1,0,0,0,0,1,13.23220133,52.54049793
1,1100206,2018,12,17,1,3,6,4,2,0,1,1,0,0,0,0,13.39050702,52.51860774
2,2500832,2018,12,18,4,3,0,1,2,0,0,0,1,0,0,1,13.46851369,52.5069714
2,2100104,2018,12,23,7,3,5,3,2,1,1,0,0,0,0,1,13.41029529,52.50378414
1,1100310,2018,12,13,4,3,0,1,0,1,0,0,0,0,0,1,13.40955317,52.52216527
12,12100205,2018,12,16,4,3,2,6,1,0,1,0,0,0,0,1,13.35184875,52.57381791
6,6300631,2018,12,16,7,3,0,4,2,0,0,1,0,0,1,0,13.30050368,52.42090312
4,4501149,2018,12,19,3,3,2,6,2,0,1,0,0,0,0,0,13.32269314,52.48845304
8,8200730,2018,12,18,3,2,1,5,2,0,1,0,0,0,0,0,13.43495193,52.42756171
7,7601339,2018,12,21,7,3,6,2,2,0,1,1,0,0,0,1,13.35030901,52.41441059
8,8100104,2018,12,16,4,3,6,4,2,0,1,1,0,0,0,1,13.43091223,52.46784341
11,11400927,2018,12,21,7,2,6,6,2,0,1,1,0,0,0,1,13.47444442,52.50453419
4,4200311,2018,12,22,3,2,6,4,2,0,0,1,0,1,0,0,13.27891169,52.50361883
1,1300836,2018,12,21,7,3,5,3,2,0,1,0,0,0,1,1,13.37388732,52.54760438
2,2200208,2018,12,21,7,3,5,3,2,0,1,0,0,0,0,1,13.38520823,52.49854211
8,8100103,2018,12,21,3,2,6,7,2,0,1,1,0,0,0,0,13.4271256,52.47534649
2,2100102,2018,12,20,7,3,6,2,2,0,1,1,0,0,0,1,13.39832192,52.50714765
10,10100210,2018,12,5,3,3,0,3,2,1,1,0,0,0,0,1,13.54777177,52.54292792
1,1200629,2018,12,19,7,3,2,6,2,0,1,0,0,0,0,1,13.33685593,52.51537053
9,9200510,2018,12,19,3,3,0,1,2,1,0,0,0,0,0,0,13.51444524,52.4689148
12,12200309,2018,12,19,7,3,5,2,2,0,1,0,0,0,0,1,13.33056864,52.56253849
2,2400521,2018,12,22,7,3,2,2,2,0,1,0,0,0,0,1,13.43336372,52.5230656
12,12601031,2018,12,19,3,3,2,2,2,0,1,0,0,0,0,1,13.33459048,52.60344593
1,1300733,2018,12,22,7,3,6,2,2,0,1,1,0,0,0,1,13.38166019,52.55233704
5,5100316,2018,12,19,7,3,1,5,2,0,1,0,0,0,0,1,13.19754463,52.53506617
7,7501134,2018,12,11,3,3,2,6,0,0,1,0,0,0,0,0,13.40520207,52.43945795
5,5400942,2018,12,18,7,3,1,5,2,0,1,0,0,0,0,1,13.18052758,52.4891094
12,12200309,2018,12,18,7,3,6,2,2,0,1,1,0,0,0,1,13.32810036,52.5641354
3,3501038,2018,12,17,3,3,6,2,2,0,1,1,0,0,0,1,13.48271082,52.55612041
4,4300619,2018,12,17,7,3,2,6,1,0,1,0,0,0,0,1,13.30055253,52.51925296
9,9501838,2018,12,17,3,2,6,6,2,0,1,1,0,0,0,1,13.6881058,52.44116758
12,12200310,2018,12,16,7,3,3,6,2,0,1,0,0,0,0,0,13.31463133,52.57526481
4,4100102,2018,12,5,6,3,9,1,2,0,1,0,0,0,0,1,13.29297474,52.53444669
1,1300730,2018,12,16,3,3,0,2,2,0,1,1,0,0,0,0,13.36987093,52.5598497
8,8100314,2018,12,15,7,3,0,1,1,1,0,0,0,0,0,0,13.43322562,52.48353847
8,8200622,2018,12,16,3,3,5,3,2,0,1,0,0,0,0,1,13.44049872,52.46193339
9,9200819,2018,12,13,7,3,0,7,0,0,1,0,0,0,0,0,13.55929856,52.44675253
8,8200622,2018,12,16,3,2,4,6,2,0,1,0,0,0,0,0,13.4352298,52.46043489
6,6300525,2018,12,13,7,3,1,5,0,0,1,0,0,0,0,0,13.25912722,52.41424856
1,1100308,2018,12,16,3,3,2,6,0,1,1,0,0,0,0,0,13.37931783,52.52249496
5,5100208,2018,12,13,7,2,5,3,0,1,1,0,0,0,0,0,13.16170046,52.54611544
4,4501042,2018,12,12,7,3,6,4,0,0,1,1,0,0,0,0,13.3317485,52.50398237
4,4501044,2018,12,15,3,3,3,6,1,0,1,0,1,0,1,0,13.32353812,52.49531182
11,11300722,2018,12,15,3,3,5,3,1,1,1,0,0,0,0,0,13.4859041,52.51847098
12,12500825,2018,12,10,7,3,5,3,0,0,1,0,1,0,0,1,13.29800375,52.58486585
5,5400944,2018,12,13,3,3,5,3,0,0,0,0,1,0,1,0,13.13641675,52.44775068
4,4200207,2018,12,10,3,3,0,7,0,0,1,0,0,0,0,0,13.19751363,52.47962001
5,5400942,2018,12,4,7,2,8,1,2,0,1,0,0,0,0,1,13.180261,52.49454233
5,5200632,2018,12,16,5,3,6,2,2,0,1,1,0,0,0,1,13.21617937,52.52684886
1,1300733,2018,12,9,3,3,5,2,0,0,1,0,0,0,0,1,13.38660039,52.54948489
11,11400928,2018,12,1,7,3,5,3,2,0,1,0,0,0,1,1,13.48140588,52.50205341
11,11400927,2018,12,8,3,3,3,6,0,0,1,0,0,0,0,1,13.47191821,52.50451002
12,12500930,2018,12,6,6,3,1,5,2,0,1,0,0,0,1,1,13.33576705,52.57960018
2,2100104,2018,12,10,4,3,5,3,0,0,1,0,0,0,0,1,13.40523862,52.50509156
5,5400942,2018,12,8,3,3,6,2,0,0,1,1,0,0,0,1,13.18249183,52.48612104
8,8200725,2018,12,11,4,3,8,1,0,0,1,0,0,0,0,0,13.4116989,52.43900044
1,1300732,2018,12,18,6,3,6,2,2,0,1,1,0,0,0,1,13.38615489,52.55864222
8,8200624,2018,12,7,3,2,5,3,0,0,1,0,0,0,0,1,13.42879498,52.45555483
2,2500834,2018,12,7,3,3,6,4,1,0,1,1,0,0,0,1,13.4587949,52.5064892
4,4501148,2018,12,23,6,2,9,1,2,0,1,0,0,0,0,1,13.32033848,52.4786743
8,8100521,2018,12,18,4,2,4,1,2,0,1,0,0,0,0,1,13.45560241,52.46911351
4,4300620,2018,12,7,3,3,6,2,2,0,1,1,0,0,0,1,13.32119858,52.52079487
1,1401045,2018,12,14,4,3,2,6,0,0,1,0,0,0,0,1,13.37678354,52.55631775
10,10300731,2018,12,16,6,3,6,4,2,0,1,1,0,0,0,1,13.55699745,52.52500344
9,9501737,2018,12,7,3,3,5,2,2,1,1,0,0,0,0,1,13.6255417,52.45696366
5,5100104,2018,12,6,3,3,2,2,2,0,1,0,0,0,0,1,13.2085388,52.56155683
1,1100101,2018,12,16,6,3,6,4,2,0,1,1,0,0,0,1,13.34826466,52.50682056
7,7601442,2018,12,0,5,3,5,3,2,0,1,0,0,0,0,1,13.39407751,52.41105754
8,8100521,2018,12,6,3,3,2,4,2,0,1,1,0,1,0,1,13.46217795,52.46728911
1,1200629,2018,12,16,6,3,5,2,2,1,1,0,0,0,0,1,13.34141253,52.52058907
8,8401139,2018,12,6,3,3,5,3,2,1,1,0,0,0,0,1,13.45909149,52.44042899
11,11300617,2018,12,16,6,3,5,2,1,0,1,0,0,0,1,1,13.46892047,52.53146155
3,3601142,2018,12,3,4,3,5,3,2,0,1,0,0,0,0,0,13.41204201,52.54103341
3,3200207,2018,12,15,3,3,2,6,0,0,1,0,0,0,0,1,13.43056985,52.58959228
1,1401047,2018,12,17,6,3,6,4,2,0,1,1,0,0,0,1,13.35608701,52.5432466
3,3601245,2018,12,15,3,3,0,2,0,1,1,0,0,0,0,0,13.4276203,52.54582117
3,3400723,2018,12,15,3,2,0,1,0,1,0,0,0,0,0,1,13.40797322,52.5657976
2,2300316,2018,12,17,6,3,2,6,2,1,1,0,0,0,0,1,13.43669607,52.50373802
1,1100309,2018,12,17,6,3,5,3,2,1,1,0,0,0,0,1,13.39354615,52.52636885
9,9200510,2018,12,13,3,2,5,2,0,1,1,0,0,0,0,1,13.50272889,52.47010819
2,2200210,2018,12,17,6,3,5,3,2,0,1,0,0,0,0,1,13.40458568,52.49518898
10,10400836,2018,12,17,6,3,5,2,2,1,1,0,0,0,0,1,13.58793693,52.50822674
8,8300935,2018,12,12,3,3,6,7,0,0,1,1,0,0,0,0,13.45251378,52.42902692
5,5100317,2018,12,17,6,3,6,2,2,0,1,1,0,0,0,1,13.21377344,52.53171101
2,2100102,2018,12,18,6,3,6,2,2,0,1,1,0,0,0,1,13.39810462,52.50711911
10,10100104,2018,12,12,3,3,6,4,0,0,1,1,0,0,0,0,13.57917324,52.56962842
12,12200310,2018,12,18,6,3,1,5,2,0,1,0,0,0,1,1,13.31363361,52.57596425
1,1100308,2018,12,12,3,3,6,7,0,0,0,1,1,0,0,0,13.38763711,52.52402301
9,9200715,2018,12,19,6,3,5,7,2,0,1,0,0,0,1,1,13.53898773,52.42580666
1,1100312,2018,12,11,3,3,5,2,0,1,1,0,0,0,0,0,13.41641769,52.51093357
6,6200423,2018,12,19,6,3,5,3,2,0,1,0,0,0,0,1,13.31543809,52.41651141
6,6400843,2018,12,11,3,3,5,2,0,1,1,0,0,0,0,0,13.30397399,52.45866925
3,3701660,2018,12,19,6,3,9,1,2,0,1,0,0,0,0,1,13.4287676,52.52862795
9,9401329,2018,12,20,6,3,5,7,2,0,1,0,0,0,0,1,13.58181166,52.43884047
7,7400824,2018,12,11,3,3,3,6,0,0,1,0,0,0,1,1,13.38572019,52.4660969
1,1100102,2018,12,22,6,3,5,2,2,0,1,0,1,0,0,1,13.37113768,52.51111672
4,4300621,2018,12,23,6,3,6,7,2,1,0,1,0,0,0,1,13.30672326,52.51573314
1,1300730,2018,12,22,3,2,2,6,2,0,1,0,0,0,0,0,13.37330708,52.55702057
1,1300836,2018,12,15,4,3,5,3,0,0,1,0,0,0,0,1,13.37947926,52.54980875
9,9100306,2018,12,10,3,2,2,6,0,0,1,0,0,1,0,1,13.46177062,52.4544294
11,11501238,2018,12,22,6,3,6,2,2,0,1,1,0,0,0,1,13.46999479,52.50227678
1,1100308,2018,12,12,2,3,2,6,0,1,0,0,0,0,0,1,13.38730274,52.52602045
1,1100206,2018,12,14,2,3,2,7,0,1,1,0,0,0,0,0,13.38830984,52.52003157
2,2500831,2018,12,11,6,3,5,3,0,0,1,0,0,0,0,1,13.46398118,52.51309259
4,4100101,2018,12,22,5,3,6,2,2,0,1,1,0,0,0,1,13.27356226,52.54176135
4,4400728,2018,12,17,2,2,6,2,2,0,1,1,0,0,0,0,13.28076672,52.47678184
1,1401046,2018,12,10,6,3,5,3,0,0,1,0,0,0,0,1,13.35099515,52.54249143
4,4500936,2018,12,17,2,3,2,6,2,0,1,0,0,0,0,0,13.30184616,52.49902167
1,1401046,2018,12,9,6,3,5,2,0,1,0,0,0,0,1,1,13.34492333,52.53913085
1,1100205,2018,12,17,2,3,5,2,2,1,1,0,0,0,0,0,13.3874144,52.51017476
1,1200628,2018,12,15,6,3,6,4,2,0,1,1,0,0,0,1,13.3563883,52.52222106
9,9200511,2018,12,14,6,3,5,3,0,1,1,0,0,0,0,1,13.53228233,52.46163019
3,3400725,2018,12,17,2,3,2,6,2,0,1,0,0,0,1,0,13.42929122,52.58590439
3,3400725,2018,12,22,3,3,9,1,2,0,1,0,0,0,0,0,13.4180591,52.58420665
10,10100315,2018,12,16,2,3,2,6,2,0,1,0,0,0,0,1,13.56993979,52.54166419
8,8200726,2018,12,14,6,3,6,4,0,1,0,1,0,0,0,1,13.44991082,52.44548086
8,8200833,2018,12,16,2,3,1,5,2,0,1,0,0,0,0,0,13.44315912,52.42559317
6,6400844,2018,12,16,2,3,6,2,1,0,1,1,0,0,0,0,13.30612393,52.46576546
11,11300722,2018,12,13,4,3,0,1,0,0,0,0,1,0,0,1,13.4795665,52.52032538
3,3400620,2018,12,13,6,3,5,2,0,1,0,0,0,0,1,1,13.37567305,52.58096031
6,6200423,2018,12,14,5,3,6,4,0,0,1,1,0,0,0,0,13.31787266,52.41426246
1,1100311,2018,12,16,2,3,2,6,1,0,1,0,0,0,0,1,13.41556572,52.52063874
8,8200623,2018,12,16,6,3,6,4,2,0,1,1,0,0,0,1,13.44908897,52.45250947
1,1100309,2018,12,11,3,3,0,7,0,1,0,0,0,0,0,1,13.40314087,52.52330765
8,8100418,2018,12,16,2,3,3,6,2,1,1,0,0,0,0,0,13.45060307,52.47999599
3,3400725,2018,12,14,6,2,6,4,0,0,1,1,0,0,0,1,13.42981764,52.58745555
3,3601244,2018,12,13,6,3,0,3,0,0,1,0,1,0,0,1,13.42868186,52.5512038
2,2400623,2018,12,16,2,3,2,6,2,0,1,0,0,0,1,0,13.42756797,52.51695082
2,2200213,2018,12,8,6,3,6,2,0,0,1,1,0,0,0,1,13.41819829,52.49386337
9,9100101,2018,12,15,2,3,5,3,0,1,1,0,0,0,0,0,13.45420598,52.49387646
3,3400830,2018,12,10,3,3,5,3,0,1,1,0,0,0,0,1,13.42671674,52.56503033
2,2500831,2018,12,15,2,3,2,2,0,0,1,0,0,0,0,1,13.46435513,52.51005718
4,4500939,2018,12,12,6,3,5,3,0,0,1,0,0,0,0,1,13.29902324,52.49081466
4,4501042,2018,12,14,2,3,5,2,0,0,1,0,0,0,0,0,13.33166256,52.50523244
11,11300721,2018,12,13,2,3,1,3,0,0,1,0,0,0,1,1,13.48965764,52.52309046
3,3500934,2018,12,7,6,3,5,2,0,1,1,0,0,0,0,1,13.44528701,52.55386897
9,9501838,2018,12,21,4,3,5,2,2,0,1,0,0,0,0,1,13.70639963,52.43395138
9,9300922,2018,12,13,2,2,5,3,0,0,1,0,1,0,0,1,13.53141966,52.40508603
2,2500835,2018,12,12,6,3,5,3,0,1,1,0,0,0,0,0,13.46218222,52.50083368
1,1300836,2018,12,1,3,3,2,6,2,0,1,0,0,0,0,1,13.37839891,52.54462188
1,1200625,2018,12,18,2,3,2,6,2,0,1,0,1,0,0,0,13.34715613,52.52619573
6,6100204,2018,12,11,6,3,2,6,0,0,1,0,0,0,0,1,13.34805442,52.45109469
10,10100313,2018,12,22,2,3,6,7,2,0,1,1,0,0,0,0,13.54078595,52.53679894
2,2100106,2018,12,12,2,3,5,3,0,1,0,0,0,0,0,1,13.41424161,52.4984486
12,12100102,2018,12,11,6,2,5,7,0,0,1,0,1,0,0,0,13.36517072,52.56784295
4,4500937,2018,12,23,2,2,3,6,2,0,1,0,1,0,0,0,13.29661472,52.49813008
1,1200519,2018,12,6,2,3,6,7,2,1,0,1,0,0,0,0,13.33121102,52.53057875
3,3701554,2018,12,7,6,3,6,2,2,0,1,1,0,0,0,1,13.41241739,52.53257039
1,1300835,2018,12,7,2,3,6,4,0,0,1,1,0,0,0,0,13.39120094,52.53868175
4,4501153,2018,12,9,2,3,5,2,0,1,0,0,0,0,1,0,13.3286541,52.47858893
5,5100316,2018,12,11,6,3,2,6,0,0,1,0,0,0,0,0,13.20227782,52.54068367
12,12400723,2018,12,16,4,3,1,1,2,0,1,0,0,0,0,1,13.31170774,52.6222416
6,6200422,2018,12,11,6,3,1,5,0,0,1,0,0,0,1,1,13.33129935,52.42651791
1,1100101,2018,12,10,2,3,1,5,0,1,1,0,0,0,1,0,13.34695464,52.50385272
2,2100101,2018,12,13,6,3,5,7,0,0,1,0,0,0,0,1,13.38465229,52.50496372
10,10400940,2018,12,7,6,2,6,4,2,0,1,1,0,0,0,1,13.60357137,52.48532393
2,2100102,2018,12,8,2,3,8,1,0,0,1,0,0,0,0,0,13.39377538,52.49813264
11,11300617,2018,12,14,6,2,6,4,0,0,1,1,0,0,0,1,13.47056821,52.53171849