BEZ,LOR_ab_2021,UJAHR,UMONAT,USTUNDE,UWOCHENTAG,UKATEGORIE,UART,UTYP1,ULICHTVERH,IstRad,IstPKW,IstFuss,IstKrad,IstGkfz,IstSonstige,USTRZUSTAND,XGCSWGS84,YGCSWGS84
4,4501153,2018,12,0,1,3,5,3,2,0,1,0,0,0,0,0,13.33267446,52.47869343
2,2100104,2018,12,7,6,3,5,3,2,1,1,0,0,0,0,1,13.40965113,52.50407624
2,2400623,2018,12,6,1,3,6,4,2,0,1,1,0,0,0,0,13.43821116,52.51187054
3,3300412,2018,12,13,6,3,5,3,0,0,1,0,0,0,0,1,13.47409986,52.60990175
9,9200819,2018,12,6,6,3,6,4,2,0,0,1,0,0,1,1,13.56432219,52.43833806
6,6200312,2018,12,9,1,3,0,7,0,1,0,0,0,0,0,1,13.3430079,52.43966975
3,3400721,2018,12,13,6,2,0,7,0,0,1,0,0,0,1,1,13.39642185,52.56637274
8,8200624,2018,12,15,6,3,0,7,1,0,1,1,0,0,0,1,13.42495779,52.45788372
8,8100418,2018,12,2,6,2,1,5,2,1,1,0,0,0,0,0,13.4446017,52.48455425
1,1100102,2018,12,16,5,3,2,6,2,0,1,0,0,0,0,0,13.3511729,52.51541113
4,4400833,2018,12,10,1,3,1,7,0,0,1,0,0,0,0,0,13.30365027,52.47279501
6,6100103,2018,12,7,5,3,6,4,2,0,1,1,0,0,0,0,13.31946282,52.46328954
1,1300732,2018,12,22,5,3,5,3,2,0,1,0,0,0,0,1,13.38954843,52.5577828
4,4100101,2018,12,11,1,3,5,2,0,0,1,0,1,0,0,0,13.29685912,52.54816775
9,9300920,2018,12,21,5,3,0,1,2,0,1,0,0,0,0,1,13.53552255,52.41803669
7,7200412,2018,12,13,1,3,1,5,0,1,1,0,0,0,1,0,13.36342868,52.47681295
1,1100309,2018,12,19,5,3,5,2,2,1,1,0,0,0,0,1,13.39377505,52.52852677
11,11200513,2018,12,5,6,3,5,3,2,1,1,0,0,0,0,1,13.47852791,52.53760844
3,3601244,2018,12,17,1,2,2,6,1,0,1,0,0,0,0,0,13.42507866,52.55243384
7,7100205,2018,12,19,5,3,5,3,2,1,1,0,0,0,0,1,13.36191072,52.497987
12,12601133,2018,12,21,1,3,5,7,2,0,1,0,0,0,1,0,13.36156715,52.60003921
9,9501737,2018,12,10,5,3,6,7,0,1,0,1,0,0,0,0,13.62795346,52.4530966
3,3601245,2018,12,20,1,3,5,3,2,0,1,0,0,0,0,1,13.43023753,52.55097241
2,2300314,2018,12,21,2,3,0,3,2,0,1,0,0,0,1,1,13.42492355,52.50210161
1,1300834,2018,12,18,7,3,5,2,2,0,1,0,0,0,0,1,13.38850989,52.54784136
8,8300934,2018,12,9,5,3,5,7,0,0,1,0,0,0,0,0,13.45990677,52.43191158
2,2500833,2018,12,20,7,3,4,1,2,1,1,0,0,0,0,0,13.45352462,52.51041762
1,1100104,2018,12,20,7,3,2,6,2,0,1,0,0,0,0,0,13.36974151,52.50214435
1,1100313,2018,12,22,2,3,5,3,2,0,1,0,0,0,0,1,13.41967866,52.50608207
5,5100210,2018,12,20,7,3,2,6,2,0,1,0,0,0,0,0,13.19189164,52.54625344
8,8100208,2018,12,9,5,3,3,6,0,0,1,0,1,0,0,0,13.44150566,52.47046626
10,10200419,2018,12,22,7,3,5,1,2,0,1,0,0,0,1,0,13.59660809,52.54431134
5,5300736,2018,12,18,7,3,2,6,2,0,1,0,0,0,0,1,13.20959648,52.53838917
1,1100104,2018,12,9,5,2,0,1,0,1,0,0,0,0,0,0,13.37147457,52.50482348
11,11200411,2018,12,18,5,3,5,3,2,0,1,0,0,0,0,1,13.49587138,52.54776229
4,4500939,2018,12,16,7,3,2,2,1,0,1,0,0,0,0,0,13.30939227,52.49202537
1,1100207,2018,12,9,5,3,5,3,0,0,1,0,0,0,0,0,13.39425576,52.50971804
3,3400827,2018,12,17,2,3,1,5,2,1,1,0,0,0,0,0,13.41761905,52.55976274
10,10100208,2018,12,13,7,2,6,7,0,0,1,1,0,0,0,0,13.55962854,52.55555935
5,5100316,2018,12,9,5,3,2,6,0,0,1,0,0,0,0,0,13.20253139,52.54013286
1,1100206,2018,12,9,7,2,0,1,0,1,0,0,0,0,0,0,13.37694825,52.5165119
7,7100102,2018,12,14,2,3,1,5,0,0,1,0,0,0,0,0,13.34600095,52.49669679
3,3200205,2018,12,14,4,3,5,3,0,0,1,0,0,0,0,1,13.39799506,52.58486356
1,1100207,2018,12,8,5,3,0,3,0,1,0,0,1,0,0,0,13.4017119,52.51221188
2,2500835,2018,12,1,7,3,8,1,2,1,0,0,0,0,0,0,13.47092271,52.50471858
7,7400823,2018,12,14,7,3,0,1,0,0,0,0,1,0,0,1,13.37742322,52.46456148
7,7400720,2018,12,7,5,3,2,6,0,0,1,0,0,0,0,1,13.37711851,52.48268855
12,12500927,2018,12,19,4,3,8,1,2,0,1,0,0,0,0,1,13.32828636,52.59953605
7,7300517,2018,12,15,6,3,6,7,0,0,1,1,0,0,0,0,13.33737486,52.47339365
2,2200213,2018,12,7,5,2,3,6,0,0,1,0,0,0,0,0,13.41443354,52.49153187
6,6100102,2018,12,13,2,3,1,5,0,0,1,0,0,0,0,0,13.32448467,52.45796673
6,6400844,2018,12,7,5,3,2,7,1,0,1,0,0,0,0,0,13.27387383,52.45761396
8,8100415,2018,12,11,5,3,2,6,0,0,1,0,0,0,1,0,13.44852294,52.47762717
10,10200421,2018,12,17,6,3,0,4,2,0,0,1,0,0,1,0,13.60463824,52.53683923
5,5100104,2018,12,6,5,2,5,3,2,1,0,0,0,1,0,0,13.21868519,52.56025739
10,10100315,2018,12,12,2,3,2,6,0,0,1,0,0,0,0,0,13.57154538,52.54574079
4,4300413,2018,12,18,6,3,6,6,2,0,1,1,0,0,0,0,13.28725671,52.5168346
11,11300826,2018,12,6,5,3,2,6,2,0,1,0,0,0,0,0,13.47833521,52.50677725
9,9401431,2018,12,10,2,3,6,2,0,0,1,1,0,0,0,1,13.58696361,52.44103277
8,8100207,2018,12,5,5,3,5,3,2,0,1,0,0,0,0,1,13.42893851,52.4778832
7,7100102,2018,12,16,6,3,6,2,2,0,1,1,0,0,0,0,13.34592557,52.49874433
1,1200626,2018,12,17,6,3,2,6,2,0,1,0,1,0,0,0,13.35159005,52.52421125
4,4300412,2018,12,15,4,3,2,6,1,0,1,0,0,0,0,1,13.28885953,52.5189389
7,7200410,2018,12,1,5,3,2,2,2,1,0,0,0,0,0,1,13.35593888,52.48611193
10,10100312,2018,12,16,5,3,0,1,1,0,0,0,1,0,0,1,13.54397283,52.52582946
2,2500831,2018,12,17,6,2,6,4,1,0,1,1,0,0,0,0,13.46460585,52.5101486
4,4500936,2018,12,12,5,3,5,2,0,1,1,0,0,0,0,0,13.30093032,52.50323759
4,4501151,2018,12,16,5,3,0,2,1,1,1,0,0,0,0,0,13.32680449,52.48178402
12,12100103,2018,12,9,1,3,5,3,0,1,1,0,0,0,0,0,13.36812605,52.56970637
4,4501042,2018,12,16,6,3,2,2,2,0,1,0,0,0,0,0,13.33262102,52.50616022
11,11100307,2018,12,16,5,2,6,4,1,0,0,1,0,0,1,0,13.50763083,52.565674
9,9100409,2018,12,16,6,3,2,6,2,0,1,0,0,0,0,0,13.5111867,52.45436558
7,7400720,2018,12,22,1,3,5,2,2,0,1,0,0,0,0,1,13.38115178,52.48264104
12,12400723,2018,12,17,5,3,2,6,2,0,1,0,0,0,0,1,13.31754513,52.61599395
4,4501148,2018,12,14,6,3,6,6,0,1,0,1,0,0,0,0,13.31604029,52.48166239
1,1200519,2018,12,15,5,3,5,2,0,0,1,1,0,0,0,0,13.33542226,52.52680755
11,11300619,2018,12,13,6,2,6,7,0,0,0,1,0,0,1,0,13.47942428,52.52326113
2,2100102,2018,12,21,1,3,5,2,2,0,1,0,0,0,0,1,13.39577771,52.49836602
3,3300411,2018,12,15,5,3,6,4,1,0,1,1,0,0,0,0,13.4884858,52.61910618
5,5300840,2018,12,12,6,3,8,1,0,0,1,0,0,0,0,0,13.25235062,52.53514585
4,4200311,2018,12,15,5,3,2,7,0,0,1,0,0,0,0,0,13.2779958,52.50339908
12,12400618,2018,12,14,5,3,5,2,0,0,1,0,1,0,0,1,13.23586077,52.62111919
1,1401046,2018,12,11,6,3,5,2,0,1,0,0,0,0,1,0,13.34672688,52.54025489
1,1100205,2018,12,13,5,3,5,3,0,1,1,0,0,0,0,1,13.37697058,52.51077444
4,4300624,2018,12,13,5,3,5,3,0,1,1,0,0,0,0,0,13.31811275,52.50985467
5,5100316,2018,12,21,1,3,6,2,2,0,1,1,0,0,0,1,13.18243094,52.53854266
8,8200623,2018,12,11,6,2,5,2,0,1,1,0,0,0,0,0,13.45694168,52.45334171
3,3400725,2018,12,13,5,3,2,6,0,0,1,0,0,0,1,0,13.42791862,52.58780064
10,10400837,2018,12,11,6,2,5,3,0,1,1,0,0,0,0,0,13.57816453,52.49818113
3,3701660,2018,12,8,6,3,6,7,0,1,0,1,0,0,0,0,13.43190724,52.5319373
6,6100103,2018,12,13,5,3,5,3,0,0,1,0,0,0,0,0,13.32977188,52.464422
5,5200629,2018,12,7,6,3,6,2,2,0,1,1,0,0,0,1,13.18179451,52.53408248
4,4400728,2018,12,9,6,3,2,6,0,0,1,0,0,0,0,0,13.27265203,52.47942807
10,10200524,2018,12,10,5,3,5,3,0,1,1,0,0,0,0,0,13.60580338,52.53565163
3,3300412,2018,12,9,6,3,5,3,0,1,1,0,0,0,0,0,13.47718327,52.61084257
9,9200715,2018,12,15,5,3,6,2,2,0,1,1,0,0,0,0,13.54672687,52.43145474
1,1200628,2018,12,9,6,3,5,2,0,1,1,0,0,0,0,0,13.35712072,52.52354318
3,3701554,2018,12,18,5,3,1,5,2,1,1,0,0,0,0,1,13.41119105,52.53730298
1,1100310,2018,12,18,5,3,5,2,2,1,1,0,0,0,0,0,13.4070943,52.51843038
2,2400623,2018,12,7,6,3,5,2,2,1,1,0,0,0,0,0,13.42710731,52.51190844
4,4501045,2018,12,20,1,2,6,4,2,0,1,1,0,0,0,1,13.33184063,52.50037741
5,5300841,2018,12,15,5,3,5,3,0,0,1,0,0,0,0,0,13.27180444,52.53699874
11,11501339,2018,12,17,5,3,5,3,2,1,1,0,0,0,0,0,13.52436369,52.48903498
3,3501038,2018,12,7,5,3,0,3,2,1,1,0,0,0,0,0,13.47037116,52.5537187
2,2500834,2018,12,21,5,3,6,2,2,0,0,1,0,0,1,0,13.450524,52.50864251
7,7400721,2018,12,17,4,3,2,2,1,0,1,0,0,0,0,1,13.38814678,52.48429822
10,10100311,2018,12,17,5,2,6,4,2,0,0,1,0,0,1,1,13.51975911,52.52566683
4,4200308,2018,12,15,5,3,1,6,2,0,1,0,0,1,0,1,13.26348243,52.52112294
3,3601449,2018,12,20,5,2,6,7,2,0,1,1,0,0,0,1,13.44427259,52.54542688
3,3200310,2018,12,17,5,3,5,3,2,0,1,0,0,0,0,1,13.43045215,52.61057902
8,8300934,2018,12,19,1,3,5,3,2,0,1,0,0,0,0,1,13.45734973,52.4310703
9,9200511,2018,12,20,5,3,6,7,2,0,1,1,0,0,0,1,13.52862076,52.45952437
9,9200512,2018,12,17,5,2,8,1,2,0,0,0,1,0,0,0,13.5430155,52.45756244
3,3701555,2018,12,19,5,3,6,7,2,0,1,1,0,0,0,1,13.41629767,52.53956456
9,9200715,2018,12,18,1,3,5,3,2,0,1,0,0,0,0,1,13.52697603,52.43778236
1,1400938,2018,12,17,5,3,6,2,2,0,1,1,0,0,0,0,13.34707048,52.55307735
5,5100316,2018,12,19,5,2,6,2,2,0,1,1,0,0,0,1,13.20056672,52.5385578
1,1100312,2018,12,19,5,3,2,6,2,0,1,0,0,0,0,1,13.41236882,52.50572736
1,1401043,2018,12,16,5,3,6,2,2,0,0,1,0,0,1,1,13.36171018,52.54792294
11,11300721,2018,12,18,5,3,2,6,2,0,1,0,0,0,1,1,13.51368808,52.53523456
11,11300620,2018,12,18,5,3,2,6,2,0,1,0,0,0,0,1,13.47591426,52.53288797
2,2100102,2018,12,7,4,3,5,2,1,1,1,0,0,0,0,0,13.39836291,52.50706017
2,2400521,2018,12,18,5,3,5,3,2,1,1,0,0,0,0,0,13.42975444,52.52107037
1,1300834,2018,12,5,5,3,5,2,2,1,1,0,0,0,0,0,13.39604696,52.53833841
9,9401329,2018,12,9,4,3,5,3,0,0,1,0,0,0,0,1,13.59631571,52.43379053
10,10400835,2018,12,22,4,3,0,1,2,0,0,0,1,0,0,1,13.58807279,52.51228886
9,9200715,2018,12,6,5,3,5,3,1,1,1,0,0,0,0,0,13.52677867,52.4376697
4,4500936,2018,12,20,4,2,6,4,2,1,0,1,0,0,0,0,13.30211169,52.50350258
9,9502043,2018,12,6,5,3,5,2,1,1,1,0,0,0,0,0,13.57055203,52.47357224
6,6100103,2018,12,16,4,3,6,2,1,0,1,1,0,0,0,1,13.32141974,52.46515567
8,8401243,2018,12,8,5,3,2,6,0,0,1,0,0,0,0,0,13.50057005,52.4199829
8,8100208,2018,12,15,4,3,5,3,0,0,1,0,0,0,0,1,13.434583,52.47250738
1,1200628,2018,12,8,5,3,0,2,1,0,1,0,0,0,1,0,13.36795771,52.52589612
4,4200311,2018,12,9,4,3,2,6,0,1,1,0,0,0,0,1,13.2810426,52.51281661
6,6400841,2018,12,11,4,3,5,3,0,1,1,0,0,0,0,0,13.26793478,52.44546181
5,5100211,2018,12,9,5,3,5,3,0,1,1,0,0,0,0,1,13.1779105,52.54123535
4,4501042,2018,12,11,4,3,6,4,0,0,1,1,0,0,0,0,13.33853477,52.5033239
5,5400944,2018,12,11,5,3,2,6,0,0,1,0,0,0,0,0,13.14668414,52.45580901
1,1401049,2018,12,12,4,3,5,2,0,1,0,0,0,0,1,0,13.36537448,52.55710775
7,7100205,2018,12,16,4,3,6,2,2,0,1,1,0,0,0,1,13.36189291,52.49799061
4,4400726,2018,12,12,4,3,6,4,0,0,1,1,0,0,0,0,13.28764521,52.48793608
1,1100205,2018,12,13,5,2,6,4,0,0,1,1,0,0,0,0,13.37666085,52.51041624
1,1100207,2018,12,13,4,3,6,4,0,0,1,1,0,0,0,0,13.38988119,52.51044569
4,4200308,2018,12,0,4,3,2,6,2,0,1,0,0,0,0,0,13.28262134,52.51846981
2,2100103,2018,12,13,5,3,3,6,0,0,1,0,0,0,0,0,13.39861439,52.50699181
2,2200209,2018,12,9,4,3,5,2,0,1,1,0,0,0,0,0,13.38370219,52.48994909
12,12500930,2018,12,14,5,3,6,4,0,0,0,1,1,0,0,1,13.3206012,52.58364243
4,4200310,2018,12,13,4,2,2,6,0,0,1,0,0,0,0,0,13.26771687,52.51233475
2,2200209,2018,12,12,5,3,0,7,0,1,1,0,0,0,0,0,13.37785731,52.48950774
12,12601031,2018,12,14,4,3,5,3,0,1,1,0,0,0,0,1,13.33067329,52.60114834
11,11100204,2018,12,6,4,3,0,1,2,0,0,0,1,0,0,2,13.52290595,52.56060146
5,5400943,2018,12,15,5,3,6,2,0,0,1,1,0,0,0,1,13.14422607,52.45430999
10,10200629,2018,12,9,4,2,0,1,0,1,0,0,0,0,0,2,13.58721261,52.52302592
6,6200313,2018,12,15,4,3,1,5,0,0,1,0,1,0,0,1,13.35003965,52.44177512
8,8100313,2018,12,15,4,3,5,2,1,0,1,0,0,0,0,1,13.4463189,52.48639269
5,5100314,2018,12,15,5,3,6,4,1,0,1,1,0,0,0,0,13.20601318,52.54201465
6,6100210,2018,12,8,4,2,0,1,0,1,0,0,0,0,0,2,13.34290191,52.46302672
4,4300518,2018,12,15,5,3,1,5,0,1,1,0,0,0,0,1,13.30442307,52.52467856
7,7200412,2018,12,6,4,2,0,1,2,0,0,0,1,0,0,2,13.36299976,52.47614886
6,6100210,2018,12,16,5,2,3,6,1,0,1,0,1,0,0,1,13.34665637,52.45903158
8,8100102,2018,12,5,4,3,9,1,2,0,1,0,0,0,0,2,13.4158559,52.48058703
4,4300622,2018,12,17,5,2,2,1,1,0,1,0,0,0,0,1,13.32435535,52.51696468
3,3400830,2018,12,13,4,2,6,4,0,0,1,1,0,0,0,1,13.41893604,52.56683256
7,7400825,2018,12,2,6,3,1,1,2,0,1,0,0,0,0,1,13.37932948,52.45611815
8,8100417,2018,12,17,5,3,5,3,1,0,1,0,0,0,1,0,13.45122599,52.47189896
5,5100105,2018,12,16,4,3,5,2,1,1,1,0,0,0,0,1,13.19704757,52.56203541
1,1100309,2018,12,21,4,3,1,5,2,0,1,0,0,0,0,0,13.4058959,52.5293363
3,3300412,2018,12,9,4,3,5,3,0,0,1,0,0,0,0,0,13.4741292,52.60989845
5,5100105,2018,12,20,4,3,0,1,2,0,0,0,1,0,0,1,13.19870065,52.55533247
1,1100102,2018,12,18,4,3,5,3,2,1,1,0,0,0,0,1,13.37350121,52.5206438
9,9200613,2018,12,18,4,3,5,3,2,1,1,0,0,0,0,0,13.50243309,52.46124919
6,6400841,2018,12,12,5,3,5,2,0,1,1,0,0,0,0,1,13.26106172,52.43592681
9,9200715,2018,12,18,2,3,2,2,2,0,1,0,0,0,0,1,13.5413878,52.43546088
8,8100102,2018,12,18,2,2,5,3,2,1,1,0,0,0,0,1,13.41887378,52.48003781
8,8100521,2018,12,23,2,3,5,3,2,0,1,0,0,0,0,1,13.47053068,52.46248538
1,1300733,2018,12,22,2,3,2,6,2,0,1,0,0,0,0,0,13.38369476,52.55130305
2,2100101,2018,12,20,2,3,2,3,2,0,1,0,0,0,0,1,13.3866523,52.50101366
3,3601347,2018,12,19,2,3,5,3,2,0,1,0,0,0,0,1,13.41703392,52.5434022
1,1401049,2018,12,18,2,3,0,6,2,0,1,0,1,0,0,1,13.36574494,52.55654279
1,1300733,2018,12,14,2,3,6,4,0,1,1,1,0,0,0,0,13.38246412,52.55194576
5,5200630,2018,12,14,2,3,2,6,0,0,1,0,0,0,0,0,13.18903279,52.52179908
6,6100101,2018,12,14,2,2,0,1,0,1,0,0,0,0,0,0,13.3054174,52.45893383
6,6400844,2018,12,13,2,3,5,3,0,1,1,0,0,0,0,0,13.27674225,52.45061428
3,3300516,2018,12,13,2,3,5,2,0,1,1,0,0,0,0,0,13.43810556,52.56942074
7,7400927,2018,12,12,2,2,5,3,0,0,1,0,0,0,0,0,13.40315795,52.46342949
5,5100211,2018,12,12,2,3,6,2,0,0,1,1,0,0,0,0,13.17804137,52.54886821
1,1401047,2018,12,11,2,3,3,6,0,1,1,0,0,0,0,0,13.35993133,52.54423126
4,1200522,2018,12,11,2,3,2,6,0,0,1,0,0,0,0,0,13.32883884,52.52245795
9,9501736,2018,12,16,1,3,5,3,1,0,1,0,0,0,1,0,13.61685135,52.45512946
12,12601031,2018,12,23,1,2,6,2,2,0,1,1,0,0,0,0,13.32640937,52.60449106
1,1300730,2018,12,22,1,3,5,3,2,0,1,0,0,0,0,0,13.37084127,52.55871341
2,2500833,2018,12,1,1,3,0,1,2,1,0,0,0,0,0,1,13.45370041,52.51038572
2,2100105,2018,12,1,7,3,5,2,2,1,1,0,0,0,0,0,13.4079362,52.49997464
12,12400618,2018,12,0,7,3,2,6,2,0,1,0,0,0,0,0,13.22766691,52.62639175
9,9200512,2018,12,15,7,3,5,7,0,0,1,0,0,0,0,1,13.55460018,52.45588274
6,6100101,2018,12,11,7,3,8,1,0,0,1,0,0,0,0,1,13.31775146,52.45422173
9,9501838,2018,12,10,7,3,8,7,0,0,1,0,0,0,0,1,13.7085355,52.4415399
10,10100311,2018,12,23,7,2,6,6,2,0,1,1,0,0,0,1,13.53609683,52.53900203
7,7100102,2018,12,23,7,3,6,2,2,0,1,1,0,0,0,1,13.3546263,52.49713866
8,8200832,2018,12,21,7,3,6,4,2,0,1,1,0,0,0,1,13.42111206,52.4134683
11,11200411,2018,12,21,7,3,6,4,2,0,1,1,0,0,0,1,13.5119357,52.55078702
11,11501238,2018,12,20,7,2,1,7,2,1,0,0,0,0,0,1,13.49241997,52.49133999
1,1300836,2018,12,20,7,3,2,6,2,0,1,0,0,0,0,1,13.37936182,52.54015738
1,1300836,2018,12,20,7,2,6,4,2,0,1,1,0,0,0,1,13.37752835,52.54394886
8,8100207,2018,12,19,7,2,5,3,2,1,1,0,0,0,0,0,13.43708675,52.47449756
11,11400930,2018,12,10,7,2,0,1,0,1,0,0,0,0,0,1,13.50195094,52.50196897
4,4300620,2018,12,10,7,3,5,7,0,1,1,0,0,0,0,1,13.32131586,52.52085271
1,1300733,2018,12,2,7,1,8,1,2,0,1,1,0,0,0,1,13.38418705,52.55564897
10,10200421,2018,12,17,6,3,6,2,2,0,1,1,0,0,0,1,13.60413243,52.53865079
11,11200512,2018,12,14,6,2,5,2,1,0,1,0,0,0,0,0,13.46780064,52.54646301
1,1401046,2018,12,14,6,3,2,4,0,0,1,1,0,0,0,1,13.34511297,52.53910702
6,6300525,2018,12,13,6,3,5,3,0,0,1,0,0,0,0,0,13.26826291,52.40649146
1,1100206,2018,12,12,6,3,3,6,0,0,1,0,0,0,0,1,13.38885554,52.5168789
8,8100102,2018,12,12,6,3,5,3,0,0,1,0,0,0,0,1,13.42615973,52.47751435
2,2100102,2018,12,10,6,3,5,3,0,0,1,0,0,0,0,1,13.39464545,52.50456342
11,11100308,2018,12,10,6,3,9,7,0,0,1,0,0,0,0,1,13.49932614,52.56429335
4,4200310,2018,12,10,6,3,5,3,0,0,1,0,0,0,0,0,13.26686844,52.51426051
3,3501037,2018,12,10,6,3,5,7,0,1,1,0,0,0,0,1,13.46073187,52.56387893
2,2500726,2018,12,9,6,3,2,6,0,0,1,0,0,0,0,1,13.45102757,52.52741195
11,11300618,2018,12,9,6,2,0,7,1,1,0,0,0,0,0,1,13.46121525,52.52510148
7,7400927,2018,12,7,6,3,5,3,1,0,1,0,0,0,0,1,13.40314424,52.46342927
12,12500930,2019,1,13,6,3,5,3,0,1,1,0,0,0,0,1,13.34146,52.58609
3,3400830,2019,1,9,5,3,5,3,0,1,1,0,0,0,0,0,13.41356,52.55862
12,12100103,2019,3,21,6,3,0,1,2,1,0,0,0,0,0,0,13.36034,52.57159
6,6400737,2019,1,7,6,2,6,4,1,0,1,1,0,0,0,1,13.21777,52.42825
7,7300619,2019,2,15,3,3,2,6,0,0,1,0,0,0,0,0,13.36007,52.47421
5,5200634,2019,1,7,5,3,2,6,2,0,1,0,0,0,0,1,13.19846,52.51273
5,5200528,2019,1,8,3,3,6,6,0,0,1,1,0,0,0,0,13.17891,52.51653
2,2500729,2019,1,7,5,3,6,2,0,0,1,1,0,0,0,1,13.47323,52.51393
5,5200528,2019,2,18,1,3,5,2,2,0,1,0,0,0,0,0,13.17905,52.51662
7,7501133,2019,1,17,5,3,3,2,2,0,1,0,0,0,1,0,13.38758,52.43879
7,7400822,2019,1,18,5,3,2,6,2,0,1,0,0,0,1,0,13.3659,52.4726
4,4501148,2019,1,16,5,2,0,1,2,0,0,0,1,0,0,0,13.31159,52.48068
4,4100101,2019,2,12,6,3,2,6,0,0,0,0,0,1,1,0,13.29398,52.53733
1,1100207,2019,3,13,5,3,2,6,0,0,1,0,0,0,0,0,13.40141,52.51141
4,4400725,2019,1,17,4,3,2,6,2,0,1,0,0,0,0,1,13.28107,52.49931
1,1100206,2019,1,12,4,3,2,6,0,0,1,0,0,0,0,1,13.39389,52.51738
3,3200206,2019,1,13,4,3,5,3,0,0,1,0,0,1,0,0,13.40276,52.58075
12,12100204,2019,1,17,4,3,6,2,2,0,1,1,0,0,0,1,13.3642,52.56367
9,9200613,2019,1,6,4,3,3,6,2,0,1,0,1,0,0,1,13.50644,52.45895
1,1300836,2019,2,6,7,2,5,2,2,0,1,0,1,0,0,0,13.36838,52.54108
9,9100306,2019,1,5,4,3,3,6,2,0,1,0,0,1,0,1,13.47591,52.44462
1,1100206,2019,1,11,1,3,5,3,0,1,0,0,0,0,0,1,13.37672,52.51615
2,2500729,2019,1,8,4,3,5,3,1,1,1,0,0,0,0,1,13.46757,52.51436
12,12500930,2019,2,15,6,3,5,3,0,0,1,0,0,0,1,0,13.33407,52.59356
3,3601449,2019,1,7,4,3,6,4,2,0,1,1,0,0,0,1,13.4457,52.54611
4,4100102,2019,1,7,4,3,2,6,2,0,1,0,0,0,0,1,13.30205,52.53464
6,6400737,2019,1,7,4,2,6,2,2,0,1,1,0,0,0,1,13.2146,52.42751
6,6300629,2019,2,18,3,3,2,6,2,0,1,0,0,0,0,0,13.30036,52.44826
6,6400736,2019,1,9,3,3,2,6,0,0,1,0,0,0,0,1,13.19654,52.41761
7,7501030,2019,2,10,7,3,2,6,0,0,1,0,0,0,0,0,13.38623,52.44368
1,1100102,2019,1,19,3,3,2,6,2,0,1,0,0,0,0,1,13.36817,52.50597
2,2500833,2019,1,19,3,3,2,6,2,1,0,0,0,0,0,1,13.45288,52.51367
7,7501133,2019,1,17,3,3,5,3,2,0,1,0,0,0,0,1,13.37623,52.43047
10,10100312,2019,2,10,4,2,5,3,0,1,1,0,0,0,0,0,13.54011,52.52257
4,4400830,2019,3,14,4,3,2,6,0,0,1,0,0,0,0,0,13.30308,52.48565
3,3501037,2019,1,12,3,3,4,1,0,0,1,0,0,0,0,1,13.47028,52.56471
7,7400720,2019,1,19,2,3,6,4,2,0,0,1,0,0,1,1,13.38559,52.47309
6,6400735,2019,1,17,4,2,0,1,2,0,0,0,1,0,0,1,13.17569,52.41988
7,7501030,2019,1,12,1,3,6,2,0,0,1,1,0,0,0,0,13.38039,52.43784
4,4400726,2019,2,5,6,3,0,1,1,0,0,0,1,0,0,1,13.28667,52.49425
2,2500729,2019,1,11,7,3,5,2,0,0,1,0,0,0,0,0,13.45424,52.51572
12,12100205,2019,1,7,6,3,2,2,1,0,1,0,0,0,0,1,13.34784,52.57433
9,9100306,2019,1,19,6,3,2,6,2,0,1,0,0,0,0,0,13.46215,52.45332
7,7601442,2019,2,12,6,3,5,2,0,1,1,0,0,0,0,0,13.40064,52.41519
3,3400830,2019,1,18,6,3,5,3,2,1,1,0,0,0,0,1,13.42852,52.55924
3,3400620,2019,1,20,4,3,5,3,2,1,0,0,0,0,1,0,13.39835,52.57104
7,7200411,2019,1,18,6,3,1,5,2,1,1,0,0,0,0,1,13.35504,52.48542
6,6100101,2019,1,18,5,3,5,2,2,1,1,0,0,0,0,0,13.31475,52.45322
4,4300414,2019,2,2,7,2,0,1,2,0,1,0,0,0,0,1,13.28636,52.51166
1,1100310,2019,3,17,7,3,2,7,1,1,1,0,0,0,0,0,13.40605,52.52054
10,10100208,2019,1,18,4,3,2,6,2,0,1,0,0,0,0,1,13.55086,52.55389
1,1200624,2019,2,16,5,3,0,6,0,1,1,0,0,0,0,0,13.3634,52.53545
7,7300619,2019,1,13,4,3,5,3,0,0,1,0,0,1,0,0,13.347,52.477
3,3601141,2019,1,14,2,3,0,2,1,1,1,0,0,0,0,0,13.41406,52.55053
10,10400940,2019,3,16,3,3,5,2,0,0,1,0,0,0,0,0,13.59864,52.50488
8,8200622,2019,1,3,4,3,3,6,2,0,1,0,0,1,0,1,13.44937,52.46369
2,2100101,2019,1,4,3,3,2,6,2,0,1,0,0,0,0,1,13.38109,52.49919
6,6100209,2019,1,11,3,2,5,2,0,0,1,0,0,0,0,1,13.32841,52.46027
4,4200311,2019,1,5,3,3,9,1,2,0,1,0,0,0,0,1,13.27789,52.50207
1,1100310,2019,2,10,4,1,5,2,0,1,0,0,0,1,0,0,13.41638,52.522
2,2200208,2019,1,2,3,3,2,6,2,0,1,0,0,0,0,1,13.38753,52.49793
7,7400823,2019,1,21,7,3,2,6,2,0,1,0,0,0,0,1,13.38549,52.46741