BEZ,LOR_ab_2021,UJAHR,UMONAT,USTUNDE,UWOCHENTAG,UKATEGORIE,UART,UTYP1,ULICHTVERH,IstRad,IstPKW,IstFuss,IstKrad,IstGkfz,IstSonstige,USTRZUSTAND,XGCSWGS84,YGCSWGS84
1,1100102,2019,5,22,2,3,5,2,2,0,1,0,0,0,0,0,13.36985,52.51583
7,7400822,2019,11,17,4,3,2,6,2,0,1,0,0,0,0,0,13.36715,52.47203
2,2500729,2019,6,15,6,3,0,7,0,0,0,0,1,0,1,1,13.46597,52.51452
7,7501133,2019,12,11,2,2,6,7,0,0,1,1,0,0,0,1,13.38975,52.43497
6,6300527,2019,8,8,3,3,6,2,0,0,1,1,0,0,0,0,13.28248,52.44169
7,7200308,2019,5,18,2,3,2,6,0,0,1,0,0,0,0,1,13.34135,52.47863
1,1100310,2019,10,8,3,3,5,2,0,0,0,0,0,1,0,0,13.40895,52.517
3,3200206,2019,9,9,5,3,0,1,0,1,0,0,0,0,0,0,13.40301,52.59639
10,10100311,2019,8,17,2,3,5,3,0,1,0,0,0,0,0,0,13.53986,52.51002
11,11300724,2019,5,7,2,3,5,2,0,1,1,0,0,0,0,0,13.48172,52.51307
7,7300619,2019,9,16,7,3,2,6,1,0,1,0,0,0,0,1,13.34896,52.47295
2,2100101,2019,6,11,3,3,5,3,0,1,1,0,0,0,0,0,13.38867,52.49816
2,2500833,2019,9,17,5,3,3,7,0,1,1,0,0,0,0,0,13.45117,52.50886
10,10300733,2019,12,7,6,3,3,6,2,0,1,0,0,0,0,1,13.55032,52.5093
9,9100202,2019,6,14,6,3,6,4,0,0,1,1,0,0,0,0,13.46474,52.48691
11,11300724,2019,8,12,2,3,2,6,0,0,1,0,1,0,0,0,13.47766,52.51349
1,1401044,2019,5,10,2,3,3,6,0,1,0,0,0,0,0,0,13.36752,52.55141
6,6300527,2019,11,17,5,3,2,6,2,0,1,0,0,0,0,0,13.26391,52.43518
7,7601238,2019,11,14,2,3,6,4,0,0,1,1,0,0,0,0,13.3746,52.4272
4,4400830,2019,8,13,1,3,2,6,0,0,1,0,0,0,0,0,13.30406,52.4851
7,7400823,2019,5,14,1,3,0,7,0,0,1,0,1,0,0,0,13.38416,52.45506
1,1100102,2019,10,15,4,3,4,6,0,1,0,0,0,0,1,1,13.36817,52.51561
7,7100206,2019,9,17,5,2,6,4,0,0,1,1,0,0,0,0,13.36082,52.49166
3,3601449,2019,6,14,6,2,6,4,0,0,1,1,0,0,0,0,13.43886,52.54097
4,4200308,2019,8,13,1,3,2,6,0,0,1,0,0,0,0,0,13.28282,52.5284
12,12100204,2019,5,19,1,3,1,5,0,0,1,0,0,0,0,0,13.36364,52.56493
5,5200634,2019,6,5,5,3,2,6,0,0,1,0,0,0,0,0,13.20786,52.51084
11,11100101,2019,9,17,5,3,0,2,0,1,1,0,0,0,0,0,13.48304,52.57848
7,7400823,2019,12,7,5,3,2,6,1,0,1,0,0,0,0,1,13.37134,52.47087
12,12100204,2019,6,7,5,3,3,6,0,1,0,0,0,1,0,0,13.36394,52.56472
2,2500729,2019,8,9,7,3,2,6,0,0,1,0,0,0,0,0,13.46363,52.51476
2,2200208,2019,11,15,6,3,2,6,0,1,0,0,0,0,0,0,13.38903,52.49734
1,1300836,2019,8,17,7,3,5,2,0,0,1,0,0,0,0,0,13.3684,52.54107
7,7300619,2019,9,8,6,3,0,1,0,1,0,0,0,0,0,1,13.35409,52.47905
12,12100103,2019,5,8,1,2,5,2,0,0,1,0,0,0,0,0,13.35903,52.57339
9,9100101,2019,10,17,5,3,2,6,0,0,1,0,0,0,0,1,13.45795,52.49204
1,1100207,2019,9,19,5,3,3,6,2,0,1,0,1,0,0,0,13.39958,52.51102
4,4200206,2019,6,19,5,3,5,7,1,0,1,0,0,0,0,1,13.25394,52.50825
12,12200515,2019,8,14,7,3,2,6,0,0,1,0,0,0,0,0,13.29164,52.58627
7,7200411,2019,5,16,1,3,2,6,0,1,1,0,0,0,1,0,13.35949,52.48972
7,7501135,2019,11,8,2,3,6,4,0,0,1,1,0,0,0,1,13.39674,52.42266
12,12100205,2019,6,15,7,3,5,2,0,0,1,0,0,0,0,0,13.34772,52.57427
3,3601142,2019,9,9,5,3,4,6,0,1,0,0,0,0,0,0,13.4125,52.54497
2,2500835,2019,12,21,5,3,2,6,2,0,1,0,0,0,0,0,13.45512,52.50044
4,4200311,2019,8,14,7,3,2,6,0,0,1,0,1,0,0,0,13.28292,52.50779
7,7501133,2019,9,14,5,3,2,6,0,0,1,0,0,0,0,0,13.37956,52.43671
12,12200414,2019,5,15,7,3,0,1,2,0,1,0,0,0,0,0,13.3104,52.56389
7,7400720,2019,10,9,7,3,5,3,0,0,1,0,0,0,0,0,13.38606,52.48339
4,4100101,2019,9,19,5,3,2,6,1,0,1,0,0,0,0,0,13.29529,52.54009
1,1100102,2019,8,22,7,3,6,7,2,1,0,1,0,0,0,0,13.37406,52.51611
1,1401044,2019,5,17,6,3,5,2,0,0,1,0,0,0,0,0,13.36924,52.54814
4,4100101,2019,10,15,5,2,9,1,0,0,0,0,1,0,0,0,13.28612,52.53337
3,3100101,2019,6,11,6,3,8,1,0,0,1,0,0,0,0,0,13.47834,52.62767
7,7501133,2019,9,7,5,3,5,3,0,1,1,0,0,0,0,0,13.38265,52.4394
6,6400737,2019,12,13,3,3,5,3,0,0,1,0,0,0,0,0,13.2023,52.42307
7,7200308,2019,6,21,5,3,6,4,1,0,1,1,0,0,0,1,13.34844,52.48171
10,10300733,2019,5,7,6,3,2,6,0,0,1,0,0,0,0,0,13.55161,52.50938
11,11300724,2019,11,15,2,3,2,6,0,0,1,0,0,0,1,0,13.49071,52.51198
9,9100101,2019,6,16,5,3,5,2,0,1,1,0,0,0,0,1,13.45944,52.49288
7,7400720,2019,11,21,7,3,1,5,2,0,1,0,0,0,0,0,13.38587,52.47487
7,7400720,2019,8,20,6,2,0,1,2,1,0,0,0,0,0,0,13.38597,52.47992
7,7300619,2019,5,2,6,2,9,1,2,0,1,0,0,0,0,0,13.36171,52.47409
3,3601142,2019,10,17,2,3,2,6,1,0,1,0,0,0,1,0,13.41311,52.54723
1,1300836,2019,9,6,5,3,5,2,0,1,1,0,0,0,0,0,13.37016,52.53997
7,7200411,2019,6,11,5,3,1,5,0,0,1,0,0,0,1,0,13.35951,52.48944
6,6400735,2019,8,19,6,2,0,1,0,1,0,0,0,0,0,0,13.15661,52.41917
9,9100101,2019,5,8,6,3,0,2,0,0,1,0,0,0,1,0,13.45774,52.49166
2,2500729,2019,6,9,2,3,5,2,0,1,1,0,0,0,0,0,13.46029,52.51524
7,7501133,2019,9,16,4,3,5,2,0,1,1,0,0,0,0,0,13.38761,52.439
7,7300619,2019,12,7,3,3,2,6,0,0,1,0,0,0,0,1,13.35434,52.47334
1,1300836,2019,6,16,5,3,5,2,0,0,1,0,0,0,0,1,13.37029,52.5399
1,1401044,2019,8,20,6,3,2,6,0,0,1,0,0,0,0,0,13.36733,52.55173
6,6300629,2019,5,13,5,3,2,6,0,0,1,0,0,0,0,0,13.30348,52.44917
3,3701660,2019,11,18,3,3,3,6,2,0,1,0,1,0,0,1,13.43255,52.53557
3,3701657,2019,11,3,7,3,5,3,2,1,1,0,0,0,0,0,13.41424,52.5408
7,7300619,2019,8,20,6,3,0,1,0,0,0,0,1,0,0,0,13.34873,52.47318
7,7300619,2019,5,13,5,3,5,2,0,0,1,0,0,0,1,0,13.35414,52.47902
7,7501133,2019,5,13,5,2,3,6,0,0,1,0,0,1,0,0,13.38629,52.44001
7,7601442,2019,11,17,3,2,2,6,2,0,1,0,0,0,1,0,13.40007,52.41619
6,6400737,2019,6,14,4,3,2,6,0,0,1,0,0,0,0,0,13.19584,52.42228
1,1100310,2019,12,1,1,2,0,1,2,0,0,0,0,0,1,0,13.41472,52.52036
2,2200209,2019,8,23,6,3,0,7,2,1,0,0,0,0,0,0,13.38625,52.48864
6,6400737,2019,5,16,5,2,2,6,0,0,1,0,0,0,1,0,13.20997,52.42637
3,3400830,2019,10,17,3,2,5,3,0,1,1,0,0,0,0,0,13.42876,52.55833
12,12100103,2019,9,13,4,3,2,6,0,0,1,0,0,0,0,0,13.36048,52.57099
7,7501133,2019,8,12,6,3,0,7,0,0,1,0,0,0,0,0,13.38859,52.4364
3,3200206,2019,5,11,5,3,0,7,0,1,0,0,0,0,0,0,13.40231,52.59148
4,4300414,2019,9,14,7,3,5,2,0,1,1,0,0,0,0,1,13.2932,52.51063
1,1300836,2019,6,7,3,3,5,2,0,1,1,0,0,0,0,0,13.36855,52.54121
3,3601245,2019,9,10,3,3,6,6,0,1,0,1,0,0,0,0,13.42748,52.5446
2,2200208,2019,12,18,4,3,3,6,2,0,1,0,1,0,0,0,13.3835,52.49868
4,4200308,2019,6,9,4,3,3,6,0,0,1,0,0,0,0,0,13.28291,52.52856
5,5200528,2019,8,9,6,3,6,4,0,0,1,1,0,0,0,0,13.17824,52.51614
12,12100101,2019,5,12,5,3,5,3,0,1,1,0,0,0,0,0,13.36485,52.56144
1,1100207,2019,11,18,4,2,6,4,2,0,1,1,0,0,0,1,13.39557,52.51076
8,8100521,2019,11,13,7,3,2,2,0,0,1,0,0,0,0,0,13.45593,52.46456
4,4300414,2019,8,8,6,3,6,4,0,0,1,1,0,0,0,0,13.29472,52.51072
7,7300619,2019,5,12,5,3,5,2,0,0,1,0,1,0,0,0,13.35409,52.47905
2,2500729,2019,10,10,4,3,6,4,0,0,1,1,0,0,0,1,13.45678,52.51545
1,1100310,2019,9,9,3,3,6,4,0,0,1,1,0,0,0,1,13.42,52.525
1,1401044,2019,6,15,4,3,1,5,0,1,0,0,0,0,1,0,13.36923,52.54676
4,4200206,2019,8,15,6,2,5,3,0,1,1,0,0,0,0,0,13.25827,52.50852
3,3500936,2019,5,10,5,3,0,1,0,1,0,0,0,0,0,0,13.46286,52.55088
12,12100205,2019,11,12,6,3,5,2,0,1,1,0,0,0,0,0,13.34668,52.57928
7,7400927,2019,6,5,5,3,2,6,0,0,1,0,0,0,0,0,13.39095,52.46897
9,9100101,2019,9,18,3,2,6,4,0,1,0,1,0,0,0,1,13.45828,52.49229
9,9100101,2019,12,12,3,3,2,6,0,0,1,0,0,1,0,0,13.46208,52.49522
11,11300724,2019,6,16,3,3,3,6,0,0,1,0,0,0,0,0,13.49343,52.51172
7,7400823,2019,8,14,6,3,2,6,0,0,1,0,0,0,0,0,13.38478,52.46018
4,4200206,2019,10,16,5,3,2,6,2,0,1,0,0,0,0,0,13.24074,52.50743
3,3200206,2019,8,13,6,3,2,6,0,0,1,0,0,0,0,0,13.39906,52.57523
7,7200411,2019,9,13,6,3,0,2,0,0,1,0,0,0,1,1,13.35708,52.48678
1,1100310,2019,5,8,5,3,1,5,0,1,0,0,0,0,1,0,13.40814,52.52181
4,4400726,2019,10,22,4,3,3,6,2,0,1,0,0,0,1,1,13.28694,52.49435
2,2500729,2019,9,14,3,3,6,4,0,0,1,1,0,0,0,1,13.46125,52.515
7,7400823,2019,6,10,3,3,6,7,0,0,0,1,0,0,1,0,13.38468,52.46053
2,2200208,2019,8,17,5,3,5,2,0,1,1,0,0,0,0,0,13.38926,52.49749
2,2500729,2019,5,22,4,3,0,6,2,1,0,1,0,0,0,0,13.45253,52.51858
6,6300527,2019,11,17,7,3,6,2,2,0,1,1,0,0,0,0,13.28296,52.44184
3,3200206,2019,6,19,7,2,5,3,0,0,1,0,1,0,0,0,13.40279,52.59316
3,3701657,2019,12,8,4,3,0,4,0,0,0,1,0,0,1,0,13.42475,52.54033
3,3601141,2019,8,17,5,3,5,2,0,1,0,0,0,0,1,0,13.4146,52.55632
3,3400830,2019,5,18,4,2,5,3,0,1,1,0,0,0,0,0,13.42748,52.56337
1,1100310,2019,10,13,7,3,3,6,0,1,0,0,0,0,0,0,13.41895,52.52458
11,11300724,2019,9,14,3,3,5,3,0,1,1,0,0,0,0,1,13.48181,52.51307
3,3200204,2019,8,16,5,3,5,2,0,1,1,0,0,0,0,0,13.38133,52.63245
4,4300414,2019,5,17,4,3,2,7,0,1,1,0,0,0,0,0,13.30056,52.5111
4,4400727,2019,10,10,4,3,2,6,0,0,1,0,0,0,0,1,13.29294,52.49274
4,4200308,2019,6,7,5,3,3,6,0,0,1,0,0,1,0,1,13.28257,52.52837
4,4400830,2019,9,9,3,3,2,6,0,0,1,0,0,0,0,0,13.3013,52.48715
6,6300524,2019,12,8,6,3,5,3,0,1,1,0,0,0,0,0,13.24023,52.43322
2,2500729,2019,6,15,3,3,5,2,0,1,1,0,0,0,0,0,13.45373,52.51596
1,1100310,2019,5,5,4,3,0,1,1,0,1,0,0,0,1,1,13.40303,52.51912
1,1100206,2019,11,10,1,3,0,6,0,1,0,0,0,0,1,0,13.39704,52.51758
4,4200207,2019,6,16,3,3,2,6,0,0,1,0,0,0,0,0,13.25858,52.50854
12,12601032,2019,11,19,5,3,5,3,2,0,1,0,0,0,1,1,13.32463,52.60703
12,12200414,2019,8,15,5,3,2,6,0,0,1,0,0,0,0,0,13.31101,52.56023
4,4200310,2019,5,15,4,3,2,6,0,0,1,0,0,0,0,0,13.2616,52.50871
1,1401049,2019,10,20,1,3,2,6,2,0,1,0,0,0,0,0,13.36712,52.55177
11,11300724,2019,9,7,3,3,5,2,0,1,1,0,1,0,0,0,13.49401,52.51184
2,2400522,2019,6,8,3,2,3,6,0,1,0,0,0,0,0,0,13.44975,52.51631
3,3500934,2019,8,15,5,3,2,6,0,0,1,0,1,0,0,0,13.42991,52.55398
7,7400720,2019,5,15,4,3,3,6,0,0,1,0,1,0,0,0,13.38583,52.48344
4,4300621,2019,6,18,1,3,6,2,0,0,1,1,0,0,0,0,13.30506,52.51158
4,4300414,2019,9,15,3,3,6,4,0,0,1,1,0,0,0,1,13.29873,52.51098
7,7501133,2019,12,17,2,3,5,2,2,0,1,0,0,0,0,1,13.37638,52.43078
7,7601442,2019,6,9,3,2,1,5,0,0,1,0,0,0,0,0,13.39977,52.4173
1,1100102,2019,8,15,5,3,5,2,0,1,1,0,0,0,0,0,13.36836,52.50634
1,1100102,2019,4,18,3,3,2,6,0,0,1,0,0,0,0,0,13.3737,52.50918
1,1100207,2019,11,15,2,3,0,6,0,1,0,0,0,1,1,1,13.38835,52.51026
7,7100206,2019,8,11,5,3,3,6,0,0,1,0,1,0,0,0,13.36132,52.49613
9,9100203,2019,4,13,3,3,5,3,0,1,1,0,0,0,0,0,13.47943,52.4845
6,6400737,2019,10,3,2,3,0,7,2,0,1,0,0,0,0,0,13.22562,52.46065
12,12500824,2019,9,8,2,3,2,6,0,0,1,0,0,0,0,0,13.28414,52.59678
2,2500729,2019,6,8,3,3,5,2,0,1,0,0,0,0,1,0,13.45372,52.51874
4,4200308,2019,8,10,5,3,2,6,0,0,1,0,0,0,0,0,13.28238,52.52007
4,4100101,2019,4,7,3,3,2,6,0,0,1,0,0,0,0,0,13.31868,52.537
2,2500729,2019,11,15,4,3,5,2,1,1,1,0,0,0,1,1,13.46009,52.51511
11,11300724,2019,6,15,4,2,5,2,0,1,0,0,0,1,0,0,13.47704,52.51341
12,12100204,2019,9,21,2,2,6,4,2,0,1,1,0,0,0,0,13.36427,52.56335
7,7200308,2019,12,8,2,3,2,6,0,0,1,0,0,1,1,0,13.34147,52.47863
12,12100103,2019,8,8,5,3,5,2,0,0,1,0,1,0,0,0,13.35998,52.57196
6,6300629,2019,10,12,4,3,2,6,0,0,1,0,0,0,0,0,13.30885,52.45117
11,11300724,2019,9,20,2,2,0,1,2,0,0,0,1,0,0,0,13.47673,52.51344
2,2500729,2019,8,7,5,3,5,3,0,1,1,0,0,0,0,0,13.46581,52.51468
2,2200209,2019,4,7,3,3,0,2,0,1,1,0,0,0,0,0,13.38605,52.48585
6,6300629,2019,10,13,3,3,2,6,0,0,1,0,0,1,0,1,13.28324,52.44213
3,2400520,2019,9,16,2,3,3,6,0,1,1,0,0,0,0,0,13.42302,52.52748
12,12100205,2019,6,19,3,3,5,3,1,0,1,0,0,0,0,0,13.3469,52.579
3,3701657,2019,8,19,4,2,6,4,0,1,0,1,0,0,0,0,13.42371,52.53915
3,3601452,2019,4,17,3,3,5,2,0,1,1,0,0,0,0,0,13.44576,52.52839
10,10100206,2019,11,5,6,2,5,3,2,0,1,0,0,0,0,0,13.55818,52.56276
4,4400726,2019,10,11,3,2,0,1,0,0,0,0,1,0,0,0,13.28747,52.49427
7,7601442,2019,9,16,2,2,5,3,0,0,1,0,1,0,0,1,13.40627,52.40522
4,4200206,2019,6,7,2,3,2,6,0,0,1,0,0,0,0,0,13.24947,52.50798
7,7601442,2019,8,14,4,3,2,6,0,0,1,0,0,0,0,1,13.40066,52.41516
5,5200633,2019,4,19,3,3,2,7,0,1,1,0,0,0,0,0,13.18659,52.51513
2,2500729,2019,11,17,4,3,6,4,2,0,1,1,0,0,0,1,13.46161,52.51496
1,1200624,2019,6,9,5,3,2,1,0,0,1,0,0,0,0,0,13.36906,52.52878
4,4200311,2019,9,10,2,3,5,2,0,1,0,0,0,1,0,0,13.28162,52.50991
7,7200411,2019,12,18,2,3,5,3,2,1,1,0,0,0,0,1,13.35721,52.48693
1,1100206,2019,8,9,4,3,3,2,0,0,1,0,1,0,0,0,13.37667,52.51626
10,10100210,2019,10,19,4,3,2,7,2,0,1,0,0,0,0,0,13.54245,52.54369
8,8200622,2019,8,6,4,3,3,6,1,0,1,0,1,0,0,0,13.45041,52.46397
3,3701657,2019,9,18,6,3,2,6,0,0,1,0,0,0,0,1,13.42347,52.53919
7,7300619,2019,4,20,2,3,3,6,1,0,1,0,0,0,0,0,13.34928,52.47487
11,11300724,2019,10,17,3,3,3,6,1,0,1,0,0,1,0,1,13.48541,52.51257
4,4100101,2019,9,13,2,3,8,1,0,0,1,0,0,0,0,0,13.29067,52.53314
1,1100104,2019,6,21,2,3,0,1,2,1,0,0,0,0,0,0,13.36545,52.50281
1,1100102,2019,8,15,4,3,5,2,0,1,1,0,0,0,0,0,13.36835,52.50632
3,3500934,2019,4,18,2,3,6,4,0,1,0,1,0,0,0,0,13.4302,52.55216
2,2500729,2019,11,1,7,3,5,3,2,0,1,0,0,0,0,0,13.45378,52.51578
5,5200528,2019,6,19,2,3,2,6,0,0,1,0,0,0,0,0,13.15825,52.50194
1,1100102,2019,9,9,2,2,5,2,0,1,1,0,0,0,0,1,13.36974,52.51582
4,4100101,2019,12,15,4,3,2,6,0,0,1,0,0,0,0,0,13.32783,52.53857
7,7400720,2019,8,12,3,3,2,6,0,0,1,0,0,0,1,0,13.38552,52.47047
3,3701657,2019,4,9,2,3,0,2,0,0,1,0,0,0,1,1,13.42406,52.53909
7,7400822,2019,10,19,6,3,2,6,2,0,1,0,0,0,0,0,13.36578,52.47266
10,10100312,2019,9,11,1,3,3,6,0,1,1,0,0,0,0,0,13.5367,52.53263
2,2400521,2019,8,9,3,3,3,2,0,0,0,0,1,1,0,0,13.4291,52.51863
1,1100310,2019,4,11,2,3,5,3,0,1,0,0,0,1,0,1,13.40926,52.51681
7,7300619,2019,10,13,3,3,5,7,0,0,1,0,0,0,0,1,13.35467,52.47844
2,2500729,2019,6,17,4,2,3,6,0,1,0,0,0,0,0,0,13.47165,52.51395
4,4200207,2019,9,16,1,3,2,6,0,0,1,0,0,0,0,0,13.26889,52.49563
1,1300836,2019,12,22,4,3,6,4,2,0,1,1,0,0,0,0,13.37055,52.53999
3,3601449,2019,6,23,2,3,5,3,2,1,1,0,0,0,0,1,13.43871,52.54126
8,8200622,2019,4,11,2,3,3,6,0,0,1,0,0,0,1,1,13.44862,52.46353
2,2200208,2019,11,15,7,3,3,6,0,0,1,0,1,0,0,1,13.38905,52.4949
2,2500729,2019,6,13,2,2,6,4,0,1,0,1,0,0,0,0,13.46391,52.51487
1,1100102,2019,11,18,4,3,5,3,2,1,0,0,1,0,0,1,13.36009,52.51509
7,7601236,2019,8,7,3,3,5,3,0,1,1,0,0,0,0,0,13.36684,52.41785
12,12100205,2019,4,22,7,2,5,2,2,0,1,0,1,0,0,0,13.34765,52.57438
3,3601141,2019,10,18,7,2,5,2,2,0,1,0,1,0,0,0,13.41374,52.55064
7,7400720,2019,9,14,1,3,3,6,0,0,1,0,0,0,0,0,13.38569,52.47699
12,12100103,2019,6,16,2,3,1,5,0,1,1,0,0,0,1,0,13.35952,52.57309
3,3601449,2019,8,15,3,3,5,3,0,1,1,0,0,0,0,0,13.44226,52.5439
7,7601442,2019,4,17,7,3,2,6,0,0,1,0,0,0,0,0,13.40356,52.41003
3,3601142,2019,6,15,7,3,0,1,0,1,0,0,0,0,0,0,13.4134,52.54706
1,1100311,2019,9,23,1,3,6,4,2,0,1,1,0,0,0,1,13.42283,52.52021
4,4100101,2019,12,12,1,2,2,6,0,0,1,0,0,0,0,1,13.2892,52.53284
4,4200310,2019,6,9,2,2,5,3,0,1,0,0,0,1,0,0,13.27105,52.50928
4,4200311,2019,8,15,3,3,5,2,0,0,1,0,0,0,0,0,13.28178,52.51009
4,4300621,2019,11,10,2,3,6,7,0,0,1,1,0,0,0,1,13.30477,52.51156
11,11300724,2019,8,15,3,3,5,2,0,1,0,0,0,1,0,0,13.47698,52.51356
3,3400830,2019,4,11,6,3,5,3,0,1,1,0,0,0,0,0,13.41357,52.5586
10,10100206,2019,10,11,1,2,5,3,0,0,1,0,0,0,1,0,13.55829,52.56289
4,4200308,2019,9,14,7,3,2,6,0,0,1,0,0,0,0,0,13.2813,52.52375
2,2500726,2019,6,8,2,3,5,2,0,1,0,0,0,1,0,0,13.44737,52.52647
7,7400720,2019,8,15,2,3,0,7,0,1,0,0,0,0,0,0,13.38605,52.4831
4,4200310,2019,4,19,6,2,6,4,0,1,0,1,0,0,0,0,13.27188,52.50897
2,2500729,2019,11,10,3,3,5,2,0,1,1,0,0,0,0,0,13.46026,52.51524
1,1100206,2019,6,18,3,3,0,6,0,1,0,0,0,0,1,0,13.38154,52.51668
3,3701660,2019,9,12,7,3,2,6,0,0,1,0,0,0,1,0,13.43046,52.53415
2,2100101,2019,12,1,7,3,2,6,2,0,1,0,0,0,0,1,13.37767,52.50103
7,7200411,2019,8,19,2,3,0,6,0,0,1,0,1,0,0,0,13.3551,52.48545
2,2200208,2019,10,10,3,3,2,2,0,1,0,0,0,0,1,0,13.38927,52.49745
4,4200308,2019,9,12,7,2,2,6,0,0,1,0,0,0,0,0,13.28303,52.52874
1,1300836,2019,8,15,2,3,5,2,0,1,1,0,0,0,0,0,13.3699,52.5418
2,2200208,2019,4,20,6,3,3,6,1,0,1,0,0,0,0,0,13.38921,52.49668
4,4400725,2019,10,12,2,3,2,6,0,0,1,0,0,0,1,0,13.28108,52.49929
3,3701660,2019,6,22,1,3,0,7,2,1,0,0,0,0,0,0,13.42518,52.52925
3,3701657,2019,9,20,7,3,0,6,1,0,1,0,1,0,0,0,13.41596,52.54057
10,10400940,2019,6,13,2,3,5,3,0,1,1,0,0,0,0,0,13.61762,52.50467
6,6400735,2019,4,12,6,3,0,5,0,1,1,0,0,0,0,0,13.16088,52.41965
4,4200308,2019,11,13,5,2,2,6,0,0,1,0,0,0,0,0,13.28294,52.5286
9,9100101,2019,6,12,1,3,5,2,0,1,1,0,0,0,0,0,13.45776,52.49165
4,4100101,2019,12,15,2,3,2,6,1,0,1,0,0,1,0,1,13.29587,52.54117
10,10100206,2019,8,12,2,3,5,3,0,0,1,0,0,0,0,0,13.55832,52.56293
1,1100102,2019,4,10,5,2,5,2,0,1,0,0,1,0,0,0,13.37164,52.51948
7,6100209,2019,10,14,4,2,0,6,0,0,1,0,0,0,0,0,13.33537,52.46522
10,10300733,2019,9,12,7,3,2,6,0,0,1,0,0,0,0,0,13.55842,52.50871
7,7501133,2019,8,12,2,3,3,6,0,0,1,0,0,1,0,0,13.38007,52.43739
4,4501148,2019,4,18,5,3,3,6,0,0,1,0,0,1,0,0,13.30921,52.48206
1,1100310,2019,9,4,1,3,5,3,2,0,1,0,0,0,1,1,13.41989,52.52491
1,1100206,2019,6,9,4,3,3,2,0,0,1,0,1,1,0,0,13.3767,52.51615
7,7400720,2019,9,0,7,3,0,7,2,0,0,0,0,0,1,0,13.38604,52.48207
3,3400723,2019,12,9,6,3,1,5,0,0,1,0,0,1,0,0,13.40689,52.56491
6,6400735,2019,6,15,1,3,1,5,0,1,1,0,0,0,0,0,13.16784,52.4206
1,1100310,2019,8,11,1,3,1,5,0,1,1,0,0,0,0,0,13.40346,52.51939
3,3500936,2019,4,17,5,3,1,5,0,1,1,0,0,0,0,0,13.45565,52.54939
1,1100310,2019,11,23,6,3,5,7,2,0,1,0,0,0,1,1,13.40324,52.51925
3,3400830,2019,9,19,7,3,5,3,1,1,1,0,0,0,0,0,13.40784,52.564
7,7601236,2019,11,12,3,3,2,2,0,0,1,0,0,0,0,0,13.36194,52.41361
1,1401044,2019,8,15,7,3,5,2,0,0,1,0,0,0,0,0,13.36737,52.55166
1,1100102,2019,4,17,5,3,5,2,0,0,1,0,1,0,0,0,13.36914,52.50714
11,11400931,2019,10,7,5,3,0,7,1,1,1,0,0,0,0,1,13.51635,52.51002
4,4300621,2019,9,16,7,3,5,2,0,0,1,0,0,0,1,0,13.30772,52.51176
4,4300622,2019,6,15,1,2,3,6,0,0,1,0,1,0,0,0,13.32314,52.51253
4,4300414,2019,6,14,1,3,3,6,0,1,0,0,0,0,0,0,13.29835,52.51114
7,7300619,2019,12,20,3,3,2,6,2,0,1,0,0,0,0,1,13.35569,52.47774
3,3701660,2019,8,21,7,3,0,7,1,0,0,0,1,0,0,1,13.4244,52.52892
2,2200208,2019,4,15,5,3,5,2,0,1,1,0,0,0,0,0,13.38927,52.49747
7,7601442,2019,10,17,5,2,6,7,0,0,1,1,0,0,0,0,13.40049,52.41603
4,4300414,2019,9,15,7,3,6,4,0,1,0,1,0,0,0,0,13.30134,52.51134
2,2400625,2019,8,3,7,2,0,4,2,0,0,1,1,0,0,1,13.44873,52.50523
4,4300621,2019,4,16,5,2,5,2,0,1,1,0,0,0,0,0,13.31463,52.51202
2,2500833,2019,9,18,2,3,3,6,1,1,0,0,0,0,0,0,13.45132,52.50918
1,1100102,2019,6,9,4,3,5,3,0,1,1,0,0,0,0,0,13.37387,52.5092
6,6300527,2019,9,16,6,3,0,2,0,1,1,0,0,0,0,0,13.26058,52.43498
3,3400830,2019,12,12,7,3,3,6,0,0,0,0,0,1,1,0,13.42848,52.57036
6,6300527,2019,6,0,1,3,1,1,2,0,1,0,0,0,0,0,13.26285,52.43492
3,3601142,2019,4,15,5,3,6,4,0,1,0,1,0,0,0,0,13.41304,52.5457
2,2500729,2019,11,23,6,3,5,2,2,1,1,0,0,0,0,1,13.45377,52.51572
3,3701660,2019,11,17,3,3,2,6,2,0,1,0,0,0,0,0,13.43226,52.53532
7,7300619,2019,8,15,6,3,5,2,0,0,1,0,0,0,0,0,13.35417,52.47899
10,10100210,2019,4,9,5,3,6,4,0,0,1,1,0,0,0,0,13.54808,52.55067
1,1100206,2019,10,16,5,3,4,7,0,1,0,0,0,0,1,0,13.39561,52.51749
4,4300414,2019,9,14,6,3,5,3,0,0,1,0,0,0,0,0,13.29993,52.51125
3,3701657,2019,6,12,1,2,5,7,0,0,1,0,0,0,1,0,13.42664,52.53852
11,11300724,2019,8,18,5,3,6,4,0,0,1,1,0,0,0,0,13.47752,52.51351
2,2100101,2019,4,14,4,3,0,2,0,0,1,1,0,0,0,0,13.38864,52.49816
4,4300622,2019,6,12,6,3,6,7,0,0,1,1,0,0,0,0,13.31814,52.51225
5,5200634,2019,9,14,6,3,2,6,0,0,1,0,0,0,1,0,13.20304,52.51181
11,11300724,2019,12,21,7,3,2,6,2,0,1,0,0,0,0,1,13.48764,52.51248
7,7200411,2019,6,19,7,3,1,5,0,1,0,0,0,0,1,0,13.35763,52.48738
7,7400823,2019,8,17,5,3,0,6,0,0,1,0,0,0,1,0,13.385,52.46193
2,2500726,2019,4,18,4,3,5,3,0,1,1,0,0,0,0,0,13.44776,52.52655
4,4300621,2019,11,13,1,3,2,6,0,0,1,0,0,0,1,1,13.30848,52.51161
2,2400625,2019,8,15,5,3,0,6,0,1,0,1,0,0,0,0,13.4474,52.5034
6,6400737,2019,4,18,4,3,5,3,0,1,1,0,0,0,0,0,13.2023,52.42307
4,4400726,2019,10,11,6,3,2,6,0,0,1,0,0,0,1,0,13.28376,52.49654
12,12400723,2019,9,8,6,3,5,3,0,1,1,0,0,0,0,0,13.31334,52.62088
7,7400720,2019,6,13,7,3,2,6,0,0,1,0,0,0,0,0,13.38553,52.47072
1,1100102,2019,8,15,5,3,5,3,0,1,1,0,0,0,0,0,13.36883,52.50719
3,3100101,2019,4,17,4,3,2,6,0,0,1,0,0,0,0,0,13.44841,52.61107
10,10100312,2019,11,15,2,3,1,5,1,0,1,0,1,0,0,1,13.5367,52.53259
7,7400720,2019,6,20,3,3,1,5,0,1,1,0,0,0,0,0,13.38562,52.47442