BEZ,LOR_ab_2021,UJAHR,UMONAT,USTUNDE,UWOCHENTAG,UKATEGORIE,UART,UTYP1,ULICHTVERH,IstRad,IstPKW,IstFuss,IstKrad,IstGkfz,IstSonstige,USTRZUSTAND,XGCSWGS84,YGCSWGS84
11,11401034,2019,9,16,6,3,3,6,0,0,1,0,1,0,0,0,13.53166,52.51035
12,12100204,2019,12,19,6,3,6,2,2,0,1,1,0,0,0,1,13.3642,52.56369
1,1300836,2019,8,8,5,3,2,2,0,0,1,0,0,0,0,0,13.36989,52.54179
7,7400823,2019,4,14,4,3,6,4,0,0,1,1,0,0,0,0,13.38397,52.45495
2,2500729,2019,10,17,2,3,6,4,2,0,1,1,0,0,0,1,13.47494,52.51361
7,7400928,2019,9,6,5,3,3,6,2,0,1,0,0,1,0,0,13.41191,52.46095
7,7501133,2019,8,10,5,3,5,3,0,1,1,0,0,0,0,0,13.37767,52.43352
10,10100103,2019,4,15,4,2,6,4,0,0,1,1,0,0,0,0,13.56726,52.57252
6,6300629,2019,10,18,7,3,2,6,1,0,1,0,0,0,0,0,13.30496,52.44976
7,7400927,2019,6,23,7,3,3,6,2,0,1,0,0,0,0,0,13.39797,52.46618
7,7200308,2019,9,16,5,3,2,6,0,0,1,0,0,0,0,0,13.34837,52.48174
1,1200624,2019,6,21,7,3,2,6,1,0,1,0,0,0,0,0,13.36364,52.53521
6,6400735,2019,4,9,4,3,5,2,0,0,1,0,0,0,0,0,13.1754,52.41997
1,1200624,2019,11,7,4,3,2,6,0,0,1,0,0,0,0,0,13.3693,52.52878
12,12200414,2019,6,12,7,3,0,7,0,0,1,0,0,0,0,0,13.30488,52.55295
4,4200308,2019,12,18,1,3,3,6,2,0,1,0,0,1,0,0,13.28248,52.52822
2,2400521,2019,8,7,5,3,1,6,0,0,1,0,0,0,0,0,13.42753,52.51868
2,2500729,2019,4,8,4,2,0,2,0,1,1,0,0,0,0,0,13.46093,52.51517
7,7300619,2019,10,8,3,3,2,6,0,0,1,0,1,0,0,0,13.34735,52.47633
1,1100310,2019,9,15,5,3,3,6,0,0,1,0,0,0,0,0,13.41246,52.51924
2,2400521,2019,7,11,4,2,0,7,0,1,0,0,0,0,0,0,13.43849,52.51744
7,7300619,2019,4,11,3,2,2,6,0,0,1,0,0,1,0,0,13.35192,52.47408
4,4501148,2019,9,14,7,3,2,6,0,0,1,0,0,0,0,1,13.31421,52.47934
3,3500936,2019,6,9,3,3,3,6,0,1,0,0,0,0,1,0,13.44928,52.54766
6,6300629,2019,9,13,5,2,0,7,0,1,0,0,0,0,0,0,13.28608,52.44299
9,9100305,2019,12,14,6,3,3,6,0,0,1,0,0,0,1,1,13.48535,52.47303
1,1100207,2019,6,1,7,3,2,6,2,0,1,0,0,0,0,0,13.40437,52.51298
1,1100102,2019,7,22,4,3,5,2,2,1,1,0,0,0,0,1,13.36835,52.50632
4,4400830,2019,4,10,3,3,2,6,0,0,1,0,0,0,0,0,13.30455,52.48451
11,11300724,2019,11,7,4,2,5,2,0,1,1,0,0,0,0,1,13.49411,52.51183
5,5200528,2019,11,14,1,3,5,3,0,0,1,0,1,0,0,0,13.18009,52.51644
2,2500729,2019,7,14,4,3,0,6,0,1,0,0,0,0,0,0,13.47056,52.51406
3,2400520,2019,4,5,3,2,6,7,0,0,1,0,0,0,1,0,13.42207,52.52673
2,2500729,2019,10,10,4,3,6,7,0,0,0,1,0,0,1,1,13.47404,52.51385
2,2400522,2019,9,9,5,3,3,6,0,1,0,0,0,0,0,0,13.4432,52.51697
7,7501133,2019,5,6,6,3,5,3,0,0,1,0,0,0,0,0,13.38732,52.44017
4,4200311,2019,7,13,4,3,5,2,0,1,0,0,0,1,0,0,13.282,52.50994
6,6300527,2019,4,11,3,3,5,7,0,1,1,0,0,0,0,0,13.26394,52.43518
9,9100101,2019,6,20,5,3,6,4,0,1,0,1,0,0,0,0,13.45841,52.49238
7,7400928,2019,9,6,5,3,2,6,0,0,1,0,0,0,1,1,13.4151,52.46077
3,3701660,2019,12,7,4,3,6,2,0,0,1,1,0,0,0,0,13.42918,52.53305
4,4300621,2019,5,13,6,3,5,2,0,1,1,0,0,0,0,0,13.31153,52.51181
1,1100310,2019,7,18,3,3,6,6,0,0,0,1,0,0,1,0,13.41687,52.52217
4,4501148,2019,11,5,6,3,5,2,2,0,1,0,0,0,0,0,13.3191,52.4782
1,1100102,2019,7,23,3,3,5,3,2,1,0,0,0,0,1,0,13.37367,52.50918
1,1401049,2019,9,17,6,3,2,6,0,0,1,0,0,0,0,1,13.36574,52.5556
1,1100102,2019,4,11,3,3,2,6,0,0,1,0,1,0,0,0,13.37229,52.50501
4,4300414,2019,10,0,5,3,5,3,2,0,1,0,0,0,0,1,13.30149,52.51135
11,11401032,2019,9,5,5,3,2,6,2,0,1,0,0,1,0,1,13.50519,52.51073
3,3400830,2019,5,19,6,2,1,5,1,1,1,0,0,0,0,1,13.41206,52.55983
3,3400723,2019,7,22,3,3,3,2,2,0,1,0,1,0,0,0,13.40336,52.56938
1,1200624,2019,4,14,3,3,2,6,0,0,1,0,0,0,1,0,13.36553,52.53328
7,7400823,2019,11,11,1,3,2,2,0,0,1,0,0,0,0,1,13.3855,52.46942
12,12100205,2019,6,23,7,3,2,7,2,0,0,0,0,0,1,0,13.35357,52.57368
7,7501030,2019,9,11,4,3,2,7,0,0,1,0,1,0,0,0,13.38129,52.43879
1,1401044,2019,12,17,5,3,2,6,2,0,1,0,0,0,1,0,13.36736,52.55141
3,3601142,2019,7,10,3,3,5,2,0,1,1,0,0,0,0,0,13.41232,52.5411
3,3200206,2019,4,15,3,3,5,2,0,1,1,0,0,0,0,0,13.40257,52.59237
12,12100103,2019,7,12,3,3,9,1,0,0,1,0,0,0,0,0,13.35923,52.57314
7,7601442,2019,4,16,3,3,6,4,0,0,1,1,0,0,0,0,13.40026,52.41644
1,1100102,2019,6,16,5,3,2,6,0,0,1,0,1,0,0,0,13.36349,52.51542
7,7501030,2019,9,9,4,3,3,6,0,0,1,0,0,1,0,0,13.38474,52.45075
2,2400521,2019,12,6,6,3,2,2,2,1,1,0,0,0,0,2,13.43651,52.51764
12,12100103,2019,5,19,6,2,9,1,0,0,1,0,0,0,0,1,13.35918,52.57316
3,3500936,2019,7,22,2,3,1,5,2,1,1,0,0,0,0,1,13.45146,52.54833
9,9100306,2019,11,19,6,2,3,6,2,0,1,0,0,1,0,1,13.47633,52.4442
1,1100310,2019,7,19,2,3,0,6,0,1,1,0,0,0,0,1,13.41591,52.52221
4,4100101,2019,4,16,3,3,2,6,0,0,1,0,0,0,0,0,13.28441,52.53051
7,7501133,2019,10,1,6,2,5,3,2,0,1,0,0,0,0,1,13.3761,52.43019
7,7400822,2019,9,8,4,3,2,6,0,0,1,0,0,0,0,0,13.36655,52.4723
2,2500729,2019,5,12,6,3,5,2,0,1,1,0,0,0,0,0,13.46754,52.51451
1,1300836,2019,7,19,2,3,5,2,0,1,1,0,0,0,0,1,13.36982,52.54322
9,9100409,2019,4,3,2,3,9,1,2,0,1,0,0,0,0,0,13.50513,52.43023
7,7400927,2019,11,18,2,3,2,6,2,0,1,0,0,0,0,1,13.39526,52.46704
9,9200613,2019,6,16,1,3,2,6,0,0,0,0,1,0,0,0,13.51175,52.45508
1,1100207,2019,9,7,4,3,2,6,0,0,0,0,1,1,0,0,13.40191,52.51158
7,7300619,2019,12,7,6,3,2,6,1,0,1,0,0,0,0,1,13.35399,52.47913
7,7300619,2019,7,19,2,3,5,3,0,0,1,0,0,0,1,1,13.34703,52.4766
3,3400723,2019,4,10,7,3,0,2,0,0,1,0,0,0,1,0,13.40338,52.56939
7,7501133,2019,10,6,2,3,0,3,1,1,0,0,0,0,0,1,13.37719,52.4325
9,9100101,2019,9,8,3,3,2,6,0,0,1,0,0,0,0,0,13.45911,52.49289
6,6300527,2019,7,16,2,3,0,5,0,1,1,0,0,0,0,0,13.25773,52.43565
2,2500729,2019,4,12,6,3,6,6,0,1,0,1,0,0,0,0,13.45716,52.51557
7,7501133,2019,10,17,6,3,5,3,1,0,1,0,0,0,0,1,13.3783,52.43483
4,4200310,2019,6,15,6,3,5,2,0,0,1,0,0,0,0,0,13.27139,52.50942
3,3400830,2019,9,16,3,3,5,2,0,1,1,0,0,0,0,0,13.41374,52.55769
4,4200310,2019,5,14,5,3,2,6,0,0,1,0,0,0,0,0,13.26021,52.50863
4,4200311,2019,4,10,6,3,2,6,0,0,0,0,1,0,0,0,13.28165,52.51008
1,1100207,2019,11,22,2,3,3,6,2,0,1,0,0,0,0,0,13.38847,52.51027
1,1100310,2019,5,4,5,3,5,3,1,1,1,0,0,0,0,0,13.41988,52.5249
12,12500824,2019,11,12,7,3,2,6,0,0,1,0,0,0,0,0,13.28709,52.59247
4,4200308,2019,7,14,2,3,3,6,0,0,1,0,0,0,0,0,13.28178,52.5219
7,7501133,2019,4,14,6,3,2,2,0,0,0,0,0,0,1,0,13.37831,52.43485
7,7601236,2019,10,16,3,2,1,5,0,0,1,0,1,0,0,0,13.36393,52.41421
1,1100102,2019,9,15,3,3,2,2,0,0,0,0,1,1,0,0,13.37305,52.50913
9,9200613,2019,7,13,2,3,2,6,0,0,1,0,1,0,0,0,13.50308,52.46124
5,5200634,2019,4,15,6,3,0,1,0,0,0,0,1,0,0,0,13.21195,52.51002
1,1100310,2019,9,17,6,2,6,7,0,0,0,1,0,0,1,0,13.40351,52.51925
2,2500833,2019,6,19,2,3,1,5,0,1,1,0,0,0,0,0,13.45189,52.51145
10,10400837,2019,9,11,3,3,0,7,0,0,1,0,0,0,0,0,13.58903,52.50499
2,2500833,2019,12,19,3,3,1,5,2,1,1,0,0,0,1,0,13.45257,52.51191
11,11401032,2019,5,20,4,3,2,7,0,0,1,0,0,0,1,0,13.50284,52.51093
1,1100310,2019,7,10,2,3,5,3,0,0,1,0,0,0,1,0,13.41123,52.51879
7,7300619,2019,4,10,5,3,3,6,0,0,1,0,0,0,0,0,13.35317,52.47629
1,1100102,2019,11,12,4,3,5,7,0,0,1,0,0,0,0,1,13.3692,52.50725
7,7501133,2019,11,13,7,2,6,7,0,0,1,1,0,0,0,0,13.39236,52.42978
6,6100209,2019,7,11,2,2,2,7,0,0,1,0,0,0,0,0,13.32846,52.46058
3,3601141,2019,4,20,5,3,0,6,0,0,0,0,0,0,1,0,13.41369,52.55039
11,11401032,2019,10,9,3,3,6,2,0,0,1,1,0,0,0,0,13.50446,52.51065
12,12100204,2019,9,9,3,3,1,7,0,0,1,1,0,0,1,0,13.36406,52.56449
2,2500729,2019,5,22,4,3,3,6,2,0,1,0,1,0,0,0,13.45923,52.5152
7,7400720,2019,7,8,2,3,0,7,0,1,0,0,0,0,0,0,13.38587,52.47485
2,2500726,2019,4,22,5,3,5,2,2,0,1,0,0,0,1,0,13.44748,52.52635
7,7601544,2019,11,18,5,3,3,6,2,0,1,0,0,0,0,1,13.40733,52.39015
7,7400927,2019,6,14,5,3,2,6,0,0,1,0,0,0,0,0,13.38613,52.46968
4,4200310,2019,9,12,3,3,0,3,0,1,1,0,0,0,0,0,13.27777,52.50967
4,4300621,2019,12,20,3,3,5,3,2,1,1,0,0,0,0,1,13.30744,52.51174
10,10100206,2019,7,8,1,2,9,1,0,0,1,0,0,0,0,0,13.558,52.56251
2,2200209,2019,10,4,5,3,8,1,2,0,1,0,0,0,0,0,13.38609,52.48663
6,6100103,2019,7,23,1,3,0,7,2,0,1,0,0,0,0,0,13.31231,52.46589
2,2200209,2019,9,15,6,3,2,6,0,0,1,0,0,0,0,1,13.38607,52.48637
6,6300527,2019,4,18,5,3,0,1,0,0,0,0,1,0,0,0,13.24182,52.43355
4,4400725,2019,10,9,4,3,2,6,0,0,1,0,0,0,0,0,13.28146,52.49884
4,4200310,2019,9,12,3,3,0,3,0,1,1,0,0,0,0,0,13.27776,52.50966
1,1401049,2019,5,21,4,3,2,6,0,0,1,0,0,0,1,0,13.36575,52.55552
2,2500729,2019,7,19,1,3,5,2,0,0,1,0,0,0,0,0,13.45423,52.5157
2,2500726,2019,4,10,5,3,6,4,0,1,0,1,0,0,0,0,13.45004,52.5226
1,1100102,2019,11,16,7,2,0,3,1,1,0,0,0,0,1,0,13.37057,52.50877
9,9100101,2019,6,18,7,2,3,6,0,0,1,0,0,0,0,0,13.47423,52.48838
12,12100101,2019,12,11,4,3,3,6,0,0,1,0,1,0,0,0,13.36487,52.56132
5,5400943,2019,7,18,1,2,5,3,0,1,1,0,0,0,0,0,13.12628,52.47857
2,2200208,2019,4,9,5,3,1,5,0,0,1,0,0,0,1,0,13.38447,52.4986
7,7501133,2019,10,17,6,3,5,3,0,0,1,0,0,0,0,0,13.37552,52.42896
1,1100104,2019,9,15,2,3,0,7,0,1,0,0,0,0,0,1,13.36671,52.5042
4,4200206,2019,7,23,7,3,5,2,2,0,1,0,1,0,0,0,13.25815,52.50851
9,9200613,2019,4,10,5,2,5,3,0,1,1,0,0,0,0,0,13.51311,52.45416
3,3200206,2019,10,8,4,3,2,7,1,1,1,0,0,0,0,1,13.40252,52.586
10,10300733,2019,6,7,5,2,5,2,0,1,1,0,0,0,0,0,13.55339,52.50935
1,1300836,2019,9,11,2,3,5,2,0,0,1,0,0,0,0,1,13.36838,52.54108
7,7601544,2019,12,14,5,3,1,5,0,0,1,0,0,0,1,1,13.40736,52.38951
2,2500729,2019,5,10,4,3,2,6,0,0,1,0,1,0,0,0,13.47378,52.51387
1,1400940,2019,4,17,5,3,2,6,0,0,1,0,0,0,0,0,13.36551,52.55795
1,1200624,2019,11,5,1,3,8,1,2,0,1,0,0,0,1,1,13.36443,52.5344
4,4300622,2019,5,11,4,3,5,7,0,1,1,0,0,0,0,0,13.32569,52.51293
3,3400723,2019,11,18,5,3,5,2,2,1,1,0,0,0,0,1,13.40338,52.56939
4,4300414,2019,7,22,7,2,0,1,2,1,0,0,0,0,0,0,13.29922,52.5112
10,10100311,2019,4,7,4,2,5,2,0,0,1,0,1,0,1,0,13.54028,52.51
3,3200206,2019,10,14,1,3,5,2,0,1,1,0,0,0,0,0,13.40169,52.58995
4,4200311,2019,9,23,2,3,9,1,2,0,1,0,0,0,0,1,13.28029,52.50167
4,4200311,2019,5,17,4,3,3,6,0,0,1,0,0,0,0,0,13.27853,52.50988
2,2400522,2019,7,10,7,3,3,6,0,1,1,0,0,0,0,0,13.45196,52.51609
5,5200528,2019,4,11,4,3,2,6,0,0,1,0,0,0,1,0,13.18175,52.5161
2,2200208,2019,10,20,7,3,0,7,2,0,0,0,1,0,0,0,13.38792,52.49347
7,7300619,2019,9,21,2,3,5,3,2,0,1,0,0,1,0,1,13.35911,52.47434
3,3601141,2019,7,10,7,3,2,6,0,0,1,0,1,0,0,0,13.41373,52.55057
4,4200206,2019,4,12,4,3,2,6,0,0,1,0,0,0,0,0,13.24538,52.50772
1,1300836,2019,10,6,4,3,2,6,2,0,1,0,0,0,1,1,13.36889,52.53906
1,1300836,2019,6,8,6,3,5,2,0,1,1,0,0,0,0,0,13.37019,52.53996
4,4200311,2019,9,19,2,3,5,3,2,0,1,0,0,1,0,1,13.28512,52.51097
3,3200206,2019,12,7,7,3,4,6,0,0,1,0,0,0,0,0,13.40181,52.58696
3,3400830,2019,5,13,4,3,5,2,0,0,1,0,0,0,1,0,13.41346,52.55867
7,7400927,2019,4,13,4,3,3,6,0,0,1,0,0,1,0,0,13.40675,52.46202
12,12400618,2019,11,14,1,3,2,6,0,0,1,0,0,0,0,0,13.24801,52.61438
7,7400927,2019,5,15,4,2,9,1,0,0,0,0,1,0,0,0,13.41052,52.46003
7,7400823,2019,11,13,7,2,0,1,0,0,0,0,1,0,0,1,13.38343,52.46963
9,9200613,2019,7,0,7,2,5,3,2,1,0,0,1,0,0,0,13.51318,52.45411
12,12100204,2019,4,14,4,3,0,2,0,1,0,0,0,0,1,0,13.36442,52.56373
4,4300414,2019,10,13,2,3,2,6,0,1,1,0,0,0,0,0,13.29446,52.51089
4,4200310,2019,9,15,2,3,4,1,0,0,1,0,0,0,0,1,13.26002,52.50862
7,7501133,2019,5,7,4,3,5,3,0,1,0,0,0,0,0,0,13.39271,52.42977
1,1100310,2019,7,23,6,2,0,7,2,0,0,0,1,0,1,0,13.40291,52.51896
1,1100102,2019,4,15,4,3,2,6,0,0,1,0,0,0,1,0,13.37228,52.50501
3,3200206,2019,6,14,2,2,0,3,0,0,0,0,1,1,0,0,13.39831,52.5793
2,2100101,2019,9,9,2,3,2,6,0,0,1,0,0,0,0,1,13.38914,52.49801
1,1100207,2019,12,19,2,3,5,3,2,1,1,0,0,0,0,1,13.40459,52.51313
2,2500729,2019,5,9,4,3,5,2,0,1,0,0,0,0,1,0,13.45422,52.51583
7,7400720,2019,7,12,6,3,1,5,0,0,1,0,0,0,1,0,13.38589,52.47594
4,4300621,2019,4,17,3,3,3,6,0,0,1,0,1,0,0,0,13.31217,52.51186
6,6300629,2019,11,14,3,3,2,6,0,0,1,0,0,0,0,1,13.3031,52.44903
1,1300836,2019,11,13,6,2,5,3,0,0,1,0,0,0,0,0,13.37057,52.53997
4,4300414,2019,7,12,6,3,2,6,0,0,1,0,0,0,0,0,13.30116,52.51114
4,7200308,2019,4,21,3,3,2,6,2,0,1,0,0,0,0,0,13.33724,52.47817
6,6100101,2019,10,15,2,3,5,7,0,0,1,0,0,0,0,0,13.31431,52.45308
9,9100101,2019,9,8,2,3,3,6,0,0,1,0,0,0,1,1,13.46081,52.49393
4,4200206,2019,5,7,4,2,5,7,0,0,1,0,1,0,0,0,13.22889,52.50673
4,4200206,2019,7,18,6,3,2,6,0,0,1,0,0,0,0,0,13.22634,52.50712
11,11300724,2019,4,20,3,3,1,5,2,0,1,0,1,0,0,0,13.48103,52.51314
2,2400521,2019,11,21,4,3,3,6,2,0,1,0,0,0,1,0,13.43886,52.51726
4,4200310,2019,6,13,4,3,5,2,0,0,1,0,0,0,0,0,13.27783,52.50984
7,7501133,2019,9,14,2,3,2,6,0,0,1,0,1,0,0,1,13.38811,52.43763
4,4400830,2019,12,17,2,3,2,6,2,0,1,0,0,0,0,1,13.30305,52.48567
1,1100310,2019,7,20,6,3,0,1,1,0,0,0,0,0,1,0,13.41246,52.51947
9,9100306,2019,10,18,4,3,2,6,2,0,1,0,0,0,0,0,13.47026,52.44733
2,2500729,2019,9,0,1,3,9,1,2,0,1,0,0,0,0,0,13.45263,52.51824
4,4100101,2019,7,9,6,3,2,6,0,0,1,0,0,0,0,0,13.28515,52.53141
3,3500933,2019,4,19,3,3,5,3,0,0,1,0,0,0,0,0,13.4675,52.55519
5,5200528,2019,10,11,3,3,2,6,0,0,1,0,0,0,0,1,13.17879,52.51646
7,7501135,2019,9,4,1,3,1,1,0,0,1,0,0,0,0,0,13.39472,52.42559
4,4100102,2019,5,8,4,3,8,1,0,0,0,0,1,0,0,0,13.29932,52.53398
2,2400522,2019,7,2,6,3,3,6,2,0,0,0,0,0,1,0,13.44983,52.5163
4,4300621,2019,4,18,3,3,5,3,0,1,1,0,0,0,0,0,13.31494,52.51223
1,1100310,2019,11,4,7,3,0,3,2,0,0,0,0,0,1,1,13.4109,52.52333
1,1300836,2019,5,9,3,3,5,2,0,1,1,0,0,0,0,0,13.36834,52.54111
2,2500729,2019,12,7,3,3,5,2,1,1,1,0,0,0,0,0,13.46023,52.51524
10,10100206,2019,7,11,5,3,5,3,0,0,1,0,0,0,1,0,13.55828,52.56289
9,9100101,2019,4,17,3,3,4,7,0,1,1,0,0,0,0,0,13.46153,52.49477
2,2500729,2019,10,11,6,3,5,2,0,1,0,0,0,0,1,0,13.45373,52.51598
2,2500729,2019,9,20,7,2,6,4,2,0,1,1,0,0,0,0,13.45988,52.51514
4,4100101,2019,7,23,5,2,3,1,2,0,1,0,0,0,0,0,13.3095,52.53569
3,3400620,2019,4,7,3,3,5,2,0,1,1,0,0,0,0,0,13.39815,52.57118
1,1100310,2019,10,9,3,3,5,2,0,1,1,0,0,0,0,1,13.41676,52.52208
4,4200311,2019,6,18,4,3,2,6,0,0,1,0,0,0,0,0,13.28391,52.51726
7,7200308,2019,9,12,7,3,3,6,0,0,1,0,0,0,0,0,13.34061,52.47875
1,1401044,2019,12,16,2,3,6,2,2,0,1,1,0,0,0,0,13.36727,52.55154
1,1300836,2019,5,8,3,3,5,2,0,1,0,0,0,1,0,0,13.36834,52.54111
2,2400521,2019,4,17,3,2,6,4,0,1,0,1,0,0,0,0,13.43644,52.5175
6,6300527,2019,11,10,7,3,0,2,0,1,1,0,0,0,0,1,13.28246,52.44169
1,1100310,2019,5,8,3,3,2,2,0,1,0,0,0,0,1,0,13.41638,52.522
7,7400823,2019,11,17,4,3,2,6,2,0,1,0,0,0,0,1,13.37886,52.46994
3,3601452,2019,7,16,5,3,3,6,0,1,1,0,0,0,0,0,13.44665,52.52757
7,7300619,2019,4,17,3,3,5,2,0,0,1,0,1,0,0,0,13.35415,52.47901
12,12500928,2019,10,9,6,3,5,3,0,0,1,0,1,0,0,0,13.319,52.61075
7,7100206,2019,9,12,7,3,5,3,0,0,1,0,1,0,0,0,13.36099,52.49346
1,1401049,2019,5,17,3,3,6,4,0,1,1,1,0,0,0,0,13.36613,52.55461
3,3400723,2019,7,13,5,3,2,6,0,0,1,0,0,0,0,0,13.40369,52.56909
7,7501030,2019,4,12,2,3,5,2,0,0,1,0,0,0,0,0,13.38438,52.45266
5,5400942,2019,6,12,7,3,4,6,0,1,0,0,0,0,0,0,13.14164,52.49002
2,2200209,2019,9,11,7,3,2,6,0,0,1,0,0,0,0,0,13.38657,52.49073
7,7400823,2019,12,3,1,3,5,3,2,0,1,0,0,0,0,1,13.3855,52.46939
3,3701657,2019,5,11,3,2,0,2,0,0,1,0,1,0,0,0,13.42419,52.5393
7,7200308,2019,7,8,5,3,2,2,0,1,1,0,0,0,0,0,13.3484,52.48193
12,12100204,2019,11,0,1,2,1,1,2,0,1,0,0,0,0,1,13.36368,52.56522
2,2500729,2019,7,6,5,3,5,2,0,0,1,0,0,0,0,0,13.45376,52.51587
12,12100204,2019,4,22,2,3,0,3,2,0,1,0,1,0,0,0,13.36375,52.56508
7,7501133,2019,10,13,7,3,5,3,0,1,1,0,0,0,0,0,13.38732,52.44017
4,4300414,2019,9,20,6,3,0,1,2,1,1,0,0,0,0,0,13.28676,52.51024
7,7601341,2019,5,10,2,2,0,7,0,1,0,0,0,0,0,0,13.3587,52.40836
12,12100103,2019,7,17,4,3,1,5,0,1,1,0,0,0,0,0,13.36001,52.5719
1,1100310,2019,4,18,2,3,0,5,0,1,0,0,0,0,1,0,13.4064,52.52071
5,5200634,2019,11,17,3,1,6,4,1,0,1,1,0,0,1,1,13.20597,52.51122
1,1100310,2019,6,11,3,3,5,2,0,1,1,0,0,0,0,0,13.41951,52.5251
6,6400737,2019,9,6,6,3,3,6,0,0,1,0,0,0,0,0,13.20809,52.44678
4,4200308,2019,12,18,6,2,2,6,2,0,1,0,0,0,0,1,13.28296,52.52862
2,2500726,2019,7,15,4,3,0,1,0,1,0,0,0,0,0,0,13.45237,52.51917
9,9200613,2019,10,13,3,3,2,6,0,0,1,0,0,0,0,0,13.51361,52.45401
4,4200311,2019,9,13,6,3,3,6,0,0,1,0,0,0,1,0,13.28007,52.5017
12,12200414,2019,6,15,7,3,2,6,0,0,1,0,0,0,0,0,13.30863,52.55694
12,4100101,2019,9,13,6,3,0,6,0,0,0,0,0,0,1,0,13.30078,52.54842
12,12100204,2019,12,13,2,3,3,6,0,0,1,0,0,1,0,0,13.36417,52.56384
2,2200209,2019,5,9,2,3,3,6,0,1,1,0,0,0,0,0,13.38606,52.48596
3,3200309,2019,7,19,4,2,2,7,0,0,1,0,0,0,0,0,13.44916,52.60544
5,5200528,2019,4,15,2,3,0,7,0,0,1,0,0,0,1,0,13.17598,52.51461
7,7501133,2019,11,12,2,3,0,6,0,0,1,0,1,0,0,1,13.38774,52.43877
7,7501030,2019,7,7,4,3,2,6,0,0,1,0,0,0,1,0,13.38654,52.44262
4,4300414,2019,4,8,2,3,5,2,0,1,1,0,0,0,0,0,13.29141,52.51053
7,7400823,2019,10,17,1,3,0,7,0,1,1,0,0,0,0,0,13.38546,52.4632
12,12100103,2019,9,12,6,3,6,7,0,0,0,1,0,1,0,0,13.361,52.56997
4,4300622,2019,5,15,1,3,6,4,0,1,0,1,0,0,0,0,13.31506,52.51224
4,4501148,2019,7,15,4,3,2,6,0,0,1,0,0,1,0,0,13.31812,52.47835
2,2500729,2019,4,8,2,3,5,3,0,1,1,0,0,0,0,0,13.47072,52.51419
3,3200206,2019,11,22,3,3,0,3,2,1,1,0,0,0,0,1,13.40279,52.59316
3,3601142,2019,6,7,4,2,5,3,0,1,0,0,0,0,0,0,13.41251,52.54338
4,4400725,2019,9,12,6,3,2,6,0,0,1,0,0,0,0,0,13.28126,52.49908
2,2500833,2019,12,13,7,3,1,5,0,1,1,0,0,0,1,0,13.45158,52.50973
9,9100202,2019,7,16,4,3,5,2,0,0,1,0,0,0,0,0,13.46511,52.48667
12,12100103,2019,10,9,4,3,3,6,0,0,1,0,0,0,0,0,13.36033,52.57129
7,7601236,2019,9,15,6,3,8,7,0,0,1,0,0,0,0,0,13.36189,52.41374
7,7400720,2019,7,14,4,3,3,6,0,0,1,0,1,0,1,0,13.38575,52.47974
12,12601032,2019,4,0,1,3,5,2,2,1,1,0,0,0,0,0,13.3239,52.60778
4,4300414,2019,10,0,3,3,5,2,2,0,1,0,0,0,0,0,13.28924,52.51039
4,4200311,2019,6,13,2,3,2,6,0,0,1,0,0,1,0,0,13.28153,52.50518
11,11300724,2019,9,20,5,3,5,2,2,1,1,0,0,0,0,0,13.49349,52.51171
10,10100206,2019,5,2,1,3,6,4,2,0,0,1,0,0,1,0,13.55489,52.55856
10,10300733,2019,7,19,4,3,2,6,0,0,1,0,0,0,0,0,13.56108,52.50863
4,4400830,2019,4,13,7,3,2,6,0,0,1,0,0,0,0,0,13.30578,52.48353
5,5400943,2019,11,7,5,2,4,6,1,1,0,0,0,0,0,0,13.12891,52.48011
4,4100101,2019,5,17,1,3,2,6,0,0,1,0,0,0,0,0,13.29599,52.54139
4,4300414,2019,12,16,3,3,5,2,2,1,1,0,0,0,0,1,13.2893,52.5104
2,2400522,2019,7,20,3,3,2,6,0,0,1,0,0,0,1,0,13.45098,52.51619
4,4300414,2019,4,1,7,3,5,3,2,0,1,0,0,0,0,0,13.30159,52.51117
2,2500729,2019,10,8,5,2,0,2,0,1,1,0,0,0,0,1,13.46022,52.51525
3,3601141,2019,9,6,5,3,5,2,1,1,0,0,0,1,0,0,13.41376,52.55077
3,3701657,2019,7,18,3,3,1,5,0,1,1,0,0,0,1,0,13.41346,52.54081
2,2500729,2019,4,0,7,3,6,4,2,0,1,1,0,0,0,0,13.46017,52.51525
4,4400833,2019,9,17,2,3,8,1,0,0,1,0,0,0,0,1,13.30711,52.47603
2,2400522,2019,6,5,4,3,2,6,0,0,1,0,0,0,0,0,13.44512,52.51677
4,4300414,2019,9,11,5,3,5,2,0,1,1,0,0,0,0,0,13.28923,52.51056
1,1100311,2019,12,17,6,3,2,6,2,1,0,0,0,0,0,0,13.42482,52.51933
4,4200311,2019,5,0,1,3,0,1,2,1,0,0,0,0,0,0,13.28122,52.50989
12,12100205,2019,7,16,3,3,5,3,0,1,1,0,0,0,0,0,13.34595,52.58023
2,2500729,2019,4,11,7,2,5,3,0,0,1,0,0,0,1,0,13.45423,52.51576
2,2500729,2019,11,9,6,3,6,7,0,1,0,1,0,0,0,0,13.4658,52.51469
1,1100102,2019,9,6,5,3,5,2,0,1,1,0,0,0,0,1,13.37054,52.50875
3,3701657,2019,11,16,3,3,2,2,2,0,1,0,0,0,0,0,13.42437,52.53926
12,12500930,2019,7,14,3,3,5,3,0,0,1,0,0,0,0,0,13.34193,52.58547
3,3400830,2019,4,15,6,3,5,2,0,0,1,0,0,0,1,0,13.41369,52.55777
1,1100102,2019,10,17,5,3,6,4,0,1,0,1,0,0,0,0,13.36336,52.51541
9,9100101,2019,9,16,4,3,6,7,0,0,0,1,0,0,1,0,13.45958,52.49276
1,1400940,2019,5,11,7,3,5,3,0,0,1,0,1,0,0,0,13.3655,52.55797
12,12100204,2019,7,14,3,3,6,4,0,1,0,1,0,0,0,0,13.36241,52.56727
10,10100312,2019,4,9,6,3,1,6,0,0,1,0,0,0,1,0,13.53693,52.53414
12,12500930,2019,6,11,6,3,2,6,0,0,1,0,0,0,1,0,13.34071,52.58705
7,7400927,2019,9,10,4,3,2,6,0,0,1,0,0,0,0,0,13.39558,52.46706
6,6400735,2019,12,17,6,3,0,2,2,1,1,0,0,0,0,0,13.16797,52.42053
3,3400830,2019,5,11,7,3,6,6,0,1,0,1,0,0,0,0,13.41319,52.5586
3,3500936,2019,7,12,3,3,3,6,0,1,1,0,0,0,0,0,13.45537,52.54933
12,12100205,2019,11,0,7,3,3,2,2,0,1,0,0,0,0,1,13.34784,52.57428