BEZ,LOR_ab_2021,UJAHR,UMONAT,USTUNDE,UWOCHENTAG,UKATEGORIE,UART,UTYP1,ULICHTVERH,IstRad,IstPKW,IstFuss,IstKrad,IstGkfz,IstSonstige,USTRZUSTAND,XGCSWGS84,YGCSWGS84
1,1100206,2019,7,7,3,2,6,4,0,0,0,1,0,1,0,0,13.39719,52.51758
9,9100203,2019,4,12,6,3,2,2,0,0,1,0,0,0,0,0,13.47946,52.48451
3,3100101,2019,10,7,6,3,0,7,0,0,1,0,0,0,1,0,13.42766,52.62805
2,2500729,2019,9,9,4,3,1,5,0,0,1,0,1,0,0,0,13.46551,52.51457
1,1401049,2019,5,3,7,3,2,6,2,1,1,0,0,0,0,0,13.36598,52.55435
9,9200613,2019,7,10,3,3,0,1,0,1,0,0,0,0,0,0,13.49644,52.46555
3,3701660,2019,4,23,6,3,1,5,2,1,1,0,0,0,1,0,13.42637,52.53027
3,3701657,2019,11,14,2,3,1,5,0,1,1,0,0,0,0,1,13.41685,52.54044
12,12500824,2019,6,6,3,3,2,6,0,0,1,0,0,0,0,0,13.28614,52.59383
12,12100204,2019,9,14,4,3,5,2,0,1,1,0,0,0,0,1,13.36411,52.5644
3,3701660,2019,12,15,6,3,1,5,1,1,1,0,0,0,1,1,13.4272,52.53098
1,1400940,2019,7,16,3,3,0,4,0,1,0,1,0,0,0,0,13.36552,52.5579
3,3400830,2019,4,16,6,3,5,3,0,1,1,0,0,0,0,0,13.4279,52.56154
1,1100207,2019,10,11,2,3,3,6,0,0,1,0,1,0,0,0,13.38867,52.51028
6,6100209,2019,9,14,3,2,0,1,0,0,0,0,1,0,0,0,13.33269,52.46401
4,4200308,2019,7,10,3,3,2,6,0,0,1,0,0,0,0,0,13.28279,52.52872
3,3500934,2019,4,7,6,3,2,6,0,0,1,0,0,0,0,0,13.4297,52.55408
1,1400940,2019,10,20,7,3,5,3,2,1,0,0,0,0,1,0,13.36548,52.55808
2,2500729,2019,6,7,7,3,5,2,0,0,1,0,0,0,0,0,13.46008,52.51512
6,6400735,2019,9,17,3,3,5,2,0,1,1,0,0,0,0,0,13.17714,52.41939
2,2200208,2019,5,14,7,2,6,4,0,0,1,1,0,0,0,0,13.38816,52.49382
10,10100206,2019,4,9,5,2,5,3,0,0,1,0,0,0,1,0,13.55817,52.56274
9,9100101,2019,11,16,3,2,4,6,1,1,0,0,0,0,0,0,13.4602,52.49258
3,3601141,2019,5,23,6,3,5,3,2,1,1,0,0,0,0,0,13.41462,52.5562
7,7200411,2019,12,3,1,3,3,6,2,0,1,0,0,0,0,0,13.35146,52.48355
3,3200206,2019,7,8,3,3,2,6,0,0,1,0,0,1,0,0,13.39847,52.57632
7,7300619,2019,4,8,5,3,2,6,0,0,1,0,0,0,0,0,13.3572,52.47379
7,7200411,2019,10,17,3,2,1,5,1,1,1,0,0,0,0,0,13.35696,52.48691
12,12200414,2019,9,17,3,3,9,1,0,0,1,0,0,0,0,0,13.30355,52.55145
3,3701657,2019,7,8,3,3,1,5,0,1,1,0,0,0,0,0,13.41586,52.54039
12,12100205,2019,4,17,5,2,6,2,0,0,1,1,0,0,0,0,13.34784,52.57447
7,7300619,2019,9,14,7,3,2,6,0,0,1,0,0,0,0,0,13.35568,52.47373
7,7400927,2019,6,7,3,2,0,1,0,0,0,0,1,0,0,0,13.3952,52.46706
3,3200206,2019,9,9,3,3,5,2,0,1,0,0,1,0,0,0,13.39826,52.57765
7,7400822,2019,12,15,4,3,2,6,1,0,0,0,1,0,1,0,13.36655,52.47226
2,2400522,2019,5,19,6,2,6,4,0,0,1,1,0,0,0,0,13.44751,52.51639
2,2500729,2019,7,8,3,3,2,6,0,0,1,0,0,0,0,0,13.4575,52.51553
2,2500729,2019,7,19,3,3,3,6,0,0,1,0,0,0,0,0,13.45512,52.51562
7,7501133,2019,4,17,5,3,6,4,0,0,1,1,0,0,0,0,13.37664,52.43133
4,4400727,2019,10,16,1,3,0,1,0,0,1,0,0,0,0,0,13.29587,52.49087
3,3400620,2019,6,17,1,3,1,5,0,1,1,0,0,0,0,0,13.39886,52.57305
2,2500833,2019,9,9,3,3,5,2,0,1,1,0,0,0,0,0,13.45245,52.51164
12,12200515,2019,5,11,6,3,2,6,0,0,1,0,0,0,0,0,13.29224,52.58537
1,1100104,2019,4,10,4,3,3,6,0,0,1,0,0,0,0,0,13.36398,52.5011
4,4200311,2019,11,18,4,3,2,6,2,0,1,0,0,0,0,0,13.28147,52.5046
3,3200206,2019,5,7,6,2,6,4,0,0,1,1,0,0,0,0,13.40171,52.58889
11,11300724,2019,12,18,2,2,6,4,2,0,1,1,0,0,0,1,13.48425,52.51282
12,12100204,2019,7,16,2,3,5,2,0,1,1,0,0,0,0,1,13.36441,52.56376
1,1200624,2019,4,13,4,3,3,6,0,0,0,0,1,0,1,0,13.36834,52.53043
12,12100205,2019,10,9,4,3,0,2,0,0,0,0,1,1,0,0,13.34697,52.57892
2,2200208,2019,9,16,3,3,1,5,0,0,1,0,0,0,1,0,13.38825,52.49394
3,3200309,2019,7,16,2,3,2,7,0,0,0,0,1,1,0,1,13.43048,52.6227
12,12500928,2019,4,11,4,3,0,6,0,1,0,1,0,0,0,0,13.31655,52.61211
4,4200206,2019,9,6,1,2,0,1,1,1,0,0,0,0,0,1,13.25327,52.50821
3,3601449,2019,6,7,3,2,5,2,0,1,1,0,0,0,0,0,13.44459,52.54534
7,7400720,2019,9,10,2,3,6,7,0,0,0,1,1,0,0,0,13.38565,52.47535
1,1100205,2019,12,8,6,3,3,6,0,0,1,0,0,0,1,0,13.38623,52.51014
10,10300733,2019,5,8,6,2,2,6,0,0,1,0,0,0,0,0,13.5491,52.50953
2,2200208,2019,7,14,2,3,6,4,0,1,0,1,0,0,0,0,13.38787,52.4934
3,3601141,2019,4,10,4,3,5,3,0,1,1,0,0,0,0,0,13.41478,52.5551
4,4400726,2019,11,21,5,3,5,3,2,0,1,0,0,0,0,1,13.29074,52.49373
4,4200311,2019,9,20,2,3,5,2,2,0,1,0,1,0,0,0,13.2837,52.51022
7,7400823,2019,11,16,2,3,2,6,2,0,1,0,0,0,0,0,13.37679,52.47016
7,7501133,2019,7,19,2,3,2,6,0,0,1,0,0,1,0,0,13.38024,52.43767
1,1100310,2019,4,14,4,3,0,4,0,0,0,1,0,0,1,0,13.41102,52.52316
3,3500934,2019,10,16,4,3,2,6,0,0,1,0,0,0,0,1,13.42987,52.5541
2,2200208,2019,9,19,2,3,3,6,1,0,1,0,1,0,0,0,13.38915,52.495
7,7601236,2019,5,13,6,2,0,3,0,0,1,0,0,0,1,0,13.36201,52.41374
11,11300724,2019,7,15,2,3,0,2,0,1,1,0,0,0,0,1,13.48832,52.51241
1,1100206,2019,4,8,4,2,1,5,0,1,1,0,0,0,0,0,13.39307,52.51738
9,9200613,2019,6,15,5,3,2,6,0,0,1,0,0,0,0,0,13.51543,52.45278
1,1100102,2019,9,18,2,3,6,4,0,1,0,1,0,0,0,0,13.36624,52.5156
1,1100310,2019,12,21,5,3,5,7,2,0,1,0,0,0,0,1,13.40899,52.51704
3,3701657,2019,5,13,6,3,0,7,0,1,1,0,0,0,0,0,13.42159,52.5395
7,7400928,2019,7,13,2,3,0,1,0,0,1,0,0,0,0,0,13.41255,52.46031
3,3200206,2019,11,17,6,3,0,6,2,0,1,0,0,0,1,0,13.3984,52.57841
4,4100101,2019,7,0,2,3,3,6,2,0,1,0,0,0,0,0,13.29426,52.5382
10,11401033,2019,9,9,6,2,2,6,0,0,1,0,0,1,0,1,13.53747,52.51001
9,9100101,2019,4,21,4,3,5,3,2,1,0,0,0,0,0,0,13.46093,52.49237
7,7400822,2019,10,17,5,3,2,6,0,0,1,0,0,0,0,1,13.36659,52.47228
6,6300524,2019,9,18,2,3,5,3,0,1,1,0,0,0,0,0,13.23552,52.43234
7,7400822,2019,5,15,6,3,2,6,0,0,1,0,0,0,0,0,13.36511,52.47296
2,2400625,2019,7,17,1,3,3,7,0,0,1,0,1,0,0,0,13.44776,52.50383
12,12100204,2019,4,15,4,3,5,7,0,0,1,0,1,0,0,0,13.36353,52.56513
4,4501151,2019,11,6,2,3,2,6,2,0,1,0,0,0,0,1,13.32765,52.47793
7,7501030,2019,6,15,7,3,2,6,0,0,1,0,0,0,0,0,13.38478,52.45057
1,1300836,2019,9,17,2,3,5,2,0,1,1,0,0,0,0,0,13.36989,52.54179
7,7501133,2019,12,9,5,3,0,6,0,0,1,0,1,0,0,0,13.37617,52.43034
1,1100102,2019,7,13,1,3,0,7,0,1,0,0,0,0,0,0,13.3637,52.51532
3,3701657,2019,4,8,4,3,0,6,0,1,0,0,0,0,0,0,13.42472,52.54028
4,4100101,2019,10,18,1,3,2,6,2,0,1,0,0,0,0,0,13.2858,52.53187
7,7400822,2019,9,9,2,3,2,6,0,0,1,0,0,0,0,0,13.36687,52.47216
12,12100205,2019,7,0,1,3,2,7,2,0,1,0,0,0,1,1,13.35074,52.57396
2,2500835,2019,4,6,4,2,1,1,0,0,1,0,0,1,1,0,13.44769,52.50248
3,3601449,2019,10,0,6,3,0,1,2,0,0,0,0,0,1,0,13.44068,52.54254
3,3100103,2019,6,14,6,3,2,6,0,0,1,0,0,0,0,0,13.49883,52.62135
2,2500729,2019,9,8,2,3,2,6,0,0,1,0,0,1,0,0,13.47388,52.51386
1,1100102,2019,5,16,6,3,5,2,0,0,1,0,0,0,1,0,13.36982,52.51583
4,4300622,2019,4,17,3,3,5,2,0,1,1,0,0,0,0,0,13.3199,52.51256
7,7300619,2019,5,17,6,3,2,6,0,0,1,0,1,0,0,0,13.35158,52.47422
4,4300414,2019,11,5,7,3,0,3,2,0,1,0,0,0,1,0,13.29743,52.51108
2,3601452,2019,7,23,7,3,2,6,2,0,1,0,1,0,0,1,13.44756,52.52673
1,1200624,2019,4,8,3,3,2,6,0,0,1,0,0,0,0,0,13.36705,52.53175
9,9100101,2019,10,17,2,3,3,6,2,0,1,0,1,0,0,0,13.45794,52.49203
4,4300621,2019,9,11,2,3,2,7,0,0,1,0,1,0,0,0,13.30453,52.51136
11,11300724,2019,7,22,7,3,5,2,2,1,1,0,0,0,0,1,13.48425,52.51269
8,8200622,2019,4,10,3,3,3,6,0,0,1,0,0,1,0,0,13.44572,52.46307
1,1100206,2019,6,17,2,3,5,3,0,1,1,0,0,0,0,0,13.39453,52.51731
7,7501030,2019,9,11,2,3,5,2,0,0,1,0,0,1,0,0,13.38053,52.438
3,3200309,2019,12,4,3,3,8,1,2,0,0,0,0,0,1,1,13.44926,52.60727
7,7400823,2019,5,13,5,3,2,6,0,0,1,0,0,0,0,0,13.37154,52.4707
4,4300414,2019,7,19,7,3,6,4,0,1,0,1,0,0,0,0,13.2949,52.51073
12,12100205,2019,4,11,3,3,2,6,0,0,1,0,0,0,0,0,13.34772,52.57548
1,1100207,2019,11,10,3,3,3,6,0,0,1,0,0,0,0,1,13.40197,52.51161
12,12601032,2019,11,18,7,3,2,2,2,0,1,0,0,0,0,0,13.32392,52.60776
9,9100407,2019,7,18,7,3,2,6,0,0,1,0,0,0,0,0,13.49792,52.43397
3,3601141,2019,4,19,3,2,5,2,1,1,1,0,0,0,0,0,13.41464,52.55607
4,4200311,2019,10,11,3,2,5,2,0,1,1,0,0,0,0,0,13.28159,52.51008
3,3601451,2019,9,8,2,3,6,7,0,1,0,1,0,0,0,0,13.43594,52.53467
3,3701660,2019,5,11,5,2,2,6,0,0,1,0,0,0,0,0,13.43255,52.53557
2,2500729,2019,7,15,7,2,0,1,0,1,0,0,0,0,0,0,13.45418,52.51595
11,11300724,2019,4,11,3,2,2,6,0,0,1,0,0,0,0,0,13.47795,52.51346
11,11401032,2019,11,18,5,2,2,6,2,0,1,0,0,0,1,1,13.51082,52.51039
3,3601451,2019,6,8,5,3,5,3,0,1,1,0,0,0,0,0,13.43376,52.537
4,4300621,2019,9,8,2,3,6,4,0,0,1,1,0,0,0,0,13.31278,52.5119
12,12601032,2019,12,8,3,2,6,2,0,0,1,1,0,0,0,0,13.32384,52.60784
12,12100204,2019,7,13,7,3,2,2,0,0,1,0,0,0,0,0,13.36437,52.56391
3,3601142,2019,10,18,5,3,3,6,2,0,1,0,0,0,0,0,13.41199,52.54137
7,7200411,2019,7,9,7,3,1,5,0,1,0,0,0,1,0,0,13.34873,52.48198
1,1300836,2019,9,8,6,3,5,3,0,1,1,0,0,0,0,0,13.36846,52.54103
4,4400725,2019,4,7,3,2,2,6,0,0,1,0,1,0,0,0,13.28066,52.49952
1,1100206,2019,4,16,3,3,1,5,0,1,1,0,0,0,0,0,13.38704,52.51675
11,11300724,2019,11,4,4,2,6,4,2,0,0,1,1,0,0,1,13.47682,52.51343
4,4501151,2019,11,23,1,3,3,6,2,0,1,0,0,0,0,0,13.32321,52.47796
2,2500835,2019,7,16,6,3,5,3,0,1,0,0,0,0,0,0,13.45313,52.501
2,2500729,2019,4,14,3,3,2,2,0,1,1,0,0,0,0,0,13.46751,52.51451
7,7300619,2019,10,17,4,3,2,6,0,0,1,0,0,0,1,1,13.35743,52.47397
4,4200206,2019,9,1,1,2,1,5,2,1,1,0,0,0,0,0,13.22577,52.50723
3,3400830,2019,5,19,5,3,1,3,0,1,1,0,0,0,1,0,13.41035,52.56195
4,4200311,2019,7,17,6,2,3,6,0,0,0,0,1,0,1,0,13.28078,52.50058
7,7300619,2019,4,14,3,3,0,6,0,0,1,0,1,0,0,0,13.3473,52.4766
2,2500729,2019,6,15,5,3,2,6,0,0,1,0,0,0,0,0,13.46879,52.51423
7,7501030,2019,9,6,1,3,9,1,0,0,1,0,0,0,0,0,13.38524,52.44895
2,2500729,2019,12,13,3,3,5,2,0,1,1,0,0,0,0,0,13.46004,52.51512
4,4300414,2019,5,18,5,3,5,2,0,1,1,0,0,0,0,0,13.29225,52.51075
2,2500729,2019,7,9,6,3,5,3,0,1,1,0,0,0,0,0,13.46004,52.51526
7,7601236,2019,10,17,5,3,5,3,2,0,1,0,1,0,0,0,13.36921,52.42065
12,12100103,2019,7,19,5,3,1,1,0,1,1,0,0,0,0,0,13.36024,52.57178
2,2200208,2019,9,0,6,3,5,3,2,1,1,0,0,0,0,0,13.38875,52.49765
3,3500934,2019,4,14,3,3,2,6,0,0,1,0,0,0,1,0,13.43015,52.55233
3,3400830,2019,10,18,4,3,3,6,1,0,1,0,1,0,0,1,13.41367,52.5585
2,2500729,2019,8,22,7,2,6,7,2,0,1,1,0,0,0,0,13.45988,52.51514
2,2400522,2019,5,17,5,3,5,2,0,1,1,0,0,0,0,0,13.45041,52.51624
1,1100102,2019,7,13,5,3,0,7,0,1,0,0,0,0,0,0,13.35442,52.51484
2,2500726,2019,4,20,2,3,5,5,1,1,1,0,0,0,0,0,13.44947,52.52408
2,2500835,2019,11,10,1,3,0,7,0,0,0,0,0,0,1,1,13.44737,52.50258
12,12100204,2019,6,21,7,3,0,6,1,0,1,0,1,0,0,0,13.36417,52.56383
3,3601141,2019,12,13,5,3,0,7,0,0,1,0,0,0,0,0,13.41486,52.55456
1,1100310,2019,7,9,5,3,6,4,0,0,0,1,0,0,1,0,13.40302,52.51911
1,1400940,2019,4,17,2,2,5,3,0,1,1,0,0,0,0,0,13.36549,52.55802
12,12400723,2019,10,11,7,3,2,6,0,0,1,0,0,0,1,0,13.31669,52.61681
7,7400823,2019,8,19,7,3,5,7,2,0,1,0,0,0,0,0,13.38445,52.45339
6,6100209,2019,7,11,5,3,5,2,0,0,1,0,0,0,0,0,13.32769,52.46044
2,2200208,2019,4,17,2,3,5,2,0,1,1,0,0,0,0,0,13.38904,52.49731
6,6300527,2019,10,14,4,3,2,6,0,0,1,0,0,0,0,0,13.27253,52.43879
4,4300621,2019,6,17,5,3,2,2,0,1,1,0,0,0,0,0,13.30923,52.51166
2,2500729,2019,8,20,7,3,5,3,2,0,1,0,0,0,0,0,13.46324,52.5148
10,10300733,2019,12,11,6,3,5,2,0,1,1,0,0,0,0,0,13.55336,52.50935
3,3200206,2019,5,7,5,3,3,6,0,0,1,0,1,0,0,0,13.40256,52.59234
4,4100101,2019,4,9,2,2,3,6,0,0,1,0,0,0,0,0,13.28959,52.53292
7,7501133,2019,11,11,1,3,5,3,0,0,1,0,0,0,0,0,13.38753,52.43898
1,1100310,2019,5,11,5,3,5,3,0,0,1,0,1,0,0,0,13.42016,52.52514
4,4300622,2019,11,14,6,3,3,6,0,0,1,0,0,0,0,0,13.3266,52.51284
6,6100209,2019,7,10,5,2,0,1,0,0,1,0,1,0,0,0,13.33161,52.46335
1,1401044,2019,4,15,2,3,2,6,0,0,1,0,0,0,0,0,13.36869,52.54914
12,12100101,2019,10,20,2,2,3,6,2,0,1,0,1,0,0,0,13.36546,52.55825
6,6300629,2019,8,17,7,2,2,6,0,0,1,0,1,0,0,0,13.2944,52.44581
8,9100306,2019,5,15,5,2,0,1,0,0,1,0,0,0,0,0,13.45928,52.45709
4,4400726,2019,7,11,5,3,3,6,0,0,1,0,0,0,0,0,13.28299,52.49737
3,3200206,2019,4,16,2,3,5,3,0,0,0,0,1,0,1,0,13.40279,52.59317
1,1300836,2019,6,21,1,3,2,6,1,0,1,0,0,0,0,0,13.37009,52.53974
4,4200310,2019,8,13,7,2,2,6,0,0,1,0,0,0,0,0,13.26179,52.50872
3,3601245,2019,12,5,2,3,5,2,2,1,1,0,0,0,0,0,13.42819,52.54644
7,7400823,2019,5,7,5,3,2,6,0,0,1,0,0,0,0,0,13.3803,52.46988
2,2200209,2019,7,16,4,3,2,6,0,0,1,0,0,0,0,0,13.38586,52.48644
7,7501133,2019,4,16,2,3,5,2,0,0,1,0,1,0,0,0,13.37828,52.43479
4,4200311,2019,11,5,2,3,2,6,2,0,1,0,0,0,0,1,13.28165,52.50539
1,1401044,2019,7,23,4,2,5,2,2,0,1,0,0,0,0,0,13.3673,52.5515
7,7601442,2019,4,14,1,3,2,6,0,0,1,0,0,0,0,0,13.40336,52.41094
4,4400830,2019,10,6,2,3,2,6,2,0,1,0,0,0,0,0,13.30262,52.48618
10,10100311,2019,8,23,6,2,0,7,2,1,0,0,0,0,0,0,13.54129,52.50998
7,7400927,2019,5,7,5,2,3,6,0,0,1,0,1,0,1,0,13.39519,52.46723
7,7100206,2019,7,21,4,3,5,2,1,0,1,0,1,0,0,0,13.36115,52.49526
3,3601141,2019,4,14,1,3,6,4,0,1,0,1,0,0,0,0,13.41411,52.55077
9,9100306,2019,11,8,4,3,3,6,0,0,1,0,0,1,0,1,13.45861,52.45825
1,1100104,2019,6,13,4,3,5,2,0,0,1,0,1,0,0,0,13.36403,52.50116
7,7300619,2019,8,18,6,3,2,6,0,0,1,0,0,0,0,0,13.35575,52.4735
4,4300414,2019,12,11,2,3,3,6,0,0,1,0,0,0,0,0,13.29722,52.51088
7,7300619,2019,7,17,4,3,2,6,0,0,1,0,1,0,0,0,13.35583,52.47784
10,10400940,2019,10,14,4,3,2,6,0,0,1,0,0,0,0,0,13.60967,52.5048
1,1100104,2019,8,17,6,3,4,6,0,1,0,0,0,0,1,0,13.36756,52.50483
7,7200411,2019,7,19,3,3,1,5,0,1,1,0,0,0,0,0,13.3579,52.48767
4,4200311,2019,4,11,1,3,3,6,0,0,1,0,0,0,0,0,13.28091,52.50305
1,1100310,2019,10,14,3,3,6,4,0,1,0,1,0,0,0,1,13.41949,52.52508
3,3500936,2019,8,9,6,3,2,6,0,0,0,0,0,1,1,0,13.45768,52.54969
12,12500928,2019,5,17,4,3,2,6,0,0,1,0,0,0,0,1,13.31711,52.61185
1,1100310,2019,7,17,3,3,5,2,0,1,1,0,0,0,0,0,13.40894,52.51699
2,2500835,2019,4,18,1,3,0,1,0,0,0,0,1,0,0,0,13.45544,52.50035
7,7601238,2019,11,7,6,3,2,7,1,0,1,0,0,0,0,0,13.37464,52.42733
7,7400823,2019,5,17,4,3,2,6,0,0,1,0,0,0,0,0,13.37129,52.47075
7,7400720,2019,12,17,3,3,1,5,2,0,1,0,0,0,0,1,13.38582,52.47296
12,12100101,2019,7,17,3,3,0,2,0,1,1,0,0,0,0,0,13.36544,52.55833
4,4300620,2019,4,18,1,3,0,4,0,1,0,1,0,0,0,0,13.33321,52.51343
12,12200414,2019,10,7,6,3,2,6,1,0,1,0,1,0,0,0,13.30122,52.54894
1,1400940,2019,8,14,6,3,3,6,0,1,1,0,0,0,1,0,13.36552,52.55789
12,12200414,2019,7,10,3,3,2,6,0,0,1,0,0,0,0,0,13.29825,52.57789
4,4400725,2019,4,18,1,3,2,6,0,0,1,0,0,0,0,0,13.28087,52.49925
3,3701657,2019,10,11,3,3,6,4,0,0,0,1,0,0,1,1,13.4242,52.5393
7,7400823,2019,6,22,4,3,2,6,2,0,1,0,0,0,0,0,13.3855,52.46672
11,11300724,2019,8,12,6,3,5,2,0,1,1,0,0,0,0,0,13.47669,52.51344
9,9100101,2019,12,19,7,3,2,6,2,0,1,0,0,0,0,0,13.45936,52.49308
6,6300527,2019,5,10,4,3,5,2,0,1,1,0,0,0,0,1,13.26068,52.4351
7,7501133,2019,4,16,1,3,6,7,0,1,0,1,0,0,0,0,13.38801,52.43791
9,9200613,2019,11,18,7,2,5,3,2,1,1,0,0,0,0,1,13.5056,52.45934
6,6400737,2019,10,9,3,3,5,2,0,1,0,0,0,0,1,1,13.21794,52.42807
3,3701657,2019,8,11,6,3,3,6,0,1,1,0,0,0,0,0,13.42396,52.53911
4,4300414,2019,5,12,4,3,2,6,0,0,1,0,1,0,0,1,13.29696,52.51086
7,7400720,2019,7,9,3,3,2,6,0,0,1,0,0,0,0,0,13.38581,52.47255
11,11401032,2019,4,15,1,3,0,2,0,0,1,0,1,0,0,0,13.50528,52.51072
12,12100205,2019,11,14,7,3,5,3,0,0,1,0,0,0,0,1,13.34681,52.57912
2,2500729,2019,5,12,4,3,2,2,0,0,1,0,0,0,0,0,13.47295,52.51382
2,2500729,2019,8,10,6,3,6,4,0,1,0,1,0,0,0,0,13.46738,52.51453
4,4100101,2019,12,6,4,3,2,6,2,0,1,0,0,0,0,0,13.29786,52.54473
11,2500729,2019,7,9,3,3,3,6,0,0,1,0,0,1,0,0,13.47524,52.51372
4,4200311,2019,4,12,7,2,6,4,0,1,0,1,0,0,0,0,13.28077,52.50986
7,7300619,2019,10,20,6,3,2,6,2,0,1,0,0,0,0,0,13.34002,52.46876
11,11300724,2019,8,9,6,3,5,2,0,1,0,0,0,0,1,0,13.48443,52.5128
7,7400720,2019,7,8,3,2,3,6,0,1,1,0,0,1,0,0,13.38583,52.48386
4,4300415,2019,10,15,3,3,2,6,0,0,1,0,0,0,0,1,13.28478,52.50889
7,7400823,2019,6,16,5,3,2,6,0,0,1,0,0,0,1,1,13.37113,52.47078
3,3701660,2019,8,6,5,3,3,6,1,1,0,0,0,0,0,0,13.43136,52.53492
3,3601449,2019,12,21,5,3,0,3,2,1,0,0,0,0,1,1,13.43921,52.54127
1,1100102,2019,5,13,4,3,6,4,0,0,1,1,0,0,0,0,13.37364,52.50918
7,7400823,2019,4,23,7,3,2,6,2,0,1,0,0,0,0,0,13.37109,52.47079
3,3601142,2019,11,0,1,3,6,7,2,1,0,1,0,0,0,0,13.413,52.54555
10,10100206,2019,5,14,3,3,5,3,0,0,1,0,0,1,0,0,13.55818,52.56276
12,12500930,2019,11,8,5,3,0,2,0,1,1,0,0,0,0,1,13.34188,52.58554
6,6100101,2019,7,18,3,3,8,1,0,0,1,0,0,0,0,0,13.31497,52.45329
1,1100205,2019,4,23,7,3,2,6,2,0,1,0,0,0,0,0,13.38699,52.51018
7,7601442,2019,10,18,7,2,2,6,2,0,1,0,1,0,0,0,13.40433,52.40867
1,1100205,2019,8,22,5,3,5,2,2,1,0,0,1,0,0,0,13.37672,52.50942
2,2500729,2019,5,18,3,2,6,7,0,1,0,1,0,0,0,0,13.45776,52.51535
2,2400625,2019,7,3,3,3,6,7,2,0,0,1,0,0,1,0,13.44917,52.50594
3,3701657,2019,4,13,7,3,3,6,0,0,1,0,1,0,0,0,13.4127,52.54093
1,1100102,2019,6,15,7,2,5,3,0,0,1,0,1,0,0,0,13.36861,52.50624
12,12500928,2019,8,20,5,3,0,1,2,1,0,0,0,0,0,0,13.32281,52.60845
7,7501133,2019,12,12,1,3,5,2,0,0,1,0,0,0,0,1,13.38265,52.4394
4,4100101,2019,5,21,3,2,8,1,2,0,0,0,1,0,0,1,13.2909,52.53321
3,3200206,2019,7,15,3,3,0,1,0,1,0,0,0,0,0,0,13.39824,52.57926
4,4300621,2019,11,10,2,3,5,2,0,1,1,0,0,0,0,1,13.31457,52.51201
10,10400940,2019,7,15,3,3,2,6,0,0,1,0,1,0,0,0,13.60878,52.5048
3,3601142,2019,4,0,7,3,4,6,2,1,0,0,0,0,0,0,13.41316,52.54741
4,4300621,2019,10,13,1,3,2,2,0,0,1,0,0,0,0,0,13.30532,52.51141
4,4200311,2019,8,17,5,3,3,6,0,0,1,0,1,0,0,0,13.28275,52.51015
3,3601141,2019,5,10,3,3,5,2,0,1,1,0,0,0,0,0,13.41376,52.55077
6,6300629,2019,7,2,3,3,3,6,2,0,1,0,0,0,1,0,13.31156,52.45217
6,6400735,2019,4,15,7,2,5,7,0,0,1,0,1,0,0,0,13.14504,52.41798
4,4200311,2019,11,13,3,3,2,6,0,0,1,0,0,0,0,0,13.28176,52.50992
1,1100311,2019,6,8,4,3,6,4,0,0,0,1,1,0,0,0,13.42286,52.5202
1,1100311,2019,8,15,5,3,0,7,0,1,0,0,0,0,0,0,13.41949,52.52096
3,3200206,2019,12,21,7,3,0,6,2,0,1,0,0,0,0,1,13.40416,52.58111
2,2500729,2019,7,14,2,3,3,2,0,0,1,0,1,0,0,0,13.47349,52.51391
3,3601452,2019,10,16,3,3,2,6,1,0,1,0,0,0,0,0,13.44411,52.5295
4,4501153,2019,8,13,5,3,2,6,0,0,1,0,0,0,0,0,13.33064,52.47783
2,2500729,2019,7,15,2,3,2,2,0,1,0,0,0,0,0,0,13.46283,52.51484
1,1100310,2019,4,11,7,3,2,6,0,0,1,0,0,0,0,0,13.41134,52.51852
7,7400823,2019,10,12,2,3,2,6,0,0,1,0,0,0,0,0,13.37884,52.47005
11,11401034,2019,6,9,2,3,6,6,0,1,0,1,0,0,0,0,13.52418,52.51
7,7601442,2019,8,12,5,3,1,5,0,0,1,0,0,0,1,0,13.40139,52.41384
4,4200311,2019,5,6,3,3,2,6,0,0,1,0,0,0,0,0,13.2778,52.50207
4,4400726,2019,4,13,7,3,2,6,0,0,1,0,0,0,1,0,13.28407,52.49613
1,1100205,2019,11,17,5,3,5,2,2,1,1,0,0,0,0,0,13.38733,52.5102
10,10400940,2019,5,18,2,3,5,7,0,0,1,0,0,0,0,1,13.62063,52.50433
3,3400620,2019,12,21,3,3,2,6,2,0,1,0,0,0,1,1,13.39821,52.57131
4,4200206,2019,7,23,1,3,6,4,2,0,1,1,0,0,0,0,13.24283,52.50756
4,4300414,2019,4,15,6,3,3,6,0,0,1,0,1,0,0,0,13.28592,52.5107
6,6400737,2019,10,10,4,3,5,3,0,0,1,0,0,0,0,0,13.21476,52.42733
4,4200207,2019,8,17,5,2,2,6,0,0,1,0,0,0,0,0,13.27015,52.49661
9,9100101,2019,7,21,1,2,5,2,2,0,1,0,1,0,0,0,13.45921,52.49296
7,7501030,2019,4,12,6,2,6,2,0,0,1,1,0,0,0,0,13.38188,52.43927
4,4400726,2019,9,5,2,3,3,6,2,0,1,0,0,0,0,1,13.28408,52.49612
11,11300724,2019,6,11,4,3,2,6,0,0,1,0,0,0,0,0,13.48161,52.51295
7,7400822,2019,8,12,5,2,2,6,0,0,1,0,0,0,1,0,13.37077,52.47085
4,7300619,2019,12,17,6,3,2,6,2,0,1,0,0,0,0,1,13.34665,52.47694
4,4400725,2019,5,17,2,3,2,6,0,0,1,0,0,0,0,1,13.28122,52.4988
3,3701657,2019,7,22,7,3,5,2,2,0,1,0,0,0,0,1,13.42426,52.53905
12,12100204,2019,4,9,6,3,0,1,0,0,0,0,1,0,0,0,13.36366,52.5649
9,9200613,2019,11,8,6,2,5,2,0,1,0,0,0,0,0,0,13.50909,52.45709
7,7200411,2019,8,11,5,3,1,5,0,1,0,0,0,0,1,0,13.34961,52.48282
7,7501030,2019,11,13,3,3,1,5,0,0,1,0,0,0,0,0,13.38626,52.44293
7,7400720,2019,7,18,7,3,2,6,0,0,1,0,0,0,0,0,13.38605,52.48304
1,1100310,2019,4,9,6,3,0,7,0,1,0,0,0,1,0,0,13.41257,52.51953
4,4400727,2019,10,13,5,3,2,6,0,0,1,0,0,1,0,0,13.298,52.48955
7,7200308,2019,8,16,4,3,6,4,0,0,0,1,1,0,0,0,13.34995,52.48103
6,6400735,2019,5,21,2,2,5,2,1,1,1,0,0,0,0,1,13.1754,52.41981
1,1200624,2019,7,15,7,3,2,6,0,0,1,0,1,0,0,1,13.36335,52.5355
7,7400720,2019,4,20,6,3,1,5,1,0,1,0,0,0,0,0,13.38564,52.47507