BEZ,LOR_ab_2021,UJAHR,UMONAT,USTUNDE,UWOCHENTAG,UKATEGORIE,UART,UTYP1,ULICHTVERH,IstRad,IstPKW,IstFuss,IstKrad,IstGkfz,IstSonstige,USTRZUSTAND,XGCSWGS84,YGCSWGS84
6,6100209,2019,1,8,4,3,1,5,0,0,1,0,0,0,1,1,13.3393,52.46524
1,1300836,2019,1,10,4,3,6,7,0,0,1,1,0,0,0,1,13.37754,52.54226
10,10200629,2019,1,6,4,3,2,2,2,0,1,0,0,0,0,1,13.58742,52.52334
8,8401241,2019,1,10,4,3,2,6,0,0,1,0,0,0,0,1,13.48369,52.42558
6,6200313,2019,1,10,4,2,6,2,0,0,1,1,0,0,0,1,13.34589,52.4362
3,3400723,2019,1,10,4,2,2,6,0,0,1,0,0,0,0,1,13.41357,52.58286
3,3300517,2019,1,9,4,3,0,7,0,0,1,0,0,0,0,1,13.46992,52.56742
5,5300841,2019,1,5,4,3,3,6,2,0,1,0,0,1,0,1,13.27053,52.53671
4,4300517,2019,1,16,4,3,5,2,0,0,1,0,0,0,0,1,13.2964,52.52927
2,2100104,2019,1,18,4,3,5,3,2,0,1,0,0,0,0,1,13.41391,52.50037
1,1400942,2019,1,16,3,2,6,4,1,0,1,1,0,0,0,0,13.34826,52.54238
12,12100206,2019,1,18,3,3,2,6,2,0,1,0,0,0,0,1,13.33037,52.56938
8,8200622,2019,1,18,4,3,2,6,2,0,1,0,0,0,0,1,13.43684,52.45685
2,2400624,2019,1,10,3,3,1,5,0,1,1,0,0,0,0,1,13.44917,52.51302
1,1100206,2019,1,10,3,3,6,4,0,1,0,1,0,0,0,1,13.39073,52.51727
2,2400625,2019,1,7,3,3,5,3,2,0,1,0,0,0,0,1,13.44684,52.50272
2,2100102,2019,1,22,3,3,6,2,2,0,1,1,0,0,0,1,13.39832,52.50715
10,10100210,2019,1,19,3,3,6,2,2,0,1,1,0,0,0,1,13.54885,52.54338
7,7100102,2019,1,20,3,3,6,7,2,0,1,1,0,0,0,1,13.35008,52.49557
12,12400723,2019,1,20,3,2,5,3,2,0,1,0,0,0,0,1,13.3059,52.62059
7,7100101,2019,1,20,3,3,6,4,1,0,1,1,0,0,0,1,13.34252,52.50216
11,11300619,2019,1,19,3,3,1,5,2,1,1,0,0,0,0,1,13.47141,52.52632
5,5100101,2019,1,18,3,3,2,7,2,0,1,0,0,0,0,1,13.19166,52.56778
7,7601238,2019,1,18,3,3,2,6,2,0,1,0,0,0,0,1,13.37509,52.42591
5,5100316,2019,1,18,3,2,6,2,2,0,1,1,0,0,0,1,13.19976,52.53475
4,4501148,2019,1,18,3,3,6,2,2,0,1,1,0,0,0,1,13.31398,52.48092
9,9501941,2019,1,18,3,3,2,6,2,0,1,0,0,0,0,1,13.57414,52.45265
6,6300634,2019,1,18,3,3,2,6,2,0,1,0,0,0,0,1,13.30074,52.43931
6,6100102,2019,1,18,3,2,6,2,2,0,1,1,0,0,0,1,13.32652,52.45962
1,1100102,2019,1,18,3,3,5,3,2,0,1,0,0,0,0,1,13.35069,52.51516
4,4500939,2019,1,18,3,3,2,6,2,0,1,0,0,0,0,1,13.30165,52.48826
8,8100521,2019,1,17,3,3,5,3,2,1,1,0,0,0,0,1,13.45399,52.4692
6,6100208,2019,1,15,3,2,6,4,1,0,1,1,0,0,0,1,13.32749,52.45801
1,1401044,2019,1,9,3,3,5,2,0,0,1,0,0,0,1,1,13.36158,52.54794
2,2500729,2019,1,17,3,3,5,3,2,1,1,0,0,0,0,1,13.46177,52.51878
1,1300835,2019,1,17,3,2,0,7,1,0,0,0,1,0,1,1,13.38011,52.54385
6,6300528,2019,1,17,3,2,6,4,2,0,1,1,0,0,0,1,13.25003,52.42114
4,4501040,2019,1,16,3,3,3,6,2,0,1,0,1,0,1,1,13.30718,52.50502
3,3601449,2019,1,16,3,2,6,4,2,0,1,1,0,0,0,1,13.4463,52.54498
12,12100102,2019,1,16,3,3,6,2,2,0,1,1,0,0,0,1,13.3798,52.57155
1,1100206,2019,1,15,3,3,5,3,0,1,1,0,0,0,0,1,13.40097,52.51837
1,1200520,2019,1,14,3,2,5,2,0,1,1,0,0,0,0,1,13.34302,52.52617
12,12601032,2019,1,13,3,2,6,4,0,0,0,1,1,0,0,1,13.32968,52.60956
11,11200410,2019,1,13,3,3,5,3,0,0,1,0,0,0,1,1,13.51771,52.55646
1,1200520,2019,1,11,3,3,3,6,0,0,1,0,1,0,0,1,13.34317,52.53064
4,4200310,2019,1,11,3,3,5,3,0,0,1,0,0,0,0,1,13.26695,52.51417
4,4400831,2019,1,11,3,3,5,3,0,0,1,0,0,0,0,1,13.28765,52.4757
7,7200413,2019,1,12,3,3,0,6,0,0,1,0,0,0,1,1,13.36116,52.48602
9,9401432,2019,1,6,3,3,6,2,2,0,1,1,0,0,0,1,13.59333,52.44137
4,4400726,2019,1,17,3,1,6,2,2,0,1,1,0,0,0,1,13.28447,52.48676
9,9200512,2019,1,17,2,3,2,7,1,0,1,0,0,0,0,0,13.51693,52.46179
7,7100102,2019,1,16,2,3,6,4,1,0,1,1,0,0,0,1,13.35421,52.49849
10,10200629,2019,1,18,2,2,6,4,2,0,1,1,0,0,0,1,13.58802,52.5205
6,6400838,2019,1,19,2,3,1,5,2,0,1,0,0,0,0,1,13.25022,52.4549
6,6400844,2019,1,19,2,3,2,6,2,0,1,0,0,0,0,1,13.27491,52.46024
1,1400942,2019,1,18,2,3,3,6,2,0,1,0,0,0,0,1,13.35526,52.54853
5,5100208,2019,1,21,2,2,9,1,2,0,1,0,0,0,0,1,13.16636,52.55092
8,8100310,2019,1,22,2,3,2,6,2,0,1,0,0,0,0,1,13.4306,52.48606
1,1401047,2019,1,21,2,3,5,2,2,1,0,0,0,0,0,1,13.34507,52.53902
12,12601235,2019,1,20,2,2,6,2,2,0,1,1,0,0,0,1,13.3604,52.59691
8,8100310,2019,1,15,2,3,2,2,0,0,1,0,0,0,0,1,13.44014,52.48169
3,3501038,2019,1,8,2,3,1,5,1,1,0,0,0,0,1,1,13.48034,52.55312
5,5400943,2019,1,7,2,3,2,6,1,0,1,0,0,0,0,1,13.13455,52.4611
3,3601450,2019,1,11,2,3,6,4,0,1,0,1,0,0,0,1,13.45645,52.53017
12,12500928,2019,1,8,2,3,6,2,0,0,1,1,0,0,0,1,13.31982,52.60693
6,6300633,2019,1,17,2,3,2,2,2,0,1,0,0,0,0,1,13.31525,52.44954
2,2500835,2019,1,17,2,3,6,2,2,0,1,1,0,0,0,1,13.45454,52.50293
1,1100205,2019,1,17,2,3,5,2,2,1,1,0,0,0,0,1,13.3765,52.5101
3,3400620,2019,1,17,2,3,5,3,2,1,1,0,0,0,0,1,13.38977,52.57429
6,6300633,2019,1,17,2,3,1,5,2,0,1,0,0,0,0,1,13.30177,52.44559
4,4501040,2019,1,17,2,3,5,2,2,0,1,0,0,0,0,1,13.31305,52.50061
11,11501340,2019,1,16,2,3,3,6,2,1,1,0,0,0,0,1,13.53214,52.48413
5,5200527,2019,1,16,2,3,5,3,1,0,1,0,0,0,0,1,13.16119,52.5254
1,1401044,2019,1,16,2,3,5,2,1,1,1,0,0,0,0,1,13.37507,52.55382
3,3400618,2019,1,10,2,3,5,7,0,0,1,0,0,0,0,1,13.37198,52.59934
11,11501340,2019,1,15,2,3,5,3,0,1,1,0,0,0,0,1,13.52894,52.48635
6,6300525,2019,1,14,2,3,2,2,0,0,1,0,0,0,0,1,13.26826,52.40649
11,11100204,2019,1,10,2,3,5,3,0,0,1,0,0,0,0,1,13.52573,52.56402
2,2200211,2019,1,14,2,3,4,1,0,0,1,0,0,0,0,1,13.40436,52.48509
2,2500729,2019,1,9,2,2,0,1,0,0,0,0,1,0,0,1,13.45941,52.52041
1,1400942,2019,1,12,2,3,2,6,0,0,1,0,0,0,0,1,13.35444,52.54915
4,4501147,2019,1,11,2,3,5,2,0,0,1,0,1,0,0,1,13.31591,52.48908
4,4300619,2019,1,16,2,3,5,2,2,0,1,0,0,0,0,1,13.30139,52.51917
2,2300316,2019,1,9,2,3,5,3,1,1,1,0,0,0,0,1,13.43024,52.49953
6,6300527,2019,1,15,2,3,4,6,0,0,1,0,0,0,0,1,13.26982,52.43074
12,12500930,2019,1,11,2,3,6,2,0,0,1,1,0,0,0,1,13.31566,52.57787
12,12200411,2019,1,15,2,3,2,6,1,0,1,0,0,0,0,1,13.32343,52.56066
4,4501042,2019,1,9,2,3,5,2,0,0,1,0,1,0,0,1,13.33396,52.50741
1,1100309,2019,1,8,2,3,6,4,0,0,1,1,0,0,0,1,13.39497,52.52882
6,6200423,2019,1,8,2,2,5,2,0,0,1,0,0,0,0,1,13.31779,52.4144
4,4300620,2019,1,8,2,3,5,2,1,1,1,0,0,0,0,1,13.32025,52.5201
1,1300836,2019,1,8,2,2,6,4,0,0,1,1,0,0,0,1,13.37176,52.54012
4,4300619,2019,1,7,2,3,6,2,1,0,1,1,0,0,0,1,13.31762,52.51777
8,8200725,2019,1,7,2,2,6,4,2,0,1,1,0,0,0,1,13.42192,52.44117
5,5100317,2019,1,6,2,3,6,2,2,0,1,1,0,0,0,1,13.21381,52.53182
12,12500824,2019,1,6,2,3,5,3,2,0,1,0,1,0,0,1,13.29749,52.59106
10,10100311,2019,1,18,2,3,1,5,2,1,0,0,0,0,1,1,13.52309,52.53594
2,2100106,2019,1,11,2,3,5,3,0,0,1,0,0,0,1,1,13.39969,52.49841
9,9501737,2019,1,13,1,3,1,5,0,1,1,0,0,0,0,0,13.6301,52.44667
1,1300835,2019,1,18,1,3,2,6,2,0,1,0,0,0,0,0,13.38731,52.53361
5,5300737,2019,1,17,1,2,5,3,2,1,1,0,0,0,0,0,13.24778,52.54721
2,2400521,2019,1,16,1,3,2,6,2,0,1,0,0,0,0,0,13.43432,52.52069
1,1100311,2019,1,16,1,3,5,2,2,1,1,0,0,0,0,0,13.41635,52.51997
6,6300528,2019,1,14,1,2,5,3,0,1,1,0,0,0,0,0,13.26535,52.41675
12,12601236,2019,1,3,1,2,6,4,2,0,1,1,0,0,0,0,13.33908,52.59583
7,7200411,2019,1,14,7,3,3,7,0,1,1,0,0,0,0,1,13.35554,52.48653
1,1401049,2019,1,11,7,3,2,6,0,0,1,0,0,0,0,1,13.36343,52.55659
1,1400938,2019,1,9,7,2,4,1,0,0,1,0,0,0,1,1,13.34022,52.53975
1,1100312,2019,1,6,7,3,5,3,2,1,1,0,0,0,0,1,13.41706,52.51244
8,8100102,2019,1,0,7,3,2,2,2,0,1,0,0,1,0,1,13.4259,52.4782
8,8100102,2019,1,21,7,3,6,2,2,0,1,1,0,0,0,1,13.42603,52.47819
3,3701555,2019,1,18,7,3,6,7,2,0,1,1,0,0,0,1,13.41756,52.53672
10,10100311,2019,1,17,7,3,2,6,2,0,1,0,0,0,0,1,13.51905,52.51698
5,5100209,2019,1,17,7,3,2,6,2,0,1,0,0,0,0,1,13.18484,52.54757
6,6300633,2019,1,17,7,3,6,4,2,0,1,1,0,0,0,2,13.31581,52.44305
10,10100208,2019,1,19,6,2,0,1,2,0,0,0,1,0,0,1,13.57286,52.55039
12,12100204,2019,1,12,6,3,5,2,0,1,1,0,0,0,0,0,13.3621,52.56774
7,7400927,2019,1,22,6,3,5,3,2,0,1,0,0,0,0,1,13.40315,52.46343
5,5200524,2019,1,21,6,3,8,1,2,0,1,0,0,0,0,1,13.12552,52.52797
1,1100308,2019,1,21,6,3,3,6,2,0,0,0,1,0,1,1,13.37632,52.52859
12,12200411,2019,1,20,6,2,6,4,2,0,1,1,0,0,0,1,13.31722,52.56665
2,2500833,2019,1,18,6,3,6,4,2,1,0,1,0,0,0,1,13.46154,52.50862
11,11100203,2019,1,13,6,3,5,2,0,1,1,0,0,0,0,1,13.52641,52.56924
10,10400835,2019,1,15,6,3,5,3,0,1,1,0,0,0,0,1,13.59873,52.52114
4,4100101,2019,1,14,6,3,1,5,0,0,1,0,0,0,0,1,13.30554,52.54783
4,4400830,2019,1,15,6,3,5,3,1,1,1,0,0,0,0,1,13.29402,52.4841
12,12100204,2019,1,14,6,3,6,2,0,0,1,1,0,0,0,1,13.36424,52.56262
2,2300419,2019,1,16,6,3,6,4,2,1,0,1,0,0,0,1,13.44024,52.49918
2,2100104,2019,1,13,6,3,0,7,0,0,1,0,1,0,0,1,13.40854,52.50086
4,4500936,2019,1,10,6,3,5,5,0,0,1,0,0,0,0,1,13.29697,52.50237
4,4300412,2019,1,13,6,3,5,5,0,0,1,0,0,1,0,1,13.28972,52.51899
6,6100205,2019,1,14,6,3,2,3,0,0,1,0,0,0,0,1,13.34665,52.44994
12,12100204,2019,1,13,6,3,1,5,0,0,1,0,0,0,0,1,13.3533,52.56286
11,11100308,2019,1,8,6,3,5,3,1,0,1,0,0,0,1,1,13.49873,52.56841
11,11400931,2019,1,5,6,3,5,3,2,1,1,0,0,0,0,1,13.51161,52.50553
5,5100208,2019,1,5,6,3,6,2,2,0,1,1,0,0,0,0,13.15355,52.55349
8,8100417,2019,1,12,6,3,5,3,0,0,1,0,0,0,1,1,13.44765,52.47611
2,2200212,2019,1,11,5,3,0,6,0,0,1,0,0,0,1,0,13.4229,52.48884
1,1300733,2019,1,15,5,3,2,6,0,0,1,0,0,0,0,0,13.38528,52.55017
5,5100316,2019,1,15,5,2,5,2,0,0,1,0,1,0,0,0,13.20522,52.53582
8,8100209,2019,1,22,5,3,5,2,2,0,1,0,0,0,0,0,13.4469,52.46824
4,4400831,2019,1,14,5,2,5,3,0,1,1,0,0,0,0,0,13.28171,52.47635
9,9501941,2019,1,14,5,3,5,3,0,1,1,0,0,0,0,0,13.57824,52.45712
4,4501042,2019,1,14,5,3,5,2,0,0,1,0,0,0,0,1,13.32487,52.49998
3,3601450,2019,1,12,5,2,6,4,0,0,1,1,0,0,0,0,13.45351,52.53317
9,9501737,2019,1,19,5,3,6,4,2,0,1,1,0,0,0,0,13.62555,52.4577
1,1100103,2019,1,13,5,3,5,2,0,0,1,0,1,0,0,1,13.35121,52.5043
5,5100208,2019,1,17,5,2,6,4,2,0,1,1,0,0,0,0,13.16337,52.5493
3,11300619,2019,1,17,5,3,5,2,2,1,1,0,0,0,0,0,13.46167,52.52938
12,12601031,2019,1,21,5,2,0,1,2,0,0,0,1,0,0,0,13.33431,52.60351
1,1200623,2019,1,11,5,3,5,2,0,0,1,0,0,0,0,1,13.35676,52.53563
7,7100102,2019,1,11,5,3,6,7,0,0,1,1,0,0,0,1,13.34806,52.50045
4,4200308,2019,1,10,5,2,5,3,0,1,1,0,0,0,0,0,13.27256,52.51924
7,7400826,2019,1,8,5,3,3,6,0,1,0,0,0,0,1,0,13.37761,52.4529
8,8401242,2019,1,8,5,3,5,3,0,1,1,0,0,0,0,0,13.47385,52.41352
5,5200423,2019,1,6,5,3,5,2,2,0,1,0,0,0,0,0,13.14158,52.53242
1,1200628,2019,1,6,5,3,6,2,2,0,1,1,0,0,0,0,13.36549,52.5254
8,8100209,2019,1,21,4,3,1,5,2,1,1,0,0,0,0,0,13.43334,52.4666
3,3701660,2019,1,18,4,3,0,5,2,0,1,0,1,0,0,1,13.4309,52.53239
4,4300622,2019,1,18,4,3,5,3,2,1,1,0,0,0,0,0,13.31814,52.51377
2,2400522,2019,1,16,4,3,2,6,2,0,1,0,0,0,0,1,13.44347,52.52521
1,1100206,2019,1,14,4,3,3,6,0,0,1,0,0,0,0,0,13.38881,52.51716
6,6300634,2019,1,13,4,3,2,6,0,0,1,0,0,0,0,1,13.29614,52.44349
8,8100208,2019,1,12,4,3,5,3,0,0,1,0,0,0,0,1,13.43566,52.46919
4,4400728,2019,1,12,4,3,6,2,0,0,1,1,0,0,0,0,13.28117,52.47687
10,10100311,2019,1,12,4,3,2,6,0,0,1,0,0,0,1,1,13.51948,52.52853
4,4300622,2019,1,11,4,2,6,4,0,0,0,1,0,0,1,1,13.3249,52.51002
7,7601443,2019,1,10,4,3,5,3,0,0,1,0,0,0,0,1,13.41074,52.412
6,6300528,2019,1,7,4,3,2,7,1,0,1,0,0,0,0,1,13.26707,52.41043
11,11400931,2019,1,13,4,3,4,7,0,0,1,0,0,0,0,0,13.49982,52.50947
12,12400721,2019,1,16,3,3,4,1,2,0,1,0,0,0,0,1,13.29858,52.63153
7,7200308,2019,1,17,3,2,2,6,2,0,1,0,0,0,0,1,13.32886,52.47162
6,6100206,2019,1,17,3,3,6,2,2,0,1,1,0,0,0,1,13.3423,52.44687
8,8401244,2019,1,16,3,3,5,3,2,0,1,0,0,0,0,1,13.49793,52.41511
5,5100317,2019,1,6,3,3,2,6,2,0,1,0,0,0,0,1,13.23157,52.52773
2,2100104,2019,1,5,3,3,5,3,2,0,1,0,0,0,0,1,13.40526,52.50517
1,1200628,2019,1,17,3,3,1,5,2,0,1,0,0,0,0,1,13.36826,52.5239
1,1100313,2019,1,2,3,2,6,4,2,0,1,1,0,0,0,1,13.4232,52.50922
1,1401047,2019,1,3,3,3,6,2,2,0,1,1,0,0,0,1,13.36624,52.54259
7,7200411,2019,1,15,4,3,1,5,0,1,1,0,0,0,0,1,13.36215,52.48668
2,2400625,2019,1,4,3,3,5,2,2,0,1,0,0,0,0,1,13.44669,52.50272
7,7200308,2019,1,0,3,2,6,4,2,0,1,1,0,0,0,1,13.34488,52.48134
7,7601544,2019,1,1,3,2,5,3,2,0,1,0,0,0,1,1,13.40676,52.39377
1,1100206,2019,1,3,3,3,5,3,2,0,1,0,0,0,1,1,13.38607,52.51537
1,1200520,2019,1,15,4,3,2,6,0,0,1,0,0,0,0,1,13.34334,52.52722
7,7300619,2019,1,15,4,3,2,6,0,0,1,0,0,0,0,1,13.35495,52.45869
5,5300840,2019,1,14,4,3,5,3,0,0,1,0,0,0,0,0,13.24791,52.53751
5,5200420,2019,1,14,4,3,5,3,0,0,1,0,0,0,1,1,13.16494,52.53331
4,4100102,2019,1,17,4,2,0,7,2,0,1,0,0,0,0,1,13.29296,52.53444
3,3200204,2019,1,13,4,3,5,3,0,0,1,0,0,0,0,1,13.38269,52.6297
8,8200727,2019,1,13,4,3,5,7,0,0,1,0,0,0,0,1,13.43477,52.4469
2,2200208,2019,1,13,4,3,5,7,0,0,1,0,1,0,0,1,13.38837,52.49622
6,6400842,2019,1,12,4,3,5,3,0,0,1,0,0,0,0,1,13.26273,52.4514
4,4100101,2019,1,16,4,3,2,6,1,0,1,0,0,0,0,1,13.32637,52.53772
3,3400723,2019,1,18,4,3,2,2,2,0,1,0,0,0,0,1,13.43017,52.5885
1,2400521,2019,1,18,4,3,5,3,2,0,1,0,0,0,0,1,13.42674,52.51577
4,4501041,2019,1,12,4,3,2,6,0,0,1,0,0,0,0,1,13.31965,52.50171
11,11300620,2019,1,19,6,3,0,1,2,0,1,0,0,0,0,1,13.47628,52.53295
1,1100205,2019,1,17,6,2,1,5,2,1,1,0,0,0,0,1,13.38254,52.51308
12,12100205,2019,1,17,6,3,1,5,2,0,1,0,0,0,0,1,13.34796,52.56704
1,1100207,2019,1,17,6,3,5,3,2,0,1,0,0,0,0,0,13.40046,52.51002
9,9401432,2019,1,16,6,3,0,6,0,0,1,0,0,0,1,0,13.59929,52.44165
5,5200632,2019,1,15,6,2,1,1,0,0,1,0,0,1,0,0,13.20706,52.52593
6,6300524,2019,1,15,6,3,0,1,0,0,0,0,1,0,0,2,13.22783,52.42097
10,10200524,2019,1,14,6,3,2,2,0,0,1,0,0,0,0,0,13.62076,52.53081
10,10300731,2019,1,14,6,3,5,2,0,1,1,0,0,0,0,1,13.55604,52.52008
4,4300518,2019,1,14,6,3,1,5,0,0,1,0,0,0,0,0,13.30725,52.52327
1,1100207,2019,1,13,6,3,5,2,0,0,1,0,0,0,0,0,13.40256,52.51182
11,11200512,2019,1,13,6,3,5,7,0,0,1,0,0,0,1,0,13.47215,52.53763
5,5100313,2019,1,13,6,2,2,6,0,0,1,0,0,0,0,0,13.20887,52.55264
1,1200628,2019,1,12,6,3,5,2,0,1,0,0,0,1,0,0,13.36751,52.526
2,2300314,2019,1,0,6,3,5,3,2,1,1,0,0,0,0,1,13.42215,52.49895
11,2500835,2019,1,6,6,3,6,4,2,0,1,1,0,0,0,1,13.46936,52.50239
10,10200629,2019,1,6,6,3,6,2,2,0,1,1,0,0,0,1,13.58396,52.52435
3,3200309,2019,1,7,6,3,5,3,1,1,1,0,0,0,0,2,13.40753,52.61366
7,7200307,2019,1,7,6,3,6,2,1,0,1,1,0,0,0,1,13.34301,52.49046
2,2400521,2019,1,7,6,2,6,4,1,0,1,1,0,0,0,1,13.43357,52.52318
7,7200308,2019,1,8,6,3,6,2,0,0,1,1,0,0,0,1,13.33554,52.47166
1,1100310,2019,1,8,6,3,6,4,0,1,0,1,0,0,0,1,13.41788,52.51459
7,7100204,2019,1,8,6,3,1,5,0,1,1,0,0,0,0,0,13.35166,52.49206
10,10300731,2019,1,9,6,3,5,2,0,0,1,0,0,0,0,1,13.56387,52.51885
1,1100207,2019,1,11,6,3,2,7,0,0,1,0,0,0,0,0,13.39885,52.50822
8,8300934,2019,1,10,6,3,2,6,0,0,1,0,0,0,1,1,13.46626,52.42887
12,12200414,2019,1,12,6,3,5,3,0,0,1,0,0,0,1,0,13.29324,52.55413
1,1100104,2019,1,10,1,3,5,3,0,0,1,0,0,0,0,0,13.36803,52.50582
2,2400624,2019,1,10,6,3,1,7,0,0,1,0,0,0,0,0,13.44107,52.5136
1,1200517,2019,1,7,5,3,5,2,2,1,1,0,0,0,0,1,13.34434,52.53833
1,1200628,2019,1,5,5,3,5,2,2,0,1,0,0,0,0,1,13.35685,52.52375
4,4501040,2019,1,21,5,3,6,2,2,0,1,1,0,0,0,1,13.30735,52.50449
9,9401329,2019,1,20,5,2,3,6,2,1,1,0,0,0,0,1,13.58678,52.42426
7,7200308,2019,1,19,5,3,6,7,2,0,1,1,0,0,0,1,13.32926,52.46577
10,10100103,2019,1,19,5,3,6,3,2,0,1,1,0,0,0,1,13.56859,52.56958
11,11100204,2019,1,18,5,2,6,2,2,0,1,1,0,0,0,1,13.52083,52.56854
3,3100101,2019,1,18,7,3,4,6,2,0,1,0,0,0,0,1,13.49555,52.64071
1,1401049,2019,1,19,5,3,2,6,2,0,1,0,0,0,0,1,13.36389,52.55642
1,1401044,2019,1,18,5,3,5,3,1,1,1,0,0,0,0,1,13.38148,52.55625
2,2100101,2019,1,18,5,3,5,2,2,1,1,0,0,0,0,1,13.38659,52.50543
8,8100209,2019,1,18,5,3,5,7,2,0,1,0,1,0,0,1,13.44389,52.46792
9,9100305,2019,1,18,5,2,6,2,2,0,1,1,0,0,0,1,13.49138,52.46916
1,1100206,2019,1,18,5,3,3,6,2,1,1,0,0,0,0,1,13.38535,52.52019
2,2400521,2019,1,18,5,2,0,2,2,0,1,0,0,0,1,1,13.44085,52.52427
4,4300621,2019,1,13,5,3,6,2,0,0,1,1,0,0,0,0,13.30496,52.51294
1,1100308,2019,1,11,5,2,6,4,0,0,0,1,0,0,1,0,13.38288,52.53053
6,6200313,2019,1,12,5,3,1,5,0,1,1,0,0,0,0,0,13.34186,52.43487
4,4501045,2019,1,14,5,2,5,7,0,0,1,0,0,0,0,0,13.33069,52.49851
4,4500938,2019,1,18,7,3,1,5,2,1,1,0,0,0,1,0,13.28906,52.49513
6,6300528,2019,1,14,5,2,2,3,0,1,1,0,0,0,0,0,13.26717,52.41029
1,1200518,2019,1,15,5,3,1,5,0,1,1,0,0,0,0,1,13.32721,52.52755
7,7400826,2019,1,15,5,3,5,2,0,0,1,0,1,0,0,0,13.36196,52.44725
7,7601546,2019,1,14,1,2,6,2,0,0,1,1,0,0,0,0,13.39546,52.38667
4,4501150,2019,1,16,5,2,6,2,0,0,1,1,0,0,0,0,13.32239,52.48631
7,7601236,2019,1,16,5,3,0,2,1,0,1,0,0,0,1,0,13.37326,52.42478
4,4501045,2019,1,17,5,3,2,1,1,0,1,0,0,0,0,1,13.33824,52.49954
4,4400728,2019,1,17,5,3,1,5,1,0,1,0,0,0,0,1,13.27777,52.47797
9,9200715,2019,1,17,5,2,2,6,1,0,1,0,1,0,0,1,13.52247,52.42667
8,8200622,2019,1,17,5,3,8,1,1,0,1,0,0,0,0,1,13.45245,52.45258
11,11100102,2019,1,10,5,2,9,1,0,0,1,0,0,0,0,0,13.55605,52.57143
8,8401242,2019,1,22,4,2,1,1,2,0,1,0,0,0,1,0,13.48087,52.41677
1,1300836,2019,1,21,4,2,6,4,2,1,0,1,0,0,0,0,13.37731,52.54378
1,1100309,2019,1,21,4,3,1,5,2,1,1,0,0,0,0,0,13.40876,52.52793
3,3601244,2019,1,21,4,3,5,3,2,1,1,0,0,0,0,0,13.42809,52.55217
1,1200628,2019,1,17,4,3,2,6,2,0,1,0,0,0,0,0,13.37203,52.52727
5,5100317,2019,1,14,4,3,2,6,0,0,1,0,0,0,1,0,13.22824,52.52828
11,11300724,2019,1,15,4,3,5,2,0,0,1,0,0,0,0,0,13.47939,52.51626
12,12400618,2019,1,14,4,3,2,3,0,1,1,0,0,0,0,0,13.23102,52.61032
4,4200311,2019,1,13,4,3,5,3,0,0,1,0,0,0,0,0,13.28146,52.51158
5,5200631,2019,1,13,4,3,5,3,0,0,1,0,0,0,1,0,13.18727,52.52268
4,4300622,2019,1,11,4,3,6,4,0,0,1,1,0,0,0,1,13.32395,52.51642
8,8100104,2019,1,10,4,3,6,4,0,0,1,1,0,0,0,1,13.42639,52.46578
3,3601244,2019,1,7,4,3,5,3,1,1,1,0,0,0,0,1,13.42493,52.54701
7,7601236,2019,1,12,4,3,6,2,0,0,1,1,0,0,0,0,13.35155,52.41579
6,6300527,2019,1,9,4,3,6,2,0,0,0,1,1,0,0,1,13.27621,52.43351
11,11200411,2019,1,7,4,3,5,2,1,0,1,0,0,1,0,1,13.51507,52.54634
7,7601442,2019,1,17,7,3,5,2,2,1,0,0,0,0,1,0,13.39259,52.41269
3,3601245,2019,1,7,4,3,6,4,1,0,1,1,0,0,0,1,13.43548,52.54542
10,10200524,2019,1,7,4,3,5,3,1,1,1,0,0,0,0,1,13.61565,52.53177
12,12100103,2019,1,8,4,3,5,2,0,0,1,0,0,0,0,1,13.36084,52.57036
4,4400835,2019,1,9,4,3,5,3,0,0,1,0,0,0,0,1,13.31983,52.46881
8,8100310,2019,1,15,4,3,6,2,0,0,0,1,0,0,1,0,13.42682,52.48739
1,1300733,2019,1,12,3,3,5,2,0,1,1,0,0,0,0,0,13.39126,52.55517
1,1100206,2019,1,22,3,2,0,1,2,0,0,0,1,0,0,1,13.38808,52.52136
5,5100101,2019,1,18,3,3,6,2,2,0,1,1,0,0,0,1,13.2092,52.56538
5,5200527,2019,1,17,3,3,9,1,2,0,1,0,0,0,0,1,13.16742,52.51909
10,10100311,2019,1,12,3,3,2,2,0,0,1,0,0,0,0,1,13.51928,52.53063
4,4200310,2019,1,20,3,3,0,3,2,0,0,0,1,0,1,1,13.25795,52.51804
7,7501133,2019,1,17,7,3,5,2,1,0,1,0,0,0,0,0,13.39417,52.42666
7,7501133,2019,1,20,3,3,5,3,2,0,1,0,0,0,1,0,13.37499,52.43642
4,4200205,2019,1,16,3,3,0,1,2,0,0,0,1,0,0,1,13.23367,52.50839
10,10100313,2019,1,16,3,2,6,2,2,0,1,1,0,0,0,1,13.56989,52.54083
12,12200414,2019,1,16,3,3,0,5,0,0,1,0,1,0,0,1,13.29921,52.5709
4,4501042,2019,1,14,3,3,2,2,0,0,0,0,0,1,1,1,13.33086,52.50063
5,5300841,2019,1,14,3,3,0,2,0,0,1,0,0,0,1,1,13.26291,52.54064
12,12200515,2019,1,14,3,3,1,5,0,0,1,0,0,0,0,1,13.28153,52.5924
3,3601452,2019,1,13,3,3,5,3,0,0,1,0,0,0,0,1,13.44924,52.52873
8,8100314,2019,1,10,3,3,0,7,0,0,1,0,0,0,0,1,13.43544,52.48089
2,2500830,2019,1,10,3,3,5,3,1,1,1,0,0,0,0,1,13.4644,52.5099
3,3500934,2019,1,10,3,3,1,5,0,1,1,0,0,0,0,1,13.43673,52.55447
3,3400723,2019,1,9,3,3,5,3,0,0,1,0,0,0,0,1,13.42206,52.57352
1,1100310,2019,1,5,3,3,5,2,2,0,0,0,0,0,1,0,13.41174,52.52397
2,2400625,2019,1,22,3,3,6,3,2,0,1,1,0,0,0,1,13.44524,52.50479
3,3601245,2019,1,17,3,3,2,2,1,0,1,0,0,1,0,1,13.43472,52.54276
6,6200421,2019,1,17,3,3,6,4,1,0,1,1,0,0,0,1,13.32094,52.43506
12,12601235,2019,1,17,3,2,6,4,1,0,1,1,0,0,0,1,13.35487,52.59663
8,8100417,2019,1,15,3,3,6,4,0,0,1,1,0,0,0,1,13.45506,52.47276
4,4200311,2019,1,17,3,2,5,2,1,0,1,0,0,0,0,1,13.28134,52.51283
5,5100208,2019,1,17,3,3,6,2,2,0,1,1,0,0,0,1,13.16548,52.55108
1,1100207,2019,1,18,3,3,6,7,1,0,1,1,0,0,0,1,13.39423,52.50787