BEZ,LOR_ab_2021,UJAHR,UMONAT,USTUNDE,UWOCHENTAG,UKATEGORIE,UART,UTYP1,ULICHTVERH,IstRad,IstPKW,IstFuss,IstKrad,IstGkfz,IstSonstige,USTRZUSTAND,XGCSWGS84,YGCSWGS84
8,8100102,2019,2,22,6,3,4,5,2,1,0,0,0,0,1,0,13.4273,52.47499
6,6400844,2019,1,20,7,3,6,2,2,0,1,1,0,0,0,1,13.27093,52.45087
4,4500938,2019,1,17,7,3,0,3,1,1,1,0,0,0,0,1,13.28824,52.49576
3,3100101,2019,1,4,7,3,9,1,2,0,1,0,0,0,0,2,13.44483,52.61536
2,2200208,2019,1,12,4,3,5,3,0,1,1,0,0,0,0,0,13.3839,52.49518
9,9100409,2019,1,18,7,3,6,2,2,0,1,1,0,0,0,1,13.50063,52.43526
3,3400723,2019,1,17,7,3,5,3,1,0,1,0,0,0,0,1,13.42618,52.57584
1,1100207,2019,1,17,7,3,5,2,1,0,1,0,0,0,0,1,13.3899,52.51031
7,7400823,2019,1,17,7,2,5,3,1,1,1,0,0,0,0,1,13.37449,52.46866
6,6200314,2019,1,0,7,3,1,5,2,0,0,0,1,1,0,1,13.3348,52.4338
4,4501042,2019,1,12,5,3,5,3,0,0,1,0,0,0,0,0,13.33254,52.5053
9,9401534,2019,1,17,7,3,6,4,1,0,1,1,0,0,0,1,13.57777,52.44594
4,4100101,2019,1,16,7,3,2,2,1,0,1,0,0,0,0,1,13.2969,52.54801
10,10100311,2019,1,13,5,3,2,6,0,0,1,0,0,0,0,0,13.52699,52.52548
7,7200308,2019,1,16,7,3,3,6,1,1,0,0,0,0,1,1,13.3376,52.47338
1,1100103,2019,1,18,6,3,2,6,2,0,1,0,0,0,0,1,13.35515,52.50178
7,7300619,2019,1,20,4,3,2,6,2,0,1,0,0,0,0,0,13.34841,52.45892
8,8100314,2019,1,22,6,3,5,2,2,1,1,0,0,0,0,1,13.43364,52.48209
3,3200309,2019,1,21,6,2,0,7,2,0,1,0,0,0,1,0,13.43297,52.59915
10,10100205,2019,1,12,6,3,9,1,0,0,1,0,0,0,0,2,13.53782,52.54007
8,8100102,2019,1,19,6,3,0,5,2,1,1,0,0,0,0,1,13.42798,52.47371
6,6400843,2019,1,7,6,3,0,1,1,1,0,0,0,0,0,1,13.30192,52.45688
1,2400521,2019,1,7,6,2,5,2,1,1,1,0,0,0,0,1,13.42424,52.51351
6,6200312,2019,1,6,5,3,2,6,2,0,1,0,0,0,1,0,13.32727,52.44
1,1100102,2019,1,8,6,3,2,6,0,0,1,0,0,0,0,2,13.35111,52.51516
1,1100313,2019,1,10,6,3,6,2,0,0,0,1,0,0,1,1,13.41664,52.51096
4,4200311,2019,1,11,6,3,5,2,0,0,1,0,0,0,1,0,13.27685,52.50709
7,7400720,2019,1,11,6,3,2,7,0,0,1,0,0,0,0,1,13.37856,52.48214
11,11501238,2019,1,13,6,3,6,4,0,0,1,1,0,0,0,1,13.47913,52.49985
11,11501238,2019,1,13,6,2,2,2,0,1,0,0,0,1,0,0,13.47005,52.50227
9,9401431,2019,1,14,6,3,5,3,0,0,1,0,0,0,0,0,13.5854,52.44454
12,12500927,2019,1,6,6,3,5,2,1,0,1,0,0,0,0,1,13.32481,52.60211
2,2500830,2019,1,18,6,3,5,2,2,0,1,0,1,0,0,1,13.47134,52.5073
9,9501737,2019,1,10,6,3,0,7,0,0,1,0,0,0,0,1,13.63834,52.44862
8,8301037,2019,1,18,6,2,6,4,2,0,1,1,0,0,0,1,13.46827,52.42757
9,9200715,2019,1,17,6,3,5,2,2,0,1,0,0,0,0,1,13.53264,52.43084
7,7400927,2019,1,18,5,3,6,2,2,0,1,1,0,0,0,0,13.39338,52.4579
4,4501045,2019,1,16,6,3,5,3,1,0,1,0,0,0,0,0,13.33109,52.49539
4,4300624,2019,1,19,5,3,3,6,2,1,1,0,0,0,0,0,13.32171,52.50676
11,11300620,2019,1,18,5,3,2,6,2,0,1,0,0,0,0,0,13.48502,52.53331
8,8200622,2019,1,17,5,2,5,3,2,0,1,0,0,0,1,0,13.44049,52.46193
6,6400737,2019,1,16,5,3,5,3,2,1,1,0,0,0,0,0,13.19794,52.43515
10,10100103,2019,1,15,5,2,6,4,0,0,1,1,0,0,0,0,13.5769,52.56672
6,6400735,2019,2,15,6,3,5,3,0,0,1,0,0,0,0,0,13.14371,52.39765
10,10100206,2019,1,15,5,3,5,3,0,0,1,0,0,1,0,0,13.55807,52.56274
8,8100104,2019,1,14,5,3,6,7,0,1,0,1,0,0,0,0,13.43421,52.46318
9,9200715,2019,1,9,5,3,6,4,0,0,1,1,0,0,0,0,13.5368,52.43564
9,9300920,2019,1,7,5,3,1,5,0,0,1,0,0,0,0,0,13.5352,52.41556
7,7200413,2019,1,12,4,3,2,6,0,0,1,0,0,0,0,0,13.36889,52.48487
5,5200526,2019,1,15,4,2,6,4,0,0,1,1,0,0,0,0,13.15783,52.5232
8,8401243,2019,1,16,4,3,5,2,2,0,1,0,0,0,0,0,13.49531,52.4316
9,9100101,2019,1,17,5,3,2,2,1,0,1,0,0,0,0,0,13.45404,52.48891
1,1100206,2019,1,15,4,3,5,2,0,1,1,0,0,0,0,0,13.38665,52.51184
7,7100206,2019,1,15,4,3,2,6,0,0,0,0,1,0,0,0,13.36601,52.49546
3,3500936,2019,1,15,4,3,1,5,0,1,1,0,0,0,0,0,13.46503,52.5483
3,3601141,2019,1,14,4,3,1,5,0,0,1,0,0,0,0,0,13.40625,52.55386
4,4500936,2019,1,12,4,2,5,2,0,0,1,0,1,0,0,0,13.2965,52.50173
3,3300517,2019,1,7,5,3,2,6,0,0,1,0,0,0,0,0,13.46959,52.56741
9,9100407,2019,1,6,4,3,2,6,2,0,1,0,0,0,0,1,13.49981,52.44774
9,9100407,2019,1,6,4,3,0,6,2,0,1,0,0,0,1,0,13.50928,52.45309
2,2400521,2019,1,22,4,3,5,3,2,0,1,0,0,0,0,0,13.42663,52.51583
3,3200309,2019,1,7,4,3,6,4,0,0,1,1,0,0,0,0,13.42445,52.60746
4,4501045,2019,1,7,4,3,3,6,0,1,1,0,0,0,0,0,13.3308,52.49708
1,1100308,2019,1,8,4,3,2,6,0,1,1,0,0,0,0,1,13.3789,52.5339
9,9100305,2019,1,17,4,3,5,2,2,1,1,0,0,0,0,0,13.49117,52.46899
4,4300412,2019,1,8,4,3,2,6,0,0,1,0,0,0,0,0,13.29884,52.51952
4,4300518,2019,1,8,4,3,5,2,0,1,1,0,0,0,0,0,13.31388,52.52578
5,5100210,2019,1,9,4,3,6,2,0,0,1,1,0,0,0,0,13.18659,52.54711
7,7601442,2019,1,11,4,2,6,2,0,0,1,1,0,0,0,0,13.39257,52.41269
12,12601134,2019,1,6,4,3,2,6,2,0,1,0,0,0,0,0,13.35091,52.59662
8,8100310,2019,1,9,5,3,0,3,0,0,1,0,1,0,0,0,13.44426,52.48482
6,6300634,2019,1,19,4,2,5,3,2,0,1,0,0,0,0,2,13.2922,52.44139
2,2200210,2019,1,18,4,3,5,2,2,1,1,0,0,0,0,0,13.39776,52.49534
4,4300622,2019,1,14,4,3,6,4,0,1,0,1,0,0,0,0,13.3234,52.51107
4,4501147,2019,1,12,4,3,6,4,0,0,1,1,0,0,0,0,13.31941,52.48709
8,8100310,2019,1,18,4,3,2,6,2,0,1,0,0,0,0,0,13.43236,52.48543
6,6100209,2019,1,18,4,3,5,3,2,1,1,0,0,0,0,0,13.33577,52.46497
3,3400830,2019,1,12,4,2,5,3,0,1,1,0,0,0,0,0,13.42186,52.56271
2,2200212,2019,1,4,4,2,8,1,2,0,1,0,0,0,0,0,13.41172,52.49216
4,4501042,2019,1,17,4,3,6,4,2,1,0,1,0,0,0,0,13.33015,52.50364
7,7400927,2019,1,17,4,3,5,2,2,1,1,0,0,0,0,0,13.38708,52.46857
2,2400522,2019,1,17,4,3,2,6,2,0,1,0,0,0,0,0,13.44351,52.52507
2,2300316,2019,1,13,4,3,1,5,0,1,0,0,0,0,1,0,13.42485,52.49974
6,6200421,2019,1,13,5,3,5,2,0,1,1,0,0,0,0,0,13.32727,52.43035
8,8200727,2019,1,7,3,3,2,6,0,0,1,0,0,0,0,0,13.43343,52.44482
3,3601141,2019,1,10,3,2,5,7,0,0,1,0,0,0,1,0,13.40613,52.55331
1,1300834,2019,1,16,3,3,6,4,0,1,0,1,0,0,0,0,13.39743,52.53867
4,4300622,2019,1,13,4,2,5,3,0,1,1,0,0,0,0,0,13.31727,52.51219
11,11200514,2019,1,14,3,3,5,3,0,0,1,0,0,0,0,0,13.49962,52.53495
3,3601449,2019,1,14,3,3,5,2,0,1,1,0,0,0,0,0,13.44053,52.54071
6,6400844,2019,1,13,3,3,2,2,0,0,1,0,0,1,0,0,13.27807,52.46607
6,6100208,2019,1,13,3,3,2,2,0,1,1,0,0,0,0,0,13.32971,52.4582
8,8200725,2019,1,13,3,3,4,6,0,0,1,0,0,0,0,0,13.42317,52.44142
10,10400940,2019,1,12,3,3,5,2,0,0,1,0,0,0,1,0,13.60089,52.47898
12,12601235,2019,1,18,5,2,6,2,2,0,1,1,0,0,0,0,13.34776,52.59624
3,3400619,2019,1,12,3,2,5,3,0,1,1,0,0,0,0,0,13.36409,52.58175
8,8200622,2019,1,12,3,3,6,7,0,0,1,1,0,0,0,0,13.44482,52.45326
8,8401242,2019,1,18,3,3,6,4,1,0,1,1,0,0,0,0,13.48942,52.41339
8,8100418,2019,1,10,3,3,5,3,0,0,1,0,0,0,1,0,13.45169,52.47804
8,8300934,2019,1,18,5,2,6,2,1,0,1,1,0,0,0,0,13.46,52.43208
11,11300721,2019,1,9,3,3,2,6,0,0,1,0,0,0,1,0,13.49975,52.52589
4,4501041,2019,1,9,3,2,3,3,0,0,1,0,0,0,1,0,13.31512,52.50101
3,3701555,2019,1,22,3,2,5,2,2,1,1,0,0,0,0,0,13.41899,52.53073
4,4200308,2019,1,20,3,3,5,2,2,0,1,0,0,0,0,0,13.28314,52.51866
12,12200515,2019,1,19,3,3,6,7,2,0,1,1,0,0,0,0,13.28469,52.58871
6,6400844,2019,1,8,3,3,2,2,0,1,1,0,0,0,0,0,13.27036,52.45091
2,2100106,2019,1,18,3,3,6,4,1,1,0,1,0,0,0,0,13.40629,52.49832
10,10100313,2019,1,20,2,3,2,6,2,0,1,0,0,0,0,1,13.53992,52.53957
10,10200420,2019,1,16,5,3,6,4,0,0,1,1,0,0,0,0,13.58854,52.53931
9,9100305,2019,1,19,2,3,5,3,2,0,1,0,0,0,0,0,13.48895,52.467
1,1401047,2019,1,18,2,3,2,6,2,0,1,0,0,0,0,0,13.35952,52.54629
4,4300619,2019,1,17,2,2,6,2,2,0,1,1,0,0,0,0,13.30685,52.51725
11,11401033,2019,1,17,2,2,6,4,2,0,1,1,0,0,0,0,13.53264,52.5115
9,9200510,2019,1,17,2,3,2,6,2,0,1,0,0,0,0,1,13.50645,52.47164
4,4500938,2019,1,14,2,3,2,3,0,0,1,0,0,0,0,0,13.2963,52.49255
7,7400823,2019,1,7,2,3,2,6,0,0,1,0,0,0,0,1,13.37562,52.45655
7,7400928,2019,1,7,2,3,5,2,0,1,1,0,0,0,0,0,13.41592,52.45956
3,3400619,2019,1,7,2,3,3,6,2,0,1,0,0,1,0,0,13.38221,52.59113
12,12601235,2019,2,12,6,3,5,2,0,1,0,0,0,1,0,0,13.36051,52.59699
6,6400838,2019,1,6,2,3,6,2,2,0,1,1,0,0,0,1,13.23234,52.43761
9,9300920,2019,1,5,2,3,5,2,2,0,1,0,0,0,0,0,13.52585,52.42303
8,8200833,2019,1,17,2,3,2,2,1,0,1,0,1,0,0,0,13.44652,52.41766
1,1100415,2019,1,13,4,3,6,4,0,0,0,1,0,0,1,0,13.39903,52.53264
9,9502043,2019,1,17,2,2,6,2,1,0,1,1,0,0,0,0,13.57052,52.47361
7,7200413,2019,1,15,2,3,6,4,0,1,0,1,0,0,0,0,13.36503,52.48509
10,10400836,2019,1,15,2,3,2,2,0,0,1,0,0,0,0,0,13.60242,52.51033
4,4200311,2019,1,13,2,3,2,2,0,0,1,0,0,0,0,0,13.27806,52.507
8,8200727,2019,1,13,2,3,0,3,0,0,1,0,0,0,1,0,13.45469,52.44129
2,2300314,2019,1,9,5,3,3,6,0,0,1,0,0,0,1,0,13.42229,52.49918
2,2200212,2019,1,12,2,3,6,7,0,0,1,1,0,0,0,0,13.42199,52.48699
8,8200622,2019,1,11,2,3,2,6,0,0,1,0,0,0,0,0,13.43466,52.46209
4,4300623,2019,1,8,5,3,0,2,0,1,1,0,0,0,0,0,13.30688,52.50567
1,1100308,2019,1,11,2,3,6,4,0,0,1,1,0,0,0,0,13.38793,52.52223
6,6400844,2019,1,10,2,3,5,3,0,1,1,0,0,0,0,0,13.30363,52.45904
1,1200517,2019,1,9,2,3,2,6,0,0,1,0,0,0,0,0,13.32708,52.53607
1,1100310,2019,1,21,4,3,2,6,2,0,1,0,0,0,0,0,13.4163,52.52165
5,5200418,2019,1,8,2,3,6,4,0,0,1,1,0,0,0,0,13.12764,52.54943
4,4300413,2019,1,10,2,3,0,1,0,0,0,0,1,0,0,2,13.2878,52.51509
1,1300733,2019,1,15,1,3,1,5,0,1,1,0,0,0,1,1,13.39211,52.54961
1,1300836,2019,1,23,1,2,5,3,2,1,1,0,0,0,0,0,13.37463,52.53731
6,6100210,2019,1,17,1,3,6,2,2,0,1,1,0,0,0,0,13.34473,52.46175
4,4100101,2019,1,17,1,3,5,2,2,0,1,0,0,0,0,1,13.27024,52.5486
4,4300621,2019,1,10,5,3,5,2,0,0,1,0,0,0,0,0,13.30684,52.51487
1,1300835,2019,1,15,1,3,2,1,0,1,1,0,0,0,0,0,13.38977,52.53518
8,8301037,2019,1,14,1,3,5,2,0,0,1,0,0,0,0,1,13.46807,52.42775
12,12100101,2019,1,1,1,2,1,1,2,0,1,0,0,0,1,1,13.36576,52.56284
1,1400940,2019,2,15,3,3,5,3,0,0,1,0,0,0,0,0,13.33866,52.55955
12,12200411,2019,2,13,3,3,3,6,0,1,1,0,0,0,0,0,13.31714,52.56882
1,1200520,2019,2,14,3,3,5,3,0,1,1,0,0,0,0,0,13.34135,52.52629
3,3601245,2019,2,17,5,3,5,3,2,1,1,0,0,0,0,0,13.42791,52.54552
9,9501736,2019,2,14,3,2,2,7,0,0,1,0,0,0,0,0,13.60788,52.45311
9,9401329,2019,2,15,3,2,6,4,0,0,1,1,0,0,0,0,13.58379,52.43101
6,6100206,2019,2,14,3,3,5,2,0,1,1,1,0,0,0,0,13.33836,52.44923
4,4200308,2019,2,14,5,2,5,2,0,0,1,0,0,0,0,0,13.27252,52.51934
4,4500938,2019,2,14,3,3,6,7,0,0,1,1,0,0,0,0,13.29615,52.49745
5,5200524,2019,2,11,3,3,2,2,0,0,1,0,0,0,0,0,13.12228,52.52869
5,5100211,2019,2,11,3,2,5,3,0,0,1,0,0,0,0,0,13.17454,52.54011
6,6200317,2019,2,7,3,3,3,6,0,1,0,0,0,0,1,0,13.35968,52.42195
2,2200210,2019,2,17,3,3,8,1,2,0,1,0,0,0,0,0,13.39525,52.49637
4,4500938,2019,2,18,3,3,2,6,2,0,1,0,0,0,0,0,13.3018,52.49532
8,8301037,2019,2,20,3,3,5,3,2,1,1,0,0,0,0,0,13.47395,52.42566
8,8100102,2019,2,17,3,3,2,6,2,1,1,0,0,0,0,0,13.4279,52.4734
1,1100312,2019,2,17,3,3,1,5,2,1,1,0,0,0,0,0,13.41335,52.50698
2,2300316,2019,2,13,5,2,6,4,0,1,0,1,0,0,0,0,13.43223,52.49936
7,7501030,2019,2,17,3,3,1,7,2,0,1,0,0,0,1,0,13.38492,52.44392
2,2200212,2019,2,15,5,3,3,6,0,1,1,0,0,0,0,0,13.40814,52.4889
8,8401243,2019,2,16,3,3,6,4,1,0,1,1,0,0,0,0,13.48643,52.42477
1,1300836,2019,2,16,3,3,6,4,0,0,0,1,1,0,0,0,13.38139,52.54693
12,12500930,2019,2,16,3,3,5,2,0,0,1,0,0,0,0,0,13.33312,52.57892
5,5300737,2019,2,13,5,3,2,6,0,0,1,0,0,0,0,0,13.24775,52.53811
5,5200527,2019,2,15,3,3,5,3,0,1,1,0,0,0,0,0,13.17071,52.5233
4,4501043,2019,2,17,3,2,5,2,2,1,1,0,0,0,0,0,13.31647,52.49915
12,12200414,2019,2,10,3,3,2,2,0,1,0,0,0,0,0,0,13.29297,52.58109
1,1100310,2019,2,14,6,3,5,2,0,1,0,0,0,0,1,0,13.4098,52.52401
6,6200313,2019,2,10,3,3,3,6,0,0,1,0,0,0,1,0,13.34409,52.43846
5,5200631,2019,2,7,3,3,2,7,0,0,1,0,0,0,0,0,13.19621,52.52103
1,1100101,2019,2,13,5,3,2,6,0,0,1,0,0,0,0,0,13.342,52.50581
2,2400521,2019,2,7,3,3,5,3,1,1,1,0,0,0,0,0,13.42708,52.51188
2,2300419,2019,2,17,2,3,2,6,2,0,1,0,0,0,0,0,13.44475,52.49961
11,11300724,2019,2,9,5,3,4,6,0,0,1,0,0,0,0,0,13.47364,52.52299
4,4501042,2019,2,15,2,3,2,6,0,0,1,0,0,0,0,0,13.33154,52.50502
3,3200206,2019,2,9,2,3,5,2,0,0,1,0,0,1,0,1,13.39839,52.59245
9,9200819,2019,2,8,2,3,2,2,0,0,1,0,0,0,0,1,13.55932,52.44661
1,1100309,2019,2,9,5,3,5,2,0,1,1,0,0,0,0,0,13.40944,52.52877
9,9301228,2019,2,11,2,3,2,6,0,0,1,0,0,0,0,1,13.64514,52.37823
1,1200627,2019,2,21,2,3,6,7,2,0,1,1,0,0,0,0,13.35689,52.5249
4,4400832,2019,2,14,6,3,0,1,0,1,0,0,0,0,0,0,13.2935,52.47442
9,9301126,2019,2,21,2,3,6,7,2,0,0,1,0,0,1,0,13.57556,52.42387
5,5200423,2019,2,5,2,3,3,6,2,1,0,0,0,0,1,1,13.14218,52.53253
10,10100206,2019,2,11,5,3,5,3,0,0,1,0,0,0,0,0,13.564,52.55631
12,12100204,2019,2,7,2,3,6,2,0,0,1,1,0,0,0,1,13.35261,52.5643
8,8100419,2019,2,5,2,2,5,3,2,0,0,0,1,0,1,1,13.45219,52.48118
8,8100417,2019,2,11,5,3,2,6,0,0,1,0,0,0,1,0,13.44926,52.47726
5,5200631,2019,2,19,2,3,6,2,2,0,1,1,0,0,0,0,13.19548,52.52903
1,1200629,2019,2,7,2,2,6,7,1,1,0,1,0,0,0,1,13.33631,52.51464
8,8200832,2019,2,18,2,3,6,2,1,0,1,1,0,0,0,0,13.43539,52.42483
1,1100206,2019,2,19,5,3,0,2,2,1,0,0,0,0,1,0,13.38835,52.51975
7,7100101,2019,2,16,2,3,6,7,0,1,0,1,0,0,0,0,13.34487,52.50132
11,11200513,2019,2,16,2,2,5,3,0,1,1,0,0,0,0,0,13.48779,52.53764
8,8200727,2019,2,15,2,3,6,4,0,0,1,1,0,0,0,0,13.43648,52.44926
4,4500939,2019,2,7,5,3,5,2,0,1,1,0,0,0,0,1,13.30867,52.48867
9,9301126,2019,2,15,2,2,0,1,0,1,1,0,0,0,0,0,13.57723,52.42137
1,1300834,2019,2,14,2,3,2,6,0,0,1,0,0,0,0,1,13.38862,52.54769
10,10400939,2019,2,12,2,3,2,6,0,0,1,0,1,0,0,0,13.61231,52.51144
6,6300633,2019,2,7,5,3,5,3,0,0,1,0,0,0,0,0,13.30553,52.44202
4,4200311,2019,2,12,2,3,6,2,0,0,1,1,0,0,0,1,13.28189,52.51101
3,3701657,2019,2,8,2,3,5,7,0,0,1,0,0,0,1,1,13.41739,52.54681
12,12500825,2019,2,8,2,3,5,7,0,0,1,0,0,0,1,1,13.30708,52.58279
8,8200622,2019,2,7,5,3,5,2,0,0,1,0,0,0,1,1,13.43851,52.45259
9,9100203,2019,2,18,2,3,6,4,1,0,1,1,0,0,0,0,13.48115,52.48267
8,8100310,2019,2,16,1,3,2,2,2,0,1,0,0,0,0,1,13.42894,52.48654
9,9200717,2019,2,21,1,3,2,7,2,0,1,0,1,0,0,1,13.55262,52.43908
12,12500930,2019,2,16,5,3,5,2,0,1,1,0,0,0,0,0,13.32372,52.58751
10,10200420,2019,2,15,1,3,5,2,0,0,1,0,0,0,0,1,13.59163,52.54495
5,5100316,2019,2,1,1,3,8,1,1,0,1,0,0,0,0,1,13.20315,52.53996
2,2300314,2019,2,18,1,2,2,6,2,1,1,0,0,0,0,1,13.41823,52.49982
8,8401246,2019,2,7,5,3,0,3,0,0,1,0,1,0,0,0,13.5138,52.42011
4,4500938,2019,2,19,1,2,6,2,2,0,1,1,0,0,0,1,13.2996,52.49421
6,6200421,2019,2,18,1,2,8,1,2,0,1,0,0,0,1,1,13.31906,52.43308
1,1401047,2019,2,9,1,3,2,6,0,0,1,0,0,0,0,1,13.35952,52.54629
2,2100102,2019,2,2,1,3,5,3,2,0,1,0,0,0,1,0,13.39441,52.5069
11,11200411,2019,2,10,6,3,5,2,0,1,1,0,0,0,0,0,13.5117,52.55074
2,2300316,2019,2,3,7,3,0,1,2,1,0,0,0,0,0,0,13.43177,52.50584
1,1400938,2019,2,1,7,2,8,1,2,0,1,0,0,0,0,0,13.3397,52.54421
12,12601235,2019,2,23,7,3,0,3,2,0,1,0,1,0,0,1,13.35103,52.59641
8,8301037,2019,2,23,7,3,2,6,2,0,1,0,0,0,1,1,13.46944,52.4268
8,8100417,2019,2,21,7,3,6,4,2,0,1,1,0,0,0,0,13.45435,52.47459
10,10100103,2019,2,14,5,3,6,4,0,0,1,1,0,0,0,0,13.57493,52.57235
1,1200628,2019,2,14,7,3,0,7,0,0,1,0,0,0,1,0,13.37044,52.52666
11,11100308,2019,2,20,7,3,5,2,2,0,1,0,0,0,0,1,13.49227,52.5651
9,9501941,2019,2,18,7,3,2,6,2,0,1,0,0,0,0,1,13.55849,52.454
6,6100205,2019,2,5,5,3,3,6,2,0,1,0,0,0,0,0,13.3566,52.44867
1,1100312,2019,2,17,7,3,9,1,2,0,0,0,0,0,1,0,13.41022,52.51236
4,4100101,2019,2,15,7,3,5,2,0,0,1,0,0,0,0,0,13.32625,52.53802
4,4100101,2019,2,15,7,3,5,2,0,0,1,0,0,0,0,0,13.32611,52.53835
1,1300836,2019,2,11,6,2,6,2,0,0,0,1,0,1,0,0,13.37817,52.54187
4,4501153,2019,2,14,7,3,3,6,0,1,1,0,0,0,0,0,13.33672,52.48816
5,5300737,2019,2,14,7,3,0,2,0,1,1,0,0,0,0,0,13.24785,52.5473
8,8401139,2019,2,9,5,3,0,1,0,1,0,0,0,0,0,1,13.45906,52.44041
7,7400823,2019,2,20,7,2,5,3,2,0,1,0,0,0,0,1,13.38546,52.46574
5,5100315,2019,2,20,7,2,6,4,2,0,1,1,0,0,0,1,13.19851,52.54297
4,4501045,2019,2,13,7,3,2,6,0,0,1,0,0,0,1,0,13.33715,52.49939
1,1401047,2019,2,14,4,3,5,2,0,1,1,0,0,0,0,0,13.35905,52.54395
3,3601141,2019,2,13,7,3,5,3,0,0,1,0,0,0,0,0,13.40841,52.55248
9,9501941,2019,2,13,7,3,2,6,0,0,1,0,0,0,0,0,13.56614,52.45564
1,1200520,2019,2,12,7,3,5,2,0,1,1,0,0,0,0,1,13.3433,52.52623
2,2500833,2019,2,7,4,3,2,2,0,1,1,0,0,0,0,0,13.45069,52.50862
7,7501031,2019,2,12,7,2,5,2,0,1,1,0,0,0,0,0,13.40389,52.44846
9,9200510,2019,2,12,7,3,2,6,0,0,1,0,0,0,0,0,13.5133,52.46665
3,3500932,2019,2,14,7,3,5,3,0,1,0,0,0,0,1,0,13.44589,52.5585
6,6200423,2019,2,18,5,2,0,3,1,0,0,0,0,0,1,0,13.31799,52.41447
4,4501042,2019,2,10,6,3,1,5,0,0,1,0,0,1,0,0,13.33518,52.50155
10,10100103,2019,2,12,6,3,5,3,0,0,1,0,0,0,0,0,13.56744,52.57332
4,4200310,2019,2,13,4,3,5,3,0,0,1,0,0,0,0,0,13.2739,52.50968
11,11100205,2019,2,9,6,2,5,3,0,0,1,0,0,0,0,0,13.51178,52.57136
11,11300620,2019,2,14,6,3,0,7,0,0,0,0,0,0,1,0,13.47774,52.53082
11,11200411,2019,2,15,4,3,5,3,0,0,1,0,0,0,0,1,13.51184,52.54675
2,2500833,2019,2,23,6,3,6,7,2,0,1,1,0,0,0,0,13.45651,52.50757
4,4400726,2019,2,9,6,3,0,6,0,0,1,0,0,0,0,0,13.28495,52.49504
10,10100312,2019,2,5,6,3,6,4,2,0,1,1,0,0,0,0,13.54544,52.53107
11,11300721,2019,2,15,4,2,3,6,0,0,1,0,1,0,0,1,13.49249,52.53409
4,4501042,2019,2,15,6,2,5,2,0,0,1,0,1,0,0,0,13.3392,52.50312
6,6100206,2019,2,17,6,3,5,2,1,0,1,0,0,0,0,0,13.34232,52.44689
1,1100206,2019,2,18,6,3,6,4,1,0,1,1,0,0,0,0,13.38836,52.5197
1,1401044,2019,2,21,5,2,5,2,2,1,0,0,0,1,0,0,13.37691,52.55661
6,6400843,2019,2,2,6,2,5,3,2,0,1,0,0,0,0,1,13.29304,52.44649
11,11100206,2019,2,5,6,3,5,3,2,0,1,0,0,0,0,0,13.50386,52.57419
3,3400619,2019,2,5,6,3,2,6,2,0,1,0,0,0,0,0,13.36898,52.58791
1,1400942,2019,2,15,4,3,5,3,0,0,1,0,1,0,0,1,13.3498,52.5451
3,3601450,2019,2,8,6,3,2,6,0,0,1,0,0,0,1,0,13.44975,52.537
4,4501040,2019,2,9,6,2,1,5,0,1,0,0,0,0,1,1,13.31035,52.50026
3,3200309,2019,2,11,6,3,0,2,0,0,1,0,0,0,1,0,13.42658,52.60779
8,8100208,2019,2,11,6,3,5,3,0,0,1,0,0,0,0,0,13.4397,52.47377
9,9401635,2019,2,11,6,3,4,2,0,0,1,0,0,0,0,0,13.65716,52.41485
2,2400521,2019,2,16,5,3,5,2,0,1,1,0,0,0,0,0,13.43048,52.51099
3,3200309,2019,2,13,6,2,6,4,0,0,1,1,0,0,0,0,13.43261,52.59507
5,5300735,2019,2,14,6,3,2,6,0,0,1,0,0,0,0,0,13.22591,52.55487
2,2200212,2019,2,14,6,3,2,6,0,0,1,0,0,0,0,0,13.42345,52.48669
12,12400618,2019,2,14,6,3,5,3,0,0,1,0,0,0,0,0,13.21739,52.61132
1,1100416,2019,2,20,5,3,6,7,2,1,0,1,0,0,0,0,13.40153,52.53783
7,7200308,2019,2,15,6,3,1,5,0,1,1,0,0,0,0,0,13.33755,52.48075
6,6200422,2019,2,5,6,2,9,1,1,0,1,0,0,0,0,1,13.32867,52.42408
12,12500824,2019,2,20,5,2,9,1,2,0,1,0,0,0,0,1,13.30249,52.59167
10,10200417,2019,2,15,4,3,2,6,0,0,1,0,0,0,1,0,13.58666,52.54944
1,1100313,2019,2,5,5,3,5,3,2,0,1,0,1,0,0,0,13.41343,52.50674
3,3100103,2019,2,10,5,3,5,2,0,0,1,0,0,0,0,0,13.50031,52.63268
6,6300527,2019,2,10,5,3,2,2,0,0,1,0,0,0,0,0,13.2741,52.43548
9,9301126,2019,2,11,5,3,2,7,0,0,1,0,0,0,1,0,13.56624,52.42571
8,8100209,2019,2,13,5,3,5,3,0,0,1,0,0,0,0,0,13.44271,52.46503
5,5300735,2019,2,15,5,3,5,7,0,0,1,0,0,0,1,1,13.22647,52.53756
7,7400823,2019,2,14,5,3,5,2,0,1,1,0,0,0,0,0,13.37796,52.46643
7,7400720,2019,2,17,5,3,3,6,2,0,1,0,0,0,0,0,13.37782,52.47261
3,3601450,2019,2,18,5,3,2,2,2,0,1,0,0,0,0,0,13.45778,52.52903
10,10400835,2019,2,20,5,3,5,3,2,0,1,0,0,0,0,0,13.59905,52.52839
9,9100306,2019,2,16,4,3,2,6,0,0,1,0,0,0,1,0,13.47659,52.45697
7,7400823,2019,2,20,5,3,2,6,2,0,1,0,0,0,0,0,13.37809,52.46799
5,5300735,2019,2,21,5,3,2,6,2,0,1,0,0,1,0,0,13.2269,52.55007
9,9100305,2019,2,21,5,3,5,3,2,0,1,0,0,0,0,0,13.48906,52.46734
4,4300518,2019,2,16,4,2,5,7,0,0,1,0,1,0,0,0,13.30713,52.52573
4,5300840,2019,2,18,5,2,2,6,1,0,1,0,1,0,0,1,13.28193,52.53383
1,1300733,2019,2,23,5,3,5,2,2,0,1,0,0,0,0,0,13.38141,52.55222
6,6200317,2019,2,16,5,3,5,3,0,0,1,0,0,0,0,1,13.35209,52.41853
5,5200632,2019,2,11,5,3,2,6,0,0,1,0,0,0,0,0,13.20374,52.53079
1,1100312,2019,2,14,6,3,2,6,0,1,1,0,0,0,0,0,13.41287,52.50637
11,11100101,2019,2,17,5,3,0,7,2,0,0,0,0,1,0,1,13.49971,52.57723
8,8301037,2019,2,20,5,3,6,7,2,0,1,1,0,0,0,0,13.47833,52.42122
1,1100310,2019,2,16,4,3,0,4,1,0,0,1,0,0,1,1,13.40355,52.52095
12,12200411,2019,2,11,4,3,2,6,0,0,1,0,0,0,0,0,13.32727,52.5633