BEZ,LOR_ab_2021,UJAHR,UMONAT,USTUNDE,UWOCHENTAG,UKATEGORIE,UART,UTYP1,ULICHTVERH,IstRad,IstPKW,IstFuss,IstKrad,IstGkfz,IstSonstige,USTRZUSTAND,XGCSWGS84,YGCSWGS84
12,12200307,2019,2,10,4,3,2,6,0,0,1,0,0,0,0,0,13.33063,52.57561
8,8200833,2019,2,16,4,2,5,2,0,0,1,0,1,0,0,0,13.44098,52.42471
3,3300413,2019,2,12,4,3,5,3,0,0,1,0,0,0,0,1,13.47403,52.60998
2,2400521,2019,2,22,4,3,6,4,2,1,0,1,0,0,0,0,13.42973,52.50975
3,3500933,2019,2,15,4,3,2,2,0,0,1,0,0,0,0,0,13.46764,52.55382
12,12601236,2019,2,15,4,3,6,7,0,0,1,1,0,0,0,0,13.35521,52.595
6,6300629,2019,2,16,5,3,5,3,0,0,1,0,0,0,0,0,13.29845,52.45163
11,11200514,2019,2,15,4,2,5,3,0,1,1,0,0,0,0,0,13.4985,52.53794
10,10200420,2019,2,14,4,3,5,3,0,0,1,0,0,0,0,0,13.59149,52.54157
5,5300737,2019,2,12,4,3,1,5,0,0,1,0,0,1,0,0,13.24035,52.53898
1,1200517,2019,2,13,6,3,2,2,0,0,1,0,0,0,1,0,13.34524,52.53549
3,3300516,2019,2,14,4,3,2,7,0,0,1,0,0,0,0,0,13.43603,52.56555
1,1400938,2019,2,14,4,2,5,2,0,0,1,0,0,0,0,0,13.34518,52.55433
9,9100407,2019,2,11,4,3,9,1,0,0,1,0,0,0,0,0,13.50771,52.45042
1,1100309,2019,2,13,4,3,6,7,0,0,1,1,0,0,0,0,13.38849,52.52605
7,7400927,2019,2,13,4,3,6,4,0,0,1,1,0,0,0,0,13.38751,52.45656
3,3601141,2019,2,20,4,3,6,2,2,0,1,1,0,0,0,1,13.41466,52.55387
11,11400927,2019,2,11,4,3,1,5,0,1,0,0,0,1,1,0,13.47247,52.50382
7,7601341,2019,2,10,4,3,5,3,0,0,1,0,0,0,1,1,13.38172,52.41099
12,12500930,2019,2,9,4,2,9,1,0,0,1,0,0,0,0,1,13.32412,52.58763
6,6300631,2019,2,19,5,3,2,6,2,0,1,0,0,0,0,0,13.30055,52.42088
3,3500934,2019,2,9,4,3,5,3,0,0,1,0,0,0,0,0,13.4328,52.55722
8,8100417,2019,2,8,4,3,9,1,0,1,0,0,0,0,0,0,13.44917,52.47366
12,12200413,2019,2,7,4,3,0,5,0,0,1,0,0,1,0,0,13.28446,52.57727
1,1401049,2019,2,5,4,3,6,4,2,0,1,1,0,0,0,1,13.35881,52.55379
12,12400618,2019,2,7,4,2,5,2,0,1,1,0,0,0,0,0,13.24163,52.61774
2,2400624,2019,2,19,4,3,1,5,2,1,1,0,0,0,0,0,13.44485,52.51248
1,1100311,2019,2,19,4,3,0,6,1,0,1,0,0,0,1,0,13.41728,52.51882
4,4300620,2019,2,18,4,3,0,1,2,1,0,0,0,0,0,0,13.32845,52.52178
5,5200629,2019,2,16,4,3,0,2,0,0,0,0,0,0,1,0,13.1937,52.5338
10,10400940,2019,2,6,4,3,5,2,2,0,1,0,0,0,1,1,13.60143,52.48256
6,6400841,2019,2,8,3,3,5,3,0,1,1,0,0,0,0,1,13.26798,52.44542
2,2300417,2019,2,15,3,3,5,3,0,0,1,0,0,0,0,0,13.42973,52.49828
2,2400625,2019,2,11,3,3,5,2,0,0,1,0,0,0,0,0,13.44669,52.50279
3,3300411,2019,2,16,5,3,5,3,1,0,1,0,0,0,0,1,13.48544,52.61801
7,7400826,2019,2,10,3,3,5,2,0,1,1,0,0,0,0,1,13.37778,52.45257
2,2500835,2019,2,5,3,2,5,3,2,0,1,0,0,0,0,0,13.45199,52.50354
6,6100103,2019,2,11,3,3,5,3,0,0,1,0,1,0,0,1,13.32402,52.46524
1,1100416,2019,2,20,4,2,5,3,2,0,1,0,0,0,0,1,13.39806,52.53487
2,2100104,2019,2,12,3,3,6,4,0,0,1,1,0,0,0,1,13.40651,52.50483
1,1100309,2019,2,15,3,3,2,6,0,0,1,0,0,0,0,0,13.40921,52.52874
4,4501041,2019,2,7,3,3,5,3,0,0,1,0,0,0,0,1,13.31537,52.50307
2,2100104,2019,2,17,3,3,6,7,2,0,1,1,0,0,0,0,13.41665,52.49957
9,9200818,2019,2,20,3,3,2,6,2,0,1,0,0,0,0,1,13.55912,52.44845
12,12200308,2019,2,22,3,3,6,2,2,0,1,1,0,0,0,0,13.31871,52.5729
1,1100308,2019,2,6,4,3,6,2,1,0,1,1,0,0,0,1,13.37942,52.52942
1,1100308,2019,2,22,3,3,5,2,2,0,1,0,0,0,0,0,13.37744,52.52216
7,7100206,2019,2,22,3,3,0,2,2,0,1,0,1,0,0,0,13.36576,52.49349
12,12500930,2019,2,21,3,3,5,2,2,0,1,0,0,0,0,0,13.31544,52.57784
4,4300414,2019,2,11,3,2,5,2,0,1,1,0,0,0,0,1,13.29722,52.51175
10,10400939,2019,2,15,5,3,5,2,0,1,1,0,0,0,0,0,13.61325,52.50869
8,8100310,2019,2,17,3,2,5,2,2,0,1,0,1,0,0,1,13.43518,52.4912
4,4100101,2019,2,11,3,2,4,6,0,0,1,0,0,0,1,0,13.32561,52.54131
7,7400927,2019,2,13,3,2,2,6,0,0,1,0,0,0,0,1,13.40817,52.45282
6,6200421,2019,2,18,4,3,2,6,2,0,1,0,0,0,0,1,13.31371,52.42716
5,5300735,2019,2,17,3,3,1,6,2,0,1,0,0,0,0,1,13.23056,52.53839
5,5100316,2019,2,12,3,2,1,5,0,1,1,0,0,0,0,1,13.20762,52.53837
8,8100314,2019,2,21,3,3,0,1,2,1,0,0,0,0,0,1,13.43862,52.48138
4,4501146,2019,2,10,6,3,6,2,0,0,1,1,0,0,0,0,13.31384,52.48676
7,7200413,2019,2,14,3,3,8,1,0,0,1,0,0,0,0,0,13.36346,52.47493
12,12200411,2019,2,9,2,3,5,3,0,1,1,0,0,0,0,1,13.31716,52.56887
9,9300920,2019,2,18,4,2,6,2,2,0,1,1,0,0,0,1,13.53986,52.41677
4,4300416,2019,2,21,2,3,0,7,2,0,0,0,1,0,0,1,13.2988,52.50676
3,3300411,2019,2,20,2,3,5,3,2,0,1,0,0,0,0,1,13.49293,52.61433
9,9100306,2019,2,6,4,3,2,6,1,0,1,0,0,0,0,1,13.48164,52.45137
8,8100206,2019,2,20,2,3,1,5,2,1,1,0,0,0,0,0,13.43213,52.48166
1,1100205,2019,2,20,2,3,5,3,2,0,1,0,0,0,0,0,13.37713,52.50858
4,4400727,2019,2,20,2,3,5,2,2,0,1,0,0,0,0,0,13.29,52.48223
4,4300518,2019,2,9,4,3,0,1,0,0,0,0,1,0,0,1,13.31302,52.52577
8,8100417,2019,2,19,2,3,2,6,2,0,1,0,0,0,0,1,13.45622,52.47378
3,3601450,2019,2,18,2,3,2,6,2,0,1,0,0,0,0,0,13.45798,52.52883
8,8100102,2019,2,18,2,2,6,4,2,0,1,1,0,0,0,0,13.42725,52.47508
10,10100313,2019,2,15,6,2,5,3,0,0,1,0,0,0,1,0,13.57172,52.54624
5,5200631,2019,2,17,2,2,6,4,2,0,1,1,0,0,0,0,13.19781,52.51962
2,2100104,2019,2,17,2,2,6,4,2,0,1,1,0,0,0,0,13.40945,52.50401
6,6200421,2019,2,7,4,3,3,2,0,1,0,0,0,1,0,0,13.31231,52.43029
6,6200421,2019,2,15,2,3,2,6,0,0,1,0,0,0,1,0,13.31169,52.42178
4,4300619,2019,2,14,2,3,5,3,0,1,1,0,0,0,0,0,13.31526,52.51475
7,7200307,2019,2,8,4,3,5,3,0,0,1,0,0,0,0,1,13.34519,52.49028
4,4300619,2019,2,14,2,3,9,1,0,0,1,0,0,0,0,0,13.31509,52.51456
5,5100316,2019,2,14,2,3,6,4,0,0,1,1,0,0,0,0,13.19523,52.53539
2,2400521,2019,2,13,2,3,5,3,0,1,1,0,0,0,0,0,13.43115,52.51292
7,7100206,2019,2,19,5,3,5,2,2,0,1,0,0,0,1,0,13.3612,52.49423
2,2400521,2019,2,13,2,3,6,2,0,0,1,1,0,0,0,0,13.42696,52.51578
3,3601141,2019,2,11,2,3,0,7,0,0,1,0,0,0,1,1,13.41429,52.55361
5,5300841,2019,2,5,2,3,6,2,2,0,1,1,0,0,0,1,13.27369,52.5361
11,11300724,2019,2,20,5,3,6,2,2,0,1,1,0,0,0,0,13.49842,52.51572
12,12200515,2019,2,6,2,3,6,4,1,0,1,1,0,0,0,1,13.28073,52.58698
3,3400830,2019,2,6,2,3,2,2,2,0,1,0,0,0,1,1,13.4204,52.56713
4,4501146,2019,2,7,2,3,5,3,0,1,1,0,0,0,0,1,13.30824,52.48775
9,9501737,2019,2,8,4,3,0,1,0,1,0,0,0,0,0,1,13.61716,52.45524
6,6400843,2019,2,7,2,3,6,2,0,0,1,1,0,0,0,1,13.30348,52.45847
4,4400835,2019,2,8,2,3,6,2,0,0,1,1,0,0,0,1,13.31994,52.46709
12,12200307,2019,2,9,2,3,2,6,0,0,1,0,0,0,0,1,13.32993,52.56954
1,1100207,2019,2,18,4,3,5,3,2,0,1,0,0,0,0,1,13.39897,52.50823
2,2200209,2019,2,12,2,3,2,6,0,0,1,0,0,0,0,1,13.37665,52.48772
11,11100206,2019,2,12,2,3,0,3,0,0,1,0,0,0,1,0,13.50934,52.57545
12,12100103,2019,2,11,1,3,5,2,0,0,1,0,0,0,0,1,13.36084,52.57036
3,3200309,2019,2,16,5,2,6,4,0,0,1,1,0,0,0,0,13.43191,52.61458
2,2100104,2019,2,4,1,3,5,3,2,0,1,0,0,0,0,0,13.40648,52.5026
8,8100208,2019,2,1,1,3,5,3,2,0,1,0,0,0,0,1,13.43533,52.46974
4,4200205,2019,2,15,1,3,5,3,0,0,1,0,1,0,0,1,13.24134,52.50952
4,4500936,2019,2,18,4,3,6,2,2,0,1,1,0,0,0,1,13.30463,52.5036
4,4400835,2019,2,15,1,3,6,2,0,0,1,1,0,0,0,0,13.31154,52.46837
1,1100416,2019,2,16,1,3,5,3,1,0,1,0,0,0,0,0,13.40427,52.53309
1,1100101,2019,2,17,1,3,6,4,1,1,0,1,0,0,0,0,13.34451,52.50424
10,10200420,2019,2,19,1,3,5,2,2,0,1,0,0,0,0,1,13.59157,52.54481
6,6200313,2019,2,7,4,3,6,4,0,0,1,1,0,0,0,0,13.34402,52.43856
11,11300620,2019,2,13,1,3,5,3,0,0,1,0,0,0,0,1,13.47827,52.53098
8,8100314,2019,2,23,7,3,6,4,2,0,1,1,0,0,0,1,13.43404,52.48184
4,4300620,2019,2,21,7,3,5,2,2,0,1,0,0,0,0,1,13.32844,52.5223
9,9200715,2019,2,20,7,3,5,2,2,0,1,0,0,0,0,1,13.5452,52.42574
4,4501152,2019,2,18,7,2,5,3,2,0,1,0,0,0,0,1,13.33077,52.49214
3,3300517,2019,2,14,5,3,2,6,0,0,1,0,0,0,1,0,13.46841,52.56737
4,4200308,2019,2,20,7,3,2,6,2,0,1,0,0,0,0,1,13.25957,52.52182
3,3300411,2019,2,18,7,3,5,3,2,0,1,0,0,0,0,1,13.48601,52.61594
1,1100311,2019,2,17,7,3,5,2,2,0,1,0,0,0,0,1,13.41808,52.51544
10,10100206,2019,2,17,4,2,6,4,1,0,1,1,0,0,0,1,13.56402,52.56121
7,7501032,2019,2,16,7,3,3,2,2,0,1,0,0,0,1,1,13.41639,52.45161
1,1300836,2019,2,16,7,3,5,3,1,0,1,0,0,0,0,1,13.37842,52.55043
11,11300724,2019,2,16,7,3,5,3,1,0,1,0,0,0,0,1,13.48879,52.51463
1,1200517,2019,2,14,6,3,2,6,0,0,1,0,0,0,0,0,13.32434,52.52533
7,7100102,2019,2,15,7,3,5,3,0,1,1,0,0,0,0,1,13.34978,52.49645
6,6400844,2019,2,15,7,3,5,2,0,0,1,0,0,0,0,2,13.27491,52.46043
5,5100210,2019,2,15,7,3,2,6,0,0,1,0,0,0,0,1,13.18849,52.54676
9,9100306,2019,2,15,7,3,5,3,0,0,1,0,0,0,0,1,13.46102,52.45425
4,4200203,2019,2,11,6,3,5,2,0,0,1,0,0,0,0,0,13.2405,52.51195
2,2100104,2019,2,12,7,3,1,5,0,1,1,0,0,0,0,0,13.41714,52.49943
12,12500930,2019,2,9,7,3,2,2,0,0,1,0,0,0,0,1,13.32039,52.5834
8,8200727,2019,2,17,4,3,5,3,1,1,1,0,0,0,0,0,13.43353,52.44431
4,7100101,2019,2,19,6,3,2,6,2,0,1,0,0,0,0,0,13.33753,52.49449
5,5100316,2019,2,10,6,3,3,6,0,0,1,0,0,0,0,0,13.20293,52.54073
1,1200520,2019,2,12,6,3,2,6,0,0,1,0,0,0,0,1,13.34106,52.5263
2,2400625,2019,2,7,4,3,2,2,0,0,1,0,0,0,0,1,13.43474,52.50863
1,1300733,2019,2,17,6,3,1,5,1,0,1,0,0,0,0,0,13.38379,52.55539
4,4501042,2019,2,20,6,3,5,2,2,0,1,0,0,0,1,0,13.33157,52.50394
5,5200633,2019,2,19,6,3,5,2,2,0,1,0,0,0,0,1,13.19686,52.5131
11,11300620,2019,2,18,5,3,2,6,2,0,1,0,0,0,0,0,13.48464,52.53362
9,9200819,2019,2,17,6,3,2,6,2,0,1,0,0,0,0,1,13.56922,52.44345
6,6200315,2019,2,15,6,3,5,3,0,0,1,0,0,0,0,1,13.35223,52.42759
5,5100208,2019,2,16,4,2,6,4,1,0,1,1,0,0,0,1,13.16193,52.5513
3,3601450,2019,2,23,6,2,6,4,2,0,1,1,0,0,0,1,13.45742,52.52896
3,3400830,2019,2,8,6,3,5,3,0,1,1,0,0,0,0,1,13.42183,52.56271
3,3200206,2019,2,7,4,3,3,2,0,0,1,0,0,1,0,0,13.40422,52.58148
7,7200308,2019,2,16,6,3,2,6,1,0,1,0,0,0,0,0,13.33211,52.4686
1,1100205,2019,2,17,6,3,1,5,1,1,1,0,0,0,0,0,13.37812,52.51085
3,3400723,2019,2,10,6,3,0,2,0,0,1,0,0,0,1,0,13.42868,52.58161
2,2200210,2019,2,7,4,3,2,6,0,0,1,0,0,0,1,0,13.39677,52.49125
4,4501041,2019,2,10,6,3,0,5,0,0,1,0,1,0,0,0,13.31667,52.50309
4,4300416,2019,2,9,6,2,1,5,0,1,1,0,0,0,1,0,13.29961,52.50571
4,4501042,2019,2,9,6,3,1,5,0,0,1,0,1,0,0,0,13.33795,52.50356
2,2300316,2019,2,19,5,3,1,5,2,1,1,0,0,0,0,0,13.4254,52.49959
6,6400838,2019,2,7,6,3,5,2,1,1,1,0,0,0,0,1,13.24009,52.44282
1,1401044,2019,2,7,6,3,5,3,1,0,1,0,0,0,0,0,13.37,52.55293
8,8401242,2019,2,7,6,3,5,3,1,0,1,0,0,0,0,0,13.47816,52.41775
1,2400521,2019,2,9,3,3,2,6,0,0,1,0,0,0,0,0,13.42511,52.51459
2,2100106,2019,2,7,6,3,5,3,1,1,1,0,0,0,0,1,13.41218,52.49875
2,2200212,2019,2,6,6,3,6,4,2,0,1,1,0,0,0,1,13.41301,52.49193
2,2100101,2019,2,20,1,3,5,3,2,0,1,0,1,0,0,0,13.38676,52.50101
1,1100416,2019,2,12,4,3,6,4,0,1,0,1,0,0,0,0,13.40235,52.53106
9,9301025,2019,2,14,1,3,5,3,0,0,1,0,1,0,0,0,13.57744,52.40234
12,12601134,2019,2,13,1,3,6,4,0,0,1,1,0,0,0,0,13.34872,52.60318
12,12400723,2019,2,7,4,3,5,2,0,1,1,0,0,0,0,0,13.30411,52.61956
3,3601244,2019,2,12,1,3,5,3,0,0,1,0,0,0,0,0,13.42474,52.54694
4,4500938,2019,2,0,1,3,2,6,2,0,1,0,0,0,0,0,13.2959,52.49784
2,2200208,2019,2,0,1,3,5,3,2,0,1,0,0,0,0,0,13.38442,52.49676
1,1100207,2019,2,22,4,3,5,3,2,0,1,0,0,0,0,0,13.39213,52.5078
2,2300417,2019,2,5,7,3,5,3,1,0,1,0,0,0,0,0,13.42968,52.49823
10,10300734,2019,2,13,7,3,6,4,0,0,1,1,0,0,0,0,13.56153,52.50162
10,10100206,2019,2,19,7,2,6,4,2,0,0,1,0,0,1,0,13.55885,52.55635
2,2300316,2019,2,20,7,3,5,3,2,1,1,0,0,0,0,0,13.42723,52.49911
11,11100102,2019,2,20,7,3,2,6,2,0,1,0,0,0,0,0,13.55563,52.5702
12,12500825,2019,2,19,7,3,5,2,2,0,1,0,0,0,0,0,13.30946,52.58391
4,4400727,2019,2,19,7,3,3,6,2,0,1,0,0,0,0,0,13.29965,52.48736
5,5100316,2019,2,21,7,2,0,1,2,0,1,0,0,0,0,0,13.20344,52.54084
4,4501147,2019,2,8,7,3,1,5,0,1,1,0,0,0,0,0,13.31914,52.48739
6,6300631,2019,2,20,4,3,1,5,2,0,1,0,0,0,0,0,13.28849,52.41824
5,5100101,2019,2,13,7,3,0,7,0,0,1,0,0,0,0,0,13.19767,52.56724
4,4300416,2019,2,20,4,3,5,3,2,1,1,0,0,0,0,0,13.30041,52.50788
3,3701555,2019,2,12,7,3,2,6,0,0,1,0,0,0,0,0,13.42092,52.53338
7,7501134,2019,2,12,7,2,6,4,0,0,1,1,0,0,0,0,13.40369,52.43958
11,11100309,2019,2,12,7,3,6,4,0,1,0,1,0,0,0,0,13.50484,52.56341
4,4400728,2019,2,19,4,3,3,6,2,0,1,0,0,0,0,0,13.28125,52.47711
4,4300416,2019,2,11,7,3,0,1,0,0,0,0,1,0,0,0,13.30212,52.50674
9,9100305,2019,2,11,7,3,5,2,0,1,1,0,0,0,0,0,13.49124,52.46904
4,4200311,2019,2,11,7,3,5,2,0,1,1,0,0,0,0,0,13.27345,52.49997
12,12200515,2019,2,19,4,2,6,4,2,0,1,1,0,0,0,0,13.28208,52.594
10,10100311,2019,2,10,7,3,2,6,0,0,1,0,0,0,0,0,13.51913,52.52897
2,2300316,2019,2,1,7,3,1,5,2,1,1,0,0,0,0,0,13.43214,52.50261
1,1100205,2019,2,19,4,3,5,2,2,1,0,0,0,0,1,0,13.3855,52.50752
9,9100101,2019,2,3,7,2,5,3,2,0,1,0,0,0,0,0,13.4542,52.49395
5,5100315,2019,2,9,7,3,5,2,0,0,1,0,0,0,0,0,13.19427,52.54567
12,12601133,2019,2,10,7,3,6,7,0,0,1,1,0,0,0,0,13.36384,52.60102
8,8401139,2019,2,19,4,3,6,2,2,0,1,1,0,0,0,0,13.46097,52.43216
1,1200520,2019,2,10,7,3,2,6,0,0,1,0,0,0,0,0,13.33947,52.52648
11,11400927,2019,2,19,5,2,0,1,2,1,0,0,0,0,0,0,13.4721,52.50429
1,1100310,2019,2,19,7,3,2,6,2,0,1,0,0,0,0,0,13.41627,52.52691
12,12500825,2019,2,17,7,3,5,3,1,0,1,0,0,0,1,0,13.30929,52.57874
4,4300623,2019,2,18,4,3,1,5,1,1,1,0,0,0,0,0,13.3122,52.50645
1,1100308,2019,2,10,5,3,1,5,0,1,1,0,0,0,0,0,13.37981,52.52262
3,3601245,2019,2,17,7,3,2,6,2,0,1,0,0,0,0,0,13.43116,52.55096
1,1100308,2019,2,16,7,3,5,3,0,1,1,0,0,0,0,0,13.37434,52.52798
7,7601238,2019,2,18,4,3,5,3,2,0,1,0,0,0,0,0,13.38487,52.41897
3,3500936,2019,2,15,7,3,5,3,0,0,1,0,0,0,0,0,13.46294,52.54884
1,1100310,2019,2,13,7,3,6,7,0,0,1,1,0,0,0,0,13.41298,52.5207
3,3701555,2019,2,17,4,3,2,7,1,1,1,0,0,0,0,0,13.41463,52.53325
12,12100103,2019,2,13,7,2,6,7,0,0,0,1,0,0,1,0,13.3682,52.57401
4,4501043,2019,2,9,6,3,0,5,0,0,1,0,1,0,0,0,13.30867,52.49623
3,3601453,2019,2,18,4,3,5,3,1,1,0,0,0,0,0,0,13.46428,52.52327
6,6200420,2019,2,18,6,3,3,2,2,1,1,0,0,0,0,1,13.3065,52.41757
3,3601141,2019,2,13,4,3,5,2,0,1,1,0,0,0,0,0,13.4147,52.55357
6,6100208,2019,2,14,6,3,2,6,0,0,1,0,0,0,0,0,13.33235,52.45511
6,6300525,2019,2,8,6,3,2,6,0,0,1,0,0,0,1,0,13.26826,52.40649
4,4501146,2019,2,17,4,3,5,2,0,1,1,0,0,0,0,0,13.32012,52.48356
4,4500938,2019,2,21,6,3,5,2,2,1,1,0,0,0,0,0,13.28766,52.49606
11,11100308,2019,2,13,6,3,6,4,0,0,1,1,0,0,0,0,13.49319,52.56813
1,1401047,2019,2,12,6,3,5,2,0,1,0,0,0,1,0,0,13.34489,52.53904
1,1300733,2019,2,16,4,3,2,6,1,0,1,0,0,0,1,0,13.39494,52.55511
2,2400521,2019,2,13,6,3,6,2,0,0,1,1,0,0,0,0,13.43332,52.51987
5,5100316,2019,2,13,6,3,6,4,0,0,1,1,0,0,0,0,13.19885,52.53489
1,1401044,2019,2,14,6,3,2,2,0,1,1,0,0,0,0,0,13.37365,52.55694
6,6300524,2019,2,17,4,3,2,6,2,1,1,0,0,0,0,0,13.22963,52.42207
3,3701555,2019,2,13,6,3,0,3,0,1,0,0,1,0,0,0,13.41418,52.53285
3,3100101,2019,2,14,6,3,2,6,0,0,1,0,0,0,0,0,13.47879,52.64309
2,2400521,2019,2,14,6,3,1,5,0,1,1,0,0,0,0,0,13.43316,52.51907
8,8200832,2019,2,16,4,3,1,5,0,0,1,0,0,0,0,0,13.425,52.42015
9,9200510,2019,2,14,6,3,6,4,0,0,1,1,0,0,0,0,13.51211,52.46742
9,9200715,2019,2,10,4,3,2,6,0,0,1,0,0,0,0,0,13.52866,52.42637
2,2400521,2019,2,7,6,3,6,7,0,0,1,1,0,0,0,0,13.44074,52.52442
2,2400625,2019,2,15,6,3,5,3,0,1,1,0,0,0,0,0,13.43841,52.51183
1,1300835,2019,2,15,4,3,5,3,0,0,1,0,0,0,0,0,13.39075,52.5402
2,2200211,2019,2,12,6,3,5,7,0,1,1,0,0,0,0,0,13.40716,52.48599
7,7200308,2019,2,5,6,3,0,5,2,0,0,0,0,0,1,0,13.32827,52.46818
1,1100207,2019,2,16,6,3,5,3,0,0,1,0,0,0,0,0,13.40106,52.5104
4,4501041,2019,2,15,4,3,1,5,0,1,1,0,0,0,0,0,13.31598,52.50099
2,2300417,2019,2,11,6,3,5,5,0,0,1,0,1,0,0,0,13.42862,52.49853
2,2400625,2019,2,16,6,3,1,5,0,1,1,0,0,0,1,0,13.44167,52.50437
3,3500932,2019,2,11,6,3,5,2,0,0,0,0,1,1,0,1,13.44631,52.55868
11,11200410,2019,2,16,6,3,2,7,0,0,1,0,0,0,0,0,13.51181,52.55457
8,8401243,2019,2,15,4,2,6,4,0,0,1,1,0,0,0,0,13.49423,52.41877
4,4300517,2019,2,11,6,3,2,6,0,0,0,0,0,1,1,0,13.29972,52.5231
4,4501043,2019,2,10,6,3,5,3,0,0,1,0,0,0,0,0,13.31117,52.49608
1,1100309,2019,2,18,6,3,1,5,1,1,1,0,0,0,0,0,13.40046,52.52365
5,5200629,2019,2,7,4,3,0,2,0,1,1,0,0,0,0,0,13.19529,52.53309
3,3601142,2019,2,14,6,3,5,2,0,1,1,0,0,0,0,0,13.41316,52.54768
3,3601142,2019,2,19,6,3,2,6,2,0,1,0,1,0,0,0,13.40579,52.54611
4,4500936,2019,2,5,4,3,6,4,2,0,1,1,0,0,0,0,13.30367,52.50439
11,11300724,2019,2,10,6,3,5,2,0,1,1,0,0,0,0,0,13.47951,52.51665
4,4501044,2019,2,19,6,3,6,7,2,0,1,1,0,0,0,0,13.31895,52.49813
2,2500830,2019,2,20,6,3,5,3,2,1,1,0,0,0,0,0,13.46398,52.51309
5,5100316,2019,2,7,3,3,2,6,0,0,1,0,0,0,0,0,13.20412,52.53601
7,7601545,2019,2,20,6,3,6,4,2,1,0,1,0,0,0,0,13.41221,52.38777
4,4500939,2019,2,21,6,3,5,2,2,0,1,0,0,0,0,0,13.30795,52.48851
10,10400938,2019,2,11,6,2,5,3,0,1,1,0,0,0,0,0,13.61865,52.51845
5,5100314,2019,2,13,3,3,5,3,0,0,1,0,0,0,0,0,13.20263,52.54984
1,1401047,2019,2,9,6,3,2,6,0,0,1,0,0,0,1,0,13.35897,52.5462
8,8200832,2019,2,14,6,3,5,2,0,0,1,0,0,0,1,0,13.42128,52.41923
10,10100208,2019,2,7,3,3,5,3,0,0,1,0,0,0,1,0,13.57278,52.55017
12,12200414,2019,2,16,6,2,3,6,0,1,1,0,0,0,0,0,13.26123,52.57349
6,6200311,2019,2,20,6,3,0,1,2,0,0,0,1,0,0,0,13.3589,52.43724
9,9501941,2019,2,16,6,2,0,1,0,0,0,0,1,0,0,0,13.58667,52.45145
12,12200414,2019,2,12,3,3,6,4,0,0,1,1,0,0,0,0,13.29393,52.55258
7,7200307,2019,2,16,5,3,3,6,0,0,1,0,0,0,0,0,13.34519,52.49026
7,7400826,2019,2,15,5,3,5,2,0,0,1,0,0,0,1,0,13.36197,52.44725
7,7200307,2019,2,18,5,2,6,2,2,0,1,1,0,0,0,1,13.34501,52.49219
7,7601544,2019,2,15,3,3,5,3,0,0,1,0,0,0,0,0,13.40189,52.39104
8,8100418,2019,2,16,5,3,1,5,0,0,1,0,0,0,0,1,13.44826,52.47871
8,8100310,2019,2,20,5,3,6,2,2,0,1,1,0,0,0,0,13.43795,52.48287
7,7200308,2019,2,11,5,3,2,6,0,0,1,0,0,0,0,1,13.32809,52.46464
4,4400832,2019,2,21,5,3,6,2,2,0,1,1,0,0,0,1,13.29055,52.47531
10,10400940,2019,2,12,3,3,5,3,0,0,1,0,0,0,0,0,13.60094,52.47932
1,1100102,2019,2,19,5,2,5,2,2,0,1,0,1,0,0,1,13.37187,52.5091
2,2300314,2019,2,19,5,3,6,2,2,0,1,1,0,0,0,1,13.41916,52.50132
2,2300316,2019,2,9,3,3,3,6,0,1,0,0,0,1,0,0,13.4446,52.50083
1,7100101,2019,2,19,5,3,5,3,2,1,1,0,0,0,0,1,13.34433,52.50417
8,8100310,2019,2,19,5,3,5,2,2,0,0,0,1,0,1,1,13.43358,52.48483
2,2400625,2019,2,9,3,3,5,2,0,1,1,0,0,0,0,0,13.44093,52.50477
10,10400938,2019,2,19,5,2,6,2,2,0,1,1,0,0,0,1,13.62611,52.52937
4,4200310,2019,2,13,4,3,6,2,0,0,1,1,0,0,0,0,13.25994,52.51607
7,7501134,2019,2,18,5,3,5,2,1,0,1,0,1,0,0,1,13.39642,52.44012
5,5300737,2019,2,17,5,3,5,7,2,0,1,0,1,0,0,1,13.2359,52.54187
1,1100104,2019,2,8,3,3,5,2,0,1,1,0,0,0,0,0,13.36559,52.50311
3,3601245,2019,2,17,5,3,5,3,2,1,1,0,0,0,0,1,13.43647,52.54844
1,1100207,2019,2,15,4,3,2,6,0,0,1,0,0,0,0,0,13.40309,52.51601
4,4500936,2019,2,16,5,3,5,7,0,0,1,0,0,0,0,1,13.30432,52.50357
12,12200515,2019,2,16,5,3,0,2,0,1,1,0,0,0,0,1,13.28055,52.59381
9,9100409,2019,2,6,3,3,3,6,0,0,1,0,0,0,0,0,13.51092,52.45004
6,6300527,2019,2,10,5,3,0,7,0,0,1,0,0,0,0,1,13.25994,52.42926
11,11501238,2019,2,8,5,3,2,2,0,0,1,0,0,0,0,1,13.46984,52.50231
8,8200730,2019,2,8,5,3,5,2,0,0,1,0,0,0,1,1,13.435,52.43927
11,11200411,2019,2,18,3,3,1,1,2,0,1,0,0,0,0,0,13.51615,52.54312
1,1100206,2019,2,8,5,3,6,7,0,0,1,1,0,0,0,1,13.38529,52.52015
10,10300731,2019,2,7,5,3,5,2,0,0,1,0,0,0,1,0,13.54899,52.52801
1,1300834,2019,2,6,5,3,6,2,0,0,1,1,0,0,0,1,13.40168,52.53986
6,6300633,2019,2,8,4,3,5,7,0,0,1,0,0,0,0,0,13.30761,52.44034
9,9200819,2019,2,6,5,2,5,2,0,1,1,0,0,0,0,1,13.5719,52.43004
1,1300733,2019,2,1,5,3,1,1,2,0,1,0,0,0,0,0,13.38808,52.55159
3,3100103,2019,2,5,3,3,2,6,2,0,1,0,0,0,0,0,13.49682,52.63457
4,4100102,2019,2,6,5,3,5,2,1,0,1,0,1,0,0,1,13.29318,52.53451
1,1300835,2019,2,13,5,3,5,3,0,0,1,0,0,0,0,0,13.38274,52.54214
2,2400522,2019,2,12,5,3,5,3,0,0,1,0,1,0,0,1,13.44342,52.51793
1,1100206,2019,2,12,5,3,2,6,0,0,1,0,0,0,0,0,13.38753,52.51865
4,4200204,2019,2,0,3,3,5,3,2,0,1,0,0,0,0,0,13.22172,52.51117
10,10100311,2019,2,12,5,3,6,4,0,0,1,1,0,0,0,1,13.53453,52.5273
5,5100317,2019,2,11,5,2,2,6,0,0,1,0,0,0,1,0,13.23619,52.52697
8,8200832,2019,2,11,5,2,6,2,0,0,0,1,0,0,1,1,13.42129,52.41309
5,5300840,2019,2,16,3,2,5,2,0,0,1,0,0,0,0,0,13.26494,52.53666