BEZ,LOR_ab_2021,UJAHR,UMONAT,USTUNDE,UWOCHENTAG,UKATEGORIE,UART,UTYP1,ULICHTVERH,IstRad,IstPKW,IstFuss,IstKrad,IstGkfz,IstSonstige,USTRZUSTAND,XGCSWGS84,YGCSWGS84
7,7400826,2019,2,9,5,3,0,6,0,1,1,0,0,0,0,0,13.3663,52.44941
3,3300516,2019,2,11,5,2,6,3,0,0,1,1,0,0,0,0,13.44309,52.5711
7,7300619,2019,2,10,5,3,5,3,0,0,1,0,0,0,0,1,13.35874,52.47453
1,1100309,2019,2,18,4,3,3,6,2,1,0,0,0,0,0,0,13.39342,52.52602
10,10300731,2019,2,14,4,3,2,6,0,0,1,0,0,0,0,0,13.56538,52.52493
12,12500825,2019,2,8,4,3,0,6,0,0,1,0,0,0,0,0,13.30029,52.58092
1,1100102,2019,2,17,4,3,0,3,0,1,1,0,0,0,0,0,13.36375,52.5082
11,11401032,2019,2,16,3,3,2,2,0,1,1,0,0,0,1,0,13.51198,52.51014
6,6100205,2019,2,8,4,3,6,4,0,0,1,1,0,0,0,0,13.35398,52.44913
3,3300413,2019,2,5,4,3,5,2,2,1,1,0,0,0,0,0,13.48125,52.60935
3,3200206,2019,2,7,4,3,5,3,0,0,1,0,0,0,0,0,13.40189,52.58735
8,8200622,2019,2,11,3,2,0,1,0,0,0,0,1,0,0,0,13.43826,52.45346
7,7601443,2019,2,7,4,3,5,3,0,1,1,0,0,0,0,0,13.41908,52.39748
10,10200630,2019,2,11,5,3,5,3,0,0,1,0,0,0,0,0,13.58946,52.52328
8,8100102,2019,2,12,4,3,2,6,0,0,1,0,0,0,0,0,13.40967,52.48193
10,11200515,2019,2,13,4,3,0,3,0,0,1,0,0,0,1,0,13.51698,52.53564
2,2200210,2019,2,16,3,3,3,6,0,1,1,0,0,0,0,0,13.39514,52.49694
4,4500936,2019,2,10,4,3,6,2,0,0,1,1,0,0,0,0,13.3073,52.49995
8,8100102,2019,2,11,4,3,0,2,0,0,1,0,1,0,0,0,13.42539,52.47977
1,1200520,2019,2,11,4,3,1,5,0,1,1,0,0,0,0,0,13.33731,52.52653
5,5300735,2019,2,14,4,3,5,3,0,0,1,0,0,0,0,0,13.22266,52.54001
1,1100311,2019,2,18,2,2,0,7,2,0,0,0,1,0,0,0,13.42046,52.52478
1,1200626,2019,2,11,4,3,6,3,0,0,1,1,0,0,0,0,13.34629,52.52496
1,1200626,2019,2,13,4,3,5,2,0,1,1,0,0,0,0,0,13.34615,52.52498
8,8100313,2019,2,14,2,3,1,5,0,0,1,0,0,0,0,0,13.44586,52.48604
2,2300316,2019,2,14,4,3,3,6,0,1,1,0,0,0,0,0,13.44121,52.50057
4,4501042,2019,2,15,4,3,5,2,0,0,1,0,0,0,0,0,13.33428,52.50782
4,4300619,2019,2,10,4,3,0,1,0,0,0,0,1,0,0,0,13.31349,52.51531
1,1200517,2019,2,8,2,3,2,6,0,0,0,0,0,1,1,0,13.32703,52.53611
5,5100209,2019,2,16,4,2,5,3,0,0,1,0,0,0,0,0,13.18481,52.54758
7,7200307,2019,2,17,5,3,5,2,1,0,1,0,0,0,0,0,13.34493,52.49036
3,3500936,2019,2,17,4,2,6,4,0,0,1,1,0,0,0,0,13.4555,52.5462
8,8200727,2019,2,17,4,3,2,6,1,0,1,0,0,0,0,0,13.43391,52.44302
10,10100312,2019,2,7,2,3,0,7,0,1,0,0,0,0,0,0,13.54808,52.53398
3,3601245,2019,2,18,4,2,6,4,1,0,1,1,0,0,0,0,13.43548,52.54542
2,2200208,2019,2,12,3,3,5,2,0,0,1,0,0,0,0,0,13.38946,52.49601
6,6100103,2019,2,18,2,3,5,2,2,1,0,0,0,0,1,0,13.31,52.46671
3,3300517,2019,2,17,2,3,1,5,1,1,0,0,0,1,0,0,13.46763,52.5707
4,4300623,2019,2,8,3,3,0,4,0,1,0,1,0,0,0,0,13.31395,52.50676
1,1100206,2019,2,10,3,3,5,7,0,0,1,0,0,0,0,0,13.38542,52.51898
3,3400723,2019,2,17,2,2,6,4,0,0,1,1,0,0,0,0,13.39736,52.56585
4,4501040,2019,2,16,3,3,1,5,0,1,1,0,0,0,0,0,13.30844,52.50022
5,5100208,2019,2,15,3,3,5,7,0,0,1,0,1,0,0,0,13.16537,52.55115
6,6300527,2019,2,16,2,3,0,2,0,1,0,0,0,0,1,0,13.26654,52.43057
3,3500932,2019,2,14,3,3,4,7,0,0,1,0,0,0,0,0,13.45337,52.55836
2,2200212,2019,2,12,4,3,2,6,0,0,1,0,0,0,0,0,13.42284,52.48688
12,12200414,2019,2,12,3,3,5,3,0,0,1,0,0,0,1,0,13.30594,52.55471
12,12500930,2019,2,11,3,3,5,3,0,0,1,0,0,0,1,0,13.33853,52.58996
2,2200211,2019,2,16,2,3,5,3,0,0,1,0,0,0,0,0,13.3944,52.48469
6,6200313,2019,2,10,3,3,2,6,0,0,1,0,0,0,0,0,13.34398,52.43862
11,11100309,2019,2,9,3,3,2,4,0,0,1,1,1,0,0,0,13.50537,52.56322
9,9401330,2019,2,9,3,3,0,1,0,1,0,0,0,0,0,0,13.58819,52.42094
12,12200414,2019,2,16,2,3,5,3,0,0,1,0,1,0,0,0,13.30594,52.55471
2,2500830,2019,2,8,3,3,5,7,0,1,1,0,0,0,0,0,13.46429,52.5137
1,1400938,2019,2,8,3,3,5,3,0,1,1,0,0,0,0,0,13.3332,52.5609
1,1200522,2019,2,8,3,3,5,2,0,1,1,0,0,0,0,0,13.34272,52.52532
12,12200414,2019,2,7,3,3,6,4,0,1,0,1,0,0,0,0,13.29193,52.57552
1,1100102,2019,2,22,3,3,0,7,2,1,0,0,0,0,0,0,13.37482,52.50865
8,8100104,2019,2,20,3,3,6,4,2,0,1,1,0,0,0,1,13.43187,52.46656
8,8100310,2019,2,18,3,3,5,2,2,1,1,0,0,0,0,0,13.44001,52.48694
6,6400838,2019,2,11,4,3,5,2,0,1,1,0,0,0,0,0,13.23226,52.43771
12,12100101,2019,2,17,3,3,3,6,2,1,1,0,0,0,0,0,13.37799,52.56451
1,1100311,2019,2,17,3,3,2,6,2,1,1,0,0,0,0,0,13.41802,52.51518
12,12400616,2019,2,15,2,3,0,7,0,0,0,0,0,0,1,0,13.22644,52.58325
1,1200517,2019,2,17,3,3,6,4,1,0,1,1,0,0,0,0,13.31597,52.52917
9,9300920,2019,2,14,2,3,5,2,0,0,1,0,0,0,0,0,13.53534,52.41069
8,8100207,2019,2,7,2,3,5,3,0,0,1,0,0,0,0,0,13.43111,52.47825
6,6300631,2019,2,15,2,3,2,6,0,0,1,0,0,0,1,0,13.31093,52.43073
2,2400625,2019,2,19,2,3,1,5,2,1,1,0,0,0,1,0,13.43514,52.50819
9,9501941,2019,2,13,2,2,6,4,0,1,0,1,0,0,0,0,13.57669,52.45519
1,1100103,2019,2,21,2,3,5,3,2,1,1,0,0,0,0,0,13.35154,52.50556
2,2100106,2019,2,19,2,3,3,6,2,0,1,0,1,0,0,0,13.41682,52.49895
9,9200819,2019,2,17,2,3,2,7,2,0,1,0,0,0,0,0,13.56961,52.44219
7,7100204,2019,2,17,2,3,6,4,1,1,0,1,0,0,0,0,13.35376,52.49391
2,2200211,2019,2,15,2,3,4,5,0,1,0,0,0,0,0,0,13.38816,52.48991
4,4501042,2019,2,17,2,2,0,6,0,0,1,0,0,0,1,0,13.3368,52.50522
8,8100206,2019,2,17,2,3,6,4,0,0,1,1,0,0,0,0,13.42501,52.48101
2,2100102,2019,2,9,4,2,5,3,0,0,1,0,0,0,0,0,13.39711,52.50035
12,12100101,2019,2,14,2,3,5,3,0,1,1,0,0,0,0,0,13.37838,52.56596
8,8100520,2019,2,14,2,3,5,3,0,0,1,0,0,0,0,0,13.4646,52.47021
10,10200420,2019,2,14,2,3,2,6,0,0,1,0,0,0,0,0,13.59175,52.53696
11,11200514,2019,2,12,2,3,5,3,0,1,0,0,0,0,1,0,13.49968,52.53459
10,11300721,2019,2,11,2,3,3,6,0,0,1,0,0,0,0,0,13.51667,52.5353
3,3200207,2019,2,11,2,3,0,5,0,1,1,0,0,0,0,0,13.40717,52.58256
5,5100105,2019,2,14,2,3,3,6,0,1,1,0,0,0,0,0,13.18803,52.55553
9,9401534,2019,2,11,2,2,0,1,0,1,0,0,0,0,0,0,13.57755,52.44466
1,1400942,2019,2,10,2,3,2,6,0,0,1,0,0,0,0,0,13.35437,52.54696
4,4300414,2019,2,8,2,2,6,4,0,0,1,1,0,0,0,0,13.28879,52.51183
8,8401139,2019,2,13,2,3,1,1,0,0,1,0,0,0,1,0,13.46281,52.43286
1,1100415,2019,2,17,2,3,5,3,0,0,1,0,1,0,0,0,13.39604,52.53243
7,7200411,2019,2,16,2,3,5,2,0,1,0,0,0,0,0,0,13.35408,52.48728
11,11200411,2019,2,13,2,2,6,4,0,0,1,1,0,0,0,0,13.49729,52.5466
3,3200309,2019,2,16,2,3,5,2,0,1,1,0,0,0,0,0,13.43472,52.61309
6,6300629,2019,2,16,2,3,5,2,0,0,1,0,0,0,0,0,13.29383,52.44559
12,12200308,2019,2,13,2,3,2,6,0,0,1,0,1,0,0,0,13.3199,52.57599
1,1100102,2019,2,15,2,3,3,2,0,0,1,0,1,0,0,0,13.35021,52.51369
4,4400832,2019,2,15,5,2,5,3,0,0,1,0,0,0,0,0,13.28977,52.47076
9,9200512,2019,2,14,2,3,5,3,0,1,1,0,0,0,0,0,13.53425,52.45726
1,1200522,2019,2,14,2,3,5,5,0,0,1,0,1,0,0,0,13.34186,52.52549
9,9100305,2019,2,10,2,3,6,4,0,0,1,1,0,0,0,0,13.48422,52.46314
3,3601449,2019,2,20,1,3,6,4,2,0,1,1,0,0,0,0,13.44064,52.54052
1,1100102,2019,2,23,5,3,5,2,2,0,1,0,0,0,0,0,13.37122,52.51111
7,7200308,2019,2,13,1,3,1,5,0,1,1,0,0,0,0,0,13.34345,52.48419
8,8200831,2019,2,14,1,3,2,6,0,0,1,0,0,0,0,0,13.40601,52.41562
3,3200207,2019,2,10,2,3,3,6,0,0,1,0,0,1,0,0,13.40643,52.588
9,9100409,2019,2,9,1,3,3,6,0,1,0,0,0,0,1,0,13.51201,52.44878
5,5100316,2019,2,18,1,2,2,4,2,0,1,1,0,0,0,0,13.19976,52.53476
11,11401137,2019,2,10,2,3,6,2,0,0,1,1,0,0,0,0,13.50968,52.4963
4,4400835,2019,2,16,1,3,1,5,0,1,1,0,0,0,0,0,13.31662,52.47002
2,2100101,2019,2,21,1,2,6,2,2,0,1,1,0,0,0,0,13.38647,52.50531
1,1100206,2019,2,9,2,3,0,7,0,0,1,0,1,0,0,0,13.38805,52.52157
2,2400521,2019,2,21,1,2,5,2,2,0,1,0,1,0,0,0,13.44063,52.51708
11,11300619,2019,2,13,4,3,5,2,0,1,1,0,0,0,0,0,13.46887,52.53135
1,1100207,2019,2,17,1,3,5,2,1,1,1,0,0,0,0,0,13.40122,52.51116
9,9401534,2019,2,15,1,3,6,4,0,1,0,1,0,0,0,0,13.58027,52.44326
4,4500939,2019,2,9,2,3,5,7,0,0,1,0,0,0,1,0,13.30789,52.48865
1,1300733,2019,2,15,1,3,6,2,0,0,1,1,0,0,0,0,13.38416,52.55604
2,2300419,2019,2,15,1,3,2,6,0,1,1,0,0,0,0,0,13.44478,52.49959
11,11300620,2019,2,14,1,3,5,3,0,0,1,0,0,0,0,0,13.47597,52.53308
12,12400723,2019,2,8,2,3,2,6,0,0,1,0,0,0,0,0,13.29535,52.6104
1,1401047,2019,2,14,1,3,2,1,0,1,1,0,0,0,0,0,13.35623,52.54205
4,4100101,2019,2,3,1,3,9,1,2,0,1,0,0,0,0,0,13.29487,52.53963
2,2300316,2019,2,14,1,3,1,5,0,0,1,0,0,0,0,0,13.43295,52.50533
1,1100310,2019,2,22,2,3,5,2,2,1,1,0,0,0,0,0,13.41671,52.52187
1,1100206,2019,2,18,1,2,5,2,2,1,1,0,0,0,0,0,13.39626,52.51759
7,7200308,2019,2,21,1,2,5,2,2,0,1,0,0,0,1,0,13.34533,52.48459
10,10100316,2019,2,15,1,2,5,2,0,0,1,0,0,0,0,0,13.5775,52.54779
12,12100101,2019,2,5,2,3,2,6,2,0,1,0,0,0,0,0,13.37708,52.56095
2,2200209,2019,2,8,1,3,1,5,0,0,1,0,0,0,1,0,13.38501,52.48497
6,6400737,2019,2,8,4,3,5,3,0,1,1,0,0,0,0,0,13.19787,52.43508
11,11100101,2019,2,10,7,3,5,2,0,0,1,0,1,0,0,0,13.51392,52.57623
1,1200628,2019,2,2,7,3,6,4,2,0,1,1,0,0,0,0,13.36775,52.52583
9,9401329,2019,2,6,2,3,2,6,1,0,1,0,0,0,0,0,13.58538,52.42785
4,4501042,2019,2,22,7,3,5,3,2,1,1,0,0,0,0,0,13.33155,52.50513
2,2300314,2019,2,21,7,3,3,6,2,1,1,0,0,0,0,0,13.42602,52.50371
4,4300623,2019,2,18,7,3,1,5,2,0,1,0,0,0,0,0,13.30926,52.50787
12,12200411,2019,2,7,2,3,3,6,0,0,1,0,0,1,0,0,13.32976,52.56852
10,10200420,2019,2,17,7,3,5,3,1,0,1,0,0,0,1,0,13.58874,52.53932
7,7100101,2019,2,11,7,3,5,2,0,1,1,0,0,0,0,0,13.34356,52.50152
3,3300413,2019,2,9,7,3,5,3,0,0,1,0,0,0,0,0,13.47403,52.60998
5,5100105,2019,2,16,7,3,0,7,0,0,1,0,0,0,0,0,13.18891,52.55792
12,12200411,2019,2,20,2,3,1,5,2,0,1,0,0,0,0,0,13.32246,52.56751
4,4501042,2019,2,15,7,3,6,4,0,0,1,1,0,0,0,0,13.33035,52.50531
8,8100209,2019,2,14,7,3,5,2,0,1,1,0,0,0,0,0,13.44281,52.46506
2,2200210,2019,2,14,7,3,2,6,0,0,1,0,0,0,0,0,13.40012,52.49449
3,3501038,2019,2,7,4,3,5,2,0,1,1,0,0,0,0,0,13.48002,52.55327
4,4500939,2019,2,13,7,2,6,7,0,0,1,1,0,0,0,0,13.31316,52.49017
7,7400720,2019,2,13,7,3,6,4,0,0,1,1,0,0,0,0,13.37755,52.48339
10,10100312,2019,2,19,2,3,6,7,2,0,1,1,0,0,0,0,13.54333,52.53319
7,7601341,2019,2,13,7,3,2,6,0,0,1,0,0,0,0,0,13.37816,52.4077
1,1100206,2019,2,20,6,2,5,3,2,1,1,0,0,0,0,0,13.38209,52.51911
5,5100316,2019,2,19,6,3,2,6,2,0,1,0,0,0,0,0,13.20592,52.53952
12,12400723,2019,2,7,2,3,1,5,0,1,1,0,0,0,0,0,13.30627,52.62004
3,3601244,2019,2,21,6,3,6,4,2,1,0,1,0,0,0,0,13.42053,52.54865
5,5100312,2019,2,10,5,2,1,7,0,0,1,0,0,0,1,0,13.19881,52.55325
4,5300840,2019,2,20,6,3,2,6,2,0,1,0,1,0,0,0,13.28193,52.53383
12,12601235,2019,2,18,6,3,2,6,2,0,1,0,0,0,0,0,13.35138,52.59643
10,10300732,2019,2,21,2,2,9,1,2,0,0,0,1,0,0,0,13.5697,52.51701
9,9401329,2019,2,8,6,3,5,3,0,0,1,0,0,0,1,0,13.59307,52.43275
4,4501042,2019,2,8,6,3,1,5,0,0,1,0,1,0,0,0,13.34018,52.50385
8,8100419,2019,2,8,6,3,6,4,0,0,1,1,0,0,0,0,13.44716,52.48387
4,4501152,2019,2,7,6,3,5,2,0,1,1,0,0,0,0,0,13.33103,52.48927
7,7300618,2019,2,7,2,3,0,1,0,0,0,0,1,0,0,0,13.33446,52.46824
1,1200522,2019,2,15,6,2,6,2,0,0,1,1,0,0,0,0,13.33577,52.52043
12,12100205,2019,2,15,6,3,2,6,0,0,1,0,0,0,0,0,13.34134,52.58839
3,3200206,2019,2,8,2,3,5,3,0,1,1,0,0,0,0,0,13.39736,52.58003
1,1100102,2019,2,15,6,3,1,5,0,1,1,0,0,0,0,0,13.37394,52.51151
9,9100101,2019,2,16,6,2,2,7,0,1,1,0,0,0,0,0,13.45654,52.48714
1,1401049,2019,2,7,6,2,2,7,0,1,0,0,0,0,0,0,13.36108,52.55538
4,4100101,2019,2,16,1,3,2,6,0,0,1,0,0,0,0,0,13.32612,52.53831
10,10200629,2019,2,7,6,3,3,6,0,0,1,0,0,1,0,0,13.58727,52.52239
11,11200512,2019,2,18,5,3,2,6,1,0,1,0,0,0,0,0,13.47304,52.53642
8,8100310,2019,2,7,6,3,6,2,0,0,1,1,0,0,0,0,13.43385,52.48981
7,7501031,2019,2,7,6,3,5,3,1,1,1,0,0,0,0,0,13.3899,52.45311
7,7601442,2019,2,16,1,3,0,7,0,0,0,1,0,0,1,0,13.39305,52.41264
1,1100205,2019,2,6,6,3,2,6,0,0,1,0,0,0,0,0,13.37714,52.51208
2,2200209,2019,2,5,6,2,5,2,2,1,1,0,0,0,0,0,13.37671,52.48948
9,9200717,2019,2,16,1,3,2,6,0,0,1,0,0,0,0,0,13.55016,52.43867
9,9200510,2019,2,5,6,2,3,6,2,0,1,0,0,1,0,0,13.51918,52.47286
3,3500932,2019,2,16,6,3,6,4,0,0,1,1,0,0,0,0,13.45226,52.55786
8,8401139,2019,2,16,1,3,1,5,0,0,1,0,0,0,1,0,13.45507,52.43527
3,3400830,2019,2,16,6,2,2,6,1,0,1,0,0,0,0,0,13.41752,52.56862
8,8200832,2019,2,17,6,3,1,1,1,0,1,0,0,0,1,0,13.41719,52.41777
2,2200208,2019,2,8,6,3,2,3,0,1,1,0,0,0,0,0,13.38935,52.49611
1,1100310,2019,2,16,1,3,5,7,0,0,1,0,0,0,0,0,13.41521,52.52091
2,2200210,2019,2,8,6,3,5,2,0,1,1,0,0,0,0,0,13.39782,52.49528
3,3601244,2019,2,14,4,3,3,6,0,0,1,0,0,0,0,0,13.42519,52.55273
6,6300629,2019,2,18,6,3,5,2,1,0,1,0,0,0,1,0,13.29025,52.4445
3,3701554,2019,2,18,6,3,6,4,1,0,1,1,0,0,0,0,13.41023,52.52976
4,4501045,2019,2,17,1,3,5,7,1,1,1,0,0,0,0,0,13.32468,52.4991
9,9501941,2019,2,9,6,3,3,6,0,1,0,0,0,0,0,0,13.56786,52.45419
8,8200622,2019,2,18,6,3,5,3,2,0,1,0,0,0,0,0,13.44227,52.45656
5,5300737,2019,2,15,6,3,5,2,0,1,1,0,0,0,0,0,13.23264,52.53944
4,4100102,2019,2,17,1,3,2,7,2,0,1,0,0,1,0,0,13.29273,52.53427
11,11300724,2019,2,10,6,3,5,3,0,0,1,0,0,0,0,0,13.48967,52.51227
4,4300619,2019,2,7,4,3,6,4,0,0,1,1,0,0,0,0,13.31739,52.51748
2,2200209,2019,3,23,2,3,5,3,2,0,1,0,0,0,0,1,13.38798,52.49298
9,9200819,2019,3,17,5,3,6,2,0,0,1,1,0,0,0,1,13.56217,52.43723
7,7200307,2019,3,8,2,3,5,2,0,0,1,0,0,0,0,1,13.34517,52.49121
12,12100103,2019,3,22,2,3,9,1,2,0,1,0,0,0,0,1,13.36615,52.57238
6,6400737,2019,3,16,5,2,5,3,0,1,1,0,0,0,0,1,13.20506,52.42454
4,4501042,2019,3,8,2,3,1,5,0,1,1,0,0,0,1,1,13.33341,52.50579
3,3500936,2019,3,5,1,3,1,1,2,0,1,0,0,0,0,0,13.461,52.54547
11,11200512,2019,3,5,1,3,2,6,2,0,1,0,0,0,0,0,13.46753,52.547
12,12500824,2019,3,16,5,3,5,3,1,1,1,0,0,0,0,1,13.29163,52.5925
9,9100101,2019,3,20,1,3,6,2,2,0,1,1,0,0,0,1,13.45047,52.48919
2,2200209,2019,3,19,5,3,5,3,2,1,1,0,0,0,0,1,13.38762,52.49305
7,7100102,2019,3,19,1,3,5,2,2,1,1,0,0,0,0,1,13.34599,52.49696
2,2500835,2019,3,20,1,3,5,2,2,1,1,0,0,0,0,1,13.45707,52.50299
11,11401137,2019,3,18,1,3,6,2,1,0,1,1,0,0,0,1,13.50944,52.49633
2,2200212,2019,3,20,1,2,5,7,2,0,1,0,0,0,0,1,13.41203,52.48853
12,12200411,2019,3,19,1,3,5,3,2,0,1,0,0,0,0,1,13.33064,52.56247
10,10200420,2019,3,18,1,2,6,2,2,0,1,1,0,0,0,1,13.59155,52.54473
4,4300624,2019,3,18,1,3,6,2,2,0,1,1,0,0,0,1,13.32008,52.50582
5,5100101,2019,3,8,1,2,9,1,0,0,1,0,0,0,0,1,13.20344,52.5871
1,1100207,2019,3,16,5,3,5,2,0,1,0,0,0,0,1,1,13.40014,52.50953
8,8100417,2019,3,17,1,3,2,6,1,0,1,0,0,0,0,1,13.44389,52.47976
10,10300734,2019,3,16,5,3,5,3,0,1,1,0,0,0,0,1,13.55532,52.49788
1,1300835,2019,3,14,1,3,0,1,0,0,0,0,1,0,0,1,13.39292,52.53725
6,6200317,2019,3,14,1,3,5,7,0,0,1,0,0,0,0,1,13.35822,52.42139
7,7100102,2019,3,12,1,3,2,6,0,0,1,0,0,0,0,1,13.3464,52.50119
11,11300619,2019,3,15,5,3,5,2,0,1,1,0,0,0,0,1,13.47972,52.52385
1,1200628,2019,3,12,1,3,5,2,0,1,1,0,0,0,0,1,13.36084,52.52382
1,1100102,2019,3,19,5,3,5,3,2,0,1,0,1,0,0,1,13.34898,52.5148
12,12100101,2019,3,12,1,3,5,2,0,0,1,0,0,0,0,1,13.36455,52.56269
8,8100208,2019,3,20,7,3,5,3,2,1,1,0,0,0,0,1,13.43133,52.46788
3,3200206,2019,3,15,5,3,5,3,0,0,1,0,0,0,0,1,13.40188,52.58734
3,3100101,2019,3,14,7,2,5,2,0,0,1,0,0,0,0,1,13.47957,52.64368
5,5100316,2019,3,15,7,3,0,6,0,0,1,0,1,0,0,1,13.20045,52.53677
12,12200414,2019,3,20,5,3,6,4,2,0,0,1,1,0,0,1,13.29521,52.5764
5,5100317,2019,3,8,7,2,1,5,0,0,1,0,1,0,0,1,13.23152,52.52774
8,8401139,2019,3,16,7,3,5,3,0,0,1,0,0,0,0,1,13.46026,52.43533
12,12500824,2019,3,17,7,3,6,4,1,0,1,1,0,0,0,0,13.29658,52.59774
4,4500936,2019,3,20,5,3,5,2,2,1,1,0,0,0,0,1,13.30384,52.49937
7,7601341,2019,3,17,7,3,5,7,1,0,1,0,0,0,0,1,13.37076,52.40831
5,5100315,2019,3,20,5,2,5,7,2,0,1,0,0,0,0,1,13.1985,52.54278
12,12100103,2019,3,19,7,3,6,2,2,0,1,1,0,0,0,1,13.3607,52.57031
7,7400823,2019,3,13,7,3,2,7,0,0,1,0,0,0,0,0,13.38333,52.45582
4,4500936,2019,3,22,5,3,6,2,2,0,1,1,0,0,0,1,13.30462,52.5036
12,12100204,2019,3,23,5,3,1,5,2,1,1,0,0,0,1,1,13.36317,52.56625
4,4500936,2019,3,12,7,3,3,6,0,0,1,0,0,0,0,0,13.30553,52.50241
6,6300527,2019,3,9,7,3,5,3,0,0,1,0,0,0,0,1,13.25822,52.43541
12,12200411,2019,3,16,5,3,2,6,0,0,1,0,0,0,0,1,13.32824,52.56477
12,12100204,2019,3,9,7,3,5,2,0,0,1,0,0,0,1,0,13.35387,52.56209
10,10200417,2019,3,15,7,3,6,4,0,1,0,1,0,0,0,1,13.58737,52.54928
8,8100521,2019,3,14,5,3,5,7,0,0,1,0,0,0,1,1,13.47094,52.46605
2,2200209,2019,3,2,7,3,5,2,2,0,1,0,0,0,0,0,13.38649,52.49008
2,2100102,2019,3,19,7,2,6,4,2,0,1,1,0,0,0,1,13.39456,52.50588
9,9100306,2019,3,15,5,3,2,6,0,0,1,0,0,0,0,1,13.47563,52.45635
6,6300634,2019,3,19,7,2,5,2,2,1,1,0,0,0,0,1,13.30951,52.43147
9,9300920,2019,3,16,5,3,5,2,1,0,1,0,0,0,0,1,13.531,52.41558
12,12601236,2019,3,19,7,3,6,2,2,0,1,1,0,0,0,1,13.34742,52.59622
4,4400833,2019,3,19,7,3,5,2,2,0,1,0,0,0,0,1,13.30818,52.47785
4,4501152,2019,3,23,5,2,9,1,2,0,1,0,0,0,0,1,13.33711,52.49407
6,6100205,2019,3,19,7,3,6,2,2,0,1,1,0,0,0,1,13.34649,52.45004
8,8100104,2019,3,20,7,3,5,3,2,1,1,0,0,0,0,1,13.42959,52.47029
9,9200819,2019,3,20,7,3,8,1,2,0,1,0,0,0,0,1,13.56208,52.43763
8,8100104,2019,3,18,5,3,6,2,1,0,1,1,0,0,0,0,13.43282,52.46481
8,8200727,2019,3,10,7,3,5,2,0,0,1,0,0,0,0,0,13.43363,52.44533
9,9200715,2019,3,20,7,3,5,3,2,0,1,0,0,0,0,1,13.52698,52.43766
8,8200622,2019,3,21,7,2,6,4,2,0,1,1,0,0,0,1,13.43718,52.45608
1,1300835,2019,3,18,5,3,0,1,2,0,0,0,1,0,0,1,13.39132,52.53623
4,4501042,2019,3,22,7,3,5,3,2,0,1,0,0,0,0,1,13.33077,52.50055
8,8100208,2019,3,23,7,3,5,3,2,0,1,0,0,0,0,1,13.43553,52.46908
8,8100417,2019,3,11,6,3,5,3,0,0,1,0,0,0,0,1,13.45238,52.47279
7,7601544,2019,3,13,5,3,5,3,0,1,1,0,0,0,0,0,13.39865,52.3865
1,1401044,2019,3,23,6,2,6,4,2,0,1,1,0,0,0,0,13.37608,52.55369
9,9502043,2019,3,1,5,3,9,1,2,0,1,0,0,0,0,1,13.58737,52.46859
3,3601142,2019,3,23,6,3,6,4,2,0,1,1,0,0,0,0,13.40969,52.54744
2,2100102,2019,3,17,6,3,2,6,0,1,1,0,0,0,0,0,13.39063,52.50603
3,3100103,2019,3,6,5,2,6,4,0,0,1,1,0,0,0,1,13.50658,52.63784
9,9200510,2019,3,17,6,2,1,1,0,0,1,0,0,0,1,0,13.5103,52.46407
3,3400723,2019,3,16,6,2,6,4,0,0,1,1,0,0,0,0,13.40465,52.57228
3,3601244,2019,3,14,6,3,5,3,0,0,1,0,0,0,0,1,13.42703,52.55221
8,8100418,2019,3,13,5,3,5,3,0,0,1,0,0,0,0,1,13.45241,52.48119
2,2100104,2019,3,8,6,3,5,3,0,1,1,0,0,0,0,0,13.41097,52.50391
9,9100305,2019,3,19,5,3,3,6,2,1,0,0,0,0,0,1,13.49057,52.47217
4,4400727,2019,3,5,5,3,0,3,2,0,1,0,1,0,0,1,13.29396,52.48414
1,1300733,2019,3,17,5,3,2,6,0,0,1,0,0,0,0,1,13.38492,52.55598
4,4501045,2019,3,6,5,2,5,2,0,1,1,0,0,0,0,1,13.33037,52.49539
9,9200510,2019,3,7,5,3,5,3,0,0,1,0,0,0,1,1,13.50263,52.4808
8,8401242,2019,3,8,5,2,5,3,0,1,1,0,0,0,0,1,13.47948,52.41039
6,6400844,2019,3,22,5,3,6,7,2,0,1,1,0,0,0,1,13.27549,52.45063
2,2100104,2019,3,23,5,3,5,3,2,1,1,0,0,0,0,0,13.41768,52.49927
2,2300314,2019,3,20,5,3,1,5,2,1,1,0,0,0,0,1,13.41984,52.50113
3,3300516,2019,3,13,5,3,5,3,0,0,1,0,0,0,1,1,13.44128,52.56856
10,10200524,2019,3,20,5,3,5,3,2,0,1,0,0,0,0,0,13.60991,52.53393
8,8100102,2019,3,19,5,3,2,5,2,1,1,0,0,0,0,0,13.42544,52.4796
9,9502043,2019,3,8,5,3,5,3,0,1,1,0,0,0,0,1,13.57044,52.47352
6,6200313,2019,3,18,5,3,6,2,1,0,1,1,0,0,0,0,13.34851,52.43494
2,2200209,2019,3,18,5,3,5,2,2,1,1,0,0,0,0,1,13.38612,52.48487
2,2300314,2019,3,18,5,3,2,6,0,1,1,0,0,0,0,1,13.41662,52.50208
6,6300634,2019,3,8,5,3,1,5,0,1,1,0,0,0,0,1,13.28266,52.4329
12,12200411,2019,3,17,5,3,3,6,0,0,1,0,0,0,1,1,13.32681,52.56441
2,2300316,2019,3,17,5,3,5,3,1,0,1,0,1,0,0,1,13.43189,52.50565
4,4300623,2019,3,17,5,3,2,6,0,0,1,0,0,0,0,0,13.30723,52.50662
2,2300314,2019,3,17,5,3,6,4,0,1,0,1,0,0,0,1,13.4202,52.49902
1,1401047,2019,3,12,5,3,5,2,0,0,1,0,0,0,0,1,13.34504,52.53912
9,9501941,2019,3,17,5,3,2,1,0,0,1,0,0,0,0,0,13.57133,52.44473
3,3100103,2019,3,16,5,3,0,3,0,0,1,0,1,0,0,1,13.5055,52.63687
1,1200520,2019,3,12,5,3,2,6,0,0,1,0,0,0,0,1,13.33377,52.52696
1,1100415,2019,3,16,5,3,2,7,0,1,1,0,0,0,0,1,13.39062,52.53
1,1200626,2019,3,16,5,3,2,2,0,0,1,0,1,0,0,1,13.35093,52.52432
8,8200832,2019,3,15,5,3,2,1,0,0,1,0,0,0,0,0,13.43633,52.42396
10,10400835,2019,3,10,5,3,5,3,0,0,1,0,0,0,0,1,13.59774,52.52452
2,2300316,2019,3,7,5,3,5,2,0,1,1,0,0,0,0,1,13.43034,52.49944
12,12200411,2019,3,8,5,2,5,3,0,0,1,0,0,1,0,0,13.31964,52.57045
1,1100416,2019,3,8,5,3,2,6,0,0,1,0,1,0,0,1,13.39624,52.53796