BEZ,LOR_ab_2021,UJAHR,UMONAT,USTUNDE,UWOCHENTAG,UKATEGORIE,UART,UTYP1,ULICHTVERH,IstRad,IstPKW,IstFuss,IstKrad,IstGkfz,IstSonstige,USTRZUSTAND,XGCSWGS84,YGCSWGS84
5,5200629,2019,4,20,3,3,0,1,2,1,0,0,0,0,0,0,13.19667,52.53106
8,8100521,2019,4,15,5,3,6,4,0,0,1,1,0,0,0,0,13.47468,52.46353
5,5200528,2019,3,11,1,3,5,3,0,1,1,0,0,0,0,0,13.16952,52.51822
1,1100206,2019,4,17,3,3,0,1,0,1,0,0,0,0,0,0,13.38923,52.52202
2,2500830,2019,4,18,3,3,0,1,0,1,0,0,0,0,0,0,13.45387,52.51406
10,10100311,2019,4,9,5,3,5,2,0,1,1,0,0,0,0,0,13.52165,52.52592
4,4300517,2019,3,12,1,3,5,2,0,0,1,0,0,0,0,0,13.29639,52.52929
3,3300413,2019,4,7,3,2,5,3,0,1,1,0,0,0,0,0,13.47951,52.61255
7,7501031,2019,4,18,7,2,5,3,0,1,1,0,0,0,0,0,13.40809,52.45248
7,7100206,2019,4,16,3,3,1,5,0,1,1,0,0,0,0,0,13.36598,52.49555
1,1100102,2019,4,16,3,3,5,2,0,0,1,0,1,0,0,0,13.37083,52.5178
1,1100206,2019,4,10,5,3,6,4,0,0,0,1,0,0,1,0,13.38844,52.51925
5,5200629,2019,3,13,7,3,5,3,0,0,1,0,0,0,0,0,13.19545,52.53337
9,9200715,2019,4,16,3,3,5,2,0,1,1,0,0,0,0,0,13.53522,52.4324
1,1100309,2019,4,23,7,3,5,7,2,0,1,0,0,0,1,0,13.40959,52.52867
7,7601236,2019,4,16,3,3,0,6,0,0,1,0,0,0,1,0,13.35971,52.41894
3,3200204,2019,3,15,7,3,5,3,0,1,1,0,0,0,0,0,13.38163,52.62861
7,7400927,2019,4,15,3,3,5,2,0,1,1,0,0,0,0,0,13.40994,52.45537
12,12100205,2019,3,15,7,3,1,1,0,0,1,0,0,1,0,0,13.3427,52.56657
11,11300724,2019,4,15,3,2,6,4,0,0,1,1,0,0,0,0,13.47696,52.52298
1,1100308,2019,4,13,6,3,3,6,0,0,1,0,1,0,0,0,13.37728,52.52887
4,4300517,2019,4,14,3,2,6,4,0,0,1,1,0,0,0,0,13.2992,52.52353
4,4300412,2019,4,14,3,3,2,6,0,0,1,0,1,0,0,0,13.28471,52.51873
3,3601141,2019,3,14,7,3,5,3,0,1,0,0,0,0,0,0,13.41344,52.54966
8,8100521,2019,4,14,3,3,2,6,0,0,1,0,0,0,0,0,13.47081,52.46614
7,7501031,2019,4,16,5,3,5,2,0,0,1,0,1,0,0,0,13.3879,52.45305
7,7400720,2019,3,14,7,3,5,2,0,0,1,0,1,0,0,0,13.37702,52.48334
12,12100204,2019,4,14,3,3,5,2,0,0,1,0,0,0,1,0,13.36291,52.56663
11,11300724,2019,4,17,1,2,5,7,0,0,1,0,1,0,0,0,13.47369,52.52298
1,1100310,2019,4,14,3,3,5,2,0,1,1,0,0,0,0,0,13.40977,52.52402
2,2400520,2019,4,7,5,3,6,4,0,0,1,1,0,0,0,0,13.43026,52.52452
3,3200207,2019,3,14,7,3,2,2,0,0,1,0,0,0,0,0,13.41958,52.59127
2,2200209,2019,4,13,3,3,0,1,0,1,0,0,0,0,1,0,13.37739,52.48947
4,4501150,2019,4,16,7,3,1,5,0,1,1,0,0,0,0,0,13.32303,52.49049
12,12200515,2019,4,13,3,3,5,2,0,0,1,0,0,0,0,0,13.28083,52.59378
7,7601546,2019,3,14,7,2,5,2,0,1,1,0,0,0,0,0,13.38885,52.39842
3,3400723,2019,4,13,3,3,5,2,0,0,0,0,1,0,1,0,13.41981,52.5728
6,6200315,2019,3,13,7,2,0,5,0,0,0,0,1,0,1,0,13.3545,52.42978
7,7200411,2019,4,13,3,3,1,5,0,1,1,0,0,0,0,0,13.35553,52.49013
2,2100104,2019,4,7,6,3,0,2,0,1,1,0,0,0,0,0,13.40931,52.50173
11,11300619,2019,3,13,7,3,1,5,0,0,1,0,0,0,0,0,13.47953,52.52597
11,11300721,2019,4,15,2,3,0,1,0,1,0,0,0,0,0,0,13.48865,52.5266
3,3701554,2019,4,23,2,3,5,2,2,1,0,0,0,0,0,0,13.41102,52.53062
8,8300934,2019,3,13,7,3,2,6,0,0,1,0,0,0,0,0,13.45592,52.43427
3,3100101,2019,4,15,2,3,2,6,0,0,1,0,0,0,0,0,13.44449,52.61521
12,12200414,2019,3,13,7,2,5,3,0,1,1,0,0,0,0,0,13.30661,52.55519
3,3400723,2019,4,15,2,3,6,2,0,0,1,1,0,0,0,0,13.4117,52.5716
10,10200421,2019,4,16,6,2,6,4,0,0,1,1,0,0,0,0,13.6043,52.53649
10,10100103,2019,3,12,7,3,6,4,0,0,1,1,0,0,0,0,13.57739,52.56207
5,5100101,2019,4,17,2,3,5,3,0,1,1,0,0,0,0,0,13.20895,52.5594
7,7400720,2019,4,14,2,3,6,4,0,0,1,1,0,0,0,0,13.37828,52.47828
12,12100103,2019,4,14,5,3,1,5,0,0,1,0,1,0,0,0,13.35963,52.57496
2,2200209,2019,3,8,7,2,5,2,0,0,1,0,0,0,0,0,13.37658,52.48505
1,1200627,2019,4,15,2,3,2,7,0,0,1,0,0,0,0,0,13.35691,52.52487
3,3400723,2019,4,15,1,3,0,2,0,1,1,0,0,0,0,0,13.4286,52.58297
8,8100310,2019,4,8,2,3,5,3,0,1,1,0,0,0,0,0,13.42687,52.48737
12,12601134,2019,3,8,7,3,1,1,0,0,1,0,0,0,0,0,13.34191,52.60041
7,7400927,2019,3,7,7,2,6,2,0,0,0,1,0,0,1,0,13.40013,52.4592
4,4100101,2019,4,22,2,3,5,2,2,0,1,0,0,0,0,0,13.29676,52.54812
6,6400735,2019,4,11,7,2,5,2,0,1,1,0,0,0,0,0,13.10924,52.41408
3,3500936,2019,4,21,2,3,3,6,2,1,1,0,0,0,0,0,13.45902,52.55013
3,3601142,2019,3,8,7,3,0,1,0,1,0,0,0,0,0,0,13.40785,52.54937
8,8200727,2019,4,20,2,3,6,7,2,0,1,1,0,0,0,0,13.44469,52.44674
5,5200631,2019,3,13,7,3,0,1,0,0,0,0,1,0,0,0,13.19781,52.51938
2,2100104,2019,4,20,2,3,6,2,2,0,1,1,0,0,0,0,13.41813,52.49941
4,4501045,2019,4,19,6,3,4,5,1,1,0,0,0,0,0,0,13.33561,52.49599
7,7100102,2019,3,0,7,3,5,3,2,0,1,0,0,0,0,0,13.34627,52.50107
2,2100102,2019,4,20,2,3,2,6,2,0,1,0,1,0,0,0,13.39625,52.49838
8,8100418,2019,4,19,2,3,2,7,1,0,1,0,1,0,0,0,13.44534,52.48241
5,5100313,2019,4,17,5,3,2,6,0,0,1,0,0,0,0,0,13.22215,52.54883
2,2300316,2019,3,15,7,3,0,4,0,1,0,1,0,0,0,0,13.43143,52.49941
1,1200628,2019,4,18,2,3,5,2,0,0,1,0,1,0,0,0,13.36584,52.52531
4,4501153,2019,4,19,1,3,6,2,2,0,1,1,0,0,0,0,13.33079,52.48715
11,11200513,2019,4,18,2,3,5,2,0,1,1,0,0,0,0,0,13.49167,52.53997
11,11300620,2019,3,15,7,3,2,2,0,0,1,0,0,0,0,0,13.47615,52.53309
9,9200819,2019,4,17,2,3,2,6,0,0,1,0,0,1,0,0,13.56203,52.43739
12,12500824,2019,4,12,5,3,5,2,0,0,1,0,0,0,1,0,13.292,52.59059
4,4300416,2019,4,16,2,3,2,6,0,0,1,0,0,0,0,0,13.294,52.50683
9,9401534,2019,3,15,7,3,5,3,0,1,1,0,0,0,0,0,13.57388,52.44455
2,2200212,2019,4,8,2,3,3,6,0,0,1,0,0,0,0,0,13.41941,52.48757
3,3701657,2019,4,12,1,3,2,6,0,1,1,0,0,0,0,0,13.41609,52.545
1,1100102,2019,4,8,2,3,5,3,0,1,1,0,0,0,0,0,13.37188,52.50908
10,10200417,2019,3,15,7,3,5,2,0,0,1,0,0,0,0,0,13.59291,52.54844
2,2200212,2019,3,16,7,3,5,7,0,0,1,0,0,0,0,0,13.42335,52.48672
4,4501042,2019,4,8,2,3,5,2,0,1,0,0,1,0,0,0,13.33921,52.50313
2,2500729,2019,4,14,7,3,0,3,0,0,1,0,1,0,0,0,13.4668,52.52016
3,3601245,2019,4,8,2,3,2,6,0,0,1,0,0,0,0,0,13.43178,52.54403
9,9200613,2019,3,16,7,3,2,6,0,0,1,0,0,0,1,0,13.50401,52.46089
9,9501838,2019,4,7,2,3,2,6,0,0,1,0,0,0,0,0,13.69659,52.43671
1,1401047,2019,3,20,7,3,6,2,2,0,1,1,0,0,0,0,13.34942,52.54234
2,2500833,2019,4,7,2,3,6,7,0,1,0,1,0,0,0,0,13.45361,52.50809
11,11300619,2019,4,14,6,3,0,7,0,0,1,0,0,0,0,0,13.4625,52.53006
12,12601134,2019,3,21,7,3,5,3,2,0,1,0,0,0,0,0,13.34941,52.6039
1,1100206,2019,4,8,2,3,2,6,0,1,1,0,0,0,0,0,13.38094,52.51637
3,3601244,2019,4,9,2,3,5,3,0,0,1,0,0,0,0,0,13.42744,52.5524
7,7601237,2019,4,17,5,2,0,7,0,1,0,0,0,0,0,0,13.37357,52.4246
1,1400942,2019,3,21,7,3,1,5,2,1,1,0,0,0,0,0,13.34773,52.54361
2,2400521,2019,4,10,2,3,5,3,0,0,1,0,0,0,0,0,13.43017,52.51029
6,6200423,2019,4,18,7,3,6,4,0,0,1,1,0,0,0,0,13.31995,52.4188
1,1100308,2019,4,10,2,3,5,3,0,0,1,0,0,0,0,0,13.37861,52.52868
9,9100101,2019,3,14,7,3,2,6,0,1,1,0,1,0,0,0,13.45513,52.48814
2,2500830,2019,3,21,7,3,0,7,2,1,0,0,0,0,0,0,13.4685,52.50698
4,4200310,2019,4,10,2,3,5,3,0,0,1,0,0,0,0,0,13.26693,52.51414
2,2100106,2019,4,14,6,3,5,2,0,0,1,0,0,0,0,0,13.40665,52.49843
10,10100311,2019,4,11,2,3,2,6,0,0,1,0,0,0,0,0,13.51955,52.52782
3,3701657,2019,3,20,7,3,0,1,2,1,0,0,0,0,0,0,13.41383,52.54242
1,1200624,2019,4,12,2,3,2,6,0,0,1,0,1,0,0,0,13.36045,52.53714
4,4400727,2019,4,22,6,2,2,6,2,0,1,0,0,0,0,0,13.29979,52.48743
8,8100208,2019,4,13,2,3,6,7,0,0,1,1,0,0,0,0,13.43275,52.46808
7,7200411,2019,3,11,7,3,5,3,0,0,1,0,0,0,1,0,13.36015,52.49046
5,5200629,2019,4,12,2,3,5,3,0,0,1,0,0,0,0,0,13.18515,52.5342
2,2400625,2019,3,23,6,3,5,7,2,1,1,0,0,0,0,0,13.44583,52.5019
8,8100310,2019,4,12,2,3,2,2,0,0,1,0,0,0,1,0,13.42898,52.48662
6,6100101,2019,4,11,5,3,5,2,0,0,1,0,0,0,0,0,13.31782,52.45794
2,2200212,2019,3,9,6,3,1,7,0,0,1,0,0,0,0,0,13.41547,52.49007
10,10300731,2019,4,15,2,3,5,3,0,1,1,0,0,0,0,0,13.54941,52.52355
3,3701657,2019,4,15,2,3,1,5,0,1,1,0,0,0,0,0,13.42536,52.54434
2,2300419,2019,4,10,5,3,2,6,0,0,1,0,1,0,0,0,13.44677,52.49849
4,4400832,2019,3,13,6,3,5,2,0,1,0,0,0,0,1,0,13.28906,52.47067
11,11100203,2019,4,15,2,3,5,3,0,1,1,0,0,0,0,0,13.52977,52.5698
1,1200517,2019,4,19,7,3,5,3,1,0,1,0,0,0,0,0,13.34172,52.53486
4,4400832,2019,4,15,2,3,1,5,0,1,1,0,0,0,0,0,13.29398,52.47572
7,7601341,2019,3,12,6,3,2,2,0,0,1,0,0,0,0,0,13.37605,52.40912
8,8100208,2019,4,16,2,3,1,5,0,1,1,0,0,0,0,0,13.43091,52.46918
7,7200308,2019,3,12,6,3,5,3,0,1,1,0,0,0,0,0,13.33262,52.46887
8,8100310,2019,4,11,6,3,5,3,0,0,1,0,0,0,1,0,13.428,52.49254
4,4200308,2019,4,18,4,3,6,4,0,1,0,1,0,0,0,0,13.27967,52.51829
2,2100106,2019,4,15,5,3,5,2,0,0,1,0,0,0,0,0,13.40659,52.49835
1,1300733,2019,4,13,1,3,6,4,0,0,1,1,0,0,0,0,13.39215,52.55432
5,5400943,2019,4,15,4,2,0,2,0,0,0,0,0,0,1,0,13.14432,52.45419
10,10400940,2019,4,19,4,3,5,2,0,1,1,0,0,0,0,0,13.60296,52.48447
4,4300623,2019,4,9,4,3,3,6,0,1,1,0,0,0,0,0,13.31289,52.50628
1,1100415,2019,4,10,7,2,0,1,0,1,0,0,0,0,0,0,13.39768,52.5325
5,5100210,2019,4,17,6,3,5,2,0,1,0,0,0,0,1,0,13.18881,52.54683
2,2500833,2019,4,15,6,3,6,7,0,1,0,1,0,0,0,0,13.45049,52.50865
8,8100207,2019,4,16,6,3,2,6,0,0,1,0,0,0,0,0,13.43542,52.47871
9,9401534,2019,4,13,6,3,0,7,0,1,0,0,0,0,0,0,13.57762,52.44377
4,4300412,2019,4,14,6,3,2,6,0,0,1,0,0,0,0,0,13.28683,52.51882
5,5100208,2019,4,11,6,3,5,3,0,1,1,0,0,0,0,0,13.16148,52.54612
9,9501736,2019,4,10,6,2,0,6,0,0,1,0,1,0,0,0,13.59535,52.453
7,7400826,2019,4,8,6,3,9,1,0,0,1,0,0,0,0,0,13.37025,52.45163
4,4300619,2019,4,9,6,3,5,7,0,0,1,0,0,0,0,0,13.30123,52.51907
4,4300622,2019,4,12,6,3,3,6,0,0,1,0,1,0,0,0,13.3225,52.51365
5,5300737,2019,4,14,6,3,2,2,0,0,1,0,0,0,0,0,13.2327,52.53945
4,4400835,2019,4,14,6,3,0,1,0,1,0,0,0,0,0,0,13.30989,52.46774
4,4200203,2019,4,11,6,3,0,1,0,0,0,0,1,0,0,0,13.23145,52.50986
1,1100310,2019,4,16,6,3,6,2,0,1,0,1,0,0,0,0,13.40697,52.51852
4,4200308,2019,4,16,6,2,5,3,0,0,1,0,0,0,0,0,13.27277,52.51949
7,7400720,2019,4,14,4,2,5,3,0,1,1,0,0,0,0,0,13.3858,52.47156
7,7300619,2019,4,17,6,3,3,2,0,1,0,0,0,0,1,0,13.35572,52.45735
3,3601449,2019,4,17,6,2,1,5,0,1,1,0,0,0,0,0,13.45212,52.53947
12,12200414,2019,4,18,6,3,2,6,0,0,1,0,0,0,0,0,13.29569,52.54947
4,4501042,2019,4,20,6,3,2,6,2,0,1,0,0,0,0,0,13.33827,52.50343
8,8100310,2019,4,17,6,3,5,7,0,0,1,0,0,0,0,0,13.44015,52.4816
4,4200311,2019,4,18,6,3,0,1,0,1,0,0,0,0,0,0,13.2798,52.50627
12,12200515,2019,4,15,5,3,0,1,0,1,0,0,0,0,0,0,13.28814,52.58489
8,8100102,2019,4,19,5,3,6,4,0,1,0,1,0,0,0,0,13.42743,52.47472
1,1100101,2019,4,16,5,3,0,2,0,1,1,0,0,0,0,0,13.35153,52.50952
2,2100106,2019,4,20,5,3,6,4,2,0,0,1,1,0,0,0,13.4172,52.499
9,9401635,2019,4,14,5,3,2,2,0,1,0,0,0,0,1,0,13.65374,52.4167
12,12500930,2019,4,20,5,3,1,5,1,0,1,0,1,0,0,0,13.32542,52.58947
11,11401137,2019,4,20,5,3,1,5,1,0,1,0,1,0,0,0,13.51908,52.49456
9,9501941,2019,4,14,5,3,5,5,0,1,1,0,0,0,0,0,13.56513,52.45638
10,10200423,2019,4,5,5,3,5,7,0,0,1,0,1,0,0,0,13.62284,52.53972
4,4501042,2019,4,20,5,2,5,7,0,0,1,0,1,0,0,0,13.33157,52.50524
6,6100209,2019,4,19,5,3,5,3,1,1,1,0,0,0,0,0,13.33658,52.46315
10,10100205,2019,4,12,5,3,5,2,0,0,1,0,0,0,0,0,13.53823,52.55434
8,8200730,2019,4,12,5,3,6,4,0,0,1,1,0,0,0,0,13.44915,52.43697
1,1300733,2019,4,11,5,3,6,7,0,0,0,1,0,0,1,0,13.38367,52.55522
2,2300314,2019,4,19,5,3,5,3,0,1,1,0,0,0,0,0,13.42216,52.49918
6,6200421,2019,4,19,5,3,2,6,1,0,1,0,0,0,0,0,13.31092,52.42104
2,2500726,2019,4,18,5,3,6,2,0,0,1,1,0,0,0,0,13.45062,52.52238
4,4501153,2019,4,18,5,3,5,3,0,1,1,0,0,0,0,0,13.33278,52.47973
2,2500726,2019,4,18,5,3,5,2,0,1,1,0,0,0,0,0,13.45075,52.52713
1,1100309,2019,4,10,5,3,4,6,0,1,0,0,0,0,1,0,13.39827,52.52355
12,12601235,2019,4,8,5,3,5,2,0,1,1,0,0,0,0,0,13.3537,52.59656
1,1200626,2019,4,7,5,3,1,5,0,1,1,0,0,0,0,0,13.34951,52.5244
5,5100316,2019,4,5,5,3,2,7,0,0,0,0,1,0,1,0,13.20108,52.53848
12,12100103,2019,4,12,5,3,5,2,0,0,1,0,0,0,0,0,13.35914,52.57425
5,5300735,2019,4,12,5,3,2,6,0,0,1,0,0,0,0,0,13.22722,52.53766
1,1100308,2019,4,11,5,3,0,1,0,1,0,0,0,0,0,0,13.38264,52.53047
6,6300633,2019,4,4,5,3,1,1,2,1,1,0,0,0,0,0,13.31216,52.44852
3,3300516,2019,4,17,5,3,5,2,0,0,1,0,1,0,0,0,13.44436,52.56523
1,1300733,2019,4,17,5,3,2,6,0,0,1,0,0,0,0,0,13.38154,52.55217
1,1100103,2019,4,16,5,3,0,6,0,0,1,0,0,0,1,0,13.35158,52.50518
9,9100101,2019,4,16,5,3,5,2,0,1,1,0,0,0,0,0,13.45419,52.49396
1,1100205,2019,4,15,5,3,5,3,0,1,1,0,0,0,0,0,13.3793,52.50703
4,4501045,2019,4,15,5,3,2,2,0,0,1,0,0,0,1,0,13.32366,52.4936
5,5100313,2019,4,15,5,3,2,6,0,0,1,0,0,0,0,0,13.2078,52.5547
4,4501146,2019,4,15,5,3,5,7,0,0,1,0,0,0,0,0,13.32036,52.4837
5,5200527,2019,4,14,5,3,5,3,0,0,1,0,0,0,0,0,13.16945,52.52694
7,7400927,2019,4,14,5,3,5,2,0,0,1,0,0,0,0,0,13.40403,52.46347
10,10300731,2019,4,17,4,3,2,3,0,1,1,0,0,0,0,0,13.56562,52.52918
6,6400844,2019,4,17,4,3,1,1,0,1,1,0,0,0,0,0,13.30072,52.46125
1,1401044,2019,4,9,4,3,3,6,0,0,1,0,0,1,0,0,13.37532,52.55644
1,1100309,2019,4,12,4,3,6,7,0,0,1,1,0,0,0,0,13.39859,52.52544
1,1300733,2019,4,19,4,3,0,1,0,0,1,0,1,0,0,0,13.39136,52.55546
1,1100415,2019,4,23,4,3,1,5,2,1,1,0,0,0,0,0,13.39021,52.5318
6,6200421,2019,4,23,4,3,8,1,2,0,1,0,0,0,0,0,13.31484,52.4306
3,3400619,2019,4,22,4,3,5,3,2,0,1,0,0,0,0,0,13.36995,52.58934
6,6400735,2019,4,22,4,3,0,1,2,1,0,0,0,0,0,0,13.16113,52.43386
5,5200418,2019,4,22,4,2,5,3,2,0,1,0,0,0,1,0,13.13002,52.54072
12,12601133,2019,4,20,4,3,6,7,1,0,1,1,0,0,0,0,13.356,52.59764
4,4200311,2019,4,20,4,3,3,2,2,0,0,0,1,1,0,0,13.27908,52.50362
5,5100314,2019,4,18,4,3,2,6,0,0,1,0,0,0,0,0,13.20943,52.53841
1,1400942,2019,4,11,4,3,1,7,0,1,1,0,0,0,0,0,13.35125,52.54899
9,9200819,2019,4,10,4,3,5,3,0,1,1,0,0,0,0,0,13.56603,52.44505
7,7601442,2019,4,10,4,3,5,2,0,0,1,0,0,0,0,0,13.40106,52.41457
3,3701659,2019,4,10,4,3,3,6,0,1,1,0,0,0,0,0,13.41852,52.52853
4,4501042,2019,4,17,4,3,6,7,0,1,0,0,0,0,1,0,13.33382,52.50442
5,5300840,2019,4,9,4,3,2,6,0,0,1,0,0,0,1,0,13.24805,52.53644
9,9100305,2019,4,9,4,3,5,3,0,1,1,0,0,0,0,0,13.4925,52.46999
2,2300314,2019,4,9,4,3,6,4,0,1,0,1,0,0,0,0,13.4203,52.4967
2,2500830,2019,4,9,4,3,3,6,0,1,0,0,1,0,0,0,13.45788,52.51275
5,5200629,2019,4,8,4,3,2,6,0,0,1,0,0,0,0,0,13.1834,52.53281
3,3500933,2019,4,8,4,3,5,3,0,0,1,0,0,0,1,0,13.45858,52.55777
5,5100101,2019,4,16,4,3,6,7,0,0,1,1,0,0,0,0,13.21495,52.56069
3,3200206,2019,4,7,4,3,0,3,0,0,1,0,1,0,0,0,13.39838,52.59245
1,1401044,2019,4,12,4,3,5,3,0,1,1,0,0,0,0,0,13.37001,52.55292
11,11300724,2019,4,9,4,2,5,3,0,0,1,0,1,0,0,0,13.49332,52.51448
3,3400619,2019,4,13,4,3,8,1,0,0,1,0,0,0,0,0,13.38663,52.59014
1,1400942,2019,4,13,4,3,6,4,0,1,0,1,0,0,0,0,13.34959,52.549
11,11100101,2019,4,14,4,3,2,2,0,1,1,0,0,0,0,0,13.51903,52.57737
10,10400940,2019,4,14,4,3,5,3,0,0,1,0,0,1,0,0,13.59098,52.48306
9,9401635,2019,4,15,4,3,4,6,0,0,1,0,0,1,0,0,13.68866,52.42535
7,7400720,2019,4,15,4,3,2,6,0,0,1,0,0,0,0,0,13.38136,52.48276
4,4500939,2019,4,15,4,3,5,3,0,0,1,0,1,0,0,0,13.3065,52.4928
1,1100309,2019,4,15,4,3,5,2,0,1,1,0,0,0,0,0,13.39373,52.52861
5,5300737,2019,4,15,4,3,1,5,0,0,1,0,1,0,0,0,13.24078,52.53893
5,5100208,2019,4,16,4,2,2,1,0,0,1,0,1,0,0,0,13.15694,52.55273
2,2500835,2019,4,16,4,3,0,5,0,1,1,0,0,0,0,0,13.46845,52.50252
3,3701554,2019,4,16,4,3,6,4,0,1,0,1,0,0,0,0,13.40957,52.53841
9,9501941,2019,4,16,4,3,2,6,0,0,0,0,1,0,1,0,13.58005,52.45554
8,8200624,2019,4,16,4,2,2,1,0,0,1,0,0,0,0,0,13.4346,52.45102
3,3500935,2019,4,16,4,3,0,1,0,1,0,0,0,0,0,0,13.44387,52.55073
5,5200633,2019,4,11,4,2,0,7,0,0,1,0,0,0,0,0,13.18861,52.52158
2,2100104,2019,4,16,3,3,0,5,0,0,1,0,1,0,0,0,13.39981,52.49867
2,2500726,2019,4,15,3,3,5,2,0,1,1,0,0,0,0,0,13.45084,52.52736
2,2500830,2019,4,18,3,3,5,3,0,0,1,0,0,0,0,0,13.46686,52.51271
9,9401534,2019,4,11,3,3,5,3,0,1,0,0,0,0,1,0,13.57769,52.44425
2,2200209,2019,4,9,3,3,5,2,0,1,1,0,0,0,0,0,13.38759,52.49306
2,2200212,2019,4,10,3,3,2,6,0,1,1,0,0,0,0,0,13.41935,52.49003
1,1100308,2019,4,9,3,3,5,2,0,1,1,0,0,0,0,0,13.38709,52.52712
1,1300733,2019,4,8,3,3,6,6,0,1,0,1,0,0,0,0,13.39186,52.5498
1,1100206,2019,4,17,3,3,0,7,0,0,0,0,1,0,0,0,13.38604,52.51969
12,12200411,2019,4,20,3,3,2,6,2,0,1,0,0,0,0,0,13.32205,52.56059
11,11400931,2019,4,19,3,3,5,2,1,1,1,0,0,0,0,0,13.51966,52.50584
2,2200212,2019,4,10,3,3,6,4,0,1,0,1,0,0,0,0,13.42363,52.49052
12,12200307,2019,4,18,3,3,3,6,0,0,1,0,0,0,0,0,13.3329,52.57778
5,5100314,2019,4,7,3,3,2,6,0,0,1,0,0,0,0,0,13.20941,52.53841
10,10200421,2019,4,18,3,3,4,5,0,0,1,0,1,0,0,0,13.60201,52.53849
8,8100102,2019,4,18,3,3,5,3,0,1,1,0,0,0,0,0,13.42411,52.47732
2,2400522,2019,4,6,3,3,5,3,0,0,0,0,1,0,1,0,13.44789,52.51956
7,7200308,2019,4,18,3,3,2,6,0,0,1,0,0,0,0,0,13.32848,52.47098
7,7100101,2019,4,9,3,3,5,2,0,1,1,0,0,0,0,0,13.34373,52.50155
2,2100101,2019,4,8,3,3,2,6,0,0,1,0,0,0,0,0,13.38791,52.5029
3,3601450,2019,4,3,3,2,5,2,2,0,1,0,1,0,0,0,13.45582,52.53081
12,12601235,2019,4,9,3,3,0,2,0,0,1,0,0,0,1,0,13.35492,52.59663
2,2300417,2019,4,22,3,3,0,6,2,0,1,0,1,0,0,0,13.42207,52.49595
8,8100102,2019,4,21,3,3,5,2,2,1,1,0,0,0,0,0,13.42719,52.47522
7,7200308,2019,4,17,3,3,1,5,0,1,1,0,0,0,0,0,13.32149,52.47034
9,9100407,2019,4,16,3,3,3,6,0,0,1,0,1,0,0,0,13.50916,52.453
4,4501045,2019,4,16,3,3,1,5,0,1,1,0,0,0,0,0,13.33555,52.49805
7,7501134,2019,4,15,3,2,4,6,0,0,1,0,0,0,0,0,13.4052,52.43946
6,6100205,2019,4,14,3,3,3,6,0,0,1,0,0,1,0,0,13.35979,52.44647
9,9200819,2019,4,11,3,3,6,2,0,0,1,1,0,0,0,0,13.5593,52.44671
5,5200631,2019,4,11,3,3,2,6,0,0,1,0,0,0,0,0,13.17742,52.52534
2,2300417,2019,4,23,3,3,0,1,2,0,0,0,1,0,0,0,13.44198,52.49397
8,8100310,2019,4,14,2,3,1,5,0,1,0,0,0,0,1,0,13.4259,52.48772
1,1200628,2019,4,13,4,2,6,4,0,0,1,1,0,0,0,0,13.36908,52.52649
4,4300622,2019,4,8,4,3,2,6,0,0,1,0,0,0,0,0,13.32347,52.51585
11,11300619,2019,4,15,2,3,6,7,0,0,0,1,0,0,1,0,13.47974,52.52444
1,1100313,2019,4,6,2,3,5,3,0,1,1,0,0,0,0,0,13.41789,52.50657
10,10300734,2019,4,5,2,3,5,3,1,1,1,0,0,0,0,0,13.5606,52.48761
2,2200211,2019,4,17,2,3,1,5,0,1,0,0,0,0,1,0,13.39064,52.48956
4,4501045,2019,4,18,2,3,5,2,0,0,1,0,1,0,0,0,13.33536,52.49926
2,2200210,2019,4,19,2,3,2,6,0,1,1,0,0,0,0,0,13.39548,52.4962
9,9100305,2019,4,19,2,3,6,2,0,0,1,1,0,0,0,0,13.49143,52.4692
3,3400620,2019,4,18,2,3,5,3,0,1,1,0,0,0,0,0,13.38978,52.57429
8,8200833,2019,4,18,2,2,6,4,0,0,1,1,0,0,0,0,13.4489,52.41941
8,8200622,2019,4,16,2,3,5,2,0,1,1,0,0,0,0,0,13.45313,52.45271
8,8100208,2019,4,16,2,3,0,5,0,0,1,0,1,0,0,0,13.4315,52.46856
2,2300316,2019,4,9,4,3,3,6,0,1,0,0,0,1,0,0,13.44193,52.50109
8,8200730,2019,4,14,2,3,5,3,0,1,1,0,0,0,0,0,13.4349,52.42876
7,7200308,2019,4,16,2,3,5,3,0,0,1,0,0,0,0,0,13.32416,52.47358
5,5100313,2019,4,15,2,3,2,6,0,0,1,0,0,0,0,0,13.22216,52.55578
1,1100207,2019,4,15,2,3,5,2,0,0,1,0,1,0,0,0,13.40529,52.51434
10,10100312,2019,4,15,2,2,6,4,0,0,0,1,0,0,1,0,13.54038,52.52574
5,5200632,2019,4,14,2,3,2,6,0,0,1,0,0,0,0,0,13.20775,52.52859
9,9401635,2019,4,13,2,3,5,3,0,0,1,0,0,0,0,0,13.65439,52.41092
7,7501134,2019,4,12,2,3,3,6,0,0,1,0,0,0,0,0,13.40557,52.43943
9,9401534,2019,4,8,2,3,5,2,0,1,1,0,0,0,0,0,13.58247,52.44272
2,2100102,2019,4,9,2,3,5,3,0,1,1,0,0,0,0,0,13.39018,52.50449
8,8401246,2019,4,9,2,3,2,6,0,0,1,0,0,0,0,0,13.50614,52.41852
9,9501941,2019,4,11,2,3,5,3,0,1,1,0,0,0,0,0,13.57446,52.44874
8,8401139,2019,4,10,2,3,5,3,0,1,1,0,0,0,0,0,13.45874,52.44023
7,7400720,2019,4,10,2,3,5,2,0,1,1,0,0,0,0,0,13.37736,52.48211
2,2200211,2019,4,11,2,3,1,5,0,0,1,0,1,0,0,0,13.39392,52.48973
2,2300417,2019,4,11,2,3,0,3,0,0,1,0,0,0,1,0,13.43514,52.49402
9,9300920,2019,4,12,2,3,2,6,0,0,1,0,0,0,0,0,13.52614,52.42376
1,1100415,2019,4,12,2,3,0,1,0,1,0,0,0,0,0,0,13.39878,52.53259
7,7100206,2019,4,12,1,3,2,7,0,0,1,0,0,0,0,1,13.36113,52.4959
6,6300528,2019,4,11,1,3,5,3,0,0,1,0,0,0,0,1,13.27173,52.42729
4,4400728,2019,4,11,1,3,5,3,0,0,1,0,0,0,0,1,13.27552,52.48276
3,3300413,2019,4,11,1,3,5,3,0,0,1,0,0,0,0,1,13.47397,52.60983
9,9100101,2019,4,9,1,3,5,3,0,0,1,0,0,0,0,1,13.45429,52.49595
10,10200417,2019,4,5,1,3,1,5,1,0,1,0,0,0,1,1,13.59185,52.54556
9,9401329,2019,4,16,1,2,5,2,0,0,1,0,0,0,0,0,13.59662,52.43699