BEZ,LOR_ab_2021,UJAHR,UMONAT,USTUNDE,UWOCHENTAG,UKATEGORIE,UART,UTYP1,ULICHTVERH,IstRad,IstPKW,IstFuss,IstKrad,IstGkfz,IstSonstige,USTRZUSTAND,XGCSWGS84,YGCSWGS84
4,4400830,2019,4,11,3,3,5,2,0,1,1,0,0,0,0,0,13.30938,52.4792
1,1200626,2019,4,11,3,3,5,2,0,0,1,0,0,0,0,0,13.34786,52.52476
5,5200420,2019,4,12,3,3,2,7,0,1,1,0,0,0,0,0,13.15467,52.53938
8,8200624,2019,4,12,3,3,0,7,0,0,1,0,0,0,0,0,13.43311,52.45232
12,12200310,2019,4,12,3,3,2,6,0,0,1,0,0,0,0,0,13.31021,52.56796
9,9502043,2019,4,13,3,3,2,6,0,0,1,0,0,0,0,0,13.5547,52.46648
4,4501147,2019,4,14,3,3,0,7,0,0,1,0,0,0,1,0,13.3212,52.48986
7,7501031,2019,4,13,3,3,2,6,0,0,1,0,0,0,1,0,13.40122,52.44586
4,4300621,2019,4,14,3,3,1,5,0,1,1,0,0,0,0,0,13.30649,52.51694
8,8100417,2019,4,14,3,3,0,6,0,0,1,0,1,0,0,0,13.45506,52.47438
5,5400943,2019,4,15,3,3,2,6,0,0,1,0,0,0,0,0,13.13833,52.45809
4,4501043,2019,4,15,3,3,6,4,0,0,1,1,0,0,0,0,13.31794,52.49834
9,9501737,2019,4,16,3,2,5,2,0,1,1,0,0,0,0,0,13.62547,52.45694
1,1100309,2019,4,16,3,3,5,3,0,1,1,0,0,0,0,0,13.40348,52.52744
1,1200629,2019,4,16,3,3,5,2,0,0,1,0,1,0,0,0,13.33987,52.51879
1,1400938,2019,4,15,2,3,2,2,0,0,1,0,0,0,0,0,13.33647,52.5421
8,8301037,2019,4,14,2,3,5,2,0,1,1,0,0,0,0,0,13.48224,52.42549
2,2100102,2019,4,15,2,3,2,6,0,0,1,0,0,0,0,0,13.40081,52.50564
1,1401044,2019,4,22,2,3,1,5,2,0,1,0,1,0,0,0,13.36459,52.54986
4,4200311,2019,4,19,2,3,5,7,2,0,1,0,0,0,0,0,13.27929,52.50353
1,1300836,2019,4,0,2,3,2,6,2,0,1,0,0,0,0,0,13.37458,52.53728
11,11400931,2019,4,23,2,3,5,3,2,0,1,0,0,0,0,0,13.50176,52.50474
12,12200515,2019,4,18,2,3,6,4,0,0,1,1,0,0,0,0,13.27495,52.58186
10,10100210,2019,4,18,2,3,5,2,0,0,1,0,0,0,0,0,13.56232,52.54706
9,9401329,2019,4,18,2,2,0,1,0,0,0,0,1,0,0,0,13.63034,52.42369
3,3601449,2019,4,16,2,2,2,6,0,1,0,0,0,0,0,0,13.4487,52.53754
9,9401534,2019,4,14,2,3,0,7,0,1,0,1,0,0,0,0,13.58032,52.44346
10,10400938,2019,4,14,2,3,5,3,0,1,0,0,0,0,0,0,13.63498,52.52986
9,9200715,2019,4,14,2,2,4,1,0,0,1,0,0,0,0,0,13.53257,52.44123
9,9301025,2019,4,13,2,3,0,2,0,0,1,0,0,0,1,0,13.57744,52.40228
8,8300935,2019,4,13,2,3,2,6,0,1,1,0,0,0,0,0,13.45023,52.42794
9,9401635,2019,4,10,2,3,5,3,0,1,1,0,0,0,0,0,13.66078,52.41264
2,2200208,2019,4,9,2,2,5,3,0,0,1,0,1,0,0,0,13.38521,52.49853
9,9300920,2019,4,10,1,2,5,3,0,0,1,0,0,0,1,0,13.52857,52.4125
4,4100101,2019,4,18,1,3,6,4,0,1,0,1,0,0,0,0,13.29521,52.53931
7,7601341,2019,4,16,1,3,5,3,0,1,1,0,0,0,0,0,13.38002,52.4105
8,8200831,2019,4,16,1,3,5,3,0,0,1,0,1,0,0,0,13.40997,52.41647
9,9401329,2019,4,16,1,3,6,7,0,1,0,1,0,0,0,0,13.59333,52.43824
2,2300316,2019,4,15,1,3,6,7,0,1,0,1,0,0,0,0,13.42877,52.49939
3,3601141,2019,4,11,1,3,5,7,0,1,1,0,0,0,0,0,13.41438,52.5536
10,10100206,2019,4,17,1,2,1,5,0,1,1,0,0,0,0,0,13.57147,52.55851
8,8100417,2019,4,3,1,3,1,1,2,0,1,0,0,0,1,0,13.4439,52.47179
11,11100205,2019,4,14,1,3,0,2,0,0,0,0,0,0,1,0,13.52051,52.57033
3,3701554,2019,4,16,1,3,1,1,0,0,1,0,1,0,0,0,13.41172,52.54017
11,11300620,2019,4,7,1,3,0,1,0,1,0,0,0,0,0,0,13.47965,52.52743
1,1401044,2019,4,15,1,3,5,2,0,0,1,0,0,0,1,0,13.37376,52.55666
1,1300834,2019,4,18,1,3,0,1,0,0,0,0,1,0,0,0,13.39282,52.5425
5,5100315,2019,4,3,7,1,9,1,2,0,1,0,0,1,0,0,13.19457,52.54527
3,3200204,2019,4,17,7,3,5,2,0,1,1,0,0,0,0,0,13.38269,52.62971
9,9501737,2019,4,9,7,2,1,5,0,1,1,0,0,0,0,0,13.63158,52.44678
7,7601341,2019,4,14,7,3,1,5,0,1,1,0,0,0,0,0,13.34624,52.41403
4,4300623,2019,4,20,7,3,1,5,1,1,1,0,0,0,0,0,13.31184,52.50647
2,2100106,2019,4,18,7,3,5,2,0,1,1,0,0,0,0,0,13.40657,52.49847
8,8100417,2019,4,15,7,3,3,6,0,1,1,0,0,0,0,0,13.44254,52.46981
9,9501737,2019,4,15,7,3,6,4,0,0,1,1,0,0,0,0,13.62479,52.4515
5,5100208,2019,4,13,7,3,5,2,0,0,1,0,0,0,0,0,13.1654,52.55119
6,6300524,2019,4,13,7,3,0,7,0,1,0,0,0,0,0,0,13.23,52.42989
2,2200209,2019,4,12,7,3,5,2,0,0,1,0,0,0,1,0,13.38637,52.49008
8,8100310,2019,4,11,7,3,2,2,0,0,0,0,1,0,1,0,13.43795,52.48267
7,7601544,2019,4,1,7,3,0,3,2,0,1,0,0,0,1,0,13.40075,52.38678
8,8401243,2019,4,7,7,2,5,3,0,0,1,0,0,0,0,0,13.49514,52.43173
12,12200411,2019,4,8,7,3,5,2,0,1,1,0,0,0,0,0,13.32931,52.56343
6,6100205,2019,4,9,7,3,5,3,0,1,1,0,0,0,0,0,13.34967,52.44978
7,7601544,2019,4,10,7,3,2,6,0,0,1,0,0,0,0,0,13.40648,52.38667
6,6300633,2019,4,10,7,2,6,2,0,0,1,1,0,0,0,0,13.31579,52.44319
7,7501030,2019,4,10,7,3,2,2,0,0,1,0,0,0,0,0,13.38591,52.44557
2,2400521,2019,4,5,7,2,5,3,2,0,1,0,0,0,1,0,13.43289,52.51784
11,11300724,2019,5,14,5,3,5,7,0,1,1,0,0,0,0,1,13.49173,52.52058
1,1300733,2019,5,14,5,3,0,6,0,1,1,0,0,0,0,0,13.38765,52.55001
6,6100207,2019,5,17,5,3,1,5,0,1,1,0,0,0,0,0,13.32706,52.45484
9,9200715,2019,5,12,5,3,5,3,0,1,1,0,0,0,0,0,13.54354,52.43379
6,6200317,2019,5,17,5,3,5,3,0,0,1,0,0,0,0,0,13.36179,52.42544
9,9100306,2019,5,14,5,3,5,3,0,0,1,0,1,0,0,1,13.48834,52.45129
4,4300624,2019,5,13,5,3,1,5,0,1,1,0,0,0,0,1,13.31883,52.50608
2,2400522,2019,5,17,5,3,2,6,0,1,1,0,0,0,0,0,13.44431,52.51784
7,7100101,2019,5,14,5,3,5,2,0,1,1,0,0,0,0,0,13.34356,52.50152
11,11400931,2019,5,17,5,3,5,2,0,1,1,0,0,0,0,0,13.48835,52.50213
3,3200206,2019,5,16,5,3,5,3,0,1,1,0,0,0,0,0,13.40267,52.59676
2,2400521,2019,5,16,5,3,0,3,0,1,1,0,0,0,0,0,13.42673,52.51575
12,12100205,2019,5,16,5,3,2,6,0,0,1,0,0,1,0,0,13.33227,52.56349
9,9301228,2019,5,5,5,2,4,6,1,0,0,0,0,0,1,1,13.65557,52.37462
9,9401534,2019,5,9,5,2,6,3,0,0,1,1,0,0,0,0,13.57674,52.44436
4,4501150,2019,5,8,5,3,3,6,0,1,1,0,0,0,0,0,13.32255,52.48672
1,1100309,2019,5,9,5,3,5,3,0,1,0,0,0,0,1,0,13.40954,52.52889
8,8100417,2019,5,7,5,3,2,3,0,1,0,0,0,0,0,0,13.45003,52.47659
2,2200207,2019,5,7,5,3,5,2,0,1,1,0,0,0,0,1,13.37321,52.5035
10,10200629,2019,5,7,5,3,5,3,0,1,1,0,0,0,0,0,13.58667,52.51658
2,2500726,2019,5,7,5,3,5,2,0,1,0,0,0,0,1,1,13.45075,52.52713
12,12200310,2019,5,7,5,3,5,2,0,1,0,0,0,0,1,0,13.31463,52.57723
10,10300731,2019,5,14,5,3,5,2,0,0,0,0,1,0,1,1,13.56478,52.52225
12,12100103,2019,5,13,5,3,5,3,0,1,1,0,0,0,0,1,13.37214,52.57216
2,2500726,2019,5,13,5,2,4,6,0,0,1,0,0,1,0,1,13.45411,52.52232
5,5200527,2019,5,13,5,2,5,2,0,0,1,0,0,0,0,0,13.16265,52.52008
9,9502043,2019,5,12,5,3,5,2,0,1,0,0,0,0,0,0,13.58123,52.46028
1,1100102,2019,5,11,5,2,5,3,0,0,1,0,0,0,0,0,13.3686,52.50628
4,4400727,2019,5,10,5,3,5,2,0,0,1,0,0,0,0,0,13.29001,52.48222
4,4200206,2019,5,10,5,3,6,2,0,0,1,1,0,0,0,0,13.2284,52.50684
10,10200421,2019,5,6,4,3,5,2,0,1,1,0,0,0,0,0,13.60462,52.5367
11,11401137,2019,5,10,4,3,3,6,0,0,0,0,1,0,1,0,13.52459,52.49555
3,3701555,2019,5,13,4,3,5,2,0,1,1,0,0,0,0,0,13.41763,52.53832
5,5400942,2019,5,10,4,3,2,6,0,0,1,0,0,0,0,0,13.18245,52.48642
7,7300619,2019,5,20,4,3,6,4,0,0,1,1,0,0,0,0,13.34971,52.46526
5,5400943,2019,5,18,4,3,5,3,0,0,1,0,0,0,0,0,13.12207,52.45323
2,2500833,2019,5,8,4,3,0,6,0,1,1,0,0,0,0,0,13.46293,52.50512
11,11401032,2019,5,7,4,2,6,4,0,0,0,1,0,0,1,0,13.5192,52.5133
5,5100101,2019,5,21,4,3,5,3,2,1,1,0,0,0,0,0,13.19685,52.56301
3,3601245,2019,5,20,4,2,5,2,1,1,1,0,0,0,0,0,13.42792,52.54551
10,10400940,2019,5,16,4,3,5,3,0,1,1,0,0,0,0,0,13.60558,52.4878
7,7300619,2019,5,16,4,3,5,2,0,0,1,0,1,0,0,0,13.34851,52.45892
8,8401242,2019,5,15,4,3,5,3,0,1,1,0,0,0,0,0,13.48818,52.41337
1,1100310,2019,5,15,4,3,2,2,0,1,1,0,0,0,0,0,13.40978,52.52402
1,1200628,2019,5,17,4,3,2,6,0,0,1,0,0,0,0,0,13.36019,52.52341
4,4200308,2019,5,17,4,3,5,3,0,0,1,0,0,0,0,0,13.28021,52.51848
1,1100310,2019,5,16,4,3,2,6,0,0,1,0,1,0,0,0,13.41676,52.52625
4,4501041,2019,5,16,4,3,2,6,0,0,1,0,0,0,0,0,13.31503,52.50086
6,6400839,2019,5,16,4,3,0,1,0,1,0,0,0,0,0,0,13.25529,52.44063
7,7300619,2019,5,15,4,3,2,6,0,0,1,0,0,0,0,0,13.3492,52.45915
7,7400823,2019,5,14,4,3,3,6,0,0,1,0,1,0,0,0,13.37759,52.4653
5,5100101,2019,5,7,4,2,5,3,0,1,1,0,0,0,0,0,13.21887,52.55985
2,2100101,2019,5,13,4,3,0,2,0,1,0,0,0,0,1,0,13.37698,52.50197
2,2500830,2019,5,15,4,2,0,1,0,0,0,0,1,0,0,0,13.47064,52.50587
4,4100101,2019,5,14,4,3,2,6,0,0,1,0,0,0,0,0,13.29577,52.54804
1,1400938,2019,5,13,4,2,5,2,0,0,1,0,1,0,0,0,13.34514,52.5543
9,9401329,2019,5,13,4,3,2,6,0,0,1,0,0,0,0,0,13.59274,52.43845
6,6300527,2019,5,12,4,3,6,7,0,0,1,1,0,0,0,0,13.2655,52.43211
8,8401243,2019,5,12,4,3,6,7,0,0,1,1,0,0,0,0,13.49642,52.41712
1,1100310,2019,5,11,4,3,2,6,0,0,1,0,0,0,0,0,13.41123,52.52395
8,8100208,2019,5,11,4,3,5,2,0,1,1,0,0,0,0,0,13.4357,52.46909
1,1100207,2019,5,9,4,3,5,2,0,0,1,0,1,0,0,0,13.39671,52.51099
1,1300835,2019,5,9,4,3,5,3,0,1,1,0,0,0,0,0,13.37986,52.54017
2,2300419,2019,5,9,4,3,5,2,0,0,1,0,1,0,0,0,13.4489,52.49723
8,8100521,2019,5,9,4,3,0,1,0,0,0,0,1,0,0,0,13.4733,52.46465
4,4400726,2019,5,9,4,2,2,6,0,0,1,0,0,0,0,0,13.28486,52.49128
5,5200420,2019,5,9,4,3,5,3,0,0,1,0,0,0,0,0,13.17918,52.53385
9,9200715,2019,5,9,4,3,5,3,0,0,1,0,0,0,0,0,13.52247,52.42839
3,3400830,2019,5,8,4,3,2,2,0,0,1,0,0,0,0,0,13.4299,52.55288
2,2400521,2019,5,8,4,3,5,2,0,1,1,0,0,0,0,0,13.4287,52.51893
11,11200512,2019,5,8,4,3,0,2,0,0,0,0,0,1,1,0,13.46892,52.54334
4,4300624,2019,5,7,4,3,0,5,0,1,1,0,0,0,0,0,13.32612,52.50824
1,1200624,2019,5,6,4,3,5,2,0,0,1,0,1,0,0,0,13.36897,52.52962
4,4200310,2019,5,8,3,3,0,6,0,0,1,0,0,0,0,0,13.26129,52.50793
1,1100101,2019,5,19,3,3,0,3,0,0,1,0,1,0,0,0,13.35205,52.50634
1,1100103,2019,5,19,3,3,5,3,0,1,1,0,0,0,0,0,13.35286,52.50399
2,2400625,2019,5,19,3,3,1,5,0,1,1,0,0,0,0,0,13.4454,52.50306
2,2300314,2019,5,22,3,3,1,5,2,1,1,0,0,0,0,0,13.41514,52.50359
3,3601449,2019,5,18,3,3,6,6,0,1,0,1,0,0,0,0,13.44164,52.54328
12,12601236,2019,5,18,3,3,5,2,0,0,1,0,1,0,0,0,13.34608,52.59149
7,7501031,2019,5,18,3,3,0,1,0,0,1,0,0,0,0,0,13.40032,52.445
11,11200513,2019,5,13,3,3,2,6,0,0,1,0,0,0,0,0,13.49125,52.54346
8,8100209,2019,5,17,3,3,5,2,0,0,1,0,1,0,0,0,13.442,52.46767
9,9200717,2019,5,17,3,2,0,1,0,1,1,0,0,0,0,0,13.54891,52.43821
3,3500935,2019,5,17,3,3,4,5,0,0,1,0,0,0,1,0,13.44638,52.55359
5,5100316,2019,5,16,3,3,2,6,0,0,1,0,0,0,0,0,13.20721,52.53888
3,3601245,2019,5,16,3,3,5,2,0,1,1,0,0,0,0,0,13.43912,52.54733
5,5100316,2019,5,15,3,3,2,6,0,0,1,0,1,0,0,0,13.19788,52.5391
4,4300621,2019,5,16,3,2,6,7,0,0,1,1,0,0,0,0,13.30456,52.51684
2,2500830,2019,5,15,3,2,3,6,0,1,1,0,0,0,0,0,13.4584,52.51266
2,2200209,2019,5,15,3,3,2,6,0,0,1,0,0,0,0,0,13.38774,52.49279
2,2500833,2019,5,12,3,3,1,5,0,1,1,0,0,0,0,0,13.45419,52.5103
4,4300517,2019,5,11,3,3,4,6,0,0,1,0,0,1,0,0,13.30543,52.52877
1,1100415,2019,5,10,3,3,3,6,0,1,1,0,0,0,0,0,13.3848,52.53224
4,4501040,2019,5,9,3,3,5,3,0,1,1,0,0,0,0,0,13.31184,52.50057
4,4300518,2019,5,8,3,3,5,3,0,0,1,0,1,0,0,0,13.30607,52.52573
12,12601236,2019,5,8,3,3,2,2,0,0,1,0,0,0,1,0,13.34719,52.59621
1,1100205,2019,5,7,3,3,1,5,0,1,1,0,0,0,0,0,13.3822,52.51375
12,12500928,2019,5,7,3,3,5,3,0,1,1,0,0,0,0,0,13.30951,52.60386
1,1100310,2019,5,7,3,3,3,6,0,0,1,0,0,0,0,0,13.41711,52.52654
12,12200307,2019,5,5,3,3,2,6,1,0,1,0,1,0,0,1,13.33081,52.57147
3,3601141,2019,5,15,2,2,5,2,0,1,1,0,0,0,0,0,13.41032,52.55083
6,6200421,2019,5,10,2,3,1,5,0,0,1,0,0,0,0,0,13.32367,52.43079
1,1100207,2019,5,16,2,3,2,2,0,0,1,0,0,0,1,0,13.40252,52.51185
1,1200520,2019,5,22,2,3,5,3,2,1,1,0,0,0,0,0,13.34289,52.52637
4,4300620,2019,5,20,2,2,6,4,2,0,1,1,0,0,0,0,13.32235,52.52119
1,1100312,2019,5,19,2,2,5,3,0,1,1,0,0,0,0,0,13.41363,52.51129
1,1100103,2019,5,19,2,3,2,6,2,0,1,0,0,0,0,0,13.35826,52.5012
2,2200208,2019,5,18,2,3,0,2,0,1,1,0,0,0,0,0,13.38935,52.49611
6,6400842,2019,5,18,2,3,2,6,0,0,1,0,0,0,0,1,13.27069,52.45066
7,7400823,2019,5,17,2,2,2,6,0,0,1,0,1,0,0,0,13.37582,52.45748
7,7100204,2019,5,16,2,3,5,3,0,1,1,0,0,0,0,0,13.35497,52.49017
11,11200411,2019,5,17,2,3,5,3,0,0,1,0,0,0,0,0,13.51947,52.54626
6,6400735,2019,5,16,2,3,1,5,0,1,1,0,0,0,0,0,13.1851,52.42867
6,6300634,2019,5,16,2,3,2,6,0,0,1,0,0,0,0,0,13.30214,52.43805
5,5100317,2019,5,17,2,3,1,5,0,0,1,0,0,0,1,0,13.24243,52.52803
3,3601141,2019,5,16,2,3,5,2,0,1,1,0,0,0,0,0,13.41431,52.55361
4,4501041,2019,5,16,2,3,0,3,0,0,1,0,0,0,1,0,13.31942,52.50147
8,8301037,2019,5,15,2,3,2,6,0,0,1,0,0,0,0,0,13.47124,52.42971
1,1100206,2019,5,15,2,3,1,5,0,1,1,0,0,0,1,0,13.3943,52.51509
3,3100103,2019,5,14,2,3,1,5,0,1,1,0,0,0,0,0,13.49368,52.62664
6,6400843,2019,5,14,2,3,5,2,0,1,1,0,0,0,0,0,13.29287,52.45806
4,4300622,2019,5,13,2,3,0,5,0,0,1,0,0,0,0,0,13.32609,52.50804
9,9401635,2019,5,13,2,3,5,3,0,1,1,0,0,0,0,0,13.67051,52.42201
12,12100103,2019,5,16,2,3,5,3,0,1,1,0,0,0,0,0,13.37353,52.5747
7,7400826,2019,5,13,2,3,5,3,0,1,1,0,0,0,0,0,13.37174,52.45288
6,6300632,2019,5,12,2,3,1,5,0,0,1,0,0,0,0,0,13.30254,52.4252
7,7501133,2019,5,11,2,2,3,6,0,1,0,0,0,1,0,0,13.38734,52.43989
7,7601443,2019,5,6,2,3,5,3,0,0,1,0,1,0,0,0,13.42002,52.40164
10,10200524,2019,5,7,2,3,6,2,0,0,1,1,0,0,0,0,13.60714,52.53366
4,4400832,2019,5,12,2,3,5,2,0,1,1,0,0,0,0,0,13.29816,52.47345
6,6400844,2019,5,7,2,3,6,4,0,1,0,1,0,0,0,0,13.2831,52.45881
8,8100521,2019,5,6,2,3,5,3,0,0,1,0,1,0,0,0,13.47358,52.46182
3,3200206,2019,5,6,2,3,5,3,0,0,1,0,1,0,0,0,13.39765,52.58603
6,6200314,2019,5,7,2,3,5,7,0,1,1,0,0,0,0,0,13.33751,52.42852
5,5100316,2019,5,7,2,3,5,2,0,0,1,0,0,0,0,0,13.21136,52.53223
12,12601235,2019,5,7,2,3,6,4,0,0,1,1,0,0,0,0,13.35313,52.59652
7,7400720,2019,5,8,2,2,5,3,0,0,1,0,0,0,0,0,13.38445,52.48022
6,6300631,2019,5,8,2,3,0,3,0,0,1,0,1,0,0,0,13.28492,52.41743
11,11401032,2019,5,8,2,2,6,4,0,0,1,1,0,0,0,0,13.51928,52.51346
1,1100206,2019,5,9,2,3,3,6,0,1,0,0,0,0,0,0,13.39667,52.51563
9,9200715,2019,5,9,2,3,3,6,0,0,1,0,0,0,1,0,13.53965,52.43492
4,4501153,2019,5,9,2,3,6,4,0,0,1,1,0,0,0,0,13.3306,52.4787
6,6400844,2019,5,10,2,3,5,2,0,0,1,0,0,0,0,0,13.27051,52.4509
1,1100311,2019,5,10,2,3,5,3,0,1,0,0,0,0,1,0,13.4177,52.51797
4,4200308,2019,5,10,2,2,2,6,0,0,1,0,0,0,0,0,13.24975,52.52389
4,4501040,2019,5,10,2,3,2,6,0,1,1,0,0,0,0,0,13.31339,52.50443
4,4300623,2019,5,11,2,3,1,5,0,1,1,0,0,0,0,0,13.30752,52.50572
9,9200613,2019,5,11,2,3,5,2,0,1,1,0,0,0,0,0,13.50352,52.46068
12,12100102,2019,5,11,2,3,6,4,0,0,1,1,0,0,0,0,13.3791,52.5687
5,5100314,2019,5,11,2,3,5,2,0,1,1,0,0,0,0,0,13.20473,52.54418
9,9501737,2019,5,12,2,3,0,1,0,1,0,0,0,0,0,0,13.62475,52.45118
5,5200420,2019,5,12,2,3,3,6,0,0,1,0,0,0,0,0,13.17344,52.53363
1,1300835,2019,5,5,1,3,6,4,1,1,0,1,0,0,0,0,13.38683,52.53916
1,1100205,2019,5,15,1,3,5,2,0,1,1,0,0,0,0,0,13.37663,52.50938
8,8100417,2019,5,17,1,3,0,7,0,0,1,0,1,0,0,0,13.4481,52.47779
6,6200313,2019,5,17,1,3,1,5,0,1,1,0,0,0,0,0,13.34482,52.43745
8,8100104,2019,5,14,1,3,5,2,0,1,1,0,0,0,0,0,13.42907,52.47191
3,3701555,2019,5,14,1,3,6,4,0,1,0,1,0,0,0,0,13.42192,52.53553
8,8100104,2019,5,12,1,3,6,4,0,0,0,1,1,0,0,0,13.43002,52.46985
2,2200210,2019,5,14,1,2,6,4,0,1,0,1,0,0,0,0,13.40089,52.49327
10,10200628,2019,5,18,1,2,6,4,0,0,1,1,0,0,0,0,13.59176,52.5294
8,8401243,2019,5,20,1,2,5,3,1,0,1,0,0,0,0,0,13.49112,52.42396
2,2100106,2019,5,11,1,2,6,4,0,0,1,1,0,0,0,0,13.41597,52.49869
8,8200831,2019,5,9,1,3,5,3,0,0,1,0,1,0,0,0,13.40996,52.41648
4,4501040,2019,5,8,1,2,0,2,0,0,1,0,0,0,0,0,13.31305,52.50061
12,12500928,2019,5,3,1,2,1,5,2,0,1,0,0,0,0,0,13.30708,52.60237
6,6100101,2019,5,13,1,3,2,6,0,0,1,0,0,0,1,0,13.31868,52.45445
12,12200515,2019,5,14,1,3,5,2,0,0,1,0,0,0,0,0,13.28078,52.59379
7,7100101,2019,5,16,7,2,6,2,0,0,0,1,0,0,1,0,13.34568,52.49421
4,4501153,2019,5,12,7,3,1,5,0,0,1,0,0,0,0,0,13.33393,52.48596
3,3400723,2019,5,19,7,3,5,2,1,1,1,0,0,0,0,0,13.42872,52.57798
1,1100416,2019,5,17,7,3,5,3,0,1,0,0,0,0,1,0,13.40521,52.5341
12,12601134,2019,5,21,7,2,6,4,2,0,1,1,0,0,0,0,13.33912,52.59757
12,12601134,2019,5,21,7,3,6,6,2,0,1,1,0,0,0,0,13.33907,52.59844
1,1400938,2019,5,19,7,3,5,2,0,1,1,0,0,0,0,0,13.34518,52.55442
9,9200819,2019,5,19,7,3,5,3,0,0,1,0,0,0,0,0,13.56616,52.43945
7,7501030,2019,5,17,7,3,5,2,0,0,1,0,1,0,0,0,13.37396,52.44513
9,9401534,2019,5,18,7,3,2,6,0,0,1,0,0,0,0,1,13.58059,52.4431
10,10400940,2019,5,18,7,2,1,5,0,0,1,0,1,0,0,0,13.6245,52.48967
1,1401047,2019,5,18,7,3,2,6,0,0,1,0,0,0,0,0,13.3517,52.54282
10,10200420,2019,5,17,7,3,5,3,0,0,1,0,1,0,0,0,13.60132,52.53582
1,1100313,2019,5,16,7,3,1,5,0,0,1,0,0,0,0,0,13.42014,52.51004
2,2300417,2019,5,1,7,3,5,3,2,0,1,0,0,0,0,1,13.43281,52.49471
5,5200527,2019,5,14,7,2,0,6,0,0,1,0,0,0,1,0,13.16344,52.51991
1,1400938,2019,5,14,7,3,6,4,0,0,1,1,0,0,0,1,13.34869,52.55052
10,10200420,2019,5,13,7,2,0,1,0,1,0,0,0,0,0,0,13.58624,52.5386
8,8401246,2019,5,13,7,3,5,2,0,1,1,0,0,0,0,0,13.49754,52.41607
12,12500929,2019,5,12,7,3,5,3,0,1,1,0,0,0,0,0,13.34041,52.61584
3,3300413,2019,5,11,7,3,5,3,0,0,1,0,0,0,0,0,13.47403,52.60999
6,6400735,2019,5,10,7,3,0,1,0,0,1,0,0,0,0,0,13.18652,52.42555
4,4501148,2019,5,3,6,3,1,1,2,0,1,0,0,0,0,0,13.31957,52.47888
10,10400940,2019,5,8,6,3,5,2,0,1,1,0,0,0,0,0,13.61389,52.50399
9,9501941,2019,5,12,6,3,6,7,0,0,1,1,0,0,0,0,13.57884,52.45799
5,5400943,2019,5,14,6,3,6,6,0,0,1,1,0,0,0,0,13.13638,52.45227
7,7200308,2019,5,22,6,3,2,2,2,0,1,0,0,0,0,0,13.32996,52.4663
7,7400823,2019,5,6,6,3,3,6,0,0,1,0,0,0,1,0,13.37686,52.46131
2,2300419,2019,5,21,6,3,6,4,2,1,0,1,0,0,0,0,13.44211,52.49852
8,8100314,2019,5,19,6,3,1,5,0,1,1,0,0,0,1,0,13.43961,52.48153
8,8100310,2019,5,7,6,3,5,3,0,0,1,0,0,0,0,0,13.42819,52.4934
12,12100204,2019,5,18,6,3,5,2,0,0,1,0,0,0,0,0,13.35392,52.56209
7,7100206,2019,5,18,6,3,1,5,0,1,1,0,0,0,1,0,13.36792,52.4933
11,11200410,2019,5,7,6,3,1,1,0,0,1,0,0,1,0,0,13.49427,52.55952
9,9200715,2019,5,17,6,3,5,3,0,1,1,0,0,0,0,0,13.52233,52.42856
1,1100309,2019,5,8,6,3,5,2,0,1,1,0,0,0,0,0,13.40947,52.5288
1,1100205,2019,5,8,6,3,1,5,0,1,1,0,0,0,0,0,13.38234,52.51346
6,6400735,2019,5,0,6,3,1,5,2,1,0,0,0,1,1,0,13.14148,52.4117
1,1100308,2019,5,8,6,3,2,6,0,0,1,0,1,0,0,0,13.37448,52.52802
5,5200631,2019,5,9,6,2,6,4,0,0,1,1,0,0,0,0,13.19603,52.52095
7,7601238,2019,5,9,6,2,6,4,0,0,1,1,0,0,0,0,13.3834,52.41128
1,1100207,2019,5,9,6,3,5,5,0,0,1,0,1,0,0,0,13.39121,52.50865
1,1200522,2019,5,10,6,3,1,5,0,0,1,0,1,0,0,0,13.33236,52.51961
6,6100209,2019,5,11,6,3,2,6,0,0,1,0,0,0,0,0,13.33149,52.46375
5,5200629,2019,5,12,6,3,2,6,0,0,1,0,0,0,0,0,13.19958,52.53442
8,8100310,2019,5,12,6,3,5,2,0,1,0,0,0,0,1,0,13.43385,52.48981
2,2200210,2019,5,13,6,2,5,3,0,0,1,0,1,0,0,0,13.39632,52.49105
6,6100101,2019,5,13,6,3,5,7,0,1,1,0,0,0,0,0,13.31428,52.45755
3,3701657,2019,5,13,6,3,0,7,0,0,1,0,1,0,0,0,13.42536,52.54341
1,1300733,2019,5,14,6,3,2,6,0,0,1,0,1,0,0,0,13.39025,52.55555
2,2200209,2019,5,15,6,3,5,7,0,0,1,0,1,0,0,0,13.3757,52.48934
12,12500930,2019,5,15,6,2,5,2,0,1,1,0,0,0,0,0,13.3341,52.58978
1,1100207,2019,5,16,5,3,1,5,0,1,1,0,0,0,1,0,13.3919,52.51004
3,3601449,2019,5,8,5,3,5,3,0,1,1,0,0,0,0,0,13.44589,52.54465
8,8100521,2019,5,6,5,2,2,7,0,0,1,0,1,0,0,0,13.46981,52.4629
1,1100206,2019,5,11,5,3,6,2,0,0,1,1,0,0,0,0,13.39113,52.51399
9,9200715,2019,5,18,5,3,5,2,0,1,1,0,0,0,0,0,13.54514,52.42573
1,1100312,2019,5,18,5,3,0,3,0,1,1,0,0,0,0,0,13.40881,52.51195
1,1100313,2019,5,8,5,3,5,3,0,1,1,0,0,0,0,0,13.41963,52.50617
12,12200310,2019,5,16,5,3,5,2,0,1,1,0,0,0,0,0,13.3133,52.57682
4,4300620,2019,5,15,5,3,1,5,0,0,1,0,1,0,0,0,13.32689,52.52193
2,2100104,2019,5,14,5,3,5,5,0,1,1,0,0,0,0,0,13.41452,52.50442
8,8300935,2019,5,15,5,2,5,2,0,0,1,0,0,0,0,0,13.44697,52.42709
12,12500930,2019,5,15,5,3,2,6,0,0,1,0,0,0,0,0,13.31864,52.58138
3,3501038,2019,5,15,5,2,5,2,0,0,1,0,1,0,0,0,13.47482,52.54959
6,6100101,2019,5,9,5,2,5,3,0,1,1,0,0,0,0,0,13.30978,52.46657
5,5300735,2019,5,12,5,3,5,3,0,0,0,0,1,0,1,0,13.21942,52.53898
1,1200517,2019,5,12,5,3,5,2,0,1,0,0,0,1,0,0,13.32817,52.53534
4,4300416,2019,5,11,5,3,5,3,0,0,1,0,0,0,0,0,13.29278,52.50669
6,6100102,2019,5,15,5,3,6,7,0,0,1,1,0,0,0,0,13.32076,52.45706
9,9300923,2019,5,15,5,3,6,7,0,0,1,1,0,0,0,0,13.53927,52.4008
7,7100206,2019,5,10,5,3,5,3,0,1,1,0,0,0,0,0,13.36643,52.49526