BEZ,LOR_ab_2021,UJAHR,UMONAT,USTUNDE,UWOCHENTAG,UKATEGORIE,UART,UTYP1,ULICHTVERH,IstRad,IstPKW,IstFuss,IstKrad,IstGkfz,IstSonstige,USTRZUSTAND,XGCSWGS84,YGCSWGS84
2,2500835,2019,5,10,5,3,5,2,0,0,1,0,0,0,1,0,13.46404,52.50049
7,7300619,2019,5,8,5,3,2,6,0,0,1,0,0,0,1,0,13.34815,52.46416
1,1100310,2019,5,8,5,3,3,6,0,0,0,0,0,0,1,0,13.4097,52.52261
2,2100102,2019,5,8,5,2,0,1,0,0,0,0,1,0,0,0,13.39808,52.50681
2,2400521,2019,5,0,5,3,1,5,2,1,1,0,0,0,0,0,13.43138,52.51355
7,7400823,2019,5,8,5,3,0,1,0,1,0,0,0,0,0,0,13.37642,52.45938
2,2400625,2019,5,16,4,3,6,2,0,1,0,1,0,0,0,0,13.43496,52.50864
6,6300634,2019,5,19,4,3,5,2,0,0,1,0,0,0,0,0,13.30969,52.43146
8,8100314,2019,5,19,4,2,3,6,0,0,1,0,0,0,0,0,13.43383,52.48198
2,2300417,2019,5,22,4,3,6,4,2,1,0,1,0,0,0,0,13.42748,52.49902
3,3300517,2019,5,12,4,3,5,2,0,1,1,0,0,0,0,0,13.47695,52.56699
5,5200629,2019,5,21,4,2,2,6,2,0,1,0,1,0,0,0,13.19362,52.53382
12,12601236,2019,5,19,4,3,5,2,0,0,1,0,1,0,0,0,13.34609,52.59152
2,2400521,2019,5,18,4,3,6,7,0,0,1,1,0,0,0,0,13.43739,52.51089
9,9100101,2019,5,18,4,3,6,2,0,0,1,1,0,0,0,0,13.45414,52.49594
7,7400823,2019,5,14,4,3,6,7,0,1,0,1,0,0,0,0,13.38525,52.46362
4,4500938,2019,5,13,4,3,5,2,0,0,1,0,1,0,0,0,13.29594,52.49594
6,6400843,2019,5,13,4,3,1,5,0,1,1,0,0,0,1,0,13.30236,52.4573
5,5300737,2019,5,12,4,3,2,2,0,0,1,0,1,0,0,0,13.24287,52.54371
4,4300619,2019,5,12,4,3,3,6,0,1,1,0,0,0,0,0,13.31384,52.51563
2,2100104,2019,5,17,4,3,5,2,0,0,1,0,1,0,0,0,13.40171,52.50105
8,8200730,2019,5,12,4,3,5,3,0,0,1,0,0,0,0,0,13.43511,52.42865
12,12400721,2019,5,12,4,3,5,3,0,1,1,0,0,0,0,0,13.29426,52.62946
4,4501045,2019,5,15,4,3,0,2,0,0,1,0,0,0,1,0,13.32461,52.49876
4,4501146,2019,5,15,4,3,0,6,0,1,1,0,0,0,0,0,13.32029,52.48493
10,10200629,2019,5,16,4,3,2,1,0,0,1,0,0,0,0,0,13.57686,52.51323
2,2100104,2019,5,10,4,3,0,1,0,0,0,0,1,0,0,1,13.4103,52.50378
12,12500825,2019,4,17,3,3,5,3,0,1,1,0,0,0,0,0,13.29542,52.58278
7,7100206,2019,4,6,3,2,5,3,0,0,1,0,1,0,0,0,13.36596,52.49529
1,1300733,2019,4,9,3,3,2,2,0,0,1,0,0,0,0,0,13.3845,52.55601
9,9200715,2019,4,15,3,3,6,6,0,1,0,1,0,0,0,0,13.54001,52.43485
2,2300314,2019,4,17,3,3,1,5,0,0,1,0,1,0,0,0,13.41831,52.49992
1,1400938,2019,4,7,3,3,2,6,1,0,1,0,0,0,0,0,13.33445,52.54269
9,9200715,2019,4,23,3,3,5,3,2,0,1,0,1,0,0,0,13.52249,52.42839
1,1300836,2019,4,15,3,2,5,2,0,0,0,0,1,0,1,0,13.37458,52.53723
1,1401044,2019,4,15,3,3,3,6,0,1,1,0,0,0,0,0,13.38035,52.55279
9,9100407,2019,4,15,3,3,5,3,0,1,1,0,0,0,0,0,13.50358,52.44523
7,7400720,2019,4,15,3,3,5,3,0,1,0,0,0,0,1,0,13.37679,52.48347
7,7200308,2019,4,15,3,3,5,3,0,1,1,0,0,0,0,0,13.32501,52.4664
4,4200311,2019,4,15,3,2,5,7,0,1,1,0,0,0,0,0,13.27924,52.50108
2,2100102,2019,4,15,3,2,5,2,0,1,1,0,0,0,0,0,13.40165,52.50614
1,1200623,2019,4,15,3,2,5,7,0,0,1,0,1,0,0,0,13.34771,52.53105
2,2100102,2019,4,14,3,3,5,3,0,1,1,0,0,0,0,0,13.39898,52.50376
1,1200517,2019,4,14,3,3,5,2,0,1,0,0,0,1,0,0,13.32653,52.5326
10,10400940,2019,4,14,3,3,3,6,0,1,0,0,0,0,1,0,13.61403,52.48788
4,4300415,2019,4,15,3,3,1,5,0,0,1,0,0,0,0,0,13.2895,52.50942
7,7200411,2019,4,13,3,3,5,7,0,1,1,0,0,0,0,0,13.35585,52.48621
4,4501043,2019,4,11,3,3,5,2,0,1,1,0,0,0,0,0,13.31513,52.49414
9,9200510,2019,4,6,3,3,5,7,0,0,1,0,0,1,0,0,13.50901,52.46654
3,3601245,2019,5,18,5,3,2,6,0,0,1,0,0,0,0,0,13.43894,52.5475
10,10100205,2019,4,6,3,3,1,5,0,0,1,0,0,1,0,0,13.53438,52.53966
5,5300737,2019,4,6,3,3,5,3,0,0,1,0,0,0,0,0,13.23728,52.54631
7,7501133,2019,5,18,5,3,5,3,0,0,1,0,0,0,0,0,13.38359,52.43583
3,3601141,2019,5,14,5,3,5,3,0,1,0,0,0,0,0,1,13.40845,52.55097
1,1401044,2019,4,6,3,3,2,6,0,0,1,0,0,0,0,0,13.37516,52.55645
10,10300731,2019,5,14,5,2,2,6,0,0,1,0,0,0,0,1,13.5638,52.51878
11,11400931,2019,5,14,5,3,5,3,0,1,1,0,0,0,0,1,13.51616,52.50563
6,6100102,2019,5,16,6,3,1,5,0,1,1,0,0,0,0,0,13.32182,52.45977
11,11300619,2019,5,16,6,3,2,2,0,0,0,0,1,0,1,0,13.45893,52.52599
2,2400521,2019,5,16,6,3,2,6,0,0,1,0,1,0,0,0,13.42432,52.51324
12,12200414,2019,5,15,6,2,2,6,0,0,1,0,0,0,0,0,13.29554,52.55016
1,1100308,2019,5,15,6,3,1,5,0,1,1,0,0,0,0,0,13.37931,52.52455
5,5400942,2019,5,15,6,3,5,2,0,0,1,0,1,0,0,0,13.17497,52.47475
2,2100102,2019,5,15,6,3,2,6,0,0,1,0,0,0,1,0,13.39292,52.50686
11,11200512,2019,5,13,6,3,5,2,0,0,0,0,0,1,1,0,13.46918,52.54264
4,4501045,2019,5,13,6,2,5,2,0,1,1,0,0,0,0,0,13.32612,52.49472
1,1100309,2019,5,13,6,3,0,5,0,1,0,0,0,0,1,0,13.39014,52.52777
2,2300314,2019,5,13,6,3,5,3,0,0,1,0,0,0,0,0,13.41631,52.50164
11,2500835,2019,5,12,6,3,3,6,0,1,0,0,0,0,1,0,13.46889,52.50092
9,9200715,2019,5,11,6,3,0,3,0,0,1,0,0,0,1,0,13.54206,52.42936
9,9100101,2019,5,9,5,3,3,6,0,1,0,0,0,0,1,0,13.44445,52.49298
6,6300633,2019,5,20,5,3,2,6,1,0,1,0,0,0,0,0,13.31527,52.44972
5,5300841,2019,5,19,5,3,5,2,0,0,1,0,0,0,0,1,13.27184,52.5366
1,1200623,2019,5,19,5,3,5,3,0,1,1,0,0,0,0,1,13.36132,52.53137
1,1401049,2019,5,19,5,3,2,6,0,0,1,0,0,0,0,1,13.36374,52.55634
12,12200414,2019,5,23,5,3,0,1,2,0,0,0,1,0,0,1,13.29788,52.57815
6,6200420,2019,5,8,5,3,0,1,0,0,0,0,0,0,1,1,13.30515,52.41789
5,5100314,2019,5,12,5,3,2,4,0,0,1,1,0,0,0,1,13.20215,52.54679
4,4200311,2019,5,12,5,3,2,6,0,0,1,0,0,1,0,1,13.28152,52.50132
6,6200420,2019,5,12,5,3,6,2,0,0,0,1,0,0,1,1,13.31014,52.41888
2,2200210,2019,5,11,5,3,5,3,0,0,1,0,0,0,0,1,13.39859,52.49631
10,10300731,2019,5,10,5,3,6,2,0,0,1,1,0,0,0,1,13.55952,52.53401
2,2500833,2019,5,10,5,3,0,2,0,0,1,0,0,0,1,1,13.45166,52.51076
2,2400521,2019,5,10,5,3,2,6,0,0,0,0,0,0,1,1,13.43421,52.50862
2,2400625,2019,5,9,5,3,5,3,0,1,1,0,0,0,0,1,13.43787,52.51017
2,2300417,2019,5,9,5,3,5,3,0,0,1,0,1,0,0,1,13.42954,52.49822
12,12100102,2019,5,9,5,3,5,3,0,0,1,0,0,0,0,1,13.3795,52.5707
2,2200210,2019,5,8,5,3,2,6,0,0,1,0,0,0,0,1,13.39806,52.49653
1,1401044,2019,5,8,5,3,5,2,0,0,1,0,0,0,0,1,13.37713,52.55371
2,2500729,2019,5,8,5,2,5,2,0,0,1,0,1,0,0,1,13.46283,52.51499
3,3300516,2019,5,8,5,3,4,6,0,0,1,0,0,1,0,1,13.44226,52.56981
7,7501030,2019,5,6,5,3,6,2,0,0,1,1,0,0,0,1,13.37802,52.44255
4,4300620,2019,5,5,5,2,1,1,1,0,1,0,0,0,0,1,13.32815,52.5214
11,11300724,2019,5,2,5,2,6,4,2,0,0,1,0,1,0,1,13.48013,52.51949
6,6200313,2019,5,17,5,2,6,4,0,0,1,1,0,0,0,0,13.34428,52.43371
3,3701555,2019,5,17,5,3,2,6,0,0,1,0,1,0,0,1,13.41703,52.5283
5,5100316,2019,5,13,5,3,1,5,0,1,1,0,0,0,0,1,13.21192,52.53216
11,11401137,2019,5,17,5,2,1,5,0,1,1,0,0,0,0,0,13.50762,52.49175
2,2300419,2019,5,17,5,3,1,5,0,1,1,0,0,0,0,0,13.44658,52.4986
2,2500729,2019,5,16,5,3,0,2,0,0,0,0,1,0,1,1,13.46283,52.51498
1,1401044,2019,5,16,5,3,6,4,0,0,1,1,0,0,0,1,13.37908,52.55243
1,1100205,2019,5,15,5,3,6,2,0,0,1,1,0,0,0,1,13.38151,52.51508
3,3400830,2019,5,15,5,3,1,5,0,1,1,0,0,0,0,1,13.42042,52.55618
4,4300622,2019,5,15,5,3,5,5,0,0,0,0,1,0,1,1,13.32497,52.50997
12,12500930,2019,5,15,5,2,0,1,0,0,0,0,1,0,0,1,13.32798,52.58833
7,7400823,2019,5,14,5,3,2,6,0,0,1,0,0,0,0,1,13.3755,52.45598
1,1401044,2019,5,14,5,3,2,6,0,0,1,0,0,0,0,1,13.38237,52.55588
10,10100313,2019,5,10,4,3,2,6,0,0,1,0,0,0,0,0,13.57132,52.54586
4,4200310,2019,5,10,4,2,5,3,0,0,1,0,1,0,0,0,13.2715,52.50969
7,7400928,2019,5,11,4,3,5,2,0,1,1,0,0,0,0,0,13.41812,52.46044
1,1100310,2019,5,12,4,3,5,3,0,1,1,0,0,0,0,0,13.40965,52.51829
3,3601142,2019,5,14,4,3,2,6,0,0,0,0,0,1,1,0,13.41042,52.54118
9,9502043,2019,5,14,4,3,5,3,0,1,1,0,0,0,0,1,13.58047,52.46256
5,5100208,2019,5,15,4,3,1,5,0,1,1,0,0,0,0,0,13.16068,52.54853
5,5200631,2019,5,16,4,3,5,3,0,1,1,0,0,0,0,0,13.19603,52.52735
4,4500938,2019,5,16,4,3,2,6,0,0,1,0,0,0,0,0,13.28582,52.49522
5,5200524,2019,5,16,4,3,2,6,0,0,1,0,0,0,0,0,13.12199,52.52875
1,1100312,2019,5,17,4,3,1,5,0,1,1,0,0,0,0,0,13.40464,52.50796
4,4300412,2019,5,17,4,3,2,6,0,0,1,0,0,0,0,0,13.28593,52.51877
10,10200420,2019,5,18,4,3,5,3,0,1,1,0,0,0,0,0,13.60132,52.53582
10,10200524,2019,5,15,4,2,6,4,0,0,1,1,0,0,0,1,13.61991,52.53911
5,5200422,2019,5,12,4,3,0,5,0,0,1,0,0,0,1,0,13.13144,52.53642
4,4300416,2019,5,17,4,3,2,6,0,0,1,0,0,0,0,0,13.30228,52.50764
1,1100101,2019,5,10,4,3,2,6,0,0,1,0,0,0,0,0,13.3441,52.50636
3,3601141,2019,5,10,4,3,2,2,0,0,0,0,1,0,0,0,13.40612,52.55409
4,4500936,2019,5,9,4,2,6,7,0,0,1,1,0,0,0,0,13.30197,52.49897
1,1200626,2019,5,9,4,3,5,3,0,1,1,0,0,0,0,0,13.34626,52.52496
2,2200210,2019,5,9,4,3,5,2,0,1,1,0,0,0,0,0,13.40203,52.49254
1,1100311,2019,5,9,4,3,2,6,0,1,0,0,0,0,0,0,13.42391,52.51366
4,4200311,2019,5,9,4,3,3,6,0,0,1,0,0,0,0,0,13.28157,52.51264
2,2200209,2019,5,9,4,3,2,2,0,0,1,0,0,0,0,0,13.38711,52.49315
4,4500936,2019,5,22,4,3,0,2,2,0,1,0,1,0,0,0,13.30195,52.49912
1,1100206,2019,5,8,4,3,2,3,0,1,1,0,0,0,0,0,13.38912,52.51563
2,2100104,2019,5,8,4,3,6,2,0,0,0,1,0,0,1,0,13.41451,52.50011
12,12200414,2019,5,8,4,3,5,3,0,1,1,0,0,0,0,0,13.30018,52.56997
11,11300724,2019,5,8,4,3,1,5,0,1,1,0,0,0,0,0,13.47895,52.52036
7,7200308,2019,5,7,4,3,5,3,0,1,1,0,0,0,0,0,13.34223,52.48395
9,9200715,2019,5,7,4,3,6,4,0,0,1,1,0,0,0,0,13.53989,52.43501
1,1300836,2019,5,21,4,3,8,1,2,0,1,0,0,0,0,1,13.37682,52.5434
8,8100417,2019,5,7,4,3,6,4,0,0,1,1,0,0,0,0,13.44431,52.47385
9,9200819,2019,5,7,4,3,5,3,0,0,1,0,1,0,0,0,13.56912,52.44416
5,5100317,2019,5,7,4,2,5,2,0,1,1,0,0,0,0,0,13.22745,52.52841
5,5300841,2019,5,6,4,3,2,6,0,0,1,0,0,0,0,0,13.27326,52.53622
4,4501045,2019,5,18,4,3,5,2,0,1,1,0,0,0,0,1,13.32367,52.49361
9,9301126,2019,5,7,3,3,4,6,0,1,0,0,0,0,0,0,13.57444,52.41391
11,11200514,2019,5,6,3,3,5,2,0,1,1,0,0,0,0,0,13.47328,52.53617
4,4501148,2019,5,18,3,3,5,2,0,0,1,0,0,0,0,0,13.32029,52.47879
9,9501941,2019,5,17,3,3,6,4,0,0,1,1,0,0,0,0,13.57257,52.45137
12,12200310,2019,5,16,3,3,6,2,0,0,1,1,0,0,0,0,13.31428,52.57669
1,1300730,2019,5,16,3,2,6,4,0,0,1,1,0,0,0,0,13.37382,52.55798
5,5300735,2019,5,5,3,3,5,2,0,1,1,0,0,0,0,0,13.22137,52.53686
5,5100211,2019,5,19,3,3,5,3,0,0,1,0,0,0,0,0,13.17167,52.54992
5,5300737,2019,5,16,3,2,5,7,0,0,1,0,0,1,0,0,13.24798,52.54543
1,1100308,2019,5,17,3,3,8,1,0,0,1,0,0,0,0,0,13.38735,52.52578
1,1300836,2019,5,13,3,3,5,2,0,0,1,0,0,0,0,0,13.3786,52.54478
4,4500938,2019,5,22,3,2,6,4,2,0,1,1,0,0,0,0,13.29009,52.49692
7,7601546,2019,5,13,3,3,5,2,0,1,1,0,0,0,0,0,13.39287,52.39134
12,12601134,2019,5,13,3,3,5,3,0,1,1,0,0,0,0,0,13.33912,52.59755
3,3601245,2019,5,13,3,3,5,2,0,1,1,0,0,0,0,0,13.42789,52.54553
7,7200308,2019,5,11,3,3,5,2,0,1,1,0,0,0,0,0,13.32843,52.46479
7,7100102,2019,5,9,3,3,5,2,0,1,1,0,0,0,0,0,13.34618,52.501
11,11501340,2019,5,9,3,3,0,7,0,1,0,0,0,0,0,0,13.53068,52.48377
9,9401534,2019,5,15,3,3,0,4,0,0,0,1,0,0,1,0,13.58058,52.44336
7,7601238,2019,5,9,3,2,5,7,0,0,1,0,0,0,0,0,13.38735,52.4118
6,6400844,2019,5,9,3,3,2,6,0,0,1,0,0,0,0,0,13.27071,52.45113
5,5200629,2019,5,8,3,3,3,2,0,0,1,0,0,1,0,0,13.19824,52.53302
3,3400723,2019,5,8,3,3,2,6,0,0,1,0,0,1,0,0,13.42107,52.57305
7,7501030,2019,5,7,3,3,5,2,0,1,0,0,0,0,1,0,13.37301,52.43683
5,5100105,2019,5,7,3,3,5,7,0,0,1,0,1,0,0,0,13.19112,52.55611
3,3400830,2019,5,7,3,3,5,3,0,0,1,0,0,0,0,0,13.42215,52.55393
9,9200715,2019,5,16,3,3,2,6,0,0,1,0,0,0,1,0,13.5373,52.43803
3,3601142,2019,5,16,3,3,5,3,0,1,1,0,0,0,0,0,13.41192,52.54274
3,3601244,2019,5,16,3,3,5,3,0,1,1,0,0,0,0,0,13.42702,52.55221
8,8401243,2019,5,15,3,3,2,6,0,0,1,0,0,0,0,0,13.49136,52.42856
2,2300316,2019,5,15,3,3,1,5,0,1,1,0,0,0,0,0,13.43384,52.50192
7,7400823,2019,5,15,3,3,1,5,0,1,0,0,0,0,1,0,13.37553,52.46166
1,1200626,2019,5,11,3,3,5,3,0,1,0,0,1,0,0,0,13.35227,52.52402
8,8100104,2019,5,11,3,3,0,6,0,1,0,0,0,0,1,0,13.43184,52.4666
10,10100208,2019,5,14,2,3,5,3,0,0,1,0,0,0,0,0,13.57354,52.55233
2,2200210,2019,5,16,2,3,6,7,0,1,0,1,0,0,0,0,13.39989,52.496
3,3601453,2019,5,12,2,3,1,5,0,1,1,0,0,0,0,0,13.46413,52.52296
7,7601341,2019,5,9,2,2,0,5,0,0,1,0,0,0,1,0,13.35468,52.41333
11,11400931,2019,5,15,2,3,5,3,0,1,1,0,0,0,0,0,13.50236,52.50875
5,5200528,2019,5,11,2,2,0,1,0,0,1,0,1,0,0,0,13.17809,52.51685
1,1100312,2019,5,9,2,3,3,6,0,1,0,0,0,0,0,0,13.40856,52.51213
2,2400521,2019,5,15,2,3,5,3,0,0,1,0,0,0,0,0,13.43028,52.5105
11,11100203,2019,5,15,2,3,6,7,0,0,0,1,1,0,0,0,13.52757,52.56744
3,3601452,2019,5,14,2,3,2,2,0,1,1,0,0,0,0,0,13.44908,52.52888
11,11401137,2019,5,14,2,3,5,2,0,1,1,0,0,0,0,0,13.5232,52.49557
11,11400931,2019,5,14,2,2,5,7,0,0,1,0,0,0,1,0,13.5199,52.5058
5,5300841,2019,5,14,2,3,5,3,0,1,1,0,0,0,0,0,13.26181,52.54136
8,8401241,2019,5,13,2,3,2,6,0,0,1,0,0,0,0,0,13.47436,52.43875
2,2300419,2019,5,11,2,3,5,2,0,0,1,0,1,0,0,0,13.44551,52.49921
1,1300836,2019,5,10,2,3,2,2,0,1,1,0,0,0,0,0,13.37462,52.53731
10,10100313,2019,5,9,2,3,2,6,0,0,1,0,0,0,0,0,13.5636,52.54472
8,8100314,2019,5,10,2,3,0,1,0,0,0,0,1,0,0,0,13.43512,52.48329
1,1100310,2019,5,9,2,2,5,2,0,1,0,0,0,1,0,0,13.40977,52.52402
11,11200513,2019,5,15,2,3,5,3,0,0,1,0,0,0,0,0,13.49394,52.54112
9,9401329,2019,5,14,2,3,8,1,0,0,1,0,0,0,0,0,13.58672,52.42437
2,2300417,2019,5,8,2,2,5,2,0,1,1,0,0,0,0,0,13.43415,52.49664
1,1100207,2019,5,8,2,3,1,5,0,1,1,0,0,0,1,0,13.39989,52.50931
7,7100102,2019,5,8,2,2,6,4,0,0,0,1,1,0,0,0,13.34978,52.5005
6,6100210,2019,5,8,2,3,2,7,0,0,1,0,1,1,0,0,13.34307,52.46271
9,9301126,2019,5,8,2,3,5,2,0,1,0,0,0,1,0,0,13.56418,52.42446
6,6400844,2019,5,7,2,3,0,1,0,0,0,0,1,0,0,0,13.27945,52.46208
4,4400835,2019,5,7,2,3,5,3,0,0,1,0,1,0,0,0,13.31623,52.47632
7,7601341,2019,5,12,2,3,5,3,0,1,1,0,0,0,0,0,13.38222,52.4011
2,2500830,2019,5,20,2,3,5,3,0,0,1,0,0,0,1,0,13.46881,52.51095
7,7501030,2019,5,19,2,3,1,1,0,0,1,0,0,0,0,0,13.38254,52.45245
12,12200411,2019,5,18,2,3,2,6,0,0,1,0,0,0,0,0,13.33099,52.56243
12,12200308,2019,5,18,2,2,6,4,1,0,1,1,0,0,0,0,13.32075,52.57594
4,4400834,2019,5,18,2,3,6,7,0,0,1,1,0,0,0,0,13.3108,52.47938
10,10200417,2019,5,17,2,3,5,3,0,1,1,0,0,0,0,0,13.59889,52.54647
1,1100312,2019,5,17,2,3,1,5,0,1,0,0,0,0,1,0,13.41439,52.50833
5,5200629,2019,5,16,2,2,6,4,0,0,1,1,0,0,0,0,13.1955,52.53348
2,2500726,2019,5,16,2,3,5,3,0,0,1,0,0,0,1,0,13.44909,52.52434
9,9100101,2019,5,15,2,3,5,2,0,1,0,0,0,0,1,0,13.4542,52.49395
1,1100312,2019,5,13,2,3,5,3,0,1,1,0,0,0,0,0,13.4173,52.51243
5,5100208,2019,5,12,2,3,3,3,0,0,1,0,0,0,0,0,13.16819,52.55076
8,8100520,2019,5,20,1,3,0,7,1,1,1,0,0,0,0,0,13.46266,52.47753
4,4500938,2019,5,19,1,3,1,7,0,1,1,0,0,0,0,0,13.30021,52.49864
6,6300633,2019,5,18,1,3,5,7,0,0,1,0,1,0,0,0,13.31073,52.43232
7,7100102,2019,5,17,1,3,5,2,0,1,1,0,0,0,0,0,13.35321,52.49803
6,6200420,2019,5,17,1,3,1,5,0,1,1,0,0,0,0,0,13.30647,52.41035
9,9501737,2019,5,16,1,3,6,7,0,0,0,1,1,0,0,0,13.62352,52.45662
9,9501941,2019,5,16,1,3,5,2,0,1,1,0,0,0,0,0,13.57222,52.4511
3,3601244,2019,5,16,1,3,2,6,0,0,1,0,1,0,0,0,13.42975,52.55152
6,6400838,2019,5,16,1,3,5,3,0,0,1,0,0,0,0,0,13.23384,52.43864
6,6300633,2019,5,12,1,3,1,7,0,1,1,0,0,0,0,0,13.31186,52.43503
10,10200524,2019,5,15,1,3,5,2,0,0,1,0,0,0,0,0,13.60943,52.53306
9,9502043,2019,5,14,1,3,3,6,0,0,1,0,0,0,0,0,13.59023,52.4706
3,3300514,2019,5,12,1,3,0,3,0,1,1,0,0,0,0,0,13.45395,52.59331
8,8100310,2019,5,16,1,3,3,6,0,1,1,0,0,0,0,0,13.43515,52.49117
1,1200518,2019,5,11,1,2,5,7,0,0,1,0,1,0,0,0,13.32846,52.53237
2,2200209,2019,5,9,1,3,4,6,0,1,0,0,0,0,0,0,13.38468,52.49363
4,4200311,2019,5,10,1,2,5,2,0,0,1,0,0,0,0,0,13.27915,52.50371
2,2200212,2019,5,13,1,3,6,4,0,1,0,1,0,0,0,0,13.42217,52.48708
1,1100308,2019,5,13,1,3,2,2,0,1,1,0,0,0,0,0,13.38735,52.52384
9,9200512,2019,5,10,1,3,5,2,0,0,1,0,0,0,1,0,13.55438,52.4557
8,8100314,2019,5,4,1,3,5,7,1,0,1,0,0,0,0,1,13.42885,52.48414
9,9100101,2019,5,20,1,3,0,7,0,0,1,0,0,0,0,0,13.45825,52.4859
12,12601133,2019,5,19,1,2,5,3,0,0,1,0,0,0,0,0,13.36048,52.59937
7,7200308,2019,5,12,7,3,5,3,0,1,0,0,0,0,1,0,13.34483,52.48006
5,5200423,2019,5,18,1,3,5,3,0,0,1,0,1,0,0,0,13.15439,52.5329
1,1400938,2019,5,14,7,3,6,2,0,0,1,1,0,0,0,0,13.34627,52.55254
4,4501042,2019,5,18,1,2,2,6,0,0,1,0,0,0,0,0,13.3356,52.50533
5,5100101,2019,5,17,1,2,6,4,0,0,1,1,0,0,0,0,13.21435,52.56476
1,1200520,2019,5,11,7,3,3,6,0,1,0,0,0,0,0,0,13.33935,52.52648
4,4400727,2019,5,16,1,3,1,5,0,0,1,0,0,0,0,0,13.28549,52.48138
1,1200624,2019,5,17,1,2,5,2,0,0,1,0,0,0,1,0,13.36027,52.53731
5,5200629,2019,5,12,7,3,2,7,0,0,1,0,0,0,0,0,13.19609,52.53154
8,8100310,2019,5,16,1,3,0,1,0,0,0,0,1,0,0,1,13.43203,52.48539
11,11300619,2019,5,17,7,2,0,1,0,0,0,0,1,0,0,1,13.47153,52.53208
9,9501838,2019,5,16,1,2,5,3,0,1,1,0,0,0,0,0,13.6931,52.43903
1,1100415,2019,5,16,1,3,3,6,0,1,1,0,0,0,0,0,13.39738,52.53249
6,6200314,2019,5,23,7,3,5,2,2,0,1,0,0,0,0,0,13.33818,52.43191
5,5100315,2019,5,19,7,3,5,2,0,0,1,0,0,0,0,1,13.19424,52.54569
6,6200312,2019,5,16,1,3,0,1,0,0,1,0,1,0,0,1,13.34314,52.43982
1,1200628,2019,5,15,1,3,5,2,0,1,1,0,0,0,0,0,13.35947,52.52329
5,5200527,2019,5,18,7,3,5,3,1,0,1,0,0,0,0,1,13.16636,52.52402
6,6400737,2019,5,13,1,3,1,5,0,1,1,0,0,0,0,0,13.21881,52.43241
2,2300417,2019,5,18,7,3,5,2,0,1,1,0,0,0,0,1,13.42968,52.49817
3,3200309,2019,5,12,7,3,5,3,0,1,1,0,0,0,0,0,13.42944,52.60069
6,6400735,2019,5,13,1,3,0,3,0,0,1,0,1,0,0,0,13.15864,52.4195
5,5100208,2019,5,12,1,3,0,2,0,0,1,0,1,0,0,0,13.1653,52.55112
5,5100209,2019,5,11,7,3,5,2,0,0,1,0,0,0,0,0,13.18292,52.54787
1,1100104,2019,5,11,1,3,2,6,0,0,1,0,0,0,0,0,13.37132,52.50489
4,4200311,2019,5,12,7,3,5,2,0,1,1,0,0,0,0,0,13.28153,52.51289
3,3300413,2019,5,11,1,2,1,5,0,1,1,0,0,0,0,0,13.47637,52.60971
4,4300620,2019,5,20,7,3,5,2,0,0,1,0,1,0,0,1,13.32635,52.51913
4,4300623,2019,5,9,1,3,5,2,0,1,1,0,0,0,0,0,13.31379,52.50636
6,6200421,2019,5,13,7,3,5,3,0,1,0,0,0,0,0,0,13.31372,52.42647
1,1200627,2019,5,1,1,3,0,7,2,1,1,0,0,0,0,1,13.36425,52.52779
4,4400833,2019,5,15,7,3,1,5,0,1,1,0,0,0,0,1,13.30186,52.47297
4,4400831,2019,5,10,7,3,0,7,0,1,0,0,0,0,0,0,13.28177,52.4763
6,6200312,2019,5,15,7,3,5,3,0,1,1,0,0,0,0,1,13.33445,52.43743
1,1100104,2019,5,23,7,3,5,2,2,1,1,0,0,0,0,0,13.36558,52.50311
2,2400521,2019,5,16,7,3,5,3,0,1,1,0,0,0,0,1,13.43066,52.51109
6,6300634,2019,5,9,7,3,1,5,0,1,1,0,0,0,0,0,13.29406,52.44204
10,10300731,2019,5,9,7,3,5,3,0,0,1,0,0,0,0,0,13.55796,52.52965
1,1100310,2019,5,17,7,3,1,5,0,0,1,0,0,0,0,1,13.40954,52.51818
10,10100316,2019,5,9,7,3,5,3,0,1,1,0,0,0,0,0,13.58336,52.54933
10,10100207,2019,5,11,7,3,5,2,0,1,1,0,0,0,0,0,13.58311,52.54936
9,9100101,2019,5,5,7,3,0,7,0,1,0,0,0,0,0,0,13.44916,52.48831
9,9100409,2019,5,1,7,3,1,5,2,1,1,0,0,0,0,0,13.50642,52.43758
12,12400616,2019,5,17,7,3,5,3,0,0,1,0,0,0,0,1,13.22923,52.57328
9,9100306,2019,5,20,7,3,6,4,0,0,1,1,0,0,0,0,13.48037,52.45327
1,1100308,2019,5,15,7,3,0,1,0,0,0,0,1,0,0,1,13.37925,52.52946
10,10400835,2019,5,19,7,2,0,1,0,1,0,0,0,0,0,0,13.59074,52.51422
1,1300730,2019,5,11,7,3,6,4,0,1,0,1,0,0,0,0,13.38486,52.55661
5,5200629,2019,5,18,7,3,5,2,0,0,1,0,0,0,0,0,13.19452,52.5337
10,10100206,2019,5,4,7,3,5,3,1,0,1,0,0,0,0,0,13.57456,52.55522
1,1100312,2019,5,8,7,3,5,2,0,1,1,0,0,0,0,0,13.41279,52.50627
10,10300734,2019,5,18,7,3,2,7,0,0,1,0,0,0,0,0,13.55968,52.4793
2,2200208,2019,5,15,6,3,3,6,0,1,0,0,0,0,0,0,13.38684,52.49642
8,8200727,2019,5,8,6,3,5,7,0,0,1,0,0,0,0,0,13.43683,52.44862
1,1400938,2019,5,10,7,3,2,6,0,0,1,0,0,0,0,0,13.3362,52.5579
7,7601544,2019,5,7,6,3,6,2,0,0,1,1,0,0,0,0,13.40323,52.38668
5,5300737,2019,5,10,7,2,2,7,0,0,1,0,1,0,0,0,13.24745,52.5383
3,3300413,2019,5,7,6,3,5,3,0,1,1,0,0,0,0,1,13.4734,52.61255
1,1100415,2019,5,11,7,3,1,5,0,1,1,0,0,0,0,0,13.40052,52.5306
5,5200629,2019,5,11,7,2,6,2,0,0,1,1,0,0,0,0,13.19258,52.52866
8,8100310,2019,5,7,6,3,0,7,0,1,0,0,0,0,1,1,13.43894,52.48749
3,3200309,2019,5,7,6,3,0,3,0,1,1,0,0,0,0,1,13.42639,52.60312
3,3501038,2019,5,12,7,3,2,6,0,0,1,0,1,0,0,0,13.47607,52.55078
5,5100101,2019,5,12,7,1,2,6,0,0,1,0,0,0,0,0,13.20852,52.56146
8,8401139,2019,5,6,6,3,5,2,1,0,1,0,0,0,0,0,13.46909,52.43435
4,4200203,2019,5,12,7,3,2,6,0,0,1,0,0,0,0,0,13.24775,52.51887