BEZ,LOR_ab_2021,UJAHR,UMONAT,USTUNDE,UWOCHENTAG,UKATEGORIE,UART,UTYP1,ULICHTVERH,IstRad,IstPKW,IstFuss,IstKrad,IstGkfz,IstSonstige,USTRZUSTAND,XGCSWGS84,YGCSWGS84
11,11200410,2019,5,5,6,3,5,3,0,1,1,0,0,0,0,1,13.49969,52.5624
4,4100101,2019,5,13,7,3,5,2,0,0,1,0,0,0,1,0,13.32624,52.53804
1,1400938,2019,5,12,7,3,2,6,0,0,1,0,0,0,1,0,13.33461,52.54125
9,9502043,2019,5,5,6,3,5,3,0,1,1,0,0,0,0,0,13.58064,52.4601
10,10200629,2019,5,13,7,3,2,7,0,0,1,0,0,0,1,0,13.5874,52.52314
3,3500934,2019,5,5,6,3,1,5,0,1,1,0,0,0,0,1,13.43129,52.55355
5,5100317,2019,5,14,7,2,1,5,0,0,1,0,1,0,0,0,13.23586,52.52917
2,2400521,2019,5,21,6,2,5,3,2,1,1,0,0,0,0,0,13.42399,52.51333
6,6300632,2019,5,14,7,3,5,3,0,0,1,0,0,0,0,0,13.30301,52.42905
1,1100310,2019,5,18,6,3,1,5,0,1,1,0,0,0,1,0,13.40439,52.52219
3,3300517,2019,5,15,7,3,5,3,0,1,1,0,0,0,0,0,13.46536,52.56715
7,7100102,2019,5,15,7,3,2,6,0,0,1,0,0,0,0,0,13.35003,52.49466
4,4300619,2019,5,17,6,3,5,3,0,0,1,0,0,0,0,0,13.30114,52.51907
9,9301025,2019,5,17,6,2,6,4,0,0,1,1,0,0,0,0,13.55371,52.39928
4,4300414,2019,5,15,7,3,2,6,0,0,1,0,0,0,1,0,13.30059,52.5176
2,2100101,2019,5,17,7,2,3,2,0,1,1,0,0,0,0,0,13.38665,52.50532
10,10400836,2019,5,17,6,2,5,3,0,0,1,0,0,0,1,0,13.58966,52.50929
9,9100409,2019,5,22,7,3,5,2,2,0,1,0,1,0,0,0,13.50313,52.43378
2,2100101,2019,5,16,6,3,2,6,0,0,1,0,0,0,0,0,13.38536,52.50219
3,3501037,2019,5,7,6,3,5,3,0,1,1,0,0,0,0,0,13.46264,52.55977
7,7400927,2019,5,15,6,3,3,6,0,0,1,0,1,1,0,0,13.38441,52.45587
11,11501339,2019,5,14,6,2,5,2,0,0,1,0,0,0,1,0,13.52706,52.49209
1,1100206,2019,5,13,6,3,5,3,0,0,1,0,1,0,0,0,13.39056,52.51307
10,10300732,2019,5,17,6,3,1,6,0,1,1,0,0,0,0,0,13.57121,52.51308
10,10200524,2019,5,14,6,2,6,4,0,0,1,1,0,0,0,0,13.62194,52.53045
2,2100101,2019,5,0,6,3,0,1,2,1,0,0,0,0,0,1,13.38769,52.50332
1,1100308,2019,5,14,6,2,6,4,0,0,0,1,0,0,1,0,13.38751,52.52481
12,12400723,2019,5,11,6,3,5,3,0,1,1,0,0,0,0,0,13.31107,52.62198
5,5100316,2019,5,13,6,3,2,6,0,0,1,0,0,0,0,0,13.18344,52.54133
5,5300841,2019,5,11,6,3,2,6,0,0,1,0,0,0,0,0,13.27079,52.53653
8,8100418,2019,5,19,6,3,1,5,0,0,1,0,0,0,0,0,13.4455,52.48111
1,1401044,2019,5,13,6,3,6,4,0,0,1,1,0,0,0,0,13.38381,52.55576
11,11300724,2019,5,22,6,2,6,2,2,0,0,1,0,0,1,0,13.49261,52.51206
7,7400928,2019,5,14,6,3,2,2,0,0,1,0,0,0,0,0,13.41804,52.46047
6,6400841,2019,5,20,6,3,1,5,0,0,1,0,1,0,0,0,13.26187,52.44034
8,8100209,2019,5,12,6,2,6,4,0,0,0,1,0,0,1,0,13.43237,52.46648
3,3601244,2019,5,19,6,3,5,2,0,0,1,0,0,0,0,0,13.4207,52.54881
9,9401329,2019,5,19,6,3,2,6,0,0,1,0,0,0,0,0,13.59996,52.43571
8,8200727,2019,5,11,6,3,1,5,0,0,1,0,0,0,1,0,13.43701,52.44855
2,2200209,2019,5,10,6,3,5,3,0,1,1,0,0,0,0,0,13.38662,52.49008
1,1100308,2019,5,18,6,3,0,2,0,1,1,0,0,0,0,0,13.37429,52.5302
2,2500830,2019,5,18,6,3,3,6,0,1,1,0,0,0,0,0,13.46921,52.51153
1,1100308,2019,5,0,6,3,0,2,2,1,1,0,0,0,0,0,13.37941,52.52943
12,12400723,2019,5,17,6,3,5,2,0,0,1,0,0,0,0,0,13.30913,52.61484
5,5100316,2019,5,13,5,3,5,7,0,1,1,0,0,0,0,0,13.19079,52.54003
4,4501041,2019,5,17,6,3,3,6,0,1,1,0,0,0,0,0,13.32044,52.49975
11,11501238,2019,5,17,6,2,5,2,0,1,0,0,0,0,1,0,13.49268,52.49109
9,9501737,2019,5,12,5,2,5,3,0,1,0,0,0,0,0,0,13.61841,52.45253
9,9200715,2019,5,17,6,3,2,6,0,0,1,0,0,0,0,0,13.52884,52.42637
4,4501148,2019,5,9,6,3,0,6,0,0,0,0,1,0,1,0,13.31917,52.47889
3,3701660,2019,5,6,5,3,6,4,0,1,0,1,0,0,0,0,13.43594,52.53305
3,3701659,2019,5,9,6,3,1,5,0,1,1,0,0,0,0,0,13.42294,52.52841
12,12400723,2019,5,9,6,3,4,7,0,0,1,0,0,0,0,0,13.29284,52.60836
7,7200307,2019,5,18,5,3,5,3,0,1,1,0,0,0,0,0,13.34499,52.49163
12,12500929,2019,5,16,6,3,5,2,0,1,1,0,0,0,0,0,13.35461,52.6181
5,5200423,2019,5,13,5,3,1,5,0,0,1,0,0,0,1,0,13.14829,52.53283
3,3601244,2019,5,8,6,3,5,3,0,0,1,0,0,0,0,0,13.42744,52.5524
5,5100316,2019,5,12,5,3,0,1,0,0,1,0,1,0,0,1,13.19274,52.53602
3,3701554,2019,5,9,6,3,1,5,0,1,0,0,0,0,1,0,13.41172,52.53291
5,5200420,2019,5,5,5,2,5,3,0,0,1,0,0,0,0,1,13.1543,52.53385
4,4400726,2019,5,16,6,3,5,3,0,1,0,0,0,0,1,0,13.28528,52.49467
3,3500936,2019,5,10,6,2,6,2,0,0,1,1,0,0,0,0,13.45958,52.54809
2,2500835,2019,5,21,5,3,5,3,2,1,1,0,0,0,0,1,13.46057,52.50036
2,2400625,2019,5,20,5,3,1,5,1,1,1,0,0,0,1,1,13.43564,52.50781
3,3100103,2019,5,8,6,3,3,6,0,1,1,0,0,0,0,0,13.49439,52.63581
3,3701555,2019,5,8,6,2,2,6,0,0,1,0,0,0,0,0,13.42088,52.53375
12,12100205,2019,5,19,5,2,5,3,0,0,1,0,1,0,0,0,13.35085,52.58407
3,3701660,2019,5,8,6,3,2,6,0,0,1,0,0,0,1,0,13.4293,52.52867
1,1100313,2019,5,19,5,3,1,5,0,1,1,0,0,0,0,0,13.42414,52.50815
3,3300516,2019,5,8,6,3,5,2,0,0,1,0,0,1,0,0,13.42961,52.57184
6,6100103,2019,5,16,5,3,1,6,0,1,1,0,0,0,0,0,13.31754,52.46554
5,5100316,2019,5,7,6,3,5,3,0,1,1,0,0,0,0,0,13.19853,52.53955
8,8100521,2019,5,16,5,3,0,5,0,0,1,0,0,0,1,0,13.4667,52.46904
3,3601449,2019,5,21,6,3,5,2,2,0,1,0,1,0,0,0,13.45255,52.5392
3,3601453,2019,5,18,6,3,5,3,0,0,1,0,0,0,0,0,13.46577,52.52335
10,10400940,2019,5,15,5,3,5,2,0,1,1,0,0,0,0,1,13.60102,52.47925
1,1100416,2019,5,15,5,3,5,3,0,0,1,0,0,0,0,0,13.39806,52.53487
6,6300525,2019,5,16,6,2,5,3,0,1,1,0,0,0,0,0,13.25478,52.41477
5,5300841,2019,5,15,5,3,2,6,0,0,1,0,0,0,0,0,13.27326,52.53622
12,12100102,2019,5,16,3,2,1,5,0,1,1,0,0,0,0,0,13.37923,52.56919
8,8401243,2019,5,16,3,3,0,1,0,0,0,0,1,0,0,0,13.51444,52.42397
7,7200411,2019,5,16,3,2,0,7,0,0,0,0,1,0,0,0,13.3603,52.48831
4,4200310,2019,5,17,3,3,0,3,0,0,1,0,1,0,0,0,13.2739,52.50968
3,3400620,2019,5,17,3,3,5,3,0,1,1,0,0,0,0,0,13.38977,52.57429
4,4300620,2019,5,11,3,3,6,4,0,0,1,1,0,0,0,0,13.32209,52.52108
5,5200634,2019,5,11,3,3,5,3,0,1,1,0,0,0,0,0,13.18257,52.5101
7,7100101,2019,5,18,3,3,6,2,0,0,1,1,0,0,0,0,13.34567,52.4942
5,5100101,2019,5,18,3,3,4,6,0,1,0,0,0,0,0,0,13.21628,52.56545
5,5300735,2019,5,21,3,3,5,3,2,1,1,0,0,0,0,0,13.21356,52.53859
7,7200307,2019,5,17,3,3,5,3,0,0,1,0,0,0,0,0,13.34493,52.49036
2,2100102,2019,5,19,3,3,0,6,0,1,1,0,0,0,0,0,13.39612,52.49799
9,9301228,2019,5,18,3,1,0,1,0,1,0,0,0,0,0,0,13.68352,52.37053
3,3601449,2019,5,18,2,3,5,2,0,1,1,0,0,0,0,0,13.44153,52.54333
6,6400843,2019,5,11,2,3,5,3,0,0,1,0,0,0,0,0,13.28532,52.44505
4,4500938,2019,5,20,2,3,5,7,2,0,1,0,0,0,0,0,13.29901,52.49841
4,4200311,2019,5,19,2,3,6,7,0,0,1,1,0,0,0,0,13.27503,52.50813
7,7501134,2019,5,19,2,3,2,6,0,0,1,0,0,0,1,1,13.40071,52.43983
1,1100313,2019,5,18,2,2,1,5,0,1,0,0,0,0,1,0,13.42014,52.51004
2,2200212,2019,5,17,2,3,5,2,0,1,1,0,0,0,0,0,13.4179,52.48777
3,3500933,2019,5,18,2,3,0,1,0,1,0,0,0,0,0,1,13.45063,52.55243
10,10200524,2019,5,18,2,3,0,1,0,0,0,0,1,0,0,1,13.60802,52.5336
7,7601544,2019,5,7,2,3,5,3,0,1,1,0,0,0,0,0,13.39538,52.39689
8,8100104,2019,5,7,2,3,5,2,0,1,1,0,0,0,0,0,13.43055,52.46843
12,12500824,2019,5,8,2,3,2,6,0,0,1,0,0,0,0,0,13.28538,52.59511
5,5200629,2019,5,10,2,3,6,7,0,0,1,1,0,0,0,0,13.1943,52.52898
10,10100316,2019,5,10,2,3,6,4,0,0,1,1,0,0,0,0,13.57869,52.53996
12,12100101,2019,5,18,2,3,2,6,0,0,1,0,0,0,0,0,13.37708,52.56094
12,12500930,2019,5,10,2,3,5,2,0,1,0,0,0,1,0,0,13.32627,52.59162
1,1300733,2019,5,10,2,3,5,2,0,1,1,0,0,0,0,0,13.3842,52.55604
4,4501152,2019,5,18,2,3,5,2,0,1,1,0,0,0,0,0,13.33074,52.49316
8,8100417,2019,5,11,2,2,6,4,0,0,1,1,0,0,0,0,13.44413,52.47964
1,1200522,2019,5,12,2,2,2,6,0,0,1,0,0,0,0,0,13.33024,52.52382
2,2300316,2019,5,18,2,3,6,4,0,0,1,1,1,0,0,0,13.44194,52.50086
7,7400826,2019,5,13,2,3,2,6,0,0,1,0,0,0,0,0,13.36282,52.44766
10,10400939,2019,5,15,2,3,2,6,0,0,1,0,0,0,0,0,13.61228,52.51131
9,9301025,2019,5,17,2,3,6,2,0,0,1,1,0,0,0,0,13.56698,52.41216
12,12400721,2019,5,10,2,3,0,1,0,1,0,0,0,0,0,0,13.28841,52.63207
6,6200312,2019,5,16,2,3,2,6,0,0,1,0,0,0,0,0,13.33429,52.44292
1,1200520,2019,5,16,2,3,2,6,0,0,1,0,0,0,0,0,13.34068,52.52643
2,2200212,2019,5,15,2,3,5,3,0,1,1,0,0,0,0,0,13.42197,52.49302
2,2200211,2019,5,15,2,3,2,7,0,1,1,0,0,0,0,0,13.3935,52.48915
12,12200515,2019,5,12,2,3,5,5,0,1,1,0,0,0,0,0,13.2882,52.58628
3,3601244,2019,5,18,2,3,2,6,0,0,1,0,0,0,1,1,13.41503,52.55384
11,11100308,2019,5,13,1,2,5,3,0,1,1,0,0,0,0,0,13.50161,52.5661
12,12400618,2019,5,13,1,3,0,5,0,1,1,0,0,0,0,0,13.22581,52.62785
7,7200308,2019,5,14,1,3,5,3,0,0,1,0,0,0,0,0,13.3289,52.47132
9,9200819,2019,5,9,1,3,1,5,0,1,1,0,0,0,1,0,13.56578,52.43932
2,2300314,2019,5,9,1,3,5,3,0,0,1,0,0,0,0,0,13.41927,52.50125
2,2100106,2019,5,12,1,3,2,2,0,1,1,0,0,0,0,0,13.40686,52.49847
4,4501045,2019,5,14,1,3,6,4,0,1,0,1,0,0,0,0,13.32704,52.4951
3,3200207,2019,5,14,1,3,2,6,0,0,1,0,1,0,0,0,13.43054,52.5895
1,1100310,2019,5,17,1,2,5,3,0,1,0,0,0,0,0,0,13.41928,52.52529
9,9100407,2019,5,18,1,3,6,4,0,0,0,1,0,0,1,0,13.49897,52.44584
2,2300417,2019,5,6,1,3,1,5,0,0,1,0,0,0,0,0,13.4368,52.49284
11,11300620,2019,5,3,1,3,5,3,2,0,1,0,0,0,1,0,13.47959,52.52665
5,5200524,2019,5,13,1,3,2,6,0,0,1,0,0,0,0,0,13.13767,52.52539
6,6200421,2019,5,1,1,2,1,5,2,0,1,0,0,0,0,0,13.31556,52.43067
4,4300619,2019,5,13,1,3,0,7,0,1,0,0,0,0,0,0,13.30445,52.51806
1,1100206,2019,5,22,1,3,6,4,2,1,0,1,0,0,0,0,13.38091,52.51622
1,1300733,2019,5,23,1,3,3,6,2,0,1,0,0,0,1,0,13.38785,52.55574
8,8100206,2019,5,22,1,3,3,6,2,1,1,0,0,0,0,0,13.42519,52.48037
3,3601244,2019,5,20,1,3,0,1,0,1,0,0,0,0,0,0,13.42015,52.5483
11,11100309,2019,5,17,7,3,3,6,0,0,1,0,0,0,0,0,13.50552,52.56351
8,8100417,2019,5,22,7,3,2,5,2,1,1,0,0,0,0,0,13.44666,52.47838
3,3400723,2019,5,11,7,3,2,6,0,0,1,0,0,1,0,0,13.42457,52.58618
1,1200517,2019,5,16,7,3,6,6,0,0,0,1,0,0,1,0,13.32865,52.52404
2,2400521,2019,5,15,7,3,1,5,0,0,1,0,1,0,0,0,13.43626,52.51645
2,2500836,2019,5,16,7,3,5,7,0,0,1,0,1,0,0,0,13.46667,52.4973
8,8100417,2019,5,22,7,3,1,5,2,0,1,0,1,0,0,0,13.44707,52.47621
5,5200629,2019,5,23,7,3,2,6,2,0,1,0,0,0,0,0,13.19833,52.53265
2,2500830,2019,5,13,7,3,5,3,0,1,1,0,0,0,0,0,13.46314,52.51146
2,2300419,2019,5,13,7,3,5,7,0,1,1,0,0,0,0,0,13.44397,52.50012
2,2500835,2019,5,13,7,3,3,6,0,0,1,0,0,0,0,0,13.46142,52.50097
10,10400940,2019,5,11,7,3,5,2,0,1,1,0,0,0,0,0,13.60376,52.48549
4,4501041,2019,5,10,7,3,2,6,0,0,1,0,0,0,0,0,13.31705,52.50132
2,2400624,2019,5,10,7,3,6,4,0,1,0,1,0,0,0,0,13.44979,52.51024
7,7400720,2019,5,9,7,3,6,4,0,0,1,1,0,0,0,0,13.37454,52.47923
7,7400823,2019,5,10,7,3,5,2,0,0,1,0,0,0,0,0,13.37202,52.46985
6,6200314,2019,5,11,7,3,5,3,0,0,1,0,0,0,0,0,13.33403,52.43023
4,4501042,2019,5,11,7,2,5,5,0,0,1,0,1,0,0,0,13.3405,52.50432
1,1200627,2019,5,21,7,3,3,6,2,0,1,0,1,0,0,0,13.3647,52.52637
1,1401047,2019,5,20,7,3,0,7,0,0,1,0,0,0,0,0,13.36173,52.54486
3,3601141,2019,5,20,7,3,5,2,0,1,1,0,0,0,0,0,13.4026,52.55426
12,12400721,2019,5,19,7,3,1,5,0,1,1,0,0,0,0,0,13.29154,52.63312
1,1100309,2019,5,19,7,3,2,6,0,0,1,0,0,0,0,0,13.39266,52.5283
3,3701554,2019,5,19,7,3,5,7,0,1,1,0,0,0,0,0,13.41052,52.53934
11,11300724,2019,5,19,7,3,5,3,0,1,0,0,0,0,0,0,13.49509,52.51811
8,8100417,2019,5,18,7,3,5,2,0,0,1,0,0,0,1,0,13.45519,52.47293
7,7200413,2019,5,17,7,3,5,3,0,1,1,0,0,0,0,0,13.36877,52.48467
7,7601443,2019,5,17,7,3,2,6,0,0,1,0,1,0,0,0,13.40958,52.39907
11,11501340,2019,5,17,7,3,5,3,0,0,1,0,0,0,0,0,13.53204,52.484
8,8200727,2019,5,16,7,3,1,5,0,1,1,0,0,0,1,0,13.45011,52.44829
6,6100207,2019,5,23,7,3,0,1,2,1,0,0,0,0,0,0,13.31984,52.45297
12,12200411,2019,5,15,7,3,2,6,0,0,1,0,0,0,1,0,13.32718,52.56349
8,8100209,2019,5,15,7,3,2,6,0,0,1,0,1,0,0,0,13.44346,52.46441
9,9100305,2019,5,14,7,3,5,3,0,0,1,0,0,0,0,0,13.48987,52.4678
4,4501043,2019,5,14,7,3,5,2,0,0,1,0,0,0,0,0,13.30819,52.49616
12,12500930,2019,5,14,7,2,5,2,0,0,0,0,1,1,0,0,13.33296,52.59545
7,7501030,2019,5,13,7,2,1,5,0,0,1,0,0,0,0,0,13.37557,52.43719
6,6400737,2019,5,17,7,3,0,5,0,0,1,0,1,0,0,0,13.18548,52.43128
3,3200206,2019,5,22,6,3,5,3,2,0,1,0,0,0,0,0,13.39809,52.58481
10,10300734,2019,5,20,6,3,2,6,0,0,1,0,1,0,0,0,13.56039,52.48677
3,3601450,2019,5,18,6,3,6,4,0,1,0,1,0,0,0,0,13.45739,52.52896
8,8200622,2019,5,19,6,3,2,2,1,0,1,0,1,0,0,0,13.45533,52.45338
2,2100106,2019,5,12,6,3,5,3,0,1,0,0,0,0,0,0,13.40064,52.49829
7,7100102,2019,5,11,6,3,5,2,0,0,1,0,1,0,0,0,13.34702,52.49898
1,1401044,2019,5,10,6,3,5,3,0,0,1,0,0,0,0,0,13.3771,52.55624
8,8100310,2019,5,10,6,3,5,2,0,1,1,0,0,0,0,0,13.43435,52.48464
12,12100204,2019,5,9,6,3,0,3,0,0,1,0,1,0,0,0,13.36276,52.5666
4,4200308,2019,5,7,6,3,5,2,0,0,1,0,1,0,0,0,13.27254,52.51934
1,1100308,2019,5,8,6,3,5,2,0,1,1,0,0,0,0,0,13.37978,52.52172
4,4300623,2019,5,7,6,3,0,1,0,1,1,0,0,0,0,0,13.31395,52.50676
7,7400927,2019,5,6,6,3,5,2,0,0,1,0,0,0,0,0,13.40489,52.46359
10,10200421,2019,5,9,6,3,5,3,0,0,1,0,0,0,0,0,13.60447,52.53868
2,2400521,2019,5,8,6,3,2,6,0,0,1,0,0,0,0,0,13.43295,52.52334
2,2100106,2019,5,11,6,2,2,6,0,0,0,0,0,1,0,0,13.39994,52.49842
5,5200631,2019,5,13,6,3,6,2,0,0,1,1,0,0,0,0,13.19799,52.52105
4,4501042,2019,5,14,6,3,6,4,0,0,1,1,0,0,0,0,13.34033,52.50416
4,4400832,2019,5,14,6,3,5,3,0,1,1,0,0,0,0,0,13.28919,52.47065
4,4300619,2019,5,15,6,3,5,2,0,1,1,0,0,0,0,0,13.31342,52.51512
5,5200631,2019,5,14,6,3,1,5,0,0,0,0,1,0,1,0,13.19378,52.52525
1,1200623,2019,5,15,6,3,3,6,0,1,1,0,0,0,0,0,13.35135,52.5329
6,6200312,2019,5,15,6,3,5,3,0,0,1,0,0,0,0,0,13.33272,52.44036
1,1100101,2019,5,16,6,3,5,2,0,1,1,0,0,0,0,0,13.35152,52.50956
1,1401049,2019,5,16,6,3,5,3,0,1,0,0,0,0,1,0,13.36541,52.55711
4,4501043,2019,5,16,6,3,5,2,0,1,1,0,0,0,0,0,13.31514,52.49086
10,10100313,2019,5,17,6,3,5,3,0,0,1,0,0,0,0,0,13.53954,52.53981
3,3200309,2019,5,17,6,3,2,6,0,0,1,0,0,0,1,0,13.43401,52.61058
7,7601341,2019,5,17,6,3,5,3,0,0,1,0,0,0,0,0,13.35029,52.41436
12,12100205,2019,5,17,6,3,5,7,0,0,1,0,1,0,0,0,13.35905,52.5698
7,7501030,2019,5,17,6,3,0,2,0,1,1,0,0,0,0,0,13.37226,52.44444
9,9501838,2019,5,16,6,2,5,3,0,1,1,0,0,0,0,0,13.71671,52.43812
2,2300314,2019,5,16,6,3,1,5,0,1,1,0,0,0,0,0,13.42027,52.50267
5,5100105,2019,5,18,6,3,2,2,0,1,1,0,0,0,0,0,13.18893,52.55993
2,2500830,2019,5,15,6,3,3,6,0,1,0,0,0,0,0,0,13.45422,52.51396
3,3200206,2019,5,15,5,3,3,6,0,1,1,0,0,0,0,0,13.39036,52.58371
2,2200210,2019,5,15,5,3,6,4,0,1,0,1,0,0,0,0,13.40061,52.4943
12,12100205,2019,5,8,5,3,1,5,0,0,1,0,0,0,1,0,13.35642,52.58339
10,10200417,2019,5,6,5,3,5,2,0,1,1,0,0,0,0,0,13.59263,52.54737
11,11100309,2019,5,18,5,3,2,3,0,1,1,0,0,0,0,0,13.5061,52.56373
1,1300836,2019,5,17,5,3,2,6,0,0,0,0,1,0,1,0,13.376,52.5488
3,3500934,2019,5,15,5,3,3,2,0,1,1,0,0,0,0,0,13.43886,52.55547
2,2100102,2019,5,23,5,3,2,6,2,0,1,0,0,0,0,0,13.3981,52.49826
3,3200207,2019,5,8,5,3,2,6,0,0,1,0,0,0,0,0,13.43107,52.59099
4,4400835,2019,5,11,5,3,5,3,0,0,1,0,0,0,0,0,13.32004,52.47434
9,9300920,2019,5,8,5,3,6,2,0,0,1,1,0,0,0,0,13.53009,52.41459
9,9401534,2019,5,11,5,3,5,2,0,0,1,0,0,0,0,0,13.58186,52.44168
10,11300721,2019,5,9,5,3,3,6,0,0,1,0,1,0,0,0,13.51682,52.53531
2,2200208,2019,5,11,5,3,2,6,0,0,1,0,1,0,0,0,13.38023,52.49874
11,11300724,2019,5,9,5,3,5,3,0,1,1,0,0,0,0,0,13.47962,52.51907
2,2400521,2019,5,13,5,3,3,6,0,1,0,0,0,0,0,0,13.44187,52.52474
9,9100203,2019,5,9,5,2,5,2,0,1,0,0,0,1,0,0,13.47886,52.47765
4,4100101,2019,5,13,5,2,2,7,0,0,1,0,1,0,0,0,13.30148,52.54802
4,4501042,2019,5,13,5,3,0,1,0,1,0,0,0,0,0,0,13.32652,52.50285
9,9200717,2019,5,9,5,2,6,4,0,0,1,1,0,0,0,0,13.54917,52.43831
1,1100309,2019,5,9,5,3,2,6,0,0,1,0,0,0,1,0,13.40358,52.52631
2,2300316,2019,5,22,5,3,5,3,2,1,1,0,0,0,0,0,13.43043,52.49918
2,2100106,2019,5,21,5,3,5,3,2,0,1,0,0,0,0,0,13.39947,52.49829
3,3701554,2019,5,21,5,3,0,7,2,0,1,0,0,0,0,0,13.41057,52.53825
1,1300733,2019,5,20,5,3,5,2,0,0,1,0,0,0,1,0,13.3814,52.55235
4,4300416,2019,5,18,5,3,3,6,0,1,1,0,0,0,0,0,13.30163,52.51035
11,11200513,2019,5,17,5,3,5,2,0,1,1,0,0,0,1,0,13.49395,52.54487
1,1100206,2019,5,17,5,3,3,6,0,1,0,0,0,0,0,0,13.38901,52.51592
7,7100102,2019,5,16,5,3,6,3,0,1,0,1,0,0,0,0,13.3537,52.49992
1,1100102,2019,5,16,5,3,5,3,0,1,1,0,0,0,0,0,13.35904,52.50976
12,12400721,2019,5,15,5,3,2,6,0,1,1,0,0,0,0,0,13.29477,52.63716
5,5300841,2019,5,15,5,3,2,6,0,0,1,0,0,0,0,0,13.24817,52.54938
4,4300619,2019,5,15,5,3,5,7,0,1,1,0,0,0,0,0,13.30132,52.51916
10,10200420,2019,5,14,5,3,5,7,0,0,1,0,0,0,0,0,13.58569,52.54238
9,9100305,2019,5,13,5,3,2,2,0,0,1,0,0,0,0,0,13.48039,52.4703
4,4501150,2019,5,13,5,3,2,6,0,0,1,0,1,0,0,0,13.32359,52.48655
8,8100418,2019,5,17,5,3,0,1,0,0,0,0,1,0,0,0,13.448,52.47884
11,11300724,2019,5,8,5,2,5,2,0,1,0,0,0,1,0,0,13.47978,52.52307
8,8200833,2019,5,8,5,3,0,3,0,0,1,0,1,0,0,0,13.44095,52.42456
6,6100210,2019,5,8,5,2,0,1,0,0,0,0,1,0,0,0,13.34496,52.45895
3,3601142,2019,5,8,5,3,5,2,0,1,0,0,0,0,1,0,13.41334,52.5487
5,5300737,2019,5,7,5,3,5,2,0,1,1,0,0,0,0,0,13.24779,52.54721
5,5200524,2019,5,6,5,3,2,7,0,0,1,0,0,0,1,0,13.12339,52.52843
1,1200520,2019,5,15,5,3,0,1,0,1,0,0,0,0,0,0,13.33114,52.53089
7,7100101,2019,5,19,5,3,0,1,0,0,0,0,0,0,1,0,13.34087,52.49973
1,1100102,2019,5,7,4,3,5,2,0,1,0,0,0,0,1,0,13.37183,52.50924
6,6200421,2019,5,11,4,3,5,3,0,0,1,0,0,0,0,1,13.31987,52.42658
2,2400521,2019,5,16,4,3,5,2,0,1,0,0,0,0,1,0,13.43007,52.51013
1,1200517,2019,5,21,4,3,3,6,2,0,1,0,0,0,0,0,13.32837,52.53405
7,7300619,2019,5,18,4,3,5,3,0,1,1,0,0,0,0,1,13.34786,52.46494
6,6300629,2019,5,16,4,3,5,2,0,1,0,0,0,0,1,0,13.29385,52.44557
7,7100101,2019,5,16,4,3,2,6,0,0,1,0,0,0,0,1,13.34077,52.50266
2,2200209,2019,5,16,4,3,6,4,0,1,0,1,0,0,0,1,13.38683,52.49296
1,1100310,2019,5,16,4,3,6,4,0,1,0,1,0,0,0,1,13.41518,52.52095
1,1100309,2019,5,15,4,2,0,1,0,0,0,0,1,0,0,1,13.40026,52.5225
4,4200308,2019,5,3,4,3,5,2,2,0,0,0,0,1,1,1,13.28009,52.51834
5,5200423,2019,5,0,4,3,5,3,2,0,1,0,0,0,0,1,13.15789,52.5332
6,6200421,2019,5,7,4,3,2,6,0,0,1,0,0,0,0,0,13.31934,52.4303
6,6300633,2019,5,7,4,3,5,3,0,0,1,0,1,0,0,1,13.31613,52.4411
3,3400723,2019,5,7,4,3,5,2,1,1,1,0,0,0,0,1,13.42273,52.57997
6,6300528,2019,5,7,4,3,5,2,0,1,1,0,0,0,0,1,13.27352,52.40991
9,9200717,2019,5,7,4,3,5,2,0,0,1,0,0,0,0,1,13.5513,52.43996
8,8300935,2019,5,8,4,3,5,3,0,0,1,0,1,0,0,1,13.44675,52.4271
11,11300724,2019,5,8,4,3,0,1,0,1,1,0,0,0,0,1,13.49843,52.51501
4,4100101,2019,5,8,4,3,2,3,0,0,1,0,1,0,0,1,13.32627,52.53798
1,1100102,2019,5,8,4,3,1,5,0,1,1,0,0,0,0,1,13.35971,52.50986
1,1401047,2019,5,9,4,3,5,2,0,0,1,0,0,0,0,1,13.35915,52.54647
8,8100104,2019,5,11,4,3,2,6,0,0,1,0,0,0,0,1,13.4312,52.4677
4,4501146,2019,5,12,4,3,5,3,0,1,1,0,0,0,0,1,13.31569,52.48643
2,2300316,2019,5,13,4,3,5,3,0,0,1,0,0,0,0,1,13.42993,52.50352
9,9200510,2019,5,13,4,3,3,6,0,0,0,0,1,0,1,0,13.5077,52.47491
8,8100102,2019,5,13,4,3,0,2,0,1,0,0,0,1,0,0,13.4259,52.47821
11,11501339,2019,5,14,4,3,5,3,0,0,1,0,0,0,1,1,13.51599,52.48807
3,3200309,2019,5,14,4,3,5,3,0,1,1,0,0,0,0,1,13.43661,52.60704
7,7400928,2019,5,15,4,3,2,6,0,1,1,0,0,0,0,1,13.41556,52.46462
4,4200204,2019,5,15,4,3,5,3,0,0,0,0,0,0,1,1,13.22325,52.51014
3,3300514,2019,5,15,4,3,5,2,0,1,1,0,0,0,0,0,13.45834,52.59335
2,2400521,2019,5,15,4,3,2,7,0,1,1,0,0,0,0,1,13.43745,52.51954
5,5300841,2019,5,17,4,3,2,6,0,0,0,0,0,0,1,0,13.26846,52.53666
9,9501737,2019,5,15,3,3,0,7,0,0,0,0,1,1,0,0,13.62475,52.45689
2,2500726,2019,5,5,3,3,5,2,0,1,0,0,0,0,1,0,13.45075,52.52713
7,7400826,2019,5,8,3,3,5,7,0,0,1,0,1,0,0,0,13.36427,52.44663
4,4200311,2019,5,17,3,3,5,3,0,0,1,0,0,0,0,0,13.27206,52.49877
3,3400620,2019,5,17,3,3,2,2,0,1,1,0,0,0,0,0,13.39873,52.57055
9,9401534,2019,5,13,3,3,6,4,0,0,1,1,0,0,0,0,13.57356,52.44439
3,3500934,2019,5,14,3,3,5,3,0,1,1,0,0,0,0,0,13.4419,52.55026
12,12200414,2019,5,16,3,3,2,6,0,0,1,0,1,0,0,0,13.30899,52.55712
4,4200308,2019,5,15,3,3,2,6,0,0,1,0,0,0,0,0,13.27547,52.51882
1,1200520,2019,5,14,3,3,5,3,0,1,1,0,0,0,0,0,13.33851,52.5301
1,1200628,2019,5,14,3,3,6,4,0,0,0,1,0,1,0,0,13.36341,52.52462
3,3601141,2019,5,16,4,2,5,2,0,1,0,0,0,0,1,0,13.41471,52.55617
9,9200510,2019,5,16,3,3,5,2,0,1,1,0,0,0,0,0,13.50751,52.47495
6,6400841,2019,5,17,4,3,2,2,0,0,1,0,0,0,0,0,13.2627,52.43925