BEZ,LOR_ab_2021,UJAHR,UMONAT,USTUNDE,UWOCHENTAG,UKATEGORIE,UART,UTYP1,ULICHTVERH,IstRad,IstPKW,IstFuss,IstKrad,IstGkfz,IstSonstige,USTRZUSTAND,XGCSWGS84,YGCSWGS84
1,1100310,2019,5,17,3,3,6,4,0,0,1,1,0,0,0,0,13.41538,52.52271
4,4300517,2019,5,16,4,3,0,7,0,0,1,0,1,0,0,0,13.30365,52.52529
4,4501150,2019,5,18,3,3,0,7,0,0,1,0,1,0,0,1,13.32642,52.48743
9,9200715,2019,5,16,4,2,4,6,0,1,0,0,0,0,0,0,13.54895,52.43027
2,2200208,2019,5,19,3,3,5,3,0,1,0,0,0,0,0,0,13.37977,52.49626
11,11300619,2019,5,13,4,2,1,5,0,1,1,0,0,0,0,0,13.46795,52.52832
9,9200715,2019,5,19,3,3,5,2,0,1,1,0,0,0,0,0,13.5509,52.42904
2,2500830,2019,5,17,4,3,0,1,0,1,0,0,0,0,0,0,13.455,52.51373
11,11300721,2019,5,0,3,3,2,6,2,0,0,0,1,0,1,0,13.49975,52.52599
8,8100313,2019,5,19,3,3,2,1,0,1,1,0,1,0,0,0,13.4454,52.48569
8,8401244,2019,5,14,4,3,5,2,0,0,1,0,1,0,0,0,13.50346,52.41167
1,1100308,2019,5,13,3,3,2,6,0,0,1,0,0,0,1,0,13.38022,52.52874
1,1200522,2019,5,14,4,3,6,2,0,0,1,1,0,0,0,0,13.33927,52.52582
1,1300836,2019,5,19,3,3,0,6,1,0,1,0,0,0,1,0,13.37011,52.54472
3,3500934,2019,5,11,3,3,6,4,0,0,1,1,0,0,0,0,13.43353,52.55706
11,11300724,2019,5,14,4,3,2,6,0,0,0,0,0,1,1,0,13.47755,52.51418
7,7601544,2019,5,11,3,3,1,5,0,0,1,0,0,0,1,0,13.40348,52.39393
3,3200309,2019,5,16,4,3,5,2,0,1,1,0,0,0,0,0,13.43156,52.60322
7,7100102,2019,5,10,3,2,1,5,0,1,0,0,0,0,1,0,13.3492,52.49942
11,11300724,2019,5,15,4,3,1,5,0,0,1,0,0,0,1,0,13.49768,52.51579
4,4501042,2019,5,11,3,3,1,7,0,0,1,0,0,0,0,0,13.32735,52.50235
6,6100102,2019,5,15,4,3,1,5,0,1,1,0,0,0,0,0,13.31861,52.46262
7,7400823,2019,5,10,3,3,5,3,0,1,1,0,0,0,0,0,13.37825,52.46626
4,4501150,2019,5,10,3,3,0,4,0,1,0,1,0,0,0,0,13.32207,52.48654
4,4400834,2019,5,15,4,3,5,3,0,0,1,0,0,0,0,0,13.31074,52.47228
8,8100102,2019,5,15,4,3,5,3,0,1,1,0,0,0,0,0,13.4257,52.47882
1,1200626,2019,5,10,3,3,1,5,0,1,1,0,0,0,0,0,13.34992,52.52105
8,8401242,2019,5,17,4,3,5,3,0,0,1,0,0,0,0,0,13.48823,52.41937
1,1401047,2019,5,9,3,3,5,2,0,0,1,0,0,0,1,0,13.35629,52.5432
7,7400928,2019,5,15,4,3,6,4,0,0,1,1,0,0,0,0,13.41751,52.46246
1,1401049,2019,5,9,3,3,3,6,0,0,1,0,0,0,0,0,13.36283,52.55627
1,1200628,2019,5,9,3,3,5,2,0,0,1,0,0,0,1,0,13.36788,52.52612
12,12200414,2019,5,15,4,3,0,3,0,0,1,0,0,0,0,0,13.30662,52.57745
3,3400723,2019,5,15,4,3,0,2,0,1,1,0,0,0,0,0,13.4051,52.56727
1,1100310,2019,5,9,3,3,5,2,0,1,1,0,0,0,0,0,13.40977,52.52402
3,3601141,2019,5,8,3,3,2,6,0,0,1,0,0,0,1,0,13.40298,52.55454
6,6100102,2019,5,16,4,3,2,3,0,0,1,0,0,0,0,0,13.31911,52.45448
4,4500938,2019,5,8,3,3,5,2,0,1,1,0,0,0,0,0,13.29036,52.49711
11,11200411,2019,5,16,4,3,5,2,0,1,1,0,0,0,0,0,13.51383,52.55124
2,2200212,2019,5,8,3,3,5,2,0,1,0,0,0,0,1,0,13.40585,52.48951
4,4501148,2019,5,8,3,3,5,2,0,0,1,0,0,0,0,0,13.31389,52.48099
6,6400737,2019,5,15,4,3,5,3,0,0,1,0,1,0,0,0,13.20935,52.43411
9,9100407,2019,5,7,3,3,5,2,0,0,1,0,0,0,0,0,13.50645,52.44662
5,5200632,2019,5,15,4,2,5,2,0,0,1,0,0,0,1,0,13.21583,52.52676
4,4200311,2019,5,8,3,3,0,3,0,0,1,0,1,0,0,0,13.28196,52.51101
4,4300414,2019,5,7,4,3,2,6,0,1,0,0,0,0,0,0,13.29158,52.51079
9,9200717,2019,5,7,3,2,2,6,0,0,1,0,1,0,0,0,13.55465,52.44026
1,1300834,2019,5,23,4,3,0,1,2,0,1,0,1,0,0,0,13.39525,52.54149
5,5200524,2019,5,7,3,3,2,6,0,0,1,0,0,0,0,0,13.1233,52.52845
9,9200512,2019,5,6,3,3,5,3,0,0,1,0,0,0,0,1,13.52144,52.46636
6,6300631,2019,5,7,4,3,2,6,0,0,1,0,0,0,0,0,13.30998,52.4312
1,1100311,2019,5,7,4,3,2,3,0,1,1,0,0,0,0,0,13.41639,52.52009
10,10200420,2019,5,22,3,3,5,2,2,0,1,0,0,0,1,1,13.59176,52.537
6,6400839,2019,5,8,3,3,0,7,0,1,0,0,0,0,0,0,13.25641,52.43847
7,7601544,2019,5,7,4,3,5,3,0,1,1,0,0,0,0,0,13.39797,52.39338
4,4300416,2019,5,17,2,3,2,6,0,0,1,0,0,0,0,1,13.29778,52.50685
3,3601450,2019,5,8,4,3,5,2,0,1,1,0,0,0,0,0,13.45779,52.52904
6,6100205,2019,5,19,2,3,5,3,0,1,1,0,0,0,0,1,13.34297,52.45052
1,1300730,2019,5,8,4,3,6,2,0,0,1,1,0,0,0,0,13.39323,52.56446
8,8100417,2019,5,18,2,3,6,4,0,0,1,1,0,0,0,1,13.43646,52.48003
1,1100308,2019,5,9,4,3,2,6,0,1,1,0,0,0,0,0,13.38155,52.52383
11,11300620,2019,5,18,2,3,0,1,0,0,1,0,1,0,0,1,13.48159,52.52677
1,1100102,2019,5,9,4,2,5,2,0,1,1,0,0,0,0,0,13.37198,52.5194
10,10200423,2019,5,18,2,3,5,7,0,0,1,0,0,0,0,1,13.63461,52.53848
2,2200212,2019,5,7,4,3,5,3,0,0,1,0,0,0,0,0,13.4219,52.49298
4,4400727,2019,5,18,2,3,5,2,0,0,1,0,0,0,0,1,13.28529,52.47957
1,1300834,2019,5,17,2,3,5,2,0,1,1,0,0,0,0,1,13.39609,52.53829
4,4100101,2019,5,18,3,3,2,6,0,0,1,0,0,0,0,0,13.29518,52.53926
4,4400726,2019,5,17,2,3,5,3,0,1,1,0,0,0,0,1,13.28542,52.48669
4,4400728,2019,5,17,3,3,7,7,0,1,0,0,0,0,0,0,13.26401,52.48529
1,1100416,2019,5,18,2,3,1,5,0,1,1,0,0,0,0,1,13.4028,52.53159
6,6200421,2019,5,11,3,3,5,3,0,0,1,0,0,0,0,0,13.31962,52.42652
6,6200421,2019,5,17,2,3,5,3,0,0,1,0,0,0,0,1,13.31936,52.42653
12,12200515,2019,5,8,3,3,1,5,0,1,1,0,0,0,0,0,13.28706,52.58593
9,9401534,2019,5,19,2,3,0,1,0,1,0,0,0,0,0,1,13.58001,52.44252
2,2100102,2019,5,17,2,3,6,7,0,0,1,1,0,0,0,1,13.40222,52.50382
12,12601236,2019,5,8,3,3,1,5,0,0,1,0,0,0,0,0,13.34304,52.59309
9,9401534,2019,5,7,3,3,6,4,0,1,0,1,0,0,0,0,13.58423,52.44199
3,3500934,2019,5,16,2,2,5,3,0,1,1,0,0,0,0,1,13.44128,52.5495
1,1100416,2019,5,16,2,3,0,1,0,1,0,0,0,0,0,1,13.40591,52.53485
7,7200411,2019,5,7,3,3,6,4,0,0,1,1,0,0,0,0,13.35973,52.48598
4,4500936,2019,5,11,2,3,3,6,0,0,1,0,0,0,0,0,13.3037,52.49946
8,8300935,2019,5,8,3,3,2,6,0,0,1,0,0,0,0,0,13.44717,52.42716
1,1100207,2019,5,14,2,3,2,2,0,0,1,0,0,0,0,0,13.40051,52.50996
7,7200308,2019,5,14,2,3,5,2,0,1,1,0,0,0,0,0,13.32445,52.46583
1,1100102,2019,5,9,3,3,3,6,0,1,1,0,0,0,0,0,13.35614,52.50622
12,12500825,2019,5,12,2,3,6,7,0,1,0,1,0,0,0,0,13.30155,52.58015
2,2100106,2019,5,12,2,3,2,6,0,0,1,0,0,0,0,0,13.40645,52.49833
9,9100305,2019,5,7,3,2,5,2,0,1,0,0,0,1,0,0,13.48526,52.46409
11,11300724,2019,5,14,2,2,6,4,0,0,1,1,0,0,0,0,13.47815,52.52301
9,9501941,2019,5,12,2,2,2,6,0,0,1,0,0,1,1,0,13.55832,52.45553
8,8100417,2019,5,6,3,3,5,3,0,0,1,0,0,0,0,0,13.44569,52.47081
4,4200205,2019,5,16,2,3,2,7,0,0,1,0,0,1,0,0,13.24644,52.51164
4,4100101,2019,5,6,3,3,1,5,0,0,1,0,1,0,0,0,13.27345,52.54147
8,8200832,2019,5,11,2,3,5,2,0,0,1,0,0,0,0,0,13.41515,52.42118
9,9301126,2019,5,0,3,3,9,1,2,0,0,0,1,0,0,0,13.57362,52.41353
5,5300841,2019,5,13,2,3,0,1,0,1,0,0,0,0,0,0,13.262,52.54134
1,1200628,2019,5,15,3,3,2,6,0,0,1,0,1,0,0,0,13.36726,52.52568
5,5100316,2019,5,9,2,3,3,6,0,0,1,0,0,0,1,0,13.20236,52.53998
11,11300721,2019,5,7,2,2,0,1,0,1,0,0,0,0,0,0,13.49912,52.52638
1,1100313,2019,5,15,3,3,3,2,0,1,1,0,0,0,0,0,13.42128,52.50974
2,2200212,2019,5,15,3,3,1,5,0,1,0,0,0,0,1,0,13.4144,52.49336
8,8100417,2019,5,7,2,3,2,7,0,0,1,0,0,0,1,0,13.45241,52.47114
12,12200515,2019,5,11,2,3,3,6,0,1,0,0,0,0,0,0,13.28695,52.58606
7,7200413,2019,5,15,3,3,2,7,0,0,1,0,0,0,0,0,13.36793,52.48524
8,8401243,2019,5,10,2,3,6,2,0,0,1,1,0,0,0,0,13.4951,52.43165
3,3100101,2019,5,14,3,3,5,2,0,1,1,0,0,0,0,0,13.49246,52.63686
12,12200414,2019,5,10,2,3,1,7,0,1,1,0,0,0,0,0,13.29249,52.58269
12,12400723,2019,5,14,3,3,5,3,0,0,1,0,1,0,0,0,13.31941,52.62262
4,4501045,2019,5,10,2,3,5,3,0,1,1,0,0,0,0,0,13.33109,52.49544
1,1300733,2019,5,13,3,3,5,7,0,0,1,0,0,0,0,0,13.38694,52.55379
2,2400520,2019,5,9,2,3,1,5,0,1,1,0,0,0,0,0,13.42871,52.52184
9,9401432,2019,5,11,2,3,5,3,0,1,1,0,0,0,0,0,13.59361,52.44347
3,3100103,2019,5,13,3,2,4,6,0,0,1,0,0,0,0,0,13.49872,52.62958
1,1400938,2019,5,16,3,3,5,7,2,1,0,0,1,0,0,0,13.33343,52.56081
2,2200210,2019,5,12,1,3,2,6,0,0,1,0,0,0,0,0,13.39495,52.49763
9,9300920,2019,5,16,3,2,5,3,0,1,1,0,0,0,0,0,13.53016,52.42308
1,1401049,2019,6,16,5,3,2,6,0,0,1,0,0,1,0,1,13.35892,52.55426
7,7501030,2019,6,16,5,2,0,2,0,1,1,0,0,0,0,1,13.38394,52.44545
8,8200622,2019,6,16,5,3,5,2,0,1,0,0,0,0,1,0,13.4544,52.45292
4,4300624,2019,6,16,5,3,5,2,0,1,1,0,0,0,0,1,13.32258,52.50704
2,2200209,2019,6,9,5,3,5,2,0,1,1,0,0,0,0,0,13.37664,52.48721
1,1200517,2019,6,13,5,3,5,2,0,1,1,0,0,0,0,0,13.34448,52.53823
11,11300724,2019,6,15,5,3,5,3,0,0,1,0,0,0,0,1,13.48988,52.51539
4,4501153,2019,6,8,5,3,0,7,0,0,1,0,0,0,1,0,13.33264,52.48602
4,4300416,2019,6,8,5,3,5,3,0,0,1,0,0,0,0,0,13.29276,52.50683
4,4501043,2019,6,8,5,3,5,3,0,1,1,0,0,0,0,0,13.31511,52.4909
4,4100102,2019,6,7,5,3,2,6,0,0,1,0,0,0,0,0,13.29274,52.53428
10,10200630,2019,6,7,5,3,5,3,0,1,1,0,0,0,0,0,13.59232,52.52071
8,8401244,2019,6,7,5,3,5,2,0,1,0,0,0,0,0,0,13.50777,52.40746
10,10200629,2019,6,6,5,3,1,5,0,0,1,0,0,0,0,0,13.58262,52.52226
7,7200411,2019,6,23,4,3,7,7,2,1,0,0,0,0,0,0,13.35243,52.48512
4,4100102,2019,6,16,4,3,4,6,0,1,1,0,0,0,0,0,13.29889,52.53949
12,12400721,2019,6,19,4,3,5,2,0,0,1,0,1,0,0,0,13.28921,52.63164
4,4400727,2019,6,18,4,3,2,6,0,0,1,0,0,0,0,0,13.29734,52.48626
2,2200208,2019,6,18,4,3,5,3,0,1,1,0,0,0,0,0,13.37973,52.49568
4,4300416,2019,6,23,4,3,1,5,2,0,1,0,1,0,0,0,13.29608,52.50856
2,2200209,2019,6,22,4,3,5,3,2,1,1,0,0,0,0,0,13.3748,52.48922
1,1401044,2019,6,22,4,2,2,6,2,0,1,0,0,0,0,0,13.37585,52.55506
2,2300316,2019,6,18,4,3,3,6,0,1,1,0,0,0,0,0,13.44477,52.50105
9,9200717,2019,6,18,4,3,5,3,0,1,1,0,0,0,0,0,13.55425,52.43796
6,6300634,2019,6,18,4,3,0,7,0,1,0,0,0,0,0,0,13.29369,52.43266
3,3601449,2019,6,18,4,3,5,3,0,1,0,0,1,0,0,0,13.44452,52.54567
12,12100205,2019,6,16,4,3,5,2,0,0,1,0,0,0,0,0,13.36094,52.577
1,1200522,2019,6,16,4,3,5,2,0,1,1,0,0,0,0,0,13.32969,52.52281
1,1300835,2019,6,15,4,3,0,1,0,0,0,0,1,0,0,0,13.39503,52.53798
4,4100101,2019,6,22,4,3,5,2,2,0,1,0,0,0,0,0,13.32624,52.53804
2,2200210,2019,6,20,4,3,5,2,0,1,0,1,0,0,0,0,13.3882,52.49294
4,4300414,2019,6,15,4,3,5,3,0,1,0,0,0,0,1,0,13.29593,52.51768
11,11400931,2019,6,14,4,3,5,3,0,1,1,0,0,0,0,0,13.51168,52.50714
3,3200207,2019,6,14,4,3,5,3,0,0,1,0,0,0,1,0,13.41298,52.58822
10,10100313,2019,6,14,4,2,6,4,0,1,0,1,0,0,0,0,13.5635,52.54154
2,2500729,2019,6,13,4,3,5,2,0,0,1,0,0,0,0,0,13.46017,52.51522
8,8401243,2019,6,13,4,3,5,3,0,1,1,0,0,0,0,0,13.49542,52.43169
3,3701657,2019,6,13,4,3,1,7,0,0,0,0,1,0,0,0,13.41722,52.54769
9,9501941,2019,6,13,4,2,6,4,0,0,1,1,0,0,0,0,13.57838,52.45749
3,3300413,2019,6,8,4,3,0,1,0,0,0,0,1,0,0,0,13.46656,52.61505
11,11400931,2019,6,10,4,3,0,2,0,1,1,0,0,0,0,0,13.48839,52.50213
3,3701554,2019,6,10,4,3,2,7,0,0,0,0,1,1,0,0,13.40878,52.53131
6,6200314,2019,6,13,4,3,5,3,0,1,1,0,0,0,0,0,13.33497,52.42744
4,4100101,2019,6,10,4,3,2,6,0,0,1,0,1,0,0,0,13.32698,52.54011
11,11200410,2019,6,8,4,2,0,1,0,1,0,0,0,0,0,0,13.51878,52.55277
5,5100314,2019,6,12,4,3,2,2,0,0,1,0,0,0,1,0,13.20626,52.5426
3,3400723,2019,6,9,4,3,5,2,0,1,1,0,0,0,0,0,13.42873,52.58823
7,7400822,2019,6,11,4,3,5,2,0,1,1,0,0,0,0,0,13.35939,52.45678
8,8100102,2019,6,8,4,3,5,2,0,1,1,0,0,0,0,0,13.40797,52.48229
8,8200727,2019,6,8,4,3,5,2,0,1,1,0,0,0,0,0,13.45293,52.44544
9,9502043,2019,6,7,4,3,5,7,0,0,1,0,1,0,0,0,13.55322,52.46814
3,3601244,2019,6,7,4,2,5,3,0,1,1,0,0,0,0,0,13.42743,52.55241
1,1100308,2019,6,2,4,2,0,7,2,0,1,0,0,0,1,0,13.38475,52.52921
2,2200209,2019,6,8,3,3,3,6,0,0,1,0,1,0,0,0,13.38351,52.49363
4,4300623,2019,6,14,3,3,0,7,0,0,1,0,0,0,0,0,13.30897,52.50607
1,1100416,2019,6,13,3,3,0,3,0,1,0,0,0,0,1,0,13.40438,52.53311
1,1200520,2019,6,8,3,3,6,4,0,0,1,1,0,0,0,0,13.33994,52.52762
1,1100206,2019,6,16,3,3,2,2,0,1,1,0,0,0,0,0,13.38015,52.5189
12,12500930,2019,6,16,3,3,5,2,0,1,1,0,0,0,0,0,13.33884,52.58937
2,2300417,2019,6,16,3,3,5,2,0,1,1,0,0,0,0,0,13.43741,52.49346
7,7400720,2019,6,15,3,3,0,2,0,1,1,0,0,0,0,0,13.38063,52.48225
11,11300721,2019,6,15,3,3,2,6,0,0,1,0,0,0,0,0,13.50242,52.53452
3,3601244,2019,6,14,3,3,5,7,0,1,1,0,0,0,0,0,13.41947,52.54908
5,5200423,2019,6,14,3,3,0,6,0,1,0,0,0,0,0,0,13.15739,52.53314
9,9200510,2019,6,13,3,3,5,2,0,0,0,0,1,0,1,0,13.50918,52.46353
6,6200315,2019,6,18,3,3,6,4,0,0,1,1,0,0,0,0,13.34697,52.42843
4,4501040,2019,6,12,3,3,3,6,0,0,1,0,1,0,0,0,13.31335,52.50278
7,7501031,2019,6,12,3,3,6,7,0,0,1,1,0,0,0,0,13.39108,52.44767
5,5200629,2019,6,11,3,3,2,2,0,0,1,0,0,0,0,0,13.19827,52.53302
1,1100102,2019,6,11,3,3,5,2,0,1,1,0,0,0,0,0,13.37182,52.50927
9,9401329,2019,6,11,3,3,3,6,0,1,0,0,0,0,0,0,13.58657,52.44083
11,11401032,2019,6,13,3,2,5,3,0,1,1,0,0,0,0,0,13.51878,52.51004
4,4300621,2019,6,11,3,2,2,7,0,1,1,0,0,0,0,0,13.30437,52.51343
1,1401044,2019,6,11,3,3,2,2,0,0,1,0,0,0,0,0,13.37344,52.55691
1,1300834,2019,6,10,3,3,3,6,0,0,1,0,1,0,0,0,13.39904,52.53905
4,4100101,2019,6,10,3,3,5,2,0,0,1,0,0,0,0,0,13.32625,52.53802
8,8401243,2019,6,10,3,3,5,3,0,0,1,0,0,0,0,0,13.48807,52.42614
4,4300517,2019,6,9,3,3,5,3,0,1,1,0,0,0,0,0,13.30422,52.52658
2,2200208,2019,6,23,3,2,5,2,2,1,1,0,0,0,0,0,13.38938,52.49596
1,1200520,2019,6,20,3,3,2,6,0,0,1,0,0,0,0,0,13.33512,52.52673
2,2100102,2019,6,8,3,3,5,3,0,1,1,0,0,0,0,0,13.39491,52.5
8,8100208,2019,6,9,3,3,1,5,0,1,1,0,0,0,0,0,13.43835,52.47341
3,3601450,2019,6,9,3,3,2,6,0,0,1,0,1,0,0,0,13.45355,52.53313
5,5200528,2019,6,7,3,3,0,1,0,1,0,0,0,0,0,0,13.1799,52.50576
11,11200513,2019,6,8,3,3,5,3,0,1,1,0,0,0,0,0,13.49061,52.54321
6,6200312,2019,6,20,3,3,6,7,0,1,0,1,0,0,0,0,13.33067,52.44488
10,10200420,2019,6,19,3,2,6,4,0,0,1,1,0,0,0,0,13.58437,52.53965
12,12200310,2019,6,8,3,2,5,2,0,1,1,0,0,0,0,0,13.31196,52.56801
3,3601450,2019,6,19,3,3,5,2,0,1,1,0,0,0,0,0,13.4591,52.52908
7,7400928,2019,6,8,3,3,3,6,0,0,1,0,0,1,0,0,13.41571,52.45932
8,8301037,2019,6,19,3,3,6,2,0,0,1,1,0,0,0,0,13.46793,52.42767
4,4501045,2019,6,19,3,3,1,5,0,1,1,0,0,0,1,0,13.32598,52.49813
3,3200206,2019,6,8,3,3,5,3,0,1,1,0,0,0,0,0,13.39236,52.58215
12,12200310,2019,6,7,3,3,2,6,0,0,1,0,0,0,0,0,13.31154,52.56791
4,4300624,2019,6,7,3,3,5,3,0,0,1,0,0,0,1,0,13.32174,52.50582
2,2200212,2019,6,18,3,3,3,6,0,1,1,0,0,0,0,0,13.41999,52.49616
4,4300517,2019,6,18,3,2,5,2,0,0,1,0,1,0,0,0,13.30193,52.52582
12,12200414,2019,6,18,3,3,2,6,0,0,1,0,0,0,0,0,13.30672,52.5553
2,2200209,2019,6,7,3,3,1,1,0,0,1,0,1,0,0,0,13.38101,52.49276
11,11200514,2019,6,4,3,3,5,3,1,0,1,0,0,0,0,0,13.48308,52.53757
9,9200512,2019,6,17,3,3,1,5,0,1,1,0,0,0,0,0,13.52713,52.45805
9,9501941,2019,6,4,3,3,0,1,1,1,0,0,0,0,0,0,13.59234,52.45138
1,1100101,2019,6,17,3,3,5,3,0,0,1,0,0,0,1,0,13.34709,52.50548
10,10100311,2019,6,17,3,3,0,2,0,1,1,0,0,0,0,0,13.5219,52.53572
9,9300920,2019,6,12,2,3,2,6,0,0,1,0,1,0,0,0,13.52177,52.40196
2,2100102,2019,6,18,2,3,1,5,0,1,1,0,0,0,0,0,13.39879,52.50341
11,11200410,2019,6,12,2,3,5,3,0,1,0,0,0,0,0,0,13.50531,52.56017
6,6300634,2019,6,12,2,3,6,7,0,1,0,1,0,0,0,0,13.30451,52.43227
11,11200410,2019,6,22,2,3,8,1,2,0,1,0,0,0,0,1,13.52193,52.55409
8,8100521,2019,6,22,2,3,0,3,2,1,1,0,0,0,0,1,13.47504,52.46357
1,1200628,2019,6,21,2,3,5,3,0,0,1,0,0,0,0,0,13.36722,52.52334
7,7400823,2019,6,20,2,3,5,2,0,0,1,0,0,0,1,0,13.37202,52.46985
9,9200510,2019,6,20,2,3,5,2,0,1,1,0,0,0,0,0,13.51187,52.46293
8,8100208,2019,6,19,2,3,0,3,0,1,1,0,0,0,0,1,13.43459,52.4725
10,10400940,2019,6,20,2,3,5,3,0,0,1,0,0,0,1,1,13.60306,52.48498
3,3601244,2019,6,20,2,3,5,3,1,1,1,0,0,0,0,1,13.42215,52.55003
9,9200717,2019,6,19,2,2,0,1,0,1,0,0,0,0,0,1,13.55543,52.44054
9,9301025,2019,6,20,2,2,1,7,1,0,1,0,0,0,0,1,13.56636,52.40857
7,7400927,2019,6,19,2,3,8,1,0,0,1,0,0,0,0,1,13.4101,52.46411
1,1400938,2019,6,18,2,3,2,2,0,1,1,0,0,0,0,0,13.33491,52.55611
4,4300620,2019,6,18,2,3,2,6,0,0,1,0,0,0,0,0,13.32742,52.52046
2,2500833,2019,6,18,2,2,5,2,0,1,1,0,0,0,0,0,13.45282,52.51241
4,4500938,2019,6,18,2,3,1,5,0,1,1,0,0,0,0,0,13.29186,52.49722
4,4501150,2019,6,17,2,3,2,6,0,0,1,0,0,0,0,0,13.32367,52.48744
6,6300527,2019,6,15,2,3,3,6,0,0,1,0,1,0,0,0,13.25934,52.43073
7,7400927,2019,6,17,2,3,5,3,0,0,1,0,0,0,0,0,13.39569,52.45434
10,10400938,2019,6,17,2,3,5,3,0,1,1,0,0,0,0,0,13.63315,52.52298
9,9100305,2019,6,22,2,3,5,2,2,1,1,0,0,0,0,1,13.48327,52.4605
3,3200309,2019,6,15,2,3,5,3,0,1,0,0,0,0,0,0,13.42974,52.60868
6,6100102,2019,6,14,2,3,5,3,0,1,1,0,0,0,0,0,13.31911,52.45452
1,1100104,2019,6,14,2,3,0,2,0,0,1,0,0,0,1,0,13.36562,52.50311
2,2200212,2019,6,14,2,3,2,6,0,0,1,0,0,0,0,0,13.42399,52.48842
3,3300516,2019,6,13,2,3,2,6,0,0,1,0,0,1,0,0,13.43833,52.5692
5,5100211,2019,6,12,2,3,1,5,0,1,0,0,0,0,1,0,13.17725,52.54708
8,8200622,2019,6,11,2,3,5,7,0,0,1,0,0,0,0,0,13.43765,52.45494
1,1401049,2019,6,12,2,3,2,6,0,0,1,0,0,0,0,0,13.3641,52.55652
1,1100309,2019,6,0,2,3,5,2,2,1,1,0,0,0,0,0,13.40127,52.5297
4,4501040,2019,6,12,2,3,5,7,0,0,1,0,1,0,0,0,13.30877,52.50207
1,1100416,2019,6,11,2,3,6,4,0,1,0,1,0,0,0,0,13.40178,52.53039
1,1300733,2019,6,11,2,2,5,2,0,0,1,0,0,0,0,0,13.38659,52.54957
9,9401329,2019,6,16,2,3,5,3,0,0,1,0,1,0,0,0,13.58739,52.43907
2,2200209,2019,6,11,2,3,5,2,0,1,1,0,0,0,0,0,13.38739,52.49286
1,1401044,2019,6,11,2,3,3,6,0,0,1,0,1,0,0,0,13.37945,52.55642
10,10300732,2019,6,16,2,2,0,5,0,1,1,0,0,0,0,0,13.56873,52.51406
5,5100101,2019,6,10,2,2,5,2,0,0,1,0,1,0,0,0,13.20854,52.56155
9,9501941,2019,6,16,2,3,5,3,0,1,1,0,0,0,0,0,13.56261,52.45637
4,4300412,2019,6,10,2,3,2,6,0,0,1,0,1,0,0,0,13.29942,52.52077
8,8300935,2019,6,10,2,3,5,7,0,1,1,0,0,0,0,0,13.45311,52.42861
3,3601450,2019,6,15,2,3,0,7,0,0,1,0,0,0,0,0,13.45745,52.52915
9,9100407,2019,6,15,2,3,0,6,0,1,1,0,0,0,0,0,13.49643,52.45807
2,2400521,2019,6,9,2,3,5,3,0,1,1,0,0,0,0,0,13.43315,52.51164
5,5200631,2019,6,9,2,3,5,2,0,1,1,0,0,0,0,0,13.18996,52.52215
2,2200210,2019,6,8,2,3,5,2,0,1,1,0,0,0,0,0,13.39534,52.49682
4,4200308,2019,6,8,2,3,5,2,0,0,1,0,0,0,0,0,13.27798,52.51835
2,2300314,2019,6,7,2,3,2,6,0,0,1,0,0,1,0,0,13.42006,52.49917
5,5200629,2019,6,15,2,3,6,4,0,0,1,1,0,0,0,0,13.19459,52.53363
9,9502043,2019,6,7,2,3,5,3,0,0,1,0,0,0,0,0,13.57786,52.46123
1,1100102,2019,6,6,2,3,5,7,0,0,1,0,0,0,0,0,13.3527,52.50963
12,12200414,2019,6,15,2,3,0,2,0,0,1,0,0,0,1,0,13.29444,52.57615
1,1100309,2019,6,6,2,3,2,6,0,0,1,0,0,0,0,0,13.4098,52.5288
9,9200717,2019,6,6,2,3,0,3,0,1,1,0,0,0,0,0,13.55618,52.43374
1,1100311,2019,6,15,2,2,2,2,0,0,1,0,0,0,0,0,13.41823,52.51735
3,3601245,2019,6,5,2,3,1,5,0,0,1,0,1,0,0,0,13.43255,52.54832
2,2500726,2019,6,1,2,3,5,2,2,0,1,0,0,0,0,0,13.44918,52.52436
1,1100415,2019,6,8,2,3,0,1,0,1,0,0,0,0,0,0,13.39585,52.53261
11,11300721,2019,6,20,2,3,5,2,0,1,1,0,0,0,0,1,13.49955,52.53436
6,6400844,2019,6,9,2,3,5,2,0,1,0,0,0,0,1,0,13.29686,52.46439
10,10100205,2019,6,17,2,1,1,7,0,0,1,0,0,0,0,0,13.53459,52.55518
4,4300415,2019,6,14,1,3,2,6,0,1,0,0,0,0,0,0,13.28796,52.50655
4,4400830,2019,6,14,1,3,5,3,0,1,1,0,0,0,0,0,13.29416,52.48131
1,1100415,2019,6,14,1,3,6,7,0,0,1,1,0,0,0,0,13.38706,52.53101
9,9401534,2019,6,19,1,3,3,6,0,1,1,0,0,0,0,0,13.57716,52.44519
1,1401044,2019,6,21,1,3,5,3,0,0,1,0,0,0,0,0,13.36432,52.54969
11,2500835,2019,6,20,1,2,4,6,0,0,1,0,1,0,0,0,13.46955,52.50219
2,2400521,2019,6,20,1,3,1,5,0,1,1,0,0,0,1,0,13.43387,52.50875
4,4100101,2019,6,17,1,3,0,2,0,1,1,0,0,0,0,0,13.3048,52.54785
2,2100102,2019,6,17,1,2,5,3,0,0,1,0,1,0,0,0,13.39581,52.49902
10,10400940,2019,6,15,1,2,5,3,0,0,1,0,1,0,0,0,13.60371,52.47897
7,7100206,2019,6,16,1,3,5,2,0,1,1,0,0,0,0,0,13.36096,52.49426
3,3701657,2019,6,16,1,3,0,1,0,1,0,0,0,0,0,0,13.42505,52.54099
11,11501340,2019,6,14,1,3,5,3,0,0,1,0,0,0,0,0,13.53702,52.48567
7,7100102,2019,6,14,1,3,5,3,0,0,1,0,1,0,0,0,13.346,52.49883
1,1100101,2019,6,14,1,3,5,3,0,0,1,0,0,0,0,0,13.34721,52.50549
1,1100206,2019,6,14,1,3,5,2,0,0,1,0,1,0,0,0,13.38852,52.51877
11,11501340,2019,6,14,1,2,5,3,0,1,1,0,0,0,0,0,13.53701,52.48567
3,3601141,2019,6,13,1,3,2,6,0,0,1,0,0,0,0,0,13.40107,52.55465
11,11501339,2019,6,12,6,3,5,2,0,1,1,0,0,0,0,0,13.5229,52.48324
8,8200622,2019,6,13,1,3,2,6,0,0,1,0,0,0,0,0,13.43681,52.45692
7,7400823,2019,6,12,1,2,5,3,0,0,1,0,1,0,0,0,13.38271,52.46853
1,1300733,2019,6,12,6,3,5,2,0,1,0,0,0,0,1,0,13.38391,52.55575