BEZ,LOR_ab_2021,UJAHR,UMONAT,USTUNDE,UWOCHENTAG,UKATEGORIE,UART,UTYP1,ULICHTVERH,IstRad,IstPKW,IstFuss,IstKrad,IstGkfz,IstSonstige,USTRZUSTAND,XGCSWGS84,YGCSWGS84
1,1400938,2019,6,1,1,2,5,2,2,0,1,0,0,0,0,0,13.33564,52.54201
6,6400843,2019,6,17,6,2,5,2,0,1,1,0,0,0,0,0,13.30375,52.4587
11,11200410,2019,6,2,1,3,5,3,2,0,1,0,0,0,0,0,13.50034,52.56142
8,8200730,2019,6,12,6,3,3,6,0,1,0,0,0,1,0,0,13.43511,52.427
12,12500930,2019,6,10,1,3,4,5,0,0,1,0,0,0,0,0,13.33619,52.58578
12,12500930,2019,6,7,6,2,5,2,0,1,0,0,0,1,0,0,13.32368,52.58751
1,1401047,2019,6,10,1,3,5,2,0,0,1,0,0,0,0,0,13.34504,52.53912
1,1300733,2019,6,11,1,3,5,3,0,0,1,0,0,0,1,0,13.38411,52.55584
5,5100101,2019,6,12,6,3,5,3,0,1,1,0,0,0,0,0,13.21885,52.55964
6,6300631,2019,6,12,1,2,2,1,0,0,1,0,0,0,0,0,13.2943,52.41978
4,4501045,2019,6,12,6,3,0,6,0,0,1,0,1,0,0,0,13.3241,52.49648
11,11300619,2019,6,1,1,3,0,1,2,0,0,0,1,0,0,0,13.4772,52.52415
4,4400833,2019,6,11,6,3,5,2,0,0,1,0,1,0,0,0,13.30162,52.473
8,8100310,2019,6,0,1,3,0,1,2,1,0,0,0,0,0,0,13.43869,52.48231
8,8200832,2019,6,11,6,3,5,2,0,1,1,0,0,0,0,0,13.42647,52.42061
2,2400521,2019,6,12,7,3,5,3,0,0,1,0,0,0,0,0,13.4242,52.5136
3,3701554,2019,6,18,7,3,5,3,0,0,1,0,0,0,0,0,13.40811,52.53038
9,9401431,2019,6,12,6,3,5,3,0,0,1,0,0,0,1,0,13.58643,52.4449
3,3501037,2019,6,13,6,2,5,3,0,1,1,0,0,0,0,0,13.47665,52.56049
6,6300630,2019,6,15,7,3,1,5,0,1,1,0,0,0,0,0,13.32207,52.44445
10,10100208,2019,6,18,7,2,5,3,0,1,1,0,0,0,0,0,13.57268,52.54989
9,9200819,2019,6,12,6,2,3,6,0,1,0,0,0,1,0,0,13.56907,52.44458
7,7400720,2019,6,15,7,3,5,2,0,1,0,0,0,0,0,0,13.38555,52.4782
4,4200310,2019,6,16,6,3,5,3,0,1,1,0,0,0,0,0,13.26778,52.51227
1,1200520,2019,6,14,7,3,5,2,0,0,1,0,1,0,0,0,13.33824,52.52644
1,1401044,2019,6,19,7,3,2,6,0,0,1,0,0,0,0,0,13.37723,52.55628
8,8200832,2019,6,16,6,3,5,3,0,0,1,0,1,0,0,0,13.43533,52.41674
2,2300314,2019,6,19,7,3,5,3,0,1,1,0,0,0,0,0,13.41483,52.5025
4,4501042,2019,6,13,7,3,5,2,0,1,1,0,0,0,0,0,13.33431,52.50545
3,3300411,2019,6,16,6,3,6,4,0,0,1,1,0,0,0,0,13.48475,52.62176
11,11501341,2019,6,19,7,3,2,6,0,0,1,0,0,0,0,0,13.52507,52.48052
9,9401534,2019,6,16,6,2,5,2,0,1,1,0,0,0,0,0,13.58667,52.44042
4,4200308,2019,6,16,6,2,4,6,0,1,0,0,0,0,0,0,13.27788,52.52656
7,7200307,2019,6,19,7,3,5,3,0,0,1,0,0,0,0,0,13.34496,52.48677
2,2100106,2019,6,15,6,2,5,7,0,0,1,0,0,1,0,0,13.41216,52.49852
2,2300316,2019,6,12,7,2,5,2,0,1,1,0,0,0,0,0,13.43491,52.50449
4,4300620,2019,6,16,6,3,5,2,0,1,0,0,1,0,0,0,13.32758,52.52067
6,6400840,2019,6,22,7,3,6,4,2,0,1,1,0,0,0,0,13.25124,52.45013
7,7601443,2019,6,12,7,3,1,5,0,0,1,0,0,0,0,0,13.41263,52.4026
7,7100102,2019,6,16,6,3,1,5,0,1,1,0,0,0,0,0,13.35971,52.49892
4,4400830,2019,6,9,6,3,2,7,0,0,1,0,0,0,0,0,13.29641,52.4849
5,5100316,2019,6,11,7,3,0,2,0,0,1,0,0,0,1,0,13.20074,52.5386
5,5100317,2019,6,10,7,3,5,2,0,1,1,0,0,0,0,0,13.2475,52.52458
3,3500935,2019,6,12,6,2,1,1,0,0,1,0,0,0,1,0,13.44923,52.55236
1,1100309,2019,6,23,7,2,0,1,2,1,0,0,0,0,0,0,13.4007,52.52364
2,2100102,2019,6,17,6,3,5,3,0,0,1,0,0,0,0,0,13.39712,52.50036
8,8200727,2019,6,9,7,3,5,7,0,0,1,0,0,0,0,0,13.45,52.44555
1,1300834,2019,6,9,7,2,5,2,0,1,0,0,0,1,0,0,13.39589,52.53823
8,8100102,2019,6,15,6,3,6,2,0,0,1,1,0,0,0,0,13.42752,52.4743
4,4500939,2019,5,5,6,3,5,2,0,1,1,0,0,0,0,0,13.29821,52.49132
3,3500934,2019,5,7,6,3,5,3,0,0,1,0,1,0,0,0,13.44059,52.55376
2,2100102,2019,6,23,6,2,5,3,2,0,1,0,0,0,0,0,13.39932,52.50466
4,4300518,2019,5,9,6,3,5,2,0,1,1,0,0,0,0,0,13.30989,52.52578
11,11100102,2019,6,15,6,3,5,2,0,0,1,0,1,0,0,0,13.54434,52.56687
4,4300416,2019,5,9,6,3,5,2,0,0,1,0,0,0,0,0,13.3021,52.50795
7,7501031,2019,5,15,6,3,2,6,0,0,1,0,0,0,0,0,13.40255,52.44736
7,7501030,2019,6,11,6,3,1,5,0,1,1,0,0,0,1,0,13.38341,52.44542
3,3500934,2019,6,11,6,3,2,1,0,0,1,0,0,0,0,0,13.44277,52.55108
12,12200308,2019,5,15,6,3,5,3,0,0,1,0,0,0,0,0,13.31871,52.57416
7,7400720,2019,5,15,6,3,5,2,0,1,1,0,0,0,0,0,13.38447,52.47157
4,4300413,2019,6,18,6,3,0,7,0,1,0,0,0,0,0,0,13.29382,52.51675
9,9301025,2019,5,13,6,3,5,3,0,1,1,0,0,0,0,0,13.56534,52.3976
2,2100106,2019,6,10,6,2,6,4,0,1,0,1,0,0,0,0,13.41705,52.49882
12,12200411,2019,5,13,6,2,5,2,0,0,1,0,0,0,0,0,13.32612,52.56166
12,12601236,2019,5,16,6,3,5,3,0,0,1,0,0,0,0,0,13.33923,52.59583
4,5300840,2019,5,17,6,2,2,6,0,0,1,0,0,0,0,0,13.28203,52.53381
12,12400721,2019,6,15,6,3,1,5,0,0,1,0,0,0,0,0,13.28247,52.63039
9,9100203,2019,5,17,6,2,5,2,0,1,1,0,0,0,0,0,13.48396,52.47416
3,3601142,2019,6,10,6,3,5,2,0,0,1,0,1,0,0,0,13.40504,52.54802
2,2200212,2019,5,19,6,3,5,7,0,1,0,0,0,0,1,0,13.41638,52.49126
5,5300737,2019,6,9,6,3,1,5,0,1,1,0,0,0,1,0,13.23248,52.5384
2,2200212,2019,5,19,6,3,0,6,0,0,1,0,0,0,1,0,13.41275,52.49188
2,2300314,2019,6,9,6,3,5,3,0,1,1,0,0,0,0,0,13.41628,52.50173
12,12200411,2019,5,20,6,3,5,2,0,0,1,0,0,0,0,1,13.3277,52.56404
9,9100409,2019,6,15,6,3,5,3,0,1,1,0,0,0,0,0,13.51065,52.45033
7,7400927,2019,5,21,6,3,2,6,2,0,1,0,0,0,1,1,13.40043,52.45917
7,7601544,2019,6,15,6,3,1,5,0,1,1,0,0,0,0,0,13.40458,52.38667
2,2200211,2019,5,18,6,3,0,1,0,1,0,0,0,0,0,0,13.40718,52.48602
6,6100101,2019,5,9,6,3,2,2,0,0,1,0,0,0,1,0,13.30829,52.45977
4,4100101,2019,6,14,6,3,5,2,0,1,1,0,0,0,0,0,13.32399,52.54241
9,9501838,2019,5,10,6,3,5,2,0,1,1,0,0,0,0,0,13.69943,52.43585
4,4300619,2019,6,14,6,3,5,2,0,1,1,0,0,0,0,0,13.30221,52.51867
3,3701555,2019,5,12,6,3,2,6,0,0,1,0,0,0,0,0,13.42214,52.53544
1,1100313,2019,5,12,6,3,0,7,0,1,0,0,0,0,1,1,13.41937,52.50579
3,3601141,2019,6,14,6,2,5,2,0,1,1,0,0,0,0,0,13.40561,52.55119
1,1401049,2019,5,12,6,3,2,6,0,0,1,0,0,0,0,0,13.35868,52.55373
6,6200313,2019,6,13,6,3,1,5,0,1,1,0,0,0,0,0,13.34692,52.43707
2,2300316,2019,5,12,6,3,2,6,0,0,1,0,0,0,1,0,13.4387,52.50277
6,6400842,2019,6,14,6,3,2,6,0,0,1,0,0,1,0,0,13.27014,52.4501
1,1100313,2019,5,12,6,3,0,7,0,0,0,0,1,0,1,1,13.41938,52.50575
1,1400938,2019,6,10,6,3,2,6,0,0,1,0,0,1,0,0,13.33568,52.54209
12,12500930,2019,5,23,6,3,2,6,2,0,1,0,0,0,0,1,13.33987,52.58803
1,1100308,2019,5,21,6,3,0,1,2,0,0,0,1,0,0,1,13.37937,52.52946
1,1200522,2019,6,8,6,3,1,1,0,0,1,0,0,0,0,0,13.3343,52.52456
11,11501341,2019,6,8,6,1,6,4,0,0,0,1,0,1,0,0,13.52351,52.47895
2,2100101,2019,5,18,5,3,6,7,0,0,1,1,0,0,0,0,13.38688,52.50273
8,8100419,2019,6,16,5,3,0,2,0,1,0,0,0,0,1,1,13.456,52.48406
7,7601545,2019,5,18,5,2,5,2,0,0,1,0,1,0,0,0,13.41234,52.39439
2,2100102,2019,6,18,5,3,3,6,0,1,1,0,0,0,0,0,13.38814,52.50657
4,4400835,2019,5,17,5,3,6,4,0,0,1,1,0,0,0,0,13.31447,52.47412
10,10200526,2019,5,17,5,2,5,3,0,1,1,0,0,0,0,0,13.60474,52.53226
12,12200515,2019,6,15,5,3,2,6,0,0,1,0,0,0,0,0,13.29057,52.5816
9,9401534,2019,6,7,5,3,5,2,0,1,1,0,0,0,0,0,13.57695,52.44435
3,3200206,2019,5,16,5,3,5,3,0,0,1,0,0,0,0,0,13.38821,52.58418
10,10400835,2019,5,16,5,2,5,3,0,1,1,0,0,0,0,0,13.59905,52.5284
9,9200715,2019,6,7,5,3,5,2,0,1,1,0,0,0,0,0,13.55087,52.42905
1,1200522,2019,5,18,5,3,5,2,0,1,1,0,0,0,0,0,13.33926,52.52585
5,5100103,2019,6,6,5,3,5,3,0,0,1,0,1,0,0,0,13.20831,52.562
12,12400721,2019,5,16,5,3,0,1,0,1,0,0,0,0,0,0,13.29544,52.64324
10,10100103,2019,5,16,5,3,5,7,0,0,1,0,0,0,0,0,13.56562,52.57044
8,8100520,2019,6,6,5,3,5,2,0,1,0,0,1,0,0,0,13.46437,52.47021
2,2400521,2019,5,23,5,2,6,4,2,0,1,1,0,0,0,0,13.43438,52.50855
1,1401049,2019,6,21,5,3,5,7,2,1,1,0,0,0,0,1,13.36534,52.5571
8,8100209,2019,5,22,5,3,5,7,2,1,1,0,0,0,0,0,13.43413,52.46669
8,8100102,2019,6,21,5,3,2,6,1,1,1,0,0,0,0,1,13.42833,52.47307
4,4501043,2019,5,20,5,3,5,3,1,1,1,0,0,0,0,0,13.31512,52.49089
4,4300624,2019,6,21,5,3,6,4,1,0,1,1,0,0,0,1,13.32013,52.50615
3,3501037,2019,5,20,5,3,5,2,1,1,1,0,0,0,0,0,13.49207,52.55872
1,1200626,2019,5,19,5,3,1,5,0,1,1,0,0,0,0,0,13.34493,52.52513
8,8401244,2019,6,12,5,2,6,2,0,0,1,1,0,0,0,0,13.49562,52.41521
3,3601245,2019,6,23,5,3,5,3,2,0,1,0,0,0,0,1,13.43024,52.55097
10,10300734,2019,5,18,5,3,2,6,0,1,0,0,0,0,0,0,13.56188,52.49382
10,10400837,2019,5,18,5,3,5,3,0,0,1,0,0,0,0,0,13.57369,52.48496
3,3300517,2019,6,15,5,3,0,7,0,0,1,0,0,0,0,0,13.47083,52.58363
1,1100206,2019,5,15,5,3,3,6,0,1,1,0,0,0,0,0,13.38832,52.51995
8,8100314,2019,6,15,5,3,5,2,0,0,1,0,0,0,0,1,13.43367,52.48209
4,4200310,2019,5,15,5,3,5,3,0,0,1,0,0,0,0,0,13.26029,52.51653
1,1200517,2019,6,15,5,3,1,5,0,1,1,0,0,0,1,1,13.32081,52.52582
3,3400618,2019,5,14,5,3,2,2,0,0,1,0,0,0,0,0,13.38502,52.59756
7,7601236,2019,6,13,5,2,2,6,0,1,1,0,0,0,0,0,13.36161,52.41579
4,4501146,2019,5,14,5,3,2,6,0,0,1,0,0,0,0,0,13.30821,52.48792
11,11300724,2019,6,12,5,2,6,2,0,0,1,1,0,0,0,0,13.48587,52.51847
11,11400931,2019,5,13,5,3,6,2,0,0,0,1,0,0,1,0,13.50051,52.51063
2,2400521,2019,6,12,5,3,5,2,0,1,1,0,0,0,0,0,13.43655,52.52336
5,5400942,2019,5,13,5,2,1,5,0,1,1,0,0,0,0,0,13.1819,52.4872
6,6300632,2019,5,10,5,2,5,7,0,0,1,0,1,0,0,0,13.30913,52.43087
1,1200627,2019,6,12,5,3,5,2,0,0,1,0,1,0,0,0,13.36501,52.52598
5,5200629,2019,5,6,5,2,1,5,0,0,1,0,0,0,0,0,13.1878,52.52767
9,9200510,2019,6,12,5,3,2,6,0,0,1,0,0,0,0,0,13.51237,52.47077
12,12400619,2019,5,16,4,3,2,6,0,0,1,0,0,0,0,0,13.25204,52.59972
2,2200211,2019,6,11,5,2,5,7,0,1,1,0,0,0,0,0,13.39291,52.48921
4,4100101,2019,5,18,4,3,2,2,0,1,1,0,0,0,0,0,13.32611,52.53835
6,6400737,2019,6,11,5,3,5,2,0,0,1,0,1,0,0,0,13.22198,52.43079
2,2400625,2019,5,18,4,3,5,2,0,1,0,0,0,0,1,0,13.4467,52.50261
1,1200520,2019,5,16,4,3,3,6,0,0,1,0,1,0,0,0,13.3432,52.52767
10,10100313,2019,6,11,5,3,2,6,0,0,1,0,0,0,0,0,13.56472,52.54475
9,9501737,2019,6,7,5,3,6,2,0,0,1,1,0,0,0,0,13.63278,52.45665
9,9501941,2019,5,23,4,3,0,1,2,1,0,0,0,0,0,0,13.56707,52.45513
4,4300621,2019,5,17,4,3,6,4,0,0,1,1,0,0,0,0,13.30488,52.51411
2,2500833,2019,6,10,5,3,5,5,0,0,1,0,1,0,0,0,13.45369,52.51227
1,1100207,2019,5,20,4,3,0,2,1,1,0,0,0,1,0,0,13.38991,52.5103
4,4300620,2019,6,10,5,3,2,2,0,0,1,0,0,0,0,0,13.33575,52.51365
4,4501152,2019,5,18,4,3,5,3,0,1,1,0,0,0,0,0,13.33101,52.49293
9,9100305,2019,5,18,4,2,5,2,0,0,1,0,0,0,0,0,13.48125,52.46079
4,4501045,2019,6,9,5,3,6,2,0,1,0,1,0,0,0,0,13.32452,52.49794
2,2200209,2019,5,23,4,3,5,3,2,0,1,0,0,0,0,0,13.38795,52.49299
11,11400931,2019,5,22,4,3,5,2,2,0,1,0,0,0,0,0,13.48835,52.50213
11,11100309,2019,6,9,5,2,6,4,0,0,0,1,0,0,1,0,13.50753,52.56426
3,3400830,2019,5,21,4,3,5,2,1,1,1,0,0,0,0,0,13.42755,52.56794
3,3701657,2019,5,18,4,3,0,2,0,0,1,0,1,0,0,0,13.41823,52.54652
4,4501040,2019,6,19,5,3,2,6,0,1,0,0,1,0,0,1,13.31328,52.50226
1,1401049,2019,5,18,4,3,5,2,0,1,1,0,0,0,0,0,13.36686,52.55215
1,1100309,2019,6,18,5,3,0,1,0,1,0,0,0,0,0,1,13.40298,52.52442
5,5200629,2019,5,15,4,3,6,2,0,0,1,1,0,0,0,0,13.19758,52.5317
1,1100309,2019,6,18,5,3,0,3,0,1,0,0,1,0,0,1,13.39567,52.52899
10,10400837,2019,5,18,4,3,5,3,0,1,1,0,0,0,0,0,13.57667,52.49397
5,5100316,2019,6,18,5,3,0,2,0,1,1,0,0,0,0,1,13.19529,52.53553
6,6100101,2019,5,9,4,2,3,6,0,0,1,0,1,0,0,0,13.31824,52.45437
2,2300316,2019,5,11,4,3,5,3,0,1,1,0,0,0,0,0,13.43006,52.50353
1,1100205,2019,6,18,5,2,5,3,1,1,1,0,0,0,0,1,13.39046,52.5077
12,12601133,2019,6,18,5,3,5,2,0,1,1,0,0,0,0,1,13.35836,52.60141
4,4501043,2019,5,18,4,3,2,6,0,0,1,0,0,0,0,0,13.30704,52.49941
4,4400728,2019,5,11,4,3,5,2,0,0,1,0,0,1,0,0,13.27881,52.47769
6,6400840,2019,6,18,5,2,6,4,0,0,1,1,0,0,0,1,13.25189,52.44851
7,7100102,2019,5,11,4,3,5,7,0,0,1,0,0,0,0,0,13.35394,52.50013
1,1100308,2019,6,18,5,3,0,1,0,0,0,0,1,0,0,1,13.37584,52.52844
5,5100316,2019,5,11,4,3,5,2,0,0,1,0,1,0,0,0,13.19852,52.5397
2,2300314,2019,6,17,5,2,6,4,0,0,0,1,1,0,0,1,13.41836,52.49998
2,2400625,2019,5,12,4,3,1,5,0,1,1,0,0,0,1,0,13.44227,52.50416
12,12400618,2019,6,16,5,2,0,1,0,1,0,0,0,0,0,1,13.24688,52.62225
9,9100306,2019,5,17,4,3,2,6,0,1,1,0,0,0,0,0,13.47565,52.45636
4,4200310,2019,5,17,4,2,6,4,0,0,1,1,0,0,0,0,13.26089,52.51699
1,1200518,2019,6,16,5,3,6,4,0,0,1,1,0,0,0,1,13.32806,52.52586
7,7501134,2019,6,15,5,3,1,5,0,0,1,0,0,0,0,1,13.38888,52.43921
6,6200422,2019,5,17,4,3,5,3,0,0,1,0,0,0,1,0,13.32746,52.42272
4,4300414,2019,6,17,5,3,5,3,0,1,1,0,0,0,0,0,13.30099,52.51525
1,1300730,2019,6,17,5,3,4,6,0,0,0,0,1,1,0,0,13.37698,52.55733
4,4300518,2019,6,17,5,3,5,3,0,0,1,0,0,0,0,0,13.2957,52.53037
12,12100204,2019,6,17,5,3,5,3,0,1,1,0,0,0,0,0,13.36189,52.56859
1,1100313,2019,6,16,5,3,5,3,0,0,1,0,0,0,1,0,13.42198,52.50508
6,6300528,2019,6,16,5,3,5,2,0,1,1,0,0,0,0,0,13.27901,52.43094
4,4300619,2019,6,16,5,2,5,3,0,1,1,0,0,0,0,0,13.31335,52.51518
3,3100103,2019,6,16,5,3,5,2,0,1,1,0,0,0,0,0,13.4973,52.63433
1,1100308,2019,6,16,5,3,5,2,0,0,1,0,1,0,0,0,13.38061,52.53253
10,10200628,2019,6,20,5,3,2,6,0,0,1,0,1,0,0,0,13.59072,52.52944
2,2500830,2019,6,20,5,3,5,3,0,1,1,0,0,0,0,0,13.47392,52.51017
2,2500726,2019,6,19,5,3,5,3,0,1,1,0,0,0,0,0,13.45227,52.52746
11,11400931,2019,6,19,5,3,2,2,0,0,1,0,0,0,0,0,13.48661,52.50239
5,5200631,2019,6,19,5,3,1,5,0,0,1,0,0,0,1,0,13.19698,52.52104
10,10200417,2019,6,18,5,3,2,6,0,0,1,0,0,0,1,0,13.598,52.54756
6,6400844,2019,6,18,5,3,0,7,0,1,0,0,0,0,0,0,13.27849,52.46816
1,1200520,2019,6,18,5,3,5,3,0,1,1,0,0,0,0,0,13.34354,52.53218
1,1100415,2019,6,18,5,3,0,1,0,1,0,0,0,0,0,0,13.39877,52.53259
7,7601341,2019,6,18,5,3,0,2,0,1,1,0,0,0,0,0,13.34805,52.41478
9,9200512,2019,6,15,5,3,6,7,0,1,0,1,0,0,0,0,13.52336,52.46276
9,9501941,2019,6,17,5,3,2,6,0,0,1,0,1,0,0,0,13.55849,52.45396
2,2500729,2019,6,15,5,3,6,4,0,0,1,1,0,0,0,0,13.46207,52.51902
9,9200510,2019,6,15,5,3,2,6,0,0,1,0,0,0,0,0,13.51258,52.46277
2,2100106,2019,6,15,5,3,5,7,0,0,1,0,0,0,0,0,13.4105,52.49845
10,10100205,2019,6,6,5,2,5,2,0,1,1,0,0,0,0,0,13.54522,52.5536
3,3400723,2019,6,7,5,2,5,3,0,1,1,0,0,0,0,0,13.41395,52.58297
1,1100102,2019,6,14,5,3,6,4,0,0,1,1,0,0,0,0,13.34743,52.51558
11,11501238,2019,6,7,5,3,3,6,0,0,1,0,1,0,0,1,13.4752,52.50155
2,2300419,2019,6,7,5,3,3,6,0,1,0,0,0,0,1,0,13.44405,52.49998
6,6100205,2019,6,7,5,3,3,6,0,0,1,0,1,0,0,0,13.35371,52.44741
6,6300527,2019,6,7,5,2,5,2,0,0,1,0,1,0,0,1,13.25074,52.43506
1,1401044,2019,6,8,5,3,5,3,0,1,1,0,0,0,0,0,13.36817,52.55006
11,11200411,2019,6,8,5,3,6,4,0,0,1,1,0,0,0,0,13.51614,52.54499
9,9100101,2019,6,8,5,3,5,2,0,1,1,0,0,0,0,0,13.45406,52.4889
9,9200510,2019,6,9,5,3,5,2,0,1,1,0,0,0,0,0,13.50918,52.47342
1,1100206,2019,6,14,5,3,5,7,0,0,1,0,1,0,0,0,13.39463,52.51511
1,1100206,2019,6,10,5,3,5,3,0,1,1,0,0,0,0,0,13.38044,52.51809
11,11401137,2019,6,10,5,2,5,3,0,1,0,0,0,1,0,0,13.52461,52.49603
4,4400728,2019,6,12,5,3,2,6,0,1,1,0,0,0,0,0,13.2718,52.47984
3,3501038,2019,6,12,5,3,1,5,0,1,1,0,0,0,0,0,13.46787,52.55146
2,2200210,2019,6,12,5,3,0,3,0,1,0,0,0,1,0,0,13.39781,52.49539
4,4500936,2019,6,8,5,2,0,1,0,1,0,0,0,0,0,0,13.30379,52.49931
4,4200206,2019,6,16,5,3,5,3,0,1,0,0,0,0,1,0,13.22868,52.50425
6,6300634,2019,6,15,4,3,6,7,0,0,0,1,1,0,0,0,13.2892,52.43521
1,1300835,2019,6,11,4,3,6,4,0,1,0,1,0,0,0,0,13.39023,52.53554
1,1100308,2019,6,19,4,3,0,1,0,0,0,0,1,0,0,1,13.38258,52.53045
8,8100521,2019,6,19,4,3,0,1,1,1,0,0,0,0,0,1,13.47314,52.46456
3,3100103,2019,6,11,4,2,4,6,0,0,1,0,0,1,0,0,13.50632,52.63624
2,2200209,2019,6,8,4,3,0,1,0,0,0,0,1,0,0,1,13.3767,52.48922
1,1300733,2019,6,23,4,3,0,2,2,1,1,0,0,0,0,1,13.39148,52.55549
1,1300836,2019,6,22,4,3,0,3,2,0,1,0,1,0,0,1,13.3733,52.53804
12,12601134,2019,6,22,4,3,5,3,2,0,1,0,0,0,0,1,13.34114,52.60009
6,6100206,2019,6,15,4,3,5,2,0,0,1,0,1,0,0,0,13.33866,52.44902
10,10200417,2019,6,15,4,2,6,4,0,0,1,1,0,0,0,0,13.59189,52.54567
7,7400927,2019,6,15,4,3,0,7,0,0,1,0,0,0,1,0,13.39416,52.45669
1,1100205,2019,6,16,4,3,6,4,0,1,0,1,0,0,0,0,13.37897,52.50703
9,9501941,2019,6,18,4,3,5,2,0,1,1,0,0,0,0,1,13.57718,52.45577
9,9200819,2019,6,18,4,3,6,4,0,0,1,1,0,0,0,1,13.56412,52.43821
4,4300619,2019,6,18,4,3,5,3,0,1,1,0,0,0,0,1,13.30193,52.52129
11,11300826,2019,6,19,4,3,0,7,0,0,1,0,0,0,0,1,13.49162,52.51145
8,8100418,2019,6,18,4,3,5,2,0,0,0,0,1,0,1,0,13.45068,52.48006
5,5100208,2019,6,17,4,3,6,4,0,1,0,1,0,0,0,0,13.15468,52.55327
3,3601450,2019,6,16,4,3,6,4,0,1,0,1,0,0,0,0,13.45646,52.53016
3,3400830,2019,6,16,4,3,5,3,0,0,1,0,0,0,1,0,13.42756,52.56794
8,8100314,2019,6,22,4,3,2,6,2,0,1,0,0,0,0,1,13.42422,52.48669
3,3500933,2019,6,20,4,3,5,3,1,1,1,0,0,0,0,1,13.45271,52.55187
5,5200631,2019,6,16,4,3,2,6,0,0,1,0,0,0,0,0,13.17809,52.52547
1,1100205,2019,6,20,4,3,1,5,0,1,1,0,0,0,0,1,13.38076,52.5137
1,1300834,2019,6,19,4,2,5,7,0,0,1,0,0,0,1,1,13.39541,52.53915
8,8300934,2019,6,18,4,3,0,1,1,1,0,0,0,0,0,1,13.45834,52.4312
1,1100309,2019,6,10,4,3,1,5,0,1,1,0,0,0,1,0,13.40323,52.52484
6,6300634,2019,6,13,4,3,5,2,0,1,1,0,0,0,0,0,13.30727,52.43327
5,5100313,2019,6,14,4,3,5,2,0,1,1,0,0,0,0,0,13.20973,52.54781
6,6400737,2019,6,14,4,3,5,3,0,0,1,0,0,0,0,0,13.20746,52.43183
2,2100104,2019,6,12,4,3,2,6,0,1,1,0,0,0,0,0,13.41369,52.50043
2,2300419,2019,6,13,4,3,5,2,0,0,1,0,1,0,0,0,13.4474,52.49813
1,1200623,2019,6,13,4,3,5,3,0,1,1,0,0,0,0,0,13.35105,52.5298
4,4200311,2019,6,13,4,3,5,3,0,1,1,0,0,0,0,0,13.28147,52.51146
6,6200315,2019,6,15,4,3,5,2,0,1,1,0,0,0,0,0,13.34806,52.42391
4,4501152,2019,6,15,4,3,2,6,0,0,1,0,0,0,0,0,13.33098,52.49403
4,4300415,2019,6,12,4,2,5,3,0,1,1,0,0,0,0,0,13.29293,52.50932
6,6200422,2019,6,13,4,3,2,6,0,0,1,0,0,0,0,0,13.3375,52.41674
3,3501037,2019,6,10,4,3,5,7,0,0,1,0,0,0,1,0,13.47761,52.55574
1,1401044,2019,6,19,4,3,3,6,0,0,1,0,0,0,0,1,13.38066,52.55268
2,2200212,2019,6,19,4,3,0,5,0,1,1,0,0,0,0,1,13.41061,52.49082
11,11300620,2019,6,4,4,3,0,7,1,0,0,0,1,0,1,1,13.47949,52.52689
4,4400835,2019,6,5,4,3,0,3,0,0,1,0,1,0,0,1,13.32003,52.47434
1,1100206,2019,6,6,4,3,5,3,0,0,1,0,0,0,0,1,13.39164,52.51222
9,9200512,2019,6,6,4,3,5,3,0,0,1,0,0,0,0,0,13.52054,52.46542
10,10100311,2019,6,10,4,3,5,3,0,1,1,0,0,0,0,0,13.51947,52.53538
4,4300620,2019,6,6,4,3,2,7,0,0,0,0,1,1,0,1,13.32758,52.52066
4,4500939,2019,6,7,4,3,5,7,0,0,1,0,0,0,0,0,13.30797,52.48847
11,11300620,2019,6,7,4,3,5,2,0,1,1,0,0,0,0,0,13.48181,52.52679
5,5200526,2019,6,8,4,3,5,2,0,1,1,0,0,0,0,1,13.1616,52.52354
2,2200210,2019,6,9,4,3,3,6,0,1,0,0,0,0,0,0,13.39247,52.49603
1,1100310,2019,6,9,4,3,5,2,0,1,1,0,0,0,0,0,13.40975,52.52402
9,9401534,2019,6,9,4,3,2,6,0,0,1,0,0,1,0,0,13.58047,52.4434
2,2300314,2019,6,9,4,3,5,2,0,0,1,0,1,0,0,0,13.4215,52.49816
6,6300629,2019,6,8,4,3,5,3,0,1,1,0,0,0,0,0,13.29383,52.44559
4,4300518,2019,6,9,4,3,6,4,0,0,1,1,0,0,0,0,13.3061,52.52649
3,3601453,2019,6,8,4,3,1,5,0,0,1,0,0,0,0,0,13.46734,52.52299
3,3601245,2019,6,9,4,3,2,6,0,1,0,0,0,0,1,0,13.43122,52.55094
7,7400826,2019,6,8,4,3,6,4,0,1,0,1,0,0,0,0,13.376,52.45497
12,12601134,2019,6,8,4,3,5,3,0,0,1,0,0,0,1,0,13.34134,52.59999
4,4501040,2019,6,8,4,3,0,1,0,0,0,0,1,0,0,0,13.30791,52.50001
3,3400619,2019,6,15,3,3,2,6,0,0,1,0,0,0,0,0,13.38216,52.59113
1,1401044,2019,6,18,3,3,2,6,0,1,1,0,0,0,0,0,13.37938,52.55286
1,1300733,2019,6,14,3,3,6,7,0,1,0,1,0,0,0,0,13.39008,52.55334
8,8100313,2019,6,14,3,3,2,6,0,0,1,0,0,0,0,0,13.44024,52.48951
1,1100102,2019,6,12,3,3,6,7,0,1,0,1,0,0,0,0,13.37592,52.51957
5,5200527,2019,6,19,3,3,5,3,0,0,1,0,0,0,0,0,13.17468,52.52021
1,1100207,2019,6,18,3,3,2,6,0,1,1,0,0,0,0,0,13.39033,52.50786
3,3601141,2019,6,17,3,3,2,6,0,0,0,0,1,1,0,0,13.41405,52.55363
1,1401047,2019,6,18,3,3,0,7,0,0,1,0,0,0,1,0,13.351,52.54106
5,5200632,2019,6,18,3,3,2,6,0,0,1,0,0,0,0,0,13.21192,52.52736
2,2400624,2019,6,18,3,3,5,3,0,0,1,0,0,0,0,0,13.4466,52.51133
4,4501041,2019,6,18,3,3,6,2,0,0,1,1,0,0,0,0,13.31505,52.50106
11,11401137,2019,6,17,3,2,5,3,0,1,0,0,0,0,0,0,13.52005,52.50479
3,3601142,2019,6,17,3,3,6,4,0,1,0,1,0,0,0,0,13.40952,52.54735
1,1100102,2019,6,17,3,3,5,2,0,1,1,0,0,0,0,0,13.3591,52.50986
1,1300836,2019,6,17,3,3,2,6,0,0,1,0,0,0,0,0,13.37563,52.54033
11,11501340,2019,6,16,3,3,6,7,0,1,0,1,0,0,0,0,13.52702,52.48733
9,9501941,2019,6,15,3,3,5,2,0,0,1,0,1,0,0,0,13.58015,52.45553