BEZ,LOR_ab_2021,UJAHR,UMONAT,USTUNDE,UWOCHENTAG,UKATEGORIE,UART,UTYP1,ULICHTVERH,IstRad,IstPKW,IstFuss,IstKrad,IstGkfz,IstSonstige,USTRZUSTAND,XGCSWGS84,YGCSWGS84
8,8100206,2019,6,15,3,3,2,7,0,0,1,0,1,0,0,0,13.42426,52.48524
7,7601236,2019,6,10,2,2,8,1,0,0,1,0,0,0,0,0,13.35965,52.41904
4,4501152,2019,6,15,3,3,2,6,0,0,1,0,0,0,0,0,13.33103,52.49497
11,11400931,2019,6,8,2,3,0,7,0,0,0,0,1,1,0,1,13.49788,52.50092
12,12200411,2019,6,14,3,3,1,5,0,1,1,0,0,0,1,0,13.32624,52.56455
3,3400830,2019,6,10,2,3,0,1,0,1,0,0,0,0,0,0,13.41848,52.56896
9,9100305,2019,6,14,3,3,5,2,0,0,1,0,0,0,0,0,13.48126,52.4608
2,2200210,2019,6,19,2,3,5,2,0,1,1,0,0,0,0,0,13.39501,52.49633
5,5200421,2019,6,19,2,3,2,7,0,0,0,0,1,0,1,0,13.14505,52.53483
5,5300737,2019,6,14,3,3,1,5,0,1,1,0,0,0,0,0,13.23699,52.54216
12,12601031,2019,6,13,3,3,3,6,0,0,1,0,1,0,0,0,13.33463,52.60361
1,1401044,2019,6,19,2,3,5,2,0,1,1,0,0,0,0,0,13.3698,52.55295
2,2400521,2019,6,21,2,2,9,1,1,0,0,0,1,0,0,0,13.42777,52.51799
11,11100206,2019,6,17,3,3,8,1,0,0,1,0,0,0,0,0,13.50368,52.57573
3,3601142,2019,6,18,2,2,0,1,0,0,0,0,1,0,0,0,13.40797,52.5418
1,1100101,2019,6,9,3,3,3,6,0,1,0,0,0,0,1,0,13.34087,52.50527
10,10400939,2019,6,18,2,3,5,3,0,0,1,0,0,0,1,0,13.61315,52.50551
6,6300632,2019,6,18,2,3,5,3,0,1,1,0,0,0,0,0,13.28085,52.42956
2,2500726,2019,6,17,2,3,5,3,0,0,1,0,0,1,0,0,13.44898,52.52431
1,1200520,2019,6,10,3,3,2,6,0,1,1,0,0,0,0,0,13.34319,52.52729
1,1200517,2019,6,17,2,3,5,7,0,0,1,0,1,0,0,0,13.3266,52.5371
4,4400834,2019,6,10,3,3,0,6,0,0,1,0,0,0,1,0,13.30884,52.47832
2,2200208,2019,6,18,2,3,5,2,0,1,1,0,0,0,0,0,13.38975,52.49591
9,9200715,2019,6,16,2,3,2,2,0,0,1,0,0,0,0,0,13.53884,52.43432
1,1100206,2019,6,10,3,3,8,1,0,1,1,0,0,0,0,0,13.38877,52.51741
12,12100103,2019,6,16,2,3,5,2,0,1,0,0,0,0,1,0,13.35923,52.57425
7,7601545,2019,6,17,2,3,8,1,0,0,1,0,0,0,0,0,13.41947,52.39477
9,9501941,2019,6,11,3,3,0,2,0,1,0,0,0,0,0,0,13.59315,52.4534
5,5200524,2019,6,7,2,2,6,4,0,0,1,1,0,0,0,0,13.13333,52.52864
5,5100211,2019,6,13,3,3,5,3,0,0,1,0,0,0,0,0,13.16876,52.54142
12,12500930,2019,6,7,2,3,0,2,0,1,0,0,0,1,0,0,13.33971,52.58811
1,1100207,2019,6,7,2,2,5,3,0,0,1,0,1,0,0,0,13.39005,52.50947
7,7200411,2019,6,11,3,3,0,7,0,0,0,0,1,0,0,1,13.35594,52.48611
6,6200422,2019,6,12,3,2,2,2,0,0,1,0,1,0,0,0,13.33544,52.42272
10,10300731,2019,6,7,2,3,5,2,0,0,1,0,1,0,0,0,13.56552,52.53429
3,3100101,2019,6,7,2,3,2,6,0,0,1,0,0,0,0,0,13.48458,52.64845
11,11100204,2019,6,10,3,2,2,7,0,0,1,0,0,0,0,0,13.51497,52.56733
6,6100102,2019,6,6,2,3,5,3,0,1,1,0,0,0,0,0,13.32442,52.46047
9,9200715,2019,6,9,3,2,5,2,0,1,1,0,0,0,0,0,13.55198,52.42832
12,12601235,2019,6,5,2,3,5,3,0,0,1,0,0,0,0,0,13.36152,52.59697
3,3400619,2019,6,9,3,3,9,1,0,0,1,0,0,0,0,0,13.3746,52.58432
2,2500833,2019,6,3,2,3,0,1,2,1,0,0,0,0,0,0,13.45758,52.50956
12,12200411,2019,6,19,3,3,0,4,1,0,0,1,0,0,1,0,13.32702,52.56332
8,8100419,2019,6,10,2,3,5,3,0,0,1,0,0,0,0,0,13.44894,52.48504
4,4300517,2019,6,10,2,3,2,6,0,0,1,0,0,0,0,0,13.29722,52.52638
4,4400726,2019,6,22,3,3,2,6,2,0,1,0,0,0,0,1,13.28506,52.49495
2,2300417,2019,6,8,3,3,1,5,0,1,1,0,0,0,0,0,13.43828,52.49434
9,9401330,2019,6,10,2,3,5,3,0,1,1,0,0,0,0,0,13.59193,52.41419
12,12100101,2019,6,9,3,3,1,5,0,1,1,0,0,0,0,0,13.37727,52.56167
11,11300619,2019,6,9,2,3,1,5,0,0,1,0,0,0,0,0,13.46798,52.52831
8,8200624,2019,6,9,3,3,5,3,0,0,1,0,1,0,0,0,13.42802,52.45936
6,6200421,2019,6,9,2,3,5,7,0,0,1,0,0,0,0,0,13.31751,52.43083
1,1100102,2019,6,8,3,2,3,6,0,1,0,0,0,1,0,0,13.35476,52.50969
9,9200510,2019,6,9,2,2,5,2,0,0,1,0,0,0,1,0,13.50879,52.46364
3,3300516,2019,6,6,3,3,2,6,0,0,1,0,0,0,0,0,13.44323,52.56538
6,6400844,2019,6,8,2,3,5,3,0,0,1,0,1,0,0,0,13.27227,52.45351
7,7100206,2019,6,9,2,3,5,2,0,1,0,0,0,0,1,0,13.36431,52.49393
5,5300841,2019,6,4,3,3,2,2,1,0,1,0,0,0,0,1,13.24791,52.5488
11,11400931,2019,6,8,2,3,5,3,0,1,1,0,0,0,0,1,13.5077,52.50314
2,2300314,2019,6,8,3,3,0,1,0,0,0,0,1,0,0,0,13.42075,52.50336
12,12200307,2019,6,16,2,3,0,2,0,0,1,0,0,0,1,0,13.33001,52.56923
11,11300724,2019,6,16,2,3,5,7,0,0,0,0,1,0,1,0,13.48453,52.51894
7,7400826,2019,6,8,3,3,0,7,0,1,0,0,0,0,0,0,13.37106,52.45394
1,1100311,2019,6,11,2,3,5,2,0,1,0,0,0,0,1,0,13.41822,52.51738
4,4400832,2019,6,15,2,3,2,6,0,0,1,0,0,0,0,0,13.28957,52.47018
1,1200517,2019,6,11,2,2,5,3,0,1,1,0,0,0,0,0,13.3283,52.53486
1,1400942,2019,6,17,2,3,0,5,0,0,1,0,0,0,1,0,13.34995,52.54958
2,2100106,2019,6,11,2,3,5,2,0,0,1,0,0,0,0,0,13.40666,52.49844
7,7601442,2019,6,16,2,2,5,2,0,0,1,0,0,0,1,0,13.40091,52.41453
6,6400844,2019,6,11,2,3,5,2,0,1,1,0,0,0,0,0,13.27217,52.45361
3,3400830,2019,6,12,2,3,2,2,0,0,1,0,0,0,0,0,13.42895,52.57204
8,8100418,2019,6,16,2,3,5,2,0,1,1,0,0,0,0,0,13.44805,52.47807
10,10200524,2019,6,16,2,3,4,6,0,1,0,0,0,0,0,0,13.60623,52.53441
5,5400942,2019,6,16,2,3,6,7,0,0,1,1,0,0,0,0,13.15953,52.46214
8,8100104,2019,6,14,2,3,2,6,0,0,1,0,0,0,0,0,13.4315,52.46638
7,7400927,2019,6,13,2,2,5,3,0,1,0,0,0,0,0,0,13.41107,52.45677
4,4400835,2019,6,13,2,3,5,3,0,0,1,0,0,0,0,0,13.32027,52.47668
3,3601449,2019,6,14,2,3,1,5,0,1,1,0,0,0,0,0,13.44738,52.53818
3,3601244,2019,6,14,2,2,0,7,0,0,0,0,1,0,0,1,13.42713,52.55223
4,4300414,2019,6,16,2,3,5,3,0,0,1,0,0,0,0,0,13.29735,52.51096
11,11200514,2019,6,14,2,3,5,3,0,1,1,0,0,0,0,0,13.47821,52.53607
2,2200212,2019,6,17,2,3,5,2,0,0,1,0,1,0,0,0,13.41577,52.49046
12,12200411,2019,6,15,2,3,2,6,0,0,1,0,1,0,0,0,13.31658,52.56681
3,3400619,2019,6,22,2,3,5,3,2,0,1,0,0,1,0,0,13.36983,52.58932
8,8100207,2019,6,14,2,3,6,7,0,0,1,1,0,0,0,0,13.43582,52.47876
10,10200629,2019,6,19,2,3,5,3,0,0,1,0,0,0,0,0,13.58622,52.51675
8,8401241,2019,6,15,2,3,0,2,0,0,1,0,1,0,0,0,13.47301,52.43753
3,3701657,2019,6,19,2,2,0,3,0,1,0,0,0,0,0,0,13.42881,52.53979
10,10100311,2019,6,15,2,3,0,2,0,1,0,0,0,0,1,0,13.51939,52.51804
7,7601236,2019,6,15,2,3,6,4,0,0,0,1,0,0,1,0,13.36164,52.41574
5,5200629,2019,6,18,2,3,0,5,0,0,1,0,1,0,0,0,13.19807,52.53156
4,4300518,2019,6,15,2,3,5,3,0,1,1,0,0,0,0,0,13.31185,52.52458
5,5200629,2019,6,16,2,2,5,2,0,0,1,0,1,0,0,0,13.18499,52.5342
8,8100209,2019,6,14,2,3,5,2,0,1,1,0,0,0,0,0,13.44034,52.46742
7,7601341,2019,6,11,2,3,0,1,0,1,0,0,0,0,0,0,13.36878,52.40976
5,5200528,2019,6,14,2,3,0,3,0,0,1,0,0,0,0,0,13.18285,52.51273
8,8100310,2019,6,7,2,3,0,1,0,0,0,0,1,0,0,1,13.44426,52.48482
8,8401243,2019,6,15,2,3,5,3,0,0,1,0,0,0,0,0,13.49798,52.43045
4,7200308,2019,6,14,2,3,1,5,0,1,1,0,0,0,0,0,13.32034,52.46707
2,2200210,2019,6,0,2,3,5,3,2,1,1,0,0,0,0,0,13.40265,52.49396
4,4100101,2019,6,0,2,3,3,6,2,1,1,0,0,0,0,0,13.27297,52.54379
12,12200515,2019,6,15,2,3,5,3,0,1,1,0,0,0,0,0,13.28661,52.59133
1,1300834,2019,6,16,1,3,3,6,0,0,1,0,0,0,0,0,13.38971,52.54653
9,9100305,2019,6,10,1,3,5,2,0,0,1,0,1,0,0,0,13.48127,52.46081
11,11100204,2019,6,14,1,3,2,2,0,0,1,0,0,0,0,0,13.51522,52.56713
1,1400938,2019,6,4,1,3,9,1,1,0,1,0,0,0,0,0,13.3492,52.55196
3,3400723,2019,6,20,1,3,0,7,0,0,1,0,1,0,0,0,13.41925,52.57425
2,2500830,2019,6,19,1,3,5,3,0,1,1,0,0,0,0,0,13.47036,52.50626
3,3200207,2019,6,13,1,3,1,5,0,1,1,0,0,0,0,0,13.40762,52.58552
8,8200727,2019,6,18,1,3,5,2,0,0,1,0,0,0,0,0,13.43622,52.44891
2,2300314,2019,6,18,1,3,5,7,0,1,1,0,0,0,0,0,13.42111,52.49827
4,4501146,2019,6,14,1,3,1,5,0,1,1,0,0,0,0,0,13.31723,52.48651
3,3701554,2019,6,17,1,3,3,6,0,1,1,0,0,0,0,0,13.40743,52.53638
6,6300630,2019,6,16,1,3,2,7,0,0,1,0,1,0,0,0,13.31571,52.43469
11,11400927,2019,6,17,1,3,2,6,0,0,1,0,1,0,0,0,13.47897,52.50288
8,8100102,2019,6,16,1,3,6,7,0,1,0,1,0,0,0,0,13.42744,52.47429
1,1100103,2019,6,17,1,3,5,2,0,1,0,0,1,0,0,0,13.35295,52.50239
5,5100314,2019,6,16,1,3,0,1,0,1,1,0,0,0,0,0,13.20356,52.54545
12,12100205,2019,6,14,1,2,6,4,0,0,1,1,0,0,0,0,13.35698,52.56915
4,4100101,2019,6,16,1,2,1,5,0,0,1,0,1,0,0,0,13.28351,52.53365
7,7601544,2019,6,16,1,3,3,6,0,1,1,0,0,0,0,0,13.40377,52.38668
4,4500938,2019,6,12,1,2,5,2,0,1,1,0,0,0,0,0,13.29622,52.49794
5,5200634,2019,6,11,1,2,6,4,0,0,1,1,0,0,0,0,13.19721,52.5126
1,1300836,2019,6,16,1,3,1,5,0,1,1,0,0,0,0,0,13.38131,52.54688
9,9200715,2019,6,15,1,3,5,2,0,1,1,0,0,0,0,0,13.55182,52.42843
8,8100310,2019,6,15,1,3,5,2,0,0,1,0,0,0,0,0,13.43157,52.48571
5,5400942,2019,6,14,1,3,2,6,0,0,1,0,0,0,0,0,13.16257,52.46499
12,12100101,2019,6,11,1,2,5,2,0,0,1,0,0,0,0,0,13.3645,52.56268
9,9200717,2019,6,14,1,3,0,1,0,1,0,0,0,0,0,0,13.54948,52.43842
7,7100101,2019,6,14,1,2,3,1,0,1,1,0,0,0,0,0,13.34234,52.49433
1,1100415,2019,6,5,1,3,0,1,0,1,0,0,0,0,0,0,13.3989,52.53261
3,3400830,2019,6,13,1,2,1,5,0,1,1,0,0,0,0,0,13.4116,52.56271
6,6300528,2019,6,12,1,3,0,1,0,0,0,0,1,0,0,0,13.24911,52.41932
6,6400838,2019,6,16,1,3,0,1,0,1,0,0,0,0,0,0,13.22194,52.44097
12,12601134,2019,6,10,1,2,5,3,0,0,1,0,0,0,0,0,13.34108,52.59997
8,8100310,2019,6,1,1,3,5,3,2,1,1,0,0,0,0,0,13.43035,52.4862
2,2200208,2019,6,2,1,2,0,1,2,0,0,0,1,0,0,0,13.37983,52.49724
2,2200212,2019,6,1,1,3,2,6,2,1,1,0,0,0,0,0,13.41096,52.48867
6,6200313,2019,6,21,1,3,0,4,2,0,0,1,0,0,1,0,13.34503,52.43586
6,6100207,2019,6,18,1,3,5,3,0,0,1,0,1,0,0,0,13.31537,52.45239
8,8100310,2019,6,1,1,3,5,2,2,1,1,0,0,0,0,0,13.44065,52.48209
4,4100102,2019,6,1,1,3,0,1,2,1,0,0,0,0,0,0,13.2942,52.53358
8,8100310,2019,6,3,7,3,6,4,2,0,0,1,1,0,0,0,13.43613,52.48377
4,4300414,2019,6,12,7,3,2,6,0,0,1,0,0,0,0,0,13.29976,52.51925
11,11200512,2019,6,10,7,3,6,4,0,0,1,1,0,0,0,0,13.4945,52.5457
10,10400940,2019,6,9,7,3,5,2,0,1,1,0,0,0,0,0,13.60093,52.4792
2,2100106,2019,6,15,7,3,1,5,0,1,0,0,0,0,0,0,13.40602,52.49763
3,3601244,2019,6,19,7,3,2,6,0,0,1,0,0,0,0,0,13.42765,52.55198
8,8100314,2019,6,16,7,3,5,2,0,0,1,0,1,0,0,0,13.42438,52.48617
1,2100104,2019,6,16,7,3,2,2,0,1,1,0,0,0,0,0,13.41167,52.50483
3,3500935,2019,6,14,7,3,5,3,0,1,0,0,0,0,0,0,13.44918,52.55056
2,2400521,2019,6,14,7,3,5,3,0,1,1,0,0,0,0,0,13.42998,52.51022
3,3400723,2019,6,13,7,3,6,7,0,1,0,1,0,0,0,0,13.39645,52.56424
10,10100206,2019,6,15,7,3,2,7,0,0,1,0,0,0,0,0,13.56204,52.56158
8,8100310,2019,6,12,7,3,3,6,0,1,1,0,0,0,0,0,13.4358,52.491
7,7400826,2019,6,15,7,3,0,3,0,0,0,0,1,0,1,0,13.37714,52.45368
9,9501941,2019,6,12,7,3,6,4,0,0,1,1,0,0,0,0,13.58066,52.45698
4,4501042,2019,6,15,7,3,5,3,0,1,1,0,0,0,0,0,13.33143,52.50302
12,12200515,2019,6,12,7,3,5,7,0,0,1,0,0,0,0,0,13.28563,52.58376
12,12500824,2019,6,17,7,3,0,7,0,0,1,0,0,0,0,0,13.2831,52.59827
4,4300414,2019,6,18,7,3,1,5,0,1,1,0,0,0,0,0,13.289,52.51114
4,4501045,2019,6,9,7,3,5,3,0,1,1,0,0,0,0,0,13.32679,52.49823
10,10400940,2019,6,18,7,3,0,1,0,0,0,0,1,0,0,0,13.59886,52.48172
9,9100407,2019,6,14,7,3,0,1,0,1,0,0,0,0,0,0,13.50279,52.44335
7,7300619,2019,6,21,7,2,9,1,0,0,0,0,1,0,0,0,13.34882,52.45919
4,4500938,2019,6,20,7,3,5,2,0,0,1,0,1,0,0,0,13.29645,52.49262
2,2100101,2019,6,13,7,2,6,7,0,0,1,1,0,0,0,0,13.38672,52.50269
5,5200632,2019,6,18,7,2,2,6,0,0,1,0,1,0,0,0,13.20226,52.53151
1,1300835,2019,6,13,7,3,0,1,0,1,0,0,0,0,0,0,13.38971,52.53513
7,7200411,2019,6,7,7,3,2,2,0,1,0,0,0,0,0,0,13.35649,52.49022
2,2500833,2019,6,15,7,2,5,2,0,1,0,0,0,0,1,0,13.45242,52.51248
4,4300622,2019,6,3,7,3,1,5,2,0,1,0,1,0,0,0,13.32989,52.51032
12,12100205,2019,6,11,7,3,0,2,0,0,1,0,0,0,1,0,13.35134,52.56745
8,8200833,2019,6,13,7,3,5,3,0,0,1,0,1,0,0,0,13.44662,52.42076
12,12500930,2019,6,12,7,2,5,3,0,1,1,0,0,0,0,0,13.32502,52.58875
12,12601235,2019,6,11,7,2,0,7,0,0,1,0,0,0,1,0,13.35812,52.59679
11,11300721,2019,6,11,7,3,0,7,0,1,0,0,0,0,0,0,13.50401,52.53447
9,9501736,2019,6,12,7,3,0,7,0,1,0,0,0,0,0,0,13.59962,52.45199
4,4500936,2019,6,3,7,3,5,3,1,0,1,0,1,0,0,0,13.30687,52.50084
9,9200715,2019,6,11,7,3,5,2,0,1,1,0,0,0,0,0,13.55175,52.42848
6,6400841,2019,6,21,7,3,5,3,2,0,1,0,0,0,0,0,13.2653,52.44215
3,3601142,2019,6,11,7,3,5,2,0,1,1,0,0,0,0,0,13.41335,52.5487
3,3400723,2019,6,9,7,3,0,1,0,1,0,0,0,0,0,0,13.39139,52.56801
6,6200311,2019,6,20,7,3,1,5,0,1,1,0,0,0,0,0,13.3533,52.44151
10,10400837,2019,6,20,7,3,2,2,0,1,1,0,0,0,0,0,13.57283,52.48745
12,12400618,2019,6,10,7,3,2,3,0,0,1,0,0,0,0,0,13.23534,52.61312
7,7100102,2019,6,10,7,3,7,7,0,1,0,0,0,0,1,0,13.35429,52.49977
2,2200212,2019,6,19,7,3,2,6,0,0,1,0,0,0,0,0,13.41471,52.48806
6,6100205,2019,6,2,7,3,0,1,2,1,0,0,0,0,0,0,13.34721,52.44995
4,4400726,2019,6,11,7,3,1,5,0,1,1,0,0,0,0,0,13.28291,52.48429
1,1100308,2019,6,16,6,3,0,1,0,1,0,0,0,0,0,0,13.37712,52.52218
6,6100102,2019,6,15,6,3,0,1,0,0,0,0,1,0,0,0,13.32287,52.46077
5,5200423,2019,6,19,7,2,6,4,0,0,1,1,0,0,0,0,13.15503,52.53293
4,4200310,2019,6,9,6,3,5,3,0,0,1,0,1,0,0,0,13.26073,52.51627
9,9401534,2019,6,19,7,3,5,3,0,1,1,0,0,0,0,0,13.57542,52.44749
9,9100407,2019,6,15,6,2,5,3,0,0,1,0,1,0,0,0,13.50252,52.45568
3,3601244,2019,6,18,7,2,5,3,0,0,1,0,0,0,0,0,13.42405,52.55289
4,4200310,2019,6,15,6,3,2,6,0,0,1,0,0,0,0,0,13.26221,52.5153
4,4501152,2019,6,18,7,3,5,2,0,1,1,0,0,0,0,0,13.33103,52.48908
5,5300735,2019,6,14,6,3,2,6,0,0,1,0,0,0,0,0,13.22437,52.53727
7,7300619,2019,6,14,6,3,0,6,0,0,1,0,1,0,0,0,13.34748,52.46941
5,5100101,2019,6,17,7,3,2,6,0,0,1,0,1,0,0,0,13.2112,52.56836
6,6100101,2019,6,17,7,3,5,3,0,1,1,0,0,0,0,0,13.31848,52.45453
4,4400835,2019,6,13,6,2,5,3,0,0,1,0,0,0,1,0,13.31133,52.46821
1,1100310,2019,6,9,6,3,6,4,0,0,1,1,0,0,0,0,13.4179,52.51468
1,1300834,2019,6,19,7,3,2,6,0,0,1,0,1,0,0,0,13.38799,52.54851
9,9401433,2019,6,12,6,3,5,3,0,1,1,0,0,0,0,0,13.6059,52.44042
3,3300516,2019,6,16,7,3,5,2,0,0,1,0,0,0,0,0,13.44308,52.57108
1,1200520,2019,6,14,6,3,2,6,0,0,1,0,0,0,0,0,13.34113,52.52629
2,2500830,2019,6,16,7,3,1,5,0,1,1,0,0,0,0,0,13.45618,52.51333
1,1100310,2019,6,16,6,3,4,6,0,1,0,0,0,0,0,0,13.41208,52.52071
5,5100316,2019,6,9,6,2,6,7,0,0,0,1,0,0,1,0,13.20322,52.5372
9,9501941,2019,6,15,6,3,2,6,0,0,1,0,0,0,0,0,13.57238,52.45122
4,4400727,2019,6,9,6,3,1,5,0,0,1,0,0,1,0,0,13.29439,52.48835
5,5100313,2019,6,16,6,3,0,1,0,1,0,0,0,0,0,0,13.22113,52.54906
12,12200411,2019,6,17,6,3,2,5,0,0,1,0,1,0,0,0,13.31604,52.56702
9,9401329,2019,6,9,6,3,5,3,0,1,1,0,0,0,0,0,13.58797,52.42214
1,1100309,2019,6,8,6,3,5,2,0,1,0,0,0,0,1,0,13.39539,52.52436
1,1100311,2019,6,9,6,3,5,2,0,1,1,0,0,0,0,0,13.41822,52.51739
5,5100210,2019,6,8,6,3,2,6,0,0,1,0,0,0,0,0,13.19123,52.54624
7,7400927,2019,6,11,6,3,6,4,0,1,0,1,0,0,0,0,13.39017,52.46575
1,1401047,2019,6,8,6,3,5,3,0,1,1,0,0,0,0,0,13.35115,52.54095
7,7100101,2019,6,19,6,3,5,7,0,0,1,0,1,0,0,0,13.34367,52.50151
3,3601450,2019,6,8,6,3,6,7,0,0,1,1,0,0,0,0,13.45317,52.53352
2,2200209,2019,6,18,6,3,5,3,0,1,1,0,0,0,0,0,13.38753,52.49307
7,7601238,2019,6,8,6,3,5,3,0,0,1,0,1,0,0,0,13.38374,52.41931
6,6400843,2019,6,7,6,3,5,2,0,0,1,0,1,0,0,0,13.30165,52.45662
12,12200414,2019,6,17,6,3,2,2,0,0,1,0,0,0,0,0,13.2955,52.55018
9,9200715,2019,6,17,6,3,5,2,0,1,1,0,0,0,0,0,13.5285,52.43036
6,6400838,2019,6,5,6,3,2,6,1,0,1,0,0,1,0,0,13.23896,52.44172
8,8100314,2019,6,23,6,3,1,5,2,1,1,0,0,0,0,0,13.43729,52.48118
3,3400723,2019,6,8,6,3,6,2,0,0,1,1,0,0,0,0,13.40633,52.56539
1,1100310,2019,6,21,6,3,6,4,1,0,1,1,0,0,0,0,13.41217,52.52425
4,4200311,2019,6,8,6,3,5,2,0,0,1,0,0,0,0,0,13.27687,52.50708
1,1100310,2019,6,20,6,3,5,2,1,0,1,0,0,0,0,0,13.41174,52.52397
2,2200209,2019,6,1,6,2,5,3,2,1,1,0,0,0,0,0,13.38759,52.49306
4,4200310,2019,6,8,6,3,5,2,0,1,1,0,0,0,0,0,13.27735,52.51062
1,1100205,2019,6,0,6,3,5,3,2,1,1,0,0,0,0,0,13.38567,52.50743
1,1100309,2019,6,18,6,2,0,7,0,1,0,0,0,0,0,0,13.39052,52.52785
10,10100312,2019,6,7,6,3,5,3,0,1,1,0,0,0,0,0,13.53945,52.53448
1,1100311,2019,6,18,6,3,6,4,0,0,1,1,0,0,0,0,13.41773,52.51815
11,11501238,2019,6,18,6,3,5,2,0,1,1,0,0,0,0,0,13.4806,52.49902
5,5200526,2019,6,7,6,3,3,6,0,0,1,0,1,0,0,0,13.15573,52.52156
7,7601341,2019,6,18,6,3,5,2,0,1,1,0,0,0,0,0,13.37605,52.40912
1,1100206,2019,6,6,6,3,5,2,0,1,1,0,0,0,0,0,13.38091,52.51637
1,1200517,2019,6,17,6,2,3,6,0,0,1,0,1,0,0,0,13.34484,52.53898
2,2500833,2019,6,3,6,3,1,5,2,1,1,0,0,0,0,0,13.46102,52.50875
2,2500830,2019,6,18,6,3,2,6,0,1,1,0,0,0,0,0,13.46845,52.51108
8,8100521,2019,6,17,6,3,1,5,0,1,1,0,0,0,1,0,13.45675,52.47352
2,2100106,2019,6,17,6,3,5,2,0,1,1,0,0,0,0,0,13.41217,52.49875
12,12400723,2019,6,17,6,3,2,6,0,0,1,0,0,0,0,0,13.30088,52.61575
5,5100315,2019,6,19,6,3,5,3,0,0,1,0,0,0,0,0,13.19605,52.54787
3,3200309,2019,6,7,6,3,5,3,0,0,1,1,0,0,0,0,13.43371,52.61244
7,7601545,2019,6,18,6,3,8,1,0,1,0,0,0,0,0,0,13.42306,52.39498
1,1300730,2019,6,9,6,3,3,6,0,1,0,0,0,1,0,0,13.39293,52.56429
7,7501030,2019,6,8,6,3,5,3,0,0,1,0,0,0,1,0,13.3797,52.44166
1,1100415,2019,6,17,5,2,2,6,0,1,0,0,0,0,0,0,13.38632,52.53291
6,6400840,2019,6,22,6,3,1,1,2,0,1,0,0,0,0,0,13.25909,52.45144
3,3601244,2019,6,8,5,3,5,3,0,1,1,0,0,0,0,0,13.42493,52.54701
1,1200522,2019,6,21,6,2,5,2,0,1,1,0,0,0,0,0,13.32963,52.52379
6,6400737,2019,6,17,5,2,5,3,0,0,1,0,0,0,0,0,13.19085,52.43457
12,12200310,2019,6,20,6,2,5,3,0,0,1,0,1,0,0,0,13.31186,52.56788
7,7400823,2019,6,17,5,3,0,6,0,0,1,0,1,0,0,0,13.37789,52.46894
10,10200628,2019,6,17,5,3,6,4,0,0,1,1,0,0,0,0,13.59551,52.52874
2,2100106,2019,6,18,6,2,6,4,0,1,0,1,0,0,0,0,13.41386,52.49845
8,8100314,2019,6,13,6,3,6,4,0,0,0,1,0,1,0,0,13.43499,52.48312
1,1400938,2019,6,13,1,3,1,5,0,1,1,0,0,0,0,0,13.33745,52.55199
8,8100102,2019,6,12,1,3,3,6,0,1,1,0,0,0,0,0,13.42624,52.47734
6,6400842,2019,6,18,1,3,2,6,0,0,1,0,0,0,0,0,13.24803,52.46741
5,5200629,2019,6,21,1,2,8,1,1,0,1,0,0,0,0,0,13.19886,52.53274
1,1100416,2019,6,18,1,3,0,1,0,0,0,0,1,0,0,0,13.40567,52.53459
11,11501339,2019,6,20,7,3,0,7,0,1,0,0,0,0,0,0,13.52755,52.49019
10,10400938,2019,6,15,7,3,0,1,0,0,0,0,1,0,0,0,13.64316,52.52933
6,6400737,2019,6,12,7,3,1,7,0,0,1,0,0,0,0,0,13.21516,52.43884
4,4200310,2019,6,19,7,3,2,2,0,0,1,0,0,0,1,0,13.27327,52.51314
8,8100521,2019,6,15,7,3,5,2,0,0,1,0,0,0,0,0,13.47105,52.46606
2,2100101,2019,6,15,7,3,5,3,0,0,1,0,0,0,0,0,13.38726,52.50428
8,8200624,2019,6,15,7,3,5,3,0,0,1,0,1,0,0,0,13.42741,52.45225
7,7501031,2019,6,16,7,3,5,2,0,0,1,0,1,0,0,0,13.4001,52.44503
11,11400927,2019,6,16,7,3,3,6,0,1,1,0,0,0,0,0,13.47355,52.50311
3,3400830,2019,6,17,7,3,5,3,0,1,1,0,0,0,0,0,13.42774,52.56059
8,8200727,2019,6,17,7,3,2,6,0,0,1,0,0,0,0,0,13.43546,52.44785
7,7100101,2019,6,19,7,3,5,3,0,1,1,0,0,0,0,0,13.34369,52.50148
4,4501042,2019,6,20,7,3,2,6,0,0,1,0,0,0,0,0,13.32782,52.50313
11,11300724,2019,6,20,7,3,5,3,0,1,0,0,0,0,1,0,13.47959,52.52297
11,11400927,2019,6,21,7,3,0,1,1,1,1,0,0,0,0,0,13.47168,52.50478
2,2100106,2019,6,21,7,3,2,6,1,0,1,0,1,0,0,0,13.41732,52.49901
1,1100309,2019,6,14,7,3,5,3,0,1,1,0,0,0,0,0,13.39547,52.52433
12,12200414,2019,6,12,7,3,1,1,0,0,1,0,0,0,0,0,13.25796,52.56778
10,10300731,2019,6,11,7,3,5,3,0,0,1,0,0,0,0,0,13.55113,52.5161
4,4500938,2019,6,11,7,3,0,5,0,0,1,0,0,0,1,0,13.30111,52.49881
6,6300524,2019,6,10,7,3,5,3,0,0,1,0,0,1,0,0,13.24011,52.4245
11,11501339,2019,6,16,7,3,5,2,0,0,0,0,0,0,1,0,13.52709,52.49214
9,9301025,2019,6,10,7,3,5,3,0,0,1,0,1,0,0,0,13.55017,52.39951
11,11400931,2019,6,9,7,3,5,3,0,1,1,0,0,0,0,0,13.51127,52.50422
1,1300834,2019,6,2,7,3,6,4,2,0,0,1,0,0,1,0,13.38775,52.5487
10,10100206,2019,6,15,6,3,2,6,0,0,1,0,0,0,1,0,13.56513,52.55618
3,3200206,2019,6,18,6,3,0,7,0,1,0,0,0,0,1,0,13.40701,52.5817
8,8100310,2019,6,14,6,3,2,2,0,1,1,0,0,0,0,0,13.44004,52.48166
11,11501238,2019,6,14,6,3,3,6,0,0,1,0,0,1,0,0,13.47588,52.50131
5,5100101,2019,6,17,6,3,5,3,0,1,1,0,0,0,0,0,13.21921,52.5571
5,5100313,2019,6,16,6,2,1,5,0,1,1,0,0,0,0,0,13.20994,52.55012
5,5200423,2019,6,16,6,3,2,6,0,0,1,0,0,1,0,0,13.15345,52.53287
6,6100208,2019,6,16,6,2,3,6,0,1,1,0,0,0,0,0,13.33175,52.45824
2,2500835,2019,6,15,6,3,2,6,0,1,1,0,0,0,0,0,13.46615,52.50013
3,3501037,2019,6,13,6,3,1,5,0,1,1,0,0,0,0,0,13.46261,52.56264
1,1100310,2019,6,13,6,3,2,6,0,1,0,0,0,0,0,0,13.41791,52.51475