BEZ,LOR_ab_2021,UJAHR,UMONAT,USTUNDE,UWOCHENTAG,UKATEGORIE,UART,UTYP1,ULICHTVERH,IstRad,IstPKW,IstFuss,IstKrad,IstGkfz,IstSonstige,USTRZUSTAND,XGCSWGS84,YGCSWGS84
7,7300619,2019,6,13,6,3,5,2,0,0,1,0,0,0,0,0,13.3474,52.4706
3,3501037,2019,6,13,6,3,0,7,0,1,0,0,0,0,0,0,13.46844,52.55965
8,8100207,2019,6,18,6,3,5,2,0,0,1,0,0,0,0,0,13.42883,52.47792
1,1200520,2019,6,13,6,3,5,2,0,0,1,0,1,0,0,0,13.33543,52.5267
4,4300622,2019,6,13,6,3,2,6,0,0,1,0,0,0,0,0,13.32233,52.51317
2,2400521,2019,6,14,6,3,0,1,0,0,0,0,1,0,0,0,13.42745,52.51139
11,11100205,2019,6,15,6,3,2,6,0,0,1,0,0,0,1,0,13.5135,52.56795
1,1100311,2019,6,13,6,3,5,2,0,0,1,0,0,0,0,0,13.41811,52.51552
11,11501238,2019,6,13,6,3,0,7,0,0,0,0,1,0,0,1,13.47817,52.50029
2,2400521,2019,6,20,6,3,1,5,1,1,1,0,0,0,1,0,13.42346,52.51277
9,9401329,2019,6,19,6,3,3,6,0,1,0,0,0,0,1,0,13.59055,52.43736
10,10200524,2019,6,19,6,2,5,3,0,1,1,0,0,0,0,0,13.60815,52.5352
4,4501043,2019,6,19,6,3,1,5,0,1,0,0,0,1,0,0,13.30818,52.4968
8,8100104,2019,6,19,6,3,2,2,0,0,1,0,0,0,0,0,13.4307,52.46855
1,1300834,2019,6,19,6,3,5,2,0,1,0,0,0,0,1,0,13.40252,52.54018
2,2300316,2019,6,19,6,3,0,7,0,0,1,0,0,0,1,0,13.43966,52.50226
2,2200212,2019,6,7,6,3,1,5,0,1,1,0,0,0,1,0,13.42221,52.49159
2,2500833,2019,6,23,6,2,0,1,2,1,0,0,0,0,1,0,13.45228,52.51064
11,11200411,2019,6,7,6,2,5,2,0,1,1,0,0,0,0,0,13.49969,52.54786
9,9200614,2019,6,6,6,3,6,4,0,1,0,1,0,0,0,0,13.52446,52.44688
12,12200411,2019,6,5,6,3,5,3,0,0,1,0,0,0,0,0,13.31457,52.56737
8,8100521,2019,6,13,6,3,5,3,0,1,1,0,0,0,0,0,13.47205,52.46174
1,1200517,2019,6,13,6,3,2,2,0,0,1,0,0,0,1,0,13.34877,52.53586
1,1100310,2019,6,9,6,3,1,5,0,1,1,0,0,0,1,0,13.41011,52.52463
6,6300525,2019,6,12,6,3,5,3,0,1,1,0,0,0,0,0,13.2683,52.40639
5,5400943,2019,6,10,6,3,4,6,0,1,1,0,0,0,0,0,13.12957,52.45287
1,1100308,2019,6,11,6,3,6,4,0,1,0,1,0,0,0,0,13.37631,52.53599
6,6200311,2019,6,10,6,3,5,3,0,0,1,0,0,0,0,0,13.35868,52.43415
10,10400940,2019,6,9,6,3,5,3,0,1,1,0,0,0,0,0,13.60557,52.4878
9,9401534,2019,6,10,6,2,5,2,0,1,0,0,0,1,0,0,13.58199,52.44261
10,10400940,2019,6,9,6,3,5,3,0,1,1,0,0,0,0,0,13.60111,52.47924
1,1100103,2019,6,10,6,3,2,6,0,0,1,0,0,0,0,0,13.35366,52.50514
8,8100102,2019,6,3,6,3,3,6,2,0,1,0,1,0,0,1,13.42636,52.47708
2,2500833,2019,6,0,6,3,6,4,2,0,1,1,0,0,0,1,13.45521,52.5078
1,1200626,2019,6,11,6,2,1,5,0,1,1,0,0,0,1,0,13.34926,52.52378
7,7400823,2019,6,21,5,3,3,6,2,0,1,0,0,0,0,0,13.37521,52.45531
7,7200308,2019,6,13,5,3,4,6,0,1,1,0,0,0,0,0,13.32963,52.47383
1,1100101,2019,6,9,5,3,0,2,0,1,0,0,0,1,0,1,13.34112,52.505
1,1200625,2019,6,9,5,3,0,1,0,1,0,0,0,0,0,1,13.35089,52.52642
4,4300412,2019,6,8,5,3,2,2,0,1,1,0,0,0,0,1,13.28653,52.5188
3,3400619,2019,6,21,5,3,5,3,2,0,1,0,0,0,0,1,13.36981,52.58938
2,2400521,2019,6,22,5,3,1,1,2,1,1,0,0,0,0,0,13.4355,52.51095
2,2200212,2019,6,23,5,3,0,3,1,1,0,0,1,0,0,0,13.40785,52.48903
8,8401241,2019,6,7,5,3,5,3,0,1,1,0,0,0,0,0,13.47018,52.43503
3,3601244,2019,6,7,5,3,2,6,0,0,1,0,0,0,0,0,13.42609,52.5487
1,1100308,2019,6,7,5,3,5,2,0,1,1,0,0,0,0,0,13.37761,52.52908
9,9200715,2019,6,6,5,3,5,3,0,1,1,0,0,0,0,0,13.54353,52.4338
9,9501941,2019,6,0,5,3,0,1,2,0,1,0,1,0,0,0,13.59131,52.45525
6,6400842,2019,6,23,5,1,0,1,2,1,0,0,0,0,0,0,13.26798,52.45116
4,4501150,2019,6,8,5,3,6,4,0,0,1,1,0,0,0,1,13.32274,52.48883
1,1400940,2019,6,8,5,3,5,3,0,1,1,0,0,0,0,1,13.35291,52.55323
9,9300920,2019,6,8,5,2,5,2,0,1,1,0,0,0,0,1,13.52583,52.42304
6,6200421,2019,6,2,5,3,1,1,2,0,1,0,0,0,0,1,13.31372,52.42646
2,2400625,2019,6,2,5,3,0,1,2,1,0,0,0,0,0,1,13.43768,52.50625
1,1100310,2019,6,20,5,2,6,4,0,0,1,1,0,0,0,0,13.41538,52.52271
9,9200510,2019,6,7,5,3,5,3,0,1,1,0,0,0,0,0,13.50736,52.47489
4,4300415,2019,6,13,5,3,5,7,0,1,1,0,0,0,0,0,13.28623,52.50961
2,2200211,2019,6,7,5,3,5,2,0,1,0,0,0,0,1,0,13.39183,52.48939
7,7400823,2019,6,13,5,3,5,3,0,0,1,0,0,0,1,0,13.37655,52.45999
1,1200517,2019,6,0,5,3,1,7,2,0,1,0,0,0,1,0,13.34594,52.53811
2,2400625,2019,6,17,5,3,5,5,0,1,1,0,0,0,0,0,13.44219,52.50419
8,8200622,2019,6,14,5,3,1,5,0,0,1,0,0,0,0,0,13.43838,52.45317
6,6200422,2019,6,16,5,3,2,6,0,0,1,0,1,0,0,0,13.3283,52.42871
3,3100101,2019,6,15,5,3,5,3,0,1,1,0,0,0,0,0,13.49603,52.64174
4,4501042,2019,6,16,5,3,1,5,0,1,1,0,0,0,0,0,13.33974,52.50342
4,4500938,2019,6,13,5,3,3,6,0,0,1,0,1,0,0,0,13.29862,52.49534
12,12400618,2019,6,12,5,3,5,3,0,0,1,0,1,0,0,0,13.24761,52.60984
6,6200423,2019,6,16,5,3,5,2,0,0,1,0,0,0,0,0,13.32211,52.41037
9,9200715,2019,6,16,5,3,5,3,0,1,1,0,0,0,0,0,13.53135,52.44224
2,2300314,2019,6,11,5,3,5,3,0,0,1,0,0,0,0,0,13.41678,52.50431
5,5200629,2019,6,15,5,3,5,2,0,1,1,0,0,0,0,0,13.19452,52.53364
9,9401329,2019,6,12,5,2,5,3,0,0,1,0,1,0,0,0,13.62284,52.42538
4,4501041,2019,6,19,5,3,6,4,0,0,1,1,0,0,0,0,13.31494,52.50031
5,5300841,2019,6,11,5,3,5,7,0,0,1,0,1,0,0,0,13.25919,52.54755
8,8100417,2019,6,15,5,3,5,3,0,1,1,0,0,0,0,0,13.44756,52.47615
2,2300316,2019,6,19,5,3,2,5,0,1,1,0,0,0,0,0,13.42495,52.49971
11,11501339,2019,6,11,4,3,5,2,0,1,1,0,0,0,0,0,13.52689,52.4921
8,8100417,2019,6,8,4,3,1,5,0,1,1,0,0,0,0,0,13.4476,52.47625
8,8200727,2019,6,11,5,3,5,3,0,0,1,0,0,0,0,1,13.43757,52.4485
4,4500939,2019,6,11,5,3,6,4,0,0,1,1,0,0,0,1,13.30185,52.48862
2,2100102,2019,6,13,4,3,6,4,0,0,1,1,0,0,0,0,13.39018,52.50669
8,8200727,2019,6,18,5,2,6,4,0,0,1,1,0,0,0,0,13.4364,52.44916
4,4300415,2019,6,16,4,3,6,4,0,1,0,1,0,0,0,0,13.28541,52.50793
1,1300733,2019,6,10,5,3,3,6,0,1,1,0,0,0,0,0,13.38181,52.55206
7,7200308,2019,6,15,4,3,3,2,0,0,1,0,1,0,0,0,13.32837,52.47119
2,2300419,2019,6,7,5,3,0,6,0,1,0,0,0,1,0,0,13.44915,52.49708
3,3400830,2019,6,15,4,2,1,5,0,1,1,0,0,0,0,0,13.40976,52.5594
7,7200308,2019,6,15,4,3,5,2,0,0,1,0,0,0,0,0,13.33256,52.46903
6,6400843,2019,6,10,5,3,5,2,0,1,1,0,0,0,0,0,13.30084,52.45585
1,1100309,2019,6,15,4,3,3,6,0,0,1,0,1,0,0,0,13.40028,52.52958
1,1200626,2019,6,9,5,2,6,4,0,0,1,1,0,0,0,1,13.35239,52.52412
1,1100207,2019,6,14,4,3,2,6,0,1,0,0,0,0,1,0,13.39765,52.51536
7,7400823,2019,6,18,5,3,2,2,0,0,1,0,0,0,0,0,13.38559,52.4661
4,4300518,2019,6,14,4,3,5,2,0,1,1,0,0,0,0,0,13.3087,52.52916
7,7200308,2019,6,17,5,3,2,6,0,0,1,0,0,0,0,0,13.34491,52.48245
4,4501150,2019,6,13,4,3,5,5,0,1,1,0,0,0,0,0,13.32294,52.48995
1,1100415,2019,6,13,4,2,0,2,0,1,1,0,0,0,0,0,13.39878,52.53259
1,1401044,2019,6,18,5,3,5,3,0,0,1,0,0,0,0,0,13.37716,52.55476
2,2300314,2019,6,17,5,3,5,2,0,1,0,0,0,0,1,0,13.41631,52.50171
2,2500830,2019,6,13,4,3,6,4,0,0,1,1,0,0,0,0,13.46592,52.50889
1,1401044,2019,6,13,4,3,5,2,0,0,1,0,0,0,0,0,13.36155,52.548
1,1400938,2019,6,17,5,3,2,2,0,0,1,0,1,0,0,0,13.33634,52.54235
1,1100309,2019,6,12,4,3,5,5,0,0,1,0,1,0,0,0,13.38846,52.52743
7,7100101,2019,6,12,4,3,5,2,0,1,1,0,0,0,0,0,13.346,52.4943
4,4100101,2019,6,18,5,2,6,4,0,0,1,1,0,0,0,0,13.28694,52.54017
1,1200517,2019,6,9,5,3,0,6,0,0,1,0,1,0,0,0,13.32703,52.53611
4,4501042,2019,6,22,4,3,6,4,2,0,0,1,1,0,0,0,13.33317,52.50655
4,4100101,2019,6,16,5,3,5,7,0,0,1,0,1,0,0,0,13.32511,52.54156
12,12500927,2019,6,22,4,3,1,5,2,0,1,0,0,0,0,0,13.32602,52.60109
2,2500835,2019,6,9,5,3,3,6,0,0,1,0,0,0,1,1,13.4576,52.50201
9,9401329,2019,6,21,4,3,5,3,1,0,1,0,1,0,0,0,13.61601,52.42936
7,7400720,2019,6,9,5,3,0,4,0,0,0,1,0,0,1,0,13.38366,52.48383
1,1100309,2019,6,20,4,3,3,6,1,1,1,0,0,0,0,0,13.40302,52.52447
4,4100101,2019,6,19,4,3,5,3,0,0,1,0,0,0,0,0,13.29673,52.54812
9,9501941,2019,6,9,5,3,1,1,0,1,1,0,0,0,0,1,13.57422,52.45416
2,2100102,2019,6,19,4,3,5,2,0,1,1,0,0,0,0,0,13.40213,52.50603
1,1300733,2019,6,8,5,3,0,2,0,0,1,0,1,0,0,1,13.38656,52.54942
4,4500938,2019,6,18,4,3,6,4,0,1,0,1,0,0,0,0,13.28872,52.49665
9,9200613,2019,6,17,5,3,5,2,0,1,1,0,0,0,0,0,13.50254,52.46132
5,5100101,2019,6,17,4,3,2,6,0,0,1,0,0,0,0,0,13.21812,52.56033
1,1300836,2019,6,10,5,3,0,1,0,0,0,0,1,0,0,1,13.37656,52.5432
6,6400844,2019,6,17,4,3,5,2,0,1,1,0,0,0,0,0,13.27057,52.45102
1,1100308,2019,6,17,4,3,1,5,0,1,1,0,0,0,0,0,13.38114,52.53211
3,3601142,2019,6,16,5,3,4,1,0,0,1,0,0,0,0,1,13.40811,52.54132
4,4100102,2019,6,15,5,3,3,6,0,0,1,0,0,0,0,0,13.29419,52.53444
10,10100311,2019,6,10,4,3,0,2,0,0,1,0,1,0,0,0,13.51751,52.53541
2,2400522,2019,6,10,4,3,2,6,0,0,1,0,1,0,0,0,13.44613,52.52602
1,1100310,2019,6,15,5,3,6,4,0,0,1,1,0,0,0,0,13.41557,52.52725
9,9100101,2019,6,9,4,3,2,6,0,1,1,0,0,0,0,0,13.45286,52.49301
4,4200308,2019,6,15,5,3,0,2,0,1,1,0,0,0,0,0,13.24952,52.52381
6,6200314,2019,6,9,4,3,6,2,0,0,1,1,0,0,0,0,13.33603,52.43074
3,3400723,2019,6,8,4,3,1,1,0,0,1,0,0,0,1,0,13.40855,52.56607
2,2300316,2019,6,8,4,3,2,6,0,1,0,0,0,0,0,0,13.43665,52.50376
3,3601449,2019,6,8,5,3,0,1,0,1,0,0,0,0,0,1,13.45321,52.54443
1,1100310,2019,6,8,4,3,5,2,0,1,1,0,0,0,0,0,13.41164,52.52396
1,1300834,2019,6,18,4,2,5,3,0,0,1,0,0,0,0,0,13.39607,52.53818
11,11300721,2019,6,8,4,3,2,6,0,0,1,0,0,0,0,0,13.48936,52.5339
3,3100103,2019,6,8,4,3,5,3,0,1,1,0,0,0,0,0,13.49307,52.62386
2,2200212,2019,6,14,4,3,0,3,0,1,0,0,0,0,0,1,13.41439,52.49315
10,10200417,2019,6,7,4,3,2,6,0,0,1,0,0,0,0,0,13.59202,52.54857
1,1100308,2019,6,7,4,3,1,5,0,1,1,0,0,0,0,0,13.3793,52.52458
4,4300518,2019,6,23,4,3,0,1,2,0,1,0,1,0,0,0,13.30757,52.52327
7,7501134,2019,6,7,4,3,2,6,0,0,1,0,0,0,0,0,13.39779,52.42409
7,7501134,2019,6,21,4,3,6,4,0,0,0,1,0,0,1,0,13.39252,52.43991
3,3601450,2019,6,6,4,3,6,4,0,1,0,1,0,0,0,0,13.45274,52.53395
2,2200209,2019,6,4,4,3,3,6,1,0,1,0,0,0,0,0,13.38606,52.48737
8,8100520,2019,6,20,4,3,5,3,0,0,1,0,0,0,0,0,13.46826,52.47206
12,12200515,2019,6,19,4,3,5,3,0,0,1,0,1,0,0,0,13.2771,52.58505
7,7400927,2019,6,12,4,2,5,3,0,1,0,0,0,0,1,0,13.40015,52.4641
3,3400620,2019,6,11,4,3,0,2,0,0,1,0,1,0,0,0,13.3772,52.57748
1,1401047,2019,6,18,4,3,1,5,0,1,1,0,0,0,0,0,13.36097,52.54456
1,1100313,2019,6,11,4,3,6,7,0,0,0,1,0,0,1,0,13.42237,52.50509
10,10100206,2019,6,17,4,3,5,3,0,1,1,0,0,0,0,0,13.57448,52.555
2,2100101,2019,6,10,4,3,3,6,0,1,0,0,0,0,0,0,13.37916,52.50689
1,1200628,2019,6,22,4,3,0,2,2,0,1,0,0,0,1,0,13.36574,52.52534
10,10100313,2019,6,10,4,3,0,2,0,0,1,0,0,0,1,0,13.55886,52.53637
1,1100207,2019,6,9,4,3,5,2,0,0,1,0,0,0,0,0,13.40251,52.51185
4,4500939,2019,6,10,4,3,5,3,0,1,0,0,0,0,0,0,13.30074,52.48946
6,6100101,2019,6,13,4,3,5,3,0,0,1,0,0,0,1,0,13.31777,52.4579
5,5200629,2019,6,9,4,2,5,2,0,0,1,0,0,0,0,0,13.18517,52.52707
1,1100311,2019,6,18,4,3,0,7,0,1,0,0,0,0,0,0,13.41591,52.52035
1,1200517,2019,6,11,3,3,3,6,0,0,0,0,1,0,1,0,13.32931,52.52387
1,1401044,2019,6,9,4,3,2,6,0,0,1,0,0,0,0,0,13.37818,52.55621
1,1200623,2019,6,10,3,3,5,2,0,1,1,0,0,0,0,0,13.35061,52.53251
5,5300840,2019,6,8,4,3,5,2,0,1,1,0,0,0,0,0,13.26732,52.5312
8,8100417,2019,6,21,3,3,1,5,0,1,1,0,0,0,0,0,13.43986,52.48056
7,7601341,2019,6,7,4,3,1,5,0,1,1,0,0,0,0,0,13.34855,52.40655
2,2500833,2019,6,20,3,3,2,6,0,0,1,0,0,0,0,0,13.45162,52.51077
6,6100103,2019,6,7,4,3,1,5,0,0,0,0,1,0,1,0,13.32449,52.46414
4,4100101,2019,6,13,3,3,2,6,0,0,0,0,1,1,0,0,13.29858,52.54808
7,7601545,2019,6,13,3,3,5,2,0,1,1,0,0,0,0,0,13.41939,52.39477
10,10400940,2019,6,7,4,3,5,3,0,1,1,0,0,0,0,0,13.61378,52.49091
2,2400521,2019,6,10,3,3,3,6,0,0,1,0,0,0,1,0,13.43223,52.51511
6,6400840,2019,6,7,4,3,5,3,0,1,0,0,0,0,0,0,13.25247,52.45038
12,12100101,2019,6,13,3,3,5,3,0,1,1,0,0,0,0,0,13.36693,52.5654
5,5200420,2019,6,12,3,3,5,2,0,1,0,0,0,1,0,0,13.17051,52.53366
9,9200819,2019,6,7,4,2,5,2,0,1,1,0,0,0,0,0,13.56397,52.4381
2,2500835,2019,6,11,3,3,3,6,0,0,1,0,0,0,1,0,13.46479,52.49763
2,2400625,2019,6,6,4,3,5,2,0,0,1,0,0,0,0,0,13.44347,52.51189
10,10200629,2019,6,11,3,2,3,6,0,1,0,0,0,0,1,0,13.57951,52.51334
7,7400720,2019,6,1,4,3,2,6,2,1,1,0,0,0,0,0,13.37883,52.48028
1,1400942,2019,6,10,3,2,5,5,0,0,1,0,1,0,0,0,13.34719,52.54378
3,3501037,2019,6,7,4,3,0,7,0,1,0,0,0,0,0,0,13.46945,52.55604
1,1300834,2019,6,10,3,3,2,6,0,0,1,0,0,0,0,0,13.40182,52.5399
4,4200308,2019,6,19,3,3,4,2,0,0,1,0,0,0,0,0,13.28322,52.51851
8,8200730,2019,6,16,4,3,5,2,0,1,0,0,0,0,1,0,13.43719,52.43953
2,2100104,2019,6,16,4,3,5,3,0,1,1,0,0,0,0,0,13.41179,52.501
2,2200210,2019,6,8,3,3,5,2,0,1,1,0,0,0,0,0,13.39778,52.4953
7,7200308,2019,6,15,4,3,1,5,0,1,1,0,0,0,0,0,13.33855,52.48124
3,3500933,2019,6,8,3,3,5,3,0,1,1,0,0,0,0,0,13.45617,52.55552
11,11200411,2019,6,13,4,3,6,4,0,0,0,1,0,0,1,0,13.49827,52.54711
2,2200211,2019,6,8,3,3,5,2,0,1,0,0,0,0,0,0,13.39728,52.48889
12,12100204,2019,6,15,4,3,5,2,0,0,1,0,0,0,0,0,13.36193,52.56863
1,1100311,2019,6,19,3,3,5,2,0,1,1,0,0,0,0,0,13.42237,52.52008
1,1100415,2019,6,8,3,3,0,1,0,1,0,0,0,0,0,0,13.39904,52.53239
1,1300733,2019,6,15,4,3,1,5,0,1,1,0,0,0,0,0,13.38523,52.55261
6,6200314,2019,6,8,3,2,5,7,0,0,1,0,0,0,0,0,13.33707,52.43253
1,1300834,2019,6,14,4,2,5,2,0,0,1,0,1,0,0,0,13.39593,52.53825
1,1100415,2019,6,8,3,3,0,1,0,1,0,0,0,0,0,0,13.39905,52.53238
8,8200624,2019,6,11,4,3,3,2,0,1,1,0,0,0,0,0,13.42503,52.45796
8,8200622,2019,6,18,3,3,5,2,0,1,0,0,0,0,1,0,13.45197,52.45253
4,4501042,2019,6,12,4,3,2,6,0,1,1,0,0,0,0,0,13.33107,52.50194
2,2100102,2019,6,18,3,3,5,2,0,1,1,0,0,0,0,0,13.39436,52.50696
9,9100306,2019,6,18,3,3,5,2,0,0,1,0,1,0,0,0,13.48838,52.45133
8,8100104,2019,6,11,4,2,5,2,0,0,1,0,1,0,0,0,13.42998,52.46983
2,2400521,2019,6,18,3,3,5,2,0,1,0,0,0,1,0,0,13.44061,52.51702
9,9200819,2019,6,11,4,3,2,6,0,0,1,0,0,0,0,0,13.56289,52.44598
9,9200613,2019,6,18,3,2,5,2,0,1,1,0,0,0,0,0,13.51726,52.45447
9,9200614,2019,6,10,4,3,5,3,0,1,1,0,0,0,0,0,13.53928,52.45074
1,1100206,2019,6,17,3,2,5,7,0,1,1,0,0,0,0,0,13.38651,52.51275
4,4100101,2019,6,10,4,3,2,6,0,0,1,0,0,0,1,0,13.28099,52.54845
10,10300731,2019,6,13,3,3,5,3,0,1,1,0,0,0,0,0,13.56599,52.52904
5,5300737,2019,6,15,3,3,6,2,0,0,1,1,0,0,0,0,13.23369,52.53958
6,6200423,2019,6,10,4,3,5,3,0,0,1,0,1,0,0,0,13.33743,52.41144
7,7400927,2019,6,10,4,3,0,5,0,0,1,0,0,0,0,0,13.38653,52.46858
9,9401433,2019,6,16,3,2,5,3,0,1,0,0,0,1,0,0,13.59793,52.43862
6,6200313,2019,6,16,3,3,2,6,0,0,1,0,0,1,0,0,13.34546,52.43611
1,1100313,2019,6,9,4,3,5,3,0,1,0,0,1,0,0,0,13.42228,52.50551
2,2200210,2019,6,16,3,3,2,2,0,0,1,0,0,0,0,0,13.39491,52.49615
8,8301037,2019,6,13,3,3,2,6,0,0,1,0,0,0,0,0,13.47041,52.42919
7,7400823,2019,6,16,3,3,0,2,0,1,1,0,0,0,0,0,13.37777,52.46863
3,3601141,2019,6,15,3,2,0,1,0,1,0,0,0,0,0,0,13.40377,52.55126
3,3400723,2019,6,10,3,3,5,3,0,1,1,0,0,0,0,0,13.41178,52.58176
7,7400822,2019,6,15,3,2,3,6,0,0,0,0,1,1,0,0,13.36297,52.45595
4,4300623,2019,6,15,3,3,5,2,0,0,1,0,0,0,0,0,13.31387,52.50631
2,2100106,2019,6,16,3,3,6,7,0,1,0,1,0,0,0,0,13.40545,52.49689
5,5200629,2019,6,14,3,3,5,3,0,1,1,0,0,0,0,0,13.19435,52.53381
7,7400927,2019,6,11,3,3,1,5,0,1,1,0,0,0,0,0,13.38724,52.4606
1,1100312,2019,6,8,3,3,0,5,0,0,1,0,1,0,0,0,13.41392,52.51156
4,4300622,2019,6,7,3,2,1,5,0,1,1,0,0,0,0,0,13.32607,52.50793
4,4300517,2019,6,0,3,3,1,1,2,0,1,0,0,0,0,0,13.298,52.5248
11,11200512,2019,6,6,3,3,2,6,0,0,1,0,0,1,0,0,13.4681,52.54625
2,2100104,2019,6,18,3,3,5,2,0,1,1,0,0,0,0,0,13.4096,52.504
1,1100416,2019,6,1,3,3,0,1,2,0,0,0,0,0,1,0,13.39781,52.53554
2,2100104,2019,6,19,2,3,5,2,0,1,0,0,1,0,0,0,13.41102,52.5038
3,3400619,2019,6,3,3,3,0,1,2,0,0,0,1,0,0,0,13.3654,52.58373
4,4501042,2019,6,15,3,3,0,4,0,1,0,1,0,0,0,0,13.33443,52.50185
8,8100209,2019,6,11,2,3,2,6,0,0,1,0,0,1,0,0,13.44798,52.4644
1,1100310,2019,6,19,2,3,5,3,0,0,1,0,0,0,1,0,13.40456,52.52021
4,4501153,2019,6,9,3,3,5,3,0,1,0,0,0,0,0,0,13.32932,52.48136
4,4300623,2019,6,15,2,3,3,2,0,1,0,0,0,0,1,0,13.31128,52.50881
3,3601244,2019,6,15,3,3,6,4,0,1,0,1,0,0,0,0,13.42854,52.55163
1,1401047,2019,6,18,2,3,6,4,0,1,0,1,0,0,0,0,13.35728,52.54506
6,6100206,2019,6,18,2,3,5,2,0,1,1,0,0,0,0,0,13.3353,52.45136
1,1100312,2019,6,15,3,3,2,6,0,0,1,0,0,0,0,0,13.41663,52.51133
12,12500929,2019,6,14,2,3,5,3,0,1,0,0,0,0,1,0,13.3412,52.61586
5,5100101,2019,6,16,2,3,5,3,0,1,1,0,0,0,0,0,13.19655,52.56295
8,8100417,2019,6,20,3,3,1,5,1,1,1,0,0,0,0,0,13.44022,52.47756
3,3300411,2019,6,16,2,2,5,3,0,1,0,0,0,0,0,0,13.49753,52.61062
8,8100209,2019,6,16,3,3,5,3,0,0,1,0,0,0,0,0,13.43815,52.46707
2,2200212,2019,6,20,2,3,3,6,0,0,1,0,0,0,0,0,13.42382,52.48849
1,1400938,2019,6,17,2,3,5,2,0,1,1,0,0,0,0,0,13.33651,52.54212
6,6200315,2019,6,16,3,3,5,7,0,1,0,0,0,0,0,0,13.34832,52.42853
1,1401049,2019,6,16,3,3,6,4,0,0,0,1,0,0,1,0,13.36099,52.55533
7,7601546,2019,6,18,2,3,5,5,0,1,1,0,0,0,0,0,13.38226,52.39704
10,10100210,2019,6,17,2,3,4,6,0,1,0,0,0,0,0,0,13.56467,52.54502
1,1200627,2019,6,16,3,3,0,6,0,1,0,0,0,0,1,0,13.36413,52.52706
4,4300623,2019,6,17,2,3,5,3,0,0,1,0,0,0,0,0,13.31402,52.50635
11,11200513,2019,6,15,3,3,3,6,0,1,1,0,0,0,0,0,13.48825,52.54046
1,1200520,2019,6,17,2,3,2,6,0,0,1,0,1,0,0,0,13.34337,52.53178
7,7100102,2019,6,16,2,3,3,6,0,0,1,0,1,0,0,0,13.34646,52.5012
4,4501041,2019,6,10,2,3,5,2,0,0,1,0,1,0,0,0,13.31698,52.5025
7,7601341,2019,6,14,3,3,5,2,0,0,1,0,1,0,0,0,13.37628,52.40915
7,7400720,2019,6,9,2,3,5,3,0,0,1,0,0,0,0,0,13.38285,52.48041
8,8200622,2019,6,15,3,3,5,7,0,0,1,0,0,0,1,0,13.43534,52.46013
2,2200212,2019,6,18,2,2,2,6,0,0,1,0,1,0,0,0,13.41174,52.48845
3,3701660,2019,6,15,3,3,6,4,0,0,1,1,0,0,0,0,13.43042,52.5288
1,1401047,2019,6,8,2,3,5,2,0,1,0,0,0,0,1,0,13.3591,52.54628
10,10300733,2019,6,15,3,3,5,2,0,1,1,0,0,0,0,0,13.55727,52.5072
1,1300733,2019,6,17,2,2,6,4,0,0,1,1,0,0,0,0,13.38546,52.55024
7,7400823,2019,6,15,3,3,2,6,0,0,0,0,1,0,1,0,13.37544,52.45571
4,4300623,2019,6,18,2,3,2,6,0,0,1,0,0,0,0,0,13.31077,52.50639
1,1300733,2019,6,15,3,2,0,1,0,1,0,0,0,0,0,0,13.39263,52.55525
5,5200631,2019,6,18,2,3,5,3,0,0,1,0,0,0,0,0,13.19768,52.52035
9,9100306,2019,6,16,2,3,5,2,0,0,0,0,1,0,1,0,13.48304,52.44666
4,4501041,2019,6,16,3,3,6,7,0,0,1,1,0,0,0,0,13.31998,52.50176
7,7400720,2019,6,18,2,3,2,6,0,0,1,0,0,0,0,0,13.37848,52.47745
1,2100102,2019,6,11,3,3,6,4,0,0,1,1,0,0,0,0,13.39038,52.50758
12,12500824,2019,6,15,2,2,1,5,0,0,1,0,0,0,0,0,13.30104,52.59954
1,1100312,2019,6,15,2,3,5,2,0,1,1,0,0,0,0,0,13.41714,52.51244
7,7601442,2019,6,13,3,3,1,7,0,0,1,0,0,0,0,0,13.4028,52.40379
6,6400844,2019,6,15,2,3,5,2,0,0,1,0,0,0,0,0,13.27063,52.45099
7,7300619,2019,6,12,3,3,5,3,0,0,1,0,0,0,0,0,13.35999,52.47541
12,12200307,2019,6,8,2,3,5,2,0,1,1,0,0,0,0,0,13.32504,52.57576
9,9301126,2019,6,12,3,3,5,2,0,0,1,0,1,0,0,0,13.57568,52.4237
7,7200308,2019,6,10,2,3,5,2,0,0,1,0,1,0,0,0,13.32835,52.47343
2,2300316,2019,6,12,3,3,5,3,0,0,1,0,1,0,0,0,13.4321,52.5057
4,4501041,2019,6,15,2,3,5,7,0,0,1,0,0,0,0,0,13.3166,52.5
7,7100101,2019,6,15,2,3,5,3,0,0,1,0,0,0,0,0,13.34492,52.50038
10,10300734,2019,6,12,3,3,0,7,0,0,1,0,0,0,0,0,13.56151,52.50133
12,12601134,2019,6,12,3,3,5,3,0,0,1,0,0,0,0,0,13.34111,52.6001
7,7400823,2019,6,15,2,3,2,6,0,0,1,0,0,0,1,0,13.37478,52.45546
10,10100103,2019,6,11,3,3,5,5,0,0,1,0,0,0,0,0,13.56932,52.57041
2,2500729,2019,6,6,2,3,2,7,0,0,1,0,1,0,0,0,13.46734,52.51598
9,9100305,2019,6,21,3,3,6,2,2,0,1,1,0,0,0,0,13.49126,52.46906
3,3500932,2019,6,6,2,3,5,2,0,1,0,0,0,0,1,0,13.45423,52.56215
3,3701657,2019,6,7,2,3,2,7,0,1,0,0,0,0,1,0,13.42521,52.54348
11,11300619,2019,6,19,3,3,5,3,0,1,0,0,0,0,0,0,13.47022,52.53164
2,2100104,2019,6,18,3,3,2,6,0,1,1,0,0,0,0,0,13.41351,52.50286
4,4300619,2019,6,14,2,3,5,2,0,0,1,0,0,0,0,0,13.3014,52.51916
7,7400927,2019,6,16,2,3,2,6,0,0,1,0,0,0,1,0,13.39434,52.45396
8,8100104,2019,6,19,3,3,0,6,0,0,1,0,0,0,1,0,13.43175,52.46677
6,6400844,2019,6,14,2,3,3,6,0,0,1,0,1,0,0,0,13.27219,52.4532
8,8100102,2019,6,19,3,2,6,4,0,0,1,1,0,0,0,0,13.41674,52.4804
2,2200212,2019,6,13,2,3,6,7,0,0,0,1,0,0,1,0,13.42176,52.4872
12,12500824,2019,6,12,2,3,0,2,0,0,1,0,1,0,0,0,13.29222,52.59058
4,4400833,2019,6,18,3,3,5,2,0,0,1,0,0,0,0,0,13.30815,52.4778
3,3100101,2019,6,11,2,3,3,6,0,0,1,0,0,0,0,0,13.44531,52.6156
5,5200420,2019,6,18,3,3,3,6,0,0,1,0,0,0,0,0,13.16426,52.53341