BEZ,LOR_ab_2021,UJAHR,UMONAT,USTUNDE,UWOCHENTAG,UKATEGORIE,UART,UTYP1,ULICHTVERH,IstRad,IstPKW,IstFuss,IstKrad,IstGkfz,IstSonstige,USTRZUSTAND,XGCSWGS84,YGCSWGS84
1,1100309,2019,6,23,2,2,6,2,2,0,1,1,0,0,0,0,13.3925,52.52428
12,12200515,2019,6,18,3,3,2,2,0,1,1,0,0,0,0,0,13.28084,52.59391
8,8100310,2019,6,21,2,3,3,6,2,1,1,0,0,0,0,0,13.42883,52.49322
8,8100521,2019,6,11,3,3,2,6,0,0,1,0,0,0,0,0,13.45384,52.46935
3,3400723,2019,6,11,2,3,5,3,0,1,1,0,0,0,0,0,13.39859,52.56929
11,11501340,2019,6,10,2,3,5,2,0,0,1,0,0,0,1,0,13.52685,52.48659
1,1200626,2019,6,17,3,3,5,3,0,1,0,0,0,0,0,0,13.34244,52.52396
6,6400838,2019,6,11,3,3,5,3,0,1,1,0,0,0,0,0,13.23369,52.44726
1,1100311,2019,6,21,2,2,6,4,1,0,0,1,0,0,1,0,13.42374,52.52364
9,9401329,2019,6,10,2,3,5,3,0,1,1,0,0,0,0,0,13.58754,52.43901
1,1100311,2019,6,10,3,3,2,6,0,0,1,0,0,0,0,0,13.41944,52.51503
4,4300622,2019,6,10,2,3,6,4,0,0,1,1,0,0,0,0,13.32869,52.51425
12,12100205,2019,6,17,3,3,2,6,0,0,1,0,0,0,0,0,13.34724,52.57857
7,7400823,2019,6,10,2,3,1,5,0,1,1,0,0,0,0,0,13.38295,52.46566
4,4501152,2019,6,16,3,3,2,6,0,0,1,0,1,0,0,0,13.33077,52.49218
1,1100103,2019,6,20,2,2,5,2,0,0,1,0,0,0,1,0,13.3532,52.50228
4,4501042,2019,6,10,3,3,1,5,0,1,1,0,0,0,0,0,13.33792,52.50181
4,4300619,2019,6,17,2,3,0,7,0,0,0,0,1,0,0,1,13.307,52.51737
1,1300733,2019,6,9,3,3,5,3,0,0,1,0,0,0,0,0,13.39136,52.55026
6,6200421,2019,6,9,2,3,5,2,0,0,1,0,0,0,0,0,13.31387,52.42358
2,2100101,2019,6,9,3,3,3,6,0,1,0,0,1,0,0,0,13.38601,52.50655
5,5200526,2019,6,9,2,3,5,3,0,0,1,0,0,0,0,0,13.15578,52.52164
11,11401137,2019,6,9,2,3,6,4,0,0,0,1,1,0,0,0,13.49761,52.49973
1,1400938,2019,6,16,3,3,2,6,0,0,1,0,1,0,0,0,13.33431,52.54113
1,1400940,2019,6,9,2,2,5,2,0,1,1,0,0,0,0,0,13.35126,52.55836
12,12601032,2019,6,9,3,3,5,2,0,1,1,0,0,0,0,0,13.32195,52.60746
11,11400931,2019,6,9,2,3,5,3,0,0,1,0,1,0,0,0,13.49391,52.50285
11,11200512,2019,6,16,3,3,3,6,0,0,1,0,0,1,0,0,13.47143,52.53858
9,9501941,2019,6,8,2,2,5,2,0,1,1,0,0,0,0,0,13.5804,52.45551
10,10400837,2019,6,16,3,3,5,3,0,1,1,0,0,0,0,0,13.58084,52.48519
9,9200510,2019,6,8,2,3,0,6,0,1,0,0,0,1,0,0,13.50889,52.46382
7,7501030,2019,6,8,2,3,2,6,0,0,1,0,0,0,0,0,13.38613,52.44396
1,1200520,2019,6,9,3,3,2,6,0,0,1,0,0,0,0,0,13.34321,52.5321
1,1100313,2019,6,16,3,3,3,6,0,1,1,0,0,0,0,0,13.42231,52.50946
10,10300731,2019,6,8,2,3,5,2,0,0,1,0,0,0,0,0,13.56573,52.5291
4,4300619,2019,6,18,2,3,2,6,0,0,1,0,0,0,1,0,13.3033,52.51855
2,2100101,2019,6,9,3,3,5,2,0,1,1,0,0,0,0,0,13.38021,52.50607
4,4500938,2019,6,9,1,3,5,2,0,1,1,0,0,0,0,0,13.29646,52.49262
9,9401534,2019,6,16,3,3,1,5,0,1,1,0,0,0,1,0,13.5812,52.44313
11,11501340,2019,6,0,1,3,5,3,2,0,1,0,0,0,0,0,13.53039,52.48659
5,5300735,2019,6,1,1,2,0,1,2,0,1,0,1,0,0,0,13.2317,52.54502
1,1100102,2019,6,8,3,3,5,3,0,0,1,0,1,0,0,0,13.34901,52.51476
1,1401047,2019,6,9,1,3,2,6,0,0,1,0,0,0,1,0,13.35192,52.54301
12,12400723,2019,6,9,1,3,5,3,0,0,1,0,0,0,0,0,13.30152,52.61129
2,2100104,2019,6,8,3,3,5,2,0,1,0,0,0,0,1,0,13.41098,52.50382
9,9200715,2019,6,11,1,3,0,2,0,0,1,0,1,0,0,0,13.52723,52.43601
8,8100310,2019,6,22,1,3,1,5,1,1,1,0,0,0,0,0,13.44319,52.48401
5,5100316,2019,6,7,3,3,3,6,0,0,1,0,1,0,0,0,13.19964,52.53511
1,1100415,2019,6,21,1,2,5,3,1,0,1,0,1,0,0,0,13.38981,52.5317
1,1200522,2019,6,8,3,3,5,2,0,1,1,0,0,0,0,0,13.32969,52.52282
1,1400938,2019,6,21,1,3,1,5,1,1,1,0,0,0,1,0,13.33412,52.54706
5,5300735,2019,6,6,3,3,2,2,0,0,1,0,1,0,0,0,13.22684,52.53777
1,1100308,2019,6,20,1,2,2,6,0,0,1,0,1,0,0,0,13.38173,52.53164
1,1300834,2019,6,8,3,3,5,2,0,0,1,0,0,0,1,0,13.39104,52.54465
10,10300731,2019,6,19,1,3,5,7,0,1,1,0,0,0,0,0,13.55551,52.51826
10,10400940,2019,6,19,1,3,5,3,0,0,1,0,1,0,0,0,13.60113,52.47924
9,9401329,2019,6,7,3,3,5,3,0,1,1,0,0,0,0,0,13.58622,52.42558
12,12500930,2019,6,7,3,3,5,2,0,0,1,0,1,0,0,0,13.33291,52.59544
7,7200413,2019,6,17,1,3,1,5,0,1,1,0,0,0,0,0,13.36481,52.48802
7,7400720,2019,6,17,1,3,1,5,0,1,1,0,0,0,0,0,13.37659,52.47246
3,3300514,2019,6,7,3,3,5,2,0,1,1,0,0,0,0,0,13.45341,52.59131
8,8100209,2019,6,17,1,3,0,6,0,0,1,0,1,0,0,0,13.4427,52.46519
5,5100312,2019,6,6,3,3,5,3,0,1,1,0,0,0,0,0,13.19818,52.55174
6,6400843,2019,6,14,1,3,5,3,0,0,1,0,0,0,0,0,13.28462,52.44578
1,1100205,2019,6,14,2,3,6,4,0,0,1,1,0,0,0,0,13.37718,52.51224
3,3200206,2019,6,14,1,3,5,2,0,0,1,0,0,0,0,0,13.39664,52.59014
1,1100309,2019,6,17,2,3,5,7,0,0,1,0,0,0,0,0,13.40036,52.52959
9,9100101,2019,6,14,1,3,2,7,0,1,1,0,0,0,0,0,13.45385,52.49557
6,6400737,2019,6,14,1,3,5,3,0,1,1,0,0,0,0,0,13.20625,52.43523
4,4200311,2019,6,12,2,3,5,2,0,0,1,0,1,0,0,0,13.28386,52.51279
5,5200419,2019,7,19,5,3,6,6,0,0,1,1,0,0,0,0,13.14532,52.54386
2,2200210,2019,7,19,5,2,5,2,0,1,1,0,0,0,0,0,13.40032,52.49024
1,1400938,2019,7,18,5,3,6,7,0,1,0,1,0,0,0,0,13.3452,52.55422
1,1100205,2019,7,17,5,2,5,2,0,0,1,0,1,0,0,0,13.37743,52.50956
9,9501737,2019,7,17,5,2,5,3,0,1,1,0,0,0,0,0,13.63129,52.45678
8,8100104,2019,7,17,5,3,5,2,0,0,1,0,0,0,0,0,13.43193,52.46645
2,2300316,2019,7,17,5,3,5,2,0,1,1,0,0,0,0,0,13.44172,52.50125
1,1100309,2019,7,16,5,2,0,4,0,1,0,1,0,0,0,0,13.39689,52.52857
4,4501148,2019,7,15,5,3,0,7,0,0,0,0,1,0,1,1,13.32038,52.48327
5,5200629,2019,7,16,5,2,6,4,0,0,1,1,0,0,0,0,13.1943,52.52898
3,3100103,2019,7,16,5,2,5,3,0,1,1,0,0,0,0,0,13.50087,52.63582
8,8200622,2019,7,14,5,2,5,3,0,0,1,0,1,0,0,0,13.45722,52.4532
10,10300734,2019,7,13,5,3,1,5,0,1,1,0,0,0,0,0,13.55778,52.50216
2,2500833,2019,7,13,5,3,1,5,0,0,1,0,1,0,1,0,13.45471,52.50789
4,4500936,2019,7,13,5,2,6,4,0,0,1,1,0,0,0,0,13.30174,52.49908
9,9200715,2019,7,12,5,3,5,3,0,0,0,0,0,1,1,0,13.54123,52.43537
8,8200727,2019,7,9,5,3,2,6,0,0,1,0,0,0,0,0,13.44789,52.44272
2,2400521,2019,7,8,5,2,5,3,0,1,1,0,0,0,0,0,13.42643,52.51585
1,1401044,2019,7,7,5,3,6,4,0,0,0,1,0,1,0,0,13.37711,52.55617
1,1100313,2019,7,7,5,3,5,2,0,1,1,0,0,0,0,0,13.42136,52.50561
4,4500938,2019,7,7,5,3,5,3,0,1,1,0,0,0,0,0,13.29021,52.49722
5,5200527,2019,7,7,5,3,2,6,0,0,1,0,0,0,0,0,13.16958,52.51864
1,1100206,2019,7,7,5,3,3,6,0,1,1,0,0,0,0,0,13.39203,52.51989
11,11300721,2019,7,1,5,3,6,4,2,0,1,1,0,0,0,0,13.49976,52.52615
4,4300622,2019,7,9,4,3,6,7,0,1,0,0,0,0,1,0,13.32842,52.50812
3,3701555,2019,7,22,4,3,0,3,2,0,1,0,1,0,0,0,13.4141,52.53045
3,3100101,2019,7,20,4,3,6,7,0,1,0,1,0,0,0,0,13.49272,52.63667
2,2300417,2019,7,19,4,2,5,3,0,1,1,0,0,0,0,0,13.43163,52.49751
1,1100207,2019,7,17,4,3,5,2,0,1,1,0,0,0,0,0,13.40391,52.51541
1,1100312,2019,7,17,4,3,5,2,0,1,1,0,0,0,0,0,13.41639,52.51102
6,6400735,2019,7,16,4,3,9,1,0,0,1,0,0,0,0,0,13.18041,52.42204
8,8200622,2019,7,16,4,3,1,1,0,0,1,0,1,0,0,0,13.44042,52.46192
2,2400521,2019,7,16,4,3,3,6,0,1,1,0,0,0,0,0,13.43126,52.51324
4,4200207,2019,7,15,4,2,0,1,0,1,0,0,0,0,0,0,13.26069,52.4896
10,10100311,2019,7,14,4,3,5,2,0,1,0,0,0,0,1,0,13.52191,52.53573
5,5100208,2019,7,23,4,2,7,7,2,0,0,0,0,0,1,0,13.15974,52.5523
7,7400927,2019,7,22,4,3,0,3,2,0,1,0,0,0,1,0,13.39089,52.45748
4,4501040,2019,7,20,4,3,1,5,0,0,1,0,0,0,1,0,13.30748,52.50124
1,1200520,2019,7,13,4,3,1,7,0,0,1,0,1,0,0,0,13.33794,52.52775
8,8301037,2019,7,13,4,3,0,2,0,0,0,0,1,0,1,0,13.47395,52.42565
9,9401635,2019,7,9,4,3,2,6,0,1,0,0,0,0,0,0,13.69746,52.4229
7,7400927,2019,7,12,4,3,5,7,0,0,1,0,1,0,0,0,13.39383,52.45721
2,2100104,2019,7,11,4,3,2,6,0,0,1,0,0,0,0,0,13.41796,52.49928
4,4501042,2019,7,11,4,3,5,5,0,1,1,0,0,0,0,0,13.33081,52.50033
1,1100205,2019,7,10,4,3,5,2,0,1,1,0,0,0,0,0,13.38215,52.51397
1,1300733,2019,7,7,4,3,1,5,0,1,1,0,0,0,0,0,13.38271,52.55167
2,2100101,2019,7,9,4,3,6,7,0,1,0,1,0,0,0,0,13.38004,52.5062
1,1300836,2019,7,9,4,3,5,3,0,1,0,0,0,1,0,0,13.37935,52.5405
9,9100203,2019,7,9,4,3,0,1,0,1,0,0,0,0,0,0,13.47873,52.47163
5,5100105,2019,7,9,4,3,0,3,0,0,1,0,1,0,0,0,13.20137,52.56214
12,12100204,2019,7,16,4,3,9,1,0,0,1,0,0,0,0,0,13.36312,52.56624
11,11200513,2019,7,9,4,3,5,2,0,1,1,0,0,0,0,0,13.48563,52.53879
12,12100206,2019,7,15,4,2,1,7,0,0,1,0,0,0,1,0,13.34115,52.57271
4,4500936,2019,7,15,4,3,0,1,0,0,0,0,1,0,0,0,13.30418,52.50374
11,11300724,2019,7,15,4,3,1,5,0,1,1,0,0,0,0,0,13.4848,52.52078
10,10100208,2019,7,15,4,2,5,2,0,0,0,0,1,0,1,0,13.57357,52.5524
5,5100209,2019,7,15,4,3,0,2,0,1,1,0,0,0,0,0,13.18298,52.54792
4,4501041,2019,7,14,4,3,2,7,0,0,1,0,0,0,0,0,13.31758,52.50124
4,4501042,2019,7,14,4,3,5,2,0,1,1,0,0,0,0,0,13.331,52.50153
9,9300920,2019,7,8,4,3,5,2,0,1,1,0,0,0,0,0,13.52586,52.42293
3,3200309,2019,7,7,4,3,0,1,0,1,0,0,0,0,0,0,13.4323,52.60464
9,9200715,2019,7,7,4,3,5,3,0,1,0,0,1,0,0,0,13.5388,52.43149
4,5300841,2019,7,0,4,3,7,7,2,0,1,0,0,0,0,0,13.26944,52.54861
6,6300528,2019,7,14,4,3,5,3,0,1,1,0,0,0,0,0,13.26717,52.4103
7,7400826,2019,7,14,4,2,2,6,0,0,1,0,0,0,1,0,13.36335,52.44793
9,9100306,2019,7,13,4,3,4,6,0,0,1,0,0,0,0,0,13.4719,52.45529
2,2400522,2019,7,15,4,3,3,6,0,1,1,0,0,0,0,0,13.4439,52.51897
1,1100308,2019,7,13,4,3,1,5,0,1,1,0,0,0,0,0,13.37932,52.52448
4,4300623,2019,7,13,4,3,5,7,0,1,1,0,0,0,0,0,13.30678,52.51005
4,4300623,2019,7,12,4,3,3,6,0,1,1,0,0,0,0,0,13.31395,52.50675
1,1300834,2019,7,19,3,3,0,6,0,0,1,0,1,0,0,0,13.39604,52.53834
8,8100417,2019,7,13,3,3,0,6,0,0,1,0,0,0,1,0,13.44908,52.47059
4,4501043,2019,7,8,3,3,0,7,0,1,0,0,0,0,0,1,13.31363,52.49069
11,11501340,2019,7,19,3,3,5,3,0,1,0,0,0,0,1,0,13.53578,52.47786
7,7100102,2019,7,22,3,3,0,7,2,0,0,0,1,0,0,0,13.36025,52.49806
4,4300622,2019,7,15,3,3,5,3,0,1,1,0,0,0,0,0,13.31722,52.51396
3,3601141,2019,7,15,3,3,2,6,0,0,1,0,1,0,0,0,13.41397,52.55363
9,9300920,2019,7,14,3,3,5,2,0,0,1,0,0,0,1,0,13.52698,52.41852
1,1100102,2019,7,16,3,3,2,2,0,0,1,0,0,0,0,0,13.37123,52.5111
7,7100102,2019,7,14,3,2,5,7,0,0,1,0,1,0,0,0,13.35395,52.50011
4,4501045,2019,7,14,3,3,6,7,0,1,0,1,0,0,0,0,13.32891,52.50007
2,2200210,2019,7,22,3,3,2,6,2,0,1,0,1,0,0,0,13.40574,52.49344
4,4300415,2019,7,21,3,3,5,2,0,0,1,0,1,0,0,0,13.28885,52.50666
5,5100209,2019,7,20,3,3,2,6,1,0,1,0,0,0,0,0,13.1845,52.54631
1,1300730,2019,7,13,3,2,5,7,0,0,1,0,1,0,0,0,13.37123,52.55881
4,4501045,2019,7,12,3,3,2,6,0,0,1,0,1,0,0,0,13.334,52.49981
1,1100308,2019,7,19,3,3,3,6,0,1,0,1,0,0,1,0,13.38472,52.52923
6,6400737,2019,7,18,3,3,5,3,0,1,1,0,0,0,0,0,13.20659,52.43045
7,7100206,2019,7,18,3,2,0,7,0,1,0,1,0,0,0,0,13.36902,52.49306
2,2400521,2019,7,12,3,3,6,4,0,1,0,1,0,0,0,0,13.43973,52.51406
2,2200212,2019,7,18,3,3,0,6,0,0,0,0,0,0,1,0,13.41644,52.49097
8,8200833,2019,7,17,3,3,0,3,0,1,1,0,0,0,0,0,13.4456,52.41631
9,9200613,2019,7,17,3,3,0,1,0,1,1,0,0,0,0,0,13.51173,52.45828
7,7400927,2019,7,17,3,3,2,6,0,0,1,0,1,0,0,0,13.39461,52.4657
6,6400841,2019,7,17,3,2,1,5,0,1,0,0,0,0,1,0,13.26707,52.44465
4,4400831,2019,7,17,3,3,5,3,0,1,1,0,0,0,0,0,13.28167,52.47645
11,11200513,2019,7,15,3,3,6,4,0,1,0,1,0,0,0,0,13.48892,52.54223
11,11501340,2019,7,10,3,3,5,3,0,0,1,0,0,0,0,0,13.53187,52.48406
2,2500835,2019,7,16,3,3,5,2,0,1,1,0,0,0,0,0,13.45071,52.50167
8,8300934,2019,7,16,3,3,5,3,0,1,1,0,0,0,0,0,13.45728,52.43114
1,1300733,2019,7,16,3,3,1,5,0,1,1,0,0,0,0,0,13.39629,52.55073
1,1400942,2019,7,16,3,3,5,3,0,1,1,0,0,0,0,0,13.34741,52.54386
9,9200512,2019,7,15,3,3,5,2,0,0,1,0,0,0,1,0,13.55454,52.45589
11,11300724,2019,7,15,3,2,2,6,0,0,1,0,0,0,0,0,13.48965,52.51224
5,5100316,2019,7,15,3,3,6,4,0,0,1,1,0,0,0,0,13.19963,52.53449
7,7601341,2019,7,10,3,2,5,2,0,0,1,0,0,0,0,0,13.37629,52.40915
4,4501043,2019,7,10,3,3,5,2,0,1,1,0,0,0,0,0,13.31416,52.49056
8,8200730,2019,7,10,3,3,5,2,0,1,1,0,0,0,0,0,13.43491,52.4403
12,12100206,2019,7,7,4,2,2,6,0,1,1,0,0,0,0,0,13.34474,52.57392
1,1100104,2019,7,9,3,3,5,7,0,1,1,0,0,0,0,0,13.3657,52.50309
7,7400823,2019,7,9,3,3,5,2,0,0,1,0,1,0,0,0,13.3856,52.46859
4,4400727,2019,7,16,4,3,6,4,0,0,1,1,0,0,0,0,13.29361,52.49135
10,10300733,2019,7,7,4,2,5,3,0,1,1,0,0,0,0,0,13.56244,52.51147
9,9100407,2019,7,6,3,3,5,2,0,0,1,0,0,0,0,0,13.50661,52.44655
1,1401044,2019,7,6,3,3,2,2,0,0,1,0,0,0,0,0,13.35992,52.54679
4,4501040,2019,7,16,4,3,2,6,0,0,1,0,0,0,0,0,13.31105,52.50049
12,12200413,2019,7,6,3,3,5,3,0,1,1,0,0,0,0,0,13.29249,52.57869
4,4300622,2019,7,18,4,3,5,3,0,0,1,0,0,0,0,0,13.32098,52.51305
1,1400942,2019,7,4,3,2,5,3,1,0,1,0,0,0,0,0,13.3439,52.54641
10,11200515,2019,7,1,3,3,5,2,2,0,1,0,0,0,1,0,13.51734,52.53564
6,6100102,2019,7,16,4,3,6,4,0,0,1,1,0,0,0,0,13.3193,52.45931
8,8200730,2019,7,0,3,2,6,4,2,0,1,1,0,0,0,0,13.43501,52.43555
8,8100102,2019,7,15,4,2,5,2,0,1,1,0,0,0,0,0,13.4211,52.48027
7,7200308,2019,7,6,3,3,5,3,0,0,0,0,0,0,1,0,13.3325,52.46898
6,6300528,2019,7,8,4,3,0,1,0,0,0,0,1,0,0,0,13.26986,52.40917
4,4200308,2019,7,9,4,3,2,6,0,0,1,0,0,0,0,0,13.27723,52.51866
1,1100207,2019,7,15,2,3,6,4,0,1,0,1,0,0,0,0,13.38974,52.51135
7,7400927,2019,7,18,2,3,0,7,0,1,1,0,0,0,0,0,13.38642,52.46147
12,12601134,2019,7,0,4,2,0,1,2,0,1,0,0,0,0,0,13.35332,52.60007
4,4501042,2019,7,11,2,3,5,3,0,0,0,0,1,1,0,0,13.33927,52.50318
1,1401044,2019,7,0,4,3,5,2,2,0,0,0,0,0,1,0,13.37753,52.55638
8,8200832,2019,7,15,2,3,6,4,0,0,1,1,0,0,0,0,13.43558,52.42322
1,1300836,2019,7,19,4,3,6,4,0,1,0,1,0,0,0,0,13.37455,52.5481
7,7300619,2019,7,21,2,3,0,1,0,0,0,0,1,0,0,0,13.35568,52.45744
1,1200522,2019,7,8,4,3,6,7,0,0,1,1,0,0,0,0,13.3358,52.52075
2,2400625,2019,7,19,2,2,5,2,0,1,1,0,0,0,0,0,13.44664,52.50282
4,4300518,2019,7,19,2,2,5,2,0,0,1,0,0,0,0,0,13.30609,52.52329
4,4300623,2019,7,17,4,1,2,2,0,1,1,0,0,0,0,0,13.30955,52.51026
11,11200514,2019,7,22,3,3,0,1,2,1,0,0,0,0,0,0,13.47391,52.53622
3,3400830,2019,7,19,2,3,4,2,0,1,1,0,0,0,0,0,13.40935,52.55932
9,9100409,2019,7,14,3,3,0,1,0,1,0,0,0,0,0,0,13.50766,52.44108
6,6100205,2019,7,18,2,2,2,7,0,0,1,0,1,0,1,0,13.35389,52.44345
8,8200727,2019,7,18,3,3,5,2,0,1,1,0,0,0,0,0,13.43419,52.44295
1,1100102,2019,7,17,2,3,0,1,0,0,0,0,1,0,0,0,13.3529,52.51624
11,11200513,2019,7,17,3,3,5,2,0,0,1,0,0,0,0,0,13.49437,52.54508
7,7601238,2019,7,16,2,2,0,1,0,0,0,0,0,0,1,0,13.38469,52.42208
1,1401044,2019,7,16,2,3,2,6,0,0,1,0,0,0,0,0,13.38352,52.55579
4,4501042,2019,7,17,3,2,5,7,0,0,1,0,1,0,0,0,13.33122,52.50292
1,1300733,2019,7,12,2,3,5,7,0,0,1,0,0,1,0,0,13.38261,52.55188
2,2300314,2019,7,17,3,3,1,5,0,1,1,0,0,0,0,0,13.41843,52.50152
6,6100101,2019,7,11,2,3,5,3,0,1,1,0,0,0,0,0,13.31844,52.45451
5,5200631,2019,7,17,3,3,1,5,0,1,1,0,0,0,0,0,13.19738,52.52104
2,2100104,2019,7,12,2,3,5,7,0,0,1,0,1,0,0,0,13.41166,52.50336
4,4300517,2019,7,15,3,2,1,1,0,0,1,1,0,0,0,0,13.30002,52.52947
5,5300735,2019,7,10,2,3,5,2,0,0,1,0,0,0,0,0,13.22578,52.55514
11,11401137,2019,7,10,2,2,5,2,0,1,0,0,0,0,1,0,13.50892,52.49496
6,6400737,2019,7,14,3,3,5,3,0,1,0,0,0,1,0,0,13.19087,52.43458
5,5100314,2019,7,14,3,3,0,3,0,0,1,0,1,0,0,0,13.20745,52.55034
12,12200411,2019,7,11,2,3,0,1,0,0,0,0,1,0,0,0,13.3317,52.56202
8,8100310,2019,7,16,2,3,1,5,0,1,1,0,0,0,0,0,13.44245,52.48345
4,4200308,2019,7,11,3,3,5,3,0,1,1,0,0,0,0,0,13.26954,52.51972
1,1100311,2019,7,9,2,2,5,3,0,1,1,0,0,0,0,0,13.41792,52.51558
12,12500825,2019,7,15,2,2,5,2,0,0,1,0,1,0,0,0,13.31713,52.58821
12,12601235,2019,7,11,3,3,2,6,0,0,1,0,0,0,0,0,13.35644,52.5967
1,1100313,2019,7,11,3,2,5,2,0,0,1,0,1,0,0,0,13.42203,52.51099
4,4400834,2019,7,8,2,3,1,5,0,1,0,0,0,0,1,0,13.30964,52.47651
6,6200421,2019,7,11,3,3,2,6,0,0,1,0,0,0,0,0,13.3132,52.42298
4,4100101,2019,7,7,2,3,5,3,0,0,1,0,0,0,0,0,13.2969,52.54801
1,1100416,2019,7,10,3,3,2,6,0,0,1,0,0,0,0,0,13.39712,52.53681
9,9200613,2019,7,6,2,3,5,2,0,0,1,0,0,0,0,0,13.49584,52.46607
1,1100308,2019,7,8,3,3,0,2,0,1,0,0,1,0,0,0,13.38531,52.52876
1,1100310,2019,7,6,2,3,5,2,0,0,1,0,0,0,0,0,13.4118,52.52397
5,5300735,2019,7,6,2,3,3,6,0,0,0,0,1,1,0,0,13.21839,52.53743
7,7601545,2019,7,8,3,2,5,3,0,1,1,0,0,0,0,0,13.41982,52.3929
9,9200510,2019,7,5,2,3,0,1,1,0,0,0,1,0,0,0,13.51033,52.46407
4,4100101,2019,7,6,3,3,5,2,1,0,1,0,0,0,0,0,13.32624,52.53804
8,8100206,2019,7,2,2,3,5,3,2,0,1,0,0,0,0,0,13.42512,52.48061
11,11501238,2019,7,22,3,3,2,6,2,0,1,0,0,0,0,0,13.47486,52.50158
4,4400835,2019,7,7,2,3,0,3,0,1,1,0,0,0,0,0,13.31346,52.47702
3,3500933,2019,7,22,3,3,5,2,2,0,1,0,0,0,0,0,13.46772,52.555
4,4501042,2019,7,1,2,2,1,5,2,1,1,0,0,0,0,0,13.32935,52.50346
10,10100313,2019,7,14,2,2,1,1,0,0,1,0,0,1,0,0,13.55815,52.53553
4,4501040,2019,7,20,3,3,2,7,1,0,1,0,0,0,0,0,13.31275,52.50331
1,1400938,2019,7,19,3,3,2,6,0,0,1,0,1,0,0,0,13.34256,52.5453
9,9200819,2019,7,14,2,3,6,2,0,0,1,1,0,0,0,0,13.57158,52.43672
1,1100102,2019,7,14,2,3,2,2,0,0,1,0,0,0,0,0,13.35466,52.51702
12,12200515,2019,7,19,3,3,6,2,0,0,1,1,0,0,0,0,13.28236,52.59085
8,8100521,2019,7,14,2,2,5,2,0,0,1,0,1,0,0,0,13.46621,52.46501
7,7100102,2019,7,19,3,2,5,2,0,1,1,0,0,0,0,0,13.34813,52.50235
4,4300414,2019,7,13,2,3,5,2,0,1,1,0,0,0,0,0,13.29155,52.51047
7,7601238,2019,7,13,2,3,2,6,0,0,1,0,0,0,0,0,13.38273,52.41117
3,3601245,2019,7,12,2,3,5,3,0,0,1,0,0,0,0,0,13.43044,52.55124
9,9100306,2019,7,19,3,3,2,6,0,0,1,0,0,0,0,0,13.46064,52.45416
4,4100101,2019,7,13,2,2,5,7,0,0,1,0,1,0,0,0,13.31711,52.54718
4,4400832,2019,7,12,2,3,2,6,0,0,1,0,0,0,0,0,13.29308,52.47468
10,10400837,2019,6,16,1,3,5,3,0,0,1,0,1,0,0,0,13.57758,52.48222
4,4300622,2019,6,3,1,2,0,7,2,1,0,0,0,0,0,0,13.3214,52.51801
1,1200517,2019,7,12,2,3,6,4,0,0,1,1,0,0,0,0,13.32838,52.53372
7,7200308,2019,6,1,1,3,1,1,2,0,1,0,0,0,1,0,13.34144,52.47899
2,2200212,2019,6,22,1,2,0,7,2,1,0,0,0,0,0,0,13.41344,52.48822
9,9501941,2019,7,11,2,3,0,1,0,0,0,0,1,0,0,1,13.56721,52.455
5,5400943,2019,6,20,1,3,1,5,0,0,1,0,1,0,0,0,13.11518,52.46091
2,2300314,2019,7,10,2,3,3,6,0,1,0,0,0,0,0,0,13.41976,52.49916
10,10200420,2019,6,19,1,3,5,2,0,1,1,0,0,0,0,0,13.58952,52.54496
9,9501737,2019,6,19,1,2,2,6,0,0,1,0,0,0,0,0,13.63708,52.4477
9,9401329,2019,7,9,2,3,5,3,0,1,1,0,0,0,0,0,13.58274,52.4342
8,8300935,2019,7,8,2,3,2,6,0,0,1,0,0,0,0,0,13.4475,52.42713
2,2100104,2019,6,19,1,3,5,2,0,1,1,0,0,0,0,0,13.40523,52.50518
3,3200309,2019,6,16,1,3,5,3,0,1,1,0,0,0,0,0,13.43004,52.62095
1,1100312,2019,7,8,2,3,1,5,0,1,1,0,0,0,0,0,13.41326,52.51334
8,8100417,2019,6,15,1,2,5,3,0,1,1,0,0,0,0,0,13.44514,52.47395
1,1100312,2019,7,7,2,3,5,3,0,0,1,0,0,1,0,0,13.40521,52.5084
7,7501134,2019,6,14,1,2,6,7,0,0,1,1,0,0,0,0,13.39085,52.43447
8,8100208,2019,7,6,2,3,5,3,0,1,1,0,0,0,0,0,13.43869,52.46938
2,2300314,2019,6,14,1,3,5,2,0,0,1,0,1,0,0,0,13.42065,52.50326
12,12500930,2019,7,3,2,3,9,1,2,0,1,0,0,0,0,0,13.31552,52.57799
4,4300623,2019,6,9,1,3,1,5,0,1,1,0,0,0,0,0,13.31408,52.50745
5,5200629,2019,6,13,1,3,1,5,0,0,1,0,0,0,0,0,13.19606,52.52994
2,2100102,2019,7,18,2,3,6,4,0,1,0,1,0,0,0,0,13.39698,52.50529
7,7100206,2019,7,16,2,3,5,2,0,1,1,0,0,0,0,1,13.36271,52.48894
3,3501038,2019,6,12,1,3,5,2,0,0,1,0,0,0,0,0,13.47025,52.55363
12,12200515,2019,7,15,2,3,2,2,0,0,1,0,0,0,0,0,13.28091,52.59391
8,8301037,2019,6,12,1,3,5,7,0,1,1,0,0,0,0,0,13.46414,52.42531
3,3400620,2019,7,15,2,3,5,2,0,1,1,0,0,0,0,0,13.38015,52.57503
2,2300314,2019,6,11,1,3,2,2,0,1,1,0,0,0,0,0,13.41917,52.50131
7,7300619,2019,7,14,2,2,3,6,0,0,1,0,0,0,1,1,13.34762,52.46693
3,3500934,2019,6,11,1,3,3,6,0,1,1,0,0,0,0,0,13.43565,52.55401
8,8100206,2019,7,14,2,3,2,6,0,0,1,0,0,0,0,1,13.42431,52.48588
11,11200513,2019,6,10,1,3,5,3,0,0,1,0,0,1,0,0,13.49492,52.54206
10,10300731,2019,6,10,1,3,5,3,0,1,1,0,0,0,0,0,13.55494,52.51564
10,10400837,2019,7,14,2,3,5,2,0,1,1,0,0,0,0,0,13.57568,52.49021
4,4500939,2019,6,9,1,3,1,5,0,1,1,0,0,0,0,0,13.31117,52.4894
6,6100102,2019,7,14,2,3,2,5,0,0,0,0,1,0,1,1,13.3252,52.45854
6,6300528,2019,6,8,1,2,0,1,0,1,0,0,0,0,0,0,13.27851,52.42989
1,1400938,2019,6,11,7,3,5,5,0,1,1,0,0,0,0,0,13.33975,52.55436
7,7400823,2019,7,14,2,3,2,6,0,0,1,0,1,0,0,1,13.3824,52.45588
10,10100312,2019,6,2,7,3,5,3,2,0,1,0,0,0,0,0,13.54415,52.52583
9,9501941,2019,7,13,2,3,0,4,0,0,0,1,0,0,1,0,13.57867,52.45781