BEZ,LOR_ab_2021,UJAHR,UMONAT,USTUNDE,UWOCHENTAG,UKATEGORIE,UART,UTYP1,ULICHTVERH,IstRad,IstPKW,IstFuss,IstKrad,IstGkfz,IstSonstige,USTRZUSTAND,XGCSWGS84,YGCSWGS84
6,6400841,2019,6,16,7,2,2,7,0,0,1,0,1,0,0,0,13.26277,52.43899
12,12200414,2019,7,13,2,3,3,6,0,0,1,0,0,0,0,0,13.29346,52.55233
2,2300316,2019,6,23,7,3,0,7,2,0,0,1,1,0,0,0,13.44275,52.50116
1,1401047,2019,7,20,2,3,3,6,1,1,1,0,0,0,0,0,13.35901,52.53981
1,1300733,2019,6,22,7,3,5,2,2,0,1,0,0,0,0,0,13.39135,52.55517
8,8100102,2019,6,21,7,3,0,7,1,1,0,0,0,0,0,0,13.42626,52.47763
4,4300623,2019,7,19,2,3,5,2,0,0,1,0,0,0,0,0,13.31387,52.50631
8,8100520,2019,7,19,2,3,2,6,0,0,1,0,0,0,0,0,13.46824,52.47205
3,3601141,2019,6,21,7,3,5,2,1,1,0,0,0,0,1,0,13.40257,52.5546
8,8100104,2019,7,17,2,3,3,6,0,0,1,0,1,0,0,1,13.43342,52.46396
9,9501941,2019,6,19,7,3,3,6,0,0,1,0,1,0,0,0,13.59318,52.45197
2,2400521,2019,7,17,2,3,5,2,0,1,1,0,0,0,0,0,13.43058,52.51126
4,4400835,2019,6,19,7,2,5,2,0,1,1,0,0,0,0,0,13.31944,52.47686
1,1401044,2019,7,17,2,3,2,6,0,0,1,0,0,1,0,1,13.38101,52.55629
4,4501040,2019,6,18,7,3,1,5,0,1,1,0,0,0,0,0,13.30742,52.50425
4,4500938,2019,6,18,7,3,5,2,0,1,1,0,0,0,0,0,13.29793,52.4955
12,12200414,2019,7,17,2,2,2,6,0,0,1,0,1,0,0,1,13.29698,52.5802
8,8401241,2019,6,18,7,3,0,2,0,1,1,0,0,0,0,0,13.47324,52.43238
3,3601452,2019,7,17,2,3,5,3,0,1,1,0,0,0,0,1,13.44933,52.52883
10,10200524,2019,6,18,7,3,5,2,0,0,1,0,0,0,0,0,13.61551,52.53195
9,9501941,2019,7,16,2,3,2,6,0,1,1,0,0,0,0,1,13.57285,52.45422
1,1100102,2019,6,17,7,3,0,1,0,0,0,0,0,0,1,0,13.37663,52.51776
3,3400723,2019,7,11,2,3,0,5,0,1,1,0,0,0,0,0,13.4243,52.57609
2,2200209,2019,6,15,7,2,6,2,0,0,1,1,0,0,0,0,13.37653,52.48771
8,8100520,2019,6,15,7,3,2,6,0,0,1,0,0,0,0,0,13.46487,52.47047
10,10200627,2019,7,15,2,3,6,4,0,0,1,1,0,0,0,0,13.58953,52.52802
10,10400836,2019,6,13,7,3,5,3,0,0,1,0,0,0,0,0,13.59628,52.50616
8,8200624,2019,7,16,2,3,2,6,0,0,1,0,0,0,0,1,13.43497,52.4505
11,11200514,2019,6,12,7,2,5,7,0,0,1,0,1,0,0,0,13.47471,52.53646
4,4501042,2019,7,18,2,3,1,7,0,1,1,0,0,0,0,0,13.33451,52.50324
8,8200622,2019,6,11,7,3,0,1,0,1,0,0,0,0,0,0,13.43493,52.4609
1,1200628,2019,7,22,1,3,6,4,1,0,1,1,0,0,0,0,13.36796,52.52442
3,3300516,2019,6,11,7,3,5,3,0,0,1,0,0,0,0,0,13.44132,52.56856
3,3300514,2019,6,11,7,2,5,2,0,1,1,0,0,0,0,0,13.45351,52.59127
1,1100310,2019,7,21,1,3,3,2,1,1,0,0,0,0,0,0,13.41182,52.52397
1,1200520,2019,7,21,1,3,0,3,1,0,1,0,1,0,0,0,13.33799,52.53021
4,4501146,2019,6,8,7,3,0,7,0,0,1,0,1,0,0,0,13.31272,52.48926
1,1100313,2019,6,7,7,3,5,2,0,1,1,0,0,0,0,0,13.42119,52.50981
1,1200628,2019,7,20,1,3,5,3,0,0,1,0,0,0,0,0,13.36722,52.52317
12,12400721,2019,6,7,7,3,4,6,0,0,1,0,0,0,0,0,13.2949,52.63711
4,4200308,2019,7,19,1,3,0,1,0,1,0,0,0,0,0,0,13.28344,52.51852
2,2300417,2019,6,1,7,3,5,3,2,0,1,0,0,0,0,0,13.42958,52.4982
2,2300314,2019,6,1,7,3,1,5,2,1,0,0,0,0,1,0,13.41816,52.49971
8,8300935,2019,7,17,1,3,5,2,0,0,1,0,0,0,0,0,13.44691,52.42697
7,7501031,2019,6,19,6,3,5,2,0,0,1,0,0,0,1,0,13.39616,52.44729
9,9200715,2019,6,19,6,3,5,2,0,0,1,0,0,0,0,0,13.53516,52.43231
5,5400943,2019,7,17,1,3,9,1,0,0,1,0,0,0,0,0,13.13253,52.4731
11,11501339,2019,6,14,6,3,6,4,0,0,1,1,0,0,0,0,13.52662,52.49288
12,12500929,2019,7,16,1,3,5,3,0,1,1,0,0,0,0,0,13.35466,52.61802
7,7100204,2019,7,13,1,3,6,4,0,1,0,1,0,0,0,0,13.35372,52.49372
3,3701660,2019,6,6,6,3,5,7,0,0,1,0,0,0,1,0,13.42765,52.52847
1,1200624,2019,7,12,1,3,5,2,0,0,1,0,0,0,0,0,13.36024,52.53732
1,1100309,2019,6,15,6,3,5,2,0,1,1,0,0,0,0,0,13.40366,52.52601
4,4200207,2019,7,8,1,2,5,3,0,1,1,0,0,0,0,0,13.26195,52.50115
12,12400619,2019,6,20,6,3,9,1,0,0,1,0,0,0,0,0,13.25094,52.59998
3,3701554,2019,6,19,6,3,1,5,0,1,0,0,0,0,1,0,13.41079,52.5396
7,7601544,2019,7,5,1,3,5,3,0,0,1,0,0,0,1,0,13.40642,52.39376
8,8100417,2019,7,16,7,3,5,2,0,1,1,0,0,0,0,0,13.44336,52.46991
1,1401047,2019,6,18,6,3,5,2,0,1,1,0,0,0,0,0,13.34944,52.54233
4,4200311,2019,6,17,6,3,5,2,0,1,0,0,0,0,0,0,13.28135,52.51233
5,5200629,2019,7,23,7,3,6,4,2,0,1,1,0,0,0,1,13.19807,52.53306
5,5100314,2019,6,17,6,3,5,3,0,1,1,0,0,0,0,0,13.20739,52.54482
1,1100101,2019,7,23,7,3,5,2,2,0,1,0,0,0,0,0,13.34131,52.50511
3,3500934,2019,6,17,6,3,2,2,0,0,1,0,0,0,0,0,13.4305,52.55177
1,1100416,2019,6,16,6,3,5,2,0,0,0,0,1,0,1,0,13.40672,52.53576
8,8401246,2019,7,23,7,2,0,1,2,0,0,0,1,0,0,1,13.51574,52.42088
1,1100102,2019,6,15,6,3,5,2,0,1,1,0,0,0,0,0,13.35863,52.50675
6,6200311,2019,6,16,6,3,5,2,0,0,1,0,1,0,0,0,13.3531,52.43338
1,1100308,2019,7,22,7,2,0,1,2,1,0,0,0,0,0,1,13.37437,52.52799
7,7200308,2019,6,14,6,3,1,5,0,1,1,0,0,0,0,0,13.33274,52.4762
1,1100415,2019,7,22,7,3,2,6,2,0,1,0,0,0,0,1,13.40103,52.52999
2,2400521,2019,6,13,6,3,5,2,0,1,1,0,0,0,0,0,13.42953,52.5231
12,12200515,2019,6,13,6,3,5,2,0,1,1,0,0,0,0,0,13.28426,52.59444
8,8100417,2019,7,20,7,3,0,1,2,0,1,0,0,0,0,1,13.45617,52.47381
7,7501133,2019,7,21,7,3,6,2,2,0,1,1,0,0,0,1,13.3878,52.43903
1,1300834,2019,6,12,6,3,5,2,0,1,1,0,0,0,0,0,13.40159,52.53976
2,2400521,2019,6,12,6,3,5,7,0,0,0,0,1,0,1,0,13.42919,52.50914
1,1100310,2019,7,20,7,3,5,3,1,1,1,0,0,0,0,1,13.40961,52.52264
1,1300733,2019,6,12,6,3,5,3,0,1,1,0,0,0,0,0,13.39226,52.55481
1,1100205,2019,7,20,7,3,0,2,0,1,1,0,0,0,0,1,13.37683,52.5094
2,2100102,2019,6,11,6,3,5,2,0,1,1,0,0,0,0,0,13.39097,52.50418
3,3200309,2019,6,11,6,3,6,3,0,0,1,1,0,0,0,0,13.43222,52.6045
1,1100310,2019,6,11,6,3,5,5,0,1,1,0,0,0,0,0,13.40617,52.51797
1,1401044,2019,7,19,7,3,2,6,0,0,1,0,0,0,0,1,13.36518,52.54911
11,11100204,2019,6,10,6,3,2,6,0,0,1,0,0,1,0,0,13.52021,52.56846
1,1100309,2019,7,19,7,3,5,3,0,1,1,0,0,0,0,1,13.40266,52.52803
1,1100309,2019,6,10,6,3,0,3,0,1,1,0,0,0,0,0,13.39507,52.52797
4,4501040,2019,7,19,7,3,0,3,0,1,0,0,1,0,0,1,13.30759,52.50368
2,2100102,2019,6,9,6,3,5,3,0,1,1,0,0,0,0,0,13.39841,52.50705
2,2500726,2019,7,19,7,3,5,3,0,0,1,0,0,0,1,1,13.44746,52.52643
12,12200414,2019,6,18,6,3,2,6,0,0,1,0,0,0,0,0,13.28306,52.57565
6,6100207,2019,7,18,7,3,5,2,0,1,1,0,0,0,0,0,13.32756,52.45465
8,8100314,2019,6,22,6,3,0,1,2,1,0,0,0,0,0,0,13.43353,52.48203
6,6100103,2019,7,18,7,3,0,1,0,0,0,0,1,0,0,0,13.3103,52.46658
9,9200717,2019,6,17,6,2,0,1,0,1,0,0,0,0,0,0,13.553,52.43969
7,7200308,2019,6,17,6,2,6,4,0,0,1,1,0,0,0,0,13.33268,52.46914
10,10300731,2019,7,17,7,3,0,1,0,0,0,0,1,0,0,0,13.55486,52.51572
1,1200623,2019,6,13,6,3,1,5,0,0,1,0,0,0,0,0,13.35431,52.52804
4,4501146,2019,7,17,7,3,5,2,0,0,1,0,0,0,0,0,13.32021,52.48369
11,11501238,2019,6,12,6,2,5,3,0,1,1,0,0,0,0,0,13.47649,52.50089
9,9200715,2019,6,11,6,3,2,6,0,0,1,0,0,0,0,0,13.55113,52.42888
1,1401044,2019,7,16,7,3,5,3,0,1,1,0,0,0,0,0,13.37569,52.55063
4,4300412,2019,6,9,6,3,5,2,0,1,1,0,0,0,0,0,13.29241,52.51908
1,1200628,2019,7,15,7,3,5,3,0,0,1,0,0,0,0,0,13.35985,52.52346
4,4501042,2019,6,9,6,3,1,5,0,1,1,0,0,0,0,0,13.33818,52.5052
4,4501150,2019,7,15,7,3,6,6,0,1,0,1,0,0,0,0,13.32423,52.48423
1,1100310,2019,6,9,6,3,5,2,0,1,0,0,1,0,0,0,13.42002,52.52497
5,5200419,2019,7,13,7,3,0,6,0,0,1,0,1,0,0,0,13.14694,52.53965
9,9200717,2019,6,9,6,3,6,7,0,1,1,1,0,0,0,0,13.54457,52.43662
8,8100314,2019,6,8,6,3,6,2,0,0,1,1,0,0,0,0,13.43364,52.48189
1,1200522,2019,7,12,7,3,5,2,0,0,1,0,1,0,0,0,13.33757,52.51979
3,3100101,2019,7,12,7,3,7,7,0,1,0,0,0,0,0,0,13.4805,52.6372
4,4200311,2019,6,8,6,3,5,2,0,1,1,0,0,0,0,0,13.27347,52.49996
9,9300920,2019,7,12,7,3,1,5,0,0,1,0,1,0,0,0,13.52853,52.4179
2,2500833,2019,6,7,6,2,2,2,0,1,1,0,0,0,0,0,13.45877,52.50643
7,7400823,2019,7,12,7,3,5,3,0,0,1,0,0,0,0,0,13.3722,52.45551
6,6200313,2019,6,7,6,3,5,2,0,0,1,0,0,0,0,0,13.34835,52.43788
4,4400728,2019,6,1,6,3,1,5,2,0,1,0,0,0,0,0,13.2783,52.47787
1,1401044,2019,7,11,7,3,3,6,0,0,1,0,1,0,0,0,13.36494,52.55008
4,4501044,2019,7,11,7,3,2,6,0,1,0,0,0,0,0,0,13.31995,52.49599
8,8100310,2019,6,10,6,3,3,6,0,1,1,0,0,0,0,0,13.43334,52.49178
8,8100104,2019,6,9,6,3,3,6,0,1,1,0,0,0,0,0,13.43258,52.46529
6,6100210,2019,7,0,7,3,1,7,2,0,1,0,0,0,0,0,13.34123,52.46044
11,11300826,2019,6,7,5,2,5,3,0,1,1,0,0,0,0,0,13.48225,52.50773
8,8100104,2019,7,6,7,3,4,6,0,0,1,0,0,0,0,0,13.4305,52.46888
3,3500935,2019,6,13,5,3,6,7,0,0,0,0,0,0,1,0,13.45466,52.55061
6,6100103,2019,6,13,5,3,3,6,0,0,1,0,0,0,0,0,13.31536,52.46475
1,1100205,2019,7,12,6,3,5,2,0,1,1,0,0,0,0,0,13.37706,52.50859
1,1300836,2019,6,13,5,3,0,1,0,1,1,0,0,0,0,0,13.37737,52.54964
10,10100313,2019,7,22,6,3,5,3,2,0,1,0,0,0,0,0,13.5397,52.53982
1,1100206,2019,6,13,5,3,5,3,0,0,1,0,0,0,0,0,13.3915,52.52208
8,8100104,2019,7,22,6,3,3,6,2,0,1,0,0,0,0,0,13.43188,52.46654
4,4501042,2019,6,13,5,3,5,3,0,1,1,0,0,0,0,0,13.33125,52.50311
7,7100102,2019,7,21,6,3,5,2,2,1,1,0,0,0,0,0,13.3463,52.50124
9,9200510,2019,6,12,5,3,3,6,0,0,1,0,1,0,0,0,13.50196,52.48208
4,4300624,2019,6,12,5,3,1,5,0,0,1,0,1,0,0,0,13.32313,52.51058
6,6100102,2019,7,21,6,2,5,2,0,0,1,0,1,0,0,0,13.32272,52.45648
1,1401044,2019,7,20,6,2,5,3,1,1,1,0,0,0,0,0,13.37002,52.55291
1,1100308,2019,6,11,5,2,5,3,0,0,0,0,0,1,1,0,13.38693,52.52713
1,1100310,2019,6,11,5,3,1,5,0,0,1,0,0,0,0,0,13.41343,52.52777
1,1100308,2019,7,20,6,3,5,3,0,1,0,0,0,0,0,0,13.38789,52.52241
10,10100311,2019,6,20,5,3,5,2,0,0,1,0,0,0,0,0,13.51751,52.53541
1,1100308,2019,7,19,6,3,0,2,0,0,1,0,0,0,1,0,13.37854,52.5291
4,4300623,2019,6,19,5,3,5,2,0,1,1,0,0,0,0,0,13.31109,52.50659
9,9501737,2019,7,18,6,3,3,6,0,0,1,0,0,0,1,0,13.62536,52.45607
2,2300314,2019,6,18,5,3,1,5,0,1,1,0,0,0,1,0,13.41781,52.50169
7,7400927,2019,7,17,6,3,6,7,0,0,1,1,0,0,0,0,13.38433,52.45698
1,1300836,2019,6,11,5,3,4,6,0,1,1,0,0,0,0,0,13.37403,52.54752
7,7601545,2019,7,17,6,2,5,3,0,0,1,0,1,0,0,0,13.42183,52.3949
11,11401137,2019,6,11,5,2,5,3,0,1,1,0,0,0,0,0,13.50607,52.49198
6,6400838,2019,7,17,6,3,5,2,0,1,0,0,0,0,1,0,13.23237,52.43764
3,3601245,2019,6,11,5,3,5,2,0,1,0,0,0,0,1,0,13.43034,52.55093
7,7200308,2019,6,10,5,3,0,2,0,1,0,0,1,0,0,0,13.33141,52.46965
3,3400723,2019,7,16,6,3,5,3,0,1,1,0,0,0,0,0,13.40892,52.5711
2,2100102,2019,6,18,5,3,6,2,0,0,1,1,0,0,0,0,13.39145,52.50097
12,12200307,2019,7,16,6,3,2,6,0,0,1,0,0,0,0,0,13.33104,52.57269
9,9200510,2019,6,11,5,3,5,2,0,1,1,0,0,0,0,0,13.51256,52.46277
2,2500729,2019,7,15,6,3,2,2,0,1,1,0,0,0,0,0,13.46966,52.5204
11,11200512,2019,6,10,5,3,5,2,0,0,1,0,0,0,0,0,13.46794,52.54672
3,3601141,2019,7,13,6,3,5,3,0,1,1,0,0,0,0,0,13.40628,52.55399
8,8301037,2019,6,18,5,2,0,2,0,1,1,0,0,0,0,0,13.46196,52.42237
3,3400830,2019,6,9,5,3,1,5,0,1,0,0,0,0,1,0,13.42088,52.5659
2,2400625,2019,7,13,6,3,2,6,0,0,1,0,0,0,0,0,13.4463,52.5028
8,8100207,2019,7,13,6,3,2,6,0,0,1,0,0,0,0,0,13.43813,52.47814
2,2100101,2019,6,18,5,3,6,2,0,0,1,1,0,0,0,0,13.38794,52.50285
1,1100309,2019,6,18,5,3,1,5,0,0,1,0,1,0,0,0,13.39509,52.52443
9,9200715,2019,7,13,6,3,5,2,0,1,1,0,0,0,0,0,13.53637,52.43287
9,9100203,2019,6,18,5,3,0,2,0,0,1,0,0,0,1,0,13.48054,52.47254
6,6100205,2019,7,13,6,3,1,5,0,0,1,0,0,0,0,0,13.35788,52.44841
11,11501340,2019,6,18,5,3,5,2,0,1,1,0,0,0,0,0,13.52696,52.48658
6,6100210,2019,6,18,5,3,1,5,0,1,1,0,0,0,0,0,13.34303,52.45883
1,1300835,2019,7,12,6,3,5,3,0,1,1,0,0,0,0,0,13.37985,52.54018
1,1200626,2019,6,18,5,3,2,6,0,0,1,0,0,0,0,0,13.34502,52.52512
2,2400521,2019,6,18,5,2,1,1,0,0,1,0,0,0,1,0,13.43398,52.51489
7,7200307,2019,7,10,6,3,2,2,0,0,1,0,0,0,0,0,13.33952,52.48844
10,10400940,2019,6,18,5,3,0,1,0,1,0,0,0,0,0,0,13.61445,52.49354
10,10200629,2019,6,17,5,3,1,5,0,1,1,0,0,0,1,0,13.57548,52.51322
5,5300735,2019,7,8,6,2,2,6,0,0,1,0,1,0,0,0,13.21876,52.53715
11,11400931,2019,6,22,5,3,2,6,2,1,1,0,0,0,0,0,13.48611,52.50236
8,8100209,2019,7,8,6,3,5,3,0,0,1,0,0,0,0,0,13.43683,52.46516
2,2400522,2019,6,17,5,3,5,2,0,1,0,0,0,0,0,0,13.44549,52.52042
1,1401047,2019,7,8,6,3,5,2,0,1,1,0,0,0,0,0,13.34491,52.53906
3,3601245,2019,6,14,5,3,5,3,0,0,1,0,1,0,0,0,13.43446,52.54958
3,3300411,2019,7,5,6,3,0,1,0,1,0,0,0,0,0,1,13.48703,52.61746
2,2500830,2019,6,14,5,2,0,6,0,1,1,0,0,0,0,0,13.4646,52.50985
1,1300733,2019,6,20,5,3,0,1,0,1,0,0,0,0,0,0,13.38235,52.55183
11,11401137,2019,7,4,6,3,0,1,0,1,0,0,0,0,0,0,13.50583,52.49149
2,2500729,2019,7,1,6,3,0,7,2,1,0,0,0,0,1,0,13.46,52.51729
4,4501042,2019,6,14,5,3,0,1,0,0,0,0,1,0,0,0,13.33925,52.50327
7,7200411,2019,6,13,5,3,5,2,0,1,1,0,0,0,0,0,13.34905,52.48944
5,5200629,2019,7,15,6,2,0,6,0,0,1,0,0,0,1,0,13.18399,52.53416
1,1100415,2019,6,9,5,2,0,1,0,1,0,0,0,0,0,0,13.399,52.53244
1,1100312,2019,7,11,5,3,1,5,0,1,1,0,0,0,0,0,13.41294,52.51186
4,4501146,2019,6,9,5,3,5,3,0,1,1,0,0,0,0,0,13.30844,52.48777
1,1401047,2019,7,21,5,3,3,6,2,0,1,0,0,0,0,0,13.36424,52.54363
6,6400844,2019,6,8,5,2,5,2,0,0,1,0,0,0,0,0,13.27084,52.45094
2,2200208,2019,7,20,5,3,5,2,1,0,1,0,0,0,0,0,13.38945,52.49602
1,1100308,2019,6,8,5,3,5,2,0,1,1,0,0,0,0,0,13.38062,52.5284
3,3601244,2019,6,8,5,2,5,2,0,1,0,0,0,1,0,0,13.42691,52.55223
9,9501737,2019,7,17,4,3,5,3,0,0,1,0,1,0,0,0,13.61871,52.45542
2,2200210,2019,7,16,4,3,2,6,0,1,0,0,0,0,0,0,13.39299,52.49201
1,1100310,2019,7,9,4,3,5,2,0,0,1,0,1,0,0,0,13.41027,52.52808
6,6400735,2019,7,17,4,3,7,7,0,0,0,0,1,0,0,0,13.17532,52.41993
1,1200623,2019,7,14,6,3,1,5,0,0,1,0,1,0,0,0,13.34425,52.53155
4,4300414,2019,7,17,4,3,5,3,0,1,1,0,0,0,0,0,13.29662,52.51678
4,4501150,2019,7,16,4,3,3,6,0,0,1,0,1,0,0,0,13.32198,52.4845
8,8100310,2019,7,8,4,3,1,5,0,1,1,0,0,0,0,0,13.43895,52.48962
1,1100311,2019,7,1,5,3,5,2,2,1,1,0,0,0,0,0,13.41797,52.51557
2,2500835,2019,7,20,5,3,2,2,0,0,1,0,0,0,0,0,13.46611,52.50003
11,11200512,2019,7,20,5,3,5,2,0,1,1,0,0,0,0,0,13.46825,52.54654
1,1300834,2019,7,19,5,3,5,2,0,0,1,0,1,0,0,0,13.39274,52.54255
4,4501042,2019,7,19,5,3,5,2,0,1,1,0,0,0,0,0,13.33215,52.5062
4,4300413,2019,7,19,5,3,1,5,0,1,1,0,0,0,0,0,13.29071,52.51777
2,2100106,2019,7,19,5,3,1,5,0,1,1,0,0,0,0,0,13.40115,52.49843
3,3601141,2019,7,18,5,3,2,6,0,0,1,0,1,0,0,0,13.39815,52.55474
9,9501941,2019,7,18,5,3,2,6,0,0,0,0,0,0,1,0,13.5593,52.45613
7,7400826,2019,7,15,5,3,5,2,0,1,1,0,0,0,0,0,13.36195,52.44725
5,5400945,2019,7,15,5,3,1,5,0,1,1,0,0,0,0,0,13.14,52.45204
5,5100101,2019,7,17,5,2,5,3,0,0,1,0,1,0,0,0,13.21575,52.56455
9,9200715,2019,7,15,5,2,5,3,0,1,1,0,0,0,0,0,13.52238,52.42827
4,4300412,2019,7,9,5,3,0,7,0,1,0,0,0,0,0,0,13.28608,52.51877
1,1100309,2019,7,15,5,2,3,6,0,1,1,0,0,0,0,0,13.39802,52.52947
9,9301126,2019,7,14,5,3,5,7,0,0,1,0,0,0,0,0,13.56225,52.42118
9,9300920,2019,7,10,5,3,5,2,0,0,1,0,0,0,0,0,13.52635,52.42461
8,8300934,2019,7,18,5,3,5,3,0,0,1,0,0,0,0,0,13.45733,52.43109
1,1100207,2019,7,22,5,2,0,1,2,0,0,0,0,0,1,0,13.39033,52.50783
6,6200317,2019,7,23,5,3,5,3,2,0,1,0,1,0,0,0,13.36503,52.42407
7,7200308,2019,7,13,5,3,5,2,0,1,1,0,0,0,0,0,13.34499,52.48461
5,5200423,2019,7,8,5,3,6,4,0,0,0,1,0,1,0,0,13.15728,52.53301
7,7100101,2019,7,8,5,3,5,2,0,1,0,0,0,1,0,0,13.33959,52.49758
4,4200207,2019,7,12,5,3,1,5,0,1,0,0,0,0,1,0,13.21048,52.50135
1,1100101,2019,7,12,5,3,3,6,0,0,1,0,1,0,0,0,13.35171,52.50877
1,1300730,2019,7,12,5,2,5,3,0,0,1,0,1,0,0,0,13.37696,52.55805
11,11100309,2019,7,12,5,3,5,2,0,1,1,0,0,0,0,0,13.50731,52.56417
9,9200717,2019,7,8,5,2,5,2,0,1,1,0,0,0,0,0,13.5527,52.43065
2,2200210,2019,7,10,5,2,5,2,0,0,1,0,0,0,1,0,13.3952,52.49617
2,2100104,2019,7,10,5,2,0,6,0,0,1,0,0,0,1,0,13.40705,52.50468
7,7400826,2019,7,7,5,3,2,6,0,0,0,0,1,1,0,0,13.37762,52.45289
3,3601244,2019,7,7,5,3,5,3,0,1,0,0,0,0,1,0,13.42737,52.55249
9,9100101,2019,7,7,5,3,5,2,0,1,1,0,0,0,0,0,13.44687,52.49398
12,12100101,2019,7,6,5,3,0,7,0,0,1,0,1,0,0,1,13.37702,52.56071
1,1100101,2019,7,10,5,3,5,3,0,0,1,0,0,0,0,0,13.34721,52.50549
2,2200212,2019,7,9,5,3,1,5,0,0,1,0,0,0,0,0,13.42219,52.49159
6,6400735,2019,7,9,5,3,0,3,0,1,0,0,0,0,0,0,13.17647,52.42094
4,4300416,2019,7,9,5,2,5,3,0,1,1,0,0,0,0,0,13.29364,52.50544
2,2100102,2019,7,8,5,2,0,1,0,0,1,0,0,0,0,0,13.39039,52.50671
1,1100103,2019,7,17,5,3,0,6,0,0,1,0,0,0,1,0,13.34978,52.50326
5,5100101,2019,7,9,5,1,3,6,0,1,0,0,0,1,0,0,13.21499,52.56371
4,4501042,2019,7,17,4,3,5,2,0,1,1,0,0,0,0,0,13.33861,52.50526
1,1300836,2019,7,17,4,3,2,6,0,1,1,0,0,0,0,0,13.37173,52.54204
10,10400835,2019,7,16,4,3,5,3,0,1,1,0,0,0,0,0,13.60023,52.52608
7,7100206,2019,7,15,4,3,2,6,0,0,1,0,0,0,0,0,13.3625,52.49787
8,8200727,2019,7,15,4,3,5,7,0,0,1,0,0,0,0,0,13.4368,52.44863
6,6300634,2019,7,15,4,2,5,2,0,0,1,0,0,0,0,0,13.3097,52.43147
7,7200413,2019,7,17,4,3,1,5,0,1,1,0,0,0,0,0,13.36679,52.48509
8,8200833,2019,7,15,4,3,0,6,0,0,1,0,0,0,1,0,13.43996,52.4242
2,2400522,2019,7,14,4,3,2,6,0,0,1,0,1,0,1,0,13.44355,52.52508
8,8401244,2019,7,13,4,3,2,7,0,1,0,0,0,0,1,0,13.49512,52.41271
9,9200819,2019,7,12,4,2,0,4,0,0,0,1,0,0,1,0,13.56559,52.44528
2,2200210,2019,7,11,4,3,5,2,0,1,1,0,0,0,0,0,13.39782,52.49074
6,6100206,2019,7,11,4,3,0,1,0,1,0,0,0,0,0,0,13.34295,52.4454
7,7400823,2019,7,10,4,3,5,2,0,0,1,0,1,0,0,0,13.37221,52.45557
7,7200411,2019,7,9,4,2,5,2,0,1,0,0,1,0,0,0,13.35596,52.48609
9,9501838,2019,7,9,4,3,2,3,0,1,1,0,0,0,0,0,13.71834,52.43149
2,2100104,2019,7,8,4,3,5,3,0,1,1,0,0,0,0,0,13.41097,52.5039
12,12200414,2019,7,23,4,2,2,6,2,0,1,0,0,0,1,0,13.30688,52.55491
4,4100101,2019,7,20,4,2,1,1,0,0,1,0,0,0,0,0,13.31154,52.5477
8,8401242,2019,7,19,4,3,5,3,0,0,1,0,0,0,0,0,13.48709,52.4229
1,1300836,2019,7,19,4,2,0,6,0,1,1,0,0,0,0,0,13.37552,52.54852
3,3300516,2019,7,6,4,3,0,3,0,0,1,0,1,0,0,0,13.43373,52.56032
3,3601245,2019,7,6,4,3,5,3,0,1,1,0,0,0,0,0,13.43643,52.54853
11,11401032,2019,7,5,4,3,5,3,0,1,1,0,0,0,0,0,13.50498,52.51081
2,2500833,2019,7,1,4,2,0,1,2,0,0,0,0,0,1,0,13.46127,52.50857
6,6300633,2019,7,15,4,3,5,2,0,0,1,0,0,0,1,0,13.31337,52.43537
2,2300419,2019,7,9,3,2,0,2,0,1,1,0,0,0,0,0,13.44329,52.50037
2,2400521,2019,7,16,3,3,5,2,0,1,0,0,0,0,0,0,13.44061,52.51702
2,2100104,2019,7,18,3,3,5,2,0,1,1,0,0,0,0,0,13.40791,52.50444
3,3500936,2019,7,17,3,3,5,7,0,1,1,0,0,0,0,0,13.46254,52.54976
9,9200510,2019,7,17,3,2,5,3,0,0,1,0,1,0,0,0,13.50949,52.46346
8,8100310,2019,7,17,3,3,1,5,0,1,1,0,0,0,1,0,13.43842,52.4846
9,9501736,2019,7,16,3,3,2,7,0,0,1,0,0,0,0,0,13.60816,52.45317
2,2200210,2019,7,2,3,3,1,1,2,0,1,0,0,0,0,0,13.39821,52.49509
10,11300721,2019,7,14,3,3,2,6,0,0,1,0,0,0,1,0,13.51672,52.53531
5,5200528,2019,7,14,3,3,5,2,0,0,1,0,0,0,0,0,13.18457,52.51555
12,12400618,2019,7,13,3,3,1,5,0,0,1,0,1,0,0,0,13.24268,52.61626
4,4501045,2019,7,13,3,3,1,5,0,1,1,0,0,0,0,0,13.33456,52.4966
8,8401243,2019,7,13,3,3,5,3,0,1,1,0,0,0,0,0,13.49564,52.41775
7,7400927,2019,7,12,3,3,5,3,0,0,1,0,0,0,0,0,13.39938,52.45299
4,4100101,2019,7,12,3,3,2,6,0,0,1,0,0,0,0,0,13.28207,52.5338
2,2500833,2019,7,12,3,3,5,2,0,1,0,0,0,1,0,0,13.45206,52.51068
4,4501043,2019,7,10,3,3,6,4,0,0,1,1,0,0,0,0,13.30946,52.49525
4,4400830,2019,7,10,3,3,5,2,0,1,1,0,0,0,0,0,13.30547,52.47979
1,1100207,2019,7,18,3,3,4,6,0,1,0,0,0,0,1,0,13.40306,52.51669
2,2200210,2019,7,9,3,3,6,7,0,0,1,1,0,0,0,0,13.39762,52.49506
8,8100310,2019,7,19,3,3,0,3,0,1,0,0,0,0,0,0,13.44091,52.48646
3,3601450,2019,7,19,3,3,5,2,0,1,1,0,0,0,0,0,13.45737,52.52923
9,9200819,2019,7,6,3,2,3,6,0,0,1,0,0,0,0,0,13.55934,52.44479
9,9200715,2019,7,18,3,3,2,6,0,0,1,0,0,0,1,0,13.5487,52.4277
9,9100409,2019,7,18,3,2,0,1,0,0,0,0,1,0,0,0,13.51347,52.42766
9,9301126,2019,7,18,3,3,5,3,0,1,0,0,0,0,1,0,13.58536,52.4111
3,3200204,2019,7,16,3,3,5,3,0,1,1,0,0,0,0,0,13.38064,52.6341
4,4300412,2019,7,16,3,3,2,2,0,0,1,0,1,0,0,0,13.29012,52.51902
2,2200212,2019,7,16,3,3,0,1,0,1,0,0,0,0,0,0,13.41913,52.48761
4,4501045,2019,7,15,3,3,2,6,0,1,1,0,0,0,0,0,13.32482,52.49798
5,5100101,2019,7,15,3,3,3,6,0,1,0,0,0,0,1,0,13.21335,52.56099
1,1400938,2019,7,15,3,3,0,6,0,0,0,0,0,0,1,0,13.34916,52.55198
2,2400521,2019,7,17,3,3,2,6,0,0,1,0,1,0,0,0,13.42825,52.51812
8,8100310,2019,7,21,3,3,3,6,0,1,1,0,0,0,0,0,13.4332,52.48914