BEZ,LOR_ab_2021,UJAHR,UMONAT,USTUNDE,UWOCHENTAG,UKATEGORIE,UART,UTYP1,ULICHTVERH,IstRad,IstPKW,IstFuss,IstKrad,IstGkfz,IstSonstige,USTRZUSTAND,XGCSWGS84,YGCSWGS84
11,11200512,2019,7,13,3,3,2,6,0,0,1,0,0,0,0,0,13.46754,52.547
9,9200512,2019,7,8,3,3,1,1,0,0,1,0,1,0,0,0,13.54842,52.45698
11,11200411,2019,7,16,2,3,2,6,0,0,1,0,0,0,0,0,13.51564,52.55175
5,5200634,2019,7,17,2,3,5,2,0,0,1,0,1,0,0,0,13.20126,52.51212
1,1100206,2019,7,16,2,3,2,2,0,0,0,0,1,0,1,0,13.38071,52.51663
6,6400839,2019,7,15,2,3,1,5,0,0,1,0,0,1,0,0,13.23549,52.43592
2,2400521,2019,7,21,2,2,5,2,2,1,1,0,0,0,0,0,13.43537,52.51471
8,8200832,2019,7,17,2,3,2,6,0,0,1,0,1,0,0,0,13.42789,52.42087
6,6100102,2019,7,19,2,3,0,1,0,0,0,0,1,0,0,0,13.32435,52.45594
8,8100521,2019,7,15,2,3,2,6,0,0,1,0,0,0,0,0,13.45303,52.47018
12,12200414,2019,7,15,2,2,6,4,0,0,1,1,0,0,1,0,13.29447,52.57645
1,1100206,2019,7,13,2,3,5,3,0,0,1,0,0,0,0,0,13.39165,52.52201
6,6300524,2019,7,12,2,3,5,3,0,0,1,0,0,0,0,0,13.2486,52.42707
2,2200212,2019,7,21,2,3,1,5,2,0,1,0,0,0,0,0,13.41559,52.48793
1,1100308,2019,7,12,2,3,3,6,0,1,0,0,0,1,0,0,13.38137,52.53192
1,1200522,2019,7,10,2,3,3,6,0,1,0,0,0,1,0,0,13.32972,52.5228
4,4200310,2019,7,10,2,3,5,3,0,0,1,0,0,0,0,0,13.26702,52.51432
1,1100309,2019,7,10,2,3,2,6,0,0,1,0,0,0,0,0,13.40933,52.52864
9,9200715,2019,7,10,2,3,3,6,0,0,1,0,0,1,0,0,13.53044,52.44285
9,9200613,2019,7,9,2,3,5,3,0,1,1,0,0,0,0,0,13.5039,52.46084
6,6400737,2019,7,8,2,3,5,3,0,1,1,0,0,0,0,1,13.19323,52.43368
7,7400927,2019,7,8,2,3,2,6,0,0,1,0,0,0,0,0,13.40979,52.45533
5,5100207,2019,7,6,2,3,0,6,0,0,1,0,1,0,0,0,13.13341,52.55378
1,1200626,2019,7,9,2,3,5,7,0,1,1,0,0,0,0,0,13.34911,52.5234
1,1401044,2019,7,12,1,3,2,6,0,0,1,0,0,0,0,0,13.37411,52.55684
1,1200628,2019,7,18,1,3,0,1,0,1,0,0,0,0,0,0,13.35722,52.52372
3,3601245,2019,7,14,1,3,3,6,0,0,1,0,0,0,1,0,13.43669,52.545
2,2300316,2019,7,1,1,3,9,1,2,0,1,0,0,0,0,1,13.44285,52.50101
1,1100416,2019,7,1,1,3,0,1,2,1,0,0,0,0,0,1,13.40318,52.53198
2,2300314,2019,7,21,1,2,0,3,1,0,1,0,1,0,0,0,13.42497,52.50205
2,2400624,2019,7,19,1,3,0,7,0,0,0,0,0,0,1,0,13.44608,52.51287
5,5200524,2019,7,18,1,3,2,6,0,0,1,0,0,0,0,0,13.11938,52.52899
8,8100104,2019,7,17,1,3,6,4,0,0,0,1,1,0,0,0,13.42907,52.47163
10,10400940,2019,7,10,1,3,8,1,0,0,1,0,0,0,0,0,13.60227,52.47909
1,1401049,2019,7,20,1,3,6,4,1,1,0,1,0,0,0,0,13.35845,52.55401
12,12200411,2019,7,13,7,3,0,3,0,0,1,0,1,0,0,0,13.32607,52.56182
2,2400625,2019,7,15,7,3,0,1,0,0,1,0,0,0,0,1,13.45016,52.50747
9,9100306,2019,7,3,7,2,9,1,1,0,0,0,1,0,0,0,13.46325,52.45453
4,4501042,2019,7,0,7,3,3,6,2,0,1,0,0,0,0,0,13.33094,52.50527
6,6400844,2019,7,18,7,3,3,6,0,1,1,0,0,0,0,1,13.28343,52.45192
7,7100206,2019,7,23,7,3,6,4,2,0,1,1,0,0,0,1,13.36283,52.49417
7,7601545,2019,7,22,7,2,0,2,2,0,1,0,1,0,0,1,13.41242,52.39439
10,10300731,2019,7,21,7,3,5,2,2,1,1,0,0,0,0,1,13.56299,52.51421
8,8100208,2019,7,21,7,3,6,2,1,0,1,1,0,0,0,1,13.44054,52.47384
2,2300314,2019,7,19,7,3,5,7,0,0,1,0,1,0,0,0,13.41897,52.50372
9,9200819,2019,7,18,7,2,5,7,0,0,1,0,0,0,0,0,13.57041,52.44081
1,1100308,2019,7,17,7,3,6,2,0,0,1,1,0,0,0,0,13.38398,52.52983
6,6100206,2019,7,16,7,3,2,6,0,1,1,0,0,0,0,1,13.34066,52.44568
1,1300733,2019,7,16,7,3,1,5,0,0,1,0,0,0,0,1,13.38562,52.55562
7,7100206,2019,7,15,7,3,0,1,0,0,1,0,1,0,0,1,13.3639,52.48834
1,1400938,2019,7,14,7,3,5,3,0,1,1,0,0,0,0,1,13.33491,52.56005
12,12400618,2019,7,14,7,3,2,6,0,0,1,0,0,0,0,0,13.21732,52.6114
6,6400735,2019,7,14,7,3,6,4,0,0,1,1,0,0,0,0,13.14498,52.41489
5,5100209,2019,7,13,7,3,5,2,0,0,1,0,1,0,0,0,13.18292,52.54787
5,5100105,2019,7,13,7,3,5,3,0,0,1,0,0,0,0,0,13.18863,52.55645
11,11300724,2019,7,13,7,3,0,1,0,1,0,0,0,0,0,0,13.47588,52.52036
7,7100206,2019,7,12,7,3,5,2,0,1,1,0,0,0,0,0,13.36286,52.48891
8,8100417,2019,7,12,7,3,5,2,0,0,1,0,0,0,0,0,13.45013,52.47669
4,4501150,2019,7,11,7,3,2,3,0,0,1,0,0,0,0,0,13.32095,52.48399
6,6400844,2019,7,8,7,3,0,2,0,1,1,0,0,0,0,0,13.28336,52.45885
1,1200522,2019,7,7,7,3,6,2,0,0,1,1,0,0,0,0,13.34301,52.52551
4,4501041,2019,7,10,7,3,3,6,0,1,1,0,0,0,0,0,13.32044,52.50168
9,9100407,2019,7,12,7,3,2,6,0,0,1,0,0,0,1,0,13.50825,52.45076
10,10400940,2019,7,8,6,2,5,3,0,1,1,0,0,0,0,1,13.60219,52.4833
4,4501042,2019,7,14,6,3,1,5,0,0,1,0,0,0,0,0,13.33102,52.50165
10,10300734,2019,7,10,6,3,5,3,0,0,1,0,0,0,0,1,13.5596,52.49931
7,7200308,2019,7,11,6,3,6,7,0,0,1,1,0,0,0,0,13.34357,52.47998
8,8100206,2019,7,21,6,3,0,5,2,0,1,0,0,0,0,0,13.43337,52.48084
3,3601141,2019,7,17,6,3,5,2,0,1,1,0,0,0,0,0,13.40861,52.55395
1,1200628,2019,7,17,6,3,3,6,0,1,0,0,0,0,1,1,13.36603,52.52509
6,6300527,2019,7,17,6,3,5,2,0,1,1,0,0,0,0,0,13.25617,52.42881
10,10100313,2019,7,17,4,3,2,2,0,0,1,0,0,0,0,0,13.57134,52.54592
4,4501153,2019,7,8,4,3,5,3,0,1,0,0,0,0,1,0,13.32881,52.47885
5,5100206,2019,7,15,6,3,5,2,0,1,1,0,0,0,0,1,13.1538,52.55399
6,6300633,2019,7,14,6,3,2,6,0,0,1,0,0,0,0,0,13.31163,52.43355
3,3100103,2019,7,14,6,2,5,3,0,0,1,0,1,0,0,1,13.50308,52.63657
1,1300733,2019,7,14,6,3,2,6,0,0,1,0,0,0,0,1,13.38561,52.55015
12,12200414,2019,7,14,6,3,2,2,0,0,1,0,0,0,1,1,13.28433,52.57564
12,12601236,2019,7,13,6,3,2,6,0,0,1,0,0,0,0,1,13.33926,52.59652
1,1200522,2019,7,12,6,3,2,6,0,0,1,0,0,0,0,1,13.34141,52.52554
2,2400625,2019,7,12,6,3,6,7,0,1,0,0,0,0,1,1,13.44644,52.50238
10,10100316,2019,7,16,6,3,2,6,0,0,1,0,0,0,0,0,13.58329,52.54908
10,10100311,2019,7,12,6,3,5,3,0,0,1,0,0,0,1,1,13.51907,52.53274
10,10200417,2019,7,12,6,3,5,3,0,1,1,0,0,0,0,1,13.59287,52.54835
7,7601341,2019,7,11,6,3,5,2,0,0,1,0,0,0,0,0,13.35024,52.41429
12,12500930,2019,7,10,6,2,5,3,0,0,1,0,0,0,0,1,13.33998,52.58817
7,7100206,2019,7,10,6,3,0,1,0,1,0,0,0,0,0,1,13.36727,52.49343
11,11400931,2019,7,12,6,3,1,5,0,1,1,0,0,0,0,1,13.47876,52.50183
12,12500824,2019,7,10,6,3,8,1,0,0,1,0,0,0,0,1,13.28482,52.59587
3,3400723,2019,7,16,6,3,2,6,0,0,1,0,0,0,0,1,13.41758,52.57239
4,4300622,2019,7,15,6,3,5,7,0,0,1,0,0,0,0,1,13.32783,52.50552
1,1100101,2019,7,10,6,3,0,1,0,0,0,0,1,0,0,1,13.35228,52.50566
3,3100103,2019,7,10,6,3,0,3,0,0,1,0,1,0,0,1,13.49807,52.62828
7,7200308,2019,7,9,6,3,1,5,0,1,1,0,0,0,0,1,13.33276,52.47685
4,4501146,2019,7,9,6,3,2,6,0,0,1,0,0,0,1,1,13.32017,52.48429
5,5100105,2019,7,8,6,3,2,6,0,0,1,0,0,0,0,1,13.20037,52.55541
1,1100207,2019,7,9,6,3,0,7,0,1,1,0,0,0,0,0,13.3999,52.51298
7,7501032,2019,7,8,6,2,9,1,0,0,1,0,0,0,0,1,13.41634,52.45161
4,4500938,2019,7,8,6,3,0,1,0,0,0,0,1,0,0,1,13.29672,52.49754
7,7400826,2019,7,8,6,3,5,2,0,0,1,0,0,0,1,1,13.36681,52.44967
1,1100102,2019,7,7,6,3,2,6,0,0,1,0,0,1,0,1,13.36165,52.50552
10,10200420,2019,7,7,6,3,5,3,0,0,1,0,0,0,0,1,13.59162,52.54147
12,12500824,2019,7,7,6,3,2,6,0,0,1,0,0,0,0,1,13.28474,52.59597
1,1100415,2019,7,6,6,2,5,2,0,0,1,0,1,0,0,1,13.39891,52.53262
5,5200631,2019,7,6,6,3,5,3,0,0,1,0,0,0,0,1,13.19795,52.51946
2,2200210,2019,7,1,6,3,0,3,2,1,1,0,0,0,0,0,13.39642,52.49103
4,4300623,2019,7,16,6,3,2,7,0,1,1,0,0,0,0,0,13.31391,52.50652
2,2200208,2019,7,9,5,3,5,2,0,1,0,0,0,0,0,0,13.38568,52.49659
2,2400624,2019,7,14,5,3,6,7,0,0,0,1,0,0,1,0,13.45174,52.51259
2,2400521,2019,7,14,5,3,6,4,0,1,0,1,0,0,0,0,13.43093,52.50986
5,5200629,2019,7,14,5,3,5,3,0,0,1,0,1,0,0,0,13.19861,52.53335
3,3400723,2019,7,14,5,3,2,6,0,0,1,0,0,0,0,0,13.43029,52.58885
7,7400823,2019,7,22,5,3,5,2,2,1,1,0,0,0,0,1,13.38544,52.4661
1,1300836,2019,7,13,5,3,6,4,0,1,0,1,0,0,0,0,13.37456,52.54234
4,4300412,2019,7,19,5,2,0,7,0,1,0,0,0,0,0,0,13.28925,52.51896
1,1100205,2019,7,13,5,3,6,6,0,1,0,1,0,0,0,0,13.38328,52.51141
2,2500835,2019,7,20,5,3,2,6,0,0,1,0,1,0,0,0,13.46517,52.49818
1,1300733,2019,7,19,5,3,6,4,0,0,1,1,0,0,0,0,13.38652,52.54961
2,2500726,2019,7,13,5,3,2,7,0,0,1,0,1,0,0,0,13.45132,52.52609
2,2300316,2019,7,20,5,3,5,3,0,1,0,0,0,0,0,0,13.43442,52.50414
10,10100313,2019,7,12,5,3,0,3,0,0,1,0,1,0,0,0,13.5658,52.54485
4,7200308,2019,7,12,5,2,5,3,0,0,1,0,0,0,0,0,13.32042,52.47676
5,5200629,2019,7,11,5,3,5,2,0,0,1,0,1,0,0,0,13.19261,52.5309
2,2500729,2019,7,10,5,3,5,2,0,1,1,0,0,0,0,0,13.46286,52.51503
9,9100203,2019,7,9,5,2,2,6,0,0,1,0,0,0,0,0,13.48219,52.4815
1,1200624,2019,7,9,5,3,5,2,0,0,1,0,0,0,0,0,13.36028,52.5373
8,8100310,2019,7,17,5,2,1,5,0,1,1,0,0,0,0,0,13.43259,52.48851
7,7200307,2019,7,8,5,3,5,2,0,1,1,0,0,0,0,0,13.34519,52.4903
2,2100101,2019,7,8,5,3,6,2,0,0,1,1,0,0,0,0,13.38885,52.49947
9,9100203,2019,7,9,5,3,5,2,0,1,1,0,0,0,0,0,13.47535,52.47581
8,8100207,2019,7,23,5,3,9,1,2,0,1,0,0,0,0,1,13.43479,52.47863
12,12500824,2019,7,23,5,3,0,1,2,1,0,0,0,0,0,0,13.29446,52.60092
8,8100102,2019,7,22,5,3,1,5,2,1,1,0,0,0,0,1,13.42797,52.47373
7,7501031,2019,7,17,5,3,6,7,0,0,1,1,0,0,0,0,13.3865,52.44561
11,11400931,2019,7,14,5,3,0,1,0,0,0,0,1,0,0,0,13.50027,52.51064
5,5100317,2019,7,21,4,3,1,5,1,0,1,0,0,1,0,0,13.23822,52.52676
7,7400928,2019,7,21,4,2,5,3,1,1,0,0,0,0,1,0,13.42191,52.46245
2,2200210,2019,7,21,4,3,5,3,1,1,1,0,0,0,0,1,13.39962,52.49438
1,1100415,2019,7,21,4,3,0,1,2,0,0,0,1,0,0,1,13.38619,52.53136
1,1100205,2019,7,21,4,3,5,3,2,1,1,0,0,0,0,1,13.39022,52.50768
4,4501041,2019,7,20,4,3,3,6,0,1,1,0,0,0,0,0,13.32419,52.50225
5,5200422,2019,7,20,4,2,9,1,0,0,0,0,1,0,0,0,13.1259,52.53556
1,1100206,2019,7,20,4,3,5,2,0,1,1,0,0,0,0,0,13.39074,52.517
11,11300620,2019,7,19,4,3,5,3,0,0,1,0,0,0,0,0,13.48533,52.52674
2,2200210,2019,7,19,4,3,0,2,0,0,1,0,1,0,0,0,13.40396,52.49537
10,10100311,2019,7,18,4,3,5,7,0,0,1,0,0,0,0,0,13.51975,52.52586
6,6100103,2019,7,18,4,3,0,6,0,1,0,0,0,0,1,0,13.32542,52.46187
8,8100417,2019,7,17,4,3,5,2,0,1,1,0,0,0,0,0,13.4481,52.47779
1,1100205,2019,7,17,4,3,5,2,0,1,1,0,0,0,0,0,13.382,52.51394
10,10300731,2019,7,15,4,3,5,2,0,0,1,0,0,0,0,0,13.56396,52.51884
3,3601450,2019,7,14,4,3,5,3,0,1,0,0,0,0,1,0,13.45794,52.52882
1,1300836,2019,7,14,4,3,2,7,0,1,1,0,0,0,0,0,13.37417,52.54365
12,12200414,2019,7,13,4,3,3,6,0,0,1,0,0,0,0,0,13.30495,52.55285
12,12400618,2019,7,13,4,3,1,5,0,0,1,0,0,0,0,0,13.23637,52.61175
8,8100102,2019,7,11,4,3,2,6,0,0,1,0,0,1,0,0,13.42736,52.47486
9,9200614,2019,7,10,4,2,6,4,0,0,1,1,0,0,0,0,13.53954,52.45082
3,3400830,2019,7,7,4,3,1,5,0,0,1,0,0,0,1,0,13.42086,52.56597
3,3300516,2019,7,10,4,3,2,6,0,0,1,0,0,0,0,0,13.4447,52.57928
3,3601141,2019,7,9,4,3,3,6,0,0,1,0,1,0,0,0,13.41361,52.55394
1,1100308,2019,7,10,4,3,5,3,0,0,1,0,1,0,0,0,13.37863,52.52857
8,8100310,2019,7,3,7,3,2,6,2,1,1,0,0,0,0,0,13.43951,52.48208
2,2200210,2019,7,3,7,2,0,1,2,0,0,0,1,0,0,0,13.39237,52.49213
5,5300840,2019,7,2,7,2,0,1,2,0,1,0,0,0,0,0,13.26646,52.53371
1,1100101,2019,7,22,6,2,5,3,2,1,0,0,0,0,0,0,13.34459,52.50646
4,4300620,2019,7,14,7,3,5,2,0,1,1,0,0,0,0,0,13.32657,52.5194
4,4300623,2019,7,14,7,2,3,6,0,1,1,0,0,0,0,0,13.30328,52.50986
1,1200623,2019,7,13,7,3,0,2,0,0,1,0,1,0,0,0,13.35638,52.53589
9,9100101,2019,7,22,7,3,6,4,2,1,0,1,0,0,0,0,13.44179,52.49099
1,1100206,2019,7,13,7,2,0,7,0,0,1,1,0,0,1,0,13.39048,52.51216
1,1200520,2019,7,12,7,2,2,2,0,1,1,0,0,0,0,0,13.3432,52.53194
2,2400521,2019,7,21,7,3,5,2,1,1,1,0,0,0,0,0,13.43017,52.51014
5,5200631,2019,7,12,7,2,5,2,0,0,1,0,0,0,0,0,13.18883,52.5217
12,12400723,2019,7,12,7,3,5,2,0,1,1,0,0,0,0,0,13.31621,52.61387
6,6400737,2019,7,12,7,3,5,2,0,1,1,0,0,0,0,0,13.23725,52.46928
12,12100206,2019,7,12,7,3,4,5,0,0,1,0,0,0,1,0,13.34358,52.57363
10,10300731,2019,7,19,7,3,3,6,0,0,1,0,1,0,0,0,13.56402,52.51887
8,8301037,2019,7,11,7,3,0,1,0,0,0,0,1,0,0,0,13.47668,52.42564
1,1100415,2019,7,11,7,3,1,5,0,1,0,0,0,0,1,0,13.39063,52.53184
3,3500934,2019,7,11,7,3,5,2,0,0,1,0,0,0,0,0,13.4292,52.55636
9,9100203,2019,7,11,7,3,5,3,0,0,1,0,0,0,0,0,13.48397,52.47416
1,1100101,2019,7,11,7,2,5,3,0,1,1,0,0,0,0,0,13.34579,52.50396
11,11501341,2019,7,10,7,3,5,3,0,1,0,0,0,0,1,0,13.5247,52.47859
9,9200715,2019,7,8,7,3,0,6,0,0,0,0,1,0,1,0,13.5454,52.42581
2,2400521,2019,7,4,7,3,5,3,1,0,1,0,0,0,0,0,13.42642,52.51586
4,4200308,2019,7,7,6,3,3,6,0,1,0,0,0,0,1,0,13.27912,52.52523
9,9100407,2019,7,6,6,3,3,6,0,1,0,0,0,0,1,0,13.5089,52.4525
11,11100309,2019,7,16,6,3,5,2,0,1,1,0,0,0,0,0,13.50764,52.5643
3,3200206,2019,7,16,6,3,5,3,0,1,1,0,0,0,0,0,13.39022,52.58518
6,6100206,2019,7,15,6,3,2,6,0,0,1,0,1,0,0,0,13.33316,52.45239
11,11501340,2019,7,15,6,2,0,1,0,0,0,0,0,0,1,0,13.53351,52.48173
6,6300527,2019,7,15,6,2,5,7,0,0,0,0,1,0,1,0,13.26009,52.43429
2,2300417,2019,7,15,6,2,5,3,0,1,0,0,0,0,1,0,13.43689,52.49571
7,7100102,2019,7,13,6,3,2,6,0,0,1,0,0,0,1,0,13.34879,52.50209
3,3501037,2019,7,13,6,3,5,3,0,0,1,0,0,0,0,0,13.47699,52.56322
4,4100101,2019,7,13,6,3,2,6,0,0,1,0,1,0,0,0,13.3261,52.53872
9,9100407,2019,7,13,6,3,5,2,0,1,1,0,0,0,0,0,13.50623,52.45387
8,8200730,2019,7,12,6,2,2,6,0,0,1,0,0,0,0,0,13.43492,52.44018
2,2200211,2019,7,12,6,3,0,7,0,1,0,0,0,0,0,0,13.40776,52.48835
4,4300415,2019,7,11,6,3,6,7,0,0,1,1,0,0,0,0,13.28627,52.50982
7,7601442,2019,7,11,6,3,3,6,0,0,1,0,1,0,0,0,13.39892,52.41397
2,2300316,2019,7,10,6,3,5,2,0,1,0,0,0,1,0,0,13.43018,52.50652
3,3601450,2019,7,22,6,3,5,3,2,1,1,0,0,0,0,0,13.456,52.53087
7,7400823,2019,7,21,6,3,5,2,2,0,1,0,0,0,0,0,13.3721,52.4698
9,9100101,2019,7,21,6,2,5,3,1,1,1,0,0,0,0,0,13.45423,52.49393
2,2400521,2019,7,20,6,3,5,3,0,1,1,0,0,0,0,0,13.43014,52.51016
7,7400720,2019,7,19,6,3,5,2,0,0,1,0,0,0,0,0,13.38559,52.47156
4,4501040,2019,7,1,6,3,5,3,2,0,1,0,0,0,0,0,13.31116,52.5005
8,8300934,2019,7,19,6,3,5,7,0,1,1,0,0,0,0,0,13.45418,52.42973
11,11501340,2019,7,10,6,3,6,4,0,0,1,1,0,0,0,0,13.52556,52.482
5,5200629,2019,7,9,6,3,0,6,0,0,0,0,0,0,1,0,13.19653,52.53066
11,11300620,2019,7,9,6,3,5,2,0,1,1,0,0,0,0,0,13.485,52.53344
1,1100308,2019,7,9,6,3,5,3,0,0,1,0,0,0,1,0,13.3878,52.52249
1,1401047,2019,7,8,6,2,5,3,0,1,1,0,0,0,0,0,13.35685,52.54233
7,7200308,2019,7,8,6,3,4,6,0,1,1,0,0,0,0,0,13.33025,52.4692
11,11400931,2019,7,7,6,3,5,3,0,1,1,0,0,0,0,0,13.49709,52.50081
9,9502043,2019,7,6,6,3,1,1,0,0,1,0,0,0,0,0,13.57713,52.46195
2,2500835,2019,7,6,6,3,5,2,0,1,1,0,0,0,0,0,13.4663,52.50048
1,1100206,2019,7,15,6,3,3,6,0,0,1,0,0,0,1,0,13.3858,52.51681
8,8200832,2019,7,11,5,3,0,3,0,1,1,0,0,0,0,0,13.42715,52.4213
8,8100520,2019,7,21,5,2,9,1,2,0,0,0,1,0,0,0,13.4637,52.46987
1,1100310,2019,7,21,5,3,6,4,0,1,0,1,0,0,0,0,13.40794,52.51876
1,1401049,2019,7,20,5,3,5,2,0,0,1,0,0,0,1,0,13.3588,52.55403
4,4501042,2019,7,19,5,3,5,3,0,1,1,0,0,0,0,0,13.33144,52.50302
6,6400838,2019,7,18,5,3,5,3,0,0,1,0,1,0,0,0,13.23384,52.43863
8,8200832,2019,7,18,5,3,5,2,0,0,1,0,0,0,0,0,13.42585,52.41363
11,11200512,2019,7,16,5,3,0,7,0,0,1,0,0,0,1,0,13.46894,52.54328
2,2200212,2019,7,15,5,3,5,2,0,1,0,0,0,0,1,0,13.41627,52.49102
1,1100205,2019,7,18,5,3,5,3,0,1,1,0,0,0,0,0,13.39035,52.50774
2,2400521,2019,7,15,5,3,2,6,0,0,1,0,0,0,0,0,13.42809,52.51784
1,1200522,2019,7,17,5,3,5,7,0,1,0,0,0,0,1,0,13.33002,52.52379
1,1401044,2019,7,15,5,3,5,2,0,0,1,0,1,0,0,0,13.36914,52.54841
1,1100206,2019,7,17,5,3,5,7,0,1,1,0,0,0,0,0,13.3895,52.51281
1,1401044,2019,7,15,5,3,6,7,0,0,1,1,0,0,0,0,13.37985,52.55277
4,4501152,2019,7,15,5,3,6,3,0,0,1,1,0,0,0,0,13.3318,52.49316
8,8100310,2019,7,17,5,3,5,3,0,1,0,0,0,0,0,0,13.44196,52.4859
8,8200727,2019,7,14,5,3,1,5,0,0,1,0,0,0,1,0,13.43495,52.44714
7,7300619,2019,7,16,5,2,5,3,0,1,1,0,0,0,0,0,13.34725,52.4705
12,12601032,2019,7,14,5,3,0,5,0,0,1,0,0,0,1,0,13.33624,52.61114
9,9501737,2019,7,13,5,3,1,1,0,1,1,0,0,0,0,0,13.62176,52.44644
1,1100102,2019,7,11,5,3,3,2,0,0,1,0,0,0,0,0,13.35054,52.51384
7,7601442,2019,7,11,5,3,5,2,0,0,1,0,0,1,0,0,13.39273,52.41267
1,1200518,2019,7,11,5,3,6,2,0,0,0,1,0,0,1,0,13.32845,52.5274
9,9200717,2019,7,11,5,3,2,6,0,0,1,0,0,0,1,0,13.5539,52.43153
7,7400720,2019,7,11,5,3,2,6,0,0,1,0,0,0,1,0,13.38469,52.47241
1,1100308,2019,7,10,5,3,5,3,0,0,1,0,0,0,1,0,13.37936,52.52421
1,1100102,2019,7,10,5,3,1,5,0,1,1,0,0,0,0,0,13.37591,52.50696
11,11400931,2019,7,10,5,3,1,1,0,0,1,0,0,0,0,0,13.50015,52.5093
11,11200410,2019,7,9,5,2,5,2,0,0,0,0,1,0,1,0,13.51968,52.55314
3,3300516,2019,7,9,5,3,2,6,0,0,1,0,0,0,0,0,13.42917,52.57198
1,1100313,2019,7,9,5,3,5,3,0,1,1,0,0,0,0,0,13.41966,52.50609
4,4400832,2019,7,7,5,3,5,3,0,1,1,0,0,0,0,0,13.29357,52.4716
7,7400720,2019,7,5,5,3,0,1,1,0,0,0,0,0,1,0,13.37774,52.47444
5,5100211,2019,7,3,5,2,1,1,2,0,1,0,0,0,0,0,13.15044,52.54475
3,3500936,2019,7,17,5,3,6,2,0,0,1,1,0,0,0,0,13.45894,52.55016
2,2300419,2019,7,14,5,3,5,7,0,0,0,0,1,0,1,0,13.4429,52.50058
7,7100206,2019,7,10,5,3,0,7,0,0,0,0,1,0,0,1,13.36126,52.49442
4,4501042,2019,7,10,4,3,1,5,0,1,0,0,0,0,1,0,13.32868,52.50332
7,7300618,2019,7,15,4,3,6,4,0,1,0,1,0,0,0,0,13.3377,52.47147
5,5100208,2019,7,17,4,2,5,2,0,1,1,0,0,0,0,0,13.16639,52.55106
11,11200513,2019,7,17,4,3,5,2,0,1,1,0,0,0,0,0,13.48928,52.54242
2,2400521,2019,7,17,4,3,0,2,0,0,1,0,1,0,0,0,13.43969,52.51391
9,9100305,2019,7,16,4,3,6,2,0,0,0,1,0,1,0,0,13.48697,52.46565
1,1300834,2019,7,16,4,3,6,7,0,1,0,1,0,0,0,0,13.39404,52.54764
6,6200312,2019,7,16,4,3,5,3,0,1,1,0,0,0,0,0,13.33135,52.44212
7,7400927,2019,7,16,4,3,2,7,0,0,0,0,1,0,1,0,13.39011,52.46575
4,4100102,2019,7,5,4,3,0,6,0,0,0,0,1,0,0,0,13.29328,52.53468
5,5400942,2019,7,23,4,3,0,1,2,1,0,0,0,0,0,0,13.18028,52.49346
1,1300834,2019,7,20,4,3,0,3,0,1,0,0,0,0,1,0,13.40252,52.54019
1,1100416,2019,7,19,4,3,1,5,0,1,1,0,0,0,0,0,13.40605,52.535
12,1400938,2019,7,19,4,3,2,4,0,0,1,1,0,0,0,0,13.30721,52.55503
11,11501238,2019,7,18,4,3,2,3,0,0,1,0,0,0,0,0,13.47029,52.50224
2,2500833,2019,7,18,4,3,0,6,0,1,0,0,0,0,0,0,13.45872,52.50658
1,1100309,2019,7,18,4,3,5,3,0,1,1,0,0,0,0,0,13.40273,52.5281
5,5300735,2019,7,18,4,2,2,6,0,0,1,0,1,0,0,0,13.21834,52.5373
2,2200210,2019,7,18,4,3,5,2,0,0,1,0,1,0,0,0,13.39524,52.49463
7,7400720,2019,7,18,4,3,6,2,0,1,0,1,0,0,0,0,13.3909,52.48422
1,1100416,2019,7,18,4,3,0,1,0,1,0,0,0,0,0,0,13.40214,52.53081
10,10200421,2019,7,17,4,3,6,7,0,0,1,1,0,0,0,0,13.60328,52.53859
1,1400940,2019,7,12,4,3,2,2,0,0,1,0,0,0,1,0,13.35128,52.55838
9,9200512,2019,7,12,4,3,0,6,0,0,1,0,1,0,0,0,13.51579,52.4681
7,7100206,2019,7,12,4,3,5,2,0,1,1,0,0,0,0,0,13.36602,52.49374
9,9100203,2019,7,11,4,2,6,7,0,0,1,1,0,0,0,0,13.48149,52.47904
3,3701660,2019,7,10,4,2,6,4,0,0,1,1,0,0,0,0,13.43392,52.52921
7,7100101,2019,7,9,4,3,5,2,0,0,1,0,0,0,0,0,13.34066,52.50256
7,7100102,2019,7,8,4,3,5,3,0,1,1,0,0,0,0,0,13.353,52.49933
1,1100207,2019,7,8,4,3,1,5,0,1,1,0,0,0,0,0,13.40475,52.51126
11,11300620,2019,7,8,4,3,5,2,0,1,1,0,0,0,0,0,13.48175,52.52676
11,11300724,2019,7,7,4,3,5,3,0,0,1,0,1,0,0,0,13.4859,52.51847
5,5100317,2019,7,7,4,3,6,4,0,0,1,1,0,0,0,0,13.2287,52.52835
3,3100103,2019,7,16,4,3,2,6,0,0,1,0,0,0,0,0,13.50296,52.63649
11,11501340,2019,7,16,4,3,0,7,0,1,1,0,0,0,0,0,13.54177,52.47498
4,4500936,2019,7,15,4,2,5,2,0,0,1,0,1,0,0,0,13.30702,52.50002
12,12200414,2019,7,15,4,3,3,5,0,1,1,0,0,0,0,0,13.25485,52.5624
4,4501152,2019,7,14,4,2,6,4,0,1,0,1,0,0,0,0,13.33179,52.49316
3,1300733,2019,7,14,4,3,2,6,0,0,1,0,0,0,0,0,13.39719,52.55481
3,3500935,2019,7,13,4,3,6,2,0,0,1,1,0,0,0,0,13.44815,52.54938
1,1200629,2019,7,13,4,3,0,3,0,0,1,0,0,0,0,0,13.34077,52.51687
1,1200624,2019,7,13,4,3,5,2,0,1,1,0,0,0,0,0,13.36034,52.53724
11,11200411,2019,7,12,4,3,3,6,0,0,1,0,0,1,0,0,13.5069,52.5486
2,2500726,2019,7,13,4,2,3,6,0,0,1,0,1,0,0,0,13.4487,52.52658
10,10100313,2019,7,5,4,3,6,4,0,0,0,1,0,0,1,0,13.56011,52.53749
2,2400521,2019,7,20,4,3,5,2,0,0,1,0,1,0,0,0,13.42868,52.51888
9,9301126,2019,7,19,3,3,6,4,0,1,0,1,0,0,0,0,13.60949,52.40793
1,1300835,2019,7,21,3,3,5,3,2,0,1,0,1,0,0,0,13.39201,52.53883
1,1300836,2019,7,20,3,3,0,7,0,0,1,0,0,0,0,0,13.37144,52.54011
7,7200411,2019,7,19,3,3,2,7,0,1,0,0,0,0,1,0,13.36335,52.48765
9,9200512,2019,7,19,3,3,5,2,0,1,1,0,0,0,0,0,13.52547,52.46461
2,2200212,2019,7,19,3,2,5,7,1,0,1,0,1,0,0,0,13.41615,52.49097