BEZ,LOR_ab_2021,UJAHR,UMONAT,USTUNDE,UWOCHENTAG,UKATEGORIE,UART,UTYP1,ULICHTVERH,IstRad,IstPKW,IstFuss,IstKrad,IstGkfz,IstSonstige,USTRZUSTAND,XGCSWGS84,YGCSWGS84
1,1100309,2019,7,19,3,2,1,5,0,1,1,0,0,0,0,0,13.4029,52.52773
1,1100309,2019,7,18,3,3,2,6,0,0,1,0,1,0,0,0,13.39946,52.52954
5,5200527,2019,7,18,3,3,5,3,0,0,1,0,0,0,0,0,13.16259,52.52009
8,8401243,2019,7,18,3,3,0,3,0,0,1,0,1,0,0,0,13.49134,52.42061
2,2400625,2019,7,17,3,3,6,4,0,0,1,1,0,0,0,0,13.44198,52.50437
2,2300316,2019,7,17,3,3,2,6,0,1,0,0,0,0,0,0,13.4446,52.50104
2,2500835,2019,7,16,3,3,5,3,0,1,1,0,0,0,0,0,13.45331,52.501
9,9200510,2019,7,16,3,3,5,7,0,0,1,0,0,0,1,0,13.51308,52.46689
3,3100103,2019,7,11,3,3,0,1,0,1,0,0,0,0,0,0,13.49463,52.63574
1,1100416,2019,7,16,3,2,0,1,0,1,0,0,0,0,0,0,13.40434,52.53317
1,1100415,2019,7,16,3,3,0,1,0,1,0,0,0,0,0,0,13.40101,52.53001
1,1100206,2019,7,15,3,3,5,2,0,0,1,0,1,0,0,0,13.38919,52.5147
8,8100314,2019,7,15,3,2,0,1,0,1,0,0,0,0,0,0,13.424,52.48653
2,2400521,2019,7,14,3,3,0,7,0,1,1,0,0,0,0,0,13.43972,52.51403
1,1400942,2019,7,13,3,3,2,6,0,0,0,0,1,0,1,0,13.34485,52.54691
6,6200312,2019,7,13,3,3,5,7,0,0,1,0,1,0,0,0,13.34297,52.44006
9,9401329,2019,7,13,3,2,5,3,0,1,1,0,0,0,0,0,13.58374,52.4312
8,8100102,2019,7,12,3,3,5,7,0,0,1,0,1,0,0,0,13.42121,52.47992
4,4501040,2019,7,12,3,3,3,2,0,0,1,0,0,0,0,0,13.31187,52.50042
1,1100308,2019,7,12,3,3,1,5,0,1,1,0,0,0,0,0,13.3821,52.52299
4,4500939,2019,7,11,3,3,2,2,0,0,1,0,1,0,0,0,13.30792,52.48858
2,2300314,2019,7,11,3,3,6,4,0,0,1,1,0,0,0,0,13.42487,52.50203
4,4501040,2019,7,11,3,3,2,6,0,0,1,0,1,0,0,0,13.30815,52.50004
3,3400723,2019,7,11,3,3,5,3,0,0,1,0,1,0,0,0,13.41375,52.58292
5,5100316,2019,7,17,3,3,2,6,0,0,1,0,0,0,0,0,13.20485,52.53599
5,5200524,2019,7,10,3,3,2,6,0,0,1,0,0,0,0,0,13.12271,52.52859
7,7400720,2019,7,10,3,3,2,2,0,0,1,0,1,0,0,0,13.40032,52.48371
2,2300419,2019,7,10,3,3,0,1,0,1,0,0,0,0,0,0,13.44112,52.49733
1,1401049,2019,7,9,3,3,2,6,0,0,1,0,0,0,0,0,13.35723,52.54957
11,11501238,2019,7,9,3,3,5,2,0,1,1,0,0,0,0,0,13.48078,52.49911
4,4300517,2019,7,9,3,3,2,2,0,0,1,0,1,0,0,0,13.29741,52.52651
3,3601449,2019,7,9,3,3,1,5,0,1,1,0,0,0,0,0,13.44823,52.53787
9,9501737,2019,7,7,3,3,5,7,0,1,0,0,0,0,1,0,13.62528,52.4555
3,3400619,2019,7,6,3,3,5,3,0,0,1,0,0,0,1,0,13.37427,52.58683
11,11100204,2019,7,6,3,3,5,3,0,0,1,0,1,0,0,0,13.5226,52.56075
1,1100308,2019,7,6,3,3,5,2,0,0,1,0,1,0,0,0,13.38718,52.52717
4,4501043,2019,7,3,3,3,5,3,2,1,1,0,0,0,0,0,13.31411,52.49036
1,1100310,2019,7,18,3,3,0,1,0,0,0,0,0,0,1,0,13.40022,52.52047
5,5200420,2019,7,13,3,3,1,5,0,1,1,0,0,0,0,0,13.15438,52.5335
1,1100308,2019,7,19,3,3,1,5,0,1,1,0,0,0,0,0,13.38618,52.52806
3,3601244,2019,7,7,2,3,5,3,0,0,1,0,0,0,0,0,13.41945,52.55017
4,4100101,2019,7,6,2,3,2,2,0,0,1,0,0,1,0,0,13.30242,52.54789
7,7601442,2019,7,1,2,3,0,1,2,0,1,0,0,0,0,0,13.39954,52.41421
1,1100310,2019,7,15,2,3,5,3,0,1,1,0,0,0,0,0,13.40974,52.52402
3,3400723,2019,7,15,2,3,2,7,0,0,0,0,1,1,0,0,13.4286,52.58323
4,4501045,2019,7,17,2,3,5,2,0,1,1,0,0,0,0,1,13.32609,52.4947
4,4500938,2019,7,17,2,3,0,7,0,1,1,0,0,0,0,1,13.29982,52.49618
1,1300835,2019,7,13,2,3,5,2,0,1,1,0,0,0,0,0,13.39114,52.53621
1,1300835,2019,7,13,2,3,3,6,0,1,0,0,0,0,1,0,13.3902,52.53542
1,1401044,2019,7,16,2,3,2,7,0,0,1,0,0,0,0,0,13.37236,52.55412
1,1100205,2019,7,15,2,2,5,2,0,1,1,0,0,0,0,0,13.38421,52.50997
1,1300834,2019,7,15,2,3,1,1,0,0,1,0,0,0,0,0,13.39309,52.54862
5,5200631,2019,7,16,2,3,2,6,0,0,1,0,0,0,1,0,13.19734,52.52474
4,4200311,2019,7,14,2,2,3,6,0,0,1,0,0,0,0,0,13.27934,52.50649
4,4300412,2019,7,17,2,2,0,1,0,0,0,0,1,0,0,1,13.28594,52.5213
5,5100105,2019,7,21,2,3,9,1,1,0,1,0,0,0,0,1,13.2036,52.55558
8,8100206,2019,7,20,2,3,2,7,1,0,1,0,1,0,0,0,13.42924,52.48176
12,12200411,2019,7,19,2,3,2,6,0,0,1,0,0,0,0,0,13.33097,52.56244
1,1401049,2019,7,19,2,3,1,5,0,1,1,0,0,0,1,0,13.35349,52.55104
2,2100104,2019,7,13,2,3,5,3,0,0,1,0,0,0,0,0,13.40636,52.5026
4,4500936,2019,7,13,2,3,5,2,0,0,1,0,1,0,0,0,13.30717,52.50005
1,1200522,2019,7,12,2,3,5,3,0,1,0,0,0,0,0,0,13.33192,52.52397
9,9501941,2019,7,12,2,3,5,3,0,0,1,0,0,0,0,0,13.57869,52.45243
11,11401032,2019,7,11,2,3,0,7,0,0,0,0,0,1,0,0,13.51906,52.51347
6,6200317,2019,7,11,2,3,5,3,0,0,1,0,0,0,1,0,13.36719,52.4269
9,9200510,2019,7,11,2,3,5,3,0,1,1,0,0,0,0,0,13.51199,52.4707
2,2100102,2019,7,9,2,3,2,6,0,1,0,0,0,0,0,0,13.39596,52.49842
11,11501341,2019,7,9,2,3,2,6,0,0,1,0,0,0,0,0,13.52482,52.47969
3,3400723,2019,7,8,2,3,5,3,0,1,1,0,0,0,0,0,13.40833,52.5721
1,1100308,2019,7,6,2,3,6,4,0,1,0,1,0,0,0,0,13.38041,52.52858
5,5100101,2019,7,10,2,3,5,2,0,1,1,0,0,0,0,0,13.20768,52.55565
4,4200310,2019,7,10,2,2,6,4,0,0,1,1,0,0,0,0,13.2705,52.51041
3,3200207,2019,7,20,2,3,1,5,1,1,1,0,0,0,0,0,13.40197,52.58735
5,5100105,2019,7,11,2,3,6,2,0,0,1,1,0,0,0,0,13.18859,52.55654
9,9300920,2019,7,14,1,3,6,4,0,0,1,1,0,0,0,0,13.54892,52.41909
1,1400942,2019,7,19,1,3,2,6,0,0,1,0,0,0,0,0,13.34718,52.54773
3,3400830,2019,7,22,1,3,1,7,2,0,0,0,1,0,1,0,13.42814,52.55402
4,4500939,2019,7,19,1,3,1,5,0,0,1,0,1,0,0,0,13.30114,52.48916
3,3601142,2019,7,19,1,3,5,3,0,1,1,0,0,0,0,0,13.41205,52.54271
6,6300527,2019,7,19,1,3,1,5,0,0,1,0,0,0,0,0,13.27691,52.43377
8,8100310,2019,7,18,1,3,0,2,0,0,1,0,0,0,1,0,13.43015,52.48606
9,9100203,2019,7,18,1,3,5,2,0,0,1,0,0,0,1,0,13.47511,52.47994
9,9301228,2019,7,17,1,2,5,3,0,0,1,0,1,0,0,0,13.68421,52.37047
11,11300721,2019,7,16,1,3,3,6,0,0,1,0,1,0,0,0,13.50533,52.53455
11,11100308,2019,7,16,1,2,6,4,0,0,1,1,0,0,0,0,13.50161,52.56601
11,11100101,2019,7,16,1,3,4,6,0,0,1,0,1,0,0,0,13.5144,52.57734
2,2400521,2019,7,15,1,3,5,3,0,0,1,0,1,0,0,0,13.43083,52.51198
5,5100209,2019,7,15,1,3,5,2,0,0,1,0,0,0,0,1,13.18459,52.54751
4,4200207,2019,7,14,1,3,2,6,0,1,1,0,0,0,0,0,13.21147,52.50055
9,9200818,2019,7,14,1,3,1,5,0,1,1,0,0,0,0,0,13.5709,52.4477
4,4501041,2019,7,14,1,3,1,5,0,1,1,0,0,0,0,0,13.31645,52.50123
1,1200520,2019,7,15,1,3,8,1,0,0,1,0,0,0,1,0,13.34134,52.53089
12,12500929,2019,7,10,1,3,5,3,0,0,1,0,0,0,0,1,13.34115,52.60857
8,8100310,2019,7,2,1,2,1,5,2,1,1,0,0,0,0,1,13.4375,52.49046
1,1300733,2019,7,22,1,2,0,7,2,0,0,0,0,0,1,0,13.38732,52.54993
3,3601245,2019,7,20,7,3,5,2,1,1,1,0,0,0,0,0,13.43467,52.54923
1,1300836,2019,7,18,7,3,6,4,0,0,1,1,0,0,0,0,13.38638,52.54936
12,12400618,2019,7,22,7,3,6,7,2,1,0,1,0,0,0,1,13.24339,52.61421
7,7100206,2019,7,20,7,3,5,2,0,0,1,0,0,0,1,0,13.36116,52.49424
12,12200411,2019,7,20,7,3,2,2,0,0,1,0,0,0,0,0,13.32756,52.56411
8,8100310,2019,7,18,7,2,5,2,0,0,1,0,1,0,0,0,13.42894,52.48658
11,11100101,2019,7,17,7,3,9,1,0,0,1,0,0,0,0,0,13.52253,52.57996
1,1200623,2019,7,17,7,3,5,7,0,0,1,0,1,0,0,0,13.35112,52.53188
7,7100102,2019,7,16,7,2,1,5,0,1,1,0,0,0,0,0,13.34596,52.49773
4,4100101,2019,7,16,7,3,5,3,0,1,1,0,0,0,0,0,13.28675,52.5391
3,3500934,2019,7,16,7,3,8,1,0,0,0,0,0,0,1,0,13.43954,52.55569
4,4500939,2019,7,15,7,3,5,2,0,1,1,0,0,0,0,0,13.30232,52.48827
4,4200311,2019,7,14,7,3,2,6,0,0,1,0,1,0,0,0,13.2787,52.50279
4,4501150,2019,7,13,7,2,5,2,0,0,1,0,0,0,0,0,13.32236,52.48643
11,11300721,2019,7,12,7,2,2,6,0,0,1,0,0,0,0,0,13.49936,52.53419
6,6200421,2019,7,12,7,3,3,6,0,0,1,0,1,0,0,0,13.31327,52.42299
7,7501133,2019,7,11,7,3,5,2,0,0,1,0,0,0,0,0,13.37829,52.43482
7,7601341,2019,7,11,7,3,5,3,0,1,1,0,0,0,0,0,13.35083,52.40822
10,10200417,2019,7,10,7,3,5,3,0,1,1,0,0,0,0,0,13.59215,52.54635
3,3200309,2019,7,10,7,2,6,3,0,0,1,1,0,0,0,0,13.4321,52.60427
5,5300735,2019,7,9,7,3,0,6,0,0,0,0,0,0,1,0,13.21843,52.53726
9,9100202,2019,7,9,7,2,6,2,0,0,1,1,0,0,0,0,13.45829,52.48586
12,12200307,2019,7,8,7,3,5,3,0,0,1,0,1,0,0,0,13.32931,52.57566
8,8200622,2019,7,18,7,3,5,3,0,0,1,0,0,0,0,0,13.44411,52.4623
3,3500934,2019,7,22,7,3,5,2,2,1,0,0,0,0,1,1,13.43473,52.55361
5,5100312,2019,7,14,6,3,2,6,0,0,1,0,0,0,0,0,13.20054,52.54951
6,6100209,2019,7,16,6,3,5,3,0,0,1,0,0,0,0,0,13.33233,52.45838
5,5200524,2019,7,19,6,2,5,3,0,0,1,0,0,0,0,0,13.12863,52.52877
1,1100205,2019,7,18,6,3,5,3,0,0,1,0,1,0,0,0,13.37692,52.51077
3,3601244,2019,7,16,6,2,5,3,0,0,1,0,1,0,0,1,13.42703,52.55221
12,12500824,2019,7,15,6,3,2,6,0,0,1,0,0,0,0,0,13.30134,52.59967
11,11200515,2019,7,14,6,3,4,6,0,0,1,0,0,1,0,0,13.50906,52.54217
2,2400624,2019,7,13,6,3,2,7,0,0,0,0,1,1,0,0,13.44804,52.51321
5,5200423,2019,7,12,6,3,5,2,0,0,1,0,0,0,0,0,13.14159,52.53243
12,12500930,2019,7,11,6,3,0,5,0,1,1,0,0,0,1,0,13.33008,52.59439
1,1100310,2019,7,10,6,3,2,6,0,0,0,0,1,0,1,0,13.41182,52.52397
6,6200313,2019,7,10,6,3,5,2,0,1,1,0,0,0,0,0,13.34563,52.43621
1,1100206,2019,7,8,6,3,5,3,0,1,1,0,0,0,0,0,13.38906,52.51558
5,5100208,2019,7,22,6,3,2,2,2,0,1,0,1,0,0,0,13.16551,52.55123
8,8200624,2019,7,20,6,3,5,3,2,0,1,0,0,0,0,0,13.42968,52.46031
2,2500836,2019,7,16,6,3,0,1,0,0,0,0,1,0,0,1,13.46767,52.49821
1,1100104,2019,7,12,6,2,6,2,0,0,0,1,0,0,1,0,13.37071,52.50002
4,4200311,2019,7,10,6,2,5,3,0,0,1,0,0,0,0,0,13.28127,52.51283
11,11300620,2019,7,16,6,3,0,1,0,0,0,0,1,0,0,1,13.48464,52.53348
1,1100309,2019,7,17,6,3,0,1,0,1,0,0,0,0,0,1,13.40202,52.5288
10,10300731,2019,8,15,3,3,0,2,0,1,1,0,0,0,0,1,13.55943,52.53407
3,3400830,2019,8,17,3,1,5,5,0,0,0,0,0,0,1,0,13.42201,52.56055
8,8200725,2019,8,13,2,3,3,6,0,1,1,0,0,0,0,0,13.42931,52.44269
1,1100102,2019,8,22,2,3,1,5,2,1,1,0,0,0,0,0,13.37289,52.51136
4,4200310,2019,8,17,2,3,0,1,0,0,0,0,1,0,0,0,13.27296,52.50874
4,4300620,2019,8,16,2,3,2,2,0,0,1,0,0,0,1,0,13.32672,52.5196
1,1100309,2019,8,16,2,3,3,6,0,1,1,0,0,0,0,0,13.39896,52.52888
4,4300414,2019,8,16,2,3,5,3,0,1,1,0,0,0,0,0,13.28696,52.51298
9,9200613,2019,8,9,2,3,5,2,0,1,0,0,0,0,1,0,13.50192,52.46079
4,4501153,2019,8,17,2,3,3,6,0,1,1,0,0,0,0,0,13.33346,52.48774
9,9502043,2019,8,16,2,3,0,2,0,1,0,0,0,0,1,0,13.55323,52.46969
3,3601450,2019,8,16,2,3,6,2,0,0,0,1,0,1,0,0,13.45741,52.52896
9,9200717,2019,8,16,2,3,0,3,0,1,1,0,0,0,0,0,13.5495,52.43832
8,8100310,2019,8,15,2,3,2,6,0,0,1,0,0,0,0,0,13.43151,52.48558
7,7200413,2019,8,15,2,2,1,5,0,1,1,0,0,0,0,0,13.36226,52.48573
1,1200517,2019,8,15,2,3,0,2,0,1,1,0,0,0,0,0,13.32187,52.53174
7,7300619,2019,8,13,2,3,0,1,0,0,0,0,1,0,0,1,13.35567,52.45725
1,1100207,2019,8,11,2,3,5,3,0,1,0,0,0,0,1,0,13.39124,52.50774
2,2200209,2019,8,11,2,3,1,5,0,1,1,0,0,0,0,0,13.37531,52.48504
4,4300620,2019,8,11,2,3,6,7,0,1,0,1,0,0,0,0,13.32177,52.52101
8,8401241,2019,8,11,2,3,5,7,0,0,1,0,1,0,0,0,13.47745,52.4301
6,6100206,2019,8,11,2,3,5,3,0,0,1,0,0,0,0,0,13.338,52.45114
1,1100206,2019,8,8,2,2,5,3,0,1,1,0,0,0,0,0,13.40097,52.51838
7,7601544,2019,8,8,2,3,5,2,0,1,1,0,0,0,0,0,13.40624,52.38667
1,2400521,2019,8,8,2,3,2,6,0,0,1,0,0,0,1,0,13.42575,52.5153
8,8100102,2019,8,8,2,3,5,2,0,1,1,0,0,0,0,0,13.4255,52.47978
4,4200310,2019,8,7,2,3,2,6,0,0,1,0,0,0,0,0,13.26596,52.51305
3,3400723,2019,8,7,2,3,2,7,0,0,1,0,0,0,0,0,13.41176,52.58233
3,3400723,2019,8,10,2,3,0,3,0,1,0,0,0,0,1,0,13.42877,52.58431
3,3500936,2019,8,7,2,3,5,2,0,0,1,0,1,0,0,0,13.45441,52.54913
9,9100409,2019,8,6,2,3,5,3,0,1,1,0,0,0,0,0,13.51107,52.44954
2,2300417,2019,8,2,2,3,5,3,2,0,1,0,0,0,1,0,13.42779,52.49634
1,1300836,2019,8,6,2,3,1,5,0,1,1,0,0,0,0,0,13.3825,52.5478
3,3501037,2019,8,10,2,3,2,6,0,0,1,0,0,0,0,0,13.46995,52.56424
6,6100208,2019,8,9,2,3,5,2,0,0,1,0,1,0,0,0,13.32961,52.45894
10,10300732,2019,8,9,2,3,2,6,0,0,1,0,0,0,0,0,13.56327,52.51429
5,5100315,2019,8,9,2,3,5,2,0,1,1,0,0,0,0,0,13.19733,52.5435
7,7400720,2019,8,4,1,3,2,6,2,0,1,0,0,0,0,0,13.38578,52.48432
3,3501037,2019,8,17,1,2,0,1,0,1,0,0,0,0,0,0,13.48735,52.55672
1,1100205,2019,8,13,1,3,0,1,0,0,0,0,1,0,0,0,13.37672,52.51081
1,1100310,2019,8,0,1,3,0,1,2,0,0,0,0,0,1,0,13.40948,52.52221
5,5100316,2019,8,12,1,3,2,6,0,0,1,0,1,0,1,0,13.20717,52.53889
3,3300413,2019,8,17,1,3,5,3,0,0,1,0,1,0,0,0,13.49303,52.61124
6,6200313,2019,8,16,1,3,5,3,0,0,1,0,1,0,0,0,13.34578,52.43636
5,5200526,2019,8,13,1,3,2,6,0,0,1,0,0,0,0,0,13.15472,52.52176
5,5300735,2019,8,12,1,3,3,6,0,0,1,0,1,0,0,0,13.21291,52.53859
4,4501044,2019,8,4,1,3,1,5,2,0,1,0,0,0,1,0,13.32046,52.49798
3,3400723,2019,8,4,1,3,5,3,2,0,1,0,0,0,0,0,13.40645,52.56538
11,11100101,2019,8,18,1,3,0,7,0,1,0,0,0,0,0,0,13.48938,52.57715
2,2300419,2019,8,0,1,3,0,5,2,1,1,0,0,0,1,0,13.44954,52.49677
1,1100101,2019,8,21,1,3,1,5,2,1,1,0,0,0,0,0,13.34031,52.50524
8,8200624,2019,8,20,1,2,5,3,1,0,1,0,0,0,0,0,13.43305,52.45238
2,2200210,2019,8,19,1,3,0,1,0,1,0,0,0,0,0,0,13.39501,52.4964
11,11501341,2019,8,19,1,3,0,1,0,1,0,0,0,0,0,0,13.52535,52.48108
12,12200411,2019,8,21,7,3,2,6,0,0,1,0,0,0,0,0,13.32206,52.5606
2,2300316,2019,8,14,7,3,4,6,0,1,0,0,0,0,1,0,13.43163,52.49928
12,12200515,2019,8,14,7,3,2,6,0,0,1,0,0,0,0,0,13.28833,52.5844
12,12200310,2019,8,19,7,3,5,3,0,0,1,0,0,0,0,0,13.30545,52.56826
4,4400728,2019,8,13,7,3,6,4,0,0,1,1,0,0,0,0,13.26606,52.48295
8,8401241,2019,8,13,7,3,5,3,0,1,1,0,0,0,0,0,13.47812,52.44212
2,2300314,2019,8,15,7,3,2,6,0,1,1,0,0,0,0,0,13.42057,52.5031
8,8200832,2019,8,15,7,3,1,5,0,1,1,0,0,0,0,0,13.43515,52.42676
8,8301037,2019,8,17,7,3,5,2,0,1,1,0,0,0,0,0,13.47317,52.42312
12,12200411,2019,8,15,7,3,5,2,0,0,1,0,0,0,0,0,13.32801,52.56411
1,1300730,2019,8,15,7,3,6,4,0,0,1,1,0,0,0,0,13.38171,52.56209
3,3200206,2019,8,17,7,2,5,3,0,0,1,0,1,0,0,0,13.39957,52.59158
5,5200629,2019,8,16,7,3,0,2,0,1,1,0,0,0,0,0,13.18815,52.5325
9,9200715,2019,8,17,7,2,2,6,0,0,1,0,1,0,0,0,13.55083,52.42908
10,10400835,2019,8,18,7,3,5,3,0,0,1,0,0,0,0,0,13.6062,52.52422
2,2500729,2019,8,19,7,3,0,1,0,1,0,0,0,0,0,0,13.45475,52.51911
1,1100415,2019,8,19,7,2,1,5,0,1,0,0,0,0,1,0,13.38834,52.53162
12,12200411,2019,8,23,7,3,5,2,2,0,1,0,1,0,0,0,13.32191,52.56053
9,9100305,2019,8,22,7,3,0,3,2,0,1,0,1,0,0,0,13.48714,52.46554
6,6200422,2019,8,23,7,3,5,3,2,1,0,0,0,0,0,0,13.32683,52.4269
12,12100101,2019,8,13,7,2,2,7,0,1,1,0,0,0,0,0,13.37838,52.56595
4,4200310,2019,8,11,7,3,5,5,0,0,1,0,1,0,0,0,13.2618,52.5192
4,4501042,2019,8,11,7,3,2,6,0,1,1,0,0,0,0,0,13.33305,52.50578
4,4300416,2019,8,11,7,3,2,6,0,1,1,0,0,0,0,0,13.29324,52.50672
1,1401044,2019,8,10,7,3,0,2,0,0,0,0,0,1,1,0,13.38153,52.55612
11,11501238,2019,8,1,7,2,6,4,2,0,1,1,0,0,0,0,13.4765,52.50089
8,8200832,2019,8,14,6,2,6,4,0,0,1,1,0,0,0,0,13.4353,52.42336
5,5100315,2019,8,0,6,3,6,2,2,0,0,1,0,0,1,0,13.20413,52.54374
1,1401044,2019,8,16,6,3,5,3,0,1,1,0,0,0,0,0,13.3644,52.54959
12,12100205,2019,8,18,6,3,0,2,0,1,1,0,0,0,0,0,13.34735,52.57855
1,1100308,2019,8,9,6,3,6,7,0,0,0,1,0,0,1,0,13.38732,52.52595
1,1200623,2019,8,14,6,2,5,3,0,0,1,0,1,0,0,0,13.35107,52.5297
2,2100101,2019,8,18,6,3,0,2,0,1,1,0,0,0,0,1,13.38865,52.49932
1,1401044,2019,8,11,6,3,5,5,0,0,1,0,0,0,0,0,13.37541,52.55026
3,3300413,2019,8,11,6,3,0,5,0,1,0,0,0,0,0,0,13.4763,52.61124
2,2400521,2019,8,15,6,3,5,2,0,1,1,0,0,0,0,0,13.42412,52.51335
8,8100417,2019,8,14,6,3,6,4,0,0,1,1,0,0,0,0,13.44814,52.47782
4,4500939,2019,8,14,6,3,5,3,0,0,0,0,1,0,1,0,13.30836,52.49004
6,6100102,2019,8,13,6,3,1,5,0,1,0,0,0,0,1,0,13.31693,52.46321
7,7200411,2019,8,13,6,3,2,6,0,0,1,0,1,0,0,0,13.35563,52.49013
4,4100101,2019,8,12,6,3,5,7,0,0,1,0,1,0,0,0,13.32174,52.53891
5,5200632,2019,8,11,6,3,2,6,0,0,1,0,0,0,0,0,13.20427,52.53033
12,12200308,2019,8,11,6,2,5,3,0,0,1,0,1,0,0,0,13.31715,52.57636
5,5100210,2019,8,10,6,3,1,5,0,0,1,0,0,0,1,0,13.18527,52.54469
6,6300632,2019,8,8,6,2,0,1,0,0,1,0,1,0,0,0,13.28101,52.42105
2,2200210,2019,8,8,6,3,5,3,0,1,0,0,0,0,0,0,13.39832,52.49599
10,10300731,2019,8,8,6,3,2,7,0,0,1,0,0,0,0,0,13.56369,52.51887
12,12200307,2019,8,8,6,3,2,6,0,0,1,0,0,0,0,0,13.33139,52.57371
6,6300525,2019,8,8,6,3,5,2,0,1,1,0,0,0,0,0,13.26751,52.40804
11,11400931,2019,8,19,6,3,0,2,1,0,1,0,1,0,0,1,13.48703,52.50243
3,3400830,2019,8,19,6,3,1,5,0,1,1,0,0,0,0,1,13.41305,52.55755
9,9501941,2019,8,18,6,3,2,2,0,0,1,0,0,0,0,1,13.57067,52.45177
4,4300518,2019,8,18,6,2,5,3,0,0,1,0,1,0,0,1,13.31444,52.52093
11,11501339,2019,8,18,6,3,1,5,1,1,1,0,0,0,0,1,13.52328,52.48307
3,3601450,2019,8,17,6,2,0,1,0,1,0,0,0,0,0,1,13.45053,52.53621
3,11300619,2019,8,17,6,3,2,6,0,0,1,0,0,0,0,1,13.45788,52.52858
4,4300624,2019,8,17,6,3,6,4,0,0,1,1,0,0,0,1,13.32023,52.50686
3,3601452,2019,8,17,6,3,5,3,0,0,1,0,0,0,0,1,13.44909,52.52887
4,4200310,2019,8,16,6,3,5,3,0,0,1,0,0,0,0,1,13.26865,52.5093
1,1300836,2019,8,16,6,3,2,6,0,0,1,0,0,0,0,1,13.37695,52.5435
5,5200629,2019,8,22,6,3,6,4,2,0,1,1,0,0,0,0,13.1955,52.53347
1,1401044,2019,8,20,6,3,0,1,0,1,0,0,0,0,0,0,13.36314,52.54872
3,3601244,2019,8,18,6,3,0,2,1,1,1,0,0,0,0,1,13.41814,52.54971
1,1300730,2019,8,15,5,3,2,6,0,0,1,0,1,0,0,0,13.38507,52.55691
4,4501042,2019,8,22,5,3,1,5,2,1,1,0,0,0,0,0,13.33609,52.50006
6,6100101,2019,8,21,5,2,5,2,2,0,1,0,0,0,0,0,13.3178,52.45792
3,3500934,2019,8,21,5,2,5,3,1,1,0,0,0,0,1,0,13.43184,52.55451
2,2500830,2019,8,20,5,3,1,5,1,1,1,0,0,0,0,0,13.46699,52.50809
2,2100101,2019,8,20,5,3,6,4,1,1,0,1,0,0,0,0,13.3885,52.50172
3,3701554,2019,8,19,5,3,6,4,0,0,1,1,0,0,0,0,13.411,52.5398
10,10300733,2019,8,19,5,3,5,3,0,1,1,0,0,0,0,0,13.55726,52.50714
5,5100101,2019,8,16,5,3,2,6,0,0,1,0,1,0,0,1,13.20875,52.56158
8,8100102,2019,8,18,5,3,1,5,0,1,1,0,0,0,0,0,13.42145,52.47914
2,2300316,2019,8,18,5,3,0,3,0,0,1,0,1,0,0,0,13.43188,52.50565
5,5100211,2019,8,17,5,3,5,2,0,0,1,0,0,0,0,0,13.17819,52.54884
4,4300619,2019,8,16,5,3,2,6,0,0,1,0,0,0,1,0,13.31075,52.51619
7,7400826,2019,8,16,5,3,0,1,0,1,0,0,0,0,0,0,13.3646,52.45042
4,4501147,2019,8,16,5,3,5,3,0,1,1,0,0,0,0,0,13.31467,52.49
7,7400720,2019,8,14,5,3,5,3,0,0,1,0,0,0,0,0,13.37913,52.48058
5,5100313,2019,8,14,5,3,2,6,0,0,1,0,0,0,0,0,13.20794,52.55389
12,12601032,2019,8,14,5,3,0,6,0,1,0,0,0,1,0,0,13.32321,52.60771
3,3300516,2019,8,14,5,2,6,4,0,0,1,1,0,0,0,0,13.43764,52.56978
4,4200203,2019,8,13,5,3,5,2,0,0,1,0,1,0,0,0,13.24035,52.51192
1,1300836,2019,8,15,5,3,5,3,0,0,1,0,0,0,0,0,13.3765,52.54303
3,3601244,2019,8,13,5,3,6,4,0,0,0,1,1,0,0,0,13.41703,52.54989
1,1100312,2019,8,13,5,2,6,4,0,0,1,1,0,0,0,0,13.40512,52.50823
11,11400931,2019,8,13,5,3,5,2,0,1,1,0,0,0,0,0,13.49632,52.50016
10,10400836,2019,8,12,5,3,0,6,0,1,1,0,0,0,0,0,13.58165,52.50746
2,2200210,2019,8,12,5,3,1,5,0,1,0,0,0,1,0,0,13.39709,52.49119
3,3400723,2019,8,12,5,2,5,3,0,0,1,0,0,1,0,0,13.42882,52.57917
4,4200308,2019,8,12,5,3,2,6,0,0,1,0,0,0,0,0,13.28342,52.51867
8,8200725,2019,8,12,5,3,5,7,0,0,1,0,0,0,0,0,13.41947,52.45215
4,4200310,2019,8,10,5,3,5,3,0,0,1,0,0,0,0,0,13.25967,52.51476
2,2200210,2019,8,12,5,3,2,2,0,0,1,0,1,0,0,1,13.39517,52.49625
3,3701554,2019,8,9,5,3,5,2,0,1,1,0,0,0,0,0,13.41019,52.52988
11,11300619,2019,8,8,5,3,5,3,0,0,0,0,0,1,1,0,13.46707,52.52846
3,3601244,2019,8,11,5,3,5,7,0,0,1,0,0,0,0,0,13.4271,52.55221
11,11300619,2019,8,8,5,3,5,5,0,0,1,0,1,0,0,1,13.46709,52.52873
7,7100204,2019,8,10,5,3,0,6,0,1,1,0,0,0,0,0,13.34915,52.49074
3,3200207,2019,8,10,5,3,1,5,0,0,1,0,0,0,0,0,13.41061,52.59041
4,4400835,2019,8,8,5,3,0,3,0,0,1,0,1,0,0,0,13.32012,52.47679
12,12100205,2019,8,8,5,3,5,2,0,1,1,0,0,0,0,0,13.35313,52.568
1,1100102,2019,8,7,5,3,8,1,0,0,1,0,0,0,0,0,13.36425,52.50611
2,2300419,2019,8,6,5,3,0,4,0,1,0,1,0,0,0,1,13.44551,52.49921
11,11400927,2019,8,6,5,3,2,6,0,0,1,0,1,0,0,0,13.47553,52.5026
1,1300834,2019,8,5,5,3,5,3,1,0,1,0,0,0,0,1,13.39434,52.54741
4,4501153,2019,8,2,5,3,5,2,2,0,1,0,0,0,0,0,13.33088,52.48737
2,2300316,2019,8,0,5,3,0,2,2,1,1,0,0,0,0,1,13.44157,52.50128
12,12200307,2019,7,2,4,3,0,7,2,1,0,0,0,0,0,0,13.3315,52.57557
4,4400728,2019,7,20,4,3,5,2,1,0,1,0,0,0,0,1,13.28097,52.47683
12,12100205,2019,7,20,4,3,1,5,2,0,1,0,0,0,0,1,13.36223,52.57892
12,12100101,2019,7,20,4,3,0,1,1,0,0,0,1,0,0,1,13.36444,52.56267
2,2200209,2019,7,19,4,3,5,5,1,0,1,0,1,0,0,0,13.3847,52.49002
2,2400521,2019,7,23,4,3,5,7,2,0,1,0,1,0,0,1,13.42958,52.50958