BEZ,LOR_ab_2021,UJAHR,UMONAT,USTUNDE,UWOCHENTAG,UKATEGORIE,UART,UTYP1,ULICHTVERH,IstRad,IstPKW,IstFuss,IstKrad,IstGkfz,IstSonstige,USTRZUSTAND,XGCSWGS84,YGCSWGS84
4,4501044,2019,7,22,4,3,0,1,2,0,0,0,1,0,0,1,13.32228,52.49307
4,4300623,2019,7,18,4,3,5,2,0,0,1,0,0,0,0,0,13.31387,52.50629
8,8401242,2019,7,18,4,3,5,3,0,0,1,0,0,0,0,0,13.4898,52.42005
1,1100310,2019,7,17,4,3,2,6,0,0,1,0,0,0,0,1,13.41054,52.52866
4,4501040,2019,7,17,4,3,0,6,0,0,1,0,1,0,0,1,13.31316,52.50138
4,4300416,2019,7,17,4,2,0,1,0,1,0,0,0,0,0,1,13.29507,52.50414
10,10300734,2019,7,17,4,3,6,4,0,0,1,1,0,0,0,1,13.56175,52.50564
1,1100310,2019,7,17,4,2,5,2,0,1,1,0,0,0,0,1,13.40397,52.52272
1,1200522,2019,7,16,4,3,0,5,0,0,1,0,1,0,0,1,13.3416,52.52552
7,7501134,2019,7,16,4,3,2,6,0,0,1,0,0,0,0,1,13.39025,52.43948
1,1100308,2019,7,16,4,3,5,3,0,0,1,0,0,0,0,1,13.38009,52.53279
12,12400723,2019,7,15,4,3,5,2,0,1,1,0,0,0,0,1,13.30409,52.62216
1,1100101,2019,7,15,4,3,2,6,0,0,1,0,0,0,0,1,13.35136,52.50961
4,4100101,2019,7,10,4,3,5,2,0,0,1,0,0,0,0,0,13.3261,52.53839
1,1200626,2019,7,9,4,3,5,7,0,1,1,0,0,0,0,0,13.34586,52.52501
12,12200310,2019,7,9,4,2,4,6,0,1,0,0,0,0,0,0,13.31081,52.56806
2,2200209,2019,7,9,4,3,2,6,0,0,1,0,1,0,0,0,13.3877,52.49304
2,2300314,2019,7,7,4,3,5,2,0,1,1,0,0,0,0,0,13.41658,52.50204
1,1100309,2019,7,15,4,2,5,7,0,0,1,0,0,0,0,0,13.39981,52.52956
1,1100416,2019,7,7,4,3,5,3,0,1,0,0,0,0,1,0,13.40497,52.53407
5,5300737,2019,7,7,4,3,5,2,0,0,0,0,1,0,1,0,13.24138,52.53859
12,12200310,2019,7,4,4,3,5,3,1,1,1,0,0,0,0,0,13.3019,52.56904
11,11100203,2019,7,2,4,3,0,1,2,1,0,0,0,0,0,0,13.52631,52.56923
5,5100314,2019,7,14,4,3,6,4,0,0,1,1,0,0,0,0,13.20843,52.54883
1,1400938,2019,7,14,4,3,5,3,0,0,1,0,0,0,0,0,13.3309,52.55889
6,6400844,2019,7,12,4,3,5,3,0,0,0,0,1,0,1,0,13.29312,52.46756
4,4501040,2019,7,12,4,3,5,3,0,0,1,0,0,0,1,0,13.30914,52.50038
12,12200515,2019,7,11,4,2,5,7,0,0,1,0,1,0,0,0,13.28976,52.58261
7,7200411,2019,7,10,4,3,1,5,0,1,1,0,0,0,0,0,13.35427,52.48734
4,4200207,2019,7,10,4,3,5,3,0,1,0,0,0,0,0,0,13.25378,52.50505
8,8100104,2019,7,10,4,3,6,4,0,0,1,1,0,0,0,0,13.43059,52.46874
12,12100205,2019,7,9,3,3,0,6,0,1,1,0,0,0,0,0,13.35128,52.56762
3,3400830,2019,7,7,3,3,6,7,0,0,1,1,0,0,0,0,13.41854,52.56222
10,10400940,2019,7,9,3,3,5,3,0,0,1,0,0,0,0,0,13.59751,52.50234
3,3501037,2019,7,8,3,3,2,2,0,0,1,0,0,0,0,1,13.46844,52.55979
1,1100415,2019,7,8,3,3,3,6,0,1,0,0,0,0,0,0,13.38377,52.53077
1,1100207,2019,7,0,3,2,5,2,2,0,1,0,1,0,0,0,13.40571,52.51408
9,9100407,2019,7,6,3,2,1,5,0,1,1,0,0,0,0,0,13.50394,52.44435
11,11501340,2019,7,17,3,3,5,3,0,0,1,0,0,0,0,0,13.53203,52.48403
4,4400832,2019,7,16,3,2,1,5,0,1,1,0,0,0,0,0,13.29938,52.47441
5,5200629,2019,7,16,3,2,5,7,0,0,1,0,1,0,0,0,13.19888,52.53376
1,1400940,2019,7,15,3,3,5,2,0,1,1,0,0,0,0,0,13.34803,52.55613
4,4300624,2019,7,15,3,3,5,7,0,0,1,0,1,0,0,0,13.31765,52.5069
1,1100101,2019,7,15,3,3,0,3,0,0,1,0,1,0,0,0,13.34673,52.50489
2,2200209,2019,7,23,3,3,0,1,2,1,0,0,0,0,0,0,13.37917,52.49245
1,1300733,2019,7,15,3,3,6,4,0,0,0,1,1,0,0,0,13.38989,52.55019
3,3601245,2019,7,20,3,3,1,5,1,1,1,0,0,0,0,0,13.44,52.54387
4,4200308,2019,7,13,3,3,0,7,0,0,1,0,1,0,0,0,13.26895,52.51845
1,1100101,2019,7,20,3,2,0,1,0,1,0,0,0,0,0,0,13.34065,52.50518
8,8100102,2019,7,14,3,3,5,3,0,0,1,0,1,0,0,0,13.42382,52.47728
1,1100101,2019,7,20,3,3,5,3,0,0,1,0,0,0,0,0,13.3522,52.50632
5,5200420,2019,7,20,3,3,5,3,0,1,1,0,0,0,0,0,13.16677,52.53351
7,7100101,2019,7,19,3,3,5,7,0,0,1,0,1,0,0,0,13.34129,52.50045
9,9100203,2019,7,13,3,3,3,1,0,1,0,0,0,0,1,0,13.48081,52.47267
5,5400943,2019,7,12,3,3,2,2,0,1,1,0,0,0,0,0,13.14423,52.45431
8,8100417,2019,7,18,3,3,2,6,0,0,1,0,0,0,0,0,13.4455,52.47913
6,6400838,2019,7,18,3,3,5,2,0,1,1,0,0,0,0,0,13.25032,52.45365
4,4300416,2019,7,18,3,3,3,6,0,0,1,0,0,0,0,0,13.30182,52.51032
9,9100409,2019,7,17,3,3,2,7,0,0,1,0,1,0,0,0,13.50677,52.43699
8,8200833,2019,7,17,3,3,5,3,0,1,0,0,0,0,1,0,13.4394,52.42414
9,9501737,2019,7,10,3,2,1,5,0,0,1,0,1,0,0,0,13.62173,52.44644
1,1300730,2019,7,9,3,3,1,5,0,1,0,0,0,1,0,0,13.39648,52.55998
8,8401243,2019,7,12,3,3,5,2,0,0,1,0,0,0,1,0,13.49356,52.43026
7,7100102,2019,7,14,3,1,6,2,0,0,0,1,0,1,0,0,13.34615,52.50097
2,2400521,2019,7,13,2,3,5,2,0,1,0,0,0,0,1,0,13.44068,52.51726
7,7601442,2019,7,15,2,3,0,7,0,1,0,0,0,0,0,0,13.39999,52.4135
10,10400940,2019,7,12,2,3,0,1,0,1,0,0,0,0,0,0,13.60205,52.48328
1,1300733,2019,7,22,2,3,2,6,2,0,1,0,1,0,0,1,13.39158,52.55543
3,3400723,2019,7,21,2,3,0,2,2,0,1,0,1,0,0,1,13.40651,52.56538
2,2500833,2019,7,20,2,3,1,1,0,0,1,0,1,0,0,1,13.4596,52.50908
1,1300835,2019,7,18,2,3,5,2,0,1,0,0,0,0,1,1,13.39115,52.53621
4,4501041,2019,7,18,2,3,0,6,0,0,1,0,1,0,0,1,13.32179,52.50172
6,6300634,2019,7,18,2,3,0,5,0,1,1,0,0,0,0,1,13.29464,52.44225
1,1300836,2019,7,18,2,3,2,6,0,0,1,0,0,0,0,1,13.37497,52.54816
1,1100309,2019,7,16,2,3,2,6,0,0,1,0,0,0,0,0,13.39318,52.52491
5,5100313,2019,7,16,2,3,5,7,0,1,1,0,0,0,0,0,13.20902,52.54654
6,6100210,2019,7,19,2,3,2,6,0,0,1,0,0,0,0,1,13.34204,52.46337
1,1100206,2019,7,17,2,3,1,5,0,1,1,0,0,0,0,1,13.39251,52.51228
4,4501153,2019,7,16,2,3,5,2,0,0,1,0,1,0,0,0,13.33271,52.47869
1,1300733,2019,7,16,2,3,5,2,0,1,1,0,0,0,0,0,13.39186,52.5498
3,3300516,2019,7,19,2,3,0,7,0,0,1,0,0,0,0,1,13.44221,52.56974
4,4501153,2019,7,15,2,2,5,3,0,1,1,0,0,0,0,0,13.33278,52.47972
11,11200515,2019,7,15,2,3,5,2,0,1,0,0,0,0,1,0,13.516,52.53695
1,1100308,2019,7,15,2,3,2,7,0,1,1,0,0,0,0,0,13.38107,52.53216
4,4400833,2019,7,14,2,2,2,6,0,0,1,0,1,0,0,0,13.3083,52.47697
9,9200512,2019,7,15,2,3,2,2,0,0,1,0,0,0,0,0,13.55432,52.4557
5,5100208,2019,7,14,2,3,0,1,0,0,0,0,1,0,0,0,13.15133,52.55379
4,4501043,2019,7,14,2,3,5,2,0,0,0,0,0,1,1,0,13.31265,52.49931
2,2500833,2019,7,14,2,3,5,3,0,0,1,0,0,0,0,0,13.46471,52.50697
9,9200715,2019,7,13,2,3,3,2,0,0,1,0,1,0,0,0,13.54691,52.43152
7,7200413,2019,7,12,2,2,6,7,0,0,0,1,0,0,1,0,13.36413,52.47646
4,4200308,2019,7,12,2,3,2,6,0,0,1,0,0,0,0,0,13.2762,52.51884
3,3601141,2019,7,12,2,3,5,2,0,1,1,0,0,0,0,0,13.3995,52.55257
2,2200209,2019,7,11,2,3,5,3,0,1,1,0,0,0,0,0,13.38616,52.48503
10,10200629,2019,7,11,2,2,5,2,0,0,1,0,0,0,0,0,13.58792,52.52071
9,9300920,2019,7,9,2,3,6,4,0,0,1,1,0,0,0,0,13.53902,52.42157
2,2400521,2019,7,9,2,3,5,2,0,1,1,0,0,0,0,0,13.44061,52.51702
4,4501148,2019,7,9,2,3,2,6,0,0,1,0,0,0,0,0,13.31481,52.48135
5,5200632,2019,7,11,2,2,8,1,0,0,1,0,0,0,0,0,13.20789,52.52644
2,2300316,2019,7,18,2,3,0,1,0,1,0,0,0,0,0,1,13.43206,52.50572
2,2100102,2019,7,19,2,3,0,1,0,1,0,0,0,0,0,1,13.39079,52.50453
4,4100101,2019,7,8,2,3,3,6,0,0,1,0,0,0,1,0,13.32616,52.53823
8,8100104,2019,7,7,2,3,2,2,0,1,1,0,0,0,0,0,13.42904,52.4719
2,2500833,2019,7,6,2,3,2,6,0,0,1,0,1,0,0,0,13.45159,52.51077
6,6200420,2019,7,20,1,3,0,1,0,1,0,0,0,0,0,0,13.30465,52.41804
7,7100101,2019,7,14,1,3,2,6,0,0,1,0,1,0,0,0,13.33872,52.49433
5,5300737,2019,7,13,1,3,2,6,0,0,1,0,0,0,0,0,13.2386,52.5392
1,1100206,2019,7,17,1,3,0,7,0,0,0,0,0,0,1,0,13.39526,52.52044
1,1100310,2019,7,22,1,3,0,4,2,0,0,1,1,0,0,0,13.40054,52.52167
8,8100521,2019,7,18,1,3,0,1,0,1,0,0,0,0,0,0,13.45455,52.46537
8,8401139,2019,7,16,1,3,5,7,0,0,1,0,0,0,0,0,13.46588,52.43607
1,1100102,2019,7,16,1,3,1,5,0,0,1,0,0,0,1,0,13.3755,52.5194
7,7300619,2019,7,15,1,2,2,6,0,0,1,0,1,0,0,0,13.34821,52.46363
1,1100311,2019,7,15,1,3,0,1,0,0,0,0,0,0,1,0,13.42229,52.52441
2,2500836,2019,7,9,1,3,5,2,0,1,0,0,0,0,1,0,13.46617,52.4968
2,2100104,2019,7,10,7,3,0,1,0,1,0,0,0,0,0,0,13.41316,52.50238
2,2400521,2019,7,17,7,3,0,3,0,1,1,0,0,0,0,0,13.43671,52.52349
8,8100417,2019,7,23,7,3,0,7,2,1,0,0,0,0,1,0,13.44507,52.47934
6,6300527,2019,7,18,7,3,5,3,0,1,1,0,0,0,0,0,13.25596,52.43591
8,8100310,2019,7,18,7,3,0,6,0,0,1,0,1,0,0,0,13.43156,52.49234
1,1200517,2019,7,17,7,3,2,6,0,0,1,0,0,0,0,0,13.3343,52.54113
4,4501045,2019,7,16,7,3,2,6,0,0,1,0,0,0,0,0,13.33642,52.49794
4,4300416,2019,7,16,7,3,5,2,0,0,1,0,0,0,0,0,13.30202,52.50798
1,1300730,2019,7,16,7,3,5,2,0,1,1,0,0,0,0,0,13.38794,52.56071
6,6400840,2019,7,15,7,2,6,4,0,0,1,1,0,0,0,0,13.25073,52.44977
8,8100310,2019,7,23,7,3,0,6,2,0,0,0,1,0,0,0,13.42936,52.48649
1,1200629,2019,8,7,4,3,6,4,0,0,1,1,0,0,0,0,13.34436,52.51688
5,5200528,2019,8,6,4,3,5,2,0,0,1,0,0,0,0,0,13.18465,52.5154
9,9501737,2019,8,7,4,2,6,7,0,0,0,1,0,0,1,0,13.62264,52.44671
5,5100101,2019,8,7,4,3,0,1,0,1,0,0,0,0,0,0,13.21749,52.57316
3,3601141,2019,8,18,3,3,0,5,0,1,1,0,0,0,0,0,13.41071,52.5508
1,1200628,2019,8,17,3,2,6,7,0,0,0,1,0,0,1,0,13.36058,52.52343
1,1100206,2019,8,13,3,3,6,4,0,1,0,1,0,0,0,0,13.40034,52.51898
3,3701554,2019,8,18,3,3,1,5,0,1,1,0,0,0,1,0,13.41086,52.53966
9,9200512,2019,8,16,3,2,6,4,0,0,0,1,1,0,0,0,13.53409,52.45724
3,3601449,2019,8,16,3,3,5,2,0,1,1,0,0,0,0,0,13.44464,52.54562
1,1200517,2019,8,15,3,3,2,6,0,0,1,0,0,0,0,0,13.32881,52.524
8,8100419,2019,8,18,3,3,1,5,1,1,1,0,0,0,0,0,13.4469,52.4861
7,7400823,2019,8,18,3,3,6,2,0,0,1,1,0,0,0,0,13.38552,52.46859
7,7100102,2019,8,18,3,3,6,4,0,0,1,1,0,0,0,0,13.34593,52.49875
10,10400940,2019,8,18,3,3,1,5,0,1,1,0,0,0,0,0,13.59807,52.48935
3,3701657,2019,8,17,3,3,3,6,0,1,0,0,0,0,0,0,13.42507,52.54099
8,8100209,2019,8,17,3,3,5,2,0,1,1,0,0,0,0,0,13.44279,52.46508
2,2500830,2019,8,17,3,3,5,2,0,1,1,0,0,0,0,0,13.46227,52.51322
7,7200308,2019,8,17,3,3,2,2,0,1,1,0,0,0,0,0,13.32843,52.46896
7,7400823,2019,8,17,3,2,0,1,0,0,0,0,0,0,1,0,13.38163,52.45943
1,1100310,2019,8,8,3,3,0,6,0,1,0,0,0,0,0,0,13.41097,52.52577
2,2500835,2019,8,12,3,3,0,7,0,0,0,0,1,0,0,0,13.45111,52.50229
1,1100207,2019,8,16,3,3,5,3,0,1,1,0,1,0,0,0,13.40054,52.50999
7,7400823,2019,8,15,3,3,5,2,0,0,1,0,1,0,0,0,13.37807,52.46637
9,9100203,2019,8,15,3,3,2,1,0,0,1,0,0,0,0,0,13.47859,52.47158
4,4300416,2019,8,14,3,3,5,3,0,0,1,0,1,0,0,0,13.29276,52.50683
12,12200414,2019,8,14,3,3,2,6,0,0,1,0,0,0,0,0,13.24915,52.5521
5,5200633,2019,8,13,3,3,2,6,0,0,1,0,0,0,0,0,13.19683,52.51318
4,4501152,2019,8,13,3,3,5,2,0,1,0,0,0,1,0,0,13.3307,52.49082
3,3500936,2019,8,16,3,3,3,6,0,1,1,0,0,0,0,0,13.46143,52.54945
4,4501153,2019,8,15,3,2,5,2,0,0,1,0,0,0,0,0,13.33079,52.48727
9,9502043,2019,8,12,3,3,5,7,0,0,1,0,0,0,1,0,13.58079,52.46007
8,8200832,2019,8,15,3,3,1,5,0,0,1,0,0,0,0,0,13.41804,52.4186
9,9501737,2019,8,12,3,3,1,5,0,1,0,0,0,0,1,0,13.62507,52.45379
1,1100311,2019,8,11,3,3,3,7,0,1,1,0,0,0,0,0,13.41803,52.51524
1,1100103,2019,8,8,3,3,2,6,0,1,1,0,0,0,0,0,13.3632,52.50355
5,5200631,2019,8,8,3,3,5,7,0,0,1,0,1,0,0,0,13.17851,52.52556
10,10100313,2019,8,11,3,3,2,6,0,0,1,0,0,1,0,0,13.5497,52.54271
3,3601141,2019,8,6,3,2,0,7,0,1,0,0,0,0,0,0,13.39913,52.55468
5,5200528,2019,8,10,3,3,0,2,0,1,1,0,0,0,0,0,13.17166,52.51102
1,1400938,2019,8,6,3,3,5,2,0,1,1,0,0,0,0,0,13.33651,52.54212
8,8100417,2019,8,1,3,3,6,7,2,0,0,1,0,0,1,0,13.44287,52.48026
9,9100306,2019,8,9,3,3,5,3,0,1,1,0,0,0,0,0,13.479,52.44306
10,10200420,2019,8,9,3,3,0,7,0,0,1,0,1,0,0,1,13.58449,52.54037
8,8100417,2019,8,9,3,3,5,2,0,1,1,0,0,0,0,0,13.44096,52.48136
2,2400521,2019,8,8,3,3,5,3,0,0,1,0,1,0,0,0,13.42864,52.51955
5,5200527,2019,8,20,2,3,2,2,0,1,0,0,0,0,0,0,13.16921,52.52063
7,7200308,2019,8,12,2,3,2,7,0,1,1,0,0,0,0,0,13.33091,52.46722
4,4200308,2019,8,15,2,3,2,6,2,0,1,0,0,0,0,0,13.27692,52.51855
8,8300934,2019,8,20,2,3,5,2,0,1,0,0,0,1,0,0,13.46005,52.43204
11,11300619,2019,8,19,2,3,6,4,0,1,0,1,0,0,0,0,13.46927,52.53158
10,10200423,2019,8,18,2,3,5,2,0,1,1,0,0,0,0,0,13.61988,52.53953
7,7501134,2019,8,18,2,2,5,5,0,0,1,0,0,0,0,0,13.40939,52.43909
1,1100415,2019,8,20,2,2,1,5,1,1,0,0,0,0,1,0,13.39257,52.53205
11,11200513,2019,8,15,2,3,0,2,0,0,1,0,1,0,0,0,13.48655,52.54098
5,5200632,2019,8,18,2,3,5,2,0,1,1,0,0,0,0,0,13.21582,52.52678
1,1100207,2019,8,17,2,3,5,2,0,0,1,0,1,0,0,0,13.40118,52.51042
7,7100206,2019,8,13,2,3,6,7,0,1,0,1,0,0,0,0,13.36297,52.49395
2,2100101,2019,8,13,2,3,2,6,0,1,0,0,0,0,0,0,13.38887,52.49917
4,4400727,2019,8,13,2,3,5,3,0,0,1,0,0,0,0,0,13.29001,52.48222
2,2200209,2019,8,17,2,3,0,2,0,0,1,0,1,0,0,0,13.37436,52.4887
5,5200524,2019,8,16,2,3,0,2,0,1,1,0,0,0,0,0,13.12482,52.52812
11,11501238,2019,8,16,2,2,0,7,0,1,0,0,0,0,0,0,13.49076,52.49315
12,12500928,2019,8,16,2,3,5,3,0,1,1,0,0,0,0,0,13.31082,52.60404
5,5200527,2019,8,16,2,3,0,4,0,0,0,1,0,0,1,0,13.17602,52.52454
5,5100316,2019,8,15,2,3,2,2,0,0,1,0,0,0,1,0,13.18963,52.53689
10,10100103,2019,8,15,2,2,5,3,0,0,1,0,1,0,0,0,13.56206,52.56649
12,12200307,2019,8,15,2,3,6,2,0,0,1,1,0,0,0,0,13.32977,52.5691
11,11300724,2019,8,14,2,3,0,2,0,1,0,0,0,0,1,0,13.47718,52.52026
1,1100308,2019,8,14,2,3,3,5,0,1,1,0,0,0,0,0,13.38378,52.52999
6,6300633,2019,8,15,2,3,5,3,0,0,1,0,0,0,0,0,13.31587,52.44174
4,4501148,2019,8,10,2,3,5,3,0,1,1,0,0,0,0,0,13.31333,52.48001
12,12200411,2019,8,10,2,3,5,2,0,1,1,0,0,0,0,0,13.3245,52.56489
3,3200309,2019,8,9,2,3,6,3,0,0,1,1,0,0,0,0,13.43234,52.60473
11,11401033,2019,8,12,2,2,5,3,0,1,1,0,0,0,0,0,13.53255,52.51071
2,2300316,2019,8,12,2,3,0,1,0,1,0,0,0,0,0,0,13.43037,52.50334
9,9401635,2019,8,10,2,3,5,5,0,0,1,0,0,0,0,0,13.69988,52.40398
1,3701555,2019,8,8,2,3,2,6,0,0,1,0,1,0,0,0,13.41589,52.52741
7,7100102,2019,8,8,2,3,5,3,0,1,1,0,0,0,0,0,13.35297,52.49932
7,7200411,2019,8,8,2,3,3,6,0,1,1,0,0,0,0,0,13.35833,52.48645
1,1300835,2019,8,7,2,3,5,3,0,0,1,0,0,0,0,0,13.39115,52.53621
4,4501043,2019,8,14,1,3,0,6,0,0,1,0,1,0,0,0,13.30789,52.4969
8,8200728,2019,8,10,1,3,0,6,0,1,1,0,0,0,0,0,13.47557,52.44072
8,8100102,2019,8,22,1,3,5,2,2,1,1,0,0,0,0,0,13.41949,52.47361
8,8100314,2019,8,21,1,3,0,1,2,0,0,0,1,0,0,0,13.42415,52.48648
2,2200209,2019,8,14,1,3,5,3,0,1,1,0,0,0,0,0,13.37957,52.4923
12,12200308,2019,8,14,1,3,1,5,0,0,1,0,0,0,0,0,13.32267,52.57586
6,6400842,2019,8,13,1,3,0,1,0,1,0,0,0,0,0,0,13.26227,52.45156
4,4200310,2019,8,13,1,3,5,3,0,0,1,0,1,0,0,0,13.25984,52.51618
6,6200422,2019,8,13,1,3,2,6,0,0,1,0,1,0,0,0,13.32621,52.42784
8,8100102,2019,8,13,1,3,5,2,0,0,1,0,0,0,0,0,13.42111,52.48024
3,3601245,2019,8,12,1,3,0,1,0,1,0,0,0,0,0,0,13.43896,52.54716
2,2300316,2019,8,12,1,3,5,3,0,0,1,0,0,0,0,0,13.4325,52.50247
4,4400726,2019,8,12,1,3,2,6,0,0,1,0,1,0,0,0,13.28436,52.49584
1,1401044,2019,8,12,1,3,2,6,0,0,1,0,0,0,0,0,13.38096,52.5524
9,9501737,2019,8,20,1,3,2,5,0,0,1,0,0,0,0,0,13.62612,52.44678
11,11400931,2019,8,20,1,2,5,2,1,1,1,0,0,0,0,0,13.48672,52.5025
1,1200522,2019,8,19,1,3,5,2,0,1,1,0,0,0,0,0,13.33402,52.52112
9,9200819,2019,8,18,1,3,5,2,0,1,1,0,0,0,0,0,13.56475,52.43862
8,8100314,2019,8,18,1,3,5,3,0,0,1,0,1,0,0,0,13.42903,52.48539
10,10400939,2019,8,17,1,3,5,3,0,0,1,0,0,0,0,0,13.61307,52.50865
12,12400721,2019,8,17,1,3,5,3,0,0,1,0,1,0,0,0,13.28058,52.63015
5,5100209,2019,8,15,1,2,5,2,0,0,1,0,0,0,0,0,13.1846,52.54753
12,12601235,2019,8,15,1,3,2,6,0,0,1,0,0,0,1,0,13.35036,52.59637
6,6300527,2019,8,15,1,3,0,7,0,1,0,0,0,0,0,0,13.26583,52.43062
8,8200832,2019,8,14,1,3,0,7,0,0,1,0,1,0,0,0,13.43527,52.42593
1,1401047,2019,8,10,1,3,1,5,0,1,1,0,0,0,0,0,13.35319,52.54143
9,9200717,2019,8,8,1,3,5,3,0,0,1,0,0,0,1,0,13.55431,52.44764
5,5100208,2019,8,7,4,3,5,2,0,0,1,0,1,0,0,0,13.14928,52.55417
5,5100316,2019,8,8,1,3,6,2,0,0,1,1,0,0,0,0,13.19977,52.53478
3,3200206,2019,8,1,1,3,1,5,2,1,1,0,0,0,0,0,13.40254,52.59674
3,3300517,2019,8,17,7,1,0,7,0,0,0,0,0,0,1,0,13.47019,52.56637
3,3601142,2019,8,12,7,3,0,4,0,1,0,1,0,0,0,0,13.40983,52.54738
3,3400723,2019,8,13,7,3,5,2,0,1,1,0,0,0,0,0,13.39422,52.56498
4,4300622,2019,8,13,7,3,5,3,0,0,1,0,1,0,0,0,13.32989,52.50545
11,11200411,2019,8,12,7,3,2,6,0,0,1,0,0,0,0,0,13.50792,52.54854
3,3300413,2019,8,12,7,3,5,3,0,0,1,0,0,0,0,0,13.47543,52.61151
9,9200510,2019,8,12,7,3,5,3,0,0,1,0,0,0,0,0,13.51405,52.46237
4,4400832,2019,8,11,7,3,5,3,0,1,1,0,0,0,0,0,13.30175,52.46843
5,5100101,2019,8,11,7,2,5,2,0,1,1,0,0,0,0,0,13.20854,52.56155
6,6200422,2019,8,11,7,3,2,2,0,0,1,0,0,0,0,0,13.3278,52.42564
9,9301025,2019,8,11,7,2,5,3,0,0,1,0,0,0,0,0,13.57347,52.39439
5,5200423,2019,8,11,7,3,5,3,0,1,1,0,0,0,0,0,13.15575,52.53308
9,9100306,2019,8,9,7,3,2,2,0,0,1,0,0,0,0,0,13.4885,52.45131
1,1100206,2019,8,9,7,3,5,3,0,0,1,0,0,0,0,0,13.38903,52.51563
12,12601032,2019,8,0,7,3,4,6,2,0,1,0,0,0,0,1,13.32926,52.60943
5,5300841,2019,8,19,7,3,2,6,0,0,1,0,0,0,0,0,13.25898,52.54793
4,4501153,2019,8,18,7,3,2,6,0,0,1,0,0,0,0,0,13.32824,52.47885
3,3701657,2019,8,17,7,3,2,2,0,0,1,0,0,0,0,0,13.42647,52.54297
4,4500939,2019,8,17,7,3,0,1,0,0,0,0,1,0,0,0,13.30199,52.48848
1,1400940,2019,8,16,7,3,4,6,0,0,1,0,0,0,0,0,13.36045,52.55746
9,9200512,2019,8,16,7,3,5,3,0,1,1,0,0,0,0,0,13.53267,52.4572
4,4100101,2019,8,15,7,3,5,2,0,0,1,0,0,0,0,0,13.32611,52.53837
2,2100104,2019,8,23,7,3,5,3,2,0,1,0,0,0,0,0,13.40258,52.50209
7,7601547,2019,8,20,7,3,5,3,0,0,1,0,0,0,0,0,13.40925,52.38221
3,3601142,2019,8,3,7,3,0,1,2,0,0,0,1,0,0,0,13.40818,52.54137
1,1100308,2019,8,17,6,3,5,2,0,1,1,0,0,0,0,0,13.38313,52.5306
2,2100101,2019,8,16,6,3,0,4,0,1,0,1,0,0,0,0,13.37915,52.5069
2,2200211,2019,8,19,6,3,1,7,0,0,1,0,0,0,0,0,13.40043,52.48886
4,4501042,2019,8,21,6,3,3,6,2,1,1,0,0,0,0,0,13.33164,52.50645
12,12200411,2019,8,17,6,3,2,6,0,1,1,0,0,0,0,0,13.32728,52.56419
8,8100206,2019,8,22,6,3,1,5,2,1,1,0,0,0,0,0,13.42833,52.48121
2,2100102,2019,8,17,6,3,1,5,0,1,1,0,0,0,0,0,13.39581,52.50393
2,2100104,2019,8,20,6,3,5,3,0,0,1,0,1,0,0,0,13.4111,52.50353
8,8100206,2019,8,17,6,3,3,6,0,1,1,0,0,0,0,0,13.42434,52.48603
9,9301025,2019,8,19,6,3,5,3,0,1,0,0,0,0,1,0,13.56802,52.40309
3,3601244,2019,8,18,6,3,5,7,0,0,1,0,0,0,0,0,13.4185,52.55347
6,6200421,2019,8,21,6,3,1,7,2,0,1,0,0,0,0,0,13.31566,52.42494
4,4400830,2019,8,17,6,2,1,5,0,1,1,0,0,0,0,0,13.29831,52.48357
4,4500936,2019,8,19,6,2,0,1,0,0,0,0,1,0,0,0,13.29695,52.50237
8,8100206,2019,8,18,6,3,0,7,0,0,1,0,1,0,0,0,13.42487,52.48188
7,7501031,2019,8,8,6,3,0,7,0,0,0,1,0,0,1,0,13.40349,52.44807
9,9200512,2019,8,8,6,3,0,2,0,1,1,0,0,0,0,0,13.52484,52.46286
12,12200414,2019,8,8,6,3,5,2,0,1,1,0,0,0,0,0,13.30055,52.57858
7,7100102,2019,8,8,6,3,2,2,0,1,1,0,0,0,0,0,13.35467,52.49963
12,12200515,2019,8,8,6,3,3,6,0,0,1,0,0,1,0,0,13.28603,52.58739
4,4100101,2019,8,7,6,3,0,7,0,0,1,0,1,0,0,0,13.31383,52.54202
12,12400721,2019,8,7,6,3,4,6,0,1,0,0,0,0,0,0,13.2845,52.66015
4,4200207,2019,8,13,6,3,5,2,0,0,1,0,1,0,0,0,13.19847,52.47695
1,1100415,2019,8,16,6,3,1,1,0,1,1,0,0,0,0,0,13.39188,52.53198
9,9100203,2019,8,13,6,3,6,4,0,1,0,1,0,0,0,0,13.48464,52.47878
11,11200411,2019,8,16,6,2,5,3,0,1,1,0,0,0,0,0,13.51154,52.5507
1,1100308,2019,8,13,6,3,1,5,0,1,1,0,0,0,0,0,13.3771,52.52962
7,7200413,2019,8,13,6,3,2,6,0,0,1,0,0,0,0,0,13.36344,52.47899
3,3400620,2019,8,13,6,3,5,3,0,0,1,0,1,0,0,0,13.39757,52.57126
9,9501941,2019,8,11,6,3,0,1,0,1,0,0,0,0,0,0,13.58006,52.45554
1,1100206,2019,8,11,6,3,2,7,0,0,1,0,1,0,0,0,13.38962,52.5121
12,12400618,2019,8,10,6,2,6,4,0,0,1,1,0,0,0,0,13.22998,52.62497
5,5100316,2019,8,10,6,3,0,2,0,0,1,0,1,0,0,0,13.19954,52.53469
3,3500933,2019,8,9,6,3,5,2,0,1,0,0,0,0,0,0,13.45106,52.55231
1,1401047,2019,8,9,6,3,5,2,0,1,1,0,0,0,0,0,13.34517,52.53912
9,9100101,2019,8,9,6,3,5,2,0,1,1,0,0,0,0,0,13.45785,52.48619
5,5200629,2019,8,15,6,2,6,4,0,0,1,1,0,0,0,0,13.19575,52.53339
1,1400942,2019,8,15,6,3,5,2,0,1,1,0,1,0,0,0,13.35162,52.55059
2,2100101,2019,8,14,6,3,3,6,0,1,0,0,0,0,1,0,13.3844,52.50278
5,5100211,2019,8,14,6,3,5,2,0,0,1,0,0,0,0,0,13.15781,52.54309
11,11300620,2019,8,13,6,3,2,6,0,0,1,0,0,0,1,0,13.47778,52.53076
4,4501146,2019,8,2,6,3,0,1,2,1,0,0,0,0,0,0,13.30811,52.48769
3,3701554,2019,8,23,6,3,9,1,2,0,0,0,0,0,1,0,13.4123,52.53797
4,4501042,2019,8,14,5,2,5,2,0,0,1,0,1,0,0,0,13.33083,52.5005
5,5200629,2019,8,16,5,2,5,2,0,0,1,0,0,0,0,0,13.19452,52.5337
11,11300619,2019,8,19,5,3,4,6,0,1,0,0,0,0,0,0,13.47979,52.52528