BEZ,LOR_ab_2021,UJAHR,UMONAT,USTUNDE,UWOCHENTAG,UKATEGORIE,UART,UTYP1,ULICHTVERH,IstRad,IstPKW,IstFuss,IstKrad,IstGkfz,IstSonstige,USTRZUSTAND,XGCSWGS84,YGCSWGS84
4,4501042,2019,8,17,5,3,6,4,0,1,0,1,0,0,0,0,13.33139,52.50674
9,9200510,2019,8,18,5,3,5,2,0,1,1,0,0,0,0,0,13.51404,52.46233
6,6200311,2019,8,17,5,3,2,6,0,0,1,0,1,0,0,0,13.35907,52.4342
6,6300528,2019,8,16,5,3,5,3,0,1,1,0,0,0,0,0,13.27034,52.42747
1,1100101,2019,8,16,5,3,2,2,0,0,1,0,1,0,0,0,13.34936,52.50863
1,1100312,2019,8,18,5,3,3,2,0,1,1,0,0,0,0,0,13.41373,52.50748
9,9200512,2019,8,16,5,2,5,2,0,1,1,0,0,0,0,0,13.52524,52.45904
8,8100418,2019,8,15,5,3,5,3,0,1,0,0,0,0,0,0,13.45476,52.47525
2,2100102,2019,8,15,5,3,1,5,0,1,1,0,0,0,0,0,13.39108,52.50314
1,1100207,2019,8,15,5,3,2,6,0,1,1,0,0,0,0,0,13.39132,52.50775
8,8100310,2019,8,14,5,3,0,3,0,0,1,0,0,0,1,0,13.43513,52.48408
1,1300835,2019,8,14,5,3,5,2,0,1,0,0,0,0,1,0,13.3797,52.5402
5,5100316,2019,8,14,5,3,3,6,0,0,1,0,1,0,0,0,13.2031,52.54084
2,2400521,2019,8,14,5,3,2,6,0,0,1,0,0,0,1,0,13.42653,52.51554
8,8200622,2019,8,14,5,3,5,2,0,1,1,0,0,0,0,0,13.45425,52.4529
11,11100203,2019,8,13,5,3,5,3,0,1,1,0,0,0,0,0,13.5267,52.5691
1,1200522,2019,8,10,5,3,5,2,0,1,1,0,0,0,0,0,13.33191,52.52215
7,7200411,2019,8,21,5,3,6,7,2,1,0,1,0,0,0,0,13.35449,52.48771
4,4500938,2019,8,19,5,2,5,2,0,0,1,0,1,0,0,0,13.2868,52.49582
6,6400844,2019,8,8,5,3,5,5,0,1,1,0,0,0,0,0,13.30474,52.46352
12,12500825,2019,8,10,5,2,5,3,0,0,1,0,0,0,0,0,13.31306,52.58549
3,3501037,2019,8,8,5,3,5,3,0,1,0,0,0,0,0,0,13.46986,52.56427
3,3601450,2019,8,8,5,3,5,7,0,0,1,0,1,0,0,0,13.46161,52.53066
1,1100205,2019,8,9,5,3,0,1,0,1,0,0,0,0,0,1,13.37774,52.50802
8,8200727,2019,8,8,5,3,2,6,0,0,1,0,0,0,0,0,13.43385,52.44382
5,5100207,2019,8,8,5,3,5,3,0,1,1,0,0,0,0,0,13.13174,52.5496
10,10100206,2019,8,6,5,2,6,4,0,0,1,1,0,0,0,0,13.5676,52.55601
5,5300737,2019,8,8,4,3,6,7,0,1,0,1,0,0,0,0,13.23187,52.53868
1,1100206,2019,8,14,4,3,5,2,0,1,0,0,0,0,0,1,13.39087,52.51574
9,9200613,2019,8,12,4,2,6,7,0,1,0,1,0,0,0,0,13.51528,52.45306
7,7400927,2019,8,11,4,3,3,6,0,0,1,0,0,0,0,0,13.39976,52.45909
4,4501043,2019,8,11,4,2,6,4,0,0,1,1,0,0,0,0,13.30786,52.49697
2,2200209,2019,8,11,4,3,2,6,0,0,1,0,0,0,0,0,13.37989,52.49268
2,2200210,2019,8,9,4,3,6,4,0,1,0,1,0,0,0,0,13.4,52.49451
8,8200833,2019,8,9,4,3,6,4,0,0,1,1,0,0,0,0,13.44866,52.4213
4,4300415,2019,8,9,4,3,5,7,0,0,1,0,0,0,0,0,13.28925,52.50664
4,4501043,2019,8,9,4,3,5,3,0,1,1,0,0,0,0,0,13.31512,52.49089
6,6300632,2019,8,9,4,2,5,3,0,1,1,0,0,0,0,0,13.29465,52.42932
1,1100416,2019,8,8,4,3,0,6,0,0,1,0,1,0,0,0,13.39697,52.537
1,1100205,2019,8,7,4,3,2,2,0,0,1,0,1,0,0,0,13.38422,52.50996
8,8100521,2019,8,3,4,3,5,3,2,1,1,0,0,0,0,0,13.46069,52.46825
1,1100103,2019,8,20,4,3,5,3,0,0,1,0,1,0,0,0,13.36099,52.50222
4,4501152,2019,8,7,4,3,5,2,0,0,1,0,0,0,0,0,13.33077,52.49316
12,12400723,2019,8,12,4,3,5,3,0,0,1,0,0,0,0,0,13.30035,52.61851
12,12200411,2019,8,12,4,3,0,1,0,1,0,0,0,0,0,0,13.32611,52.56458
3,3400619,2019,8,7,4,3,2,6,0,0,1,0,0,0,0,0,13.37577,52.59093
6,6200311,2019,8,2,4,3,9,1,2,0,1,0,0,0,0,0,13.35271,52.4411
2,2200210,2019,8,16,4,3,5,3,0,0,1,0,0,0,0,0,13.39652,52.4913
3,3400830,2019,8,8,4,3,3,6,0,1,1,0,0,0,0,0,13.4234,52.55555
1,1100416,2019,8,15,4,3,6,7,0,0,0,1,0,0,1,0,13.40584,52.53077
7,7200413,2019,8,15,4,3,3,7,0,1,0,0,0,0,0,0,13.36347,52.4818
1,1100207,2019,8,15,4,3,5,2,0,1,0,0,0,0,1,1,13.39373,52.50968
2,2300419,2019,8,14,4,3,0,6,0,1,1,0,0,0,0,0,13.44744,52.4981
1,1100310,2019,8,14,4,3,0,1,0,0,0,0,1,0,0,1,13.41589,52.52178
7,7501030,2019,8,14,4,3,0,3,0,1,1,0,0,0,0,1,13.37505,52.437
2,2200210,2019,8,14,4,3,0,2,0,0,0,0,1,0,1,1,13.395,52.49627
3,3601450,2019,8,14,4,3,5,2,0,1,1,0,0,0,0,1,13.45909,52.52907
4,4300622,2019,8,19,4,3,5,2,0,1,1,0,0,0,0,0,13.31898,52.5138
5,5200423,2019,8,18,4,3,5,3,0,0,1,0,0,0,0,0,13.14161,52.53247
11,11401137,2019,8,17,4,3,5,3,0,0,1,0,1,0,0,0,13.51824,52.49433
11,11300721,2019,8,13,4,3,5,7,0,0,1,0,0,1,0,1,13.49554,52.52296
10,10400835,2019,8,13,4,3,5,7,0,0,1,0,0,0,0,0,13.59257,52.51511
1,1200522,2019,8,13,4,3,5,2,0,1,1,0,0,0,0,0,13.33927,52.52581
1,1200520,2019,8,5,3,3,5,3,1,0,1,0,1,0,0,0,13.33473,52.53292
6,6100209,2019,8,12,3,2,1,5,0,1,1,0,0,0,0,0,13.3309,52.46402
4,4501152,2019,8,15,3,3,0,6,0,0,1,0,1,0,0,1,13.33101,52.49293
7,7200308,2019,8,16,3,3,1,7,0,0,1,0,0,0,0,0,13.34924,52.48078
4,4200308,2019,8,10,3,3,2,2,0,0,1,0,1,0,0,0,13.27998,52.51847
1,1100206,2019,8,20,3,3,5,3,2,1,1,0,0,0,0,0,13.39078,52.51574
7,7100206,2019,8,20,3,3,3,6,0,1,0,0,0,0,1,0,13.36502,52.4938
6,6300524,2019,8,19,3,3,1,1,0,0,1,0,0,0,0,0,13.25153,52.42809
7,7200308,2019,8,19,3,3,2,6,0,0,1,0,0,0,0,0,13.33273,52.46919
5,5100316,2019,8,18,3,3,0,2,0,0,1,0,0,0,1,0,13.20319,52.54083
5,5200629,2019,8,18,3,3,0,4,0,1,0,1,0,0,0,0,13.19458,52.53363
1,1100308,2019,8,18,3,3,2,2,0,1,1,0,0,0,0,0,13.38617,52.52364
1,1300836,2019,8,18,3,3,5,3,0,1,1,0,0,0,0,0,13.37464,52.53732
2,2200212,2019,8,16,3,3,0,7,0,1,1,0,0,0,0,1,13.41479,52.49305
2,2200212,2019,8,17,3,2,2,6,0,0,0,0,1,0,1,0,13.40986,52.48882
9,9301126,2019,8,17,3,3,3,6,0,1,1,0,0,0,0,0,13.59213,52.41088
1,1100102,2019,8,17,4,3,5,2,0,1,1,0,0,0,0,0,13.36414,52.50995
1,1100207,2019,8,17,3,3,0,3,0,0,1,0,1,0,0,1,13.39406,52.50873
4,4300619,2019,8,17,3,3,5,7,0,1,1,0,0,0,0,0,13.31801,52.51827
1,1200624,2019,8,17,4,3,0,2,0,1,1,0,0,0,0,0,13.36034,52.53724
3,3601141,2019,8,17,3,3,5,2,0,1,1,0,0,0,0,0,13.40252,52.5543
7,7601443,2019,8,17,4,3,5,3,0,1,1,0,0,0,0,0,13.42008,52.40174
1,1100206,2019,8,17,3,3,5,3,0,0,1,0,0,0,1,0,13.38899,52.51563
10,10100205,2019,8,17,4,3,5,3,0,1,0,0,0,0,1,0,13.53743,52.54036
6,6200313,2019,8,17,3,3,5,2,0,0,1,0,1,0,0,0,13.34886,52.43479
1,1100206,2019,8,8,4,3,5,2,0,1,0,0,1,0,0,0,13.388,52.52175
3,3501037,2019,8,11,3,3,2,5,0,0,1,0,1,0,0,0,13.47479,52.55551
2,2100106,2019,8,16,4,3,6,7,0,1,0,1,0,0,0,0,13.40608,52.4977
8,8100102,2019,8,12,3,3,2,6,0,1,1,0,0,0,0,0,13.42669,52.47633
1,1401044,2019,8,16,4,2,1,5,0,0,1,0,1,0,0,0,13.37604,52.55489
1,1300730,2019,8,11,3,3,5,3,0,0,1,0,1,0,0,0,13.39273,52.56418
5,5300841,2019,8,11,3,3,6,7,0,0,1,1,0,0,0,0,13.27195,52.53649
1,1401044,2019,8,15,4,3,5,2,0,0,1,0,1,0,0,0,13.37155,52.55399
6,6400840,2019,8,10,3,3,1,5,0,1,1,0,0,0,0,0,13.26002,52.45157
4,4300622,2019,8,15,4,2,5,2,0,1,0,0,0,0,1,0,13.32458,52.51688
8,8100102,2019,8,9,3,3,5,3,0,0,1,0,1,0,1,0,13.42704,52.47554
12,12200515,2019,8,12,4,3,5,7,0,0,1,0,1,0,0,0,13.28688,52.58381
3,3300413,2019,8,9,3,3,0,3,0,0,1,0,0,0,1,0,13.47288,52.617
6,6400737,2019,8,11,4,3,5,3,0,0,1,0,0,0,0,0,13.20659,52.43046
8,8100521,2019,8,8,3,3,5,2,0,1,1,0,0,0,0,0,13.45416,52.46913
4,4300619,2019,8,7,3,3,5,2,0,1,1,0,0,0,0,0,13.30297,52.51866
11,11300724,2019,8,10,4,3,5,5,0,0,1,0,0,0,1,0,13.49693,52.51715
1,1200521,2019,8,10,4,3,5,2,0,0,1,0,0,0,0,0,13.33036,52.52641
3,3400723,2019,8,7,3,3,5,3,0,1,1,0,0,0,0,0,13.4286,52.58297
11,11100102,2019,8,7,3,2,3,6,0,0,0,0,1,0,1,0,13.56286,52.5719
1,1200628,2019,8,10,4,2,6,7,0,0,1,1,0,0,0,0,13.36759,52.52403
9,9200819,2019,8,7,3,3,2,6,0,0,1,0,1,0,0,0,13.5641,52.44573
9,9100202,2019,8,9,4,3,5,2,0,1,1,0,0,0,0,0,13.46417,52.4818
4,4400830,2019,8,15,3,3,1,5,0,0,1,0,0,0,0,0,13.29024,52.47559
11,11300724,2019,8,16,3,3,4,6,0,1,1,0,0,0,0,0,13.49902,52.51726
7,7601238,2019,8,9,4,3,5,2,0,1,1,0,0,0,0,0,13.38982,52.42032
12,12400721,2019,8,15,3,3,0,3,0,0,0,0,1,0,1,1,13.29454,52.62947
5,5100208,2019,8,15,3,3,0,3,0,0,1,0,1,0,0,1,13.14924,52.55418
3,3701554,2019,8,7,4,3,5,2,0,1,0,0,0,0,1,0,13.41095,52.53061
4,4200205,2019,8,16,3,2,5,7,0,0,1,0,0,0,0,0,13.24678,52.51374
5,5200633,2019,8,15,3,3,0,3,0,0,1,0,1,0,0,0,13.18764,52.51506
1,1401044,2019,8,15,4,3,5,2,0,1,1,0,0,0,0,0,13.37723,52.55366
1,1401044,2019,8,14,3,3,6,4,0,1,0,1,0,0,0,0,13.37429,52.55652
3,3701555,2019,8,15,4,3,4,5,0,1,1,0,0,0,0,0,13.41935,52.53823
11,11300619,2019,8,16,3,3,3,6,0,1,0,0,0,0,0,0,13.47157,52.53217
7,7100102,2019,8,15,4,3,3,6,0,1,1,0,0,0,0,0,13.34628,52.50103
8,8100104,2019,8,14,3,3,0,2,0,0,1,0,1,0,0,0,13.42602,52.46573
3,3400723,2019,8,14,4,3,5,3,0,0,1,0,1,0,0,0,13.39965,52.56649
9,9200715,2019,8,14,3,2,5,2,0,0,1,0,1,0,0,0,13.53636,52.43286
9,9501737,2019,8,16,3,3,5,7,0,0,1,0,1,0,0,0,13.62717,52.46354
4,4200311,2019,8,14,4,3,6,2,0,0,1,1,0,0,0,0,13.28329,52.51111
12,12500824,2019,8,14,4,3,1,5,0,1,1,0,0,0,0,0,13.30212,52.59337
5,5300735,2019,8,13,3,3,5,2,0,1,1,0,0,0,0,0,13.21397,52.53838
1,1100416,2019,8,8,3,3,5,3,0,1,1,0,0,0,0,0,13.40314,52.53362
8,8100417,2019,8,13,4,2,5,3,0,0,1,0,1,0,0,0,13.43878,52.48066
4,4501147,2019,8,12,3,3,5,7,0,1,1,0,0,0,0,0,13.31937,52.48948
2,2400521,2019,8,13,4,3,5,3,0,0,1,0,0,0,0,0,13.4267,52.51572
12,12500930,2019,8,16,3,3,3,6,0,0,1,0,0,0,0,0,13.32627,52.59168
3,3500933,2019,8,13,4,3,5,3,0,0,1,0,0,0,0,0,13.45845,52.55775
2,2500833,2019,8,15,3,3,5,3,0,0,1,0,0,0,0,1,13.46106,52.51113
4,4300619,2019,8,13,4,2,1,5,0,0,1,0,0,0,1,0,13.31097,52.51611
3,3601450,2019,8,15,3,3,5,2,0,1,1,0,0,0,0,1,13.45907,52.52907
6,6400844,2019,8,7,4,3,0,2,0,0,1,0,1,0,0,0,13.27671,52.45046
12,12500930,2019,8,15,3,3,0,1,0,0,0,0,1,0,0,1,13.3157,52.57808
7,7100102,2019,8,12,4,3,1,5,0,1,1,0,0,0,1,0,13.35981,52.49615
9,9501941,2019,8,13,5,3,5,7,0,0,1,0,0,0,1,0,13.57393,52.44956
10,10400836,2019,8,13,5,3,1,5,0,1,1,0,0,0,0,0,13.59095,52.50533
1,1400938,2019,8,13,5,3,5,2,0,1,1,0,0,0,0,0,13.33876,52.5433
1,1100206,2019,8,12,5,3,2,7,0,1,1,0,0,0,0,0,13.38861,52.51829
1,1200522,2019,8,9,5,2,2,7,0,0,1,0,0,0,0,0,13.3342,52.52454
4,4200308,2019,8,9,5,2,5,2,0,1,0,0,0,1,0,0,13.28042,52.51833
1,1100313,2019,8,9,5,3,5,2,0,0,1,0,1,0,0,0,13.42459,52.5088
1,1401047,2019,8,9,5,3,0,5,0,0,1,0,1,0,0,0,13.34609,52.53898
11,11200410,2019,8,9,5,3,5,3,0,1,1,0,0,0,0,0,13.49315,52.56262
1,1401044,2019,8,8,5,3,5,3,0,0,1,0,0,0,0,0,13.37698,52.5563
7,7300619,2019,8,8,5,3,5,2,0,0,1,0,1,0,0,0,13.34746,52.47054
12,12200411,2019,8,8,5,3,3,6,0,0,1,0,0,1,0,0,13.32912,52.56351
1,1200628,2019,8,8,5,3,5,2,0,1,1,0,0,0,0,0,13.35721,52.52372
2,2400521,2019,8,8,5,3,5,2,0,1,1,0,0,0,0,0,13.43292,52.52334
9,9200613,2019,8,7,5,3,5,2,0,1,1,0,0,0,0,0,13.53341,52.45206
7,7100101,2019,8,3,5,3,6,6,2,0,0,1,0,0,1,0,13.34456,52.49661
12,12400723,2019,8,10,5,3,0,1,0,0,0,0,1,0,0,0,13.29944,52.62339
12,12200411,2019,8,16,4,3,5,2,0,1,1,0,0,0,0,0,13.33151,52.56198
12,12500824,2019,8,16,4,3,0,1,0,0,1,0,1,0,0,0,13.29597,52.59667
2,2200208,2019,8,4,4,3,5,3,2,0,1,0,0,0,0,1,13.38516,52.4984
3,3601141,2019,8,19,4,3,2,2,2,0,1,0,1,0,0,0,13.40059,52.55442
4,4300619,2019,8,19,4,3,5,3,1,0,1,0,1,0,0,0,13.3066,52.51812
6,6100205,2019,8,18,4,3,5,2,0,0,1,0,1,0,0,0,13.34639,52.44819
7,7200308,2019,8,18,4,3,5,7,0,1,0,0,0,0,1,0,13.32837,52.46625
2,2100101,2019,8,17,4,3,1,5,0,0,1,0,1,0,0,0,13.38785,52.50294
2,2500729,2019,8,16,4,3,1,5,0,1,1,0,0,0,0,0,13.47213,52.51665
2,2200212,2019,8,18,4,3,3,6,0,1,1,0,0,0,0,0,13.41821,52.49573
5,5200524,2019,8,17,4,3,0,3,0,1,1,0,0,0,0,0,13.12936,52.52715
6,6200421,2019,8,14,4,2,2,6,0,0,1,0,0,0,1,0,13.31916,52.43319
7,7200308,2019,8,17,4,3,3,6,0,1,1,0,0,0,0,0,13.33447,52.47085
4,4501150,2019,8,17,4,3,0,4,0,1,0,1,0,0,0,0,13.32341,52.49262
7,7100102,2019,8,15,4,3,3,6,0,1,1,0,0,0,0,0,13.35697,52.49452
7,7400823,2019,8,22,4,3,5,3,2,0,1,0,0,0,0,0,13.38271,52.4685
7,7200411,2019,8,19,4,3,5,2,0,1,1,0,0,0,0,0,13.35297,52.48434
1,1300834,2019,8,8,4,2,6,4,0,1,0,1,0,0,0,0,13.39298,52.54873
1,1100207,2019,8,8,4,3,5,3,0,1,1,0,0,0,0,0,13.39026,52.50859
5,5400942,2019,8,8,4,3,5,3,0,0,1,0,1,0,0,0,13.17995,52.49882
2,2400521,2019,8,7,4,3,5,2,0,0,1,0,0,0,0,0,13.42867,52.51887
12,12200310,2019,8,7,4,3,6,2,0,0,1,1,0,0,0,0,13.31306,52.57479
3,3200309,2019,8,7,4,3,6,2,0,0,1,1,0,0,0,0,13.43011,52.60966
5,5100316,2019,8,6,4,2,0,6,1,0,1,0,1,0,0,0,13.20652,52.53913
8,8200727,2019,8,6,4,3,5,3,0,1,0,0,0,0,1,0,13.43353,52.44519
7,7501032,2019,8,9,4,3,9,1,0,0,1,0,0,0,1,0,13.40676,52.44449
10,10100311,2019,8,17,4,2,5,2,0,0,1,0,1,0,0,0,13.52,52.5326
1,1100206,2019,8,16,4,2,5,3,0,1,1,0,0,0,0,0,13.39105,52.51488
7,7200411,2019,8,15,4,3,0,1,0,0,1,0,1,0,0,0,13.34892,52.48564
12,12200515,2019,8,15,4,3,5,3,0,1,1,0,0,0,0,0,13.28714,52.58609
10,10100311,2019,8,15,4,3,5,3,0,1,1,0,0,0,0,0,13.52484,52.5362
9,9100407,2019,8,15,4,3,6,4,0,0,1,1,0,0,0,0,13.50668,52.4473
8,8100310,2019,8,15,4,3,5,2,0,1,1,0,0,0,0,0,13.42698,52.48733
6,6400843,2019,8,14,4,2,5,3,0,1,1,0,0,0,0,0,13.29037,52.45768
9,9200715,2019,8,14,4,3,5,2,0,0,1,0,0,0,0,0,13.53518,52.43229
2,2100101,2019,8,12,4,3,5,3,0,1,1,0,0,0,0,0,13.38676,52.50101
4,4300414,2019,8,11,4,3,5,2,0,1,0,0,1,0,0,0,13.28842,52.51301
8,8200833,2019,8,10,4,2,2,6,0,0,1,0,1,0,0,0,13.44107,52.41756
9,9301126,2019,8,9,4,3,5,3,0,0,1,0,0,0,1,0,13.58979,52.41074
4,4100101,2019,8,9,4,2,5,3,0,0,1,0,1,0,0,0,13.31029,52.54764
11,11100102,2019,8,9,4,3,5,2,0,1,0,0,0,0,1,0,13.56431,52.57228
10,10200524,2019,8,11,3,2,0,7,0,1,0,0,0,0,0,0,13.60697,52.53375
7,7400927,2019,8,15,3,3,2,6,0,0,1,0,0,0,0,0,13.38775,52.46039
7,7100101,2019,8,8,3,3,5,3,0,1,0,0,0,0,0,0,13.34222,52.50183
12,12200307,2019,8,21,3,3,0,1,2,0,0,0,1,0,0,0,13.33,52.5692
3,3400723,2019,8,20,3,3,2,6,2,1,0,0,0,0,0,0,13.4075,52.56565
1,1100205,2019,8,18,3,3,5,3,0,1,0,0,0,0,0,0,13.37672,52.5108
6,6300633,2019,8,16,3,3,5,3,0,0,1,0,0,0,0,0,13.29995,52.44386
8,8300934,2019,8,19,3,2,1,1,0,0,1,0,0,0,1,0,13.465,52.42954
2,2100102,2019,8,16,3,3,2,6,0,0,1,0,0,0,0,0,13.39104,52.50337
8,8100314,2019,8,16,3,3,2,6,0,0,1,0,0,0,1,0,13.43922,52.48147
12,12601235,2019,8,15,3,3,0,1,0,0,1,0,1,0,0,0,13.34967,52.5921
12,12400618,2019,8,15,3,3,5,3,0,1,0,0,0,0,0,0,13.23027,52.60787
2,2100102,2019,8,14,3,3,6,2,0,0,0,1,0,1,0,0,13.3981,52.50712
4,4100102,2019,8,14,3,3,5,3,0,1,1,0,0,0,0,0,13.29444,52.53442
1,1401047,2019,8,18,3,3,5,2,0,1,1,0,0,0,0,0,13.3451,52.53906
1,1100205,2019,8,18,3,3,1,5,0,1,1,0,0,0,0,0,13.38081,52.51104
2,2100104,2019,8,18,3,3,0,7,0,0,1,0,0,0,1,0,13.41662,52.49958
1,1200626,2019,8,18,3,3,1,5,0,1,1,0,0,0,1,0,13.35066,52.52359
4,4501042,2019,8,16,3,3,0,2,0,0,1,0,0,0,1,0,13.33285,52.50643
1,1100310,2019,8,9,3,3,0,5,0,1,0,0,0,1,0,0,13.41071,52.52717
8,8401242,2019,8,17,3,2,6,4,0,0,0,1,1,0,0,0,13.4872,52.42292
1,1100102,2019,8,17,3,2,6,7,0,1,0,1,0,0,0,0,13.35347,52.51649
5,5100317,2019,8,15,3,3,5,2,0,0,1,0,0,0,0,0,13.24009,52.52624
9,9301025,2019,8,15,3,2,5,2,0,1,1,0,0,0,0,0,13.57218,52.39216
1,1400940,2019,8,10,3,3,2,3,0,1,1,0,0,0,0,0,13.36668,52.55733
3,3400723,2019,8,10,3,3,2,3,0,0,1,0,1,0,0,0,13.42879,52.58505
3,3701659,2019,8,9,3,3,2,6,0,1,1,0,0,0,0,0,13.42529,52.53387
5,5200526,2019,8,9,3,3,2,2,0,0,1,0,0,0,0,0,13.14331,52.52421
12,12200414,2019,8,8,3,3,0,4,0,0,1,1,0,0,0,0,13.29491,52.55036
7,7400927,2019,8,9,3,3,5,2,0,1,1,0,0,0,0,0,13.40991,52.45532
9,9401431,2019,8,9,3,3,5,2,0,0,1,0,0,0,0,0,13.59065,52.44653
9,9200510,2019,8,7,3,3,5,2,0,1,0,0,0,1,0,0,13.51459,52.46889
2,2300316,2019,8,7,3,3,5,3,0,0,1,0,1,0,0,0,13.44023,52.50207
7,7601341,2019,8,8,3,1,6,4,0,0,0,1,0,1,0,0,13.3627,52.4122
2,2200212,2019,8,18,2,3,6,4,0,1,0,1,0,0,0,0,13.41635,52.49123
3,3300516,2019,8,10,2,3,3,6,0,1,0,0,0,0,0,0,13.43169,52.57119
1,1200520,2019,8,18,2,3,6,4,0,0,0,1,0,0,1,0,13.33388,52.53294
3,3501038,2019,8,13,2,3,4,6,0,0,1,0,1,0,0,0,13.47945,52.55316
3,3400723,2019,8,17,2,3,2,6,0,0,1,0,0,0,0,0,13.42562,52.5866
10,10300732,2019,8,17,2,2,2,7,0,0,1,0,0,0,0,0,13.57099,52.52856
4,4500939,2019,8,17,2,3,1,5,0,0,1,0,0,0,0,0,13.30316,52.49405
10,10400940,2019,8,17,2,3,5,2,0,0,1,0,0,0,1,0,13.60322,52.48485
7,7400928,2019,8,16,2,2,6,4,0,0,1,1,0,0,0,0,13.4198,52.4614
7,7400823,2019,8,16,2,3,5,2,0,0,1,0,1,0,0,0,13.37768,52.46593
12,12500928,2019,8,15,2,3,5,3,0,0,1,0,1,0,0,0,13.31278,52.60864
1,1401044,2019,8,15,2,3,5,3,0,0,1,0,0,0,0,0,13.36304,52.54874
7,7100102,2019,8,15,2,3,2,6,0,0,1,0,1,0,0,0,13.3466,52.50137
1,1200628,2019,8,23,2,3,6,4,2,0,1,1,0,0,0,0,13.36913,52.52625
5,5100315,2019,8,15,2,3,6,2,0,0,1,1,0,0,0,0,13.19452,52.54573
3,3701554,2019,8,19,2,3,6,4,0,1,0,1,0,0,0,0,13.41084,52.53064
11,11501340,2019,8,18,5,3,5,2,0,1,1,0,0,0,0,0,13.52781,52.48989
1,1100309,2019,8,19,2,3,5,2,0,1,1,0,0,0,0,0,13.39756,52.52941
6,6400844,2019,8,14,2,3,1,5,0,0,1,0,0,0,1,0,13.27761,52.46477
4,4400834,2019,8,19,2,3,5,2,0,1,1,0,0,0,0,0,13.31019,52.47906
2,2400625,2019,8,14,2,3,5,3,0,1,0,0,0,0,1,0,13.44997,52.50752
6,6100205,2019,8,19,2,2,5,7,0,0,0,0,1,0,1,0,13.35722,52.44537
11,11401137,2019,8,19,2,3,1,5,0,1,1,0,0,0,0,0,13.50533,52.49223
3,3501038,2019,8,17,2,3,2,6,0,1,1,0,0,0,0,0,13.46817,52.55389
1,1100310,2019,8,18,2,3,2,6,0,1,1,0,0,0,0,0,13.41222,52.52428
1,1100102,2019,8,13,2,3,2,6,0,0,1,0,0,0,0,0,13.35106,52.51048
10,10300733,2019,8,18,2,3,5,2,0,0,1,0,0,0,0,0,13.55068,52.50937
12,12400721,2019,8,12,2,3,5,3,0,0,1,0,1,0,0,0,13.29445,52.62954
6,6400844,2019,8,12,2,3,5,7,0,0,1,0,0,0,0,0,13.27212,52.45352
2,2300316,2019,8,12,2,3,2,2,0,0,1,0,0,1,0,0,13.44201,52.50091
2,2400520,2019,8,12,2,3,1,5,0,1,0,0,0,0,1,0,13.42699,52.52716
2,2300316,2019,8,11,2,3,5,3,0,0,1,0,0,0,0,0,13.43,52.50346
6,6100101,2019,8,11,2,3,5,2,0,1,1,0,0,0,0,0,13.31775,52.45787
8,8301037,2019,8,11,2,2,6,2,0,0,1,1,0,0,0,0,13.46795,52.42768
4,4501153,2019,8,10,2,3,2,2,0,1,1,0,0,0,0,0,13.32944,52.48152
6,6200317,2019,8,8,2,3,5,3,0,0,1,0,0,0,1,0,13.3628,52.42823
4,4501040,2019,8,7,2,2,5,7,0,0,1,0,1,0,0,0,13.31326,52.50212
6,6300629,2019,8,6,2,3,2,6,0,0,1,0,1,0,0,0,13.313,52.45273
1,1100102,2019,8,6,2,3,5,2,1,1,1,0,0,0,0,0,13.37195,52.5194
9,9100407,2019,8,5,2,3,0,1,1,0,1,0,1,0,0,1,13.5052,52.44535
2,7400720,2019,8,5,2,3,2,6,1,0,1,0,0,0,0,0,13.37668,52.48483
12,12200413,2019,8,11,2,3,0,7,0,0,1,0,0,0,0,0,13.28764,52.58018
6,6200423,2019,8,19,1,3,2,6,0,0,1,0,0,0,0,0,13.3149,52.41732
5,5100316,2019,8,19,1,3,0,6,0,0,0,0,1,0,1,1,13.19971,52.53525
8,8200727,2019,8,21,1,3,5,3,2,0,1,0,0,0,0,1,13.45224,52.44337
4,4200308,2019,8,13,1,3,2,3,0,0,1,0,0,0,0,0,13.27311,52.51943
9,9100409,2019,8,21,1,3,2,2,2,0,1,0,0,0,0,1,13.49791,52.43363
1,1100415,2019,8,22,1,2,0,7,2,0,0,0,0,0,1,1,13.39923,52.53216
7,7100206,2019,8,22,1,2,4,1,2,0,1,0,0,0,0,1,13.3637,52.48844
1,1100205,2019,8,18,1,3,0,1,0,0,0,0,1,0,0,1,13.37723,52.51282
11,11200411,2019,8,20,1,2,0,1,1,0,0,0,1,0,0,1,13.51183,52.55053
1,1100102,2019,8,19,1,2,5,2,0,0,1,0,0,0,0,1,13.37111,52.51111
1,1200522,2019,8,19,1,3,2,6,0,0,1,0,0,0,0,1,13.32937,52.52268
12,12601236,2019,8,19,1,3,2,6,0,0,1,0,0,0,0,1,13.33976,52.59585
4,4200308,2019,8,18,1,3,5,3,0,1,1,0,0,0,0,1,13.26954,52.51972
7,7601544,2019,8,18,1,3,5,2,0,1,1,0,0,0,0,1,13.40651,52.39376
7,7200411,2019,8,17,1,3,1,5,0,1,1,0,0,0,0,0,13.35603,52.49017
1,1100310,2019,8,17,1,3,5,2,0,0,1,0,0,0,1,1,13.40935,52.51677
2,2100104,2019,8,16,1,3,5,3,0,0,1,0,0,0,0,0,13.41453,52.50014
8,8200730,2019,8,16,1,2,1,5,0,0,1,0,0,0,0,0,13.45019,52.43695
3,3200204,2019,8,16,1,3,5,2,0,0,1,0,0,0,0,1,13.40209,52.60285
12,12100204,2019,8,14,1,3,5,3,0,0,1,0,0,0,0,0,13.33948,52.56397
4,4300413,2019,8,14,1,3,5,7,0,0,1,0,0,0,0,1,13.28794,52.51462
2,2200211,2019,8,13,1,3,6,2,0,1,0,1,0,0,0,1,13.39203,52.48936
5,5300735,2019,8,11,1,3,2,6,0,0,1,0,0,0,0,1,13.22717,52.53766
6,6200317,2019,8,11,1,2,5,3,0,0,1,0,0,0,0,1,13.35731,52.42299
7,7100102,2019,8,2,1,3,3,6,2,0,1,0,1,0,0,0,13.34987,52.50045
9,9100203,2019,8,21,1,3,2,6,2,0,1,0,0,0,1,1,13.47399,52.4751
7,7200411,2019,8,18,7,3,1,5,0,0,1,0,0,0,0,0,13.34593,52.4892
2,2400624,2019,8,4,7,3,1,1,2,0,1,0,0,0,0,0,13.44255,52.51626
4,4300416,2019,8,1,7,3,0,4,2,1,0,1,0,0,0,0,13.29403,52.50674
8,8100104,2019,8,13,7,3,5,2,0,1,1,0,0,0,0,0,13.4318,52.46641
12,12200413,2019,8,13,7,3,5,2,0,0,1,0,1,0,0,0,13.27907,52.5784