BEZ,LOR_ab_2021,UJAHR,UMONAT,USTUNDE,UWOCHENTAG,UKATEGORIE,UART,UTYP1,ULICHTVERH,IstRad,IstPKW,IstFuss,IstKrad,IstGkfz,IstSonstige,USTRZUSTAND,XGCSWGS84,YGCSWGS84
2,2200209,2019,8,13,7,3,6,4,0,1,0,1,0,0,0,0,13.38705,52.49316
1,1100102,2019,8,12,7,3,5,3,0,0,1,0,0,0,1,0,13.37212,52.51957
7,7400823,2019,8,12,7,3,5,2,0,0,1,0,0,0,0,0,13.38556,52.46859
1,1100206,2019,8,12,7,3,0,1,0,0,0,0,1,0,0,0,13.3888,52.5172
1,1401044,2019,8,11,7,3,2,6,0,0,1,0,0,0,0,0,13.38114,52.55597
2,2200210,2019,8,0,7,3,0,1,2,0,0,0,0,0,1,0,13.39952,52.4946
9,9200715,2019,8,22,7,2,5,2,2,0,1,0,0,0,0,0,13.54519,52.42574
1,1100311,2019,8,22,7,3,2,6,2,0,1,0,0,0,0,0,13.42614,52.52305
6,6200423,2019,8,20,7,3,6,7,2,1,0,1,0,0,0,0,13.32723,52.41072
7,7100206,2019,8,19,7,3,5,3,0,1,1,0,0,0,0,0,13.36199,52.49771
3,3300514,2019,8,18,7,3,0,7,0,1,0,0,0,0,0,0,13.44616,52.59074
9,9100203,2019,8,17,7,2,5,3,0,0,1,0,1,0,0,0,13.48401,52.47418
6,6200421,2019,8,17,7,3,2,6,0,0,1,0,0,0,0,0,13.32054,52.43465
2,2300417,2019,8,16,7,3,2,7,0,0,1,0,0,0,1,0,13.42144,52.49608
5,5200528,2019,8,16,7,2,0,1,0,1,0,0,0,0,0,0,13.17108,52.51832
5,5100316,2019,8,15,7,3,2,6,0,0,1,0,0,0,0,0,13.18198,52.53751
4,4400835,2019,8,15,7,3,5,3,0,1,1,0,0,0,0,0,13.32013,52.47289
6,6400844,2019,8,15,7,3,2,6,0,0,1,0,0,0,0,0,13.30352,52.45907
1,1401044,2019,8,15,7,3,1,5,0,0,1,0,1,0,0,0,13.38345,52.5561
2,2500833,2019,8,14,7,3,2,6,0,0,1,0,0,0,1,0,13.45058,52.50864
7,7501030,2019,8,14,7,3,2,6,0,1,1,0,0,0,0,0,13.38316,52.44817
11,11501340,2019,8,8,6,2,5,3,0,1,1,0,0,0,0,0,13.53344,52.49255
7,7200308,2019,8,19,6,3,6,7,0,0,1,1,0,0,0,0,13.32475,52.4657
12,12200307,2019,8,20,6,3,5,2,0,0,1,0,1,0,0,0,13.3314,52.57352
8,8100310,2019,8,19,6,3,3,6,0,1,1,0,0,0,0,0,13.42893,52.48647
1,1100311,2019,8,18,6,3,5,2,0,0,1,0,1,0,0,0,13.41753,52.51847
1,1100309,2019,8,17,6,3,3,6,0,0,1,0,1,0,0,0,13.40837,52.52891
9,9200715,2019,8,16,6,3,5,2,0,1,1,0,0,0,0,0,13.54693,52.43151
10,10400837,2019,8,16,6,3,2,6,0,0,1,0,0,0,1,0,13.57861,52.49907
1,1200517,2019,8,16,6,3,0,5,0,1,0,0,0,0,1,0,13.32398,52.53213
4,4501153,2019,8,16,6,3,6,4,0,0,1,1,0,0,0,0,13.329,52.47972
1,1100312,2019,8,15,6,3,5,2,0,1,0,0,0,0,0,0,13.41221,52.51225
4,4500938,2019,8,15,6,3,2,6,0,0,1,0,0,0,0,0,13.29437,52.4976
6,6400838,2019,8,15,6,3,5,2,0,1,1,0,0,0,0,0,13.23428,52.4392
1,1401044,2019,8,14,6,3,5,3,0,1,1,0,0,0,0,0,13.3691,52.54622
1,1200522,2019,8,15,6,3,2,6,0,0,1,0,0,0,0,0,13.33092,52.52395
7,7501134,2019,8,15,6,3,2,7,0,0,1,0,0,0,0,0,13.40492,52.42776
9,9300922,2019,8,16,6,3,5,2,0,1,1,0,0,0,0,0,13.52327,52.40216
12,12500824,2019,8,14,6,3,5,7,0,0,1,0,1,0,0,0,13.2916,52.5946
4,4300517,2019,8,18,6,3,0,7,0,0,0,0,0,0,1,0,13.29782,52.52513
9,9401329,2019,8,17,6,3,2,6,0,1,1,0,0,0,0,0,13.58244,52.43654
7,7601341,2019,8,2,6,2,8,7,2,1,1,0,0,0,0,0,13.36236,52.41238
3,3601141,2019,8,7,6,3,2,6,0,0,1,0,1,0,0,0,13.41383,52.55364
3,3501037,2019,8,7,6,3,5,3,0,0,1,0,0,0,0,0,13.47698,52.56329
10,10300731,2019,8,7,6,3,1,5,0,1,1,0,0,0,0,0,13.5612,52.52519
11,11401137,2019,8,6,6,3,1,7,0,0,1,0,0,0,0,0,13.5087,52.50059
1,1100312,2019,8,0,6,2,0,1,2,1,0,0,0,0,0,0,13.41389,52.50769
1,1200520,2019,8,13,6,3,0,5,0,1,1,0,0,0,0,0,13.34319,52.53165
4,4500938,2019,8,13,6,3,2,6,0,0,1,0,0,0,0,0,13.28803,52.49623
3,3300411,2019,8,13,6,3,3,6,0,0,1,0,0,0,0,0,13.48734,52.61833
7,7400720,2019,8,13,6,3,1,5,0,0,1,0,1,0,0,0,13.37724,52.48044
10,10200420,2019,8,12,6,3,8,1,0,0,0,0,1,0,0,0,13.58651,52.53939
12,12200414,2019,8,12,6,3,5,2,0,1,1,0,0,0,0,0,13.29267,52.57869
3,3300413,2019,8,11,6,3,5,3,0,1,1,0,0,0,0,0,13.47907,52.60984
4,4300621,2019,8,11,6,3,5,2,0,0,1,0,0,0,0,0,13.30705,52.51348
1,1300836,2019,8,11,6,2,0,7,0,0,1,0,0,0,1,0,13.37841,52.5503
2,2300419,2019,8,10,6,3,2,6,0,0,1,0,0,0,0,0,13.4453,52.49932
4,4300414,2019,8,10,6,2,6,2,0,0,1,1,0,0,0,0,13.30079,52.51533
3,3200204,2019,8,10,6,3,9,1,0,0,1,0,0,0,0,0,13.39754,52.61726
4,4200207,2019,8,10,6,3,5,3,0,1,0,0,0,0,1,0,13.26545,52.49512
1,1100309,2019,8,9,6,3,5,3,0,1,1,0,0,0,0,0,13.39809,52.52723
1,1300834,2019,8,9,6,3,5,2,0,1,0,0,0,1,0,0,13.39605,52.53834
10,10100103,2019,8,10,6,3,3,6,0,1,0,0,0,0,1,0,13.57248,52.56817
3,3500934,2019,8,8,6,3,5,3,0,0,1,0,0,0,0,0,13.43752,52.55598
8,8100310,2019,8,10,6,3,5,2,0,1,1,0,0,0,0,0,13.43529,52.49117
5,5100314,2019,8,17,5,3,5,3,0,0,1,0,0,0,0,0,13.20572,52.5416
1,1200629,2019,8,8,6,3,1,5,0,0,1,0,1,0,0,0,13.34504,52.52152
10,10200524,2019,8,8,6,3,5,2,0,1,1,0,0,0,0,0,13.61631,52.53163
1,1100101,2019,8,16,5,3,1,7,0,1,1,0,0,0,0,0,13.33953,52.50537
1,1300730,2019,8,8,6,3,5,2,0,0,1,0,1,0,0,0,13.37698,52.55718
4,4500938,2019,8,9,6,3,1,5,0,1,1,0,0,0,0,0,13.29525,52.49774
3,3601245,2019,8,16,5,3,0,6,0,1,0,0,0,0,1,0,13.43544,52.54927
4,4501040,2019,8,9,6,3,1,5,0,1,0,0,0,0,1,0,13.31023,52.50346
3,3601450,2019,8,9,5,2,5,2,0,1,1,0,0,0,0,0,13.45902,52.52906
7,7100206,2019,8,15,6,2,5,2,0,1,0,0,0,0,1,0,13.37093,52.49262
3,3601245,2019,8,14,5,3,5,2,0,1,1,0,0,0,0,0,13.42881,52.54775
1,1401047,2019,8,15,6,3,0,1,0,0,0,0,1,0,0,0,13.36038,52.54437
2,2100102,2019,8,9,5,3,6,7,0,0,1,1,0,0,0,0,13.39087,52.50453
2,2400625,2019,8,9,6,3,5,3,0,1,1,0,0,0,0,0,13.44666,52.50281
4,4501041,2019,8,18,5,3,6,2,0,0,1,1,0,0,0,0,13.31966,52.50308
1,1100104,2019,8,14,6,2,5,3,0,1,1,0,0,0,0,0,13.36657,52.50289
7,7501133,2019,8,18,5,3,1,5,0,1,1,0,0,0,0,0,13.38587,52.43462
8,8100310,2019,8,23,5,3,2,2,2,0,1,0,0,0,0,0,13.43075,52.48601
6,6100209,2019,8,14,6,3,5,2,0,0,1,0,1,0,0,0,13.33764,52.45854
11,11501238,2019,8,22,5,3,0,1,2,1,0,0,0,0,0,0,13.47644,52.50106
8,8300935,2019,8,14,6,3,2,6,0,0,1,0,0,0,0,0,13.45257,52.4292
1,1100310,2019,8,22,5,3,2,6,2,0,1,0,1,0,0,0,13.41777,52.52582
5,5200629,2019,8,20,5,3,2,6,0,0,1,0,0,0,0,0,13.19743,52.53305
6,6200313,2019,8,14,6,3,0,6,0,1,0,0,0,0,0,0,13.34632,52.43237
12,12601133,2019,8,20,5,3,6,7,1,0,1,1,0,0,0,0,13.36711,52.60244
3,3601244,2019,8,9,6,3,5,3,0,1,1,0,0,0,0,0,13.42737,52.55249
1,1401047,2019,8,18,5,3,2,7,0,1,1,0,0,0,0,0,13.35952,52.5463
11,11200513,2019,8,14,6,2,2,2,0,1,1,0,0,0,0,0,13.49496,52.54538
10,10400940,2019,8,17,5,3,0,7,0,1,0,0,0,0,0,0,13.60383,52.48547
6,6400737,2019,8,13,6,2,0,3,0,1,0,0,1,0,0,0,13.22411,52.42947
1,1100207,2019,8,17,5,3,1,1,0,0,1,0,1,0,0,0,13.40494,52.51467
1,1100312,2019,8,17,5,3,2,6,0,0,1,0,0,0,0,0,13.41239,52.50576
8,8200727,2019,8,13,6,3,5,2,0,0,1,0,0,0,0,0,13.44985,52.44555
8,8401243,2019,8,13,6,3,5,2,0,1,1,0,0,0,0,0,13.49039,52.42783
11,11501339,2019,8,17,5,3,0,6,0,1,0,0,0,0,0,0,13.52615,52.49324
3,3400830,2019,8,13,6,3,5,3,0,0,1,0,0,0,0,0,13.41842,52.55514
1,1401047,2019,8,16,5,3,5,3,0,1,1,0,0,0,0,0,13.35765,52.54111
7,7400927,2019,8,13,6,3,2,6,0,1,1,0,0,0,0,0,13.38731,52.45852
3,3400618,2019,8,16,5,2,0,1,0,0,0,0,1,0,0,1,13.37487,52.59657
7,7400720,2019,8,15,5,3,5,2,0,1,1,0,0,0,0,0,13.40031,52.48371
1,1100102,2019,8,8,6,3,2,6,0,1,1,0,0,0,0,0,13.35023,52.51365
1,1100205,2019,8,8,6,2,4,6,0,1,1,0,0,0,0,0,13.38669,52.50749
9,9200819,2019,8,15,5,3,0,6,0,1,1,0,0,0,0,0,13.5664,52.44398
7,7100102,2019,8,15,5,3,6,4,0,0,1,1,0,0,0,0,13.34848,52.50078
6,6100209,2019,8,7,6,3,5,3,0,1,1,0,0,0,0,0,13.33245,52.4583
9,9200512,2019,8,15,5,3,2,6,0,0,1,0,0,0,0,0,13.5422,52.45778
1,1200520,2019,8,7,6,3,4,4,0,1,0,1,0,0,0,0,13.3432,52.52848
1,1401044,2019,8,16,5,3,5,3,0,1,1,0,0,0,0,1,13.37727,52.55363
1,1100206,2019,8,16,5,3,5,3,0,1,1,0,0,0,0,0,13.39516,52.51726
8,8200622,2019,8,7,6,3,1,4,0,0,1,1,1,0,0,0,13.43833,52.45421
3,3500933,2019,8,15,5,3,6,4,0,0,1,1,0,0,0,0,13.45398,52.55401
4,4200311,2019,8,6,6,3,5,3,0,0,1,0,1,0,0,0,13.27838,52.50695
7,7100102,2019,8,15,5,3,5,7,0,1,1,0,0,0,0,0,13.34863,52.49793
5,5100316,2019,8,6,6,3,5,2,0,1,1,0,0,0,0,0,13.20564,52.53945
2,3601452,2019,8,14,5,2,6,4,0,0,1,1,0,0,0,0,13.45229,52.52774
3,3400830,2019,8,14,5,3,5,3,0,1,1,0,0,0,0,0,13.41864,52.55508
12,12500930,2019,8,13,5,3,2,6,0,0,1,0,0,0,0,0,13.32455,52.58821
1,1100415,2019,8,13,5,3,2,6,0,0,1,0,1,0,0,0,13.39776,52.53251
1,1200628,2019,8,23,5,3,2,6,2,0,1,0,0,0,0,0,13.36734,52.52571
12,12200414,2019,8,17,5,3,5,3,0,0,1,0,1,0,0,0,13.25449,52.56194
3,3400830,2019,8,12,5,3,2,6,0,0,1,0,0,0,0,0,13.41334,52.56642
1,1200522,2019,8,10,5,3,0,2,0,1,1,0,0,0,0,0,13.32959,52.5238
2,2100104,2019,8,17,5,3,5,2,0,1,1,0,0,0,0,0,13.40787,52.50445
6,6300528,2019,8,10,5,3,5,2,0,0,1,0,1,0,0,0,13.27342,52.41665
10,10100316,2019,8,17,5,3,5,2,0,1,1,0,0,0,0,0,13.57356,52.54655
2,2300316,2019,8,10,5,3,2,6,0,0,1,0,0,0,0,0,13.4354,52.49982
12,12200411,2019,8,15,5,2,5,2,0,1,1,0,0,0,0,0,13.33077,52.56256
5,5100317,2019,8,16,5,3,5,3,0,0,1,0,0,0,0,0,13.2424,52.52804
11,11300724,2019,8,16,5,3,5,3,0,1,1,0,0,0,0,0,13.48578,52.52078
12,12400618,2019,8,12,5,3,0,7,0,0,1,0,0,0,0,0,13.25665,52.62666
11,11300619,2019,8,17,5,2,0,1,0,0,0,0,1,0,0,0,13.47081,52.53192
2,2200210,2019,8,9,5,3,5,2,0,1,1,0,0,0,0,0,13.39526,52.49688
2,2500835,2019,8,16,5,3,0,4,0,1,0,1,0,0,0,0,13.4555,52.5005
7,7400927,2019,8,9,5,2,1,5,0,0,1,0,1,0,0,0,13.39358,52.46557
1,1100415,2019,8,9,5,3,5,3,0,1,0,0,0,0,1,0,13.39194,52.53002
2,2400521,2019,8,16,5,3,5,2,0,0,1,0,1,0,0,0,13.44064,52.51711
4,4300622,2019,8,8,5,3,2,6,0,0,1,0,0,0,0,0,13.3193,52.51358
4,4500936,2019,8,16,5,3,2,6,0,0,1,0,0,0,1,0,13.30409,52.50407
7,7400720,2019,8,8,5,3,2,6,0,1,1,0,0,0,0,0,13.37682,52.479
5,5300735,2019,8,16,5,3,2,6,0,0,1,0,0,0,0,0,13.21748,52.53798
9,9100409,2019,8,8,5,3,3,6,0,1,0,0,0,0,1,0,13.52462,52.43932
2,2200209,2019,8,15,5,2,5,3,0,1,0,0,1,0,0,0,13.37474,52.48504
12,12200411,2019,8,8,5,3,6,4,0,0,1,1,0,0,0,0,13.32894,52.56673
2,2200209,2019,8,7,5,3,0,1,0,1,0,0,0,0,0,0,13.386,52.49007
10,10200420,2019,8,15,5,3,2,6,0,0,1,0,0,0,0,0,13.59416,52.53359
1,1300733,2019,8,15,5,3,3,6,0,0,1,0,0,0,0,0,13.3916,52.55514
12,12400721,2019,8,7,5,3,5,3,0,1,1,0,0,0,0,0,13.28902,52.63288
8,8100207,2019,8,7,5,3,5,2,0,1,1,0,0,0,0,0,13.43982,52.4752
2,2300314,2019,8,23,5,2,6,6,2,0,1,1,0,0,0,0,13.41992,52.49862
3,3701659,2019,8,7,5,3,1,5,0,1,1,0,0,0,0,0,13.42827,52.5371
2,2200212,2019,8,22,5,3,1,5,2,1,1,0,1,0,0,0,13.41466,52.49372
9,9300920,2019,8,5,5,3,5,3,0,1,1,0,0,0,0,0,13.52663,52.42459
1,1400942,2019,8,7,5,3,5,3,0,0,1,0,0,0,0,0,13.35399,52.54721
3,3400830,2019,8,10,5,3,2,6,0,1,1,0,0,0,0,0,13.40334,52.55803
8,8200727,2019,8,7,5,3,2,6,0,0,1,0,1,0,0,0,13.43666,52.44952
1,1100206,2019,8,18,4,2,6,4,1,1,0,1,0,0,0,0,13.39527,52.51514
4,4501150,2019,8,20,5,3,0,7,1,1,0,0,0,0,0,0,13.32261,52.48595
4,4501150,2019,8,8,4,3,5,3,0,0,1,0,0,0,0,0,13.32854,52.49093
1,1100206,2019,8,18,4,3,6,4,1,1,0,1,0,0,0,0,13.39516,52.51513
11,2500835,2019,8,19,5,3,5,2,0,1,0,0,1,0,0,0,13.46937,52.50239
2,2100102,2019,8,12,4,3,5,2,0,1,0,0,0,0,1,0,13.39053,52.50666
3,3601451,2019,8,18,5,2,5,3,0,1,0,0,0,0,0,0,13.44561,52.53463
6,6100103,2019,8,9,4,3,2,7,0,0,1,0,0,0,0,0,13.32622,52.45982
6,6200311,2019,8,18,5,3,2,6,0,0,1,0,0,0,0,0,13.35241,52.43336
6,6200314,2019,8,12,4,3,0,6,0,1,1,0,0,0,0,0,13.33856,52.43216
2,2300417,2019,8,18,5,3,5,2,0,0,1,0,1,0,0,0,13.42938,52.49463
12,12200411,2019,8,21,4,2,1,5,2,0,1,0,1,0,0,0,13.32084,52.56585
10,10100312,2019,8,21,4,2,5,2,2,0,1,0,1,0,0,0,13.54132,52.53444
7,7400823,2019,8,14,5,3,2,6,0,0,1,0,0,0,1,0,13.37794,52.46847
4,4400726,2019,8,14,5,2,0,7,0,1,0,0,0,0,0,0,13.27835,52.48804
6,6300629,2019,8,19,4,3,5,3,0,1,1,0,0,0,0,0,13.29791,52.44747
2,2300314,2019,8,18,4,3,5,3,0,1,0,0,0,0,1,0,13.42159,52.49813
6,6400838,2019,8,14,5,3,0,5,0,0,0,0,1,0,1,0,13.23626,52.44005
4,4500939,2019,8,18,4,3,5,3,0,1,1,0,0,0,0,0,13.3065,52.49276
8,8200833,2019,8,14,5,3,5,3,0,0,1,0,0,0,1,0,13.44469,52.42632
10,10100205,2019,8,19,4,2,1,1,0,0,1,0,1,0,0,0,13.53854,52.55751
7,7601544,2019,8,13,5,2,1,5,0,0,1,0,1,0,0,0,13.40439,52.39382
12,12100103,2019,8,16,4,2,0,7,0,0,1,1,0,0,0,0,13.36342,52.56828
1,1100309,2019,8,13,5,3,6,4,0,1,0,1,0,0,0,0,13.40293,52.529
7,7400823,2019,8,18,4,3,5,2,0,1,1,0,0,0,0,0,13.37106,52.47037
9,9501941,2019,8,12,5,3,3,6,0,0,1,0,0,0,0,0,13.58249,52.45535
1,1100308,2019,8,17,4,3,0,5,0,1,1,0,0,0,0,0,13.37518,52.53687
4,4400727,2019,8,10,5,3,2,6,0,0,1,0,0,0,1,0,13.29978,52.48743
2,2400625,2019,8,9,5,3,3,6,0,1,1,0,0,0,0,0,13.44247,52.5042
8,8100207,2019,8,9,5,3,5,2,0,1,1,0,0,0,0,0,13.4327,52.47835
6,6100103,2019,8,8,5,3,2,6,0,1,1,0,0,0,0,0,13.31519,52.4657
1,1100309,2019,8,8,5,3,2,6,0,0,1,0,1,1,0,0,13.38845,52.52742
3,3300516,2019,8,7,5,3,5,3,0,1,1,0,0,0,0,0,13.45298,52.56743
2,2200212,2019,8,7,5,3,2,6,0,0,1,0,0,0,0,0,13.41351,52.49179
2,2100102,2019,8,7,5,3,5,2,0,1,1,0,0,0,0,0,13.40158,52.50609
9,9502043,2019,8,7,5,3,5,2,0,1,1,0,0,0,0,0,13.5728,52.47048
11,11100205,2019,8,18,5,2,1,1,0,0,1,0,1,0,0,0,13.52003,52.57034
9,9501737,2019,8,16,5,2,0,3,0,0,1,0,1,0,0,0,13.62565,52.45754
6,6300630,2019,8,10,5,2,1,5,0,1,1,0,0,0,0,0,13.32091,52.44393
7,7100206,2019,8,14,5,2,0,1,0,1,0,0,0,0,0,0,13.36093,52.49018
5,5200633,2019,8,14,5,2,5,3,0,0,1,0,0,0,0,0,13.18747,52.51498
5,5200422,2019,8,13,5,2,5,3,0,0,1,0,1,0,0,0,13.12825,52.53106
8,8401243,2019,8,9,5,2,5,3,0,0,1,0,1,0,0,0,13.49109,52.42382
2,2300316,2019,8,7,5,2,2,6,0,0,1,0,1,0,0,0,13.43228,52.50562
1,1401049,2019,8,12,5,3,3,6,0,0,1,0,0,0,0,0,13.36142,52.55516
7,7100206,2019,8,5,5,3,1,5,2,1,1,0,0,0,0,0,13.3656,52.49534
5,5100316,2019,8,13,5,3,1,5,0,1,1,0,0,0,0,0,13.19937,52.53906
3,3400830,2019,8,7,4,3,6,4,0,1,0,1,0,0,0,0,13.42126,52.56349
8,8100417,2019,8,8,4,3,6,4,0,1,0,1,0,0,0,0,13.45279,52.47534
6,6400842,2019,8,21,4,3,1,5,2,1,1,0,0,0,0,0,13.25021,52.46705
1,1100102,2019,8,20,4,3,0,7,1,0,0,0,1,0,1,1,13.35044,52.51365
5,5100209,2019,8,20,4,3,0,2,0,0,1,0,1,0,0,0,13.1846,52.54752
7,7200411,2019,8,18,4,3,0,3,0,0,1,0,1,0,0,0,13.34765,52.48628
3,3601449,2019,8,17,4,3,6,4,0,1,0,1,0,0,0,0,13.43988,52.5408
2,2200212,2019,8,18,4,3,3,6,0,1,1,0,0,0,0,0,13.41588,52.49278
1,1300836,2019,8,18,4,3,2,6,0,0,1,0,1,0,0,0,13.37273,52.53841
10,10400938,2019,8,17,4,3,1,5,0,1,1,0,0,0,0,0,13.63315,52.52298
11,11501238,2019,8,17,4,3,5,2,0,1,0,0,0,0,1,0,13.47503,52.50155
3,3500936,2019,8,15,4,3,6,2,0,0,1,1,0,0,0,0,13.45896,52.55016
2,2500726,2019,8,17,4,3,5,3,0,1,1,0,0,0,0,0,13.45484,52.52346
4,4300621,2019,8,16,4,3,2,6,0,0,1,0,0,0,1,0,13.31486,52.51281
12,12200307,2019,8,17,4,3,5,2,0,1,1,0,0,0,0,0,13.33195,52.57555
2,2500833,2019,8,16,4,3,2,6,0,0,0,0,0,0,1,0,13.46513,52.50775
2,2400521,2019,8,16,4,3,0,3,0,0,1,0,1,0,0,0,13.4355,52.52169
8,8200730,2019,8,16,4,3,5,3,0,0,1,0,0,0,0,0,13.4349,52.43743
4,4501150,2019,8,15,4,3,6,4,0,1,0,1,0,0,0,0,13.32668,52.48405
6,6300629,2019,8,15,4,3,0,1,0,1,0,0,0,0,0,0,13.30123,52.44609
8,8200622,2019,8,15,4,3,5,2,0,0,1,0,0,0,0,0,13.44468,52.4631
1,1200522,2019,8,15,4,3,0,6,0,0,1,0,1,0,0,0,13.32932,52.52266
3,3601453,2019,8,15,4,3,5,3,0,1,0,0,0,0,0,0,13.46076,52.52381
9,9200717,2019,8,14,4,3,0,1,0,1,0,0,0,0,0,0,13.54896,52.43823
9,9200510,2019,8,14,4,3,5,7,0,0,1,0,1,0,0,0,13.50996,52.47031
1,1400940,2019,8,14,4,3,1,5,0,0,1,0,0,0,0,0,13.3545,52.56094
9,9501736,2019,8,14,4,3,5,3,0,0,1,0,0,0,1,0,13.61139,52.45602
1,1401049,2019,8,13,4,3,5,3,0,0,1,0,0,0,0,0,13.3606,52.54858
4,4400727,2019,8,13,4,3,2,6,0,0,1,0,0,0,0,0,13.28623,52.48024
8,8100102,2019,8,13,4,3,5,2,0,1,1,0,0,0,0,0,13.41634,52.48048
5,5300737,2019,8,12,4,3,6,4,0,1,0,1,0,0,0,0,13.24797,52.54541
1,1300730,2019,8,12,4,3,1,5,0,1,1,0,0,0,0,0,13.37355,52.55702
2,2200210,2019,8,11,4,3,5,3,0,1,1,0,0,0,0,0,13.39782,52.49528
1,1100415,2019,8,11,4,3,6,4,0,0,0,1,0,0,1,0,13.38629,52.52996
8,8100102,2019,8,10,4,3,2,6,0,0,1,0,1,0,0,0,13.42687,52.47591
4,4501153,2019,8,10,4,3,5,2,0,1,1,0,0,0,0,0,13.32866,52.4786
4,4400830,2019,8,10,4,3,5,2,0,1,0,0,0,0,1,0,13.30564,52.47976
1,1100309,2019,8,9,4,3,5,2,0,1,1,0,0,0,0,0,13.39002,52.52568
12,12500824,2019,8,9,4,3,4,6,0,1,0,0,0,0,0,0,13.29162,52.59578
3,3601450,2019,8,8,4,3,6,4,0,0,1,1,0,0,0,0,13.45426,52.53241
1,1400938,2019,8,8,4,3,2,7,0,0,1,0,0,0,0,0,13.342,52.55231
1,1300836,2019,8,7,4,3,6,4,0,1,0,1,0,0,0,0,13.37321,52.5381
1,1300733,2019,8,7,4,3,1,5,0,1,0,0,0,0,1,0,13.3852,52.55022
5,5300737,2019,8,7,4,3,3,6,0,0,1,0,0,1,0,0,13.2323,52.53958
7,7400826,2019,8,1,4,3,8,1,2,0,1,0,0,0,0,0,13.36211,52.44731
8,8100206,2019,8,1,4,3,5,2,2,0,1,0,0,0,0,0,13.42486,52.48196
1,1200628,2019,8,20,4,3,5,2,1,1,1,0,0,0,0,0,13.36617,52.52394
2,2500835,2019,8,12,4,3,0,2,0,1,1,0,0,0,0,0,13.45925,52.50119
5,5100316,2019,8,17,4,2,5,3,0,1,1,0,0,0,0,0,13.19973,52.53457
9,9200613,2019,8,14,4,2,3,6,0,1,0,0,0,0,0,0,13.50109,52.46044
1,1400940,2019,8,12,4,2,6,4,0,0,0,1,1,0,0,0,13.34968,52.55726
10,10400836,2019,8,7,4,2,5,3,0,1,1,0,0,0,0,0,13.58899,52.51125
11,11200411,2019,8,6,4,2,5,3,0,1,1,0,0,0,0,0,13.51165,52.55073
4,4300518,2019,8,8,3,3,2,2,0,0,1,0,1,0,0,0,13.30993,52.52325
6,6300632,2019,8,7,3,3,5,2,0,1,1,0,0,0,0,0,13.27965,52.42977
4,4300517,2019,8,20,3,3,5,3,2,0,1,0,0,0,1,0,13.30416,52.5267
1,1100311,2019,8,19,3,3,0,1,1,1,0,0,0,0,0,0,13.41738,52.5157
4,4200310,2019,8,19,3,3,1,5,1,1,1,0,0,0,0,0,13.2549,52.52083
3,3601245,2019,8,19,3,3,3,6,0,1,0,0,0,0,0,0,13.42794,52.54551
1,1100308,2019,8,18,3,3,0,1,0,1,0,0,0,0,0,0,13.38012,52.51991
1,1100310,2019,8,18,3,3,1,5,0,1,1,0,0,0,1,0,13.41084,52.52689
1,1100308,2019,8,17,3,3,6,2,0,0,1,1,0,0,0,0,13.37955,52.52258
3,3200207,2019,8,17,3,3,5,3,0,0,1,0,1,0,0,0,13.4062,52.58178
1,1401047,2019,8,17,3,3,2,6,0,1,1,0,0,0,0,0,13.35857,52.54012
4,4300416,2019,8,17,3,3,6,4,0,0,1,1,0,0,0,0,13.30274,52.50608
8,8300934,2019,8,17,3,3,2,6,0,0,1,0,0,0,0,0,13.45794,52.43122
4,4300622,2019,8,16,3,3,5,3,0,1,1,0,0,0,0,0,13.32331,52.516
9,9300920,2019,8,16,3,3,5,2,0,0,1,0,0,0,0,0,13.53098,52.41559
4,4400832,2019,8,16,3,3,5,2,0,1,1,0,0,0,0,0,13.29148,52.4751
7,7400720,2019,8,16,3,3,5,2,0,1,1,0,0,0,0,0,13.38571,52.4782
10,10300731,2019,8,15,3,3,1,5,0,1,1,0,0,0,0,0,13.55654,52.53302
4,4300414,2019,8,9,3,3,5,2,0,1,1,0,0,0,0,0,13.29732,52.51112
7,7100206,2019,8,12,1,2,0,7,0,1,0,0,0,0,0,0,13.37201,52.49244
1,1401049,2019,8,4,3,3,5,3,2,0,1,0,0,0,0,1,13.3655,52.55712
3,3300514,2019,8,15,3,3,0,3,0,0,1,0,1,0,0,0,13.45071,52.59126
7,7300619,2019,8,14,3,3,0,5,0,1,1,0,0,0,0,0,13.34387,52.46482
7,7400927,2019,8,14,3,3,5,3,0,0,1,0,0,0,1,0,13.39974,52.45601
1,1100104,2019,8,14,3,3,5,2,0,1,1,0,0,0,0,0,13.36581,52.50307
8,8401244,2019,8,14,3,3,6,4,0,0,1,1,0,0,0,0,13.49625,52.41561
10,10200524,2019,8,13,3,3,5,2,0,1,1,0,0,0,0,0,13.62085,52.53094
1,1100308,2019,8,12,3,3,5,3,0,0,1,0,1,0,0,0,13.38005,52.53278
4,4100101,2019,8,12,3,3,2,6,0,0,1,0,0,0,0,0,13.32524,52.5415
3,3500932,2019,8,12,3,3,2,6,0,0,1,0,0,0,0,0,13.44022,52.556
1,1401049,2019,8,5,3,3,5,3,1,1,1,0,0,0,0,0,13.36538,52.55681
7,7200413,2019,8,11,3,3,3,6,0,1,0,0,0,0,1,0,13.36357,52.47832
4,4200310,2019,8,11,3,3,5,3,0,0,1,0,0,0,0,0,13.2739,52.50968
6,6200423,2019,8,10,3,3,5,3,0,1,1,0,0,0,0,0,13.33554,52.40876
7,7200308,2019,8,10,3,3,4,6,0,1,0,0,0,0,0,0,13.32687,52.46494
9,9300920,2019,8,9,3,3,5,3,0,0,1,0,0,1,0,0,13.52213,52.40246
6,6300631,2019,8,9,3,3,6,4,0,1,0,1,0,0,0,0,13.31041,52.43096
3,3400620,2019,8,8,3,3,5,2,0,0,1,0,1,0,0,0,13.39881,52.57059
1,1200520,2019,8,8,3,3,5,7,0,0,1,0,1,0,0,0,13.3295,52.53299
7,7300619,2019,8,7,3,3,6,4,0,1,0,1,0,0,0,0,13.35568,52.45731
4,4500936,2019,8,8,3,3,3,6,0,1,0,0,0,0,1,0,13.30451,52.49945
8,8401243,2019,8,7,3,3,5,2,0,1,0,0,0,0,1,0,13.49192,52.42044
3,3300413,2019,8,7,3,3,5,2,0,1,0,0,0,0,0,0,13.48578,52.61584
1,1100313,2019,8,7,3,3,5,5,0,1,1,0,0,0,0,0,13.41928,52.508
1,3701555,2019,8,6,3,3,3,6,0,0,1,0,1,0,0,0,13.41589,52.52741
11,11300724,2019,8,16,3,2,0,3,0,1,0,0,0,0,0,0,13.49248,52.51629
10,10100103,2019,8,6,3,3,5,2,1,1,0,0,0,0,1,0,13.56577,52.57039
12,12500825,2019,8,13,3,2,8,6,0,0,1,0,0,0,0,0,13.30161,52.58003