BEZ,LOR_ab_2021,UJAHR,UMONAT,USTUNDE,UWOCHENTAG,UKATEGORIE,UART,UTYP1,ULICHTVERH,IstRad,IstPKW,IstFuss,IstKrad,IstGkfz,IstSonstige,USTRZUSTAND,XGCSWGS84,YGCSWGS84
9,9100407,2019,8,9,3,2,1,5,0,1,0,0,0,0,1,0,13.50083,52.45649
2,2300314,2019,8,9,3,3,1,5,0,1,1,0,0,0,1,0,13.42172,52.50062
7,7300619,2019,8,10,3,3,2,6,0,0,1,0,0,0,0,0,13.33772,52.46705
12,12100101,2019,8,15,2,3,6,4,0,0,0,1,1,0,0,0,13.36643,52.56392
6,6400838,2019,8,18,2,3,6,7,0,1,0,1,0,0,0,0,13.23749,52.44409
6,6300528,2019,8,18,2,3,2,6,0,1,1,0,0,0,0,0,13.26173,52.41644
12,12100204,2019,8,17,2,3,5,2,0,1,0,0,0,0,1,0,13.36298,52.56665
2,2300314,2019,8,17,2,3,5,3,0,1,1,0,0,0,0,0,13.42155,52.50067
3,3601453,2019,8,17,2,3,2,7,0,0,1,0,0,0,0,0,13.45734,52.52446
6,6300528,2019,8,16,2,3,2,6,0,1,1,0,0,0,0,0,13.2503,52.42128
7,7200308,2019,8,16,2,3,0,7,0,1,0,0,0,0,0,0,13.32819,52.4734
1,1200518,2019,8,16,2,3,5,3,0,1,0,0,0,0,0,0,13.32434,52.52651
4,4400728,2019,8,16,2,3,1,5,0,0,1,0,0,0,0,0,13.28093,52.47873
11,11401137,2019,8,10,2,3,0,7,0,1,0,0,0,0,0,0,13.5016,52.49305
1,1401044,2019,9,12,2,3,0,4,0,0,0,1,0,0,1,0,13.37361,52.55677
1,1300733,2019,8,20,2,3,5,3,2,1,1,0,0,0,0,0,13.38383,52.55501
9,9100409,2019,9,15,2,3,5,3,0,1,1,0,0,0,0,0,13.51811,52.44375
11,11300724,2019,9,7,2,3,3,2,0,1,1,0,0,0,0,0,13.48583,52.51853
11,11100309,2019,8,16,2,3,2,6,0,0,1,0,0,0,1,0,13.50835,52.56434
2,2500830,2019,8,15,2,3,5,2,0,1,0,0,1,0,0,0,13.47248,52.50852
4,4500939,2019,9,11,2,3,2,2,0,0,1,0,0,1,0,0,13.30889,52.49077
6,6400842,2019,9,11,2,3,2,6,0,0,1,0,1,0,0,0,13.2688,52.44756
10,10200524,2019,8,15,2,3,2,6,0,0,1,0,0,0,0,0,13.61883,52.53111
6,6200311,2019,9,10,2,2,2,6,0,0,1,0,0,0,0,0,13.36606,52.4353
9,9200819,2019,8,15,2,3,0,3,0,1,1,0,0,0,0,0,13.56918,52.44268
1,1300835,2019,9,11,2,3,2,2,0,0,1,0,0,0,0,0,13.39127,52.5362
1,1300733,2019,8,15,2,3,2,6,0,0,1,0,0,0,1,0,13.38381,52.55123
8,8401242,2019,9,11,2,3,5,3,0,0,1,0,0,0,0,0,13.49002,52.42008
5,5100101,2019,8,15,2,3,5,3,0,1,1,0,0,0,0,0,13.21259,52.57321
12,12200411,2019,9,11,2,3,3,6,0,0,1,0,0,0,0,0,13.32948,52.5633
7,7100206,2019,9,7,2,3,2,7,0,0,0,0,1,0,1,0,13.36637,52.48828
6,6300632,2019,8,14,2,3,0,1,0,1,0,0,0,0,0,0,13.28715,52.4325
4,4300620,2019,8,12,2,3,5,3,0,1,1,0,0,0,0,0,13.32832,52.52225
9,9501941,2019,9,10,2,3,0,1,0,1,0,0,0,0,0,0,13.57468,52.44836
1,1100206,2019,8,11,2,3,2,6,0,1,1,0,0,0,0,0,13.38958,52.51234
1,1100206,2019,9,7,2,3,1,5,0,1,1,0,0,0,0,0,13.38679,52.5146
2,2500729,2019,8,13,2,3,5,3,0,1,1,0,0,0,0,0,13.45809,52.51945
9,9100407,2019,9,14,2,3,5,3,0,1,1,0,0,0,0,0,13.50696,52.44714
6,6400841,2019,8,11,2,2,5,2,0,1,1,0,0,0,0,0,13.27106,52.43878
1,1100415,2019,9,10,2,3,0,1,0,1,1,0,0,0,0,0,13.39309,52.53211
11,11300620,2019,8,10,2,3,0,6,0,0,1,0,1,0,0,0,13.47735,52.53094
10,10400940,2019,9,10,2,3,2,6,0,0,0,0,1,1,0,0,13.60049,52.4766
1,1100102,2019,9,14,2,3,5,3,0,0,1,0,1,0,0,0,13.34898,52.51479
2,2500830,2019,8,10,2,3,5,5,0,1,0,0,0,0,1,0,13.47434,52.51066
2,2100106,2019,9,10,2,3,5,3,0,0,1,0,0,0,1,0,13.41052,52.49859
8,8401241,2019,8,9,2,3,5,3,0,0,1,0,0,0,0,0,13.48361,52.43121
10,10300734,2019,9,9,2,3,2,6,0,1,1,0,0,0,0,0,13.56039,52.48678
1,1200626,2019,9,9,2,2,5,2,0,0,1,0,1,0,0,0,13.35094,52.52435
4,4300622,2019,8,9,2,3,0,1,0,1,0,0,0,0,0,0,13.33025,52.51321
4,4200310,2019,9,9,2,2,6,7,0,0,0,1,0,0,1,0,13.26877,52.51168
12,12200310,2019,8,8,2,3,1,1,0,0,1,0,0,0,0,0,13.31362,52.5725
4,4501152,2019,9,8,2,3,2,6,0,0,1,0,1,0,0,0,13.33102,52.49064
2,2100106,2019,8,8,2,3,2,6,0,0,1,0,0,0,0,0,13.40725,52.49848
9,9401534,2019,9,8,2,2,2,6,0,0,1,0,0,0,0,0,13.57751,52.44408
4,4501043,2019,8,7,2,3,5,2,0,1,1,0,0,0,0,0,13.31528,52.49065
4,4300414,2019,9,8,2,3,5,2,0,1,1,0,0,0,0,0,13.28731,52.513
7,7300619,2019,9,10,2,2,9,7,0,0,1,0,0,0,0,0,13.35471,52.4587
6,6200422,2019,8,7,2,3,5,2,0,1,1,0,0,0,0,0,13.32637,52.42773
2,2400521,2019,8,5,2,3,5,2,1,0,1,0,1,0,0,0,13.43109,52.51276
2,2200210,2019,9,13,1,3,6,7,0,0,0,1,0,0,1,0,13.40412,52.49558
2,2500833,2019,8,0,2,3,0,1,2,0,0,0,1,0,0,0,13.45663,52.5118
3,3701555,2019,9,0,1,3,5,3,2,0,1,0,0,0,1,0,13.41373,52.53231
3,3400723,2019,8,23,2,3,0,1,2,1,0,0,0,0,0,1,13.42202,52.57358
6,6300631,2019,9,17,1,2,6,4,0,0,1,1,0,0,0,0,13.29917,52.41972
1,1401049,2019,8,21,2,3,5,3,2,1,1,0,0,0,0,1,13.36566,52.55683
1,1401047,2019,9,20,1,3,6,4,2,1,0,1,0,0,0,0,13.35617,52.54203
4,4200311,2019,9,18,1,3,5,2,0,1,1,0,0,0,0,0,13.28526,52.51287
11,11401033,2019,8,20,2,3,0,7,1,1,1,0,0,0,0,1,13.52147,52.51331
8,8100314,2019,9,18,1,3,0,6,0,0,1,0,0,0,1,0,13.43975,52.48155
6,6100205,2019,8,19,2,3,1,5,2,1,0,0,0,0,1,1,13.33954,52.45085
10,10100103,2019,9,17,1,3,5,2,0,0,1,0,0,0,0,0,13.56562,52.57044
5,5300735,2019,8,18,2,3,3,2,0,0,1,0,0,1,0,0,13.22769,52.55879
10,10100316,2019,9,16,1,3,6,6,0,1,0,1,0,0,0,0,13.57607,52.54019
12,12100102,2019,8,22,2,2,5,3,2,0,1,0,0,0,1,1,13.37258,52.56823
11,11401137,2019,9,11,1,3,5,3,0,1,1,0,0,0,0,0,13.52343,52.49742
2,2100102,2019,9,11,1,3,5,3,0,1,1,0,0,0,0,0,13.39445,52.50697
2,2500830,2019,8,20,2,2,1,1,2,0,1,0,1,0,0,1,13.45814,52.51312
5,5300735,2019,9,10,1,3,5,2,0,1,1,0,0,0,0,0,13.21459,52.5383
5,5100315,2019,8,20,2,2,5,2,1,0,1,0,1,0,0,1,13.19854,52.54288
1,1100308,2019,9,10,1,3,1,5,0,1,1,0,0,0,0,0,13.3787,52.53405
10,10200421,2019,8,17,2,3,3,6,0,0,1,0,1,0,0,0,13.60447,52.53763
9,9100305,2019,9,8,1,3,2,6,0,0,1,0,0,0,0,0,13.49715,52.45834
3,3200309,2019,8,14,2,2,3,6,0,1,0,0,0,0,1,0,13.43162,52.60335
2,2500830,2019,8,22,7,3,2,6,2,0,1,0,1,0,0,0,13.47559,52.51206
1,1100309,2019,8,21,7,2,5,3,2,1,0,0,0,0,1,0,13.40642,52.52498
8,8100207,2019,8,13,2,2,2,6,0,1,1,0,0,0,0,0,13.43778,52.47863
4,4300619,2019,8,8,2,2,3,6,0,1,1,0,0,0,0,0,13.31353,52.51783
2,2500830,2019,8,21,7,3,0,1,2,0,0,0,1,0,0,0,13.46998,52.50634
3,3400619,2019,8,20,7,3,1,5,1,0,1,0,0,0,0,0,13.37462,52.58523
7,7601443,2019,8,5,2,3,0,3,1,0,1,0,1,0,0,0,13.41022,52.39925
11,11100204,2019,8,19,7,2,0,7,1,0,0,1,0,0,1,0,13.52409,52.5653
1,1100205,2019,8,7,2,3,6,2,0,1,0,1,0,0,0,0,13.3767,52.51072
4,4400830,2019,8,18,7,3,5,3,0,0,1,0,0,0,0,0,13.29595,52.48117
8,8200624,2019,8,18,7,2,5,3,0,1,0,0,0,0,1,0,13.43605,52.44929
8,8100104,2019,8,13,1,3,2,6,0,0,1,0,1,0,0,0,13.43154,52.46713
8,8100209,2019,8,17,7,3,1,5,0,1,0,0,0,0,1,0,13.44526,52.46807
10,10400837,2019,8,17,7,3,5,2,0,1,1,0,0,0,0,0,13.57789,52.49763
6,6400844,2019,8,8,1,3,5,2,0,1,1,0,0,0,0,0,13.27049,52.45102
4,4501042,2019,8,17,7,3,2,6,0,1,1,0,0,0,0,0,13.32894,52.50338
4,4501042,2019,8,23,1,3,2,6,2,0,1,0,0,0,0,0,13.33409,52.50447
11,11100203,2019,8,16,7,2,5,3,0,0,1,0,1,0,0,0,13.52973,52.56984
1,1400942,2019,8,15,7,3,5,3,0,1,0,0,1,0,0,0,13.34419,52.54616
1,1200522,2019,8,22,1,3,5,3,2,1,0,0,1,0,0,0,13.33484,52.52461
1,1100313,2019,8,14,7,3,0,1,0,0,0,0,1,0,0,0,13.41999,52.50818
6,6100209,2019,8,19,1,3,0,2,0,1,1,0,0,0,0,0,13.3351,52.46269
1,1300733,2019,8,13,7,3,5,3,0,1,1,0,0,0,0,0,13.3915,52.55031
1,1100101,2019,8,18,1,3,1,5,0,1,1,0,0,0,0,0,13.3424,52.50488
8,8200832,2019,8,13,7,3,6,4,0,1,0,1,0,0,0,0,13.42707,52.42063
4,4501043,2019,8,13,7,3,2,6,0,0,1,0,0,0,0,0,13.31512,52.49078
5,5100208,2019,8,17,1,3,5,2,0,0,1,0,1,0,0,0,13.15351,52.5534
12,12500927,2019,8,17,1,3,0,1,0,0,0,0,1,0,0,0,13.31728,52.59402
2,2100102,2019,8,13,7,3,1,5,0,1,1,0,0,0,0,0,13.39687,52.50509
8,8200624,2019,8,13,7,3,2,6,0,0,1,0,0,0,0,0,13.43505,52.45039
6,6300528,2019,8,17,1,3,2,6,0,0,1,0,1,0,0,0,13.26735,52.40923
1,1401044,2019,8,13,7,3,1,6,0,0,1,0,0,0,0,0,13.38185,52.55592
6,6100103,2019,8,15,1,3,5,3,0,0,1,0,1,0,0,0,13.31826,52.46623
1,1300733,2019,8,12,7,3,2,6,0,0,1,0,0,0,0,0,13.38378,52.55125
2,2300316,2019,8,12,7,3,2,6,0,0,1,0,0,0,0,0,13.43316,52.50524
9,9200512,2019,8,14,1,3,1,6,0,0,1,0,1,0,0,0,13.5407,52.45833
8,8100310,2019,8,11,7,3,3,6,0,1,1,0,0,0,0,0,13.43405,52.48479
12,12601236,2019,8,10,7,3,2,2,0,0,1,0,1,0,0,0,13.34688,52.59692
4,4200310,2019,8,14,1,3,3,6,0,0,1,0,1,0,0,0,13.26244,52.5154
2,3601453,2019,8,9,7,3,1,6,0,1,1,0,0,0,0,0,13.46952,52.52071
1,1100205,2019,8,14,1,3,6,2,0,1,0,1,0,0,0,0,13.38415,52.51009
3,3400830,2019,8,8,7,3,1,5,0,1,1,0,0,0,0,0,13.41476,52.56649
9,9100305,2019,8,7,7,2,5,2,0,0,1,0,0,0,0,0,13.4913,52.46909
10,10100207,2019,8,21,1,2,0,1,2,1,0,0,0,0,0,0,13.57626,52.55202
1,1100311,2019,8,11,1,3,5,7,0,0,1,0,0,0,1,0,13.42346,52.52381
1,1100102,2019,8,4,7,3,8,1,2,0,1,0,0,0,0,0,13.3702,52.51666
7,7601236,2019,8,12,7,3,6,7,0,0,1,1,0,0,0,0,13.34809,52.41495
2,2400521,2019,8,10,1,3,5,2,0,0,1,0,0,0,0,0,13.44063,52.5171
2,2300314,2019,8,0,7,2,6,4,2,1,0,1,0,0,0,0,13.42393,52.50154
12,12200515,2019,8,3,1,3,0,1,2,1,0,0,0,0,0,0,13.27964,52.5853
5,5100316,2019,8,0,1,3,5,3,2,1,1,0,0,0,0,0,13.19977,52.53455
4,4300416,2019,8,13,7,3,5,2,0,1,1,0,0,0,0,0,13.30218,52.50683
7,7400927,2019,8,18,6,3,5,3,0,1,0,0,0,0,0,0,13.41198,52.46429
11,11300724,2019,8,22,7,2,0,1,2,1,0,0,0,0,0,0,13.49647,52.51416
4,4501042,2019,8,23,6,3,6,7,2,0,1,1,0,0,0,0,13.32975,52.50355
2,2200212,2019,8,22,7,3,2,7,2,1,1,0,0,0,0,0,13.42385,52.49035
8,8100207,2019,8,21,6,2,5,3,2,1,1,0,0,0,0,0,13.43266,52.47835
11,11501238,2019,8,10,7,3,0,7,0,1,0,0,0,0,0,0,13.48049,52.49925
3,3601449,2019,8,19,6,3,5,3,0,1,1,0,0,0,0,0,13.45337,52.54207
7,7100206,2019,8,18,7,3,5,3,0,0,1,0,0,0,0,0,13.36382,52.49733
4,4200308,2019,8,19,6,3,5,3,0,1,1,0,0,0,0,0,13.27375,52.51462
12,12200411,2019,8,18,7,3,2,6,0,0,1,0,0,0,0,0,13.32599,52.56145
6,6200423,2019,8,18,6,3,5,3,0,1,1,0,0,0,0,0,13.32538,52.41391
1,1100205,2019,8,17,7,3,5,2,0,1,1,0,0,0,0,0,13.38328,52.51142
3,3601245,2019,8,17,6,3,5,5,0,0,1,0,1,0,0,0,13.43843,52.54441
2,2300314,2019,8,23,7,3,1,5,2,1,1,0,0,0,0,0,13.41899,52.50086
4,4300416,2019,8,17,6,2,5,3,0,1,1,0,0,0,0,0,13.30282,52.5055
4,4300623,2019,8,17,6,2,0,7,0,1,0,0,0,0,0,0,13.30385,52.50559
5,5300735,2019,8,18,7,3,0,6,0,0,1,0,1,0,0,0,13.21303,52.53859
7,7100102,2019,8,16,6,3,5,2,0,0,1,0,1,0,0,0,13.34592,52.49887
7,7400822,2019,8,17,7,3,5,3,0,1,1,0,0,0,0,0,13.36705,52.45579
3,3100103,2019,8,13,6,3,4,6,0,0,1,0,0,0,0,0,13.50783,52.62665
1,1100310,2019,8,9,6,3,3,6,0,0,1,0,0,0,1,0,13.40617,52.51797
10,10300734,2019,8,15,7,3,0,7,0,1,0,0,0,0,0,0,13.5655,52.49317
1,1401047,2019,8,15,6,3,0,7,0,0,0,0,1,0,0,0,13.36162,52.54477
5,5100313,2019,8,23,7,3,2,6,2,0,1,0,0,0,0,0,13.20795,52.55388
4,4300416,2019,8,15,6,3,1,5,0,1,1,0,0,0,0,0,13.29723,52.50685
8,8100104,2019,8,21,7,3,3,6,2,0,1,0,1,0,0,0,13.43082,52.46835
12,12500930,2019,8,15,6,3,2,6,0,0,1,0,1,0,0,0,13.3161,52.57845
5,5100314,2019,8,19,7,3,6,4,1,0,1,1,0,0,0,0,13.20608,52.54069
12,12100206,2019,8,14,6,3,5,2,0,1,0,0,0,0,1,0,13.34593,52.5745
1,1100102,2019,8,13,6,3,5,3,0,1,1,0,0,0,0,0,13.35233,52.51584
5,5200632,2019,8,15,7,3,2,2,0,0,1,0,0,0,0,0,13.21573,52.52682
1,1300835,2019,8,19,7,2,0,7,0,1,0,0,0,0,0,0,13.38527,52.5353
7,7400823,2019,8,13,6,3,5,7,0,0,1,0,0,0,0,0,13.37486,52.46866
9,9200717,2019,8,14,7,3,5,3,0,1,1,0,0,0,0,0,13.54955,52.43829
8,8200727,2019,8,13,6,3,5,2,0,1,1,0,0,0,0,0,13.43429,52.44624
3,3400830,2019,8,14,7,3,2,3,0,0,1,0,0,0,0,0,13.41831,52.56896
4,4300623,2019,8,13,6,3,2,6,0,0,1,0,0,0,0,0,13.30982,52.50658
4,4300518,2019,8,12,6,3,5,2,0,1,1,0,0,0,0,0,13.30621,52.52112
9,9401534,2019,8,13,7,3,2,6,0,0,1,0,0,0,0,0,13.57753,52.44408
8,8301037,2019,8,13,7,3,5,2,0,0,1,0,0,0,0,0,13.46205,52.42251
9,9100306,2019,8,12,6,3,5,3,0,1,0,0,0,0,1,0,13.49244,52.44991
3,3400723,2019,8,11,6,3,0,3,0,1,0,0,0,0,1,0,13.41873,52.57259
9,9501941,2019,8,12,7,3,5,3,0,1,0,0,0,0,0,0,13.57225,52.45079
5,5200420,2019,8,11,6,3,0,3,0,0,1,0,1,0,0,0,13.17918,52.53385
7,7300619,2019,8,11,7,3,5,2,0,1,1,0,0,0,0,0,13.33855,52.46669
7,7501030,2019,8,9,6,3,1,5,0,1,1,0,0,0,0,0,13.37909,52.44796
1,1100207,2019,8,9,6,3,5,3,0,1,1,0,0,0,0,0,13.40041,52.50943
9,9401635,2019,8,11,7,2,8,1,0,0,0,0,1,0,0,0,13.67219,52.41825
8,8100417,2019,8,9,6,3,2,6,0,0,1,0,0,0,0,0,13.4398,52.47591
4,4501042,2019,8,6,7,2,8,7,0,0,1,0,0,0,0,1,13.33364,52.50698
12,12400616,2019,8,8,6,3,5,2,0,1,1,0,0,0,0,0,13.22707,52.58465
2,2300417,2019,8,12,7,3,5,3,0,0,1,0,0,0,0,0,13.42772,52.49627
8,8200832,2019,8,8,6,3,6,4,0,0,1,1,0,0,0,0,13.43013,52.42148
8,8100208,2019,8,16,7,3,5,3,0,1,1,0,0,0,0,0,13.43458,52.47251
1,1300730,2019,8,8,6,3,5,2,0,1,1,0,0,0,0,0,13.39096,52.5633
7,7601442,2019,8,7,6,3,1,5,0,0,1,0,0,1,0,0,13.40149,52.3964
3,3601451,2019,8,3,6,3,6,4,2,0,1,1,0,0,0,0,13.43639,52.53886
7,7200307,2019,8,15,6,3,5,3,0,0,1,0,0,0,0,0,13.34505,52.489
2,2400521,2019,8,7,6,3,5,2,0,1,1,0,0,0,0,0,13.42396,52.51343
7,7400927,2019,8,9,6,3,6,4,0,0,1,1,0,0,0,0,13.3955,52.46541
6,6100207,2019,8,19,6,3,5,3,0,0,1,0,1,0,0,0,13.32819,52.45427
9,9501737,2019,8,16,6,2,5,7,0,0,1,0,1,0,0,0,13.62428,52.44795
2,2300316,2019,8,13,6,3,0,2,0,1,0,0,0,0,1,0,13.43797,52.5002
1,1100312,2019,8,16,6,2,1,5,0,0,1,0,0,0,1,0,13.41332,52.51336
1,1100309,2019,8,1,6,3,0,1,2,0,0,0,0,0,1,0,13.40847,52.52907
1,1300730,2019,8,13,6,2,5,2,0,0,1,0,0,0,0,0,13.36983,52.55973
9,9501941,2019,8,20,6,3,0,6,1,1,0,0,0,0,1,0,13.57163,52.44472
3,3701659,2019,8,8,6,3,0,6,0,0,0,0,1,0,0,0,13.42804,52.53354
3,3400830,2019,8,20,6,3,5,2,1,1,1,0,0,0,0,0,13.41092,52.56118
1,1200626,2019,8,8,6,2,5,3,0,1,0,0,0,0,0,0,13.34854,52.52201
9,9200715,2019,8,17,6,3,5,2,0,1,1,0,0,0,0,0,13.54691,52.43152
11,11501238,2019,8,11,6,3,0,6,0,0,1,0,0,0,0,0,13.48075,52.49918
6,6300632,2019,8,9,6,2,1,5,0,1,1,0,0,0,0,0,13.28239,52.42233
8,8200730,2019,8,19,6,2,0,2,0,0,1,0,0,0,1,0,13.43491,52.44031
4,4300414,2019,8,4,6,3,1,5,2,1,1,0,0,0,0,0,13.29621,52.51638
6,6100102,2019,8,19,6,2,6,4,0,1,0,1,0,0,0,0,13.31831,52.46178
1,1100415,2019,8,9,5,3,5,2,0,1,1,0,0,0,0,0,13.3851,52.53245
8,8100314,2019,8,18,6,3,2,6,0,1,1,0,0,0,0,0,13.43884,52.48141
1,1401044,2019,8,21,5,3,1,5,2,1,1,0,0,0,0,0,13.36333,52.54891
12,12100102,2019,8,18,6,3,1,5,0,1,1,0,0,0,0,0,13.3686,52.56859
12,12400721,2019,8,19,5,3,3,6,1,1,1,0,0,0,0,0,13.27848,52.63602
11,11300620,2019,8,18,5,3,5,3,0,1,0,0,0,0,0,0,13.47881,52.52834
2,2200212,2019,8,18,6,3,6,4,0,1,0,1,0,0,0,0,13.41573,52.49117
1,1100312,2019,8,17,6,3,1,5,0,1,0,0,0,0,1,0,13.41186,52.50507
7,7400927,2019,8,18,5,3,5,2,0,1,1,0,0,0,0,0,13.4021,52.4634
1,1100102,2019,8,18,5,3,2,6,0,0,1,0,0,0,0,0,13.37164,52.51119
7,7200308,2019,8,16,6,2,5,2,0,1,1,0,0,0,0,0,13.33516,52.47129
1,1100205,2019,8,17,5,3,5,3,0,1,0,0,0,0,1,0,13.38133,52.51201
4,4501153,2019,8,16,6,3,5,2,0,1,0,0,0,0,1,0,13.33067,52.48722
9,9300920,2019,8,19,5,3,5,3,0,0,1,0,1,0,0,0,13.53673,52.41294
1,1200522,2019,8,17,5,3,6,4,0,0,1,1,0,0,0,0,13.34139,52.52555
1,1100102,2019,8,22,6,3,2,2,2,1,1,0,0,0,0,0,13.37182,52.50926
4,4501150,2019,8,15,5,3,0,7,0,1,0,0,0,0,0,0,13.32254,52.48658
1,1100207,2019,8,15,5,3,5,3,0,1,1,0,0,0,0,0,13.39182,52.50957
9,9301025,2019,8,16,6,2,5,2,0,1,1,0,0,0,0,0,13.5442,52.3994
3,3400723,2019,8,15,5,3,5,3,0,1,0,0,0,0,0,0,13.41663,52.57063
6,6200313,2019,8,14,5,3,3,2,0,0,1,0,1,0,0,0,13.35411,52.4384
5,5300737,2019,8,22,6,3,5,2,2,1,1,0,0,0,0,0,13.24704,52.54415
7,7100102,2019,8,14,5,3,3,5,0,1,1,0,0,0,0,0,13.346,52.49667
4,4400832,2019,8,22,6,2,5,2,2,1,1,0,0,0,0,0,13.29857,52.47246
3,3400723,2019,8,14,5,3,5,2,0,1,1,0,0,0,0,0,13.40895,52.57104
4,4501041,2019,8,21,6,3,5,2,1,1,1,0,0,0,0,0,13.31651,52.49947
2,2300316,2019,8,14,5,3,4,7,0,1,0,0,0,0,0,0,13.43375,52.49958
11,11300724,2019,8,20,6,3,0,2,1,1,1,0,0,0,0,0,13.48596,52.52077
5,5300841,2019,8,14,5,3,5,3,0,1,1,0,0,0,0,0,13.26912,52.53777
5,5400943,2019,8,14,5,3,5,2,0,1,1,0,0,0,0,0,13.13375,52.46163
8,8100102,2019,8,16,6,2,3,6,0,0,1,0,1,0,0,0,13.42795,52.47377
1,1100207,2019,8,16,6,3,5,3,0,0,1,0,0,0,1,0,13.39029,52.50859
4,4300619,2019,8,13,5,3,0,2,0,0,1,0,0,0,1,0,13.31524,52.5148
8,8401139,2019,8,14,5,2,2,6,0,0,1,0,0,0,0,0,13.46209,52.43255
12,12500824,2019,8,15,6,3,5,2,0,0,1,0,1,0,0,0,13.29159,52.596
1,1100207,2019,8,12,5,3,5,3,0,1,0,0,0,0,0,0,13.40004,52.51206
1,1400938,2019,8,15,6,3,5,2,0,1,1,0,0,0,0,0,13.33324,52.56093
9,9100409,2019,8,12,5,3,5,3,0,0,1,0,0,0,0,0,13.49786,52.43372
5,5100317,2019,8,12,6,3,2,6,0,0,1,0,0,0,0,0,13.22884,52.52832
12,12200411,2019,8,10,5,3,0,6,0,0,1,0,1,0,0,0,13.33111,52.56236
5,5100211,2019,8,11,6,3,5,3,0,1,1,0,0,0,0,0,13.17321,52.54947
7,7400927,2019,8,10,5,3,0,7,0,0,1,0,0,0,1,0,13.39407,52.45684
1,1300834,2019,8,11,6,3,2,6,0,0,1,0,0,0,0,0,13.39095,52.5449
3,3400830,2019,8,13,1,3,5,3,0,0,1,0,0,0,0,0,13.41964,52.55617
9,9501838,2019,9,8,2,3,5,3,0,0,1,0,0,0,0,1,13.69943,52.43586
12,12500825,2019,9,7,2,3,5,3,0,0,1,0,0,0,1,1,13.30927,52.57872
8,8100310,2019,9,7,2,3,5,3,0,0,1,0,0,0,0,1,13.426,52.49138
7,7501030,2019,9,6,2,3,2,2,2,0,1,0,0,0,1,1,13.37965,52.44472
8,8301037,2019,9,14,2,3,6,2,0,0,1,1,0,0,0,1,13.4681,52.42785
11,11501238,2019,9,6,2,3,5,2,1,1,1,0,0,0,0,1,13.48078,52.49911
4,4100101,2019,9,5,2,3,2,6,0,0,1,0,0,0,0,1,13.32621,52.5381
9,9501941,2019,9,18,2,3,5,3,0,1,1,0,0,0,0,1,13.57523,52.45385
4,4300412,2019,9,22,1,3,5,3,2,1,1,0,0,0,0,0,13.29941,52.5197
1,1300836,2019,9,3,1,3,1,5,2,0,1,0,0,0,0,0,13.37629,52.54615
8,8100207,2019,9,21,1,3,1,5,2,0,1,0,0,0,0,0,13.43437,52.47643
8,8100207,2019,9,21,1,2,6,7,2,1,0,1,0,0,0,0,13.4311,52.47815
7,7601238,2019,9,21,1,3,1,5,2,0,1,0,0,0,0,0,13.38864,52.42068
7,7400823,2019,9,18,1,3,2,7,0,0,1,0,1,0,0,0,13.37065,52.45568
7,7501134,2019,9,14,1,3,1,5,0,0,1,0,0,0,1,0,13.40211,52.43156
8,8100207,2019,9,2,1,2,0,1,2,1,0,0,0,0,0,0,13.4347,52.47861
2,2500833,2019,9,1,1,3,0,7,2,0,0,0,0,0,1,0,13.45651,52.50758
12,12400723,2019,9,0,1,2,0,1,2,1,0,0,0,0,0,0,13.30943,52.62179
2,2300314,2019,9,0,1,3,2,7,2,1,1,0,0,0,0,1,13.41958,52.50168
4,4300619,2019,9,0,1,3,5,3,2,0,1,0,0,0,0,0,13.3166,52.51624
12,12200414,2019,9,13,1,3,2,6,0,0,1,0,0,0,0,0,13.29423,52.55174
1,1100102,2019,9,13,1,3,0,7,0,0,0,0,0,0,1,0,13.36352,52.50985
8,8100104,2019,9,0,1,3,3,6,2,1,1,0,0,0,0,0,13.43214,52.46607
1,1400940,2019,9,11,1,3,5,2,0,0,1,0,0,0,0,0,13.35121,52.55832
7,7601442,2019,9,11,1,3,2,2,0,0,1,0,0,0,0,0,13.39275,52.41271
3,3300413,2019,9,11,1,3,5,3,0,0,1,0,0,0,0,0,13.4729,52.61689
11,11501339,2019,9,10,1,3,0,3,0,1,0,0,0,0,1,0,13.526,52.49347
8,8100208,2019,9,21,7,3,5,3,2,1,1,0,0,0,0,0,13.43573,52.469
4,4300619,2019,9,23,7,2,0,1,2,0,0,0,0,0,1,0,13.30595,52.52032
3,3400830,2019,9,23,7,2,5,3,2,0,1,0,0,0,0,0,13.42223,52.5599
6,6400838,2019,9,22,7,3,0,1,2,0,0,0,1,0,0,1,13.23216,52.43745
1,1400942,2019,9,17,7,3,6,4,0,0,1,1,0,0,0,0,13.3553,52.54644
6,6300525,2019,9,14,7,3,5,3,0,0,1,0,1,0,0,0,13.25032,52.41856
9,9501736,2019,9,16,7,3,5,3,0,1,1,0,0,0,0,0,13.59988,52.45222
5,5100101,2019,9,16,7,2,4,6,0,0,1,0,1,0,0,0,13.21099,52.56802
10,10300734,2019,9,16,7,3,2,6,0,0,1,0,0,0,0,0,13.56095,52.49224
8,8200730,2019,9,15,7,2,5,2,0,0,1,0,0,0,1,0,13.4348,52.44037
10,10400836,2019,9,15,7,3,5,2,0,0,1,0,1,0,0,0,13.59165,52.51117
8,8200725,2019,9,14,7,3,5,3,0,0,1,0,0,0,0,0,13.41587,52.43998
4,4300414,2019,9,14,7,3,0,1,0,0,0,0,1,0,0,0,13.29715,52.51221
3,3701554,2019,9,14,7,3,6,4,0,1,0,1,0,0,0,0,13.40853,52.53743
3,3500936,2019,9,14,7,3,1,1,0,1,1,0,0,0,0,0,13.45961,52.54779
4,4500936,2019,9,14,7,3,2,6,0,0,1,0,0,0,0,0,13.30601,52.49973
9,9200717,2019,9,11,7,3,0,1,0,1,0,0,0,0,0,0,13.54877,52.43816
1,1100415,2019,9,10,7,3,1,1,0,1,1,0,0,0,0,0,13.39149,52.53193
7,7200308,2019,9,9,7,3,5,3,0,1,1,0,0,0,0,0,13.32887,52.47159
8,8401245,2019,9,14,7,3,6,7,0,0,1,1,0,0,0,0,13.50774,52.40567
2,2200209,2019,9,1,7,3,1,5,2,1,1,0,0,0,1,0,13.38547,52.49006
2,2200211,2019,9,22,6,3,1,1,2,0,1,0,0,0,1,0,13.39442,52.48795
2,2100104,2019,9,21,6,3,0,1,2,1,0,0,0,0,0,0,13.40873,52.50421
2,2500835,2019,9,21,6,3,5,2,2,1,1,0,0,0,0,0,13.46118,52.50087
3,3100101,2019,9,20,6,2,5,2,2,0,1,0,1,0,0,0,13.4913,52.63768
3,3601142,2019,9,11,6,3,5,3,0,1,1,0,0,0,0,0,13.41282,52.54439