BEZ,LOR_ab_2021,UJAHR,UMONAT,USTUNDE,UWOCHENTAG,UKATEGORIE,UART,UTYP1,ULICHTVERH,IstRad,IstPKW,IstFuss,IstKrad,IstGkfz,IstSonstige,USTRZUSTAND,XGCSWGS84,YGCSWGS84
1,1100206,2019,9,11,6,2,6,2,0,0,1,1,0,0,0,0,13.39122,52.51402
4,4501153,2019,9,11,6,3,3,6,0,0,1,0,1,0,0,0,13.32966,52.48182
1,1400940,2019,9,10,6,3,2,6,0,0,1,0,0,0,0,0,13.35072,52.55805
7,7501032,2019,9,19,6,3,1,5,2,0,1,0,0,0,1,0,13.41327,52.45185
1,1100205,2019,9,15,6,2,0,1,0,0,0,0,0,0,1,0,13.37745,52.50826
1,1100313,2019,9,9,6,3,2,2,0,0,0,0,1,1,0,0,13.42223,52.50543
2,2200211,2019,9,19,6,3,6,4,1,0,1,1,0,0,0,0,13.39659,52.48932
9,9100409,2019,9,19,6,3,5,2,1,1,1,0,0,0,0,0,13.50403,52.43675
1,1100309,2019,9,8,6,3,2,2,0,1,1,0,0,0,0,0,13.40997,52.52859
1,1200517,2019,9,14,6,3,2,6,0,0,1,0,0,0,0,0,13.32961,52.53912
1,1401044,2019,9,8,6,3,3,6,0,0,1,0,1,0,0,0,13.37747,52.55657
1,1100313,2019,9,14,6,3,1,7,0,1,1,0,0,0,0,0,13.42304,52.50927
2,2400521,2019,9,8,6,3,0,7,0,0,0,0,0,1,0,0,13.43081,52.51192
11,11300721,2019,9,18,6,2,6,4,0,0,1,1,0,0,0,0,13.50006,52.53088
8,8200832,2019,9,7,6,2,6,4,0,0,1,1,0,0,0,0,13.41969,52.41602
4,4300620,2019,9,14,6,3,5,3,0,1,1,0,0,0,0,0,13.32258,52.52117
8,8100104,2019,9,18,6,3,1,5,0,0,1,0,0,0,0,0,13.42256,52.46279
1,1401049,2019,9,14,6,3,2,6,0,0,1,0,0,0,0,0,13.37078,52.5568
9,9200512,2019,9,6,6,3,5,3,0,0,1,0,0,0,0,0,13.51913,52.4644
7,7100101,2019,9,16,6,3,2,2,0,1,1,0,0,0,0,0,13.34059,52.50247
4,4400728,2019,9,13,6,3,5,2,0,1,1,0,0,0,0,0,13.2808,52.47681
10,10300734,2019,9,12,6,3,2,6,0,0,1,0,0,0,0,0,13.56049,52.48798
3,3500933,2019,9,16,6,3,5,2,0,1,1,0,0,0,0,0,13.46056,52.55954
5,5200632,2019,9,12,6,2,5,2,0,0,1,0,0,0,0,0,13.21138,52.52732
1,1300733,2019,9,16,6,3,9,1,0,0,1,1,0,0,0,0,13.38417,52.55591
12,12200310,2019,9,12,6,3,2,6,0,0,1,0,0,0,1,0,13.31022,52.56796
1,1400942,2019,9,16,6,3,5,2,0,1,1,0,0,0,0,0,13.34411,52.54604
10,10200421,2019,9,12,6,3,2,2,0,0,1,0,1,0,0,0,13.60248,52.53852
4,4200311,2019,9,11,6,2,3,6,0,0,1,0,1,0,0,0,13.28143,52.51359
1,1100416,2019,9,15,6,3,0,1,0,1,0,0,0,0,0,0,13.40501,52.53388
4,4500936,2019,9,15,6,2,5,2,0,1,1,0,0,0,0,0,13.30384,52.49937
4,4300622,2019,9,12,6,3,5,2,0,1,0,0,0,1,0,0,13.32772,52.50482
1,1100415,2019,9,19,6,1,9,7,1,0,1,1,0,0,1,0,13.39594,52.53247
4,4400834,2019,9,6,5,2,0,7,0,1,1,0,0,0,0,0,13.31151,52.47958
1,1100313,2019,9,4,5,2,6,2,2,0,1,1,0,0,0,1,13.41663,52.51096
7,7400927,2019,9,22,5,3,5,2,2,0,1,0,0,0,0,0,13.4001,52.45913
2,2200210,2019,9,20,5,3,2,6,2,0,1,0,0,0,0,0,13.39503,52.49644
6,6400844,2019,9,20,5,3,5,2,2,1,1,0,0,0,0,0,13.27428,52.45894
12,12200414,2019,9,18,5,2,0,7,0,1,0,0,0,0,0,0,13.29627,52.57717
10,10300734,2019,9,18,5,2,5,3,0,0,1,0,0,0,0,0,13.56483,52.49314
3,3701660,2019,9,21,5,3,5,3,2,1,1,0,0,0,0,0,13.43767,52.52952
6,6200313,2019,9,10,5,3,5,2,0,1,1,0,0,0,0,0,13.34358,52.43919
1,1200520,2019,9,17,5,3,5,3,0,1,0,0,0,0,0,1,13.33914,52.5266
10,10300734,2019,9,17,5,3,2,6,0,0,1,0,0,0,0,0,13.56338,52.49629
1,1401047,2019,9,12,5,3,2,6,0,0,1,0,0,0,0,0,13.35718,52.54526
12,12100205,2019,9,11,5,3,5,2,0,1,1,0,0,0,0,0,13.34772,52.57424
3,3601142,2019,9,11,5,3,5,2,0,1,1,0,0,0,0,0,13.41208,52.54314
3,3200206,2019,9,9,5,3,5,3,0,1,1,0,0,0,0,0,13.39733,52.58005
10,10100313,2019,9,9,5,3,2,6,0,0,1,0,0,1,0,0,13.54408,52.54103
4,4200311,2019,9,8,5,3,3,6,0,0,1,0,0,0,0,0,13.27602,52.50738
6,6300631,2019,9,8,5,3,2,6,0,0,1,0,0,1,0,0,13.29823,52.42183
7,7400928,2019,9,8,5,3,5,2,0,1,1,0,0,0,0,0,13.42039,52.46172
3,3400619,2019,9,8,5,3,0,2,0,1,1,0,0,0,0,0,13.38413,52.59116
9,9100409,2019,9,8,5,3,0,2,0,0,1,0,1,0,0,1,13.51051,52.44457
5,5300737,2019,9,8,5,2,5,3,0,1,0,0,0,0,1,0,13.24803,52.54561
4,4200207,2019,9,17,5,3,0,5,0,0,0,0,1,0,1,0,13.27009,52.49709
8,8200831,2019,9,17,5,3,5,3,0,0,1,0,0,0,0,0,13.41051,52.41404
12,12400618,2019,9,17,5,3,5,2,0,1,1,0,0,0,0,0,13.24423,52.61495
4,4501150,2019,9,17,5,2,6,7,0,0,1,1,0,0,0,0,13.32482,52.48648
4,4500936,2019,9,17,5,3,5,3,0,0,1,0,0,0,0,0,13.30383,52.49927
5,5400942,2019,9,16,5,2,0,1,0,1,0,0,0,0,0,0,13.18097,52.48843
5,5400943,2019,9,7,5,3,5,3,0,1,1,0,0,0,0,0,13.13354,52.46157
4,4501042,2019,9,15,5,3,6,4,0,0,1,1,0,0,0,0,13.33882,52.50344
9,9401431,2019,9,7,5,2,6,4,0,0,1,1,0,0,0,0,13.58651,52.44493
5,5100314,2019,9,15,6,2,5,3,0,0,1,0,1,0,0,0,13.20489,52.54413
10,10200421,2019,9,15,5,3,6,2,0,0,1,1,0,0,0,0,13.60475,52.53655
1,1200520,2019,9,15,6,3,1,5,0,1,1,0,0,0,0,0,13.34,52.52633
6,6400735,2019,9,15,6,3,5,3,0,1,1,0,0,0,0,0,13.15206,52.41503
9,9200512,2019,9,7,5,3,0,1,0,0,0,0,1,0,0,1,13.55018,52.45643
1,1300733,2019,9,15,5,3,5,2,0,1,1,0,0,0,0,0,13.38628,52.55339
1,1100311,2019,9,21,6,3,2,6,2,0,1,0,0,0,0,0,13.41869,52.51529
4,4300517,2019,9,15,5,3,5,3,0,0,1,0,0,0,0,0,13.30081,52.52739
10,10200525,2019,9,6,5,3,5,3,1,0,1,0,0,0,0,1,13.61438,52.53023
4,4501146,2019,9,7,5,3,5,2,0,1,1,0,0,0,0,1,13.32033,52.48385
6,6100102,2019,9,11,5,3,0,1,0,1,0,0,0,0,0,0,13.32426,52.46066
2,2200211,2019,9,14,5,3,5,5,0,1,1,0,0,0,0,0,13.3944,52.48694
6,6400844,2019,9,16,5,3,5,2,0,1,1,0,0,0,0,0,13.27494,52.46036
6,6400838,2019,9,15,5,3,6,4,0,1,0,1,0,0,0,0,13.23175,52.43709
6,6300528,2019,9,6,5,2,2,7,0,0,1,0,0,0,1,1,13.26481,52.41927
7,7200307,2019,9,16,5,3,2,2,0,1,1,0,0,0,0,0,13.34363,52.48886
7,7200411,2019,9,14,5,3,5,7,0,0,0,0,1,0,1,0,13.35339,52.48923
1,1100311,2019,9,16,5,3,0,5,0,0,1,0,1,0,0,0,13.41536,52.51856
7,7100206,2019,9,14,5,3,5,3,0,1,1,0,0,0,0,0,13.36559,52.49379
4,4300619,2019,9,16,5,2,5,2,0,0,1,0,0,0,1,0,13.30234,52.51884
9,9100407,2019,9,14,5,3,0,2,0,0,1,0,1,0,0,0,13.50878,52.45247
7,7400822,2019,9,15,5,3,0,6,0,0,1,0,0,0,1,0,13.37061,52.4705
12,12200414,2019,9,15,5,3,2,2,0,0,1,0,1,0,0,0,13.29454,52.57628
4,4200308,2019,9,6,5,3,0,1,0,0,0,0,1,0,0,1,13.27907,52.52548
12,12500927,2019,9,6,5,3,5,3,0,0,1,0,1,0,0,1,13.31812,52.58935
5,5100314,2019,9,15,5,3,1,5,0,1,1,0,0,0,0,0,13.20086,52.54967
11,11300619,2019,9,15,5,3,1,5,0,0,1,0,0,0,0,0,13.4653,52.52434
12,12100101,2019,9,6,5,2,0,3,1,0,1,0,1,0,0,1,13.37369,52.56337
3,3100103,2019,9,14,5,3,5,3,0,0,1,0,0,0,0,0,13.49808,52.62828
8,8200727,2019,9,18,5,2,0,7,1,0,0,0,1,0,0,1,13.43346,52.44408
11,11400931,2019,9,14,5,2,6,4,0,1,0,1,0,0,0,0,13.49548,52.5053
2,2400625,2019,9,13,5,3,5,3,0,1,0,0,0,0,1,0,13.44684,52.50272
11,11300721,2019,9,13,5,2,5,3,0,1,1,0,0,0,0,0,13.49995,52.52919
12,12400723,2019,9,14,5,3,5,3,0,1,1,0,0,0,0,0,13.31522,52.61317
1,1401049,2019,9,13,5,3,2,6,0,0,1,0,0,0,0,0,13.3584,52.55399
12,12200411,2019,9,11,5,3,3,6,0,0,1,0,0,1,0,0,13.32915,52.56332
2,2400521,2019,9,11,5,3,2,6,0,1,0,0,0,0,0,0,13.43043,52.51041
4,4500938,2019,9,23,5,2,5,7,2,0,1,0,0,0,0,0,13.28772,52.49615
1,1200522,2019,9,14,5,3,6,4,0,0,0,1,0,0,1,0,13.34108,52.52558
10,10200421,2019,9,15,5,3,5,3,0,1,1,0,0,0,0,0,13.60165,52.53846
2,2400521,2019,9,12,4,3,2,6,0,1,1,0,0,0,0,0,13.43404,52.52297
2,2100102,2019,9,20,5,3,5,3,2,0,1,0,0,0,0,0,13.39439,52.50701
1,3701554,2019,9,14,4,3,3,3,0,1,1,0,0,0,0,0,13.40989,52.52898
3,3400830,2019,9,19,5,3,0,4,2,0,0,1,1,0,0,0,13.41818,52.55424
7,7200307,2019,9,18,5,2,3,6,0,0,1,0,0,0,0,0,13.34494,52.48731
1,1100309,2019,9,20,4,3,3,6,2,0,1,0,0,0,0,0,13.40047,52.52959
1,1401047,2019,9,19,4,3,5,2,0,1,1,0,0,0,0,0,13.34491,52.53906
4,4500938,2019,9,18,5,3,5,3,0,0,1,0,0,0,0,0,13.28673,52.49587
5,5200527,2019,9,18,5,2,5,3,0,1,1,0,0,0,0,0,13.17268,52.52197
7,7501032,2019,9,19,4,2,1,5,0,0,1,0,0,0,0,0,13.41273,52.45192
6,6300528,2019,9,17,5,2,5,2,0,0,1,0,1,0,0,0,13.26691,52.41212
1,1100309,2019,9,18,4,3,1,5,0,1,0,0,0,1,1,0,13.39318,52.52491
12,12100102,2019,9,17,5,2,6,4,0,0,1,1,0,0,0,0,13.37727,52.57124
12,12100101,2019,9,18,4,3,2,6,0,0,1,0,0,0,0,0,13.37712,52.56108
4,4500938,2019,9,10,5,3,1,5,0,1,1,0,0,0,0,0,13.29553,52.49795
4,4300414,2019,9,18,4,3,1,5,0,0,1,0,0,0,0,0,13.30119,52.51411
4,4501150,2019,9,10,5,3,5,3,0,0,1,0,1,0,0,0,13.32237,52.48558
5,5200420,2019,9,10,5,3,5,3,0,0,1,0,1,0,0,1,13.17047,52.53366
8,8401243,2019,9,18,4,3,5,3,0,0,1,0,1,0,0,0,13.49607,52.41742
4,4501152,2019,9,18,4,3,2,6,0,0,1,0,0,0,0,0,13.33101,52.49297
1,1400938,2019,9,9,5,3,3,6,0,0,1,0,0,0,0,0,13.34518,52.55442
5,5100316,2019,9,18,4,3,3,6,0,0,0,0,1,0,1,0,13.2023,52.53994
3,3601449,2019,9,9,5,3,5,3,0,1,1,0,0,0,0,0,13.44588,52.54464
9,9200512,2019,9,17,4,3,5,2,0,0,1,0,1,0,0,0,13.52142,52.46641
4,4200308,2019,9,9,5,3,3,6,0,0,0,0,1,0,1,0,13.277,52.5187
1,1100313,2019,9,17,4,3,5,2,0,1,0,0,1,0,0,0,13.41783,52.50658
8,8200727,2019,9,7,5,3,2,7,0,1,1,0,0,0,0,0,13.44861,52.44035
3,3400618,2019,9,16,4,2,5,3,0,1,1,0,0,0,0,0,13.3696,52.59749
1,1100310,2019,9,8,5,3,5,3,0,1,0,0,1,0,0,1,13.41345,52.52528
2,2200208,2019,9,7,5,3,5,2,0,1,1,0,0,0,0,1,13.38977,52.49591
4,4500938,2019,9,16,4,3,2,3,0,1,1,0,0,0,0,0,13.29425,52.49772
12,12200411,2019,9,5,5,2,0,3,2,1,1,0,0,0,0,1,13.3304,52.56245
2,2100104,2019,9,16,4,3,1,5,0,1,1,0,0,0,0,0,13.41419,52.50268
1,1200629,2019,9,16,5,2,6,4,0,1,0,1,0,0,0,0,13.34326,52.51875
1,1100308,2019,9,8,4,3,3,6,0,1,1,0,0,0,0,0,13.3877,52.52362
8,8200725,2019,9,15,4,3,3,6,0,1,0,0,0,0,0,0,13.41955,52.44067
9,9200717,2019,9,15,4,3,0,3,0,1,0,0,0,0,1,0,13.55133,52.43682
6,6100101,2019,9,15,4,3,5,3,0,1,1,0,0,0,0,0,13.31549,52.45883
8,8100208,2019,9,16,4,3,2,2,0,1,0,0,0,0,1,0,13.43281,52.46882
1,1100207,2019,9,15,4,3,2,2,0,1,0,0,0,0,1,0,13.40259,52.51638
4,4100101,2019,9,21,4,3,2,6,2,0,1,0,0,0,0,0,13.32099,52.54471
9,9501737,2019,9,12,4,3,5,2,0,1,1,0,0,0,0,0,13.6248,52.45155
1,1100207,2019,9,21,4,3,5,3,2,0,1,0,0,0,0,0,13.39184,52.50957
5,5200528,2019,9,20,4,3,6,4,2,1,0,1,0,0,0,0,13.17728,52.51702
7,7200308,2019,9,11,4,3,6,2,0,0,1,1,0,0,0,0,13.33269,52.47245
1,1300836,2019,9,11,4,2,2,2,0,0,0,0,1,0,0,0,13.37316,52.54392
11,11300724,2019,9,20,4,3,5,2,2,0,1,0,1,0,0,0,13.4851,52.51585
1,1400938,2019,9,10,4,3,2,3,0,0,1,0,0,0,1,0,13.34109,52.54453
4,4400727,2019,9,20,4,2,6,4,2,0,1,1,0,0,0,0,13.28147,52.47705
9,9200613,2019,9,0,4,3,5,3,2,0,1,0,0,0,0,0,13.50359,52.46072
1,1300835,2019,9,19,4,3,1,5,2,0,1,0,0,0,0,0,13.39122,52.5404
9,9401432,2019,9,10,4,3,6,4,0,1,0,1,0,0,0,0,13.59387,52.44725
3,3300516,2019,9,19,4,3,5,2,1,0,1,0,0,0,0,0,13.43699,52.57198
3,3601142,2019,9,19,4,3,4,6,1,1,0,0,0,0,0,0,13.40535,52.54079
4,4400835,2019,9,10,4,3,0,5,0,0,1,0,1,0,0,0,13.31307,52.4777
3,3601142,2019,9,19,4,3,3,6,0,1,0,0,0,0,0,0,13.4058,52.54088
6,6200314,2019,9,15,4,3,5,3,0,1,0,0,0,0,1,0,13.33461,52.43196
2,2500833,2019,9,18,4,3,0,1,0,1,1,0,0,0,0,0,13.46138,52.51103
12,12200414,2019,9,10,4,2,5,2,0,0,1,0,0,0,0,0,13.29482,52.57627
5,5300840,2019,9,17,4,3,5,3,0,0,1,0,0,0,0,0,13.24981,52.53811
5,5300735,2019,9,14,4,3,5,2,0,1,0,0,0,0,1,0,13.2313,52.53823
11,11401032,2019,9,17,4,3,2,6,0,0,1,0,0,0,0,0,13.51886,52.51372
9,9501941,2019,9,9,4,3,5,3,0,1,1,0,0,0,0,0,13.57628,52.45456
4,4200311,2019,9,10,4,3,5,3,0,0,1,0,0,0,0,0,13.2798,52.50868
3,3601450,2019,9,17,4,3,5,2,0,1,1,0,0,0,0,0,13.45778,52.52903
7,7400823,2019,9,14,4,3,5,2,0,1,1,0,0,0,0,0,13.37801,52.46863
7,7400822,2019,9,16,4,3,5,3,0,0,1,0,0,0,1,0,13.37057,52.4689
4,4500938,2019,9,14,4,3,5,3,0,0,1,0,1,0,0,0,13.29961,52.49433
11,11200515,2019,9,16,4,3,2,6,0,0,1,0,0,0,0,0,13.51378,52.53949
6,6100101,2019,9,14,4,3,5,2,0,1,1,0,0,0,0,0,13.31559,52.45338
1,1100206,2019,9,7,4,3,5,2,0,1,0,0,1,0,0,0,13.40098,52.51836
9,9200510,2019,9,12,4,3,5,3,0,0,0,0,0,0,1,0,13.50677,52.46364
5,5100316,2019,9,9,4,3,0,2,0,0,1,0,0,0,1,0,13.20056,52.53779
8,8401241,2019,9,14,4,3,5,2,0,0,1,0,1,0,0,0,13.47378,52.43822
12,12400721,2019,9,12,4,3,1,5,0,1,1,0,0,0,0,0,13.29157,52.63386
6,6100210,2019,9,12,4,3,5,3,0,0,1,0,1,0,0,0,13.34236,52.45956
4,4501146,2019,9,10,4,2,5,2,0,1,0,0,0,0,1,0,13.32041,52.48365
2,2300417,2019,9,11,4,3,0,7,0,0,1,0,0,0,0,0,13.43003,52.49816
4,4400727,2019,9,13,4,2,6,4,0,0,0,1,1,0,0,0,13.29351,52.48417
9,9200510,2019,9,11,4,3,5,2,0,1,0,0,0,1,0,0,13.51353,52.46476
1,1401049,2019,9,10,4,3,1,5,0,1,1,0,0,0,1,0,13.36652,52.55689
10,10300731,2019,9,9,4,3,5,7,0,0,1,0,0,0,0,0,13.56386,52.51885
8,8100310,2019,9,10,4,3,5,2,0,1,1,0,0,0,0,0,13.42817,52.49343
4,4300621,2019,9,9,4,3,1,5,0,1,1,0,0,0,0,0,13.30711,52.51396
7,7200307,2019,9,12,4,3,5,2,0,0,1,0,0,0,0,0,13.34507,52.49226
1,1100102,2019,9,8,4,3,2,2,0,0,1,0,1,0,0,0,13.35001,52.51379
11,11400931,2019,9,8,4,3,5,2,0,1,1,0,0,0,0,0,13.51965,52.50587
11,11300619,2019,9,9,4,3,0,6,0,0,1,0,0,1,0,0,13.46471,52.53056
2,2400625,2019,9,8,4,3,5,2,0,1,1,0,0,0,0,0,13.44665,52.50281
7,7100102,2019,9,7,4,3,6,7,0,0,0,0,0,0,1,0,13.34721,52.49518
12,12500824,2019,9,7,4,3,5,2,0,1,1,0,0,0,0,0,13.29154,52.59602
9,9501838,2019,9,12,4,3,5,3,0,1,1,0,0,0,0,0,13.7187,52.43152
2,2100102,2019,9,7,4,3,3,6,0,1,1,0,0,0,0,0,13.39237,52.50711
4,4100101,2019,9,6,4,2,0,3,0,0,1,0,1,0,0,0,13.29732,52.548
12,12500930,2019,9,5,4,3,0,3,2,1,1,0,0,0,0,0,13.32997,52.58721
5,5100101,2019,9,5,4,3,0,7,1,0,0,0,1,0,0,0,13.20793,52.58332
9,9501941,2019,9,6,4,3,5,2,0,1,1,0,0,0,0,0,13.56708,52.45491
9,9401432,2019,9,14,4,3,0,2,0,0,1,0,0,0,1,0,13.59658,52.4415
5,5100101,2019,9,0,4,3,6,4,2,0,0,1,0,0,1,0,13.21136,52.56026
12,12200515,2019,9,16,4,3,9,1,0,0,1,0,0,0,0,0,13.28459,52.5888
12,12200411,2019,9,12,3,3,5,3,0,0,1,0,0,0,0,0,13.32262,52.56534
8,8100102,2019,9,15,4,3,5,2,0,1,1,0,0,0,0,0,13.42114,52.48014
11,11300724,2019,9,17,3,3,1,5,0,1,1,0,0,0,0,0,13.49824,52.51428
12,12200411,2019,9,15,4,3,3,6,0,0,1,0,1,0,0,0,13.32967,52.56237
4,4300412,2019,9,15,4,2,0,7,0,1,1,0,0,0,0,0,13.29104,52.5191
11,11400931,2019,9,8,3,3,5,3,0,1,0,0,0,0,0,0,13.51914,52.50997
11,11501339,2019,9,15,4,3,5,2,0,1,1,0,0,0,0,0,13.52687,52.49213
10,10100313,2019,9,15,4,3,5,7,0,0,0,0,1,0,1,0,13.55713,52.5343
3,3400723,2019,9,14,3,3,5,3,0,0,1,0,1,0,0,0,13.4326,52.59068
1,1100206,2019,9,11,4,3,0,1,0,1,0,0,0,0,0,0,13.39527,52.52043
2,2300419,2019,9,23,3,3,1,5,2,0,0,0,0,0,1,0,13.43944,52.49839
7,7400927,2019,9,13,4,3,5,3,0,0,1,0,0,0,0,0,13.39564,52.45426
1,1401044,2019,9,12,4,3,5,2,0,1,1,0,0,0,0,0,13.38164,52.55627
1,1200624,2019,9,15,3,3,5,2,0,1,1,0,0,0,0,0,13.36034,52.53724
5,5100316,2019,9,20,3,2,6,4,1,0,1,1,0,0,0,0,13.18479,52.53806
1,1200624,2019,9,8,4,2,0,7,0,0,1,0,0,0,0,0,13.36035,52.53724
5,5200527,2019,9,13,3,3,2,7,0,0,1,0,0,0,0,0,13.16898,52.52376
1,1100205,2019,9,20,3,3,2,6,2,1,1,0,0,0,0,0,13.38434,52.50973
1,1300730,2019,9,16,3,2,5,3,0,0,1,0,1,0,0,0,13.37327,52.55725
12,12200515,2019,9,15,3,3,5,3,0,1,1,0,0,0,0,0,13.27985,52.58812
8,8200727,2019,9,19,3,3,5,2,1,0,1,0,0,0,0,0,13.44983,52.44555
6,6300630,2019,9,12,3,3,1,5,0,0,1,0,1,0,0,0,13.32001,52.44636
5,5200629,2019,9,16,3,3,5,2,0,0,1,0,0,0,0,0,13.1843,52.53417
1,1100206,2019,9,14,3,2,0,1,0,0,0,0,0,0,1,0,13.39969,52.52025
2,2300417,2019,9,16,3,3,3,6,0,0,1,0,1,0,0,0,13.43252,52.4972
9,9200819,2019,9,18,3,3,2,6,0,0,1,0,0,0,0,0,13.56334,52.44574
9,9100305,2019,9,16,3,3,5,3,0,0,1,0,0,0,0,0,13.48469,52.46025
2,2400521,2019,9,14,3,3,2,7,0,1,1,0,0,0,0,0,13.43977,52.51849
5,5100313,2019,9,16,3,3,5,7,0,0,1,0,1,0,0,0,13.20988,52.54808
6,6300631,2019,9,13,3,3,5,3,0,0,1,0,0,0,1,0,13.28699,52.41785
4,4501043,2019,9,15,3,3,1,5,0,1,1,0,0,0,0,0,13.3179,52.49517
12,12100206,2019,9,16,3,3,5,3,0,0,1,0,1,0,0,0,13.33448,52.57062
6,6300633,2019,9,15,3,3,2,6,0,0,1,0,0,0,1,0,13.31541,52.44779
9,9200715,2019,9,17,3,3,5,2,0,1,0,0,0,0,1,0,13.52665,52.42638
1,1400940,2019,9,15,3,3,2,6,0,1,1,0,0,0,0,0,13.34255,52.55622
4,4300416,2019,9,13,3,3,0,3,0,0,1,0,0,0,1,1,13.2928,52.50665
1,1200518,2019,9,15,3,3,0,4,0,0,0,1,0,0,1,0,13.32827,52.52637
2,2300316,2019,9,15,3,3,2,7,0,1,1,0,0,0,0,0,13.43942,52.50239
10,10200422,2019,9,13,3,2,1,5,0,0,1,0,0,0,1,1,13.60347,52.54224
12,12500928,2019,9,14,3,3,2,6,0,0,1,0,0,0,0,0,13.3199,52.60687
6,6300524,2019,9,16,3,2,5,3,0,1,1,0,0,0,0,0,13.24678,52.42069
10,10400940,2019,9,14,3,3,3,6,0,1,1,0,0,0,0,0,13.60048,52.47657
11,11400927,2019,9,14,3,3,5,3,0,1,1,0,0,0,0,0,13.47442,52.50449
3,3400723,2019,9,12,3,3,5,2,0,1,1,0,0,0,0,0,13.39541,52.56568
10,10100313,2019,9,14,3,3,5,2,0,1,1,0,0,0,0,0,13.56371,52.54179
8,8100206,2019,9,11,3,3,5,7,0,0,1,0,0,0,0,0,13.42484,52.48252
4,4400833,2019,9,13,3,3,0,5,0,0,1,0,1,0,0,0,13.30653,52.47706
8,8200727,2019,9,11,3,3,5,2,0,0,1,0,0,0,1,0,13.43413,52.4428
4,4501042,2019,9,12,3,3,6,7,0,0,1,1,0,0,0,0,13.33837,52.50339
2,2200208,2019,9,10,3,3,5,2,0,1,1,0,0,0,0,0,13.38974,52.49591
3,3501037,2019,9,10,3,3,0,2,0,0,0,0,1,1,0,0,13.46975,52.564
8,8401242,2019,9,10,3,2,5,7,0,0,1,0,1,0,0,0,13.47615,52.41846
1,1100310,2019,9,10,3,3,5,2,0,0,1,0,0,0,1,0,13.41176,52.52397
3,3400830,2019,9,10,3,3,6,2,0,0,1,1,0,0,0,1,13.42354,52.55505
1,1401047,2019,9,10,3,3,5,2,0,1,1,0,0,0,0,0,13.34945,52.54232
4,4300416,2019,9,10,3,2,5,2,0,0,1,0,1,0,0,1,13.30302,52.50554
9,9200715,2019,9,9,3,3,6,2,0,0,1,1,0,0,0,0,13.53891,52.43443
4,4300414,2019,9,10,3,3,0,1,0,1,0,0,0,0,0,1,13.29662,52.5168
3,3601141,2019,9,22,3,3,0,1,2,1,0,0,0,0,0,0,13.40776,52.55102
11,11501238,2019,9,9,3,3,1,5,0,1,0,0,0,1,0,0,13.47678,52.50077
1,1400942,2019,9,10,3,3,0,7,0,1,0,0,0,0,0,1,13.34684,52.54795
11,11300724,2019,9,8,3,3,0,6,0,1,1,0,0,0,0,0,13.48824,52.5184
7,7400720,2019,9,8,3,3,5,2,0,1,1,0,0,0,0,0,13.40031,52.48371
5,5100101,2019,9,8,3,3,2,6,0,0,1,0,0,0,1,0,13.21856,52.56027
8,8200832,2019,9,9,3,3,6,7,0,0,1,1,0,0,0,0,13.43576,52.42346
4,4501045,2019,9,8,3,3,5,3,0,0,1,0,0,0,0,0,13.3355,52.4993
2,2200209,2019,9,9,3,3,5,2,0,1,0,0,0,0,1,1,13.38238,52.48985
11,11300619,2019,9,7,3,3,6,4,0,0,0,1,1,0,0,0,13.4794,52.52378
2,2200211,2019,9,21,3,2,3,7,2,1,1,0,0,0,0,0,13.3893,52.48975
3,3501037,2019,9,7,3,3,5,2,0,1,1,0,0,0,0,0,13.48315,52.55487
1,1100103,2019,9,7,3,3,2,6,0,0,1,0,0,0,0,1,13.35003,52.50339
6,6100205,2019,9,7,3,2,6,4,0,0,1,1,0,0,0,0,13.36051,52.44662
2,2500835,2019,9,7,3,3,5,2,0,1,1,0,0,0,0,1,13.4663,52.50049
1,1100206,2019,9,6,3,3,5,3,0,1,1,0,0,0,0,0,13.38548,52.51859
1,1100309,2019,9,23,3,3,5,3,2,1,0,0,1,0,0,0,13.40518,52.52866
8,8401242,2019,9,16,3,3,5,3,0,1,1,0,0,0,0,0,13.47886,52.41405
10,10100207,2019,9,18,3,3,5,3,0,1,1,0,0,0,0,0,13.57918,52.55073
4,4300619,2019,9,17,3,3,0,4,0,1,0,1,0,0,0,0,13.30196,52.51881
10,10300731,2019,9,8,3,3,0,3,0,0,1,0,0,0,1,0,13.56306,52.51431
8,8100102,2019,9,14,3,3,2,6,0,0,1,0,0,0,1,0,13.42736,52.47485
4,4501150,2019,9,17,3,2,5,2,0,0,1,0,1,0,0,0,13.32294,52.48998
6,6200421,2019,9,16,3,3,5,3,0,0,1,0,0,0,1,0,13.3212,52.42963
12,12500930,2019,9,19,3,1,5,3,2,0,1,0,1,0,0,0,13.33323,52.57885
5,5100209,2019,9,11,3,3,2,6,0,0,1,0,0,0,1,0,13.18445,52.54608
2,2300419,2019,9,14,2,3,1,5,0,1,1,0,0,0,0,0,13.44631,52.49875
3,3601245,2019,9,1,3,3,5,3,2,0,1,0,0,0,0,1,13.43043,52.55125
8,8100207,2019,9,14,2,3,2,2,0,0,1,0,1,0,0,0,13.43746,52.47897
2,2400521,2019,9,14,3,3,1,5,0,0,1,0,0,0,1,0,13.43343,52.50891
10,10400835,2019,9,10,2,3,5,3,0,1,0,0,0,0,1,0,13.58694,52.51231
11,11200512,2019,9,6,2,2,6,7,1,1,0,1,0,0,0,0,13.46988,52.54772
11,11501341,2019,9,8,2,3,2,2,0,1,1,0,0,0,0,0,13.52439,52.47859
11,11200410,2019,9,22,2,3,1,1,2,0,1,0,0,0,0,1,13.5202,52.55532
7,7200308,2019,9,16,2,3,5,3,0,1,0,0,0,0,0,0,13.3353,52.47376
7,7200413,2019,9,12,2,2,5,3,0,1,1,0,0,0,0,1,13.36139,52.47941
11,11501340,2019,9,5,2,3,6,7,2,0,1,0,0,0,1,1,13.52535,52.48151
12,12400723,2019,9,21,2,2,5,3,2,0,1,0,1,0,0,0,13.30582,52.62042
12,12601133,2019,9,20,2,3,5,3,2,0,1,0,0,0,0,1,13.36265,52.60062
1,1100310,2019,9,18,2,3,6,7,0,0,1,1,0,0,0,0,13.41526,52.52684
12,12100102,2019,9,19,2,3,5,3,2,0,1,0,0,0,0,1,13.37741,52.57132
1,1100206,2019,9,18,2,3,3,6,0,1,1,0,0,0,0,0,13.39139,52.51312
5,5200629,2019,9,5,2,3,6,2,2,0,1,1,0,0,0,1,13.18179,52.53408
12,12500825,2019,9,18,2,2,6,4,0,0,1,1,0,0,0,0,13.31893,52.58757
1,1200517,2019,9,19,2,3,2,6,1,0,1,0,0,0,0,1,13.32887,52.52398