BEZ,LOR_ab_2021,UJAHR,UMONAT,USTUNDE,UWOCHENTAG,UKATEGORIE,UART,UTYP1,ULICHTVERH,IstRad,IstPKW,IstFuss,IstKrad,IstGkfz,IstSonstige,USTRZUSTAND,XGCSWGS84,YGCSWGS84
1,1200628,2019,9,18,2,3,2,6,0,0,1,0,0,0,0,1,13.36819,52.5257
1,1100313,2019,9,17,2,3,5,3,0,1,1,0,0,0,0,0,13.41964,52.50609
4,4501044,2019,9,17,2,3,5,2,0,1,1,0,0,0,0,0,13.31937,52.49222
6,6300629,2019,9,13,2,3,2,6,0,0,1,0,1,0,0,1,13.29497,52.44455
12,12200414,2019,9,16,2,3,6,4,0,0,1,1,0,0,0,1,13.29481,52.57649
7,7400823,2019,9,17,2,3,5,3,0,0,1,0,0,0,0,0,13.37226,52.46971
8,8200725,2019,9,12,2,3,2,6,0,0,1,0,0,0,1,1,13.42996,52.44286
4,4200310,2019,9,17,2,3,5,2,0,1,1,0,0,0,0,0,13.27667,52.51258
12,12200308,2019,9,16,2,3,5,3,0,0,1,0,0,0,0,1,13.32221,52.57391
6,6300527,2019,9,16,2,3,5,2,0,0,1,0,0,0,0,1,13.27972,52.43246
5,5100313,2019,9,17,2,3,5,3,0,1,1,0,0,0,0,0,13.2093,52.54734
6,6400843,2019,9,10,2,3,2,7,0,0,1,0,0,0,0,1,13.29473,52.458
4,4200310,2019,9,10,2,3,1,5,0,1,0,0,0,1,0,1,13.25757,52.51847
4,4300622,2019,9,15,2,3,2,6,0,0,1,0,0,0,0,0,13.32961,52.50994
1,1401044,2019,9,16,2,3,5,3,0,0,1,0,0,0,0,1,13.37282,52.54978
5,5200528,2019,9,16,2,2,6,2,0,0,1,1,0,0,0,1,13.17158,52.51104
7,7501135,2019,9,23,2,3,5,2,2,0,1,0,0,0,1,0,13.39632,52.42332
4,4501044,2019,9,16,2,3,6,4,0,0,1,1,0,0,0,1,13.32129,52.4958
7,7501135,2019,9,16,2,3,5,2,0,0,1,0,0,0,0,0,13.39544,52.42439
5,5200629,2019,9,15,2,3,5,2,0,1,1,0,0,0,0,1,13.19707,52.53134
2,2200212,2019,9,15,2,3,2,6,0,0,1,0,0,0,0,0,13.41053,52.4886
9,9501941,2019,9,9,2,3,8,1,0,0,1,0,0,0,0,1,13.59182,52.45519
5,5100101,2019,9,15,2,3,4,1,0,0,1,0,0,0,0,0,13.16059,52.5952
8,8100310,2019,9,15,2,3,5,3,0,1,1,0,0,0,0,1,13.43791,52.48289
4,4500936,2019,9,9,2,3,5,2,0,0,1,0,0,0,1,1,13.30384,52.49935
8,8100520,2019,9,8,2,3,2,6,0,0,1,0,0,0,0,0,13.46068,52.47169
5,5100209,2019,9,12,2,2,5,2,0,0,1,0,1,0,0,0,13.18472,52.54759
5,5100317,2019,9,14,2,3,2,6,0,0,1,0,0,0,0,1,13.23972,52.52632
8,8200730,2019,9,9,2,3,0,6,0,0,1,0,1,0,0,1,13.4361,52.44009
8,8100521,2019,9,12,2,2,5,3,0,1,1,0,0,0,0,0,13.45399,52.4692
4,4300621,2019,9,14,2,3,6,4,0,1,0,1,0,0,0,1,13.30249,52.51549
3,3400619,2019,9,15,2,3,2,6,0,0,1,0,0,0,0,0,13.3846,52.59119
2,2300419,2019,9,14,2,3,5,3,0,1,1,0,0,0,0,1,13.43607,52.49805
6,6400840,2019,9,12,2,2,5,2,0,0,1,0,1,0,0,0,13.25111,52.44998
2,2200211,2019,9,9,2,3,6,2,0,0,1,1,0,0,0,1,13.39699,52.48883
3,3300411,2019,9,7,2,3,2,7,0,0,1,0,1,0,0,0,13.49607,52.61451
2,2500729,2019,9,14,2,3,2,6,1,0,1,0,0,1,0,1,13.46175,52.51837
1,1100311,2019,9,8,2,3,0,3,0,1,0,0,1,0,0,0,13.41831,52.51686
5,5200629,2019,9,16,6,3,5,2,0,0,1,0,0,0,0,0,13.19556,52.52917
12,12601032,2019,9,16,6,3,2,6,0,0,1,0,0,0,0,0,13.32143,52.60736
8,8401243,2019,9,16,6,3,1,1,0,0,1,0,1,0,0,0,13.50778,52.42623
1,1300733,2019,9,16,6,3,3,6,0,0,1,0,1,0,0,0,13.38605,52.54972
1,1100310,2019,9,16,6,3,5,2,0,1,1,0,0,0,0,0,13.41955,52.52518
8,8301037,2019,9,15,6,2,5,2,0,1,1,0,0,0,0,0,13.46832,52.4277
9,9100409,2019,9,15,6,3,0,1,0,1,0,0,0,0,0,0,13.52121,52.44165
4,4400727,2019,9,14,6,3,2,6,0,0,1,0,0,0,0,0,13.29695,52.48605
5,5300737,2019,9,14,6,3,5,3,0,0,1,0,0,0,1,0,13.23199,52.53833
2,2100102,2019,9,14,6,3,0,5,0,0,1,0,1,0,0,0,13.39993,52.50663
9,9200715,2019,9,14,6,3,5,2,0,1,1,0,0,0,0,0,13.53636,52.43286
11,11300619,2019,9,14,6,3,6,7,0,0,1,1,0,0,0,0,13.46487,52.52473
4,4300622,2019,9,14,6,2,3,6,0,0,1,0,0,0,1,0,13.31891,52.51364
1,1100310,2019,9,13,6,3,2,6,0,1,1,0,0,0,0,0,13.40537,52.51964
4,4501043,2019,9,13,6,3,5,7,0,0,1,0,0,0,0,0,13.3109,52.49543
1,1200520,2019,9,21,6,3,0,1,2,0,0,0,1,0,0,0,13.34058,52.52644
3,3701554,2019,9,21,6,3,0,1,2,0,0,0,0,0,1,0,13.41131,52.5306
9,9100203,2019,9,21,6,3,5,3,2,0,1,0,0,0,0,0,13.47532,52.48006
1,1300730,2019,9,13,6,3,2,6,0,0,1,0,0,0,0,0,13.38864,52.56141
5,5100105,2019,9,12,6,3,5,3,0,0,1,0,0,0,0,0,13.18887,52.55901
8,8200832,2019,9,12,6,3,5,2,0,0,1,0,1,0,0,0,13.41685,52.41828
12,12400618,2019,9,12,6,2,2,6,0,0,1,0,1,0,0,0,13.22183,52.61884
3,3100101,2019,9,7,6,3,3,6,0,1,1,0,0,0,0,0,13.48729,52.64046
9,9401329,2019,9,12,6,3,2,6,0,0,1,0,0,0,0,0,13.64167,52.4215
1,1100310,2019,9,7,6,3,0,3,0,0,0,0,1,0,0,0,13.40449,52.52196
10,10300731,2019,9,12,6,3,5,3,0,0,1,0,0,0,0,0,13.56568,52.52915
11,11100309,2019,9,6,6,2,4,7,0,0,1,0,0,0,1,0,13.52528,52.55551
4,4300623,2019,9,11,6,3,1,5,0,1,1,0,0,0,0,0,13.30538,52.50791
10,10400835,2019,9,9,6,3,5,3,0,1,1,0,0,0,0,0,13.60628,52.52469
7,7200413,2019,9,9,6,2,5,3,0,1,1,0,0,0,0,0,13.36346,52.48129
11,11300724,2019,9,9,6,3,0,7,0,0,1,0,0,0,0,0,13.48596,52.5207
8,8200833,2019,9,8,6,3,6,4,0,0,1,1,0,0,0,0,13.43939,52.41753
4,4400726,2019,9,8,6,3,5,2,0,0,1,0,0,0,0,0,13.28512,52.49362
7,7501133,2019,9,8,6,3,1,1,0,0,1,0,0,0,0,0,13.38238,52.43132
10,10200525,2019,9,7,6,3,5,3,0,0,1,0,0,0,1,0,13.61743,52.53126
1,1200628,2019,9,14,6,3,0,6,0,0,1,0,0,0,1,0,13.36709,52.52563
10,10100311,2019,9,15,5,2,5,2,0,1,0,0,0,0,0,0,13.53578,52.5258
4,4200308,2019,9,11,5,3,5,7,0,0,1,0,0,0,0,0,13.27266,52.51947
1,1100205,2019,9,21,5,3,0,3,2,0,1,0,1,0,0,0,13.37672,52.51079
4,4400727,2019,9,17,5,3,2,7,0,0,1,0,1,0,0,0,13.29394,52.4844
2,2200212,2019,9,10,5,3,3,6,0,0,1,0,0,1,0,0,13.41734,52.48784
8,8100521,2019,9,20,5,3,6,4,2,0,1,1,0,0,0,0,13.47281,52.46479
5,5200629,2019,9,10,5,3,2,7,0,0,1,0,1,0,0,0,13.18826,52.53267
2,2200212,2019,9,19,5,3,6,4,1,1,0,1,0,0,0,0,13.41952,52.48756
2,2100102,2019,9,16,5,2,5,2,0,0,1,0,1,0,0,0,13.3943,52.50114
5,5200629,2019,9,19,5,3,6,4,1,1,0,1,0,0,0,0,13.18849,52.53433
1,1100102,2019,9,9,5,3,1,5,0,1,1,0,0,0,0,0,13.3633,52.50748
10,10200630,2019,9,16,5,3,6,4,0,0,1,1,0,0,0,0,13.59236,52.51925
1,1300730,2019,9,9,5,3,0,6,0,0,1,0,0,0,1,0,13.38436,52.55618
1,1200522,2019,9,15,5,3,5,3,0,0,1,0,0,0,0,0,13.33158,52.52233
5,5200631,2019,9,15,5,3,2,6,0,0,1,0,0,0,0,0,13.1952,52.52757
1,1100415,2019,9,14,5,3,2,3,0,0,1,0,1,0,0,0,13.40015,52.53105
11,11100102,2019,9,19,5,3,5,3,1,0,1,0,0,0,0,0,13.54954,52.56873
8,8200727,2019,9,8,5,3,0,2,0,1,1,0,0,0,0,0,13.45294,52.44562
2,2500833,2019,9,8,5,3,5,2,0,1,1,0,0,0,0,0,13.46104,52.5111
8,8200727,2019,9,7,5,2,5,2,0,1,1,0,0,0,0,0,13.43446,52.44647
4,4200308,2019,9,14,5,2,6,4,0,0,0,1,0,0,1,0,13.27995,52.51847
9,9501941,2019,9,14,5,2,5,7,0,1,1,0,0,0,0,0,13.56263,52.45637
7,7601341,2019,9,7,5,3,5,3,0,1,1,0,0,0,0,0,13.34961,52.40689
8,8100417,2019,9,17,5,2,5,3,0,0,1,0,0,0,0,0,13.44754,52.47606
1,1100310,2019,9,14,5,3,6,4,0,1,0,1,0,0,0,0,13.40527,52.52218
1,1200628,2019,9,17,5,2,5,2,0,1,1,0,0,0,0,0,13.35538,52.5193
5,5100211,2019,9,14,5,3,1,1,0,1,1,0,0,0,0,0,13.16268,52.542
11,11400931,2019,9,13,5,2,6,4,0,0,1,1,0,0,0,0,13.49589,52.5003
2,2300314,2019,9,2,5,3,1,5,2,0,1,0,0,0,0,0,13.4225,52.50274
1,1400938,2019,9,13,5,3,3,6,0,0,1,0,0,1,0,0,13.33682,52.54268
8,8100520,2019,9,12,5,3,5,2,0,0,1,0,0,0,0,0,13.4646,52.47015
5,5300737,2019,9,11,5,3,1,5,0,0,1,0,0,0,1,0,13.23898,52.54419
8,8100206,2019,9,5,5,3,5,7,1,0,1,0,0,0,0,0,13.42461,52.48428
1,1200623,2019,9,14,5,3,0,6,0,0,0,0,0,0,1,0,13.3566,52.53555
3,3501037,2019,9,13,5,2,5,3,0,0,1,0,0,0,0,0,13.45941,52.56271
7,7100206,2019,9,4,5,3,6,2,2,0,1,1,0,0,0,0,13.36187,52.498
1,1100101,2019,9,13,5,3,2,6,0,0,1,0,0,0,1,0,13.35195,52.50765
12,12400616,2019,9,15,4,2,0,6,0,0,1,0,0,0,1,0,13.2267,52.58374
4,4500936,2019,9,16,4,3,5,3,0,1,1,0,0,0,0,0,13.30171,52.49892
1,1100207,2019,9,9,4,3,5,3,0,1,1,0,0,0,0,0,13.40018,52.50952
2,2300417,2019,9,8,4,3,6,4,0,0,1,1,0,0,0,0,13.43293,52.49483
8,8401246,2019,9,13,4,3,6,2,0,0,1,1,0,0,0,0,13.49736,52.4162
1,1100206,2019,9,13,4,3,5,2,0,1,1,0,0,0,0,0,13.38715,52.52124
9,9100101,2019,9,23,4,3,0,1,2,1,0,0,0,0,0,0,13.45391,52.49413
11,11400931,2019,9,16,4,3,5,3,0,1,1,0,0,0,0,0,13.51137,52.50437
10,10400835,2019,9,8,4,3,5,3,0,0,1,0,0,0,0,0,13.60531,52.52763
1,1200623,2019,9,22,4,2,1,5,2,1,0,0,0,0,1,0,13.35994,52.53303
1,1100308,2019,9,21,4,3,1,1,2,1,1,0,0,0,0,0,13.38737,52.52562
6,6400737,2019,9,19,4,3,1,5,2,1,1,0,0,0,0,0,13.22283,52.43034
7,7200308,2019,9,19,4,3,2,6,1,0,1,0,0,0,0,0,13.34521,52.48551
5,5100316,2019,9,18,4,3,5,7,1,0,1,0,1,0,0,0,13.19145,52.5363
11,11300724,2019,9,18,4,3,0,3,0,1,1,0,0,0,0,0,13.49323,52.51441
4,4300622,2019,9,18,4,3,6,4,0,0,1,1,0,0,0,0,13.33197,52.50932
3,3200309,2019,9,17,4,2,6,7,0,0,1,1,0,0,0,0,13.43258,52.59576
1,1100205,2019,9,17,4,3,6,2,0,0,1,1,0,0,0,0,13.37704,52.50861
2,2500835,2019,9,17,4,3,3,6,0,0,1,0,0,0,0,0,13.46232,52.50081
6,6300528,2019,9,17,4,3,1,7,0,0,1,0,0,0,0,0,13.2628,52.42401
5,5300735,2019,9,16,4,3,2,3,0,1,1,0,0,0,0,0,13.22731,52.54502
9,9200715,2019,9,8,4,3,0,6,0,0,1,0,0,0,0,0,13.53283,52.44125
5,5200631,2019,9,16,4,3,5,3,0,0,1,0,0,0,0,0,13.20298,52.52369
3,3601449,2019,9,15,4,3,2,2,0,1,1,0,0,0,0,0,13.44459,52.54205
9,9501736,2019,9,6,4,3,5,2,1,1,0,0,0,0,1,0,13.60631,52.45275
9,9100306,2019,9,6,4,3,5,2,0,1,1,0,0,0,0,0,13.4725,52.45436
1,1100310,2019,9,15,4,3,6,4,0,0,0,1,0,0,1,0,13.41018,52.52176
5,5100316,2019,9,5,4,2,6,2,2,0,1,1,0,0,0,0,13.19977,52.53478
12,12100103,2019,9,14,4,3,5,2,0,1,1,0,0,0,0,0,13.35903,52.57427
7,7400927,2019,9,14,4,3,5,3,0,1,1,0,0,0,0,0,13.40393,52.45975
4,4300619,2019,9,14,4,3,5,3,0,0,1,0,1,0,0,0,13.30647,52.51754
12,12601235,2019,9,14,4,3,6,4,0,0,1,1,0,0,0,1,13.34939,52.59209
7,7100102,2019,9,13,4,2,6,2,0,0,1,1,0,0,0,0,13.35426,52.49822
2,2300316,2019,9,13,4,3,0,3,0,1,0,0,1,0,0,0,13.43083,52.50624
11,11501340,2019,9,10,4,2,4,2,0,1,0,0,0,0,1,0,13.53271,52.47944
1,1300835,2019,9,7,4,3,6,2,0,0,1,1,0,0,0,0,13.39113,52.53622
12,12200310,2019,9,10,4,3,5,2,0,0,1,0,0,0,1,0,13.3131,52.57489
8,8100419,2019,9,9,4,2,5,3,0,0,1,0,1,0,0,0,13.45767,52.48533
5,5100210,2019,9,9,4,3,5,3,0,1,1,0,0,0,0,0,13.18655,52.54733
10,10100311,2019,9,9,4,3,5,2,0,1,1,0,0,0,0,0,13.51727,52.53527
2,2400521,2019,9,8,4,3,5,2,0,1,1,0,0,0,0,0,13.42674,52.51577
8,8200727,2019,9,7,4,3,5,7,0,1,1,0,0,0,0,0,13.44464,52.44593
2,2300316,2019,9,6,4,3,5,3,0,1,0,0,1,0,0,1,13.4335,52.5051
5,5200629,2019,9,9,4,2,5,3,0,0,1,0,0,0,1,0,13.1989,52.53315
2,2200211,2019,9,16,3,3,1,5,0,1,1,0,0,0,0,0,13.39424,52.49086
3,3500934,2019,9,22,3,3,5,3,2,0,1,0,0,0,0,1,13.44193,52.55031
1,1200629,2019,9,22,3,2,6,4,2,1,0,1,0,0,0,1,13.344,52.51703
1,1100415,2019,9,21,3,3,6,4,2,1,0,1,0,0,0,1,13.39611,52.53243
10,10100208,2019,9,20,3,2,5,3,2,0,1,0,0,0,0,1,13.57273,52.55003
1,1300733,2019,9,19,3,3,5,2,1,0,1,0,0,0,1,1,13.39115,52.55029
5,5200632,2019,9,19,3,3,5,2,2,0,1,0,0,0,0,0,13.21641,52.52646
3,3601449,2019,9,19,3,2,6,4,0,0,1,1,0,0,0,1,13.45315,52.54224
12,12100204,2019,9,18,3,3,2,6,1,0,1,0,0,0,0,1,13.35438,52.5621
2,2400521,2019,9,18,3,3,2,7,1,0,1,0,1,0,0,1,13.43572,52.52326
8,8100310,2019,9,18,3,3,6,4,2,0,0,1,1,0,0,1,13.43401,52.48998
2,2400521,2019,9,17,3,3,0,2,1,1,1,0,0,0,0,1,13.42998,52.52329
3,3400830,2019,9,18,3,3,5,2,0,0,1,0,1,0,0,1,13.40853,52.5612
8,8401139,2019,9,15,3,3,0,2,0,1,1,0,0,0,0,0,13.45898,52.44041
3,3601245,2019,9,16,3,2,2,6,0,0,1,0,0,0,0,1,13.43011,52.54474
9,9501941,2019,9,17,3,3,2,6,0,0,1,0,0,0,0,1,13.57414,52.45265
10,10100103,2019,9,17,3,3,5,3,1,0,1,0,1,0,0,1,13.56742,52.57333
9,9501941,2019,9,17,3,3,2,6,0,0,1,0,0,0,0,1,13.55833,52.45551
2,2300316,2019,9,14,3,3,2,6,0,0,1,0,1,0,0,1,13.42604,52.49941
5,5300735,2019,9,14,3,3,2,6,0,0,1,0,0,0,0,1,13.21783,52.53748
4,4300620,2019,9,12,3,3,6,4,0,0,0,1,1,0,0,1,13.32032,52.52015
11,11400931,2019,9,12,3,2,5,2,0,1,1,0,0,0,0,1,13.51986,52.50591
2,2200209,2019,9,11,3,3,3,6,0,0,1,0,0,0,0,0,13.38756,52.49282
10,10100311,2019,9,11,3,3,5,2,0,0,1,0,0,0,0,0,13.51722,52.53548
3,3500936,2019,9,11,3,2,5,2,0,0,1,0,0,0,1,0,13.46544,52.55189
7,7100101,2019,9,10,3,3,5,7,0,0,0,0,1,0,1,0,13.34133,52.49739
2,2100104,2019,9,12,4,3,2,6,0,0,1,0,0,1,0,1,13.41785,52.49921
3,3601245,2019,9,10,3,3,5,3,0,0,1,0,1,0,0,0,13.43689,52.54493
11,11300620,2019,9,5,3,3,7,7,1,1,0,0,0,0,0,0,13.47716,52.53318
4,4501043,2019,9,10,3,3,5,2,0,1,1,0,0,0,0,0,13.30711,52.49872
4,4300622,2019,9,23,3,3,2,1,2,0,1,0,1,0,0,0,13.32164,52.512
8,8100206,2019,9,9,3,3,2,6,0,0,1,0,0,0,0,0,13.42434,52.48602
3,3200309,2019,9,9,3,3,5,2,0,1,1,0,0,0,0,0,13.42031,52.60624
12,12500930,2019,9,23,3,3,5,3,2,1,1,0,0,0,0,0,13.33187,52.5951
6,6300528,2019,9,15,3,3,5,3,0,1,0,0,0,0,0,0,13.26057,52.4266
2,2200209,2019,9,9,3,3,2,2,0,1,1,0,0,0,0,0,13.3781,52.49179
6,6200312,2019,9,8,3,2,1,5,0,1,1,0,0,0,0,0,13.33288,52.43996
5,5200631,2019,9,21,3,3,5,3,2,1,1,0,0,0,0,0,13.19016,52.52213
5,5200423,2019,9,8,3,3,0,2,0,1,0,0,0,0,1,0,13.14164,52.53255
3,3400830,2019,9,8,3,3,6,7,0,1,0,1,0,0,0,0,13.42311,52.55767
11,11100203,2019,9,6,3,3,5,2,0,1,1,0,0,0,0,0,13.53521,52.56139
1,1400938,2019,9,16,3,3,1,1,0,0,1,0,0,0,0,1,13.33936,52.54022
9,9502043,2019,9,16,3,2,5,7,0,0,1,0,0,0,1,0,13.58419,52.46416
2,2100104,2019,9,17,3,2,6,4,0,0,0,1,1,0,0,0,13.41236,52.50309
6,6100207,2019,9,16,3,3,5,3,0,1,0,0,0,0,1,1,13.32339,52.44988
2,2100104,2019,9,16,3,3,5,3,0,0,1,0,0,0,0,0,13.40641,52.50251
3,3400830,2019,9,16,3,3,5,3,0,1,1,0,0,0,0,1,13.42675,52.56503
2,2100104,2019,9,16,3,3,5,3,0,1,1,0,0,0,0,1,13.40566,52.49935
10,10400938,2019,9,16,3,2,2,6,0,0,1,0,0,0,0,0,13.62184,52.52487
2,2200210,2019,9,16,3,3,5,7,0,1,1,0,0,0,0,1,13.39067,52.49598
11,11200514,2019,9,15,3,3,0,3,0,0,1,0,0,0,1,0,13.47677,52.53696
11,11300620,2019,9,6,3,3,6,4,0,0,0,1,1,0,0,0,13.48216,52.52675
4,4501042,2019,9,15,3,2,3,6,0,0,1,0,1,0,0,0,13.33076,52.50529
11,11200410,2019,9,16,3,2,5,3,0,0,1,0,1,0,0,1,13.51441,52.55667
1,1400942,2019,9,16,3,3,5,3,0,0,1,0,0,0,0,1,13.34605,52.54486
5,5200629,2019,9,15,3,3,5,7,0,1,1,0,0,0,0,0,13.19135,52.52844
12,12100103,2019,9,15,3,3,6,4,0,0,1,1,0,0,0,0,13.36344,52.5715
2,2400521,2019,9,15,3,3,2,7,0,0,1,0,0,0,0,1,13.43682,52.52085
2,2100104,2019,9,15,3,3,5,3,0,1,1,0,0,0,0,1,13.4146,52.50022
8,8401242,2019,9,14,3,3,5,3,0,1,1,0,0,0,0,0,13.48812,52.41869
11,11200513,2019,9,15,3,2,0,3,0,1,1,0,0,0,0,1,13.49485,52.54533
1,1200623,2019,9,13,3,3,5,2,0,0,1,0,0,0,0,0,13.35737,52.53594
11,11300724,2019,9,15,3,3,0,1,0,0,0,0,1,0,0,1,13.48003,52.51736
1,1100103,2019,9,13,3,3,5,2,0,0,1,0,0,0,0,0,13.34982,52.50322
11,11300721,2019,9,14,3,2,2,6,0,0,1,0,0,1,1,1,13.50363,52.53445
1,1300730,2019,9,10,3,3,5,2,0,0,1,0,1,0,0,0,13.38866,52.56143
2,2100106,2019,9,14,3,3,2,6,0,0,1,0,1,0,0,1,13.4152,52.49858
1,1100308,2019,9,13,3,3,0,1,0,0,0,0,1,0,0,1,13.37927,52.52947
3,3701659,2019,9,10,3,3,2,5,0,0,1,0,0,0,0,0,13.42067,52.52869
1,1100207,2019,9,8,3,3,5,2,0,1,1,0,0,0,0,0,13.40568,52.51411
7,7100102,2019,9,17,3,3,5,3,0,1,1,0,0,0,0,0,13.35706,52.49892
1,1401044,2019,9,8,3,3,5,2,0,1,1,0,0,0,0,0,13.37727,52.55363
7,7400822,2019,9,17,2,3,0,7,0,0,0,0,1,0,1,1,13.36807,52.45976
2,2300417,2019,9,8,3,3,0,2,0,1,0,0,1,0,0,0,13.43031,52.49558
8,8100418,2019,9,13,2,3,2,7,0,0,1,0,0,0,1,0,13.45495,52.47626
3,3500935,2019,9,8,3,3,2,6,0,1,1,0,0,0,0,0,13.4503,52.55168
1,1401047,2019,9,7,2,3,5,2,0,0,1,0,0,1,0,0,13.34947,52.5423
2,2100102,2019,9,7,3,3,2,6,1,0,1,0,0,1,0,0,13.39818,52.50694
4,4300623,2019,9,12,2,3,6,4,0,0,1,1,0,0,0,0,13.30209,52.50981
6,6100204,2019,9,22,2,3,1,5,2,0,1,0,0,0,0,0,13.34972,52.45019
1,1100309,2019,9,7,3,3,3,6,0,1,1,0,0,0,0,0,13.40743,52.52384
1,1200517,2019,9,18,2,3,5,2,0,0,1,0,1,0,0,0,13.33083,52.53352
12,12400721,2019,9,7,3,3,2,7,0,0,1,0,0,0,0,0,13.2909,52.62642
12,12500929,2019,9,18,2,3,2,6,0,0,1,0,0,0,0,0,13.35827,52.61234
1,1200517,2019,9,17,2,3,5,2,0,1,1,0,0,0,0,0,13.32469,52.53226
4,4200311,2019,9,7,3,3,2,2,1,0,1,0,0,0,0,0,13.28196,52.50987
3,3400723,2019,9,17,2,3,4,6,0,1,1,0,0,0,0,0,13.40043,52.5714
4,4300518,2019,9,5,3,3,6,4,2,0,0,1,1,0,0,0,13.30635,52.52963
4,4100101,2019,9,17,2,3,3,6,0,0,1,0,0,0,0,0,13.29649,52.54838
10,10200420,2019,9,0,3,3,9,1,2,0,1,0,0,0,0,0,13.58653,52.54574
7,7400822,2019,9,17,2,3,0,7,0,0,0,0,1,0,0,1,13.36785,52.45964
2,2100102,2019,9,22,3,2,5,3,2,1,1,1,0,0,0,0,13.39597,52.49838
7,7400822,2019,9,17,2,3,0,7,0,0,0,0,1,0,1,1,13.36662,52.45971
8,8301037,2019,9,16,2,2,5,2,0,1,0,0,0,0,1,0,13.48216,52.42549
8,8100209,2019,9,9,2,3,0,3,0,1,0,0,0,1,0,0,13.44468,52.46801
9,9200715,2019,9,14,2,3,5,2,0,1,1,0,0,0,0,0,13.52679,52.42646
7,7601443,2019,9,16,2,2,5,3,0,0,1,0,0,0,0,0,13.4106,52.40668
3,3400830,2019,9,20,2,3,0,6,2,1,1,0,0,0,0,0,13.41906,52.56226
8,8100208,2019,9,16,2,3,6,7,0,0,0,1,0,0,1,0,13.44123,52.46972
4,4400830,2019,9,16,2,3,5,3,0,1,1,0,0,0,0,0,13.29587,52.48125
9,9100203,2019,9,16,2,3,1,7,0,0,1,0,0,0,0,0,13.47596,52.47341
11,11100204,2019,9,14,2,3,2,6,0,0,1,0,0,0,0,0,13.52076,52.56833
2,2500833,2019,9,15,2,3,1,5,0,1,1,0,0,0,0,0,13.45369,52.51039
12,12200414,2019,9,15,2,3,2,6,0,0,1,0,0,0,0,0,13.24938,52.55272
1,1100102,2019,9,9,2,3,2,2,0,0,1,0,0,1,0,0,13.34902,52.51474
1,1401049,2019,9,14,2,2,5,2,0,0,1,0,0,0,0,0,13.36549,52.55712
9,9301025,2019,9,8,2,3,5,3,0,1,1,0,0,0,0,0,13.57017,52.4012
8,8100206,2019,9,14,2,3,6,7,0,1,0,1,0,0,0,0,13.42427,52.48521
5,5300737,2019,9,8,2,3,2,6,0,0,1,0,0,0,0,0,13.24728,52.53808
12,12200411,2019,9,11,2,2,5,3,0,0,0,0,1,0,1,0,13.328,52.564
10,10100311,2019,9,8,2,3,5,2,0,1,1,0,0,0,0,0,13.52929,52.52561
6,6200315,2019,9,14,2,3,2,7,0,0,1,0,1,0,0,0,13.34839,52.42323
11,11401137,2019,9,10,2,3,6,4,0,0,1,1,0,0,0,0,13.50944,52.50213
4,4501044,2019,9,8,2,3,5,2,0,1,1,0,0,0,0,0,13.31881,52.49184
1,1100206,2019,9,9,2,3,5,2,0,1,1,0,0,0,0,0,13.39551,52.51515
7,7501030,2019,9,7,2,3,2,2,0,0,1,0,0,1,0,0,13.38131,52.44094
1,1100309,2019,9,10,2,3,6,7,0,0,1,1,0,0,0,0,13.38982,52.52354
1,1401049,2019,9,21,2,2,6,4,2,0,1,1,0,0,0,0,13.36688,52.55215
5,5100315,2019,9,14,2,3,2,6,0,0,1,0,0,0,1,0,13.19835,52.54307
12,12200310,2019,9,19,2,3,3,6,2,0,1,0,1,0,0,0,13.31296,52.57071
2,2200210,2019,9,9,2,3,5,2,0,1,1,0,0,0,0,1,13.40193,52.49241
6,6300525,2019,9,9,2,3,5,3,0,1,1,0,0,0,0,1,13.25135,52.41555
9,9501838,2019,9,20,2,2,2,7,2,0,1,0,0,0,0,0,13.69935,52.43583
1,1401049,2019,9,20,2,3,2,6,2,0,1,0,0,0,0,0,13.36517,52.55679
4,4501042,2019,9,9,2,3,6,2,0,0,1,1,0,0,0,0,13.3317,52.50545
1,1100312,2019,9,9,2,3,3,6,0,1,1,0,0,0,0,0,13.41663,52.51133
9,9401534,2019,9,16,2,3,2,6,0,0,1,0,0,0,0,0,13.58202,52.44229
4,4501042,2019,9,8,2,3,2,6,0,1,1,0,0,0,0,1,13.34077,52.5044
7,7400927,2019,9,9,2,2,5,3,0,1,0,0,0,0,0,0,13.38688,52.46707
1,1100308,2019,9,8,2,3,5,2,0,1,1,0,0,0,0,0,13.37863,52.52825
3,3601244,2019,9,8,2,3,0,2,0,1,1,0,0,0,0,0,13.42811,52.55216
3,3100101,2019,9,15,2,3,5,3,0,0,1,0,0,0,0,0,13.43517,52.62904
6,6200422,2019,9,7,2,2,5,3,0,1,1,0,0,0,0,0,13.33138,52.4266
12,12400618,2019,9,13,2,3,0,7,0,0,1,0,0,0,0,0,13.23223,52.61378
7,7200308,2019,9,14,2,3,5,3,0,1,1,0,0,0,0,0,13.34377,52.48555
4,4501041,2019,9,11,2,3,5,7,0,0,1,0,0,0,1,0,13.31504,52.50097
1,1100309,2019,9,19,2,3,0,4,2,1,0,1,0,0,0,0,13.40269,52.528
8,8100206,2019,9,11,2,3,5,3,0,0,1,0,0,0,0,0,13.42499,52.48191
8,8100102,2019,9,7,2,3,2,7,0,0,1,0,0,0,0,0,13.42513,52.47309
4,4100102,2019,9,13,2,3,6,4,0,0,1,1,0,0,0,0,13.29637,52.53955
1,1300733,2019,9,15,1,3,1,5,0,1,1,0,0,0,0,0,13.38593,52.5559
5,5200524,2019,9,17,2,3,0,3,0,1,1,0,0,0,0,0,13.13845,52.52845
11,11501238,2019,9,8,1,3,6,4,0,0,1,1,0,0,0,0,13.4809,52.49906
1,1100309,2019,9,13,2,3,0,1,0,1,0,0,0,0,0,0,13.3917,52.52528
4,4501042,2019,9,16,1,3,5,2,0,1,1,0,0,0,0,0,13.33245,52.50606
4,4300416,2019,9,18,1,3,0,7,0,0,0,0,1,0,0,1,13.29921,52.50684
8,8100310,2019,9,9,2,3,5,2,0,1,1,0,0,0,0,0,13.43536,52.4861
3,3500935,2019,9,18,2,3,4,1,1,1,0,0,0,0,1,0,13.44917,52.54906
8,8100104,2019,9,16,1,3,0,7,0,0,0,1,0,0,1,0,13.43075,52.46783
1,1100102,2019,9,16,1,3,0,1,0,0,0,0,0,0,1,0,13.35067,52.51193
1,1300836,2019,9,12,2,3,5,3,0,0,1,0,0,0,0,0,13.37561,52.54021
9,9100101,2019,9,16,1,3,2,6,0,1,1,0,0,0,0,0,13.45266,52.48987
9,9401635,2019,9,12,2,3,5,3,0,1,1,0,0,0,0,0,13.65687,52.41519