BEZ,LOR_ab_2021,UJAHR,UMONAT,USTUNDE,UWOCHENTAG,UKATEGORIE,UART,UTYP1,ULICHTVERH,IstRad,IstPKW,IstFuss,IstKrad,IstGkfz,IstSonstige,USTRZUSTAND,XGCSWGS84,YGCSWGS84
4,4501148,2019,9,15,1,3,1,5,0,1,1,0,0,0,0,0,13.31454,52.48121
4,4300619,2019,9,14,1,3,2,3,0,1,1,0,0,0,0,0,13.30139,52.51925
3,3701555,2019,9,18,2,3,2,6,2,0,1,0,0,0,0,0,13.41706,52.52834
4,4100101,2019,9,13,1,3,5,2,0,0,0,0,1,0,0,0,13.29476,52.53963
4,4100102,2019,9,20,1,3,3,2,2,0,1,0,0,0,0,0,13.29307,52.53449
4,4500939,2019,9,17,2,3,5,2,0,0,1,0,0,0,0,0,13.30794,52.48853
1,1400940,2019,9,18,1,2,5,3,0,1,1,0,0,0,0,0,13.35636,52.55539
1,1200629,2019,9,17,2,3,6,7,0,0,1,1,0,0,0,0,13.34472,52.51689
9,9200715,2019,9,18,1,3,5,2,0,0,1,0,0,0,0,0,13.53638,52.43287
7,7400823,2019,9,17,1,3,5,2,0,1,1,0,0,0,0,0,13.38543,52.4661
9,9401534,2019,9,14,2,3,1,1,0,1,1,0,0,0,0,0,13.57496,52.44633
1,1300834,2019,9,17,2,3,1,5,0,1,1,0,0,0,0,0,13.39293,52.54235
1,1100102,2019,9,7,1,3,0,1,0,0,0,0,1,0,0,0,13.37187,52.51957
2,2300316,2019,9,0,1,3,0,7,2,1,0,0,0,0,0,0,13.44488,52.50116
4,4501042,2019,9,17,2,3,6,7,0,0,0,1,0,0,1,0,13.32735,52.50303
9,9100101,2019,9,6,1,3,5,3,0,1,1,0,0,0,0,0,13.45428,52.49596
8,8100521,2019,9,11,2,3,2,2,0,0,1,0,0,0,0,0,13.44835,52.46453
8,8100208,2019,9,10,2,3,1,5,0,0,1,0,0,0,1,0,13.43667,52.47065
4,4100101,2019,9,6,1,3,2,6,1,0,1,0,1,0,0,0,13.32608,52.53857
4,4501042,2019,9,4,1,3,5,2,2,0,1,0,0,0,0,0,13.33238,52.50627
5,5100317,2019,9,10,2,2,1,5,0,0,1,0,0,0,0,0,13.21283,52.53015
5,5100317,2019,9,1,1,3,1,1,2,0,1,0,0,0,0,0,13.24575,52.52767
7,7601547,2019,9,10,2,3,5,3,0,0,1,0,0,0,0,0,13.40615,52.38204
9,9300920,2019,9,4,7,3,5,3,2,0,1,0,0,0,0,0,13.5312,52.41561
8,8200832,2019,9,17,2,3,5,7,0,1,1,0,0,0,0,0,13.43585,52.42444
7,7501031,2019,9,14,7,3,2,6,0,0,1,0,0,0,0,0,13.40067,52.44533
3,3400830,2019,9,16,2,3,5,2,0,1,1,0,0,0,0,0,13.42075,52.554
12,12200307,2019,9,14,7,3,6,4,0,0,1,1,0,0,0,0,13.33105,52.57248
1,1400938,2019,9,10,2,3,5,3,0,0,1,0,0,0,0,0,13.34092,52.55318
12,12500928,2019,9,14,7,2,0,1,0,1,0,0,0,0,0,0,13.3181,52.61132
9,9502043,2019,9,10,2,3,2,7,0,0,1,0,1,0,0,0,13.57374,52.46823
7,7100206,2019,9,14,7,2,5,2,0,1,1,0,0,0,0,0,13.36094,52.49426
4,4300622,2019,9,13,2,3,0,2,0,0,0,0,0,0,1,0,13.32814,52.50808
3,3500934,2019,9,13,7,3,5,3,0,0,1,0,0,0,0,0,13.44116,52.54947
9,9200819,2019,9,13,7,3,5,3,0,1,1,0,0,0,0,0,13.56917,52.44269
1,1400938,2019,9,20,1,3,5,3,2,1,1,0,0,0,0,0,13.33669,52.5421
9,9501736,2019,9,21,7,3,3,6,2,0,1,0,1,0,0,0,13.59942,52.45224
11,11400931,2019,9,23,1,3,5,3,2,0,1,0,0,0,0,0,13.51158,52.50554
4,4501153,2019,9,21,7,3,0,1,2,0,0,0,0,0,1,0,13.32929,52.48155
6,6100205,2019,9,23,7,3,6,4,2,0,1,1,0,0,0,0,13.36085,52.44682
2,2200209,2019,9,20,1,3,5,2,2,1,1,0,0,0,0,0,13.38612,52.48736
1,1401044,2019,9,22,7,2,6,4,1,0,1,1,0,0,0,0,13.37931,52.55299
3,3601245,2019,9,21,1,2,5,2,2,1,1,0,0,0,0,0,13.42762,52.54582
4,4200310,2019,9,21,7,3,5,2,2,0,1,0,0,0,0,0,13.26856,52.50914
1,1300733,2019,9,21,1,3,3,6,2,0,1,0,0,0,0,0,13.38515,52.55043
11,11401032,2019,9,21,7,3,6,4,2,0,1,1,0,0,0,0,13.51921,52.51366
9,9501941,2019,9,20,1,3,0,7,2,0,0,0,1,0,0,1,13.55833,52.45549
1,1100416,2019,9,13,7,3,0,7,0,1,0,0,0,0,0,0,13.40351,52.53231
7,7400826,2019,9,21,7,3,0,1,2,0,0,0,1,0,0,0,13.37784,52.45252
7,7100102,2019,9,19,1,3,5,3,2,1,1,0,0,0,0,0,13.35988,52.49613
4,4300517,2019,9,19,1,3,5,2,2,0,1,0,0,0,1,0,13.29641,52.52926
6,6100102,2019,9,13,7,3,5,2,0,0,1,0,1,0,0,0,13.31779,52.46121
12,12100102,2019,9,15,1,3,4,6,0,0,1,0,0,0,0,0,13.37027,52.57013
2,2200209,2019,9,20,7,3,1,5,2,1,1,0,0,0,0,0,13.38309,52.49235
4,4501041,2019,9,14,1,2,3,6,0,1,0,0,0,0,1,0,13.32492,52.50253
6,6100205,2019,9,12,7,3,5,5,0,0,1,0,0,0,0,0,13.34487,52.45023
12,12200515,2019,9,11,7,3,5,2,0,0,1,0,0,0,0,0,13.28684,52.5862
6,6300630,2019,9,14,1,3,1,5,0,0,1,0,1,0,0,0,13.31373,52.43527
2,2100101,2019,9,13,1,3,5,7,0,0,1,0,0,0,1,0,13.38088,52.50556
6,6300634,2019,9,19,7,2,0,1,1,0,0,0,1,0,0,0,13.29708,52.44272
6,6200313,2019,9,18,7,2,2,6,0,0,1,0,0,0,0,0,13.34972,52.43441
10,10100103,2019,9,13,1,3,5,7,0,0,1,0,1,0,0,0,13.5656,52.57045
6,6200422,2019,9,10,7,3,0,6,0,0,1,0,1,0,0,0,13.32892,52.42887
3,3701657,2019,9,13,1,2,5,7,0,1,1,0,0,0,0,0,13.42314,52.54515
9,9100407,2019,9,9,7,3,3,6,0,1,0,0,0,0,0,0,13.49857,52.4589
3,3601141,2019,9,9,7,3,2,6,0,0,1,0,0,0,0,0,13.41477,52.55387
12,12200307,2019,9,12,1,3,5,3,0,0,1,0,1,0,0,0,13.33006,52.56936
9,9200819,2019,9,9,7,2,6,4,0,0,1,1,0,0,0,0,13.57171,52.43778
9,9401329,2019,9,12,1,2,5,3,0,0,1,0,1,0,0,0,13.59254,52.43853
6,6400838,2019,9,9,7,3,6,4,0,1,0,1,0,0,0,0,13.23249,52.43773
6,6300634,2019,9,19,1,2,2,2,1,1,1,0,0,0,0,0,13.2967,52.44295
3,3300517,2019,9,8,7,3,6,4,0,1,0,1,0,0,0,0,13.4646,52.57028
11,11300620,2019,9,11,7,3,5,2,0,1,1,0,0,0,0,0,13.47616,52.53284
1,1100206,2019,9,16,7,3,1,6,0,1,1,0,0,0,0,0,13.38825,52.52045
12,12500927,2019,9,16,7,3,0,1,0,0,0,0,1,0,0,0,13.32235,52.5934
11,11300619,2019,9,20,7,3,1,5,2,0,1,0,0,0,1,0,13.46012,52.5264
1,1100102,2019,9,19,7,3,5,3,2,0,1,0,0,0,0,0,13.37123,52.51108
7,7400826,2019,9,15,7,3,3,6,0,1,1,0,0,0,0,0,13.36507,52.45018
9,9100409,2019,9,14,7,3,5,2,0,0,1,0,0,0,1,0,13.50067,52.43511
3,3601244,2019,9,18,7,3,1,5,1,0,1,0,0,0,1,0,13.42678,52.54757
12,12601235,2019,9,2,7,3,1,5,2,0,1,0,0,0,0,0,13.35352,52.59655
3,3300411,2019,9,17,7,3,5,3,0,1,1,0,0,0,0,0,13.49344,52.61423
7,7300619,2019,9,0,7,3,1,3,2,1,1,0,0,0,0,0,13.3413,52.46471
9,9200715,2019,9,16,7,2,5,2,0,0,1,0,0,0,0,0,13.52662,52.42646
7,7601547,2019,9,13,6,3,1,5,0,1,1,0,0,0,0,0,13.40954,52.38655
10,10200421,2019,9,13,7,3,1,5,0,1,1,0,0,0,0,0,13.60226,52.53851
4,4501045,2019,9,10,6,3,0,7,0,1,0,0,0,0,0,0,13.33203,52.50033
1,1200624,2019,9,10,7,3,5,2,0,0,1,0,0,0,0,0,13.36033,52.53732
12,12200411,2019,9,14,6,3,5,7,0,0,1,0,0,0,0,0,13.32521,52.56476
10,10400939,2019,9,7,7,2,6,4,0,0,0,1,0,0,1,0,13.61227,52.5116
7,7400823,2019,9,14,6,3,2,6,0,0,1,0,0,0,0,0,13.37797,52.46609
5,5200631,2019,9,13,6,3,2,6,0,0,1,0,0,0,0,0,13.19522,52.5276
12,12200411,2019,9,15,7,3,1,5,0,1,1,0,0,0,1,0,13.31374,52.56758
1,1100311,2019,9,13,6,3,3,6,0,1,0,0,0,0,0,0,13.41821,52.51541
12,12500825,2019,9,15,7,3,2,7,0,0,1,0,0,0,0,0,13.31986,52.58755
5,5300735,2019,9,13,6,3,5,2,0,1,0,0,0,0,1,1,13.21405,52.53837
8,8100310,2019,9,14,7,3,3,6,0,1,1,0,0,0,0,0,13.43887,52.48223
7,7200308,2019,9,12,6,3,0,7,0,1,1,0,0,0,0,0,13.32857,52.47363
7,7200308,2019,9,3,7,2,9,1,2,0,0,0,1,0,0,0,13.32856,52.47626
7,7200411,2019,9,12,6,3,0,7,0,1,1,0,0,0,0,0,13.3551,52.487
5,5300735,2019,9,11,6,3,2,6,0,0,1,0,0,0,0,0,13.2255,52.55437
1,1100205,2019,9,14,7,3,2,2,0,0,1,0,0,0,0,0,13.37704,52.51251
3,3601450,2019,9,14,7,3,0,1,0,0,0,0,1,0,0,0,13.4596,52.53065
5,5100101,2019,9,11,6,3,0,7,0,0,1,0,0,0,1,0,13.21882,52.5594
9,9501941,2019,9,10,6,3,1,5,0,0,1,0,0,0,0,0,13.58743,52.45141
9,9501737,2019,9,1,7,3,2,2,2,0,1,0,0,0,0,0,13.62818,52.4467
9,9100101,2019,9,10,6,3,5,2,0,1,1,0,0,0,0,0,13.45423,52.49389
8,8401241,2019,9,13,7,3,5,3,0,0,1,0,0,0,0,0,13.47759,52.43016
4,4501040,2019,9,9,6,3,6,7,0,0,1,1,0,0,0,0,13.31323,52.50192
12,12200411,2019,9,21,6,3,4,6,2,1,1,0,0,0,0,0,13.32418,52.56588
10,10200417,2019,9,13,7,3,5,3,0,1,1,0,0,0,0,0,13.59283,52.54824
4,4400725,2019,9,9,6,2,0,1,0,0,0,0,1,0,0,0,13.28067,52.49905
2,2400521,2019,9,7,6,3,5,2,0,0,1,0,0,0,0,0,13.42984,52.52328
2,2300316,2019,9,12,7,3,0,3,0,0,1,0,1,0,0,0,13.43351,52.5051
8,8100208,2019,9,17,6,3,2,2,0,0,1,0,0,0,0,0,13.44165,52.46968
12,12100101,2019,9,3,6,3,0,1,2,0,0,0,1,0,0,0,13.36454,52.56269
6,6100208,2019,9,12,7,3,2,6,0,0,1,0,0,0,0,0,13.33805,52.4513
8,8401242,2019,9,20,6,3,5,3,2,0,1,0,0,0,0,0,13.48539,52.42419
4,4100101,2019,9,11,7,3,0,1,0,0,1,0,1,0,0,0,13.32417,52.54227
12,12601134,2019,9,18,6,3,2,6,0,0,1,0,0,0,0,0,13.36403,52.60635
6,6400839,2019,9,11,7,3,5,3,0,0,1,0,0,0,0,0,13.25836,52.43569
1,1100308,2019,9,18,6,3,6,4,0,0,1,1,0,0,0,0,13.38672,52.52757
10,10100206,2019,9,11,7,3,0,1,0,0,0,0,1,0,0,0,13.55482,52.55774
5,5100207,2019,9,17,6,2,5,3,0,0,1,0,1,0,0,0,13.13696,52.54811
9,9501941,2019,9,18,6,3,5,2,0,1,1,0,0,0,0,0,13.56246,52.45665
5,5200420,2019,9,10,7,3,5,2,0,1,1,0,0,0,0,0,13.18176,52.53408
2,2100106,2019,9,10,7,3,5,7,0,1,1,0,0,0,0,0,13.41052,52.49845
3,3400830,2019,9,17,6,3,5,3,0,1,1,0,0,0,0,0,13.42175,52.56265
8,8100206,2019,9,17,6,3,2,6,0,0,1,0,0,0,0,0,13.42682,52.48104
9,9501941,2019,9,10,7,3,5,7,0,0,1,0,0,0,1,0,13.57331,52.45008
4,4300622,2019,9,16,6,3,5,3,0,1,1,0,0,0,0,0,13.31735,52.5121
1,1100102,2019,9,12,7,3,1,5,0,1,1,0,0,0,0,0,13.37121,52.51778
1,1300834,2019,9,16,6,3,4,6,0,1,0,0,0,0,1,0,13.39104,52.54455
1,1401044,2019,9,23,6,3,2,6,2,0,1,0,0,0,0,0,13.37425,52.55683
1,1400938,2019,9,16,6,2,5,3,0,0,1,0,0,0,1,0,13.34686,52.55329
4,4300622,2019,9,18,6,3,1,5,0,1,1,0,0,0,0,0,13.3296,52.50547
10,10100313,2019,9,16,6,3,2,6,0,0,1,0,0,0,1,0,13.55516,52.53391
7,7400720,2019,9,14,2,3,5,3,0,0,1,0,0,0,1,0,13.38044,52.47247
9,9100203,2019,9,16,2,3,2,6,0,0,1,0,0,0,0,1,13.47425,52.47524
1,1400942,2019,9,15,2,3,2,6,0,0,1,0,0,0,0,1,13.3495,52.54895
12,12200515,2019,9,16,2,2,6,4,0,0,1,1,0,0,0,0,13.28602,52.58716
12,12200414,2019,9,16,2,3,0,4,0,0,1,1,0,0,0,0,13.27788,52.57272
1,1100310,2019,9,16,2,2,5,3,0,0,0,0,1,0,1,1,13.41538,52.52271
2,2500726,2019,9,16,2,3,5,3,0,0,1,0,0,0,0,1,13.44896,52.5243
5,5200631,2019,9,16,2,3,1,5,0,1,1,0,0,0,0,1,13.196,52.52716
9,9200715,2019,9,16,2,3,5,3,0,0,1,0,0,0,1,0,13.53271,52.42877
1,1300733,2019,9,6,2,3,5,2,0,1,1,0,0,0,0,0,13.38417,52.55604
6,6100206,2019,9,12,2,3,3,6,0,0,1,0,0,0,1,1,13.33841,52.4492
6,6200311,2019,9,12,2,2,6,2,0,0,1,1,0,0,0,1,13.36207,52.43461
4,4501042,2019,9,12,2,2,2,7,0,0,1,0,0,0,0,1,13.33332,52.50416
6,6300527,2019,9,9,2,3,6,4,0,0,1,1,0,0,0,1,13.25934,52.43072
5,5100105,2019,9,9,2,3,2,2,0,0,1,0,0,0,0,1,13.20108,52.55543
8,8100418,2019,9,11,2,3,5,3,0,0,1,0,1,0,0,1,13.45168,52.47805
3,3601142,2019,9,10,2,3,2,6,0,0,1,0,0,0,0,1,13.41257,52.54524
4,4501148,2019,9,9,2,3,5,2,0,0,1,0,0,0,0,1,13.31389,52.48099
4,4300621,2019,9,8,2,3,5,2,0,1,1,0,0,0,0,1,13.31477,52.51198
2,2300316,2019,9,8,2,3,0,5,0,1,1,0,0,0,0,1,13.44342,52.50091
4,4100101,2019,9,7,2,3,5,2,0,1,1,0,0,0,0,1,13.28259,52.53389
4,4200311,2019,9,7,2,3,2,6,0,0,1,0,0,0,0,1,13.2738,52.50009
1,1300834,2019,9,6,2,3,6,2,2,0,1,1,0,0,0,1,13.39376,52.54126
7,7501030,2019,9,6,2,2,6,2,2,0,1,1,0,0,0,1,13.38561,52.44556
8,8200832,2019,9,6,2,3,6,4,2,0,1,1,0,0,0,1,13.43805,52.4175
2,2500830,2019,9,6,2,3,2,6,2,0,1,0,0,1,0,1,13.47048,52.50604
6,6200315,2019,9,5,2,3,5,2,2,1,1,0,0,0,0,1,13.35533,52.42768
1,1300733,2019,9,18,2,3,5,2,0,1,1,0,0,0,0,0,13.3842,52.55566
8,8301037,2019,9,18,1,3,2,7,2,0,1,0,1,0,1,1,13.46508,52.42596
1,1100101,2019,9,17,1,3,0,4,0,0,0,1,1,0,0,1,13.34101,52.50524
1,1100416,2019,9,16,1,3,2,6,0,0,1,0,0,0,0,1,13.39882,52.53281
4,4300623,2019,9,16,1,2,5,3,0,0,1,0,0,0,0,1,13.31371,52.50623
5,5200423,2019,9,15,1,2,5,2,1,0,1,0,0,0,0,1,13.14147,52.53249
1,1100308,2019,9,14,1,3,0,1,0,0,0,0,0,0,1,1,13.38732,52.52632
10,10200422,2019,9,14,1,3,5,3,0,0,1,0,0,0,1,1,13.61163,52.54008
8,8200831,2019,9,13,1,3,2,6,0,0,1,0,0,0,0,1,13.40308,52.41493
7,7200308,2019,9,13,1,3,3,6,0,1,1,0,0,0,0,1,13.34144,52.47642
4,4200311,2019,9,12,1,3,3,6,0,0,1,0,0,0,0,1,13.28069,52.50675
2,2300314,2019,9,12,1,2,4,7,0,1,0,0,0,0,1,1,13.42478,52.50194
5,5300735,2019,9,8,1,3,1,5,0,0,1,0,0,0,0,0,13.23264,52.543
3,3601450,2019,9,19,1,3,0,6,2,0,1,0,0,0,0,1,13.45943,52.52937
2,2200210,2019,9,8,1,3,5,3,0,1,1,0,0,0,0,1,13.39451,52.49179
1,1400938,2019,9,19,1,3,5,2,1,0,1,0,0,0,0,1,13.33498,52.56017
6,6200313,2019,9,18,1,3,5,7,1,0,1,0,1,0,0,1,13.34517,52.43692
8,8100310,2019,9,17,1,3,5,2,0,1,0,0,0,0,1,1,13.4397,52.48392
4,4400728,2019,9,21,7,3,1,1,2,0,1,0,0,0,0,1,13.26438,52.48491
7,7400720,2019,10,17,3,3,2,6,1,0,1,0,1,0,0,1,13.40002,52.48374
1,1100102,2019,9,13,7,2,2,6,0,1,0,0,0,0,1,0,13.35044,52.51371
1,1100313,2019,10,17,3,3,1,5,0,1,1,0,0,0,0,1,13.42301,52.50653
7,7400928,2019,9,15,7,3,1,5,1,0,1,0,0,0,0,1,13.41894,52.46097
6,6200317,2019,10,17,3,3,5,3,0,0,1,0,0,0,0,1,13.35728,52.42298
4,4501042,2019,9,22,7,3,0,2,2,0,0,1,0,0,1,0,13.33254,52.50602
6,6100205,2019,10,16,3,3,2,6,0,0,1,0,0,0,0,1,13.3586,52.44824
7,7501134,2019,10,16,3,3,2,2,0,0,1,0,0,0,1,1,13.39729,52.42383
1,1100308,2019,9,23,7,3,5,2,2,1,1,0,0,0,0,0,13.37941,52.52943
7,7100206,2019,10,16,3,3,2,6,0,0,1,0,1,0,0,1,13.36388,52.49733
4,4400728,2019,9,21,7,3,8,1,2,0,1,0,0,0,0,1,13.28103,52.47696
4,4200311,2019,10,16,3,3,2,6,0,0,1,0,0,0,0,1,13.27935,52.51273
8,8200725,2019,10,15,3,3,5,3,0,0,1,0,0,0,0,1,13.42168,52.44112
4,4400728,2019,9,19,7,2,5,2,2,0,1,0,1,0,0,1,13.26583,52.4834
11,11100309,2019,10,15,3,3,6,4,0,0,1,1,0,0,0,1,13.50472,52.56351
5,5100313,2019,9,18,7,3,0,1,0,1,1,0,0,0,0,1,13.21784,52.5479
8,8100208,2019,10,15,3,3,2,2,0,0,1,0,0,0,0,1,13.43748,52.46934
8,8100310,2019,9,18,7,3,0,5,0,1,1,0,0,0,0,1,13.42663,52.48746
1,1300733,2019,10,14,3,3,5,2,0,1,1,0,0,0,0,1,13.38669,52.55553
9,9502043,2019,9,15,7,3,0,1,0,0,0,0,1,0,0,1,13.58097,52.46024
12,12200411,2019,10,10,3,3,0,5,0,0,1,0,0,0,1,1,13.32892,52.56616
11,11200514,2019,10,9,3,3,2,7,0,0,0,0,0,1,1,1,13.49856,52.53811
1,1100312,2019,9,17,7,3,2,7,0,0,1,0,0,0,0,1,13.40765,52.50983
12,12200414,2019,9,15,7,3,0,6,0,0,1,0,1,0,0,1,13.29532,52.54997
9,9301228,2019,10,9,3,3,5,2,0,0,1,0,0,0,1,1,13.69251,52.37167
10,10100316,2019,9,16,7,3,0,5,0,0,1,0,0,0,0,0,13.57571,52.5414
2,2300314,2019,10,14,3,3,5,3,0,1,1,0,0,0,0,1,13.42198,52.49904
11,11200411,2019,9,15,7,3,2,6,0,0,1,0,0,0,0,1,13.50871,52.55017
1,1100206,2019,10,2,3,3,0,7,2,0,0,0,0,0,1,0,13.38831,52.52006
7,7501031,2019,10,13,3,3,5,2,0,0,1,0,0,0,0,1,13.40799,52.45249
7,7501030,2019,9,16,7,2,5,2,0,0,1,0,1,0,0,1,13.37404,52.44507
1,1100207,2019,9,14,7,3,2,6,0,0,1,0,0,0,0,1,13.40045,52.50991
2,2200209,2019,10,12,3,3,2,2,0,0,1,0,0,0,1,1,13.37676,52.4914
12,12500824,2019,10,11,3,3,5,2,0,0,1,0,0,0,1,1,13.29225,52.59059
6,6200423,2019,9,14,7,3,5,2,0,1,1,0,0,0,0,1,13.34174,52.41594
5,5400942,2019,10,10,3,2,5,3,0,0,1,0,0,1,0,1,13.15854,52.46262
2,2200210,2019,9,12,7,3,3,6,0,1,0,0,0,0,1,1,13.39612,52.49138
1,1300733,2019,10,20,2,3,5,2,0,0,1,0,0,0,1,0,13.38427,52.55605
11,11100204,2019,10,14,2,3,2,2,0,0,1,0,0,0,0,0,13.52799,52.55684
4,4501042,2019,9,12,7,3,0,4,0,0,0,1,1,0,0,1,13.33341,52.50218
3,3701555,2019,10,17,2,3,5,3,0,0,0,0,1,0,1,0,13.41566,52.53166
5,5200634,2019,9,9,7,3,0,1,0,0,0,0,1,0,0,1,13.20099,52.51218
2,2300314,2019,10,20,2,2,5,2,2,0,1,0,1,0,0,0,13.41927,52.50128
8,8100310,2019,9,9,7,3,0,1,0,0,0,0,1,0,0,1,13.42896,52.48777
4,4300518,2019,10,20,2,3,5,2,2,0,1,0,0,0,0,0,13.30609,52.52329
5,5300735,2019,9,12,7,2,0,6,0,0,0,0,1,0,0,1,13.21023,52.53847
2,2100106,2019,10,19,2,3,5,7,2,0,1,0,1,0,0,0,13.41061,52.49845
4,4300623,2019,10,19,2,3,2,7,2,0,1,0,0,0,0,0,13.30244,52.50983
8,8100102,2019,9,11,7,3,6,4,0,0,1,1,0,0,0,0,13.42719,52.47521
6,6300527,2019,9,11,7,3,0,1,0,1,0,0,0,0,0,1,13.25771,52.43445
1,1100311,2019,10,16,2,3,4,2,0,1,0,0,0,0,0,0,13.41726,52.5159
2,2100101,2019,10,18,2,3,2,6,2,0,1,0,0,0,1,0,13.3889,52.49874
5,5100209,2019,9,10,7,2,5,2,0,1,1,0,0,0,0,1,13.18476,52.54751
8,8401242,2019,10,16,2,3,5,3,0,1,1,0,0,0,0,0,13.4898,52.41993
4,4501150,2019,9,10,7,3,6,7,0,0,1,1,0,0,0,0,13.3215,52.48419
9,9501736,2019,10,18,2,3,1,5,2,1,1,0,0,0,0,0,13.60818,52.45499
1,1100309,2019,10,15,2,2,4,6,0,1,0,0,0,0,1,0,13.39598,52.52832
1,1200520,2019,9,10,7,3,2,6,0,0,1,0,0,0,0,1,13.34333,52.52938
9,9100409,2019,10,15,2,3,5,3,0,1,0,0,1,0,0,0,13.51954,52.44278
7,7400720,2019,9,1,7,3,5,3,2,0,1,0,0,0,0,0,13.3789,52.48062
10,10200417,2019,10,15,2,3,2,6,0,0,1,0,0,0,0,0,13.59949,52.54731
2,2100101,2019,9,15,7,3,5,2,0,0,1,0,0,0,0,1,13.37688,52.50192
8,8100207,2019,10,15,2,3,6,4,0,0,1,1,0,0,0,0,13.42803,52.47564
1,1200626,2019,10,8,2,3,2,2,0,0,1,0,0,0,1,0,13.35094,52.52436
2,2100104,2019,9,11,7,3,5,3,0,0,1,0,0,0,0,0,13.40653,52.50255
2,2300419,2019,10,9,2,3,2,6,0,0,1,0,0,0,0,0,13.44664,52.49856
12,12400723,2019,9,16,6,3,5,2,0,1,1,0,0,0,0,1,13.31711,52.61485
6,6100103,2019,10,14,2,3,0,1,0,0,0,0,1,0,0,0,13.3146,52.46509
4,4501152,2019,9,21,6,3,5,2,2,1,1,0,0,0,0,1,13.33061,52.49316
10,10100313,2019,10,14,2,3,2,2,0,0,1,0,0,0,0,0,13.56184,52.53503
9,9200512,2019,9,17,6,3,0,1,1,0,0,0,1,0,0,1,13.54936,52.45671
7,7300619,2019,10,13,2,3,5,2,0,1,0,0,0,0,1,0,13.36185,52.47468
1,1300733,2019,10,13,2,3,5,3,0,1,0,0,0,0,1,0,13.39226,52.55483
7,7501030,2019,9,15,6,3,4,6,0,0,1,0,1,0,0,1,13.37061,52.44458
7,7400927,2019,9,12,6,3,0,1,0,0,1,0,1,0,0,1,13.40949,52.46405
2,2100101,2019,10,10,2,3,1,7,0,1,1,0,0,0,0,0,13.38663,52.50096
1,1200626,2019,10,13,2,3,6,4,0,0,1,1,0,0,0,0,13.34577,52.52502
12,12200411,2019,9,7,6,3,3,2,0,0,1,0,0,0,0,1,13.32652,52.56252
12,12200411,2019,10,13,2,2,5,3,0,0,1,0,0,0,0,0,13.32131,52.56834
9,9401534,2019,9,13,6,3,5,2,0,1,0,0,0,0,1,1,13.58154,52.4407
11,11400931,2019,10,10,2,3,6,2,0,0,1,1,0,0,0,0,13.51986,52.50595
1,1200517,2019,10,10,2,3,5,2,0,1,0,0,0,1,0,0,13.34436,52.53835
5,5100211,2019,9,19,6,3,2,2,0,0,1,0,0,0,0,0,13.14388,52.54624
6,6400841,2019,10,12,2,3,5,3,0,1,1,0,0,0,0,0,13.26537,52.442
12,12100205,2019,10,10,2,3,5,2,0,0,1,0,0,0,1,0,13.35581,52.58346
7,7601341,2019,9,9,6,3,0,7,0,0,0,0,1,0,1,1,13.37793,52.40758
1,1100207,2019,10,9,2,3,0,7,0,1,0,0,0,0,0,0,13.39416,52.50821
2,2500835,2019,9,14,6,3,0,6,0,0,1,0,0,0,1,0,13.46812,52.50257
8,8100310,2019,10,9,2,3,3,6,0,1,0,0,0,0,1,0,13.43178,52.49228
2,2200210,2019,10,9,2,3,2,6,0,0,1,0,0,0,0,0,13.39664,52.49128
12,12200411,2019,9,13,6,3,5,3,0,0,1,0,0,0,0,1,13.33045,52.56248
4,4100101,2019,9,12,6,3,5,3,0,1,1,0,0,0,0,1,13.32628,52.53793
3,3601245,2019,10,9,2,3,5,3,0,1,1,0,0,0,0,0,13.44225,52.54679
11,11300724,2019,9,14,6,3,3,6,0,0,1,0,0,0,0,1,13.48974,52.51255
7,7400720,2019,10,8,2,3,1,5,0,1,1,0,0,0,0,0,13.38055,52.48196
2,2200208,2019,10,7,2,3,5,3,0,1,1,0,0,0,0,0,13.38015,52.49853
5,5200632,2019,9,15,6,3,2,6,0,0,1,0,0,0,0,0,13.20693,52.52915
1,1300836,2019,9,14,6,3,2,6,0,0,1,0,0,0,0,1,13.37712,52.54363
9,9502043,2019,10,12,2,3,5,3,0,1,1,0,0,0,0,0,13.57825,52.45921
1,1401044,2019,10,12,2,3,5,2,0,0,1,0,0,0,0,0,13.37418,52.55649
10,10200420,2019,9,14,6,3,6,4,0,0,1,1,0,0,0,1,13.58908,52.5424
5,5100315,2019,10,8,2,3,2,2,0,0,1,0,0,0,0,0,13.20003,52.54488
1,1400942,2019,9,14,6,3,5,3,0,1,1,0,0,0,0,1,13.35083,52.5473
4,4500936,2019,10,8,2,3,5,7,0,0,1,0,0,0,0,0,13.30435,52.50353
9,9501941,2019,9,14,6,3,5,2,0,1,1,0,0,0,0,1,13.58628,52.45151
12,12100101,2019,10,7,2,3,5,2,0,1,1,0,0,0,0,0,13.36454,52.56387
5,5100315,2019,9,14,6,3,5,3,0,0,1,0,0,0,0,1,13.1949,52.54489
7,7601547,2019,10,12,2,3,6,2,0,0,1,1,0,0,0,0,13.40973,52.38718
12,12100103,2019,10,1,2,2,1,7,2,0,1,0,0,0,0,0,13.36354,52.57147
6,6300631,2019,9,14,6,3,5,3,0,0,1,0,1,0,0,1,13.29957,52.42138
4,4501045,2019,9,13,6,3,5,2,0,1,1,0,0,0,0,1,13.32345,52.49352
5,5100315,2019,10,11,2,3,1,7,0,0,1,0,0,0,0,0,13.20174,52.54632
3,3601450,2019,10,11,2,2,6,4,0,0,1,1,0,0,0,0,13.45744,52.52872
4,4500939,2019,9,13,6,3,2,2,0,0,1,0,0,0,1,1,13.30792,52.48856
1,1100313,2019,10,11,2,3,5,2,0,0,1,0,1,0,0,0,13.42513,52.50866
2,2200210,2019,9,12,6,3,2,6,0,0,1,0,0,0,1,1,13.39505,52.49765
9,9200510,2019,10,10,2,2,5,3,0,1,1,0,0,0,0,0,13.50835,52.46368
2,2500835,2019,10,5,1,3,1,5,2,1,1,0,0,0,1,1,13.46659,52.50236
7,7601544,2019,9,13,6,3,1,6,0,1,1,0,0,0,0,1,13.39407,52.39764
10,10100208,2019,10,14,1,3,5,3,0,1,1,0,0,0,0,0,13.57286,52.55007
8,8100310,2019,9,12,6,3,1,5,0,1,1,0,0,0,0,1,13.43507,52.4841
1,1300733,2019,10,19,1,3,5,2,2,0,1,0,0,0,0,0,13.38656,52.54942
1,1100207,2019,9,12,6,3,5,2,0,1,1,0,0,0,0,1,13.40459,52.50892
7,7601341,2019,9,12,6,2,6,4,0,0,1,1,0,0,0,1,13.38208,52.39856