BEZ,LOR_ab_2021,UJAHR,UMONAT,USTUNDE,UWOCHENTAG,UKATEGORIE,UART,UTYP1,ULICHTVERH,IstRad,IstPKW,IstFuss,IstKrad,IstGkfz,IstSonstige,USTRZUSTAND,XGCSWGS84,YGCSWGS84
1,1200520,2019,10,18,1,2,6,4,1,0,1,1,0,0,0,0,13.34181,52.53218
5,5100313,2019,10,18,1,3,2,6,1,0,1,0,0,0,0,0,13.21003,52.54837
1,1400940,2019,9,11,6,3,5,2,0,1,1,0,0,0,0,1,13.34793,52.55615
11,11501238,2019,10,21,1,3,2,2,2,0,1,0,1,0,0,0,13.49044,52.49347
1,1100205,2019,9,21,6,2,6,4,2,0,1,1,0,0,0,0,13.38423,52.50993
1,1401044,2019,10,16,1,3,2,6,0,0,1,0,0,0,0,0,13.38257,52.55617
7,7100102,2019,9,18,6,3,5,3,1,1,1,0,0,0,0,1,13.34943,52.49952
8,8200832,2019,10,14,1,3,2,6,0,0,1,0,0,0,0,0,13.43642,52.42388
9,9100306,2019,9,18,6,3,8,1,1,0,1,0,0,0,0,1,13.46318,52.45454
12,12400721,2019,10,14,1,3,2,2,0,1,1,0,0,0,0,0,13.28526,52.63663
7,7400720,2019,10,14,1,3,2,6,0,0,1,0,0,0,0,0,13.38577,52.48432
1,1100206,2019,9,19,6,3,0,1,2,0,0,0,0,0,1,1,13.38902,52.51875
11,11300724,2019,9,18,6,3,5,3,1,0,1,0,0,0,0,1,13.49323,52.51442
8,8100418,2019,10,14,1,3,5,3,0,1,1,0,0,0,0,0,13.44305,52.48231
4,4200308,2019,9,18,6,3,8,1,1,0,1,0,0,0,0,1,13.27821,52.52643
1,1401044,2019,10,13,1,3,6,4,0,0,1,1,0,0,0,0,13.37334,52.5569
1,1200518,2019,9,17,6,3,1,5,0,1,1,0,0,0,0,1,13.32808,52.52744
2,2400625,2019,10,13,1,3,2,2,0,1,1,0,0,0,0,0,13.4409,52.50478
7,7601442,2019,9,16,6,3,5,3,0,0,1,0,0,0,0,1,13.3962,52.39699
12,12200310,2019,10,13,1,3,5,2,0,0,1,0,0,0,0,0,13.31414,52.57671
6,6400838,2019,10,13,1,3,5,3,0,1,1,0,0,0,0,0,13.22667,52.43974
4,4300416,2019,9,17,6,3,4,6,0,0,1,0,1,0,0,1,13.29031,52.50301
5,5100208,2019,10,12,1,3,5,2,0,1,1,0,0,0,0,0,13.16187,52.54638
7,7601443,2019,9,16,6,3,2,6,0,0,1,0,1,0,0,1,13.41001,52.39895
7,7100102,2019,10,11,1,3,6,4,0,0,0,1,0,0,1,0,13.34822,52.50239
11,11501341,2019,9,16,6,3,6,4,0,0,1,1,0,0,0,1,13.52496,52.48014
2,2400521,2019,10,9,1,3,5,3,0,1,1,0,0,0,0,0,13.43093,52.5128
1,1300834,2019,9,16,6,3,2,6,0,0,1,0,0,0,0,1,13.39408,52.54085
8,8200727,2019,10,1,1,2,1,5,2,0,1,0,0,0,1,0,13.44665,52.44029
8,8200624,2019,9,16,6,3,3,6,0,0,1,0,1,0,0,1,13.42051,52.45216
4,4400728,2019,9,15,6,3,5,3,0,0,1,0,0,0,1,1,13.27881,52.47769
12,12500824,2019,10,0,1,2,5,2,2,0,1,0,1,0,0,1,13.292,52.59058
4,4300518,2019,9,15,6,3,6,4,0,0,1,1,0,0,0,1,13.30619,52.52667
12,12200411,2019,10,13,7,3,2,6,0,0,1,0,0,0,0,0,13.31227,52.56792
12,12601031,2019,10,16,7,3,8,1,0,0,1,0,0,0,0,0,13.33471,52.60334
3,3500934,2019,9,11,6,3,0,1,0,1,1,1,0,0,0,1,13.43833,52.55517
10,10400939,2019,9,9,6,3,5,2,0,1,1,0,0,0,0,1,13.61262,52.50759
2,2100104,2019,10,16,7,3,5,3,0,1,1,0,0,0,0,0,13.41117,52.50351
5,5100210,2019,9,10,6,3,2,6,0,0,1,0,0,0,1,1,13.18498,52.54754
1,1100206,2019,10,14,7,3,0,1,0,1,0,0,0,0,0,0,13.38096,52.51637
9,9200717,2019,9,10,6,3,5,3,0,1,1,0,0,0,0,1,13.54998,52.43636
7,7100101,2019,10,20,7,3,6,7,2,1,0,1,0,0,0,1,13.34115,52.50252
1,1100103,2019,9,10,6,3,5,2,0,1,1,0,0,0,0,1,13.35121,52.5043
7,7501133,2019,10,19,7,3,5,2,2,0,1,0,0,0,0,0,13.39005,52.43435
4,4300518,2019,10,18,7,3,2,6,1,0,1,0,0,0,0,1,13.30591,52.52348
9,9501941,2019,10,18,7,3,9,1,0,0,0,0,1,0,0,0,13.5668,52.45516
4,4500939,2019,9,10,6,3,6,4,0,0,1,1,0,0,0,1,13.30155,52.49447
3,3500935,2019,10,17,7,3,0,7,0,0,1,0,0,0,1,0,13.44775,52.55322
4,4200311,2019,9,9,6,2,5,3,0,0,1,0,0,0,0,1,13.28147,52.51146
4,4501042,2019,10,14,7,3,6,2,0,0,1,1,0,0,0,0,13.3376,52.5036
12,12100103,2019,9,9,6,3,5,3,0,1,1,0,0,0,0,1,13.35926,52.57425
4,4300623,2019,10,12,7,3,3,6,0,0,1,0,1,0,0,0,13.30719,52.50662
5,5300737,2019,10,12,7,3,6,4,0,0,1,1,0,0,0,0,13.22732,52.54676
9,9200715,2019,9,9,6,2,5,2,0,0,1,0,0,0,0,1,13.55067,52.42903
3,3701657,2019,9,9,6,3,0,5,0,1,0,0,0,1,0,1,13.41943,52.54762
7,7601341,2019,10,11,7,3,2,2,0,0,1,0,0,0,0,0,13.36131,52.41259
3,3500933,2019,10,11,7,3,5,3,0,0,1,0,0,0,0,1,13.45878,52.55028
1,1100103,2019,9,9,6,3,3,6,0,0,1,0,0,0,0,1,13.35106,52.50412
6,6100209,2019,10,7,7,3,5,2,1,0,1,0,0,0,0,1,13.32847,52.46025
5,5100103,2019,9,8,6,3,5,2,0,1,1,0,0,0,0,1,13.20839,52.56204
6,6400844,2019,10,6,7,3,5,3,2,0,1,0,0,0,0,1,13.27067,52.45106
4,4501147,2019,10,5,7,3,2,6,2,0,1,0,0,0,0,1,13.31557,52.48936
1,1100311,2019,10,4,7,3,5,2,2,0,1,0,0,0,0,1,13.4181,52.51548
9,9200715,2019,9,8,6,3,2,6,0,0,1,0,0,0,0,1,13.54703,52.43145
4,4300623,2019,10,19,7,3,1,5,2,1,1,0,0,0,0,1,13.31405,52.5073
8,8100417,2019,9,8,6,3,5,2,0,1,1,0,0,0,0,1,13.45583,52.47381
10,10100210,2019,10,10,6,3,6,4,0,0,1,1,0,0,0,0,13.54901,52.54345
11,11400931,2019,10,19,6,3,6,2,2,0,1,1,0,0,0,1,13.49809,52.5097
9,9200819,2019,9,8,6,3,2,6,0,0,1,0,0,1,0,1,13.56203,52.43738
1,1300733,2019,10,22,6,3,5,2,2,0,1,0,0,0,0,1,13.38416,52.55591
1,1100205,2019,9,9,6,3,2,6,0,1,0,0,0,0,0,1,13.38093,52.51619
6,6300630,2019,10,21,6,3,6,2,2,0,1,1,0,0,0,1,13.31359,52.43531
1,1200623,2019,9,7,6,3,5,7,0,0,1,0,1,0,0,1,13.35005,52.53224
5,5100316,2019,10,21,6,3,2,6,2,0,1,0,0,0,0,1,13.20783,52.53883
6,6400840,2019,10,10,6,3,2,7,0,0,1,0,1,0,0,0,13.25172,52.44884
1,1300836,2019,9,0,6,3,1,5,2,0,1,0,0,0,0,0,13.38028,52.54608
4,4100101,2019,9,8,6,2,0,7,0,0,1,0,0,1,0,1,13.29106,52.54824
5,5100314,2019,10,20,6,3,6,7,2,0,1,1,0,0,0,1,13.21004,52.54899
7,7100102,2019,10,19,6,3,6,2,2,0,1,1,0,0,0,1,13.34621,52.49727
10,10400940,2019,9,12,6,2,0,1,0,0,0,0,1,0,0,1,13.59886,52.47567
5,5200631,2019,10,19,6,3,5,3,2,0,1,0,0,0,0,1,13.19781,52.51938
2,2200212,2019,9,8,6,3,6,4,0,1,0,1,0,0,0,1,13.4119,52.49141
1,1300835,2019,10,17,6,3,0,1,0,0,0,0,1,0,0,1,13.38998,52.53535
7,7501030,2019,9,7,6,3,0,4,0,1,0,1,0,0,0,1,13.38512,52.44807
1,1100205,2019,10,18,6,3,5,7,0,0,1,0,1,0,0,1,13.38302,52.51228
6,6300524,2019,9,18,5,3,5,2,0,0,1,0,0,0,0,0,13.23003,52.43086
4,4100101,2019,10,17,6,3,5,3,1,0,1,0,0,0,0,1,13.27257,52.53922
5,5200632,2019,10,16,6,3,2,6,0,0,1,0,0,0,0,1,13.20684,52.52919
2,2300314,2019,9,21,5,3,5,2,2,1,0,0,0,0,1,0,13.41881,52.50061
4,4200207,2019,9,11,5,3,9,1,0,0,1,0,0,0,0,0,13.20219,52.49321
2,2300316,2019,10,16,6,3,5,3,0,1,1,0,0,0,0,1,13.42683,52.50154
4,4300416,2019,9,11,5,3,2,6,0,0,1,0,0,0,0,0,13.30313,52.50548
3,3200309,2019,10,15,6,3,0,5,0,1,1,0,0,0,0,0,13.43217,52.60441
6,6200423,2019,9,13,5,2,5,5,0,0,1,0,1,0,0,0,13.34001,52.4116
1,1300835,2019,10,14,6,3,0,1,0,0,0,0,1,0,0,1,13.39209,52.53672
4,4400834,2019,9,12,5,2,0,7,0,0,1,0,0,0,1,0,13.31033,52.47899
3,3500934,2019,10,14,6,3,5,2,0,0,1,0,0,0,0,1,13.42912,52.55634
5,5400943,2019,9,12,5,2,5,2,0,1,1,0,0,0,0,0,13.12993,52.46416
7,7400823,2019,10,12,6,3,5,2,0,0,1,0,1,0,0,0,13.37819,52.45621
2,2300316,2019,10,10,6,3,2,2,0,0,1,0,0,0,0,0,13.44206,52.50102
5,5100316,2019,9,12,5,2,6,4,0,0,0,1,1,0,0,0,13.20602,52.53524
12,12200411,2019,10,14,6,3,2,6,0,0,1,0,0,0,0,1,13.33093,52.56231
1,1300834,2019,9,10,5,3,5,3,0,0,1,0,0,0,1,0,13.38751,52.54898
6,6100207,2019,10,13,6,3,2,6,0,0,1,0,0,0,0,1,13.32947,52.45388
7,7400823,2019,10,5,6,2,5,2,2,1,1,0,0,0,0,0,13.37798,52.46863
1,1100308,2019,9,10,5,3,2,6,0,0,1,0,0,0,0,0,13.37518,52.53687
8,8100314,2019,10,0,6,3,5,2,2,1,1,0,0,0,0,0,13.43768,52.48124
3,3601142,2019,9,8,5,3,1,5,0,1,1,0,0,0,0,0,13.40589,52.54587
4,4300619,2019,10,0,6,3,5,3,2,0,1,0,0,0,0,0,13.30643,52.51758
7,7200411,2019,9,8,5,3,1,5,0,1,0,0,0,0,1,0,13.3528,52.48988
2,2300417,2019,10,17,5,3,6,7,0,0,0,1,0,0,1,0,13.42277,52.4958
6,6300527,2019,9,8,5,3,5,3,0,1,1,0,0,0,0,0,13.25596,52.4359
3,3500936,2019,10,14,5,3,5,3,0,0,1,0,0,0,0,1,13.45325,52.54774
9,9200613,2019,10,13,5,2,5,3,0,0,1,0,0,0,0,1,13.50359,52.46072
6,6200423,2019,9,7,5,3,5,3,0,0,1,0,0,0,0,0,13.34034,52.4161
5,5100312,2019,9,7,5,3,4,6,0,1,0,0,0,0,0,0,13.20062,52.54923
5,5300735,2019,10,11,5,2,4,6,0,0,1,0,0,0,0,1,13.23623,52.55009
2,2100102,2019,9,7,5,2,5,3,0,1,1,0,0,0,0,0,13.39584,52.49902
8,8200727,2019,10,11,5,3,5,3,0,0,1,0,0,0,0,1,13.4528,52.44535
3,3701660,2019,9,16,5,3,6,7,0,1,0,1,0,0,0,0,13.43352,52.53348
1,1100309,2019,10,10,5,2,0,7,0,0,1,0,0,0,0,1,13.40345,52.52988
11,11200411,2019,9,16,5,3,5,3,0,0,1,0,1,0,0,0,13.50485,52.54647
8,8100310,2019,10,23,5,3,5,3,2,0,1,0,0,0,0,0,13.43604,52.48901
1,1300835,2019,10,10,5,3,0,1,0,0,0,0,1,0,0,1,13.38989,52.53527
3,3601449,2019,9,18,5,3,5,3,1,1,1,0,0,0,0,0,13.44586,52.54477
1,1100308,2019,10,9,5,3,0,1,0,0,0,0,1,0,0,1,13.37859,52.52926
9,9301126,2019,9,18,5,3,5,3,2,1,1,0,0,0,0,0,13.58094,52.41699
2,2100101,2019,10,4,5,2,6,2,2,0,1,1,0,0,0,1,13.38605,52.50648
4,4500938,2019,9,16,5,3,5,2,0,0,1,0,0,0,0,0,13.28773,52.49614
8,8100104,2019,10,19,5,3,5,3,2,0,1,0,0,0,1,0,13.43193,52.46645
3,3100101,2019,9,16,5,3,2,6,0,0,1,0,0,0,0,0,13.45036,52.61919
1,1200518,2019,10,16,5,3,1,5,0,1,1,0,0,0,0,1,13.32777,52.52748
4,4300412,2019,10,14,5,3,2,6,0,0,1,0,0,0,0,1,13.28381,52.51869
1,1100207,2019,9,16,5,3,5,2,0,1,1,0,0,0,0,0,13.38991,52.5103
11,11100102,2019,10,14,5,3,1,1,0,0,1,0,0,0,0,1,13.54094,52.56895
12,12400618,2019,9,18,5,3,6,6,1,0,1,1,0,0,0,0,13.21546,52.59835
2,2100104,2019,10,18,5,2,5,3,2,0,1,0,0,0,1,0,13.40523,52.50518
8,8200727,2019,9,18,5,3,5,2,0,1,0,0,0,0,1,0,13.43364,52.44534
1,1100102,2019,10,18,4,2,6,4,1,0,1,1,0,0,0,1,13.37586,52.51776
3,3701657,2019,9,15,5,3,3,6,0,1,1,0,0,0,0,0,13.42586,52.5432
9,9501941,2019,10,7,4,3,6,2,0,0,1,1,0,0,0,1,13.57448,52.45282
6,6400843,2019,10,7,4,3,0,1,2,0,0,0,1,0,0,1,13.29942,52.45452
11,11300721,2019,9,14,5,3,0,6,0,0,1,0,0,0,1,0,13.49972,52.53433
4,4501153,2019,9,14,5,3,6,4,0,0,1,1,0,0,0,0,13.33321,52.48761
8,8100418,2019,10,7,4,3,6,4,2,0,1,1,0,0,0,1,13.44878,52.47845
6,6100102,2019,10,7,4,3,3,6,0,1,0,0,0,0,1,0,13.31477,52.46397
7,7200307,2019,9,14,5,3,5,7,0,0,1,0,1,0,0,0,13.34371,52.48887
3,3300516,2019,10,18,4,3,5,7,0,0,1,0,1,0,0,0,13.42913,52.56161
1,1400940,2019,9,14,5,3,2,7,0,0,1,0,0,0,0,0,13.3561,52.55534
1,1100102,2019,10,17,4,2,5,2,0,0,1,0,1,0,0,0,13.33794,52.51375
5,5300737,2019,10,17,4,3,2,6,0,0,1,0,0,0,0,1,13.23602,52.54191
7,7100101,2019,9,18,5,3,2,6,1,0,1,0,0,0,0,0,13.34275,52.50213
8,8100417,2019,10,16,4,3,6,2,0,0,1,1,0,0,0,0,13.45462,52.47466
1,1200517,2019,10,16,4,3,0,1,0,0,0,0,0,0,1,1,13.31905,52.53113
1,1100104,2019,9,17,5,2,3,6,0,0,1,0,1,0,0,0,13.37124,52.50493
8,8100417,2019,10,16,4,3,1,5,0,1,1,0,0,0,0,1,13.44361,52.47064
2,7100206,2019,9,14,5,3,3,6,0,0,1,0,1,0,0,0,13.37638,52.49157
6,6300632,2019,10,16,4,3,0,2,0,1,0,0,0,0,1,0,13.30409,52.42656
7,7200308,2019,10,23,4,2,5,7,2,0,1,0,1,0,0,0,13.32857,52.47365
12,12500927,2019,9,18,5,3,5,2,0,1,1,0,0,0,0,0,13.3252,52.59409
8,8100310,2019,10,16,4,3,5,3,0,1,0,0,1,0,0,0,13.43345,52.48939
7,7100102,2019,9,13,5,3,6,2,0,0,1,1,0,0,0,0,13.34592,52.49891
1,1100313,2019,10,22,4,3,0,7,2,0,0,1,0,0,1,0,13.41945,52.51226
1,1100415,2019,9,17,5,3,5,7,0,0,1,0,0,0,0,0,13.38542,52.53121
12,12200307,2019,10,15,4,3,5,3,0,0,1,0,0,0,1,0,13.3305,52.57115
1,1400938,2019,10,15,4,3,2,6,0,0,1,0,0,0,0,0,13.33867,52.54326
4,4300619,2019,9,17,5,3,1,5,0,0,1,0,1,0,0,0,13.30884,52.51679
1,1400942,2019,9,13,5,3,2,2,0,1,1,0,0,0,0,0,13.34584,52.54479
1,1401047,2019,10,22,4,3,1,5,2,1,1,0,0,0,0,0,13.36133,52.54467
12,12200411,2019,10,21,4,3,5,2,2,0,1,0,0,0,0,0,13.32191,52.56053
4,4400832,2019,9,17,5,3,2,6,0,0,1,0,0,0,0,0,13.28984,52.4707
3,3500933,2019,10,13,4,2,6,4,0,0,1,1,0,0,0,1,13.46567,52.55744
8,8100209,2019,9,17,5,3,5,3,0,0,1,0,0,0,0,1,13.43744,52.46363
1,2100102,2019,10,13,4,3,2,6,0,0,1,0,0,0,1,0,13.40435,52.50778
3,3400620,2019,10,13,4,3,2,6,0,0,1,0,0,1,0,0,13.38215,52.57344
9,9300923,2019,9,0,5,3,1,1,2,0,1,0,0,0,0,1,13.54183,52.40356
7,7400927,2019,10,12,4,2,4,6,0,0,1,0,0,0,0,0,13.40964,52.46406
8,8100314,2019,10,20,4,3,6,2,2,0,1,1,0,0,0,0,13.42897,52.48418
2,2100104,2019,9,7,5,3,0,1,0,1,0,0,0,0,0,1,13.40962,52.50403
6,6100208,2019,10,12,4,3,6,2,0,0,1,1,0,0,0,1,13.32989,52.45814
9,9501838,2019,9,8,5,2,0,1,0,0,0,0,1,0,0,1,13.68344,52.44361
3,3400830,2019,10,20,4,3,5,3,2,1,1,0,0,0,0,0,13.42772,52.56058
8,8401139,2019,10,11,4,2,5,3,0,0,1,0,0,0,0,1,13.45874,52.44031
2,2300314,2019,9,1,5,2,0,1,2,1,0,0,0,0,0,1,13.42175,52.49904
3,3400620,2019,9,8,5,3,6,4,0,0,0,1,1,0,0,0,13.37887,52.5761
3,3200206,2019,10,11,4,3,5,3,0,0,1,0,0,0,0,1,13.39719,52.58681
1,1100308,2019,10,18,4,3,2,6,2,1,1,0,0,0,0,0,13.37717,52.52219
7,7601442,2019,9,19,4,3,2,6,1,0,1,0,0,0,0,0,13.39299,52.41273
1,1200517,2019,10,10,4,3,2,6,0,0,1,0,0,0,0,1,13.32838,52.53355
2,2500833,2019,9,10,4,3,0,3,0,1,0,0,0,0,0,0,13.45151,52.51079
1,1100207,2019,9,12,4,3,0,1,0,1,0,0,0,0,0,1,13.40567,52.51412
1,1300836,2019,10,8,4,3,5,2,0,1,1,0,0,0,0,1,13.37958,52.54554
7,7100102,2019,10,10,4,3,2,6,0,0,1,0,0,0,0,1,13.34602,52.49626
2,2100102,2019,9,9,4,3,5,3,0,1,1,0,0,0,0,1,13.39441,52.5069
1,1100206,2019,10,8,4,3,5,2,0,1,1,0,0,0,0,1,13.38664,52.5119
3,3300516,2019,9,16,4,3,5,3,0,0,1,0,0,0,0,1,13.44553,52.56507
7,7501133,2019,10,10,4,3,5,2,0,0,1,0,0,0,0,1,13.39005,52.43435
4,4501043,2019,9,23,4,3,5,7,2,1,1,0,0,0,0,0,13.31514,52.49892
11,11300721,2019,10,10,4,2,2,1,0,0,1,0,0,0,1,1,13.48527,52.53351
1,1100309,2019,9,21,4,3,0,6,2,1,0,1,0,0,0,1,13.3917,52.52717
2,2200210,2019,10,8,4,3,0,2,0,1,1,0,0,0,0,1,13.40134,52.49299
3,3400723,2019,9,21,4,3,0,7,2,0,0,0,0,0,1,1,13.41428,52.57215
2,2400521,2019,10,8,4,2,5,2,0,0,1,0,1,0,0,1,13.42628,52.5159
11,11100204,2019,9,20,4,3,5,2,2,0,1,0,0,0,0,1,13.52815,52.55697
11,11300721,2019,10,10,4,2,0,1,0,1,0,0,0,0,0,1,13.48742,52.52663
1,1401049,2019,9,20,4,3,6,4,2,0,1,1,0,0,0,1,13.35879,52.55378
8,8200622,2019,10,6,4,3,8,1,2,0,1,0,0,0,0,1,13.45247,52.45258
6,6100103,2019,10,9,4,3,0,1,0,0,0,0,1,0,0,1,13.31447,52.46507
1,1401047,2019,9,20,4,3,0,7,2,1,1,0,0,0,0,0,13.35759,52.54106
9,9100305,2019,10,9,4,3,2,4,0,0,1,1,0,0,0,1,13.48723,52.46571
10,10100313,2019,9,19,4,3,0,3,2,0,1,0,1,0,0,1,13.53978,52.54008
4,4200308,2019,10,9,4,2,6,4,0,0,1,1,0,0,0,1,13.28052,52.5185
10,10200422,2019,10,16,4,3,2,6,0,0,1,0,0,0,1,0,13.60428,52.5402
1,1200628,2019,9,19,4,2,6,4,2,0,0,1,0,0,1,0,13.37304,52.52758
9,9401534,2019,10,20,3,3,1,1,2,1,1,0,0,0,0,1,13.57864,52.44384
2,2200212,2019,9,19,4,3,5,2,2,1,1,0,0,0,0,1,13.422,52.48699
8,8100417,2019,10,19,3,3,6,4,2,0,1,1,0,0,0,1,13.44791,52.47776
10,10400835,2019,9,19,4,3,5,3,2,1,1,0,0,0,0,1,13.60615,52.52463
11,11501238,2019,10,20,3,3,5,2,2,1,1,0,0,0,0,1,13.48076,52.49912
7,7200308,2019,9,19,4,3,5,2,2,1,1,0,0,0,0,1,13.32202,52.47354
7,7200411,2019,10,19,3,3,5,3,2,0,1,0,0,0,0,1,13.34755,52.48709
5,5100316,2019,10,18,3,3,5,2,0,0,1,0,0,0,0,0,13.19964,52.53462
1,1100205,2019,9,14,4,3,0,6,0,0,1,0,0,0,1,0,13.38332,52.51142
1,1401049,2019,9,18,4,3,1,1,1,0,1,0,0,0,0,1,13.36338,52.55656
3,3601142,2019,10,15,3,3,5,2,0,1,1,0,0,0,0,0,13.41192,52.54104
12,1400938,2019,9,17,4,2,5,3,0,0,1,0,0,0,1,1,13.33213,52.56178
11,11200410,2019,10,21,3,3,6,7,2,1,0,1,0,0,0,1,13.52423,52.55423
2,2500833,2019,9,17,4,3,5,3,0,1,1,0,0,0,0,1,13.46331,52.50828
8,8100314,2019,10,11,3,3,6,7,0,0,1,1,0,0,0,1,13.43556,52.4809
1,1401049,2019,10,17,3,3,5,3,0,0,1,0,0,0,1,1,13.36579,52.55714
2,2100102,2019,9,17,4,3,5,3,0,1,1,0,0,0,0,1,13.39615,52.49838
1,1100416,2019,9,17,4,3,5,3,0,1,1,0,0,0,0,1,13.40439,52.5331
6,6100206,2019,10,17,3,3,5,3,1,1,1,0,0,0,0,1,13.33714,52.44561
1,1100101,2019,10,16,3,3,5,3,0,0,1,0,0,0,1,0,13.34827,52.50682
7,7200308,2019,9,17,4,3,5,3,0,1,1,0,0,0,0,1,13.32868,52.47293
1,1300834,2019,10,15,3,3,6,7,0,0,0,1,0,0,1,1,13.39293,52.54878
6,6400736,2019,9,16,4,3,5,3,0,1,1,0,0,0,0,1,13.22915,52.42643
7,7100102,2019,10,16,3,3,5,2,0,0,1,0,1,0,0,1,13.34592,52.49886
6,6400737,2019,10,15,3,3,0,3,0,1,1,0,0,0,0,1,13.21762,52.4344
2,2100106,2019,9,20,4,2,0,1,2,0,0,0,1,0,0,1,13.4174,52.49902
4,4500936,2019,10,15,3,3,0,1,0,0,1,0,0,0,1,1,13.29971,52.50047
5,5100208,2019,9,16,4,3,6,4,0,0,1,1,0,0,0,1,13.15398,52.54926
5,5100314,2019,10,15,3,3,0,7,0,0,0,0,1,0,0,1,13.20648,52.54326
4,4501150,2019,9,16,4,3,0,6,0,0,1,0,1,0,0,1,13.32354,52.49332
4,4300517,2019,10,15,3,2,5,2,0,0,1,0,0,0,0,1,13.29742,52.52647
1,1401044,2019,9,18,4,3,0,7,1,0,0,0,1,0,0,1,13.38043,52.55603
4,4300622,2019,10,15,3,3,2,6,0,1,1,0,0,0,0,0,13.32916,52.50936
2,2500726,2019,10,14,3,2,3,6,0,0,1,0,0,1,0,1,13.44948,52.52679
5,5300735,2019,9,16,4,3,4,1,0,0,1,0,0,0,0,1,13.23622,52.55011
1,1200629,2019,9,8,4,3,5,2,0,1,1,0,0,0,0,0,13.33976,52.51889
2,2500726,2019,10,14,3,3,3,6,0,1,1,0,0,0,0,1,13.45119,52.52662
1,1401049,2019,10,14,3,3,2,6,0,0,1,0,0,0,1,1,13.3587,52.55373
1,1100207,2019,9,8,4,3,2,6,0,1,1,0,0,0,0,1,13.39159,52.51211
5,5100314,2019,10,14,3,3,5,3,0,1,1,0,0,0,0,1,13.20471,52.54431
2,2300316,2019,9,16,4,3,8,1,0,0,1,1,0,0,0,1,13.43192,52.50569
2,2400521,2019,10,14,3,3,2,3,0,0,1,0,0,0,0,1,13.42396,52.51329
11,11200512,2019,9,16,4,3,5,3,0,1,1,0,0,0,0,1,13.48654,52.55206
4,4300620,2019,10,14,3,3,5,2,0,1,1,0,0,0,0,1,13.33161,52.51334
6,6100205,2019,9,16,4,3,0,6,0,0,0,0,1,0,0,1,13.34962,52.44946
4,4501041,2019,10,14,3,3,6,4,0,1,0,1,0,0,0,1,13.31668,52.50051
7,7400823,2019,9,15,4,3,5,3,1,0,1,0,0,0,0,1,13.37207,52.4556
7,7501134,2019,10,13,3,3,2,6,0,0,1,0,1,0,0,1,13.38859,52.43916
5,5100105,2019,9,15,4,3,2,6,0,0,1,0,0,0,0,1,13.19729,52.56089
4,4300624,2019,10,13,3,3,2,6,0,0,1,0,0,0,0,1,13.32041,52.506
4,4500939,2019,10,12,3,3,2,6,0,0,1,0,0,0,0,1,13.3012,52.4947
6,6200311,2019,9,12,4,3,2,6,0,0,1,0,0,0,1,1,13.35072,52.43397
1,1300730,2019,10,12,3,3,5,3,0,1,0,0,0,0,1,1,13.36976,52.55974
1,1401044,2019,9,15,4,3,2,6,0,0,1,0,1,0,0,1,13.3798,52.55639
12,12500930,2019,10,11,3,3,2,3,0,0,1,0,0,0,1,1,13.33543,52.59567
2,2400521,2019,9,12,4,3,5,3,0,1,1,0,0,0,0,1,13.43419,52.52332
9,9501737,2019,10,11,3,3,2,6,0,0,1,0,0,0,0,1,13.61821,52.45543
10,10400835,2019,9,12,4,3,0,1,0,0,0,0,1,0,0,1,13.5907,52.51425
3,3400830,2019,10,11,3,3,6,4,0,0,1,1,0,0,0,1,13.42187,52.56271
4,4300414,2019,10,8,3,2,5,7,0,0,1,0,0,0,0,1,13.29994,52.51839
7,7601236,2019,9,11,4,3,1,5,0,0,1,0,0,0,0,1,13.3532,52.41669
3,3701660,2019,9,11,4,3,6,4,0,0,1,1,0,0,0,1,13.43235,52.5353
3,3300517,2019,10,7,3,3,2,6,0,0,1,0,0,0,1,1,13.48082,52.56649
9,9100101,2019,10,7,3,2,6,4,0,0,1,1,0,0,0,1,13.44142,52.49071
4,4400726,2019,9,11,4,3,0,5,0,1,1,0,0,0,0,0,13.28499,52.49241
11,11200512,2019,10,11,3,3,5,2,0,0,1,0,0,0,1,1,13.48681,52.55222
6,6200313,2019,9,10,4,3,2,2,0,0,1,0,0,0,0,1,13.34771,52.43529
3,3200204,2019,10,10,3,3,0,2,0,1,1,0,0,0,0,1,13.39033,52.61857
9,9501737,2019,10,7,3,3,5,3,0,1,1,0,0,0,0,1,13.6187,52.45528
7,7400823,2019,9,10,4,3,2,2,0,0,1,0,0,0,0,1,13.38559,52.4661
2,2100102,2019,10,10,3,3,6,2,0,0,1,1,0,0,0,1,13.39554,52.49834
1,1200520,2019,10,5,3,3,2,6,2,0,1,0,0,1,0,1,13.32998,52.52721
4,4300412,2019,9,10,4,3,6,4,0,1,0,1,0,0,0,1,13.28924,52.51896
4,4501044,2019,10,9,3,3,5,3,0,1,1,0,0,0,0,1,13.32185,52.49307
2,2100106,2019,10,0,3,3,1,6,2,0,1,0,0,1,1,0,13.40245,52.4983
6,6200421,2019,9,15,4,2,5,3,0,0,1,0,0,1,0,1,13.31331,52.42298
3,3500934,2019,10,9,3,3,5,3,0,1,0,0,0,0,0,1,13.43056,52.5518
1,1300733,2019,9,10,4,3,2,6,0,0,1,0,0,0,0,1,13.38929,52.55015
11,11100205,2019,9,9,2,3,2,6,0,0,1,0,0,0,0,1,13.51232,52.56804
8,8200833,2019,9,10,4,3,5,3,0,0,1,0,0,0,0,1,13.4447,52.42631
1,1100308,2019,9,16,2,2,1,5,0,0,1,0,1,0,0,1,13.38072,52.52833
1,1401044,2019,9,15,4,3,0,3,0,0,0,0,1,0,1,1,13.36929,52.54619
10,10100313,2019,9,15,2,3,5,2,0,0,1,0,0,0,0,0,13.53959,52.5398
6,6100205,2019,9,19,2,3,2,6,1,0,1,0,0,0,0,1,13.34734,52.44993
9,9200614,2019,9,14,4,3,5,3,0,1,1,0,0,0,0,1,13.52662,52.44543
1,1401049,2019,9,9,4,3,2,6,0,0,1,0,0,0,0,1,13.36599,52.55715
6,6200420,2019,9,19,2,3,5,3,2,1,1,0,0,0,0,1,13.30324,52.40885
10,10400938,2019,9,17,2,3,5,2,0,1,1,0,0,0,0,0,13.62676,52.52998
4,4200310,2019,9,14,4,3,3,6,0,0,1,0,0,0,0,1,13.27369,52.50837
4,4400727,2019,9,18,2,3,2,6,0,0,1,0,0,0,0,1,13.29979,52.48743
12,12400619,2019,9,14,4,3,0,7,0,0,0,0,1,0,0,1,13.2666,52.59808