BEZ,LOR_ab_2021,UJAHR,UMONAT,USTUNDE,UWOCHENTAG,UKATEGORIE,UART,UTYP1,ULICHTVERH,IstRad,IstPKW,IstFuss,IstKrad,IstGkfz,IstSonstige,USTRZUSTAND,XGCSWGS84,YGCSWGS84
1,1100207,2019,9,17,2,3,5,3,2,0,1,0,0,0,0,0,13.39415,52.51149
10,10200421,2019,9,13,4,3,6,2,0,0,1,1,0,0,0,0,13.60475,52.53655
4,4501146,2019,9,14,2,3,5,7,0,0,1,0,0,0,0,1,13.30842,52.48765
4,4501148,2019,9,12,4,3,4,6,0,0,1,0,0,0,0,0,13.31994,52.47884
4,4501040,2019,10,18,4,3,0,4,1,1,0,1,0,0,0,1,13.31357,52.50427
1,1100101,2019,10,18,4,3,0,3,1,1,1,0,0,0,0,1,13.34929,52.5085
9,9200512,2019,10,12,4,3,6,4,0,0,1,1,0,0,0,0,13.51607,52.46452
5,5300735,2019,10,17,4,3,2,6,0,0,1,0,0,0,1,1,13.22529,52.5374
1,1100309,2019,10,17,4,3,2,6,0,0,1,0,0,0,0,1,13.40092,52.52963
1,1100416,2019,10,0,4,2,0,1,2,0,0,0,1,0,0,0,13.40359,52.53344
7,7200413,2019,10,11,4,3,5,3,0,1,1,0,0,0,0,1,13.36344,52.47862
4,4400833,2019,10,11,4,2,6,2,0,0,1,1,0,0,0,1,13.30065,52.47395
3,3701657,2019,10,11,4,3,2,6,0,0,1,0,1,0,0,1,13.41458,52.54756
9,9200819,2019,10,9,4,3,5,3,0,1,1,0,0,0,0,1,13.56603,52.44506
1,1300836,2019,10,9,4,3,5,7,0,0,0,0,1,0,1,1,13.37688,52.54345
3,3601244,2019,10,9,4,3,1,5,0,1,0,0,0,1,0,1,13.42463,52.54714
5,5100316,2019,10,9,4,3,2,6,0,0,1,0,0,0,1,1,13.20775,52.5387
3,3701657,2019,10,9,4,3,5,2,0,1,1,0,0,0,0,1,13.42264,52.54459
12,12601032,2019,10,8,4,3,5,3,0,0,1,0,0,0,0,1,13.33417,52.61047
1,1100308,2019,10,8,4,3,0,7,0,0,1,0,0,0,1,1,13.37937,52.5295
9,9200715,2019,10,8,4,3,0,3,0,0,1,0,1,0,0,1,13.52681,52.43768
4,4501151,2019,10,7,4,3,5,5,0,1,1,0,0,0,0,1,13.32195,52.48181
3,3300516,2019,10,7,4,3,6,4,1,0,0,1,1,0,0,0,13.43337,52.55823
8,8200727,2019,10,6,4,3,5,2,2,1,1,0,0,0,0,0,13.43621,52.44908
4,4400830,2019,10,19,4,1,6,4,2,0,1,1,1,0,0,1,13.28765,52.47757
9,9401534,2019,10,15,3,3,3,6,0,1,0,0,0,0,0,0,13.57504,52.4443
2,2200212,2019,10,18,3,3,0,1,1,0,0,0,1,0,0,0,13.41828,52.49377
3,3601245,2019,10,15,3,2,5,3,0,1,1,0,0,0,0,0,13.44367,52.546
2,2300316,2019,10,22,3,3,1,5,2,1,1,0,0,0,1,0,13.43096,52.50619
1,1100308,2019,10,22,3,3,3,6,2,0,1,0,1,0,0,0,13.37932,52.52949
1,1100102,2019,10,13,4,3,6,2,0,0,1,1,0,0,0,1,13.37189,52.50906
2,2500833,2019,10,21,3,3,1,5,2,1,1,0,0,0,0,0,13.45484,52.51018
4,4500938,2019,10,20,3,3,5,7,2,1,1,0,0,0,0,0,13.29425,52.49772
7,7501134,2019,10,20,3,3,2,6,2,0,1,0,0,0,0,0,13.39185,52.4398
1,1300733,2019,10,18,3,3,0,1,1,0,0,0,1,0,0,0,13.3842,52.55573
5,5100101,2019,10,16,3,3,0,4,0,0,0,1,0,0,1,0,13.21854,52.55851
10,10100313,2019,10,15,3,3,5,2,0,0,1,0,0,0,1,0,13.53958,52.5398
9,9502043,2019,10,15,3,3,4,6,0,0,1,0,0,0,0,0,13.56645,52.47326
1,1100205,2019,10,11,3,2,0,5,0,0,1,0,1,0,1,0,13.37732,52.50836
7,7100102,2019,10,14,3,3,1,5,0,1,0,0,1,0,0,0,13.35376,52.49475
11,11300724,2019,10,11,3,2,5,3,0,0,1,1,0,0,0,0,13.47955,52.52055
6,6300629,2019,10,11,3,3,0,1,0,1,0,0,0,0,0,1,13.30048,52.44681
9,9200510,2019,10,11,3,3,5,2,0,1,0,0,0,1,0,0,13.51458,52.46889
1,1100309,2019,10,11,3,3,5,2,0,1,0,0,0,0,0,0,13.39881,52.52888
5,5200631,2019,10,10,3,3,5,2,0,1,1,0,0,0,0,0,13.19594,52.52729
4,4400835,2019,10,9,3,3,1,5,0,1,1,0,0,0,0,1,13.31705,52.47022
1,1100205,2019,10,8,3,3,5,3,0,1,0,1,0,0,0,0,13.38414,52.5101
4,4300622,2019,10,8,3,3,2,6,0,0,1,0,0,0,0,0,13.32325,52.51118
1,1100313,2019,10,9,3,3,4,6,0,1,1,0,0,0,0,0,13.42367,52.5091
3,3701554,2019,10,14,3,3,6,4,0,1,0,1,0,0,0,0,13.40629,52.531
1,1100207,2019,10,8,3,3,2,2,0,1,1,0,0,0,0,0,13.38993,52.50944
7,7501134,2019,10,14,3,3,6,7,0,0,0,1,0,0,1,0,13.40438,52.43952
1,1200517,2019,10,18,3,3,0,2,1,0,1,0,1,0,0,0,13.31519,52.52808
1,1100103,2019,10,14,3,3,2,6,0,0,1,0,0,0,0,0,13.35827,52.50121
9,9100407,2019,10,8,3,3,0,3,0,0,1,0,1,0,0,0,13.50514,52.44505
2,2100106,2019,10,7,3,2,2,6,0,0,1,0,1,0,0,0,13.41853,52.49878
10,10100103,2019,10,18,3,3,2,7,1,0,1,0,0,0,0,0,13.57191,52.56839
5,5300737,2019,10,7,3,3,0,6,0,0,1,0,1,0,0,0,13.24182,52.53854
5,5100314,2019,10,6,3,3,5,3,1,1,1,0,0,0,0,0,13.20535,52.54178
5,5100211,2019,10,17,3,3,5,2,0,1,1,0,0,0,0,0,13.17803,52.54866
2,2400521,2019,10,17,3,3,5,3,0,1,0,0,0,1,0,0,13.43091,52.5128
8,8100310,2019,10,13,3,3,2,6,0,0,1,0,0,0,0,0,13.43244,52.48524
1,1200517,2019,10,17,3,3,5,2,0,0,1,0,1,0,0,0,13.34571,52.53814
12,12500928,2019,10,12,3,3,6,2,0,0,0,1,0,0,1,0,13.31497,52.61029
8,8200727,2019,10,15,3,3,2,6,0,0,1,0,0,0,0,0,13.43414,52.44308
3,3601245,2019,10,12,3,3,5,2,0,0,0,0,1,0,1,0,13.43231,52.54381
9,9200613,2019,10,16,3,3,2,6,0,0,0,0,0,0,1,0,13.49609,52.46625
7,7400927,2019,10,21,2,2,5,3,2,0,1,0,1,0,0,0,13.40011,52.45907
4,4100101,2019,10,21,2,3,6,7,2,0,0,1,0,1,0,0,13.29316,52.53676
1,1200623,2019,10,20,2,3,2,6,2,1,1,0,0,0,0,0,13.35523,52.53485
2,2500833,2019,10,19,2,3,5,2,2,1,1,0,0,0,0,0,13.45282,52.51241
3,3601450,2019,10,18,2,3,2,2,1,1,1,0,0,0,0,0,13.45779,52.52903
1,1100205,2019,10,18,2,3,6,4,1,1,0,1,0,0,0,0,13.37774,52.50802
4,4400728,2019,10,18,2,3,5,2,1,1,1,0,0,0,0,0,13.28101,52.47694
1,1100102,2019,10,17,2,3,5,2,0,1,1,0,0,0,0,0,13.36433,52.50998
8,8200730,2019,10,17,2,2,1,5,0,0,1,0,0,0,0,0,13.43528,52.43427
12,12100205,2019,10,17,2,3,1,5,1,0,1,0,0,0,0,0,13.35086,52.56808
6,6100101,2019,10,16,2,2,0,6,0,0,1,0,0,0,1,0,13.31873,52.45457
10,10100312,2019,10,15,2,3,5,2,0,1,0,0,0,0,1,0,13.54013,52.52566
3,3701554,2019,10,15,2,3,5,7,0,0,0,0,0,0,1,0,13.4112,52.53999
2,2100102,2019,10,15,2,2,6,4,0,0,1,1,0,0,0,0,13.39592,52.50705
2,2200210,2019,10,9,2,3,2,2,0,1,1,0,0,0,0,0,13.39961,52.49429
11,11501339,2019,10,15,2,3,5,5,0,0,1,0,0,0,0,0,13.51016,52.49031
8,8100313,2019,10,15,2,3,0,6,0,1,0,0,0,0,1,0,13.44806,52.4876
5,5200629,2019,10,11,2,2,5,3,0,1,0,0,1,0,0,0,13.18661,52.53259
9,9501737,2019,10,11,2,3,0,6,0,1,0,0,0,0,1,0,13.62495,52.45286
9,9401431,2019,10,11,2,2,0,7,0,1,0,0,0,0,0,0,13.59072,52.44656
1,1300835,2019,10,15,2,3,2,6,0,0,1,0,1,0,0,0,13.39032,52.53559
2,2500835,2019,10,8,2,3,2,6,0,0,1,0,1,0,0,0,13.46907,52.50243
5,5300737,2019,10,14,2,3,2,2,0,0,1,0,0,0,0,0,13.24753,52.53829
1,1401047,2019,10,8,2,3,2,6,0,0,1,0,0,0,0,0,13.36422,52.54363
12,12200411,2019,10,7,2,3,5,2,0,0,1,0,0,0,0,0,13.32911,52.56721
7,7601341,2019,10,13,2,3,2,3,0,0,1,0,1,0,0,0,13.3822,52.39941
11,11200411,2019,10,10,2,2,6,4,0,0,1,1,0,0,0,0,13.49786,52.5469
6,6300633,2019,10,6,2,3,1,5,1,1,1,0,0,0,0,0,13.3082,52.44296
4,4500938,2019,10,10,2,3,5,2,0,0,1,0,0,0,0,0,13.28683,52.49583
8,8100104,2019,10,14,2,3,6,2,0,0,1,1,0,0,0,0,13.43338,52.464
3,3601452,2019,10,6,2,3,5,3,2,1,1,0,0,0,0,1,13.4491,52.52886
9,9100407,2019,10,10,2,3,5,5,0,0,1,0,0,0,0,0,13.50767,52.45317
10,10100312,2019,10,13,2,2,0,3,0,0,1,0,1,0,0,0,13.53863,52.52464
4,4200308,2019,10,10,2,3,5,2,0,0,1,0,1,0,0,0,13.28283,52.51864
4,4300518,2019,10,13,2,3,5,3,0,1,1,0,0,0,0,0,13.30651,52.52893
10,10200629,2019,10,9,2,3,5,2,0,0,1,0,0,0,0,0,13.58375,52.51494
2,2100106,2019,10,9,2,3,2,6,0,0,1,0,1,0,0,0,13.40055,52.49842
3,3601142,2019,10,12,2,2,5,3,0,1,1,0,0,0,0,0,13.41185,52.54105
7,7400720,2019,10,9,2,3,0,1,0,1,0,0,0,0,0,0,13.37732,52.47638
2,2100102,2019,10,8,2,3,0,7,0,0,0,0,1,0,0,1,13.40266,52.50369
7,7400720,2019,10,12,2,3,2,6,0,0,1,0,0,0,0,0,13.37798,52.47296
8,8100206,2019,10,16,1,3,5,3,0,1,1,0,0,0,0,0,13.42765,52.48113
3,3400723,2019,10,22,1,2,3,6,2,1,0,0,0,0,1,0,13.40831,52.56595
3,3400723,2019,10,17,1,3,4,6,0,1,0,0,0,0,0,0,13.4288,52.58054
9,9401329,2019,10,16,1,3,2,6,0,0,1,0,0,0,0,1,13.59244,52.43861
12,12601133,2019,10,16,1,3,0,1,0,0,0,0,1,0,0,0,13.36585,52.6046
3,3400619,2019,10,15,1,3,2,6,0,0,1,0,1,0,0,0,13.37561,52.5811
1,1100101,2019,10,15,1,2,2,6,0,0,1,0,1,0,0,0,13.34949,52.50332
1,1100102,2019,10,13,1,3,5,3,0,1,0,0,1,0,0,0,13.37103,52.5111
12,12200411,2019,10,13,1,3,5,2,0,0,1,0,0,0,1,0,13.32185,52.56057
4,4500939,2019,10,13,1,3,5,5,0,0,1,0,1,0,0,0,13.31189,52.49135
4,4200311,2019,10,12,1,3,2,6,0,0,1,0,0,0,0,0,13.2818,52.51106
8,8200832,2019,10,11,1,3,6,2,0,0,1,1,0,0,0,0,13.41702,52.41822
3,3501038,2019,10,10,1,3,5,3,0,0,1,0,0,0,0,0,13.47017,52.55361
11,11100204,2019,10,9,1,3,5,7,0,1,1,0,0,0,0,0,13.52044,52.56872
2,2400521,2019,10,7,1,3,6,7,0,0,1,1,0,0,0,0,13.43214,52.51062
4,4100101,2019,10,6,1,3,5,7,2,0,1,0,0,0,0,0,13.31459,52.5475
1,1100313,2019,10,22,1,3,5,3,2,0,1,0,0,0,0,1,13.41774,52.50661
3,3400723,2019,10,22,1,2,3,6,2,1,0,0,0,0,1,0,13.40836,52.56597
2,2300316,2019,10,20,1,3,5,3,2,0,1,0,1,0,0,1,13.43493,52.50147
4,4300619,2019,10,20,1,3,0,1,2,1,0,0,0,0,0,0,13.31373,52.51808
4,4500938,2019,10,16,4,3,5,2,0,0,1,0,1,0,0,1,13.30013,52.49442
1,1100308,2019,10,17,3,3,0,1,1,0,1,0,0,0,1,1,13.3858,52.52837
4,4400835,2019,10,19,1,3,0,1,2,0,0,0,1,0,0,1,13.31995,52.4685
11,2500830,2019,10,19,1,3,0,1,2,0,0,0,1,0,0,1,13.47577,52.51224
2,2100106,2019,10,18,1,3,0,2,2,1,1,0,0,0,0,1,13.4123,52.49867
4,4501041,2019,10,18,1,3,0,1,1,0,0,0,1,0,0,0,13.31919,52.50148
7,7501030,2019,10,13,7,3,2,2,0,0,1,0,0,0,0,0,13.37833,52.4518
6,6400844,2019,10,13,7,3,2,2,0,0,1,0,0,0,0,0,13.27517,52.46089
1,1200517,2019,10,18,7,3,0,5,1,0,1,0,1,0,0,0,13.34863,52.53802
2,2500835,2019,10,15,4,2,6,4,0,0,1,1,0,0,0,1,13.46882,52.50247
6,6300634,2019,10,23,7,2,0,1,2,1,0,0,0,0,0,0,13.3001,52.43988
3,3601450,2019,10,23,7,2,2,6,2,0,1,0,1,0,0,0,13.4527,52.534
1,1100309,2019,10,15,4,3,6,4,0,0,0,1,1,0,0,1,13.39554,52.52896
1,1400938,2019,10,22,7,2,5,2,1,1,1,0,0,0,0,0,13.34507,52.55429
8,8100419,2019,10,21,7,3,5,2,2,0,1,0,0,0,1,0,13.45406,52.4826
4,4100101,2019,10,22,7,3,5,2,2,0,1,0,0,0,1,0,13.29542,52.53961
1,1100312,2019,10,22,7,3,6,2,2,0,1,1,0,0,0,0,13.40996,52.51061
8,8200622,2019,10,19,7,3,0,5,2,0,1,0,0,0,1,0,13.435,52.4611
1,1400938,2019,10,18,7,3,1,5,2,0,1,0,0,0,1,0,13.33342,52.55957
12,12200414,2019,10,18,7,3,6,2,2,0,0,1,0,0,1,0,13.29138,52.58103
12,12500928,2019,10,16,7,2,5,3,0,1,1,0,0,0,0,0,13.31903,52.61136
8,8300935,2019,10,15,7,3,5,3,0,0,1,0,0,0,0,0,13.45,52.42801
5,5200629,2019,10,15,7,2,0,6,0,0,1,0,0,0,1,0,13.19574,52.52961
7,7601341,2019,10,14,7,3,5,2,0,1,1,0,0,0,0,0,13.37602,52.40912
7,7100102,2019,10,14,7,3,5,7,0,0,1,0,1,0,0,0,13.34599,52.49883
10,10100210,2019,10,13,7,3,0,6,0,0,1,0,0,0,1,0,13.54292,52.54242
4,4300623,2019,10,12,7,3,5,3,0,1,0,0,1,0,0,0,13.31439,52.51067
10,10200627,2019,10,12,7,3,5,2,0,0,0,0,0,0,1,0,13.59041,52.5295
9,9200715,2019,10,12,7,3,5,3,0,1,1,0,0,0,0,0,13.52677,52.43767
6,6100102,2019,10,12,7,3,5,3,0,0,1,0,0,0,0,0,13.31951,52.4594
11,11401137,2019,10,11,7,3,5,3,0,1,1,0,0,0,0,0,13.52141,52.49988
11,11300721,2019,10,11,7,3,3,6,0,1,0,0,0,0,1,0,13.49976,52.52616
11,11300724,2019,10,10,7,3,3,6,0,1,1,0,0,0,0,0,13.48514,52.5232
3,3300516,2019,10,10,7,3,5,3,0,0,1,0,0,0,0,0,13.44377,52.57234
11,11100205,2019,10,10,7,3,0,3,0,0,1,0,1,0,0,0,13.52042,52.57031
4,4300518,2019,10,9,7,3,5,7,0,0,1,0,1,0,0,0,13.30637,52.52718
8,8100310,2019,10,1,7,3,5,3,2,0,1,0,1,0,0,0,13.43056,52.49256
5,5100316,2019,10,0,7,3,6,4,2,0,1,1,0,0,0,0,13.20112,52.5342
2,2400521,2019,10,19,6,3,0,6,2,0,1,0,1,0,0,0,13.43572,52.52337
1,1100206,2019,10,10,6,2,6,4,0,1,0,1,0,0,0,1,13.38347,52.51839
11,11501238,2019,10,20,6,3,6,4,2,0,1,1,0,0,0,1,13.50143,52.48281
1,1100313,2019,10,14,6,3,5,7,0,1,0,0,0,0,1,0,13.42646,52.5081
5,5200631,2019,10,13,6,3,5,2,0,0,1,0,0,0,0,0,13.18886,52.52175
8,8100209,2019,10,13,6,3,2,6,0,0,1,0,0,0,0,0,13.44357,52.4642
11,11300619,2019,10,19,6,2,5,3,2,0,1,0,0,0,1,1,13.4718,52.53199
1,1200623,2019,10,10,6,3,0,6,0,1,1,0,0,0,0,0,13.35673,52.53561
6,6200311,2019,10,19,6,3,5,3,2,0,1,0,0,0,0,1,13.36376,52.43966
3,3701555,2019,10,19,6,3,1,5,2,1,1,0,0,0,0,1,13.41426,52.53831
2,2300316,2019,10,17,6,3,5,2,1,1,1,0,0,0,0,1,13.44202,52.50092
4,4200308,2019,10,19,6,3,5,2,2,1,1,0,0,0,0,1,13.27994,52.52044
12,12400618,2019,10,6,6,3,2,6,1,0,1,0,0,0,0,0,13.227,52.62686
2,2500833,2019,10,12,4,3,0,3,0,1,1,0,0,0,0,1,13.45203,52.51069
6,6400843,2019,10,18,6,3,5,3,2,0,1,0,0,0,0,1,13.28593,52.44973
5,5300840,2019,10,5,6,3,6,4,2,0,0,1,1,0,0,0,13.27716,52.53506
2,2100106,2019,10,17,6,3,5,3,1,1,1,0,0,0,0,1,13.41215,52.49871
1,1300733,2019,10,17,6,3,5,7,1,0,1,0,1,0,0,0,13.38347,52.55131
7,7601236,2019,10,16,6,3,2,6,0,0,1,0,0,0,0,1,13.36192,52.41417
6,6300528,2019,10,16,6,2,5,5,0,0,1,0,0,0,0,1,13.26605,52.41537
7,7601544,2019,10,15,6,3,5,2,0,0,1,0,1,0,0,0,13.40232,52.38668
11,11200513,2019,10,14,6,3,2,6,0,0,1,0,0,0,0,0,13.48807,52.5418
1,1200518,2019,10,14,6,3,0,5,0,0,0,1,0,0,1,0,13.32862,52.52926
4,4500936,2019,10,20,6,3,5,7,2,0,1,0,0,0,0,1,13.29765,52.50189
8,8200624,2019,10,14,4,3,3,6,0,0,1,0,0,0,1,1,13.42941,52.45517
4,4100101,2019,10,15,6,3,2,6,0,0,1,0,0,0,1,0,13.28275,52.53387
2,2100102,2019,10,16,5,3,6,6,0,0,0,1,0,0,1,1,13.40178,52.50612
1,1100207,2019,10,19,5,3,5,3,2,1,0,0,0,0,0,0,13.39408,52.50791
8,8100102,2019,10,23,5,3,2,6,2,0,1,0,0,0,0,1,13.42642,52.47696
1,1400940,2019,10,22,5,3,2,6,2,0,1,0,0,0,0,1,13.35261,52.55926
3,3100103,2019,10,20,5,3,6,4,2,1,0,1,0,0,0,1,13.4963,52.6345
7,7200308,2019,10,20,5,3,6,4,2,0,1,1,0,0,0,1,13.32863,52.4652
10,10200422,2019,10,19,5,2,3,6,2,1,1,0,0,0,0,1,13.60372,52.54285
5,5100316,2019,10,19,5,2,6,4,2,0,1,1,0,0,0,0,13.19895,52.53488
1,1100207,2019,10,17,5,3,5,2,0,0,1,0,0,0,0,1,13.4025,52.51185
7,7400823,2019,10,13,4,3,6,7,0,0,0,1,0,1,0,1,13.37242,52.45761
8,8100102,2019,10,17,5,3,0,3,0,0,1,0,1,0,0,1,13.42381,52.47728
11,11501339,2019,10,14,4,3,3,6,0,1,1,0,0,0,0,1,13.51463,52.48765
1,1100416,2019,10,9,5,3,0,1,0,1,0,0,0,0,0,1,13.4037,52.53252
6,6300527,2019,10,9,5,3,3,6,0,1,1,0,0,0,0,0,13.25913,52.43079
7,7400826,2019,10,8,5,3,2,6,0,0,1,0,0,0,0,1,13.36658,52.44955
2,2400521,2019,10,6,5,2,5,3,1,0,1,0,0,0,0,1,13.42614,52.5159
3,3400619,2019,10,6,5,3,6,2,2,0,1,1,0,0,0,1,13.35453,52.58865
3,3501038,2019,10,13,4,3,5,2,0,1,1,0,0,0,0,1,13.47995,52.55328
1,1100312,2019,10,4,5,3,0,1,2,0,0,0,0,0,1,1,13.41039,52.50652
7,7601238,2019,10,16,5,3,5,2,0,1,1,0,0,0,0,0,13.39228,52.41373
2,2400521,2019,10,15,5,3,5,2,0,0,0,0,0,0,1,0,13.4298,52.52311
2,2500729,2019,10,15,5,3,1,5,0,1,0,0,0,0,1,0,13.46841,52.52029
1,1300730,2019,10,14,5,3,5,2,0,0,1,0,0,0,0,1,13.3698,52.55971
1,1100206,2019,10,12,5,3,5,3,0,0,1,0,1,0,0,0,13.40103,52.51831
2,2200209,2019,10,10,5,3,5,7,0,0,1,0,1,0,0,1,13.38418,52.48499
5,5100316,2019,10,21,4,2,9,1,2,0,1,0,0,0,0,0,13.20056,52.53855
11,11100309,2019,10,10,5,3,6,6,0,1,0,1,0,0,0,0,13.50485,52.5634
5,5100317,2019,10,6,5,3,2,6,1,0,0,0,1,0,1,1,13.24555,52.52494
1,1100205,2019,10,23,4,3,5,2,2,0,1,0,0,0,0,1,13.37662,52.50944
1,1100311,2019,10,23,4,3,0,1,2,1,0,0,0,0,0,1,13.42005,52.51481
3,3400723,2019,10,18,4,2,5,2,0,0,1,0,0,0,1,0,13.42949,52.5865
10,10100207,2019,10,18,4,2,6,4,2,0,1,1,0,0,0,1,13.57844,52.55101
9,9401431,2019,10,17,4,3,5,2,0,0,1,0,0,0,0,0,13.58973,52.44614
1,1400942,2019,10,16,4,3,1,5,0,1,1,0,0,0,0,0,13.35156,52.54783
7,7100102,2019,10,16,4,2,6,4,0,0,1,1,0,0,0,0,13.34746,52.50078
1,1100309,2019,10,21,4,3,0,3,2,0,1,0,0,0,1,1,13.40173,52.52896
4,4501040,2019,10,17,4,3,2,6,0,0,1,0,1,0,0,0,13.31265,52.50011
11,11100101,2019,10,15,4,3,0,6,0,0,1,0,0,0,1,0,13.51902,52.57461
11,11400931,2019,10,15,4,3,6,4,0,0,0,1,0,0,1,0,13.49876,52.51028
4,4100101,2019,10,12,4,3,2,6,0,0,1,0,0,0,0,1,13.3252,52.54151
2,2300314,2019,10,21,4,3,0,4,2,1,0,1,0,0,0,1,13.42032,52.49673
4,4501042,2019,10,15,4,3,0,3,0,1,0,0,1,0,0,0,13.3314,52.50303
11,11300616,2019,10,12,4,3,6,4,0,1,0,1,0,0,0,1,13.46751,52.53395
1,1100309,2019,10,9,4,3,1,1,0,1,1,0,0,0,0,0,13.3977,52.52376
3,3400723,2019,10,21,4,3,5,3,2,1,0,0,1,0,0,1,13.40788,52.57321
6,6300525,2019,10,20,4,3,0,2,2,0,1,0,1,0,0,1,13.26353,52.41133
12,12200515,2019,10,8,4,3,1,5,0,1,1,0,0,0,0,1,13.28414,52.58922
11,11200411,2019,10,7,4,3,1,7,0,0,1,0,0,0,0,1,13.50393,52.54889
12,12200411,2019,10,14,4,3,2,6,0,0,1,0,0,0,0,1,13.32135,52.56038
11,11400927,2019,10,12,4,3,2,6,0,0,1,0,0,0,0,1,13.47168,52.50525
3,3601244,2019,10,7,4,2,5,2,0,0,1,0,0,0,1,0,13.41838,52.55329
10,10100103,2019,10,20,4,3,0,7,2,0,1,0,1,0,0,1,13.56798,52.57359
8,8200624,2019,10,14,4,3,2,6,0,0,1,0,0,0,0,1,13.43111,52.45247
3,3601141,2019,10,14,4,3,5,2,0,0,1,0,0,0,0,0,13.40253,52.5543
9,9401635,2019,10,13,4,3,0,6,0,0,1,0,0,0,1,0,13.66881,52.408
7,7200308,2019,10,12,4,3,1,5,0,1,1,0,0,0,0,1,13.34096,52.47639
1,4501042,2019,10,19,4,3,0,7,2,0,0,0,0,0,1,1,13.33882,52.50529
7,7100102,2019,10,19,4,3,5,2,2,1,1,0,0,0,0,0,13.35454,52.49718
8,8100310,2019,10,5,4,3,0,3,2,1,1,0,0,0,0,1,13.42778,52.48833
2,2300314,2019,10,19,4,3,3,6,2,0,1,0,0,1,0,1,13.42222,52.50049
6,6400844,2019,10,11,4,2,5,2,0,1,1,0,0,0,0,0,13.29684,52.46438
3,3400830,2019,10,10,4,3,2,6,0,1,1,0,0,0,0,0,13.41365,52.56647
2,2200210,2019,10,22,4,3,5,3,2,0,1,0,0,0,1,1,13.40298,52.49402
12,12200411,2019,10,7,4,3,2,6,0,0,1,0,0,0,0,0,13.32626,52.56446
5,5100314,2019,10,10,4,3,6,7,0,0,1,1,0,0,0,0,13.20804,52.54773
1,1100415,2019,10,14,4,3,0,1,0,0,0,0,1,0,0,1,13.38475,52.53103
3,3200207,2019,10,6,4,3,5,3,0,1,0,0,0,0,1,1,13.40514,52.58595
1,1100313,2019,10,18,4,3,2,6,2,0,1,0,0,0,0,0,13.42804,52.50743
9,9501737,2019,10,6,4,2,5,3,2,1,1,0,0,0,0,1,13.61724,52.45522
4,4200308,2019,10,18,4,3,2,6,2,0,1,0,0,0,0,0,13.26545,52.5208
1,1300730,2019,10,6,4,3,6,4,2,1,0,1,0,0,0,1,13.39016,52.56276
12,12500930,2019,10,6,4,3,5,2,1,0,1,0,0,0,0,1,13.32433,52.58797
1,1200522,2019,10,10,3,3,5,2,0,1,1,0,0,0,0,1,13.33511,52.52478
9,9100305,2019,10,21,3,3,5,2,2,0,1,0,0,0,0,1,13.4913,52.46909
2,2200209,2019,10,19,4,3,2,6,2,0,1,0,1,0,0,1,13.38193,52.48982
1,1100309,2019,10,20,3,3,1,5,2,1,0,0,0,0,1,1,13.40242,52.52898
3,3701554,2019,10,18,3,3,2,6,0,0,1,0,1,0,0,1,13.41267,52.53241
2,2400522,2019,10,17,3,3,6,7,0,0,1,1,0,0,0,1,13.44695,52.51843
4,4400835,2019,10,18,3,2,0,1,2,1,0,0,0,0,0,1,13.31505,52.46951
12,12100101,2019,10,19,4,2,6,4,2,0,0,1,1,0,0,1,13.37287,52.56192
1,1300730,2019,10,20,3,3,6,4,2,0,1,1,0,0,0,1,13.39293,52.56429
10,10300731,2019,10,7,5,3,0,3,0,0,0,0,1,0,1,1,13.55739,52.52743
1,1100310,2019,10,13,5,3,2,2,0,1,1,0,0,0,0,0,13.41027,52.52853
12,12100205,2019,10,5,5,3,5,7,2,0,1,0,0,0,1,1,13.34668,52.56689
5,5300737,2019,10,6,5,3,2,2,1,0,1,0,0,0,0,1,13.23192,52.53927
7,7400928,2019,10,13,5,3,1,5,0,0,0,0,0,1,1,0,13.41723,52.46018
8,8100104,2019,10,6,5,3,2,2,2,0,1,0,1,0,0,1,13.42966,52.47047
5,5300840,2019,10,12,5,3,2,7,0,0,1,0,0,0,0,1,13.2608,52.53718
7,7601238,2019,10,12,5,3,0,1,0,1,0,0,0,0,0,1,13.38329,52.41119
1,1300730,2019,10,6,5,3,0,1,2,0,0,0,1,0,0,1,13.38691,52.5595
1,1300733,2019,10,9,5,3,2,2,0,0,1,0,0,0,0,1,13.38363,52.55141
1,1300835,2019,10,6,5,3,2,6,2,0,1,0,0,1,0,1,13.39134,52.53624
1,1100102,2019,10,8,5,2,1,5,0,1,0,0,0,0,1,1,13.37349,52.52017
7,7601238,2019,10,10,5,3,2,6,0,0,1,0,0,0,0,1,13.39228,52.41462
7,7400826,2019,10,8,5,3,5,2,0,1,1,0,0,0,0,1,13.36587,52.44919
1,1300730,2019,10,9,5,3,1,5,0,1,1,0,0,0,0,0,13.37697,52.55765
3,3300517,2019,10,8,5,3,2,6,0,0,1,0,0,0,0,1,13.47751,52.56692
12,12100204,2019,10,8,5,3,2,6,0,0,1,0,0,0,0,1,13.33569,52.56508
1,1100308,2019,10,8,5,3,5,2,0,1,1,0,0,0,0,1,13.38055,52.53259
4,4200308,2019,10,8,5,2,0,7,0,1,0,0,0,0,0,1,13.28153,52.5184
6,6300633,2019,10,12,4,3,5,3,0,1,1,0,0,0,0,0,13.30551,52.44201
5,5200631,2019,10,18,4,3,5,3,2,0,1,0,1,0,0,0,13.19597,52.52723
3,3701554,2019,10,9,4,3,5,2,0,1,0,0,0,0,1,0,13.4111,52.53067
4,4501042,2019,10,18,4,3,5,3,2,1,1,0,0,0,0,0,13.32525,52.50253
7,7601544,2019,10,20,4,3,5,2,2,0,1,0,0,0,0,0,13.40676,52.39377
4,4300619,2019,10,10,5,3,5,3,0,1,1,0,0,0,0,0,13.31366,52.51541
3,3501037,2019,10,20,4,3,5,3,2,1,1,0,0,0,0,0,13.46844,52.55703
3,3701555,2019,10,19,4,3,5,3,2,1,1,0,0,0,0,0,13.41829,52.53662
4,4100102,2019,10,6,5,3,0,6,1,0,1,0,1,0,0,0,13.29387,52.53366
8,8300935,2019,10,14,5,3,5,7,0,0,1,0,0,0,0,0,13.45007,52.42818
6,6200423,2019,10,16,4,3,5,3,0,0,1,0,0,0,0,0,13.32982,52.41084