BEZ,LOR_ab_2021,UJAHR,UMONAT,USTUNDE,UWOCHENTAG,UKATEGORIE,UART,UTYP1,ULICHTVERH,IstRad,IstPKW,IstFuss,IstKrad,IstGkfz,IstSonstige,USTRZUSTAND,XGCSWGS84,YGCSWGS84
4,4200207,2019,10,14,4,2,5,3,0,1,0,0,0,0,0,0,13.26346,52.50043
8,8401241,2019,10,14,4,3,5,3,0,1,1,0,0,0,0,0,13.47639,52.43472
1,1300733,2019,10,17,4,3,6,4,2,1,0,1,0,0,0,0,13.3922,52.55456
12,12500927,2019,10,13,4,3,1,5,0,0,1,0,0,0,0,0,13.32211,52.59512
5,5300735,2019,10,17,4,2,0,1,0,0,0,0,1,0,0,0,13.21314,52.53859
4,4200310,2019,10,13,4,3,6,4,0,0,1,1,0,0,0,0,13.25676,52.5163
4,4200207,2019,10,17,4,3,5,2,0,1,1,0,0,0,0,0,13.26445,52.49264
2,2500726,2019,10,9,5,2,6,4,0,1,0,1,0,0,0,0,13.44726,52.52637
3,3400830,2019,10,17,4,3,1,5,1,1,1,0,0,0,1,1,13.41405,52.5631
6,6100206,2019,10,7,5,2,0,4,0,1,0,1,0,0,0,0,13.33492,52.45093
2,2100102,2019,10,14,4,3,6,7,0,0,1,1,0,0,0,0,13.39274,52.50223
2,2200209,2019,10,16,4,3,5,2,0,1,1,0,0,0,0,0,13.37664,52.48741
9,9100101,2019,10,7,4,3,5,2,0,1,0,0,0,0,1,0,13.45406,52.4889
1,1400938,2019,10,16,4,2,1,5,0,0,1,0,0,0,0,0,13.33763,52.54144
8,8401243,2019,10,16,4,3,5,7,0,0,1,0,1,0,0,0,13.4931,52.4299
1,1200629,2019,10,16,4,3,3,6,0,1,0,0,0,1,0,0,13.33734,52.51587
8,8300934,2019,10,15,4,3,2,6,0,0,1,0,0,0,0,0,13.45944,52.43262
12,12400723,2019,10,15,4,3,3,6,0,0,1,0,1,0,0,0,13.32585,52.62545
6,6200421,2019,10,15,4,3,5,2,0,1,1,0,0,0,0,0,13.31229,52.43034
11,11400931,2019,10,15,4,3,5,3,0,1,1,0,0,0,0,0,13.49639,52.50345
2,2200208,2019,10,8,5,3,0,6,0,0,0,0,1,0,1,0,13.38423,52.49566
5,5200629,2019,10,12,4,3,6,7,0,0,1,1,0,0,0,0,13.19557,52.53356
3,3200206,2019,10,10,4,3,5,2,0,1,0,0,0,0,1,0,13.40616,52.58169
7,7400927,2019,10,7,5,3,2,6,0,0,1,0,0,0,1,1,13.38955,52.45704
1,1400942,2019,10,10,4,3,5,2,0,1,1,0,0,0,0,0,13.35206,52.5503
10,10300733,2019,10,10,4,3,5,3,0,1,0,0,0,0,0,0,13.55256,52.50563
1,1100102,2019,10,9,4,3,6,4,0,0,1,1,0,0,0,0,13.37644,52.50785
3,3400723,2019,10,8,4,3,5,3,0,1,0,0,0,0,1,0,13.40073,52.56556
7,7200413,2019,10,8,4,3,5,2,0,1,0,0,0,0,0,0,13.36786,52.4831
7,7100101,2019,10,8,4,3,2,6,0,0,1,0,0,0,0,0,13.33941,52.4996
2,2300417,2019,10,13,4,3,1,7,0,1,1,0,0,0,0,0,13.43379,52.49569
10,10100313,2019,10,7,4,3,0,7,0,0,1,0,0,0,0,0,13.56951,52.54565
2,2100106,2019,10,7,4,3,0,6,0,0,1,0,1,0,0,0,13.40273,52.4983
1,1300835,2019,10,7,4,3,5,7,0,1,1,0,0,0,0,0,13.38617,52.53897
7,7200308,2019,10,7,4,3,2,7,0,0,1,0,0,0,0,0,13.34463,52.48558
9,9502043,2019,10,7,4,3,2,6,0,0,1,0,0,0,0,0,13.55326,52.46951
5,5100208,2019,10,6,5,3,0,1,2,0,0,0,1,0,0,1,13.16436,52.55143
8,8100520,2019,10,13,4,3,0,2,0,0,1,1,0,0,0,0,13.45831,52.47261
5,5400942,2019,10,7,4,2,6,4,2,0,1,1,0,0,0,0,13.18265,52.4861
12,12200515,2019,10,13,4,3,5,2,0,1,1,0,0,0,0,0,13.28144,52.59263
8,8100209,2019,10,12,4,3,5,7,0,1,1,0,0,0,0,0,13.44109,52.46394
9,9300920,2019,10,6,4,3,1,5,2,1,1,0,0,0,0,0,13.53586,52.42232
12,12200308,2019,10,5,4,3,1,5,2,0,1,0,0,0,1,1,13.3205,52.57595
9,9200715,2019,10,12,4,3,0,7,0,0,1,0,1,0,0,0,13.52846,52.4291
11,11300620,2019,10,12,4,3,5,2,0,0,1,0,0,0,1,0,13.47598,52.5329
5,5200631,2019,10,11,4,3,1,5,0,1,0,0,0,0,1,0,13.19776,52.52241
1,1401049,2019,10,11,4,3,2,6,0,0,1,0,0,0,0,0,13.35617,52.55283
6,6400737,2019,10,1,4,2,9,1,2,0,1,0,0,0,0,0,13.2002,52.44112
4,4300622,2019,10,16,3,3,2,6,0,1,1,0,0,0,0,0,13.32335,52.51089
1,1100308,2019,10,8,5,3,5,2,0,1,1,0,0,0,0,0,13.38046,52.52273
3,3601449,2019,10,18,3,3,6,7,1,0,1,1,0,0,0,0,13.44042,52.54075
4,4501043,2019,10,19,3,3,2,6,2,0,1,0,1,0,0,0,13.30854,52.49573
10,10100312,2019,10,19,3,3,5,3,2,0,1,0,0,0,0,0,13.53858,52.52462
8,8200622,2019,10,19,3,3,5,7,2,0,1,0,1,0,0,0,13.44916,52.45251
2,2300419,2019,10,19,3,3,1,5,2,1,0,0,0,0,1,0,13.447,52.49836
11,2500729,2019,10,19,3,3,2,6,2,0,1,0,0,0,0,0,13.47753,52.51467
5,5100211,2019,10,19,3,2,6,4,2,0,1,1,0,0,0,0,13.16609,52.54189
11,11200411,2019,10,22,3,3,5,2,2,0,1,0,0,0,0,0,13.50959,52.54637
3,3200206,2019,10,22,3,3,5,2,2,0,1,0,1,0,0,0,13.40055,52.58041
4,4300622,2019,10,15,3,3,0,6,0,1,0,0,0,0,1,0,13.32467,52.51018
1,1300836,2019,10,13,3,3,2,2,0,1,1,0,0,0,0,0,13.37049,52.54536
9,9100203,2019,10,12,3,3,5,3,0,0,1,0,0,0,0,0,13.47953,52.48444
3,3601244,2019,10,19,5,3,3,6,2,0,1,0,1,0,0,0,13.42413,52.54736
12,12200411,2019,10,12,3,3,6,4,0,0,0,1,0,0,1,0,13.32819,52.56462
5,5100316,2019,10,10,3,3,0,2,0,0,1,0,0,0,1,0,13.20039,52.53654
9,9100305,2019,10,10,3,3,5,2,0,1,1,0,0,0,0,0,13.48978,52.46785
3,3400830,2019,10,22,5,3,1,5,2,0,1,0,0,0,0,0,13.42708,52.55563
6,6300633,2019,10,9,3,3,2,6,0,1,1,0,0,0,0,0,13.31549,52.44584
7,7601238,2019,10,17,3,3,2,2,0,0,1,0,1,0,0,0,13.3825,52.41107
3,3400830,2019,10,17,3,3,6,4,0,0,1,1,0,0,0,0,13.41216,52.56271
8,8100417,2019,10,17,3,3,0,7,0,1,0,0,0,0,0,0,13.43956,52.47998
9,9100203,2019,10,16,3,3,2,6,0,0,1,0,0,0,0,0,13.47872,52.47162
7,7601238,2019,10,8,3,3,2,6,0,0,1,0,0,0,1,0,13.38048,52.42384
9,9200715,2019,10,6,3,3,5,3,0,1,1,0,0,0,0,0,13.5351,52.43972
12,12500930,2019,10,1,3,2,9,1,2,0,1,0,0,0,0,0,13.3401,52.58809
7,7501133,2019,10,7,5,3,0,1,0,1,0,0,0,0,0,1,13.37474,52.43451
5,5300737,2019,10,7,3,3,5,3,0,0,1,0,1,0,0,0,13.24332,52.54383
12,12500929,2019,10,16,3,3,1,5,0,0,1,0,1,0,0,0,13.34383,52.6077
4,4500938,2019,10,16,3,3,2,6,0,0,1,0,1,0,0,0,13.29958,52.49407
1,1200517,2019,10,15,3,3,5,2,0,1,0,0,0,1,0,0,13.35438,52.53679
2,2200209,2019,10,16,3,3,1,5,0,1,1,0,0,0,0,0,13.3766,52.48586
1,1200626,2019,10,7,3,3,6,2,1,0,1,1,0,0,0,0,13.34651,52.52493
5,5200632,2019,10,15,3,3,2,6,0,0,1,0,0,0,0,0,13.20973,52.52782
6,6200315,2019,10,15,3,3,6,2,0,0,1,1,0,0,0,0,13.353,52.43323
12,12200414,2019,10,7,3,3,2,6,0,0,1,0,0,0,0,0,13.30008,52.5792
6,6100207,2019,10,15,3,3,3,6,0,1,1,0,0,0,0,0,13.31932,52.45224
4,4300416,2019,10,15,3,3,6,4,0,0,0,1,1,0,0,0,13.29712,52.51044
5,5300840,2019,10,15,3,3,5,2,0,1,1,0,0,0,0,0,13.24983,52.53811
6,6200315,2019,10,14,3,3,6,4,0,0,1,1,0,0,0,0,13.34797,52.42412
2,2400522,2019,10,6,3,3,5,3,0,0,1,0,1,0,0,0,13.4434,52.51794
8,8401242,2019,10,7,3,3,0,3,2,1,1,0,0,0,0,1,13.47935,52.41909
1,1100102,2019,10,17,2,3,5,3,1,1,1,0,0,0,0,0,13.35862,52.50689
5,5200632,2019,10,17,2,3,2,6,0,0,1,0,0,0,0,0,13.20865,52.5284
1,1300835,2019,10,15,2,3,6,2,0,0,1,1,0,0,0,0,13.38289,52.54223
3,3400620,2019,10,16,2,3,2,2,0,0,1,0,0,0,1,0,13.38068,52.57441
8,8401244,2019,10,16,2,3,5,3,0,1,0,0,0,0,1,0,13.49858,52.41039
3,3300514,2019,10,16,2,3,5,3,0,0,1,0,0,0,0,0,13.44655,52.59535
4,4300414,2019,10,15,2,3,5,3,0,1,1,0,0,0,0,0,13.30108,52.51541
8,8401245,2019,10,15,2,3,5,2,0,1,1,0,0,0,0,0,13.50065,52.40089
3,3601142,2019,10,13,2,3,6,7,0,0,0,1,0,0,1,0,13.40266,52.54673
6,6400737,2019,10,19,2,2,5,2,0,0,1,0,0,0,0,0,13.2241,52.42949
3,3701554,2019,10,15,2,3,1,5,0,1,0,0,0,0,1,0,13.4093,52.53816
11,11300826,2019,10,14,2,2,5,3,0,1,0,0,0,0,1,0,13.47646,52.50962
5,5100314,2019,10,14,2,2,5,3,0,1,1,0,0,0,0,0,13.20136,52.5477
4,4501045,2019,10,14,2,3,2,6,0,0,1,0,0,0,0,0,13.33583,52.49936
7,7400720,2019,10,8,5,2,6,4,0,0,0,1,1,0,0,0,13.39439,52.48397
5,5200527,2019,10,14,2,2,2,6,0,0,1,0,0,0,0,0,13.16419,52.51976
6,6400839,2019,10,14,2,3,5,3,0,1,0,0,0,0,1,0,13.24925,52.43625
11,11400931,2019,10,13,2,3,5,3,0,1,1,0,0,0,0,0,13.50629,52.50881
2,2400521,2019,10,19,2,3,5,2,2,1,0,0,0,0,1,0,13.43969,52.51391
6,6100204,2019,10,19,2,3,0,2,2,0,1,0,1,0,0,0,13.34804,52.45129
8,8100419,2019,10,19,2,3,1,5,2,1,1,0,0,0,0,0,13.44795,52.48439
1,1100312,2019,10,19,2,3,5,2,2,1,1,0,0,0,0,0,13.40879,52.51198
9,9100306,2019,10,19,2,3,4,6,2,0,1,0,0,0,0,0,13.48548,52.44884
1,1400940,2019,10,8,5,3,1,7,0,0,1,0,0,0,0,1,13.3666,52.55776
2,2300316,2019,10,19,2,3,1,5,2,1,1,0,0,0,0,0,13.42549,52.50073
1,1100309,2019,10,18,2,3,0,1,1,1,0,0,0,0,0,1,13.3932,52.52491
1,1100206,2019,10,8,5,3,5,3,0,0,1,0,0,0,0,0,13.39165,52.51222
1,1100312,2019,10,1,2,3,0,1,2,1,0,0,0,0,0,0,13.41319,52.5085
6,6300632,2019,10,19,5,2,0,3,2,0,1,0,1,0,0,0,13.30079,52.42369
5,5300735,2019,10,11,2,3,2,6,0,0,1,0,0,1,0,0,13.23234,52.54255
3,3300514,2019,10,12,2,3,2,6,0,0,1,0,0,0,0,0,13.44443,52.59054
7,7200308,2019,10,12,2,3,5,3,0,0,1,0,0,0,0,0,13.32186,52.47349
11,11200514,2019,10,10,2,3,1,7,0,0,1,0,0,0,0,0,13.49423,52.53641
3,3500935,2019,10,9,2,3,5,3,0,0,1,0,1,0,0,0,13.44624,52.54991
4,4501152,2019,10,8,2,3,2,6,0,0,1,0,0,0,0,0,13.33103,52.48913
9,9501941,2019,10,8,2,3,0,2,0,1,1,0,0,0,0,0,13.59319,52.45239
1,2400521,2019,10,8,2,3,0,6,0,1,1,0,0,0,0,0,13.42436,52.51377
11,11300826,2019,10,6,5,3,5,3,2,1,1,0,0,0,0,1,13.47621,52.51257
1,1100308,2019,10,8,2,3,5,3,0,1,1,0,0,0,0,0,13.37788,52.53184
10,10200421,2019,10,8,2,3,5,3,0,1,1,0,0,0,0,0,13.60215,52.53611
12,12400618,2019,10,7,2,3,4,6,1,1,0,0,0,0,0,1,13.24132,52.61802
2,2500729,2019,10,7,2,3,0,1,0,0,1,0,1,0,0,1,13.471,52.51533
4,4200308,2019,10,7,5,3,0,6,0,0,0,0,1,0,0,1,13.27759,52.52668
6,6300528,2019,10,7,2,3,0,2,1,1,1,0,0,0,0,1,13.26478,52.41937
9,9200715,2019,10,6,2,3,5,2,2,0,1,0,0,0,0,0,13.55068,52.42918
8,8200833,2019,10,15,1,2,2,6,0,0,1,0,0,0,0,0,13.44491,52.41762
6,6400844,2019,10,10,1,2,1,1,0,0,1,0,0,0,0,0,13.27746,52.46516
1,1400938,2019,10,21,1,3,5,2,2,0,1,0,0,0,0,0,13.33754,52.55865
12,12100101,2019,10,19,1,2,5,2,2,1,1,0,0,0,0,0,13.37048,52.56406
5,5200423,2019,10,17,1,3,5,2,1,0,1,0,0,0,0,0,13.14159,52.53243
12,12100205,2019,10,16,1,3,2,6,0,0,1,0,0,0,0,0,13.33617,52.56552
9,9100409,2019,10,3,1,2,8,1,2,0,1,0,0,0,0,0,13.51318,52.42947
8,8100209,2019,10,9,1,3,1,5,0,0,1,0,0,0,1,0,13.44728,52.46426
4,4500938,2019,10,12,1,3,2,6,0,0,1,0,0,0,0,0,13.29102,52.49709
2,2400521,2019,10,15,1,3,6,4,0,0,1,1,0,0,0,0,13.43192,52.52315
2,2200209,2019,10,11,7,3,0,7,0,1,1,0,0,0,0,0,13.37677,52.49123
7,7601341,2019,10,12,7,3,0,6,0,0,1,0,0,0,0,0,13.37037,52.40937
9,9100101,2019,10,19,7,2,5,2,2,0,1,0,1,0,0,0,13.45472,52.49421
5,5300735,2019,10,18,7,2,2,7,0,0,1,0,1,0,1,0,13.21621,52.53796
1,1100310,2019,10,22,7,3,0,1,2,0,0,0,0,0,1,0,13.4103,52.51734
8,8100520,2019,10,19,7,3,5,3,2,0,1,0,0,0,0,0,13.46472,52.47033
6,6200419,2019,10,17,7,3,5,3,1,0,1,0,0,0,1,0,13.314,52.41097
8,8100209,2019,10,17,7,2,6,4,1,0,1,1,0,0,0,1,13.43992,52.46381
6,6100207,2019,10,16,7,3,2,2,0,0,1,0,0,0,0,0,13.32066,52.4517
1,1200522,2019,10,16,7,3,3,6,0,0,1,0,1,0,0,0,13.33391,52.52448
5,5300841,2019,10,15,7,3,5,2,0,0,1,0,0,0,0,0,13.27184,52.53661
2,2300314,2019,10,15,7,3,5,3,0,1,1,0,0,0,0,0,13.41932,52.49916
7,7100101,2019,10,16,7,2,0,1,0,0,0,0,0,0,1,1,13.34256,52.49724
4,4501042,2019,10,8,5,3,5,2,0,0,1,0,0,0,0,0,13.33082,52.50043
5,5100101,2019,10,14,7,3,6,4,0,0,1,1,0,0,0,0,13.21472,52.56472
11,11200410,2019,10,19,5,3,6,4,2,0,0,1,0,0,1,0,13.49905,52.56121
1,1100309,2019,10,14,7,3,1,5,0,1,1,0,0,0,0,0,13.38986,52.52348
8,8100209,2019,10,13,7,3,6,4,0,1,0,1,0,0,0,1,13.43673,52.46633
11,11100206,2019,10,11,7,3,6,7,0,0,0,1,0,0,1,0,13.50982,52.57646
2,2300316,2019,10,2,7,3,1,5,2,1,1,0,0,0,1,1,13.43416,52.49964
7,7100102,2019,10,18,6,3,5,2,2,1,0,0,1,0,0,1,13.34617,52.50099
7,7100206,2019,10,3,6,2,0,1,2,1,0,0,0,0,0,1,13.37048,52.49275
8,8100418,2019,10,3,6,3,5,2,2,1,0,0,0,0,1,0,13.44424,52.48171
7,7100102,2019,10,11,6,3,5,2,0,1,1,0,0,0,0,0,13.34686,52.50086
7,7100204,2019,10,11,6,3,1,7,0,0,1,0,1,0,0,0,13.35662,52.49363
3,3200309,2019,10,8,5,3,5,3,0,1,0,0,0,0,1,1,13.43718,52.5944
4,4500936,2019,10,11,6,3,6,7,0,0,1,1,0,0,0,0,13.30218,52.49901
4,4300414,2019,10,19,5,3,1,5,2,1,1,0,0,0,0,0,13.29303,52.51154
11,11100204,2019,10,11,6,3,5,3,0,0,1,0,0,0,1,0,13.52823,52.55697
2,2200209,2019,10,12,6,3,5,3,0,1,0,0,0,0,0,0,13.37426,52.48782
2,2400521,2019,10,12,6,3,5,2,0,0,0,0,0,1,1,0,13.43963,52.52384
8,8200727,2019,10,12,6,3,5,2,0,0,0,0,0,1,1,0,13.43419,52.44296
11,11100204,2019,10,10,6,3,0,4,0,0,0,1,0,0,1,1,13.52456,52.56206
4,4200311,2019,10,10,6,3,3,2,0,0,1,0,0,1,0,0,13.27895,52.50355
1,1200628,2019,10,10,6,3,2,6,0,1,1,0,0,0,0,1,13.37056,52.52338
4,4501045,2019,10,9,6,3,0,1,0,0,0,0,1,0,0,1,13.32931,52.49497
1,1300835,2019,10,9,6,2,5,3,0,1,1,0,0,0,0,1,13.37985,52.54018
2,2100101,2019,10,5,5,3,9,1,1,0,1,0,0,0,0,0,13.38775,52.50321
2,2400521,2019,10,8,6,3,1,5,0,1,1,0,0,0,0,0,13.4275,52.51683
5,5200423,2019,10,7,5,3,2,6,0,0,1,0,0,0,1,0,13.14979,52.53276
7,7400927,2019,10,8,6,3,5,2,0,0,1,0,0,1,0,1,13.40314,52.46343
4,4501153,2019,10,8,6,3,2,7,0,0,0,0,1,1,0,1,13.328,52.47871
11,11300724,2019,10,7,5,3,2,7,0,0,1,0,0,1,0,1,13.48592,52.521
4,4501041,2019,10,7,6,3,5,3,0,1,1,0,0,0,0,1,13.31725,52.50426
11,11200514,2019,10,6,6,3,5,3,1,0,1,0,0,0,1,1,13.47329,52.53616
1,1400938,2019,10,6,6,3,2,7,2,0,1,0,0,0,0,1,13.33786,52.54127
11,11400931,2019,10,11,5,3,5,3,0,0,1,0,0,0,0,1,13.50936,52.50568
12,12601236,2019,10,0,6,2,6,4,2,0,1,1,0,0,0,1,13.34639,52.59617
1,1100311,2019,10,19,6,3,6,4,2,1,0,1,0,0,0,1,13.41631,52.51983
3,3400830,2019,10,19,6,3,5,3,2,1,1,0,0,0,0,1,13.41364,52.56648
6,6400840,2019,10,19,6,3,5,3,2,0,1,0,0,0,0,1,13.25107,52.44991
3,3601449,2019,10,17,6,3,5,3,1,1,1,0,0,0,0,0,13.45552,52.54138
11,11300721,2019,10,17,6,3,6,4,0,0,1,1,0,0,0,0,13.4997,52.52511
2,2400521,2019,10,22,6,3,5,2,2,1,1,0,0,0,0,1,13.42785,52.51816
5,5200631,2019,10,2,5,2,6,4,2,0,0,1,0,0,1,1,13.18877,52.52184
2,2200212,2019,10,21,6,3,0,2,2,0,1,0,1,0,0,1,13.42318,52.48668
1,1300733,2019,10,16,6,2,6,4,0,0,1,1,0,0,0,0,13.38733,52.54993
2,7400720,2019,10,13,5,3,2,6,0,0,1,0,1,0,0,0,13.38649,52.485
6,6200313,2019,10,16,6,3,0,7,0,0,0,0,1,0,1,1,13.34611,52.43511
3,3701554,2019,10,16,6,3,5,2,0,1,1,0,1,0,0,0,13.41095,52.53975
2,2400625,2019,10,20,6,3,5,2,2,1,1,0,0,0,0,1,13.44665,52.50281
12,12400618,2019,10,11,5,3,5,7,0,1,1,0,0,0,0,1,13.23205,52.62367
1,1300730,2019,10,15,6,3,2,6,0,0,1,0,0,0,0,0,13.38497,52.55676
10,10300734,2019,10,14,6,3,5,3,0,0,1,0,1,0,0,0,13.56031,52.48762
6,6100102,2019,10,20,6,3,2,6,2,0,1,0,0,0,0,1,13.32082,52.45712
1,1100102,2019,10,10,5,3,1,5,0,1,1,0,0,0,1,0,13.3762,52.51073
9,9502043,2019,10,20,6,3,0,1,2,1,0,0,0,0,0,1,13.58071,52.46
2,2500833,2019,10,19,6,2,0,1,2,0,0,0,1,0,1,1,13.46281,52.50832
11,11401137,2019,10,14,6,3,6,2,0,0,1,1,0,0,0,0,13.5232,52.49557
6,6100102,2019,10,18,5,3,5,3,1,0,1,0,0,0,0,1,13.31911,52.45452
6,6200313,2019,10,14,6,3,5,3,0,1,1,0,0,0,0,0,13.3448,52.43773
10,10200423,2019,10,14,6,3,5,3,0,1,1,0,0,0,0,0,13.61664,52.54098
6,6300634,2019,10,9,4,1,6,4,0,0,0,1,0,1,0,1,13.29793,52.44184
8,8301037,2019,10,19,6,3,2,3,2,1,1,0,0,0,0,1,13.46617,52.42649
9,9301126,2019,10,15,4,3,5,3,0,0,1,0,0,0,0,1,13.57278,52.42779
12,12400723,2019,10,6,4,3,3,6,1,1,1,0,0,0,0,1,13.32372,52.62491
3,3601245,2019,10,9,6,3,2,6,0,0,1,0,0,0,0,0,13.43883,52.54756
6,6200422,2019,10,18,5,3,5,3,0,0,1,0,0,0,1,0,13.32914,52.42303
1,1100312,2019,10,13,5,3,1,5,0,1,1,0,0,0,0,0,13.41292,52.50643
1,1200624,2019,10,17,4,3,5,2,0,1,1,0,0,0,0,0,13.36035,52.53724
2,2500726,2019,10,9,5,3,5,2,0,1,0,0,0,1,0,0,13.44932,52.5244
12,12200308,2019,10,16,4,3,5,3,0,0,1,0,0,0,0,1,13.31871,52.57292
8,8100417,2019,10,6,5,2,8,1,1,0,1,0,0,0,0,1,13.44324,52.47405
10,10100206,2019,10,1,5,2,5,2,2,1,0,0,0,0,1,1,13.56752,52.55602
1,1100207,2019,10,22,5,3,5,2,2,0,1,0,0,0,1,0,13.38985,52.51122
4,4200310,2019,10,16,4,3,5,3,0,0,1,0,0,0,0,1,13.26125,52.51783
10,10100311,2019,10,21,5,2,6,4,2,0,1,1,0,0,0,0,13.51899,52.53101
1,1100311,2019,10,20,5,3,0,2,2,1,1,0,0,0,0,0,13.4167,52.51945
4,4501045,2019,10,20,5,3,1,5,2,1,1,0,0,0,0,0,13.32397,52.49575
4,4500939,2019,10,19,5,3,5,2,2,1,1,0,0,0,0,0,13.31037,52.48934
4,4300622,2019,10,15,5,3,2,6,0,0,1,0,1,0,0,0,13.32972,52.51005
2,2500835,2019,10,14,5,3,3,6,0,0,1,0,1,0,0,0,13.46112,52.50102
4,4501042,2019,10,12,5,3,5,7,0,1,1,0,0,0,0,0,13.33092,52.50056
8,8100207,2019,10,14,5,3,6,7,0,0,1,1,0,0,0,0,13.43596,52.47878
11,11501340,2019,10,7,5,3,5,3,0,1,0,0,0,0,0,1,13.52782,52.48993
1,1100103,2019,10,18,5,3,6,4,2,0,1,1,0,0,0,0,13.3516,52.50521
5,5200629,2019,10,7,5,3,3,5,0,0,1,0,0,1,0,0,13.19354,52.53396
7,7100206,2019,10,18,5,2,5,2,2,1,1,0,0,0,0,0,13.36097,52.49426
4,4501150,2019,10,17,5,3,5,2,0,1,1,0,0,0,0,0,13.32534,52.48654
2,2200210,2019,10,21,5,2,3,6,2,1,1,0,0,0,0,1,13.39576,52.49615
1,1100313,2019,10,14,5,2,6,4,0,0,1,1,0,0,0,0,13.42,52.50672
1,1100313,2019,10,17,5,3,5,2,0,1,1,0,0,0,0,0,13.4223,52.51138
7,7601341,2019,10,13,5,3,0,4,0,0,0,1,0,0,1,0,13.36285,52.41215
11,11300724,2019,10,16,5,2,5,7,0,0,1,0,0,0,1,0,13.47793,52.51455
6,6400844,2019,10,16,5,3,5,2,0,0,1,0,0,0,0,0,13.27218,52.45353
4,4300622,2019,10,15,5,2,5,3,0,1,1,0,0,0,0,0,13.33032,52.51294
11,11400927,2019,10,16,4,3,4,5,1,0,1,0,0,1,0,1,13.4727,52.50506
9,9300922,2019,10,15,5,2,6,4,0,1,0,1,0,0,0,0,13.52267,52.40232
3,3300413,2019,10,13,5,3,5,3,0,1,1,0,0,0,0,0,13.479,52.60745
9,9100202,2019,10,15,5,2,6,7,0,0,1,1,0,0,0,0,13.47047,52.48262
4,4300624,2019,10,15,5,2,3,6,0,1,1,0,0,0,0,0,13.31589,52.50658
10,10100311,2019,10,10,5,3,3,6,0,0,1,0,0,1,0,0,13.5367,52.53912
4,4400727,2019,10,16,4,3,5,2,0,1,1,0,0,0,0,1,13.28535,52.47952
9,9100203,2019,10,6,5,3,5,7,2,0,1,0,0,0,0,1,13.48689,52.47628
4,4300622,2019,10,8,2,3,6,4,0,0,1,1,0,0,0,0,13.3255,52.50937
1,1400940,2019,10,23,5,3,1,5,2,0,1,0,0,1,0,0,13.35044,52.55788
12,12100205,2019,11,15,7,3,5,7,0,0,1,0,0,0,0,1,13.33342,52.5641
12,12500930,2019,10,21,7,2,4,6,2,0,1,0,0,0,0,0,13.32525,52.58903
2,2200209,2019,10,0,3,3,0,3,2,1,0,0,1,0,0,1,13.3836,52.49352
3,3500935,2019,11,10,6,3,5,7,0,1,1,0,0,0,0,0,13.4494,52.54796
2,2200209,2019,10,14,6,3,1,5,0,0,1,0,1,0,0,0,13.38366,52.48499
12,12601031,2019,10,17,2,2,6,2,2,0,1,1,0,0,0,1,13.33563,52.60275
1,1100102,2019,10,12,5,3,3,6,0,0,1,0,1,0,0,0,13.35211,52.51574
2,2100104,2019,10,1,1,2,5,3,2,0,1,0,0,0,0,0,13.40794,52.49997
4,4501045,2019,10,16,4,3,1,1,0,1,1,0,0,0,0,1,13.33433,52.49514
3,3200309,2019,11,18,6,3,5,2,2,1,1,0,0,0,0,0,13.43356,52.60771
3,3701660,2019,10,0,7,2,0,1,2,0,0,0,0,0,1,0,13.4376,52.5297
7,7501134,2019,10,10,3,3,2,6,0,0,1,0,0,0,0,0,13.40198,52.43972
6,6400840,2019,11,16,6,3,0,6,1,0,0,0,0,0,1,1,13.25839,52.44644
4,4501041,2019,10,19,6,3,5,7,2,0,1,0,0,0,0,0,13.31542,52.50106
4,4300414,2019,10,11,3,3,5,2,0,0,1,0,1,0,0,0,13.30088,52.5154
5,5200631,2019,11,9,6,3,2,6,0,0,1,0,1,0,0,0,13.2026,52.52376
4,4300624,2019,10,23,6,3,1,5,2,1,1,0,0,0,1,0,13.32073,52.50598
4,4300621,2019,10,16,2,3,2,6,1,0,1,0,0,0,0,1,13.31488,52.51299
4,4200308,2019,10,10,5,3,5,2,0,0,1,0,0,0,0,0,13.28028,52.51833
12,12100205,2019,10,18,1,3,1,5,2,0,1,0,0,0,0,0,13.33977,52.56633
4,4200310,2019,10,13,4,3,5,3,0,0,1,0,1,0,0,0,13.26845,52.5139
1,1200520,2019,11,20,6,2,6,4,2,0,1,1,0,0,0,1,13.33064,52.52725
2,2100102,2019,10,13,7,2,1,5,0,1,1,0,0,0,0,0,13.39525,52.49942
2,2200209,2019,10,7,3,3,0,7,1,0,0,0,1,0,0,1,13.37709,52.49175
8,8100521,2019,10,10,6,3,2,6,0,0,1,0,0,1,0,0,13.44734,52.46554
10,10400837,2019,10,18,5,3,5,3,2,1,0,0,0,0,1,1,13.57689,52.4955
1,1400940,2019,10,12,6,3,0,2,0,1,1,0,0,0,0,0,13.36523,52.55803
4,4200207,2019,10,7,2,3,2,6,0,1,1,0,0,0,0,0,13.26572,52.49946
10,10100312,2019,10,18,5,3,6,4,2,0,1,1,0,0,0,0,13.5402,52.5263
8,8401245,2019,11,21,7,3,6,2,2,0,1,1,0,0,0,1,13.50636,52.40299
1,1100309,2019,10,16,7,3,6,4,0,1,0,1,0,0,0,0,13.3941,52.52841
1,1400942,2019,10,18,2,2,0,1,2,0,0,0,1,0,0,1,13.34386,52.54639
8,2200212,2019,10,19,5,3,6,4,2,0,1,1,0,0,0,0,13.42482,52.48795
11,11300721,2019,11,8,7,2,3,6,0,0,0,0,1,0,1,1,13.49798,52.53414
3,3100103,2019,10,17,7,3,2,4,2,0,1,1,0,0,0,0,13.51403,52.64121
1,1300730,2019,10,10,4,3,2,2,0,0,1,0,0,0,0,0,13.3699,52.55977
12,12500927,2019,10,8,4,2,5,2,0,0,1,0,0,0,0,0,13.32129,52.59357
1,1100205,2019,11,17,6,2,5,3,2,1,1,0,0,0,0,1,13.37668,52.51076
2,2100102,2019,10,18,6,3,1,5,2,1,1,0,0,0,0,0,13.39158,52.50678
9,9501941,2019,10,11,3,2,6,4,0,0,0,1,0,1,0,0,13.57836,52.45747
1,1401044,2019,10,15,5,3,6,7,0,0,1,1,0,0,0,0,13.36016,52.54694