BEZ,LOR_ab_2021,UJAHR,UMONAT,USTUNDE,UWOCHENTAG,UKATEGORIE,UART,UTYP1,ULICHTVERH,IstRad,IstPKW,IstFuss,IstKrad,IstGkfz,IstSonstige,USTRZUSTAND,XGCSWGS84,YGCSWGS84
3,3200206,2019,10,12,6,3,2,6,0,0,1,0,0,0,0,0,13.40089,52.59059
11,11400931,2019,10,8,2,3,6,4,0,0,1,1,0,0,0,0,13.51605,52.50582
8,8100207,2019,10,10,5,2,5,5,0,0,1,0,1,0,0,0,13.43391,52.47852
3,3200204,2019,11,16,7,2,5,3,2,0,1,0,0,0,1,1,13.39018,52.61854
9,9200512,2019,10,15,7,3,0,6,0,0,0,0,1,0,1,0,13.55684,52.45581
7,7400927,2019,10,16,3,3,3,6,2,0,1,0,1,0,0,0,13.38852,52.46573
1,1100207,2019,11,12,6,3,2,2,0,0,1,0,0,0,0,0,13.38991,52.51029
2,2100101,2019,10,15,6,2,5,2,0,0,1,0,1,0,0,0,13.38667,52.501
2,2200210,2019,10,18,2,3,2,6,2,0,1,0,0,0,0,1,13.39948,52.49041
4,4400726,2019,10,7,4,3,1,6,0,0,1,0,0,0,1,0,13.28276,52.49363
9,9200510,2019,10,19,3,3,5,3,2,1,1,0,0,0,0,0,13.51043,52.46325
2,2100102,2019,11,14,6,3,5,3,0,1,1,0,0,0,0,0,13.40147,52.50603
8,8100520,2019,10,16,6,3,5,2,0,1,1,0,0,0,0,0,13.46452,52.47043
6,6200422,2019,10,13,2,3,0,2,0,1,1,0,0,0,0,1,13.3298,52.42897
8,8100314,2019,10,13,5,3,1,5,0,1,1,0,0,0,1,0,13.43693,52.48112
1,1200628,2019,10,12,6,3,2,2,0,0,1,0,0,0,0,0,13.36781,52.52585
4,4200207,2019,10,20,2,1,0,7,2,0,1,0,0,0,0,1,13.25554,52.47376
8,8100208,2019,10,14,5,1,6,7,0,0,0,1,0,1,0,0,13.44092,52.4697
5,5200631,2019,11,14,7,3,1,5,0,0,1,0,0,0,0,1,13.19781,52.52008
1,1300733,2019,10,21,7,3,1,5,2,0,1,0,0,0,1,0,13.38834,52.55179
2,2200212,2019,10,12,3,3,5,2,0,1,1,0,0,0,0,0,13.40586,52.48951
11,11401137,2019,11,10,6,3,6,2,0,0,1,1,0,0,0,0,13.50693,52.49693
2,2300316,2019,10,14,6,3,1,5,0,0,1,0,0,0,0,0,13.43129,52.50605
8,8100520,2019,10,17,2,3,2,6,2,0,1,0,0,0,0,1,13.45906,52.47648
12,12100103,2019,10,7,5,3,2,6,0,0,1,0,0,0,0,0,13.36024,52.57592
2,2300419,2019,10,4,1,3,1,5,2,0,1,0,0,0,0,0,13.44594,52.49896
1,1100206,2019,10,14,4,3,3,6,0,0,1,0,0,0,0,0,13.38881,52.51716
2,2200208,2019,10,12,5,3,0,5,0,1,1,0,0,0,0,0,13.38423,52.49566
1,1100312,2019,10,11,6,3,0,5,0,1,1,0,0,0,0,0,13.40752,52.5116
9,9100407,2019,10,13,1,3,5,3,0,1,1,0,0,0,0,0,13.50084,52.44747
1,1100101,2019,10,17,4,3,5,2,2,1,1,0,0,0,0,0,13.35114,52.50963
4,4501045,2019,11,19,6,3,5,2,2,1,1,0,0,0,0,1,13.33038,52.49539
4,4501150,2019,10,19,7,3,6,4,2,0,0,1,0,0,1,0,13.32262,52.48784
5,5200629,2019,10,10,3,3,5,3,0,0,1,0,1,0,0,0,13.18988,52.53439
12,12100204,2019,11,8,6,3,0,6,0,0,1,0,0,0,1,0,13.35386,52.56209
3,3601449,2019,10,13,6,3,5,3,0,0,1,0,0,0,1,0,13.45257,52.53915
10,10100103,2019,10,16,2,2,6,4,0,0,1,1,0,0,0,0,13.57189,52.57182
8,8200831,2019,10,10,5,3,0,1,0,1,0,0,0,0,0,0,13.40561,52.41552
12,12200307,2019,10,14,7,3,5,3,0,0,1,0,0,0,0,0,13.3266,52.5757
11,11300721,2019,10,11,4,3,1,5,0,0,1,0,0,0,0,0,13.49985,52.52741
4,4300518,2019,10,17,4,2,4,7,2,1,0,0,0,0,1,0,13.29475,52.53267
9,9401329,2019,11,18,6,2,5,2,2,0,1,0,1,0,0,0,13.58614,52.42557
8,8200727,2019,10,12,7,3,5,3,0,0,1,0,0,0,0,0,13.43868,52.44811
3,3400830,2019,10,17,3,2,0,7,2,1,0,0,0,0,0,0,13.41952,52.56706
4,4501043,2019,11,18,6,3,5,3,2,1,1,0,0,0,0,1,13.31511,52.49089
2,2500830,2019,10,1,7,3,5,3,2,1,1,0,0,0,0,0,13.46722,52.50974
5,5300735,2019,10,6,3,3,5,2,1,1,1,0,0,0,0,0,13.22724,52.53767
3,3500932,2019,10,9,5,3,0,3,0,0,1,0,1,0,0,0,13.43795,52.55894
4,4501150,2019,10,13,6,3,5,2,0,0,1,0,1,0,0,0,13.32298,52.49022
7,7501133,2019,10,11,2,2,5,3,0,0,1,0,1,0,0,0,13.37769,52.4338
7,7200413,2019,10,19,5,3,6,4,2,1,0,1,0,0,0,0,13.36026,52.48135
8,8401244,2019,11,8,7,3,5,3,0,0,1,0,1,0,0,1,13.49865,52.41047
2,2500729,2019,10,17,7,3,5,2,2,1,1,0,0,0,0,0,13.46109,52.51709
1,1100206,2019,10,8,4,3,2,6,0,1,1,0,0,0,0,0,13.38055,52.51635
4,4501151,2019,10,18,4,1,5,5,2,0,1,0,1,0,0,0,13.32638,52.47873
7,7200308,2019,11,16,6,3,5,3,2,1,1,0,0,0,0,0,13.32545,52.46966
10,10100311,2019,10,17,6,3,0,3,1,0,1,0,0,0,1,0,13.51717,52.53533
12,12500929,2019,10,14,3,3,6,2,0,0,1,1,0,0,0,0,13.34369,52.61346
1,1100309,2019,10,15,5,3,3,6,0,1,1,0,0,0,0,0,13.40239,52.52836
4,4200308,2019,10,11,6,3,5,7,0,0,1,0,0,0,0,0,13.27918,52.52488
6,6300524,2019,10,8,2,3,5,3,0,1,1,0,0,0,0,0,13.2439,52.42579
4,4400833,2019,10,9,5,3,6,2,0,0,0,1,1,0,0,0,13.29961,52.47329
4,4500938,2019,10,17,5,3,1,5,1,1,1,0,0,0,0,0,13.30026,52.49932
12,12200411,2019,10,9,6,3,6,2,0,0,1,1,0,0,0,0,13.31737,52.56655
11,11400927,2019,10,9,2,3,5,2,0,1,1,0,0,0,0,0,13.47582,52.50621
6,6300528,2019,10,16,5,2,6,4,2,0,1,1,0,0,0,1,13.26673,52.41314
6,6200313,2019,11,22,7,3,5,3,2,1,1,0,0,0,0,1,13.34244,52.43454
5,5100208,2019,10,16,7,3,2,6,0,1,1,0,0,0,0,0,13.16576,52.55103
3,3100101,2019,10,5,4,3,6,6,2,0,1,1,0,0,0,0,13.48134,52.6373
8,8100521,2019,10,17,3,3,6,4,2,0,0,1,1,0,0,0,13.46637,52.46804
12,12100204,2019,11,14,6,3,6,4,0,0,1,1,0,0,0,0,13.35539,52.56229
4,4200311,2019,10,16,6,3,5,2,0,1,0,0,0,0,1,0,13.28147,52.51147
12,12100103,2019,10,17,2,2,2,6,2,0,1,0,0,0,0,0,13.36124,52.57052
1,1200522,2019,10,13,5,3,0,1,0,0,0,0,1,0,0,0,13.334,52.52113
6,6200315,2019,10,8,6,3,2,6,0,0,1,0,0,0,0,0,13.34879,52.42261
12,12200515,2019,10,17,1,3,2,6,2,0,1,0,0,0,0,0,13.28041,52.59423
4,4400834,2019,10,19,4,3,6,2,2,0,1,1,0,0,0,0,13.31038,52.47902
12,12500930,2019,11,17,6,3,5,3,1,0,1,0,0,0,0,1,13.32621,52.5917
4,4501044,2019,10,14,7,3,0,7,0,0,0,0,0,0,1,0,13.323,52.4978
10,10200420,2019,10,11,3,3,9,7,0,0,0,0,0,0,1,0,13.59868,52.5438
2,2500835,2019,11,10,6,3,2,2,0,0,1,0,0,0,0,0,13.45682,52.50247
2,2400521,2019,10,22,6,2,5,3,2,0,1,0,0,0,1,0,13.43019,52.51032
7,7601545,2019,11,15,7,3,6,2,0,0,0,1,0,0,1,1,13.41954,52.39472
9,9502043,2019,10,14,7,3,5,3,0,0,1,0,0,0,0,0,13.5533,52.4696
7,7400826,2019,10,14,3,3,2,6,0,0,1,0,0,0,0,0,13.36237,52.44744
8,8200622,2019,11,10,6,2,2,6,0,0,1,0,1,0,0,0,13.4388,52.45261
11,11300620,2019,10,15,6,3,0,2,0,0,1,0,0,0,1,0,13.47602,52.53291
4,4200311,2019,10,18,2,3,5,3,2,0,1,0,0,0,0,1,13.28181,52.51099
2,2500833,2019,10,12,5,3,2,6,0,0,1,0,0,0,0,0,13.46615,52.50845
2,2500835,2019,10,2,1,3,5,3,2,0,1,0,0,0,0,0,13.45202,52.50353
7,7300619,2019,10,16,4,3,5,2,0,0,1,0,1,0,0,0,13.34887,52.45898
12,12601235,2019,11,18,6,3,6,2,2,0,1,1,0,0,0,1,13.36037,52.59691
4,4200310,2019,10,11,7,3,5,3,0,0,1,0,0,0,0,0,13.26893,52.51158
9,9200715,2019,10,10,3,3,1,5,0,1,1,0,0,0,1,0,13.54049,52.43049
2,2300419,2019,11,1,6,2,5,5,2,0,1,0,0,0,0,0,13.4453,52.49932
2,2300419,2019,10,19,6,3,5,7,2,1,1,0,0,0,0,0,13.4452,52.49938
1,1100309,2019,10,23,2,2,4,6,2,1,1,0,0,0,0,1,13.39208,52.52519
8,8300935,2019,10,22,5,3,1,5,2,0,1,0,0,0,0,0,13.44953,52.42782
6,6300634,2019,10,17,2,3,5,3,2,0,1,0,0,0,0,1,13.302,52.43236
3,3601244,2019,10,4,5,3,5,2,2,0,1,0,1,0,0,0,13.41842,52.55342
4,4500939,2019,10,19,1,3,6,2,2,0,1,1,0,0,0,0,13.30487,52.49434
12,12100103,2019,10,13,4,3,2,6,0,0,1,0,0,0,0,0,13.36044,52.57624
9,9501941,2019,11,21,6,2,0,1,2,1,0,0,0,0,0,1,13.59314,52.45343
6,6200421,2019,10,13,7,3,0,1,0,1,0,0,0,0,0,0,13.3132,52.4288
3,3701555,2019,10,8,3,3,5,2,0,1,1,0,0,0,0,0,13.42073,52.53369
1,1100206,2019,10,17,5,3,5,3,2,1,1,0,0,0,0,0,13.40094,52.5184
5,5200629,2019,10,10,2,3,5,2,0,1,1,0,0,0,0,0,13.19555,52.5292
5,5200423,2019,10,18,5,3,6,4,2,0,1,1,0,0,0,0,13.15246,52.53296
1,1400942,2019,11,0,7,3,2,6,2,0,1,0,0,0,0,1,13.35446,52.54915
4,4501045,2019,10,17,7,3,5,3,1,1,1,0,0,0,0,0,13.33461,52.49521
4,4300518,2019,10,8,4,3,2,6,0,0,1,0,0,0,1,0,13.29452,52.53263
12,12200414,2019,10,19,3,3,5,2,2,1,1,0,0,0,0,0,13.28008,52.5757
12,12100205,2019,11,16,6,3,1,5,0,0,1,0,0,0,0,0,13.35113,52.57028
9,9502043,2019,10,14,6,3,0,6,0,1,0,0,0,0,0,0,13.58793,52.46903
6,6200420,2019,11,9,7,3,2,2,0,0,1,0,0,0,0,1,13.30511,52.4179
5,5200420,2019,10,17,7,3,0,7,1,1,1,0,0,0,0,0,13.15444,52.53325
6,6100210,2019,10,10,4,3,5,3,0,0,1,0,0,0,0,0,13.34572,52.46093
1,1200628,2019,10,13,4,2,2,6,0,0,0,0,1,1,0,0,13.36792,52.52589
2,2400521,2019,11,21,6,3,5,3,2,1,1,0,0,0,0,1,13.43066,52.51109
1,1100206,2019,10,19,6,3,5,2,2,1,1,0,0,0,0,0,13.38801,52.5218
7,7400823,2019,10,12,3,2,5,3,0,1,0,0,1,0,0,0,13.38354,52.4686
11,11300620,2019,10,15,5,3,0,2,1,0,1,0,0,0,1,0,13.48007,52.52668
4,4300518,2019,10,8,6,3,6,4,0,0,1,1,0,0,0,0,13.31182,52.52565
1,1300836,2019,10,8,2,3,5,3,0,1,1,0,0,0,0,0,13.36143,52.53784
1,1100309,2019,10,14,5,2,5,3,0,1,1,0,0,0,0,0,13.4043,52.5272
1,1401047,2019,11,17,7,3,2,2,2,0,1,0,0,0,0,1,13.35033,52.54155
1,1400938,2019,10,15,7,3,2,6,0,0,1,0,0,0,0,0,13.33811,52.5411
11,11200515,2019,10,16,3,3,5,2,1,1,0,0,0,0,1,0,13.51546,52.53766
4,4501043,2019,11,13,6,3,5,3,0,1,1,0,0,0,0,0,13.31511,52.4909
8,8300934,2019,10,15,6,2,5,3,0,0,1,0,1,0,0,0,13.46015,52.43185
1,1100206,2019,10,18,2,3,1,5,2,1,1,0,0,0,0,1,13.39254,52.51498
9,9200510,2019,10,8,5,3,5,2,0,1,1,0,0,0,0,0,13.51188,52.46292
4,4400728,2019,10,8,6,3,5,2,0,1,1,0,0,0,0,0,13.28229,52.48379
11,11400927,2019,10,13,1,3,2,6,0,1,1,0,0,0,0,0,13.47822,52.50666
3,3300413,2019,10,6,2,3,5,2,0,1,1,0,0,0,0,0,13.48125,52.60936
3,3100103,2019,10,10,5,3,0,1,0,0,1,0,0,0,0,0,13.49886,52.63522
7,7400720,2019,10,7,6,3,6,2,0,0,1,1,0,0,0,0,13.37782,52.47239
5,5200629,2019,10,5,2,3,2,6,1,0,1,0,0,0,0,0,13.19826,52.53259
2,2100102,2019,10,19,5,3,1,5,2,1,0,0,0,0,1,0,13.39484,52.50248
7,7200413,2019,11,15,7,3,6,4,0,0,1,1,0,0,0,1,13.36792,52.4851
7,7100101,2019,10,14,7,3,0,5,0,1,0,0,1,0,0,0,13.34172,52.50204
3,3200309,2019,10,13,3,3,2,6,0,0,1,0,0,0,0,0,13.43304,52.596
6,6100101,2019,11,10,6,3,2,6,0,0,1,0,0,0,0,0,13.32056,52.45664
5,5100316,2019,10,15,6,2,0,2,0,0,1,0,0,0,1,0,13.1995,52.5348
3,3701554,2019,10,17,2,3,5,3,2,0,1,0,0,0,0,1,13.41211,52.53114
6,6100209,2019,10,7,5,3,2,6,0,0,1,0,0,0,0,1,13.3289,52.45991
2,2100102,2019,10,1,1,3,5,2,2,0,1,0,0,0,0,0,13.3943,52.50115
9,9200715,2019,10,15,4,3,5,2,0,0,1,0,0,0,0,0,13.52666,52.4265
7,7100204,2019,11,18,6,3,2,2,2,1,1,0,0,0,0,1,13.34912,52.49048
4,4400726,2019,10,0,7,2,1,5,2,1,1,0,0,0,0,0,13.28505,52.49294
4,4500936,2019,10,20,4,3,5,3,1,0,1,0,0,0,0,0,13.30385,52.49951
1,1300836,2019,11,20,6,3,5,3,2,0,1,0,0,0,0,1,13.37845,52.55041
7,7400826,2019,10,20,7,3,1,7,2,0,1,0,0,0,0,0,13.37288,52.45357
8,8200832,2019,10,16,3,3,0,3,0,0,0,0,1,0,1,1,13.43532,52.42553
7,7200411,2019,11,9,6,3,2,2,0,0,1,0,0,0,0,0,13.35219,52.48981
12,12200411,2019,10,14,6,3,5,7,0,0,1,0,1,0,0,0,13.32521,52.56476
8,8100102,2019,10,16,2,3,3,6,0,0,1,0,1,0,0,0,13.42599,52.47795
9,9100305,2019,10,10,5,3,3,6,0,0,1,0,0,0,0,0,13.48224,52.46161
8,8200730,2019,10,12,7,3,5,3,0,1,1,0,0,0,0,0,13.43668,52.43986
1,1100309,2019,10,12,4,3,6,4,0,0,1,1,0,0,0,0,13.40349,52.52309
9,9301126,2019,10,17,4,2,0,6,2,0,0,0,1,0,1,0,13.56368,52.42042
2,2100106,2019,11,23,6,3,2,6,2,0,1,0,0,0,0,1,13.41731,52.49901
10,10200524,2019,10,12,7,3,0,5,0,0,1,0,1,0,0,0,13.60667,52.53445
6,6400838,2019,10,8,3,3,5,3,0,1,1,0,0,0,0,1,13.22955,52.4338
4,4500938,2019,10,17,5,3,6,4,2,0,1,1,0,0,0,0,13.29387,52.49769
3,3300411,2019,10,7,6,3,7,7,1,0,0,0,1,0,0,0,13.48723,52.61378
10,10300734,2019,10,9,2,3,5,2,0,0,1,0,1,0,0,0,13.56358,52.49783
1,1100207,2019,10,9,3,3,5,2,0,1,0,0,0,0,0,0,13.40119,52.51042
4,4300624,2019,10,9,5,3,1,5,0,1,1,0,0,0,0,0,13.32218,52.50642
10,10400940,2019,10,16,6,3,0,1,0,1,0,0,0,0,0,0,13.61318,52.49981
8,8100521,2019,10,11,2,3,3,6,0,0,1,0,0,0,0,0,13.45668,52.47345
10,10200421,2019,10,19,5,3,6,4,2,0,1,1,0,0,0,0,13.60184,52.5376
3,3601245,2019,11,8,7,3,5,2,1,1,1,0,0,0,0,1,13.4304,52.55126
3,3500933,2019,10,17,7,3,1,5,0,1,1,0,0,0,0,0,13.45998,52.55302
9,9100306,2019,10,10,4,3,4,7,0,0,1,0,0,0,1,0,13.4956,52.44901
7,7300619,2019,10,8,4,3,6,2,0,0,1,1,0,0,0,0,13.34741,52.47059
11,11200410,2019,11,22,6,2,5,3,2,0,1,0,1,0,0,1,13.51424,52.55666
10,10200524,2019,10,18,6,3,2,6,1,0,1,0,0,0,0,0,13.62117,52.53084
6,6300631,2019,10,8,3,2,5,3,0,0,1,0,0,0,1,0,13.27746,52.41346
6,6200317,2019,10,15,5,3,5,3,0,0,1,0,0,0,0,0,13.35744,52.42295
7,7200308,2019,10,7,6,3,2,6,0,0,1,0,0,0,0,0,13.34496,52.47941
12,12601235,2019,10,8,2,3,2,6,0,0,1,0,0,0,0,0,13.35241,52.59648
10,10100313,2019,10,1,5,2,2,3,2,0,1,0,0,0,0,0,13.55018,52.54282
1,1200628,2019,11,16,7,3,5,3,0,0,1,0,0,0,1,1,13.35982,52.52346
1,1200522,2019,10,15,7,2,6,2,0,0,1,1,0,0,0,0,13.33765,52.52543
10,10200420,2019,10,14,3,3,6,6,0,1,0,1,0,0,0,0,13.59724,52.54423
8,8100102,2019,10,19,5,2,5,5,2,0,1,0,1,0,0,0,13.42632,52.47717
4,4300624,2019,11,20,7,3,2,6,2,0,1,0,0,0,0,1,13.32348,52.50582
7,7100102,2019,10,16,7,3,6,7,0,1,0,1,0,0,0,0,13.35522,52.49473
3,3300517,2019,10,7,4,3,2,6,0,0,1,0,0,0,0,1,13.48001,52.5666
11,11400931,2019,10,18,3,3,0,1,2,0,0,0,1,0,0,0,13.49293,52.501
1,1100102,2019,10,9,6,3,5,7,0,0,1,0,1,0,0,0,13.37319,52.51777
7,7400823,2019,11,15,6,3,5,3,0,1,1,0,0,0,0,0,13.3764,52.4601
9,9300923,2019,10,16,6,3,6,4,0,0,0,1,0,0,1,0,13.53908,52.40299
4,4200308,2019,10,20,2,3,5,3,2,0,1,0,0,0,0,1,13.28009,52.51838
6,6300630,2019,10,13,5,3,5,3,0,1,1,0,0,0,0,0,13.31569,52.44716
5,5400943,2019,10,3,6,3,9,1,2,0,1,0,0,0,0,1,13.13252,52.47311
7,7100102,2019,10,18,1,3,2,2,2,0,1,0,0,0,0,0,13.35282,52.49481
9,9401329,2019,10,6,4,3,5,3,2,1,1,0,0,0,0,0,13.59488,52.43319
2,2400521,2019,10,9,6,3,2,6,0,1,1,0,0,0,0,0,13.43358,52.5198
2,2500833,2019,11,12,7,3,5,3,0,0,1,0,0,0,0,1,13.45948,52.50793
4,4300416,2019,10,21,7,3,0,1,2,0,0,0,0,0,1,0,13.30243,52.5068
1,1100206,2019,10,11,3,3,5,3,0,1,0,0,1,0,0,0,13.39395,52.51925
2,2400521,2019,11,10,6,3,2,2,0,1,1,0,0,0,0,0,13.42917,52.5109
2,2300316,2019,10,14,6,3,2,7,0,1,1,0,0,0,0,0,13.44213,52.50124
7,7501030,2019,10,17,2,3,0,5,2,1,1,0,0,0,0,1,13.38063,52.44526
3,3601449,2019,10,7,5,3,2,6,0,0,1,0,0,0,0,0,13.44805,52.53778
5,5100210,2019,10,15,6,3,2,6,0,0,1,0,0,0,0,0,13.18379,52.54305
12,12200414,2019,11,11,6,3,2,6,0,0,0,0,0,0,1,0,13.2965,52.58034
4,4501041,2019,10,15,6,3,5,3,0,1,1,0,0,0,0,0,13.31938,52.50151
2,2100101,2019,10,18,2,3,2,6,2,0,1,0,0,0,0,1,13.38885,52.49936
3,3500932,2019,10,7,5,3,5,3,0,1,1,0,0,0,0,0,13.45509,52.55932
4,4100101,2019,10,0,6,3,5,2,2,0,1,0,0,0,0,0,13.29489,52.53963
1,1100415,2019,10,11,1,3,0,1,0,0,0,0,1,0,0,1,13.38468,52.53101
4,4501042,2019,10,16,4,3,5,7,1,0,1,0,0,0,0,0,13.32541,52.50357
10,10200421,2019,10,17,5,2,1,4,1,1,1,1,0,0,0,0,13.60198,52.53691
1,1401049,2019,11,19,6,3,2,6,2,0,1,0,0,0,0,1,13.35481,52.55213
4,4501148,2019,10,12,7,3,5,7,0,0,1,0,0,0,0,0,13.32038,52.48306
4,4200310,2019,10,10,3,3,5,2,0,1,1,0,0,0,0,1,13.26159,52.51566
10,10400835,2019,10,21,5,3,5,3,2,0,1,0,0,0,0,0,13.5989,52.52834
3,3601453,2019,11,7,6,3,5,2,1,1,1,0,0,0,0,0,13.45817,52.52555
1,1100206,2019,10,21,6,3,8,1,2,0,0,0,0,0,1,0,13.39493,52.51242
4,4501040,2019,10,15,2,3,5,5,0,0,1,0,0,0,1,0,13.31353,52.50401
2,2100102,2019,10,7,5,3,5,2,0,1,1,0,0,0,0,0,13.40114,52.5063
9,9200715,2019,10,18,5,3,5,2,0,1,1,0,0,0,0,0,13.55085,52.42906
8,8100104,2019,10,17,7,3,0,6,1,0,1,0,1,0,0,0,13.43275,52.46495
1,1300730,2019,10,11,4,3,5,3,0,1,1,0,0,0,0,0,13.39279,52.56409
10,10300731,2019,10,18,5,2,5,2,2,1,1,0,0,0,0,1,13.56376,52.51886
5,5100210,2019,10,13,4,2,5,2,0,1,1,0,0,0,0,0,13.18542,52.55155
1,1100206,2019,10,16,5,3,1,5,0,1,1,0,0,0,0,0,13.38894,52.51633
3,3400723,2019,10,16,5,2,3,5,0,1,1,0,0,0,0,0,13.40803,52.56582
2,2400521,2019,10,20,1,3,5,3,2,0,1,0,0,0,0,0,13.44064,52.51713
12,12400723,2019,10,14,4,3,2,6,0,0,1,0,0,0,0,0,13.29831,52.61357
12,12400618,2019,10,16,5,3,2,6,0,0,1,0,0,0,1,0,13.24636,52.60111
9,9501941,2019,10,15,5,3,3,6,0,0,0,0,0,0,1,0,13.57864,52.45778
4,4200308,2019,11,17,6,3,3,6,2,0,1,0,0,0,0,1,13.28258,52.51847
8,8200730,2019,10,13,7,3,2,2,0,0,1,0,1,0,0,0,13.43491,52.44028
8,8401241,2019,10,7,3,3,5,3,0,1,1,0,0,0,0,1,13.47006,52.43495
9,9300923,2019,10,15,5,3,5,3,0,0,1,0,0,0,0,0,13.54658,52.40088
7,7300618,2019,10,7,5,3,5,2,0,1,1,1,0,0,0,0,13.33507,52.46801
8,8100209,2019,10,13,6,3,5,3,0,0,1,0,1,0,0,0,13.43681,52.46516
3,3300516,2019,10,10,2,3,6,4,0,1,0,1,0,0,0,0,13.42831,52.56184
6,6100206,2019,10,18,5,3,1,5,2,1,1,0,0,0,0,0,13.33424,52.45181
4,4501148,2019,11,5,7,3,0,1,2,0,1,0,0,0,0,1,13.31367,52.48097
3,3200206,2019,10,17,7,3,5,7,0,0,1,0,0,0,1,0,13.39252,52.58214
11,11400931,2019,10,8,4,3,2,6,0,1,1,0,0,0,0,0,13.49081,52.50343
8,8100314,2019,10,22,3,3,5,7,2,0,1,0,0,0,0,0,13.42448,52.48637
4,4300624,2019,11,16,6,3,5,3,1,0,1,0,0,0,0,0,13.31585,52.50626
11,11100309,2019,10,17,6,3,2,6,0,0,1,0,0,0,0,0,13.50379,52.56266
7,7200413,2019,10,17,3,3,0,7,1,0,0,1,0,0,1,0,13.36385,52.4767
1,1100310,2019,10,14,5,3,5,5,0,1,1,0,0,0,0,0,13.40054,52.52173
8,8200730,2019,10,11,6,3,6,4,0,0,1,1,0,0,0,0,13.44633,52.43694
4,4501150,2019,11,16,7,3,6,4,0,0,1,1,0,0,0,0,13.32149,52.48642
8,8100209,2019,11,20,6,3,8,1,2,0,1,0,0,0,0,1,13.4436,52.46427
6,6400841,2019,10,12,7,3,0,2,0,1,1,0,0,0,0,0,13.26168,52.44173
8,8100209,2019,11,22,7,3,5,3,2,0,1,0,0,0,0,1,13.44271,52.46504
10,10200630,2019,10,13,3,2,6,2,0,0,1,1,0,0,0,0,13.58943,52.52321
4,4501148,2019,11,22,7,3,5,2,2,0,1,0,0,0,0,1,13.32034,52.4814
11,11501339,2019,10,16,5,3,2,6,2,0,1,0,0,0,0,0,13.52581,52.49378
3,3300413,2019,10,10,6,3,5,3,0,0,1,0,0,0,1,0,13.46688,52.61503
8,8200727,2019,11,12,7,3,3,6,0,0,1,0,0,0,1,1,13.43486,52.4408
11,11401137,2019,11,12,7,3,5,3,0,1,1,0,0,0,0,0,13.52206,52.49723
2,2500833,2019,10,8,2,3,5,3,0,0,1,0,1,0,0,0,13.45243,52.51248
7,7601238,2019,10,16,5,2,5,3,0,1,1,0,0,0,0,0,13.38284,52.41112
12,12100205,2019,11,11,7,2,5,7,0,0,1,0,1,0,0,1,13.35213,52.57371
9,9501941,2019,11,11,7,2,3,2,0,0,1,0,0,0,1,0,13.57178,52.45112
12,12500825,2019,11,17,7,3,6,4,2,0,1,1,0,0,0,1,13.30964,52.58384
4,4501041,2019,10,16,7,3,1,5,0,1,1,0,0,0,0,0,13.31401,52.50084
8,8401243,2019,10,6,4,3,5,3,2,1,1,0,0,0,0,1,13.4959,52.43205
7,7100206,2019,11,11,7,3,0,2,0,0,1,0,1,0,0,1,13.36091,52.49012
12,12100101,2019,10,17,3,3,0,3,2,0,1,0,1,0,1,0,13.37471,52.56139
3,3601142,2019,11,11,7,3,0,2,0,1,1,0,0,0,0,1,13.41316,52.54768
11,11300721,2019,10,17,5,3,6,4,0,0,1,1,0,0,0,0,13.496,52.53412
6,6300633,2019,11,14,6,3,1,5,0,1,1,0,0,0,0,0,13.31391,52.43586
5,5100101,2019,10,16,6,3,0,4,0,0,0,1,0,0,1,0,13.19665,52.56278
10,10200421,2019,11,10,7,3,5,3,0,0,1,0,0,0,0,1,13.60227,52.53606
3,3400618,2019,10,19,2,3,5,3,2,1,1,0,0,0,0,0,13.36946,52.59738
11,11300724,2019,10,8,5,3,1,5,0,1,1,0,0,0,0,0,13.47334,52.52058
2,2300316,2019,10,10,6,3,1,5,0,0,1,0,0,0,0,0,13.43342,52.50318
12,12601133,2019,11,10,7,3,5,3,0,0,1,0,0,0,0,1,13.36591,52.60455
9,9200715,2019,11,10,7,3,5,2,0,0,1,0,0,0,0,1,13.51965,52.42822
6,6400736,2019,10,16,1,3,0,3,0,1,1,0,0,0,0,1,13.22443,52.42556
6,6400838,2019,10,18,4,3,5,2,2,0,1,0,0,0,0,1,13.2402,52.44271
6,6400844,2019,11,10,7,3,0,3,0,0,0,0,1,0,1,1,13.30464,52.46203
1,1100308,2019,10,15,5,3,1,5,0,1,1,0,0,0,0,0,13.38734,52.52582
1,1100205,2019,11,15,6,3,5,2,1,1,0,0,0,0,1,0,13.37685,52.51073
4,4400835,2019,10,20,7,3,0,7,1,0,1,0,0,0,0,0,13.3144,52.47202
2,2100102,2019,11,7,3,3,6,4,0,1,0,1,0,0,0,0,13.39574,52.49908
7,7400927,2019,11,6,3,2,1,7,1,0,1,0,0,0,1,0,13.38746,52.45883
6,6300528,2019,11,14,3,2,1,5,0,0,1,0,0,0,0,0,13.25077,52.42253
12,12400619,2019,11,13,3,3,3,6,0,1,1,0,0,0,0,0,13.24991,52.59482
1,1100104,2019,11,13,3,3,0,2,0,1,1,0,0,0,0,0,13.37114,52.50131
1,1400940,2019,11,11,3,3,5,7,0,0,1,0,0,0,0,0,13.35121,52.5521
1,1100207,2019,11,9,3,3,5,2,0,1,1,0,0,0,0,0,13.38975,52.51129
12,12100205,2019,11,18,3,3,5,2,2,0,1,0,1,0,0,0,13.35094,52.56948
12,12200414,2019,11,18,3,3,2,6,2,0,1,0,0,0,1,0,13.29595,52.57679
10,10400837,2019,11,18,3,3,5,2,2,1,1,0,0,0,0,0,13.57565,52.49006
9,9401635,2019,11,17,3,3,6,2,2,0,1,1,0,0,0,0,13.65579,52.41551
4,4100101,2019,11,17,3,3,0,6,2,0,1,0,0,0,1,0,13.32616,52.53822
7,7601544,2019,11,16,3,3,5,2,2,0,1,0,0,0,0,0,13.40672,52.39377
1,1100207,2019,11,16,3,3,5,3,2,1,1,0,0,0,0,0,13.39013,52.50946
11,11200411,2019,11,15,3,3,2,6,0,0,1,0,0,0,0,0,13.50872,52.54887
1,1100308,2019,11,15,2,3,2,6,0,1,1,0,0,0,0,0,13.37679,52.52254