BEZ,LOR_ab_2021,UJAHR,UMONAT,USTUNDE,UWOCHENTAG,UKATEGORIE,UART,UTYP1,ULICHTVERH,IstRad,IstPKW,IstFuss,IstKrad,IstGkfz,IstSonstige,USTRZUSTAND,XGCSWGS84,YGCSWGS84
5,5200527,2019,11,18,5,3,5,3,2,0,0,0,1,0,0,1,13.16865,52.52382
12,12200411,2019,11,18,5,3,6,4,2,0,1,1,0,0,0,1,13.32646,52.5624
9,9100306,2019,11,7,5,3,2,6,0,0,1,0,0,1,0,0,13.47523,52.4561
8,8200832,2019,11,6,5,3,6,4,1,0,1,1,0,0,0,0,13.4219,52.41316
3,3601141,2019,11,5,5,3,6,4,2,0,1,1,0,0,0,1,13.40282,52.55374
5,5100316,2019,11,7,5,3,5,2,0,0,1,0,0,0,1,0,13.20031,52.53778
3,3200309,2019,11,8,4,3,0,2,0,1,1,0,0,0,0,1,13.43237,52.59514
2,2400521,2019,11,21,4,3,5,3,2,0,1,0,0,0,0,1,13.42881,52.51544
11,11100309,2019,11,19,4,3,6,4,2,0,1,1,0,0,0,0,13.50575,52.5636
3,3300413,2019,11,19,4,3,5,3,2,0,1,0,0,0,0,1,13.48304,52.61187
2,2200212,2019,11,17,4,3,4,7,2,1,0,0,0,0,0,1,13.41539,52.49461
1,1300835,2019,11,17,4,3,5,3,2,1,1,0,0,0,0,1,13.37985,52.54018
10,10400835,2019,11,17,4,3,5,3,2,0,1,0,0,1,0,1,13.60093,52.51533
10,10100312,2019,11,17,4,3,5,2,2,1,1,0,0,0,0,1,13.54962,52.53237
5,5300737,2019,11,16,4,3,5,3,2,0,1,0,0,0,0,0,13.24698,52.54416
9,9100305,2019,11,22,4,3,0,1,2,0,0,0,0,0,1,0,13.48075,52.47005
8,8100104,2019,11,22,4,3,0,7,2,0,1,0,1,0,0,0,13.43243,52.46554
2,2200209,2019,11,19,4,3,0,2,2,0,1,0,1,0,0,1,13.38222,52.48984
4,4500939,2019,11,21,4,3,5,3,2,0,1,0,0,0,0,0,13.30785,52.48844
9,9200715,2019,11,12,4,3,5,3,0,0,1,0,0,0,0,1,13.52847,52.4291
7,7601341,2019,11,11,4,3,9,1,0,0,1,0,0,0,0,1,13.37581,52.40921
8,8100417,2019,11,10,4,3,2,6,0,1,1,0,0,0,0,1,13.45392,52.47495
1,1100206,2019,11,10,4,2,2,6,0,1,1,0,0,0,0,1,13.38577,52.517
2,2500833,2019,11,10,4,3,5,7,0,1,1,0,0,0,0,1,13.46367,52.50591
8,8100310,2019,11,10,4,3,0,6,0,0,1,0,1,0,0,1,13.44286,52.48376
7,7501134,2019,11,9,4,3,4,7,0,1,0,0,0,0,0,0,13.40059,52.43756
11,11200513,2019,11,9,4,3,6,4,0,0,1,1,0,0,0,1,13.48643,52.54094
5,5100101,2019,11,8,4,3,0,1,0,0,0,0,1,0,0,1,13.2076,52.55735
4,4200311,2019,11,8,4,2,6,4,0,0,0,1,1,0,0,1,13.27927,52.51273
4,4501043,2019,11,8,4,2,6,2,0,0,0,1,0,1,0,1,13.31386,52.49038
4,4300623,2019,11,8,4,3,2,6,0,0,1,0,0,0,0,1,13.30333,52.50556
4,4300620,2019,11,6,4,3,6,4,1,0,1,1,0,0,0,1,13.33579,52.51371
6,6300634,2019,11,7,4,2,5,2,0,1,1,0,0,0,0,1,13.30725,52.43326
7,7601341,2019,11,7,4,3,3,6,2,0,1,0,0,1,0,1,13.37251,52.40907
4,4300517,2019,11,7,4,3,5,2,0,0,1,0,0,0,1,1,13.29742,52.52648
9,9100306,2019,11,16,4,2,5,3,2,1,1,0,0,0,0,0,13.4897,52.45081
4,4501042,2019,11,15,4,3,6,4,1,1,0,1,0,0,0,0,13.33157,52.50379
12,12200515,2019,11,14,4,3,0,1,0,0,1,0,1,0,0,1,13.28936,52.58311
11,11200513,2019,11,14,4,3,6,4,0,0,0,1,0,0,1,1,13.49271,52.54422
8,8200832,2019,11,13,4,3,4,6,0,0,1,0,0,0,0,1,13.432,52.42437
5,5200527,2019,11,7,4,3,5,2,0,0,1,0,1,0,0,1,13.16099,52.52537
4,4501042,2019,11,7,4,3,0,3,1,1,1,0,0,0,0,1,13.34063,52.50444
4,4300412,2019,11,6,4,3,6,2,2,0,1,1,0,0,0,1,13.28651,52.5188
1,1100309,2019,11,9,4,3,3,6,0,1,1,0,0,0,0,1,13.39778,52.52781
5,5300737,2019,11,6,4,3,7,7,2,1,0,0,0,0,0,1,13.2451,52.53816
1,1300836,2019,11,5,4,2,5,2,2,1,1,0,0,0,0,1,13.37444,52.53732
1,1100416,2019,11,4,4,3,0,1,2,0,0,0,0,0,1,1,13.40416,52.53299
3,3701555,2019,11,13,3,3,6,4,0,0,1,1,0,0,0,1,13.41578,52.52956
1,1300733,2019,11,22,3,3,5,2,2,0,1,0,0,0,1,1,13.38132,52.5523
1,1100309,2019,11,22,3,2,6,4,2,0,0,1,1,0,0,1,13.39429,52.52865
4,4300517,2019,11,23,3,3,2,6,2,0,1,0,0,0,0,1,13.29796,52.52448
11,11100102,2019,11,21,3,3,5,3,2,1,1,0,0,0,0,1,13.54541,52.56772
7,7400928,2019,11,19,3,3,1,5,2,0,1,0,0,0,1,0,13.41933,52.45854
1,1100206,2019,11,19,3,3,6,7,2,0,1,1,0,0,0,1,13.38824,52.51983
5,5100208,2019,11,19,3,3,6,2,2,0,1,1,0,0,0,1,13.15727,52.54892
7,7200411,2019,11,20,3,2,6,2,2,0,1,1,0,0,0,1,13.35107,52.48617
3,3601141,2019,11,18,3,3,6,4,2,0,1,1,0,0,0,1,13.40281,52.55428
10,10100206,2019,11,17,3,3,2,6,2,0,1,0,0,0,0,0,13.56396,52.55651
7,7400823,2019,11,17,3,3,6,2,2,0,1,1,0,0,0,0,13.37672,52.46149
8,8200727,2019,11,17,3,2,6,4,1,0,1,1,0,0,0,0,13.44944,52.43895
8,8200624,2019,11,16,3,3,2,6,2,0,1,0,0,1,0,0,13.42405,52.45235
11,11401032,2019,11,16,3,3,5,2,2,1,1,0,0,0,0,0,13.51886,52.51353
4,4200308,2019,11,15,3,3,5,2,0,0,1,0,0,0,1,0,13.27591,52.51874
4,4300622,2019,11,14,3,3,5,3,0,1,1,0,0,0,0,0,13.32822,52.50799
5,5100316,2019,11,15,3,2,0,4,1,0,0,1,1,0,0,0,13.20393,52.5399
7,7601545,2019,11,19,3,2,1,7,2,0,1,0,0,0,0,0,13.41873,52.39485
7,7200411,2019,11,14,3,3,5,7,0,0,1,0,0,0,0,0,13.3588,52.49046
9,9401431,2019,11,14,3,3,2,6,0,0,1,0,0,0,0,0,13.5918,52.4412
4,4100101,2019,11,14,3,3,5,2,0,0,1,0,0,0,0,0,13.32611,52.53836
4,4100101,2019,11,15,3,3,2,6,0,0,1,0,0,0,0,0,13.2954,52.53961
1,1300836,2019,11,11,3,3,1,5,0,0,1,0,0,0,0,0,13.37195,52.54014
11,11300721,2019,11,11,3,3,2,6,0,0,1,0,0,0,0,0,13.49674,52.53413
7,7400823,2019,11,9,3,3,1,5,0,1,1,0,0,0,0,0,13.37176,52.4581
9,9200819,2019,11,10,3,2,6,7,0,0,1,1,0,0,0,0,13.56778,52.44484
2,2500726,2019,11,6,3,3,5,2,2,1,1,0,0,0,0,0,13.45206,52.52773
8,8100521,2019,11,9,3,3,5,3,0,0,1,0,0,0,1,0,13.45027,52.46863
8,8100417,2019,11,9,3,3,0,7,0,0,1,0,0,0,0,0,13.44325,52.46994
4,4501043,2019,11,8,3,3,5,2,0,1,1,0,0,0,0,0,13.31643,52.49891
1,1100416,2019,11,8,3,3,5,3,0,1,1,0,0,0,0,0,13.40628,52.53234
7,7400927,2019,11,8,3,3,5,3,0,0,1,0,0,0,0,0,13.39096,52.45738
9,9100407,2019,11,7,3,3,2,2,0,1,1,0,0,0,0,1,13.50564,52.44574
2,2300419,2019,11,7,3,3,8,1,1,1,0,0,0,0,0,1,13.44143,52.49763
3,3300516,2019,11,7,3,2,6,2,0,0,0,1,0,1,0,0,13.43975,52.56798
5,5100316,2019,11,8,2,3,5,2,0,1,1,0,0,0,0,0,13.20383,52.53991
8,8200730,2019,11,17,2,3,6,2,2,0,1,1,0,0,0,1,13.43502,52.44037
9,9301025,2019,11,18,2,3,5,2,2,1,0,0,0,1,0,1,13.53988,52.39668
4,4501153,2019,11,18,2,3,2,7,2,0,1,0,0,0,0,1,13.32845,52.47881
1,1200628,2019,11,17,2,3,0,1,2,1,0,0,0,0,0,1,13.35604,52.52117
6,6400844,2019,11,16,2,3,5,3,2,0,1,0,0,0,0,1,13.27722,52.45998
3,3601141,2019,11,17,2,3,5,2,2,1,1,0,0,0,0,1,13.40578,52.55134
2,2500833,2019,11,18,2,3,0,7,2,1,0,0,0,0,0,0,13.45591,52.50996
1,1100308,2019,11,16,2,3,6,2,1,0,1,1,0,0,0,1,13.37376,52.52347
12,12100101,2019,11,16,2,3,6,6,2,0,1,1,0,0,0,1,13.37798,52.56448
11,11300619,2019,11,16,2,3,0,3,2,0,1,0,0,0,1,1,13.46687,52.52839
4,4501045,2019,11,17,2,3,5,3,2,0,1,0,0,0,0,1,13.33423,52.49863
9,9300920,2019,11,17,2,2,6,4,2,0,1,1,0,0,0,1,13.52188,52.40212
10,10100312,2019,11,15,2,3,5,2,0,1,1,0,0,0,0,1,13.5407,52.53446
1,1100206,2019,11,17,2,3,6,4,2,1,0,1,0,0,0,1,13.38012,52.5189
2,2400521,2019,11,15,2,3,5,3,0,1,0,0,0,0,1,1,13.43008,52.51014
3,3200206,2019,11,13,2,2,5,3,1,1,1,0,0,0,0,1,13.40422,52.58148
7,7400720,2019,11,17,2,2,6,2,2,0,1,1,0,0,0,1,13.39445,52.48393
12,12500824,2019,11,13,2,3,5,3,0,0,1,0,0,0,0,1,13.30131,52.60177
4,4501148,2019,11,13,2,3,2,3,0,1,1,0,0,0,0,1,13.31654,52.47826
5,5200632,2019,11,17,2,3,2,6,2,0,1,0,0,0,1,1,13.20432,52.5303
12,12601031,2019,11,17,2,3,6,2,2,0,0,1,0,0,1,1,13.32642,52.6045
12,12200310,2019,11,12,2,2,5,2,0,1,0,0,0,1,0,0,13.31197,52.56803
10,10400938,2019,11,19,2,3,1,5,2,0,1,0,1,0,0,1,13.61728,52.52006
1,1200522,2019,11,12,2,2,5,2,0,0,1,0,1,0,0,1,13.34276,52.52544
1,1100309,2019,11,19,2,3,2,6,2,0,1,0,1,0,0,1,13.40288,52.5297
4,4100101,2019,11,10,2,3,5,2,0,0,1,0,0,0,1,1,13.29675,52.54801
5,5200524,2019,11,9,2,2,5,2,0,0,1,0,0,0,0,0,13.12926,52.52717
6,6100207,2019,11,9,2,3,2,2,0,0,1,0,0,0,0,1,13.33138,52.45311
3,3400723,2019,11,9,2,3,6,4,0,0,1,1,0,0,0,0,13.39574,52.5659
9,9200613,2019,11,8,2,2,6,4,0,0,1,1,0,0,0,1,13.51203,52.45719
9,9501941,2019,11,8,2,3,5,2,0,1,1,0,0,0,0,1,13.57001,52.4525
1,1200520,2019,11,8,2,3,5,2,0,1,0,0,0,0,1,0,13.3432,52.53194
1,1100308,2019,11,8,2,3,0,1,0,1,0,0,0,0,0,1,13.38374,52.53001
7,7501030,2019,11,7,2,3,2,6,0,0,1,0,1,0,0,1,13.37253,52.44436
8,8100310,2019,11,7,2,3,1,5,0,1,1,0,0,0,1,1,13.43422,52.4902
6,6200421,2019,11,7,2,3,6,4,0,0,1,1,0,0,0,1,13.32263,52.43317
12,12200414,2019,11,6,2,2,5,2,2,0,1,0,0,0,1,1,13.31749,52.55984
2,2400625,2019,11,16,1,2,6,4,2,0,1,1,0,0,0,1,13.44178,52.50433
12,12100204,2019,11,15,1,3,0,3,0,0,1,0,1,0,0,1,13.35625,52.56205
3,3500936,2019,11,15,1,3,5,3,0,1,1,0,0,0,0,1,13.4656,52.5517
9,9200819,2019,11,14,1,3,1,7,0,1,0,0,0,0,1,1,13.57171,52.43804
9,9501838,2019,11,13,1,3,0,7,0,0,0,0,1,0,0,1,13.72853,52.42783
2,2100101,2019,11,10,1,3,5,3,0,0,1,0,0,0,0,1,13.38523,52.50229
6,6300528,2019,11,9,1,3,5,3,0,0,1,0,0,0,0,1,13.26014,52.42721
12,12400723,2019,11,8,1,3,5,3,0,0,1,0,1,0,0,1,13.3159,52.61764
8,8100104,2019,11,17,1,2,6,4,2,0,1,1,0,0,0,1,13.42466,52.46557
2,2200209,2019,11,2,1,3,1,5,2,1,1,0,0,0,0,0,13.37667,52.48841
1,1300733,2019,11,23,1,3,5,3,2,0,1,0,0,0,0,1,13.38435,52.55603
12,12500930,2019,11,6,1,3,8,1,2,0,1,0,0,0,0,1,13.32883,52.59379
11,11400927,2019,11,21,1,3,4,1,2,0,1,0,0,0,0,1,13.47186,52.50525
3,3601245,2019,11,20,1,3,5,2,2,1,1,0,0,0,0,1,13.42998,52.55142
8,8200831,2019,11,20,1,2,6,3,2,0,1,1,0,0,0,1,13.40607,52.41576
8,8100102,2019,11,17,1,3,6,4,2,0,1,1,0,0,0,1,13.4254,52.47975
9,9100305,2019,11,17,1,2,5,2,2,0,1,0,0,0,0,1,13.49131,52.4691
7,7200411,2019,11,15,1,3,1,7,1,0,1,0,0,0,1,1,13.35274,52.48454
12,12500929,2019,11,7,1,3,9,1,2,0,1,0,0,0,0,1,13.35436,52.61705
2,2100102,2019,11,5,7,3,5,3,2,0,1,0,0,0,0,1,13.39461,52.50456
10,10200417,2019,11,14,7,3,5,2,0,0,1,0,0,0,0,0,13.59291,52.54844
8,8100102,2019,11,22,7,3,2,6,2,0,1,0,0,0,0,0,13.42687,52.47591
6,6300632,2019,11,19,7,3,6,2,2,0,1,1,0,0,0,0,13.30682,52.42893
2,2100104,2019,11,18,7,3,2,6,2,0,1,0,0,0,0,0,13.41611,52.49973
1,1300836,2019,11,18,7,3,2,6,2,0,1,0,0,0,0,0,13.37993,52.55143
1,1400942,2019,11,14,7,3,5,2,0,0,1,0,0,0,0,1,13.34407,52.5461
1,1100308,2019,11,0,7,2,1,5,2,0,1,0,0,0,1,0,13.38663,52.52482
5,5200423,2019,11,9,7,3,5,2,0,0,1,0,0,0,0,1,13.14798,52.53277
10,10100311,2019,11,7,7,3,0,1,2,0,0,0,1,0,0,1,13.51966,52.53564
6,6200421,2019,11,6,7,3,5,3,2,1,1,0,0,0,0,1,13.31981,52.42657
7,7300619,2019,11,20,7,3,2,6,2,0,1,0,0,0,0,0,13.33852,52.46655
6,6400843,2019,11,5,7,2,9,1,2,0,1,1,0,0,0,0,13.28712,52.45108
2,2200209,2019,11,20,7,3,5,2,2,0,1,0,0,0,0,0,13.38773,52.49303
3,3400723,2019,11,19,7,3,0,3,2,0,1,0,1,0,0,0,13.39428,52.56501
2,2400625,2019,11,18,7,3,2,6,2,0,1,0,0,0,0,0,13.44588,52.50193
9,9100203,2019,11,13,7,3,5,2,0,0,1,0,0,0,0,0,13.47661,52.47296
4,4501153,2019,11,13,7,3,5,7,0,0,1,0,0,0,0,0,13.33312,52.48709
4,4400830,2019,11,12,7,3,6,7,0,0,1,1,0,0,0,0,13.28667,52.47947
1,1100310,2019,11,2,7,3,0,2,2,0,1,0,0,0,0,0,13.41555,52.52708
11,11300620,2019,11,12,7,3,2,6,0,0,1,0,0,0,0,1,13.48435,52.53346
1,1400942,2019,11,10,7,2,0,5,0,0,1,0,1,0,0,1,13.35195,52.54808
1,1200520,2019,11,11,6,3,6,4,0,0,1,1,0,0,0,0,13.33944,52.53382
2,2200212,2019,11,22,6,3,0,3,2,1,1,0,0,0,0,0,13.4136,52.4884
11,11200514,2019,11,7,6,3,6,4,2,0,1,1,0,0,0,1,13.49427,52.54011
7,7200308,2019,11,19,6,3,5,2,2,1,1,0,0,0,0,0,13.32846,52.46493
4,4501045,2019,11,17,6,3,0,5,2,1,1,0,0,0,0,0,13.33178,52.49687
12,12200411,2019,11,17,6,3,2,6,2,0,1,0,0,0,0,0,13.33098,52.56244
1,1100205,2019,11,13,1,3,5,3,0,0,1,0,1,0,0,0,13.3769,52.51077
11,11401034,2019,11,12,1,3,5,3,0,1,1,0,0,0,0,0,13.5307,52.51017
7,7400720,2019,11,17,6,3,3,6,2,0,1,0,0,1,0,0,13.37781,52.47346
4,4200311,2019,11,12,1,3,3,6,0,0,1,0,0,0,1,0,13.28123,52.5131
4,4200308,2019,11,16,6,3,2,6,0,0,1,0,0,0,1,0,13.271,52.51981
7,7200411,2019,11,11,1,3,0,5,0,1,1,0,0,0,0,0,13.36017,52.48647
3,3300413,2019,11,10,1,3,5,3,0,0,1,0,0,0,0,0,13.47409,52.6099
1,1300835,2019,11,16,6,3,0,1,0,1,0,0,0,0,0,1,13.37988,52.54015
4,4100101,2019,11,1,1,3,1,1,2,0,1,0,0,0,0,0,13.29096,52.53754
4,4400832,2019,11,16,1,3,6,2,2,0,1,1,0,0,0,0,13.29876,52.47337
9,9200819,2019,11,2,1,3,0,1,2,1,0,0,0,0,0,1,13.55968,52.44431
2,2400521,2019,11,14,6,3,5,3,0,1,1,0,0,0,0,0,13.44042,52.51586
3,3500932,2019,11,14,6,3,5,3,0,1,1,0,0,0,0,0,13.44104,52.55637
7,7501030,2019,11,19,1,2,6,4,2,0,1,1,0,0,0,0,13.37343,52.43689
1,1200626,2019,11,17,1,3,0,1,2,0,0,0,0,0,1,0,13.35388,52.52384
10,10300731,2019,11,15,6,2,5,3,0,1,1,0,0,0,0,0,13.55356,52.51583
11,11300721,2019,11,17,7,3,2,6,2,0,1,0,0,0,0,0,13.51242,52.53502
1,1100308,2019,11,17,7,2,0,1,2,1,0,0,0,0,0,0,13.37903,52.52926
7,7601341,2019,11,15,6,3,5,3,1,0,1,0,0,0,0,0,13.37678,52.40843
4,4300415,2019,11,14,6,3,5,3,0,0,1,0,0,0,0,0,13.28541,52.50651
1,1400942,2019,11,15,7,3,6,4,0,0,1,1,0,0,0,0,13.34891,52.54548
11,11300620,2019,11,13,7,3,2,6,0,0,1,0,0,0,0,0,13.48549,52.52335
3,3601244,2019,11,14,6,3,2,6,0,0,1,0,0,0,0,0,13.41668,52.55366
2,2400625,2019,11,14,6,3,2,2,0,0,0,0,1,0,1,0,13.43502,52.50868
3,3500936,2019,11,12,7,3,0,5,0,0,1,0,0,0,0,0,13.46481,52.55018
7,7601341,2019,11,12,7,3,3,6,0,1,1,0,0,0,0,0,13.35303,52.40827
11,11300724,2019,11,22,7,3,0,2,2,1,1,0,0,0,0,0,13.49815,52.51392
7,7400720,2019,11,12,6,3,6,7,0,0,1,1,0,0,0,0,13.40033,52.48371
10,10100316,2019,11,20,7,2,6,4,2,0,1,1,0,0,0,0,13.57779,52.54786
4,4300619,2019,11,14,6,3,0,7,0,1,1,0,0,0,0,0,13.31439,52.51808
1,1300730,2019,11,19,7,3,0,5,2,0,1,0,0,0,0,0,13.37049,52.56013
6,6200421,2019,11,20,7,2,4,6,2,0,1,0,0,0,0,0,13.31773,52.42784
1,1200518,2019,11,13,6,2,0,6,0,0,1,0,1,0,0,0,13.32756,52.52459
10,10200420,2019,11,19,7,3,0,1,2,0,0,0,1,0,0,0,13.59153,52.54208
12,12500930,2019,11,10,7,3,2,6,0,0,1,0,0,0,0,0,13.33344,52.59554
4,4300412,2019,11,10,7,3,5,2,0,0,1,0,0,0,0,0,13.29947,52.5197
11,11200410,2019,11,13,6,3,6,7,0,0,1,1,0,0,0,0,13.50924,52.55158
1,1100310,2019,11,13,6,2,0,2,0,1,1,0,0,0,0,0,13.40977,52.52402
8,8100206,2019,11,7,7,3,0,1,2,1,0,0,0,0,0,0,13.42554,52.4808
11,11200411,2019,11,2,7,3,9,1,2,0,1,0,0,0,0,1,13.50882,52.54999
1,1300730,2019,11,12,6,3,0,2,0,1,1,0,0,0,0,0,13.39318,52.56447
4,4400832,2019,11,12,6,3,1,5,0,1,1,0,0,0,0,0,13.30113,52.47036
12,12601235,2019,11,9,6,3,5,3,0,1,1,0,0,0,0,1,13.35405,52.59235
8,8200727,2019,11,17,6,3,6,2,2,0,1,1,0,0,0,0,13.43351,52.44397
1,1300836,2019,11,12,6,3,3,6,0,0,1,0,1,0,0,0,13.37303,52.53821
12,12200515,2019,11,21,6,3,5,3,2,0,1,0,0,0,0,0,13.28603,52.58693
1,1300733,2019,11,20,6,3,6,7,2,0,1,1,0,0,0,0,13.39243,52.55504
1,1100312,2019,11,10,6,3,5,5,0,1,0,0,0,0,1,0,13.41424,52.51149
5,5100317,2019,11,10,6,3,5,7,0,0,1,0,1,0,0,0,13.24561,52.52769
8,8200622,2019,11,19,6,3,5,2,2,0,1,0,0,0,0,0,13.4386,52.45262
2,2200211,2019,11,23,6,3,0,7,2,1,0,0,0,0,0,0,13.4021,52.48883
6,6400843,2019,11,19,6,2,1,7,2,0,1,0,0,0,0,1,13.29789,52.45303
3,3701554,2019,11,9,6,3,1,5,0,1,1,0,0,0,0,0,13.40887,52.53025
4,4400727,2019,11,19,6,3,3,5,2,0,1,0,1,0,0,1,13.29162,52.48315
5,5200420,2019,11,10,6,2,0,7,0,0,1,0,0,0,1,0,13.16917,52.53238
1,1100206,2019,11,18,6,3,5,2,2,1,1,0,0,0,0,0,13.38091,52.51637
2,2400521,2019,11,18,6,3,1,5,2,1,1,0,0,0,1,1,13.43409,52.50866
9,9100305,2019,11,8,6,3,2,6,0,0,1,0,0,0,0,0,13.48084,52.46103
1,1200628,2019,11,8,6,3,5,2,0,0,1,0,0,0,0,0,13.36328,52.52458
3,3500936,2019,11,18,6,3,0,5,2,0,1,0,0,0,0,0,13.45266,52.54755
11,11300619,2019,11,6,6,3,0,6,1,0,1,0,1,0,0,0,13.4638,52.53019
3,3601142,2019,11,17,6,3,2,6,2,0,1,0,0,0,0,0,13.41293,52.54529
3,3601141,2019,11,17,6,3,1,5,2,1,1,0,0,0,0,0,13.41131,52.55076
3,3500935,2019,11,8,6,3,6,7,0,1,0,1,0,0,0,0,13.44761,52.55325
5,5100317,2019,11,6,6,2,6,4,2,0,1,1,0,0,0,0,13.22243,52.52867
8,8401241,2019,11,17,6,3,2,6,2,0,1,0,0,0,0,1,13.48374,52.42554
5,5200629,2019,11,17,6,2,0,1,2,1,0,0,0,0,0,0,13.19918,52.53288
1,1200517,2019,11,8,6,3,3,6,0,0,1,0,0,1,0,0,13.33057,52.53946
5,5200526,2019,11,5,6,2,6,4,2,0,0,1,0,0,1,0,13.15576,52.52161
9,9100409,2019,11,17,6,3,0,7,2,1,0,0,0,0,0,0,13.50633,52.43747
9,9200717,2019,11,17,6,3,6,7,2,0,1,1,0,0,0,0,13.53619,52.44027
10,10200420,2019,11,7,6,2,5,3,1,1,1,0,0,0,0,0,13.59162,52.54149
10,10300731,2019,11,17,6,3,0,5,2,0,1,0,0,0,0,0,13.56347,52.51711
7,7601341,2019,11,16,5,3,6,2,1,0,0,1,0,0,1,0,13.35016,52.41439
6,6200423,2019,11,11,6,3,5,3,0,0,1,0,0,0,0,1,13.33226,52.41762
9,9300920,2019,11,10,6,3,8,7,0,0,1,0,0,0,0,1,13.5565,52.41105
4,4501042,2019,11,19,5,3,6,7,2,0,0,1,0,0,1,0,13.34018,52.50384
12,12100101,2019,11,7,5,3,3,6,2,0,1,0,0,0,0,0,13.37779,52.56369
2,2300417,2019,11,16,6,3,1,5,1,1,1,0,0,0,0,0,13.43578,52.49181
10,10400939,2019,11,15,6,3,1,5,1,0,1,0,0,0,0,0,13.61334,52.50882
12,12400721,2019,11,7,5,3,5,3,0,1,1,0,0,0,0,0,13.28066,52.63418
6,6200422,2019,11,9,5,3,6,2,0,0,1,1,0,0,0,0,13.33826,52.4166
4,4300619,2019,11,15,6,3,5,2,0,0,1,0,0,0,1,0,13.30234,52.51884
7,7400720,2019,11,13,6,3,0,6,0,1,1,0,0,0,0,0,13.38076,52.47465
4,4300517,2019,11,1,5,3,5,2,2,0,1,0,0,1,0,0,13.30164,52.52925
9,9200819,2019,11,19,5,3,4,6,2,0,1,0,0,0,0,0,13.57169,52.43759
11,11100309,2019,11,13,6,3,6,4,0,0,1,1,0,0,0,0,13.50481,52.56302
2,2500729,2019,11,9,6,3,5,2,0,1,1,0,0,0,0,1,13.46285,52.51502
11,11200411,2019,11,9,6,3,5,2,0,0,1,0,0,0,0,0,13.51175,52.55075
10,10200524,2019,11,19,5,2,1,5,2,0,1,0,0,0,1,0,13.61655,52.53158
11,11100309,2019,11,18,5,2,6,4,2,0,0,1,0,0,1,0,13.50319,52.56245
3,3601244,2019,11,9,6,3,5,3,0,0,1,0,0,0,0,0,13.42743,52.55241
10,10400938,2019,11,13,6,3,5,3,0,0,1,0,0,0,0,0,13.61266,52.51516
1,1401044,2019,11,17,5,3,2,6,2,0,1,0,0,0,0,0,13.37678,52.55632
10,10200420,2019,11,15,5,3,5,3,0,1,1,0,0,0,0,0,13.59159,52.54164
1,1300836,2019,11,8,6,3,2,6,0,0,1,0,1,0,0,1,13.37097,52.54007
2,2500836,2019,11,7,6,3,0,6,1,0,1,0,1,0,0,1,13.46696,52.49753
7,7400823,2019,11,15,5,3,5,2,0,1,1,0,0,0,0,0,13.37008,52.46057
3,3601244,2019,11,12,6,3,5,3,0,0,1,0,0,0,0,0,13.42744,52.5524
8,8401243,2019,11,12,5,2,5,2,0,1,1,0,0,0,0,0,13.49541,52.43161
1,1401044,2019,11,6,6,3,2,6,2,0,1,0,0,0,0,1,13.37394,52.55655
10,10200421,2019,11,7,6,2,6,2,2,0,1,1,0,0,0,1,13.60404,52.5392
7,7601442,2019,11,12,5,2,1,7,0,0,1,0,0,0,0,0,13.39955,52.40343
4,4501040,2019,11,12,5,3,2,6,0,0,1,0,0,0,0,0,13.31329,52.50236
1,1200517,2019,11,5,6,3,5,2,2,1,0,0,0,1,0,1,13.32824,52.53541
8,8100417,2019,11,5,6,3,6,2,2,0,1,1,0,0,0,1,13.45588,52.47389
10,10100210,2019,11,11,5,3,3,6,0,0,1,0,0,0,1,0,13.54924,52.54352
1,1100311,2019,11,10,5,3,5,7,0,1,1,0,0,0,0,0,13.41821,52.51744
9,9401329,2019,11,12,6,2,4,6,0,0,1,0,0,0,0,1,13.60331,52.43441
9,9401534,2019,11,11,6,3,2,6,0,0,1,0,0,0,0,1,13.57414,52.44436
6,6300633,2019,11,15,5,3,2,6,0,0,1,0,1,0,0,0,13.30985,52.43162
5,5200420,2019,11,11,6,3,1,5,0,1,0,0,0,0,1,1,13.17148,52.52842
1,1200623,2019,11,14,5,3,5,2,0,1,1,0,0,0,0,0,13.3566,52.53569
11,11300724,2019,11,13,5,3,5,2,0,1,1,0,0,0,0,0,13.4985,52.51571
1,1100312,2019,11,11,6,3,3,5,0,1,1,0,0,0,0,0,13.41197,52.50522
11,11100307,2019,11,13,5,3,6,4,0,0,1,1,0,0,0,0,13.50405,52.56729
7,7300619,2019,11,19,6,3,0,7,2,0,0,0,0,0,1,1,13.34461,52.46374
1,1300836,2019,11,22,5,3,5,2,2,0,1,0,1,0,0,0,13.37056,52.53983
11,11300721,2019,11,19,5,3,3,6,2,1,0,0,0,0,1,0,13.48594,52.52667
8,8100417,2019,11,14,5,3,5,2,0,1,1,0,0,0,0,0,13.45007,52.47669
5,5300840,2019,11,17,5,3,2,6,2,0,1,0,0,0,0,1,13.26548,52.5357
12,12400618,2019,11,10,5,3,5,3,0,0,1,0,0,0,0,0,13.24139,52.61796
12,12500824,2019,11,17,5,2,6,2,2,0,1,1,0,0,0,1,13.29147,52.59602
4,4100101,2019,11,17,5,2,5,2,2,0,1,0,1,0,0,1,13.30227,52.54789
10,10100311,2019,11,17,5,3,2,6,2,0,1,0,0,0,0,1,13.51915,52.53548
10,10100313,2019,11,17,5,3,6,2,2,0,1,1,0,0,0,1,13.54981,52.54288
7,7200307,2019,11,16,5,3,2,6,2,0,1,0,0,0,0,1,13.34516,52.48881
11,11401034,2019,11,19,5,3,6,3,2,0,1,1,0,0,0,0,13.53043,52.50972
8,8100310,2019,11,9,5,3,5,3,0,0,1,0,1,0,0,0,13.43818,52.48276
3,3300413,2019,11,16,5,3,1,5,2,1,1,0,0,0,1,1,13.48223,52.61066
1,1100310,2019,11,17,5,3,6,4,2,0,1,1,0,0,0,1,13.41528,52.52685
4,4300623,2019,11,16,5,3,6,2,2,0,1,1,0,0,0,1,13.31405,52.50621
9,9301126,2019,11,8,5,3,5,3,0,0,1,0,1,0,0,0,13.57572,52.42384
7,7100101,2019,11,16,5,2,6,4,2,0,1,1,0,0,0,1,13.34217,52.50185