BEZ,LOR_ab_2021,UJAHR,UMONAT,USTUNDE,UWOCHENTAG,UKATEGORIE,UART,UTYP1,ULICHTVERH,IstRad,IstPKW,IstFuss,IstKrad,IstGkfz,IstSonstige,USTRZUSTAND,XGCSWGS84,YGCSWGS84
7,7501134,2019,11,9,5,2,1,7,0,0,1,0,0,0,1,0,13.40328,52.43583
1,1300835,2019,11,16,5,3,5,2,2,1,1,0,0,0,0,1,13.39321,52.53751
1,1100206,2019,11,16,5,3,5,2,1,0,1,0,0,0,1,1,13.38664,52.51192
2,2100104,2019,11,6,5,3,5,5,2,1,0,0,0,0,1,0,13.41409,52.5039
12,12100102,2019,11,15,5,3,6,4,1,0,1,1,0,0,0,1,13.37148,52.56938
12,12500928,2019,11,15,5,3,6,4,0,0,1,1,0,0,0,1,13.31953,52.60693
3,3601451,2019,11,15,5,3,5,2,1,1,0,0,0,0,1,0,13.44125,52.53205
9,9100409,2019,11,9,5,3,6,2,0,0,1,1,0,0,0,0,13.50502,52.43708
6,6400844,2019,11,15,5,3,6,4,1,0,0,1,0,0,1,1,13.2833,52.45878
9,9501737,2019,11,14,5,3,0,1,0,1,0,0,0,0,0,1,13.63866,52.44767
12,12400723,2019,11,9,5,3,5,3,0,1,1,0,0,0,0,0,13.32261,52.62465
6,6100206,2019,11,14,5,2,0,7,0,0,1,0,0,0,0,1,13.34217,52.44707
1,1100309,2019,11,1,5,3,0,1,2,0,0,0,0,0,1,0,13.40656,52.52515
1,1200623,2019,11,12,5,3,6,4,0,0,1,1,0,0,0,1,13.36383,52.52841
6,6300633,2019,11,12,5,2,6,2,0,0,1,1,0,0,0,0,13.3156,52.44319
1,2300316,2019,11,0,5,3,0,1,2,1,0,0,0,0,0,1,13.42846,52.50724
2,2100102,2019,11,20,4,3,6,4,2,0,1,1,0,0,0,0,13.39244,52.5067
1,1100310,2019,11,12,5,2,3,6,0,1,0,0,0,0,1,0,13.40999,52.51803
3,3200207,2019,11,12,5,3,5,3,0,0,1,0,0,0,1,0,13.40691,52.58639
9,9501941,2019,11,17,4,3,0,5,2,0,1,1,0,0,1,1,13.57957,52.455
8,8100102,2019,11,7,4,3,5,3,1,1,0,0,0,0,1,0,13.4158,52.4806
4,4300623,2019,11,10,5,3,6,4,0,0,1,1,0,0,0,0,13.30892,52.50601
12,12601032,2019,11,11,5,3,1,5,0,0,1,0,0,0,0,1,13.32946,52.60726
4,4300622,2019,11,9,5,3,5,2,0,1,1,0,0,0,0,0,13.32809,52.50715
2,2300316,2019,11,20,4,3,6,4,2,0,1,1,0,0,0,0,13.43225,52.49925
2,2300314,2019,11,9,5,3,5,3,0,1,1,0,0,0,0,0,13.42482,52.5021
9,9200715,2019,11,19,4,3,5,3,2,1,1,0,0,0,0,0,13.52233,52.42854
6,6100207,2019,11,8,5,3,2,2,0,1,1,0,0,0,0,0,13.32837,52.45432
2,2100102,2019,11,22,5,3,5,3,2,1,1,0,0,0,0,1,13.39499,52.50317
4,4501151,2019,11,18,4,3,5,2,2,1,1,0,0,0,0,0,13.32548,52.48177
10,10400938,2019,11,20,5,3,5,2,2,0,1,0,0,0,0,1,13.62607,52.52933
2,2500836,2019,11,18,5,3,2,6,2,0,1,0,0,0,0,1,13.46817,52.49913
1,1300834,2019,11,20,5,3,6,2,2,0,1,1,0,0,0,1,13.39118,52.54472
2,2100104,2019,11,18,4,3,5,2,2,1,1,0,0,0,0,0,13.40794,52.50438
12,12100103,2019,11,18,4,2,6,4,2,0,1,1,0,0,0,0,13.37007,52.57466
1,1401049,2019,11,19,5,2,1,1,2,0,1,0,0,1,0,1,13.3636,52.55668
12,12400721,2019,11,19,5,2,1,5,2,1,1,0,0,0,0,1,13.28693,52.63898
2,2300417,2019,11,14,4,3,5,3,0,0,1,0,0,0,0,0,13.42454,52.4972
4,4200308,2019,12,22,4,3,4,1,2,0,1,0,0,1,0,0,13.28305,52.51865
2,2300314,2019,12,22,4,3,5,2,2,0,1,0,1,0,0,0,13.42298,52.50027
8,8401241,2019,12,21,4,3,1,1,2,0,1,0,0,0,0,0,13.46977,52.43476
2,2500830,2019,12,12,4,2,1,1,0,1,1,0,0,0,0,1,13.46962,52.51244
1,1200520,2019,12,11,4,3,2,6,0,0,1,0,0,0,0,0,13.34314,52.52664
8,8100418,2019,12,9,4,3,1,5,0,1,1,0,0,0,1,0,13.45149,52.48066
4,4501045,2019,12,9,4,3,2,2,0,1,1,0,0,0,0,1,13.33561,52.49939
11,10100205,2019,12,9,4,3,5,2,0,1,1,0,0,0,0,0,13.52826,52.55689
4,4400831,2019,12,9,4,3,5,3,0,1,1,0,0,0,0,1,13.28468,52.47402
2,2400625,2019,12,9,4,2,6,4,0,0,1,1,0,0,0,0,13.43509,52.50841
1,1100206,2019,12,9,4,3,1,5,0,1,1,0,0,0,1,0,13.39705,52.51387
9,9200512,2019,12,8,4,3,5,3,0,0,1,0,0,0,0,1,13.51788,52.46609
5,5100313,2019,12,8,4,3,3,6,0,0,1,0,1,0,0,1,13.21014,52.549
3,3400723,2019,12,5,4,3,0,3,2,0,0,0,1,0,0,1,13.39733,52.5671
6,6400839,2019,12,16,4,3,0,2,2,0,1,1,0,0,0,0,13.25508,52.44061
1,1400940,2019,12,16,4,3,1,5,2,1,1,0,0,0,1,1,13.34725,52.55658
6,6300633,2019,12,14,4,3,5,2,0,0,1,0,0,0,0,0,13.31533,52.44955
9,9100306,2019,12,14,4,3,5,3,0,1,1,0,0,0,0,0,13.48833,52.45128
10,10100312,2019,12,15,3,3,4,6,1,1,1,0,0,0,0,1,13.54482,52.52222
5,5100316,2019,12,11,3,2,6,4,0,0,1,1,0,0,0,1,13.19886,52.53489
6,6300527,2019,12,9,3,3,0,2,0,1,1,0,0,0,0,1,13.25987,52.42918
11,11200410,2019,12,9,3,2,6,4,0,0,1,1,0,0,0,1,13.50953,52.55111
2,2400522,2019,12,10,3,3,2,6,0,0,1,0,0,0,1,1,13.44383,52.52532
4,4200310,2019,12,9,3,3,5,3,0,0,1,0,0,0,0,1,13.26452,52.50897
7,7400823,2019,12,9,3,2,5,3,0,0,1,0,0,0,0,2,13.38255,52.45834
8,8100314,2019,12,8,3,3,3,6,0,1,1,0,0,0,0,0,13.43692,52.48112
8,8200725,2019,12,8,3,3,2,6,0,0,1,0,0,0,0,0,13.41845,52.45197
11,11300826,2019,12,7,3,3,0,1,0,1,0,0,0,0,0,2,13.47622,52.51257
6,6300527,2019,12,8,3,3,6,2,0,0,1,1,0,0,0,0,13.27619,52.43343
2,2200209,2019,12,7,3,3,0,2,0,1,0,0,0,0,1,2,13.38345,52.49346
9,9200715,2019,12,7,3,3,5,2,1,0,1,0,1,0,0,1,13.55173,52.42849
5,5300735,2019,12,5,3,3,1,5,2,0,1,0,0,0,0,2,13.22546,52.55213
12,12500824,2019,12,5,3,3,5,2,2,0,1,0,0,0,0,2,13.29208,52.59057
1,1100415,2019,12,21,3,3,6,2,2,0,1,1,0,0,0,1,13.39874,52.53258
12,12500825,2019,12,20,3,3,5,2,2,0,1,0,0,0,0,0,13.30293,52.58073
3,3500936,2019,12,20,3,3,0,1,2,0,0,0,1,0,0,2,13.46574,52.552
9,9100409,2019,12,20,3,3,5,2,2,1,1,0,0,0,0,1,13.51428,52.44638
9,9401534,2019,12,17,3,3,1,1,2,0,1,0,1,0,0,1,13.58201,52.44227
3,3601449,2019,12,17,3,3,5,2,2,1,1,0,0,0,0,1,13.44161,52.54329
3,3501037,2019,12,17,3,3,2,6,2,0,1,0,0,0,0,1,13.45957,52.56294
10,10400938,2019,12,18,3,3,2,2,2,0,1,0,0,0,0,1,13.61953,52.52243
1,1100309,2019,12,18,3,3,1,5,2,1,1,0,0,0,0,1,13.39916,52.52479
1,1100311,2019,12,16,3,3,2,2,2,0,1,0,0,0,0,1,13.41649,52.51965
11,11501340,2019,12,7,3,3,0,6,1,1,1,0,0,0,0,2,13.53074,52.49263
7,7400826,2019,12,17,3,3,6,2,2,0,1,1,0,0,0,1,13.35933,52.45658
12,12100101,2019,12,17,3,3,1,5,2,0,1,0,1,0,0,1,13.3683,52.56398
3,3500936,2019,12,16,3,2,6,4,2,0,1,1,0,0,0,1,13.45834,52.54999
3,3601245,2019,12,17,3,3,2,6,2,0,1,0,0,0,0,1,13.43607,52.54221
3,3601244,2019,12,16,3,3,5,3,2,0,1,0,0,0,0,1,13.42703,52.55221
1,1200517,2019,12,16,3,3,5,2,2,0,1,0,0,0,0,1,13.31595,52.5258
3,3601141,2019,12,15,3,3,5,3,0,1,1,0,0,0,0,1,13.41475,52.55387
7,7601238,2019,12,15,3,2,1,5,0,0,1,0,0,0,0,1,13.37815,52.42475
1,1100206,2019,12,15,3,3,5,3,0,1,1,0,0,0,0,1,13.39682,52.51433
4,4500939,2019,12,15,3,3,2,6,0,0,1,0,0,0,0,0,13.30914,52.49163
4,4500938,2019,12,14,3,3,5,2,0,1,1,0,0,0,0,0,13.29599,52.49591
11,11200514,2019,12,7,3,3,6,2,2,0,1,1,0,0,0,1,13.49285,52.53925
2,2200210,2019,12,13,3,3,1,5,0,1,1,0,0,0,0,1,13.38896,52.49414
9,9501941,2019,12,12,3,3,6,6,0,0,1,1,0,0,0,1,13.57455,52.45303
9,9501941,2019,12,11,3,2,5,2,0,1,1,0,0,0,0,0,13.56262,52.45637
2,2200209,2019,12,20,2,2,5,2,2,0,1,0,0,0,0,1,13.37665,52.48503
1,1200628,2019,12,21,2,2,3,6,2,1,0,0,0,0,0,1,13.36794,52.52614
12,12400723,2019,12,16,2,3,1,5,2,1,0,0,0,0,1,0,13.29139,52.60521
4,4500938,2019,12,17,2,3,6,2,2,0,1,1,0,0,0,1,13.29607,52.49804
4,4100101,2019,12,17,2,3,2,6,2,0,1,0,0,0,0,1,13.29652,52.54833
7,7400822,2019,12,17,2,3,6,2,2,0,1,1,0,0,0,1,13.3703,52.46717
2,2400521,2019,12,17,2,3,5,3,2,0,1,0,0,0,1,1,13.44068,52.51727
7,7601341,2019,12,17,2,2,6,4,2,0,1,1,0,0,0,1,13.35011,52.4143
1,1100308,2019,12,16,2,3,2,6,2,1,1,0,0,0,0,1,13.38032,52.53277
8,8100521,2019,12,16,2,3,1,5,2,1,1,0,0,0,0,1,13.46744,52.46837
12,12200308,2019,12,16,2,3,5,3,2,0,1,0,0,0,0,1,13.31791,52.57081
2,2400521,2019,12,16,2,3,5,2,2,0,1,0,0,0,1,1,13.42993,52.52316
6,6200421,2019,12,16,2,3,5,2,2,1,1,0,0,0,0,1,13.31229,52.43033
4,4300518,2019,12,16,2,3,2,6,2,0,1,0,0,0,0,1,13.3105,52.52575
2,2500833,2019,12,15,2,3,0,7,1,1,0,0,0,0,0,1,13.45705,52.5097
2,2100102,2019,12,16,2,2,6,4,2,0,1,1,0,0,0,1,13.39596,52.49842
2,2500729,2019,12,22,2,3,8,1,2,0,1,0,0,0,0,0,13.46261,52.51984
8,8100310,2019,12,14,2,3,5,3,0,1,1,0,0,0,0,1,13.43526,52.49118
6,6200313,2019,12,14,2,3,2,6,0,0,1,0,0,1,0,0,13.3481,52.43767
2,2100106,2019,12,21,2,2,3,6,2,1,1,0,0,0,0,1,13.41945,52.49675
3,3601450,2019,12,19,2,3,5,7,2,0,1,0,0,0,1,1,13.46086,52.52963
7,7400927,2019,12,13,2,3,2,6,0,0,1,0,0,1,0,0,13.40826,52.46393
6,6400844,2019,12,19,2,3,6,2,2,0,1,1,0,0,0,1,13.30871,52.46737
1,1300733,2019,12,13,2,3,2,6,0,0,1,0,0,1,0,1,13.38675,52.55553
12,12500930,2019,12,12,2,3,0,5,0,0,1,0,0,0,1,1,13.31571,52.57794
3,3601245,2019,12,18,2,2,6,2,2,0,1,1,0,0,0,1,13.43943,52.54776
3,3400619,2019,12,16,2,3,6,4,2,0,1,1,0,0,0,1,13.37144,52.59134
9,9100203,2019,12,11,2,3,5,2,0,0,1,0,0,0,0,0,13.47875,52.47759
7,7601341,2019,12,17,2,3,1,5,2,0,1,0,0,0,0,1,13.35333,52.41371
6,6200423,2019,12,11,2,3,0,3,0,0,0,0,0,0,1,0,13.32573,52.41486
4,4300620,2019,12,9,2,3,5,2,0,0,1,0,1,0,0,1,13.32767,52.52078
4,4500938,2019,12,5,2,3,5,7,2,0,1,0,0,1,0,0,13.29426,52.49771
3,3100101,2019,12,5,2,3,5,3,2,1,1,0,0,0,0,0,13.49135,52.63774
8,8100520,2019,12,4,2,3,4,6,2,0,1,0,0,0,0,1,13.46985,52.47293
2,2500833,2019,12,2,2,3,6,4,2,0,1,1,0,0,0,0,13.45682,52.51176
3,3400723,2019,12,17,2,3,5,7,2,1,1,0,0,0,0,1,13.39396,52.56484
11,11501341,2019,12,7,2,3,5,2,0,1,1,0,0,0,0,0,13.52449,52.47864
7,7400823,2019,12,22,1,3,5,3,2,0,1,0,0,0,0,0,13.38572,52.4661
1,1400938,2019,12,21,1,3,1,6,2,0,1,0,0,0,1,0,13.34172,52.54486
3,3601141,2019,12,19,1,2,6,4,2,0,0,1,0,0,1,0,13.41283,52.5537
5,5200631,2019,12,18,1,3,5,2,2,0,1,0,1,0,0,0,13.19594,52.5273
11,11300724,2019,12,14,1,3,0,4,0,1,0,1,0,0,0,0,13.4796,52.51625
8,8100208,2019,12,13,1,3,5,3,0,0,1,0,0,0,0,0,13.43628,52.47272
3,3501037,2019,12,10,1,3,2,6,0,0,1,0,0,0,0,0,13.45736,52.56117
8,8401139,2019,12,4,1,2,5,3,2,0,1,0,0,0,0,0,13.46231,52.43253
2,2400521,2019,12,1,1,2,6,7,2,0,1,1,0,0,0,0,13.43332,52.52317
1,1100310,2019,12,1,1,3,5,3,2,0,1,0,0,0,1,0,13.41541,52.52274
2,2200210,2019,11,15,7,3,0,6,0,0,1,0,1,0,0,0,13.40035,52.49434
1,1200628,2019,11,12,7,3,5,3,0,1,1,0,0,0,0,0,13.36267,52.5227
12,12500824,2019,11,0,7,3,2,6,2,0,1,0,0,0,0,0,13.28376,52.59704
5,5100316,2019,11,9,7,3,6,2,0,0,1,1,0,0,0,0,13.20058,52.53857
1,1100310,2019,11,3,7,3,2,6,2,0,1,0,0,0,0,0,13.41034,52.5287
1,1100308,2019,11,23,7,3,1,5,2,1,0,0,0,0,1,0,13.3835,52.53021
2,2500729,2019,11,19,7,3,5,3,2,0,1,0,1,0,0,0,13.46564,52.52007
3,3200309,2019,11,18,7,3,5,2,2,1,1,0,0,0,0,0,13.4367,52.59252
8,8100206,2019,11,18,7,3,5,2,2,0,1,0,0,0,0,0,13.43134,52.48157
5,5300737,2019,11,16,7,3,5,2,1,0,1,0,0,0,0,0,13.24775,52.53811
12,12200515,2019,11,16,7,3,2,6,1,0,1,0,0,0,0,0,13.28459,52.59467
3,3601245,2019,11,18,7,3,2,6,2,0,1,0,0,0,0,0,13.43015,52.55136
5,5100316,2019,11,14,7,2,6,4,0,0,1,1,0,0,0,0,13.19976,52.53475
11,11300616,2019,11,12,7,2,5,2,0,0,1,0,0,0,1,0,13.47121,52.53543
7,7501030,2019,11,14,7,3,2,6,0,0,1,0,0,0,0,0,13.37585,52.44327
2,2300316,2019,11,7,7,3,0,7,0,1,0,0,0,0,0,0,13.42572,52.4991
2,2500835,2019,11,4,7,3,0,1,2,0,0,0,0,0,1,0,13.46832,52.50254
2,2500835,2019,11,19,7,3,6,2,2,0,1,1,0,0,0,1,13.45907,52.5012
2,2100106,2019,11,17,6,3,5,2,2,0,1,0,0,0,0,0,13.39945,52.49829
8,8300934,2019,11,19,6,3,5,7,2,0,1,0,0,0,0,1,13.46018,52.4319
5,5100316,2019,11,18,6,3,5,2,2,1,1,0,0,0,0,0,13.20067,52.53871
5,5100316,2019,11,18,6,3,6,4,2,0,1,1,0,0,0,0,13.19798,52.53919
8,8100104,2019,11,18,6,3,0,6,2,0,0,0,1,0,1,0,13.43096,52.4681
2,2100106,2019,11,17,6,3,3,2,1,1,1,0,0,0,0,0,13.41215,52.49852
2,2200212,2019,11,16,6,3,5,2,2,1,1,0,0,0,0,0,13.40572,52.48909
1,1300733,2019,11,15,6,3,1,5,0,0,1,0,0,1,0,0,13.38401,52.55111
8,8100313,2019,11,14,6,3,5,3,0,0,1,0,0,0,0,1,13.44219,52.48858
9,9301228,2019,11,12,6,3,0,6,0,0,1,0,1,0,0,1,13.68383,52.3705
6,6300527,2019,11,12,6,3,5,7,0,0,1,0,0,0,1,0,13.25934,52.4328
1,1300835,2019,11,12,6,3,5,2,0,0,1,0,0,0,0,0,13.39119,52.53615
6,6100210,2019,11,11,6,3,6,4,0,0,1,1,0,0,0,0,13.34493,52.46137
12,12500824,2019,11,11,6,3,5,2,0,0,1,0,0,0,0,0,13.292,52.59059
7,7601236,2019,11,11,6,2,1,5,0,0,1,0,0,0,0,0,13.3596,52.41913
2,2100102,2019,11,9,6,3,6,4,0,0,0,1,0,0,1,0,13.39254,52.50684
5,5300737,2019,11,9,6,3,2,6,0,0,1,0,0,1,0,0,13.24772,52.54753
7,7300618,2019,11,9,6,3,5,3,0,1,1,0,0,0,0,0,13.33642,52.46765
2,2100102,2019,11,16,6,2,0,7,2,1,0,0,0,0,0,0,13.39508,52.49972
1,1300730,2019,11,9,6,3,2,6,0,0,1,0,0,0,0,0,13.36946,52.55953
7,7100102,2019,11,9,6,3,6,4,0,1,0,1,0,0,0,1,13.35946,52.49818
2,2400521,2019,11,8,6,3,5,2,0,1,0,0,0,0,1,0,13.44098,52.52449
2,2200211,2019,11,8,6,3,6,4,0,1,0,1,0,0,0,1,13.39718,52.48889
10,10100103,2019,11,7,6,3,6,4,2,0,1,1,0,0,0,1,13.57474,52.56804
5,5300735,2019,11,19,5,3,2,6,2,0,1,0,0,0,0,1,13.22697,52.53763
9,9502043,2019,11,19,5,2,1,5,2,0,1,0,0,0,1,1,13.58823,52.46947
4,4501040,2019,11,19,5,3,2,6,2,0,1,0,0,0,0,1,13.31328,52.50227
4,4300619,2019,11,18,5,3,3,6,2,0,1,0,1,0,0,1,13.30087,52.51933
8,8100310,2019,11,18,5,3,2,3,2,0,1,0,0,0,0,1,13.43604,52.48381
1,1401047,2019,11,18,5,2,6,2,2,0,1,1,0,0,0,1,13.36013,52.5443
3,3601141,2019,11,19,5,2,6,2,2,0,0,1,0,0,1,0,13.40258,52.55464
7,7501133,2019,11,18,5,3,5,2,2,0,1,0,0,0,0,1,13.39002,52.43435
11,11400927,2019,11,17,5,3,0,6,2,0,1,0,1,0,0,1,13.47546,52.50217
1,1401047,2019,11,17,5,3,2,6,2,0,1,0,0,0,0,1,13.35172,52.54295
11,11200512,2019,11,17,5,3,5,2,2,0,1,0,0,0,0,1,13.46774,52.54644
6,6300632,2019,11,17,5,3,6,2,2,0,1,1,0,0,0,1,13.30307,52.42676
11,11300721,2019,11,17,5,2,6,4,2,1,0,1,0,0,0,1,13.51011,52.535
12,12400723,2019,11,17,5,3,1,5,2,0,1,0,0,0,0,0,13.30805,52.61224
1,1100415,2019,11,17,5,3,5,3,2,1,1,0,0,0,0,1,13.39482,52.53075
5,5100316,2019,11,17,5,3,6,4,2,0,1,1,0,0,0,1,13.1953,52.53555
10,10400940,2019,11,16,5,3,5,3,2,1,1,0,0,0,0,1,13.60014,52.47472
10,10200629,2019,11,16,5,3,6,7,2,0,0,1,0,0,1,0,13.58694,52.51714
9,9401534,2019,11,16,5,3,6,4,2,0,1,1,0,0,0,1,13.58312,52.44328
1,1100310,2019,11,15,5,3,5,2,0,1,1,0,0,0,0,0,13.40977,52.52402
10,10100206,2019,11,14,5,3,6,4,0,0,1,1,0,0,0,0,13.57424,52.56044
4,4501146,2019,11,21,5,3,5,2,2,1,1,0,0,0,0,1,13.32051,52.48638
9,9200715,2019,11,12,5,3,1,5,0,0,1,0,0,0,0,0,13.52295,52.43477
12,12100205,2019,11,13,5,3,2,6,0,0,1,0,0,0,0,1,13.34581,52.58947
3,3701555,2019,11,13,5,3,7,7,0,1,0,0,0,0,0,0,13.41529,52.53793
11,11400931,2019,11,12,5,3,5,2,0,0,1,0,0,0,0,0,13.50348,52.5097
5,5100209,2019,11,12,5,3,2,3,0,0,1,0,1,0,0,0,13.17459,52.55425
4,4500939,2019,11,20,5,3,5,7,2,0,1,0,1,0,0,1,13.30452,52.48841
9,9200510,2019,11,12,5,3,5,7,0,0,1,0,0,1,0,0,13.51729,52.47144
9,9100203,2019,11,20,5,3,5,3,2,1,1,0,0,0,0,1,13.48366,52.47402
2,2300316,2019,11,11,5,3,5,7,0,1,1,0,0,0,0,0,13.43328,52.49967
12,12200411,2019,11,10,5,3,5,2,0,1,1,0,0,0,0,0,13.33153,52.56211
11,11100309,2019,11,10,5,3,6,2,0,0,0,1,0,1,0,0,13.50881,52.56452
3,3200309,2019,11,10,5,3,1,5,0,1,0,0,0,0,1,0,13.43334,52.59803
10,10200422,2019,11,8,5,3,5,3,0,1,1,0,0,0,0,0,13.61172,52.53988
5,5400942,2019,11,8,5,3,2,6,0,0,1,0,0,0,0,0,13.18233,52.48662
2,2300316,2019,11,7,5,3,6,4,0,1,1,1,0,0,0,1,13.42866,52.50404
5,5300737,2019,11,5,5,3,5,2,2,1,1,0,0,0,0,1,13.24308,52.53864
7,7100102,2019,11,18,4,3,2,7,2,1,1,0,0,0,0,1,13.35223,52.49647
7,7400927,2019,11,17,4,3,6,6,2,1,0,1,0,0,0,0,13.39102,52.46023
3,3601245,2019,11,19,4,3,5,3,2,0,1,0,0,0,0,1,13.44221,52.54668
8,8100209,2019,11,20,4,3,1,5,2,1,1,0,0,0,0,0,13.43492,52.46679
8,8200832,2019,11,16,4,3,6,2,1,0,1,1,0,0,0,1,13.41702,52.41822
1,1300730,2019,11,19,4,2,1,5,2,0,1,0,0,0,1,1,13.38783,52.5606
8,8100417,2019,11,19,4,3,6,4,2,0,1,1,0,0,0,1,13.45505,52.47275
9,9100306,2019,11,19,4,3,2,6,2,0,1,0,0,0,0,1,13.46954,52.45202
6,6200312,2019,11,18,4,3,6,2,2,0,1,1,0,0,0,1,13.33456,52.43751
3,3601245,2019,12,8,6,3,5,3,0,1,1,0,0,0,0,1,13.43677,52.54881
4,4100101,2019,11,18,4,3,5,2,2,0,1,0,0,0,0,1,13.32625,52.53801
8,8200624,2019,11,18,4,3,8,1,2,0,1,0,0,0,0,1,13.43051,52.45448
6,6300524,2019,12,8,6,3,5,7,0,0,0,0,1,0,1,0,13.24667,52.4251
3,3601245,2019,11,17,4,3,2,6,2,0,1,0,0,0,0,1,13.4427,52.54605
7,7601443,2019,12,5,6,3,5,3,2,0,1,0,0,0,0,0,13.4107,52.41027
4,4500939,2019,11,17,4,3,5,2,2,1,1,0,0,0,0,1,13.3036,52.48843
12,12500930,2019,11,17,4,3,6,4,2,0,1,1,0,0,0,1,13.33965,52.58798
4,4500938,2019,12,6,6,3,2,6,0,0,1,0,0,0,0,1,13.29006,52.49471
7,7501031,2019,11,17,4,3,5,7,2,0,1,0,1,0,0,1,13.39267,52.45297
7,7300619,2019,11,17,4,3,5,3,2,0,1,0,0,0,0,1,13.36003,52.4754
6,6100207,2019,11,17,4,3,5,3,2,1,1,0,0,0,0,1,13.32688,52.45492
12,12200515,2019,12,6,6,3,5,2,2,0,1,0,0,0,1,2,13.28079,52.59379
3,3400723,2019,12,6,6,2,5,3,2,1,1,0,0,0,0,0,13.40892,52.57111
2,2300316,2019,11,17,4,3,5,2,2,1,1,0,0,0,0,1,13.42635,52.49929
1,1100102,2019,11,17,4,3,5,2,2,0,1,0,1,0,0,1,13.34945,52.51509
7,7200411,2019,12,7,6,3,5,3,1,1,1,0,0,0,0,0,13.35342,52.48913
1,1401047,2019,11,17,4,3,6,2,2,0,1,1,0,0,0,1,13.35107,52.54101
1,1200522,2019,11,20,4,3,5,2,2,1,1,0,0,0,0,0,13.32993,52.52378
5,5100101,2019,12,7,6,3,5,3,1,1,1,0,0,0,0,1,13.20702,52.56533
8,8100417,2019,12,0,6,2,6,2,2,0,1,1,0,0,0,0,13.4558,52.47389
1,1100415,2019,11,22,4,3,0,7,2,0,0,0,0,0,1,1,13.38522,52.53116
3,3100101,2019,11,13,4,3,3,6,0,1,1,0,0,0,0,0,13.44399,52.61499
11,11200514,2019,12,13,6,2,6,4,0,0,1,1,0,0,0,1,13.48129,52.53623
6,6400844,2019,12,13,6,3,2,6,0,0,1,0,0,0,0,1,13.27468,52.46023
10,10300734,2019,11,13,4,3,2,6,0,0,1,0,0,0,1,0,13.56028,52.48563
2,2400624,2019,11,12,4,3,0,1,0,0,0,0,0,0,1,0,13.44952,52.51296
9,9100305,2019,11,12,4,3,2,6,0,0,1,0,0,0,0,1,13.48556,52.46434
11,11300620,2019,12,12,6,3,5,7,0,0,1,0,0,0,1,1,13.47776,52.5308
7,7400720,2019,11,12,4,3,3,6,0,1,0,0,0,1,0,0,13.38593,52.48431
4,4300518,2019,12,12,6,3,0,1,0,0,0,0,1,0,0,1,13.30732,52.52464
8,2200212,2019,11,11,4,3,2,6,0,0,1,0,0,0,1,0,13.42348,52.48657
3,3501038,2019,11,11,4,3,5,3,0,0,1,0,0,0,0,0,13.47018,52.55361
2,2100101,2019,12,12,6,3,0,1,0,0,0,0,1,0,0,1,13.38756,52.50355
6,6100205,2019,11,10,4,3,2,7,0,0,1,0,0,0,0,0,13.35522,52.44897
10,10200421,2019,11,16,4,3,6,4,2,0,0,1,0,0,1,1,13.6049,52.53665
1,1100308,2019,11,9,4,2,5,3,0,1,1,0,0,0,0,0,13.37991,52.5331
1,1400942,2019,12,11,6,3,6,2,0,0,0,1,0,0,1,0,13.35221,52.54824
12,12200307,2019,12,11,6,3,0,3,0,0,1,0,1,0,0,1,13.32654,52.5757
12,12601031,2019,11,7,4,3,5,3,0,0,1,0,0,0,0,0,13.33737,52.60473
1,1100313,2019,11,16,4,3,6,2,2,0,1,1,0,0,0,1,13.42122,52.50986
11,11401032,2019,12,10,6,3,3,6,0,0,1,0,0,0,0,1,13.51914,52.51027
6,6200313,2019,12,18,6,1,6,2,2,0,1,1,0,0,0,1,13.35006,52.43427
5,5100316,2019,11,7,4,2,5,2,0,0,0,0,0,0,1,0,13.20031,52.53781
11,11400931,2019,11,16,4,3,6,2,1,0,1,1,0,0,0,1,13.51148,52.50558
6,6400840,2019,12,17,6,1,6,2,2,0,1,1,0,0,0,1,13.25124,52.44997
2,2100104,2019,11,16,4,3,5,3,2,1,1,0,0,0,0,1,13.41029,52.50379
10,10100312,2019,11,5,4,3,5,3,2,0,1,0,1,0,0,0,13.54007,52.53437
1,1200625,2019,12,17,5,3,1,5,2,1,1,0,0,0,0,1,13.34686,52.53062
10,10200524,2019,12,13,5,3,0,4,0,0,0,1,0,0,1,0,13.60987,52.53306
4,4300623,2019,11,15,4,3,2,6,0,0,1,0,0,0,0,1,13.31383,52.50598
3,3300516,2019,11,15,4,3,6,4,1,0,1,1,0,0,0,1,13.44687,52.56841
2,2500835,2019,11,15,4,3,6,4,0,0,1,1,0,0,0,1,13.45806,52.50176
3,3300413,2019,12,12,5,3,5,3,0,0,1,0,0,0,0,0,13.47389,52.60993
1,1200628,2019,11,15,4,3,2,1,0,1,0,0,0,0,1,1,13.36722,52.52255
10,10100103,2019,12,12,5,3,0,3,0,0,0,0,0,0,1,0,13.56949,52.56905
11,11300724,2019,11,7,4,3,0,1,1,1,0,0,0,0,0,0,13.48146,52.5191
8,8100101,2019,11,17,4,3,4,5,2,0,1,0,1,0,0,0,13.42317,52.48502
12,12200413,2019,12,9,5,3,6,4,0,0,1,1,0,0,0,0,13.2896,52.57868
4,4501041,2019,12,9,5,2,2,6,0,0,1,0,1,0,0,1,13.3178,52.49959
3,3200206,2019,11,7,3,3,6,4,1,0,1,1,0,0,0,0,13.38834,52.5885
3,3500934,2019,12,9,5,3,2,6,0,1,1,0,0,0,0,0,13.43719,52.55267
8,8100206,2019,11,19,3,2,0,1,2,1,0,0,0,0,0,0,13.42545,52.48078
10,10100313,2019,11,18,3,2,6,4,2,0,0,1,0,0,1,0,13.55144,52.53375
8,8100417,2019,12,23,5,2,6,4,2,0,1,1,0,0,0,0,13.445,52.47921
8,8100310,2019,12,8,5,3,2,6,0,0,1,0,0,0,0,0,13.42794,52.48759
12,12200414,2019,11,17,3,3,5,3,2,0,1,0,1,0,0,0,13.29729,52.58011
8,8100209,2019,11,16,3,3,5,3,2,0,1,0,0,0,0,0,13.43633,52.46722
6,6300632,2019,12,7,5,3,1,5,0,1,1,0,0,0,0,0,13.29724,52.42307
4,4501152,2019,12,21,5,3,5,2,2,1,1,0,0,0,0,0,13.33067,52.49321