BEZ,LOR_ab_2021,UJAHR,UMONAT,USTUNDE,UWOCHENTAG,UKATEGORIE,UART,UTYP1,ULICHTVERH,IstRad,IstPKW,IstFuss,IstKrad,IstGkfz,IstSonstige,USTRZUSTAND,XGCSWGS84,YGCSWGS84
4,4200206,2019,11,16,3,3,2,6,2,0,1,0,0,0,0,0,13.21868,52.50884
1,1300836,2019,11,16,3,3,2,6,1,0,1,0,0,0,0,0,13.36281,52.53847
11,11401137,2019,12,7,5,3,5,3,2,1,1,0,0,0,0,1,13.50607,52.49199
6,6100101,2019,11,16,3,2,6,4,2,0,1,1,0,0,0,0,13.31552,52.45871
11,11200514,2019,12,7,5,3,5,3,2,1,1,0,0,0,0,1,13.49962,52.53494
12,12100101,2019,11,16,3,3,2,6,2,0,1,0,0,0,0,0,13.37782,52.56378
9,9501736,2019,11,16,3,3,0,5,1,0,1,0,0,0,0,0,13.6062,52.44992
4,4501042,2019,12,21,5,3,1,5,2,0,1,0,0,0,0,0,13.33782,52.50172
4,4300416,2019,12,0,5,2,0,7,2,0,0,0,0,0,1,0,13.29998,52.50998
8,8100310,2019,11,15,3,3,3,6,1,1,0,0,0,0,1,0,13.44215,52.48323
6,6100101,2019,11,20,3,3,5,3,2,1,1,0,0,0,0,1,13.30669,52.46433
7,7400822,2019,12,10,5,2,5,3,0,1,0,0,0,1,0,0,13.36634,52.45972
6,6300524,2019,12,19,5,3,1,1,2,0,1,0,1,0,0,1,13.24815,52.42211
2,2100104,2019,11,19,3,3,5,2,2,1,1,0,0,0,0,0,13.40792,52.50436
4,4300518,2019,11,19,3,3,5,3,1,0,1,0,0,0,0,0,13.31328,52.52993
12,12500927,2019,12,17,5,3,6,4,2,0,1,1,0,0,0,0,13.32069,52.59273
2,2200210,2019,12,18,5,3,0,1,2,0,0,0,1,0,0,0,13.39715,52.49088
12,12200414,2019,11,19,3,3,2,6,2,0,1,0,1,0,0,0,13.27726,52.57574
7,7200308,2019,11,19,3,3,1,5,2,1,1,0,0,0,0,0,13.3248,52.46618
5,5200629,2019,11,19,3,3,5,2,2,0,1,0,0,0,0,0,13.19838,52.533
2,2300316,2019,12,17,5,3,6,4,2,0,1,1,0,0,0,0,13.43763,52.50333
3,3601244,2019,12,17,5,3,3,6,2,0,1,0,0,0,1,0,13.42438,52.55226
6,6200421,2019,11,18,3,3,2,6,2,0,1,0,0,0,0,0,13.31305,52.42284
12,12500824,2019,11,15,3,3,5,3,1,0,1,0,0,0,0,0,13.28867,52.59575
4,4300414,2019,12,18,5,3,1,5,2,1,0,0,0,0,1,0,13.29717,52.51206
2,2500830,2019,12,17,5,3,6,6,1,0,1,1,0,0,0,0,13.4685,52.50973
2,2100106,2019,11,14,3,3,5,2,0,0,1,0,0,1,0,0,13.40665,52.49843
1,1200623,2019,11,15,3,3,0,1,0,0,0,0,1,0,0,0,13.35292,52.53547
6,6400736,2019,12,18,5,3,5,3,2,1,1,0,0,0,0,0,13.22916,52.42643
4,4200308,2019,11,14,3,3,1,5,0,0,1,0,0,0,0,0,13.28027,52.51914
4,4501041,2019,12,16,5,3,0,3,2,1,0,0,1,0,0,1,13.31505,52.50103
7,7400823,2019,11,14,3,3,5,3,0,1,1,0,0,0,0,0,13.37825,52.46716
2,2100104,2019,11,13,3,3,5,2,0,1,0,0,0,0,1,0,13.41045,52.5038
7,7200411,2019,12,16,5,3,5,2,2,0,1,0,1,0,0,1,13.35499,52.48388
3,3701660,2019,12,16,5,3,1,5,2,1,1,0,0,0,0,0,13.43563,52.52942
9,9200715,2019,11,13,3,3,5,2,0,0,1,0,0,0,0,0,13.51963,52.42828
11,11400931,2019,11,10,3,3,5,3,0,0,1,0,0,0,0,0,13.51489,52.50558
11,11100206,2019,12,16,5,3,6,4,2,0,1,1,0,0,0,1,13.50359,52.57441
3,3100103,2019,12,14,5,3,5,3,0,1,1,0,0,0,0,0,13.49787,52.62836
7,7601544,2019,11,10,3,3,0,7,0,0,1,0,0,0,1,0,13.40659,52.39376
1,1200522,2019,11,12,3,3,0,7,0,0,0,0,1,0,1,0,13.32987,52.52293
1,1100205,2019,12,15,5,3,2,2,0,1,1,0,0,0,0,0,13.38205,52.51404
4,4300415,2019,11,9,3,3,3,6,0,0,1,0,1,0,0,0,13.28575,52.50655
5,5300735,2019,12,14,5,3,2,6,0,0,1,0,0,0,0,0,13.21716,52.53772
9,9200510,2019,12,14,5,2,6,4,0,0,1,1,0,0,0,0,13.51284,52.46449
1,1300730,2019,11,9,3,3,5,2,0,0,1,0,0,0,1,0,13.36982,52.55972
12,12500825,2019,12,14,5,3,0,6,0,0,1,0,1,0,0,0,13.30098,52.58231
2,2200211,2019,11,7,3,3,0,3,0,1,0,0,1,0,0,0,13.39043,52.49068
6,6300632,2019,12,14,5,2,5,3,0,1,1,0,0,0,0,0,13.30284,52.42677
12,12500930,2019,12,13,5,3,2,7,0,0,1,0,0,0,0,0,13.32068,52.58374
5,5300841,2019,11,7,3,3,2,6,1,0,1,0,0,0,0,0,13.26727,52.53661
4,4500938,2019,11,7,3,3,5,3,0,1,1,0,0,0,0,0,13.29629,52.49761
8,8200624,2019,12,13,5,3,5,7,0,1,1,0,0,0,0,0,13.43406,52.45271
6,6400844,2019,11,7,3,3,1,5,1,0,0,0,0,0,1,0,13.28965,52.46899
8,8200833,2019,11,12,3,3,6,4,0,0,1,1,0,0,1,0,13.43931,52.41753
8,8100417,2019,11,10,3,3,3,6,0,1,1,0,0,0,0,0,13.44143,52.48097
1,1100103,2019,11,11,3,3,1,5,0,1,1,0,0,0,0,0,13.35607,52.50488
11,11100309,2019,11,10,3,3,6,4,0,0,0,1,0,0,1,0,13.50474,52.56322
2,2100101,2019,12,13,5,3,1,5,0,0,1,0,0,0,0,0,13.38402,52.50484
5,5200633,2019,12,18,4,3,5,2,1,0,1,0,0,0,1,0,13.18491,52.51545
3,3200309,2019,11,10,3,3,5,2,0,0,1,0,0,0,1,0,13.43221,52.60448
11,11501341,2019,11,13,2,3,5,2,0,1,0,0,0,0,1,0,13.52274,52.47646
1,1400938,2019,11,8,2,3,5,3,0,0,1,0,0,0,0,0,13.33524,52.55727
4,4400727,2019,12,7,4,3,6,2,1,0,1,1,0,0,0,0,13.28511,52.4796
1,1100206,2019,11,8,2,3,6,4,0,1,0,1,0,0,0,0,13.38044,52.51809
1,1401047,2019,12,14,4,3,6,4,0,0,1,1,0,0,0,0,13.35701,52.54524
11,11200410,2019,11,15,2,2,6,7,0,0,1,1,0,0,0,0,13.50324,52.5538
8,8100417,2019,11,21,2,3,6,4,2,0,1,1,0,0,0,0,13.45573,52.47393
6,6200420,2019,12,19,4,2,5,2,2,0,1,0,1,0,0,0,13.30293,52.41515
10,10100313,2019,11,20,2,2,5,2,2,1,1,0,0,0,0,0,13.57184,52.54608
2,2300419,2019,11,19,2,3,0,1,2,1,1,0,0,0,0,0,13.44621,52.49881
5,5400943,2019,11,17,2,3,5,3,2,1,1,0,0,0,0,0,13.15578,52.46123
7,7501030,2019,12,18,4,3,5,2,2,0,1,0,1,0,0,0,13.37945,52.44527
8,8100521,2019,11,16,2,3,2,6,2,0,1,0,0,0,0,0,13.46086,52.46835
8,8200622,2019,11,16,2,3,5,3,2,0,1,0,1,0,0,0,13.4385,52.45259
12,12400619,2019,12,18,4,3,9,1,2,0,1,0,0,0,0,0,13.27517,52.59791
4,4300416,2019,11,16,2,3,2,3,2,1,1,0,0,0,0,0,13.29267,52.50678
7,7400823,2019,12,18,4,2,6,4,2,0,0,1,1,0,0,1,13.37771,52.46585
2,2200210,2019,11,15,2,3,1,1,0,0,1,0,0,0,0,0,13.39513,52.4941
8,8100206,2019,11,18,2,3,0,1,2,1,0,0,0,0,0,0,13.42552,52.48079
4,4501041,2019,12,17,4,3,1,5,2,1,1,0,0,0,1,0,13.31425,52.50088
8,8100314,2019,12,17,4,3,6,4,2,1,0,1,0,0,0,0,13.42624,52.48543
2,2200209,2019,11,11,2,3,5,3,0,1,1,0,0,0,0,0,13.37546,52.48932
7,7200308,2019,11,14,2,3,0,4,0,1,0,1,0,0,0,0,13.32147,52.469
4,4300416,2019,12,17,4,3,0,7,2,0,0,0,1,0,0,0,13.29608,52.50804
2,2400521,2019,12,16,4,3,5,3,2,1,1,0,0,0,0,0,13.43963,52.5241
9,9300920,2019,11,15,2,3,7,7,0,0,1,0,0,0,1,0,13.52374,52.40494
12,12200414,2019,11,15,2,3,4,6,0,0,1,0,0,0,0,0,13.25173,52.55697
9,9501941,2019,11,15,2,3,2,6,0,0,1,0,0,0,0,0,13.55849,52.45337
1,1100102,2019,12,18,4,3,5,2,2,1,1,0,0,0,0,0,13.36828,52.50631
10,10100210,2019,11,15,2,3,2,6,0,0,1,0,0,0,0,0,13.54573,52.54454
1,1100310,2019,12,15,4,3,5,3,1,0,1,0,0,0,0,0,13.41964,52.52515
3,3300413,2019,11,13,2,3,6,2,0,0,1,1,0,0,0,0,13.48285,52.61159
2,2200211,2019,11,11,2,3,5,3,0,1,1,0,0,0,0,0,13.40119,52.48516
9,9200819,2019,12,23,4,3,6,2,2,0,1,1,0,0,0,0,13.5697,52.44202
11,11100309,2019,11,9,2,3,0,6,0,0,1,0,1,0,0,0,13.50647,52.56386
1,1401047,2019,11,8,2,3,6,4,0,1,0,1,0,0,0,0,13.34851,52.53909
4,4100102,2019,11,8,2,3,9,1,0,0,0,0,0,0,1,0,13.29513,52.53474
2,2300316,2019,12,23,4,3,2,6,2,0,1,0,0,0,0,1,13.43974,52.50222
2,2500729,2019,12,22,4,3,2,6,2,0,1,0,0,0,0,0,13.46152,52.51791
12,12200413,2019,11,6,2,2,5,3,2,1,1,0,0,0,0,0,13.27709,52.57765
8,8100310,2019,11,0,2,3,1,5,2,1,1,0,0,0,0,0,13.44052,52.48199
3,3601244,2019,12,14,7,3,2,1,0,1,1,0,0,0,0,1,13.42703,52.55214
4,4501045,2019,12,14,7,3,0,1,0,1,0,0,0,0,0,1,13.33118,52.49542
8,8100310,2019,12,13,7,3,4,2,0,1,1,0,0,0,0,1,13.43533,52.48608
10,10200420,2019,12,13,7,3,5,2,0,0,1,0,0,0,0,1,13.59149,52.54478
5,5200420,2019,12,13,7,3,0,1,0,1,0,0,0,0,0,1,13.18188,52.53627
6,6200420,2019,12,12,7,3,5,3,0,0,1,0,0,0,0,1,13.30696,52.41956
6,6200420,2019,12,12,7,3,5,7,0,0,1,0,0,0,0,1,13.31013,52.42095
6,6100209,2019,12,11,7,3,5,2,0,1,1,0,0,0,0,1,13.33761,52.4594
1,1300835,2019,12,11,7,3,2,6,0,0,1,0,1,0,0,1,13.39343,52.53751
3,3601142,2019,12,10,7,3,5,3,0,1,1,0,0,0,0,1,13.40815,52.54144
2,2500835,2019,12,5,7,3,6,2,2,0,1,1,0,0,0,1,13.45041,52.50385
2,2500830,2019,12,3,7,3,0,1,2,0,0,0,0,0,1,1,13.45591,52.51342
8,8100310,2019,12,23,7,3,5,2,2,0,1,0,0,0,0,1,13.44017,52.48171
2,2300314,2019,12,23,7,3,2,6,2,0,1,0,0,0,0,1,13.41992,52.50216
11,11300721,2019,12,21,7,2,6,4,2,0,1,1,0,0,0,1,13.50916,52.53481
7,7601442,2019,12,20,7,2,5,2,2,0,1,0,0,0,0,1,13.40651,52.39849
4,4501147,2019,12,19,7,3,6,6,2,1,0,1,0,0,0,1,13.31907,52.49179
8,8401139,2019,12,16,7,3,2,6,2,0,1,0,0,0,0,1,13.462,52.43252
11,11200512,2019,12,17,7,3,0,7,2,0,1,0,0,0,1,0,13.47306,52.5364
10,10200421,2019,12,17,7,3,6,2,2,0,1,1,0,0,0,1,13.60216,52.53608
1,1300730,2019,12,15,7,3,0,1,1,0,0,0,1,0,0,1,13.39246,52.55697
2,2100101,2019,12,15,7,3,5,3,0,0,1,0,0,0,0,1,13.38353,52.50345
5,5100314,2019,12,22,6,3,6,2,2,0,1,1,0,0,0,0,13.20801,52.54521
9,9401534,2019,12,21,6,3,1,5,2,1,0,0,0,0,1,1,13.58403,52.44184
9,9401329,2019,12,13,6,3,6,4,0,0,1,1,0,0,0,0,13.58287,52.43437
1,1100416,2019,12,13,6,3,5,3,0,0,1,0,0,0,0,0,13.40627,52.53233
9,9501941,2019,12,13,6,3,0,6,0,0,1,0,0,0,1,0,13.59232,52.45137
12,12200411,2019,12,12,6,3,6,4,0,0,1,1,0,0,0,0,13.32838,52.56515
7,7300619,2019,12,11,6,3,5,3,0,0,1,0,0,0,1,0,13.34717,52.47063
6,6300633,2019,12,7,6,3,6,2,1,0,1,1,0,0,0,1,13.31548,52.44965
7,7100102,2019,12,10,6,3,5,3,0,1,1,0,0,0,0,0,13.34629,52.496
4,4501041,2019,12,10,6,3,5,2,0,0,1,0,1,0,0,0,13.31503,52.50086
7,7601544,2019,12,10,6,3,0,1,0,1,0,0,0,0,0,2,13.39793,52.38642
10,10100313,2019,12,10,6,3,0,1,0,0,0,0,1,0,0,2,13.55973,52.54175
4,4501043,2019,12,9,6,2,6,2,0,0,1,1,0,0,0,0,13.31267,52.49934
9,9200715,2019,12,9,6,3,4,1,0,0,1,0,0,0,0,2,13.5291,52.42684
6,6200422,2019,12,8,6,3,5,3,0,0,0,0,1,1,0,1,13.32924,52.42312
4,4501152,2019,12,8,6,3,5,2,0,1,1,0,0,0,0,0,13.33101,52.49261
1,1200629,2019,12,8,6,2,0,1,1,0,0,0,1,0,0,2,13.34185,52.51795
12,12601031,2019,12,8,6,3,3,6,0,1,1,0,0,0,0,0,13.33513,52.60239
4,4400830,2019,12,7,6,3,5,2,1,1,0,0,0,0,1,0,13.30402,52.48
7,7400928,2019,12,7,6,3,5,2,0,1,1,0,0,0,0,1,13.41893,52.46097
11,11501339,2019,12,7,6,3,5,7,2,1,1,0,0,0,0,1,13.52608,52.49355
4,4501042,2019,12,14,6,2,6,4,0,0,1,1,0,0,0,0,13.33265,52.50402
1,1100206,2019,12,19,6,3,5,3,2,0,1,0,0,0,0,0,13.39165,52.52201
3,3601142,2019,12,19,6,2,0,1,2,1,0,0,0,0,0,0,13.40688,52.54108
5,5100209,2019,12,19,6,3,2,6,2,0,1,0,0,0,0,0,13.18383,52.55201
9,9100101,2019,12,18,6,3,1,5,2,1,1,0,0,0,0,0,13.45413,52.49592
1,1400938,2019,12,18,6,2,5,3,2,1,1,0,0,0,0,0,13.34689,52.55327
7,7501134,2019,12,17,6,3,2,6,2,0,1,0,0,0,0,0,13.39617,52.44012
11,11100309,2019,12,17,6,3,2,6,2,0,1,0,0,0,0,1,13.51214,52.56577
5,5100316,2019,12,16,6,3,0,6,2,0,1,0,0,0,1,0,13.20022,52.53682
6,6100205,2019,12,16,6,3,2,2,1,0,1,0,0,0,0,0,13.34672,52.45001
1,1200626,2019,12,16,6,3,0,1,0,1,0,0,0,0,0,0,13.35347,52.51967
3,3400619,2019,12,16,6,3,8,1,2,0,1,0,0,0,0,0,13.37391,52.58682
5,5100316,2019,12,15,6,3,5,3,0,0,1,0,0,0,1,0,13.19453,52.54127
1,1100206,2019,12,15,6,3,2,2,2,0,0,0,0,0,1,1,13.38044,52.51809
2,2400522,2019,12,15,6,3,2,7,0,1,1,0,0,0,0,0,13.44903,52.51797
3,3200206,2019,12,14,6,3,6,4,0,0,1,1,0,0,0,0,13.40168,52.58733
3,3400723,2019,12,6,5,3,6,7,2,1,0,1,0,0,0,0,13.42712,52.57715
4,4500938,2019,12,13,5,2,6,4,0,0,1,1,0,0,0,0,13.30015,52.49498
2,2300419,2019,12,11,5,3,5,2,0,1,1,0,0,0,0,0,13.4474,52.49813
1,1100308,2019,12,16,5,3,3,6,2,1,0,0,0,0,1,0,13.376,52.5285
8,8100314,2019,12,16,5,3,5,3,2,1,1,0,0,0,0,0,13.43663,52.48185
12,12601134,2019,12,16,5,3,6,4,1,0,1,1,0,0,0,1,13.34167,52.59981
6,6400843,2019,12,15,5,3,3,6,2,0,1,0,0,0,0,1,13.29282,52.44642
7,7501135,2019,12,15,5,3,5,3,1,0,1,0,0,0,0,1,13.39498,52.42249
9,9100407,2019,12,15,5,3,5,3,2,0,1,0,0,0,0,1,13.5081,52.4503
1,1100205,2019,12,14,5,3,1,5,0,0,1,0,0,0,0,0,13.37662,52.50951
8,8100417,2019,12,20,5,3,6,7,2,0,0,1,0,0,1,1,13.44948,52.47143
1,1300834,2019,12,13,5,3,0,5,0,0,1,0,1,0,0,1,13.39765,52.54666
6,6300631,2019,12,13,5,3,2,2,0,0,1,0,0,0,0,1,13.27528,52.41127
1,1401044,2019,12,12,5,3,5,3,0,1,1,0,0,0,0,1,13.38122,52.55246
10,10400938,2019,12,12,5,3,5,3,0,1,1,0,0,0,0,1,13.61192,52.51406
11,11400927,2019,12,12,5,3,0,1,0,0,0,0,1,0,0,1,13.47017,52.50316
9,9100407,2019,12,12,5,2,5,2,1,1,0,0,0,1,0,0,13.49746,52.45811
9,9100407,2019,12,11,5,3,8,1,0,0,1,0,0,0,0,1,13.4923,52.45804
1,1100309,2019,12,11,5,3,5,3,0,0,1,0,1,0,0,1,13.39962,52.52371
2,2100102,2019,12,10,5,3,0,5,0,0,1,0,0,0,0,0,13.39142,52.50113
8,8200832,2019,12,10,5,2,2,6,0,0,1,0,0,1,0,0,13.41708,52.41837
9,9501941,2019,12,9,5,3,3,6,0,0,1,0,0,0,1,1,13.55834,52.45548
2,2200209,2019,12,21,5,2,5,3,2,1,0,0,0,0,0,1,13.37943,52.49166
8,8200622,2019,12,19,5,2,6,1,2,0,1,1,0,0,0,0,13.43663,52.45733
5,5300735,2019,12,19,5,3,2,6,2,0,1,0,0,0,0,0,13.23155,52.53827
6,6300527,2019,12,18,5,3,5,3,2,1,1,0,0,0,0,1,13.27595,52.43342
2,2300314,2019,12,18,5,3,2,2,2,1,1,0,0,0,0,0,13.41486,52.50474
3,3300516,2019,12,17,5,2,5,3,2,0,1,0,0,0,0,1,13.44132,52.56856
3,3501037,2019,12,17,5,2,6,4,2,0,1,1,0,0,0,1,13.46741,52.55995
4,4100101,2019,12,16,5,3,5,2,2,0,1,0,0,0,0,0,13.30227,52.54789
1,1100206,2019,12,8,5,3,5,3,0,0,1,0,0,0,1,1,13.39304,52.51506
9,9100203,2019,12,7,5,3,3,5,0,0,0,0,1,0,1,1,13.47596,52.47613
3,3400830,2019,12,7,5,3,5,2,0,0,1,0,0,0,0,1,13.42353,52.5551
3,3601450,2019,12,7,5,3,2,6,1,0,1,0,0,0,0,1,13.44992,52.53682
6,6300528,2019,12,7,5,2,6,4,0,0,1,1,0,0,0,1,13.26059,52.42656
1,1300834,2019,12,7,5,3,5,2,2,0,1,0,0,0,0,1,13.39601,52.53827
9,9501941,2019,12,6,5,3,4,6,2,1,0,0,0,0,0,1,13.57556,52.45395
8,8401243,2019,12,6,5,3,6,2,1,0,0,1,0,0,1,1,13.49541,52.43161
12,12400723,2019,12,6,5,3,2,6,2,0,1,0,0,0,0,1,13.29564,52.61072
5,5200423,2019,12,5,5,3,6,2,2,0,0,1,0,0,1,1,13.15777,52.53316
9,9100305,2019,12,7,4,3,4,5,0,1,1,0,0,0,0,0,13.49058,52.46311
3,3701657,2019,12,16,4,3,0,6,1,1,1,0,0,0,0,0,13.42218,52.54039
8,8100314,2019,12,20,4,3,0,2,2,1,0,0,0,0,1,0,13.43368,52.48212
12,12500927,2019,12,20,4,3,1,1,2,0,1,0,0,0,0,2,13.32426,52.60076
3,3501037,2019,12,17,4,3,4,6,1,0,1,0,1,0,0,0,13.47084,52.55976
1,1200520,2019,12,17,4,3,5,2,2,1,1,0,0,0,0,0,13.34332,52.53096
6,6200422,2019,12,16,4,3,5,3,0,0,1,0,0,0,0,0,13.333,52.42397
9,9200717,2019,12,16,4,3,6,4,2,0,1,1,0,0,0,0,13.54873,52.4358
11,11100204,2019,12,16,4,3,5,2,2,0,1,0,0,0,0,0,13.5206,52.56851
1,1300836,2019,12,15,4,3,5,3,0,0,1,0,0,0,0,1,13.3757,52.53795
10,10100313,2019,12,15,4,3,2,2,1,0,1,0,0,0,0,0,13.57163,52.54601
4,4501041,2019,12,15,4,3,0,6,0,0,1,0,0,0,1,0,13.31913,52.50147
5,5300735,2019,12,15,4,2,9,1,0,0,1,0,0,0,0,0,13.22291,52.53722
5,5200527,2019,12,14,4,2,5,2,0,0,1,0,0,0,0,0,13.16265,52.52008
7,7400826,2019,12,13,4,3,6,4,0,0,1,1,0,0,0,0,13.36059,52.45381
4,4300414,2019,12,13,4,3,0,4,0,1,0,1,0,0,0,0,13.28855,52.51308
1,1100312,2019,12,12,4,3,5,2,0,1,1,0,0,0,0,0,13.41648,52.51102
8,8200727,2019,12,12,4,3,0,2,0,0,1,0,0,0,1,0,13.43399,52.44345
3,3300516,2019,12,7,4,3,0,6,1,0,1,0,0,0,1,0,13.44561,52.56506
9,9200715,2019,12,7,4,3,2,2,1,0,1,0,0,0,0,0,13.53523,52.43215
4,4501153,2019,12,6,4,3,6,2,2,0,1,1,0,0,0,0,13.33123,52.48603
12,12601236,2019,12,22,4,2,6,4,2,0,0,1,1,0,0,0,13.33968,52.59584
1,1401044,2019,12,19,4,3,2,6,2,0,1,0,0,0,0,0,13.38225,52.55589
1,1100207,2019,12,17,4,3,6,2,2,1,0,1,0,0,0,0,13.40591,52.51123
4,4300412,2019,12,15,4,1,5,3,0,1,1,0,0,0,0,0,13.29976,52.52132
9,9301025,2019,12,17,3,3,6,6,2,0,1,1,0,0,0,0,13.57315,52.39442
12,12200414,2019,12,7,3,3,2,6,0,0,1,0,0,0,0,0,13.29509,52.55062
1,1100206,2019,12,14,3,3,3,2,0,1,0,0,0,0,1,0,13.38665,52.51183
12,12200414,2019,12,11,3,2,6,7,0,0,1,1,0,1,1,0,13.29232,52.55382
7,7601236,2019,12,16,3,3,6,7,2,0,0,1,0,0,1,0,13.3683,52.42419
4,4400726,2019,12,15,3,3,2,6,1,0,1,0,0,0,1,0,13.28491,52.49174
12,12400723,2019,12,15,3,3,2,2,1,0,1,0,0,0,0,0,13.30576,52.62047
1,1200623,2019,12,23,3,3,5,2,2,0,1,0,1,0,0,0,13.35209,52.53327
7,7601546,2019,12,14,3,3,5,3,0,1,1,0,0,0,0,0,13.38833,52.39849
4,4400727,2019,12,13,3,3,5,3,0,0,1,0,0,0,0,0,13.29367,52.48438
7,7400823,2019,12,13,3,3,6,2,0,0,1,1,0,0,0,0,13.37193,52.46968
11,11300721,2019,12,13,3,3,2,6,0,0,1,0,0,0,0,0,13.50464,52.53465
11,11200411,2019,12,12,3,3,1,5,0,1,1,0,0,0,0,1,13.49987,52.5458
9,9200715,2019,12,12,3,3,5,2,0,1,1,0,0,0,0,1,13.53511,52.43972
1,1200520,2019,12,12,3,3,5,2,0,1,1,0,0,0,0,2,13.34309,52.52813
5,5200631,2019,12,11,3,3,1,5,0,0,1,0,1,0,0,0,13.19764,52.52331
2,2200211,2019,12,10,3,3,1,5,0,0,1,0,0,0,0,1,13.39562,52.48648
2,2300419,2019,12,10,3,3,6,7,0,0,1,1,0,0,0,0,13.44169,52.49869
4,4501043,2019,12,9,3,2,5,2,0,1,1,0,0,0,0,0,13.31424,52.49028
5,5100316,2019,12,10,3,3,2,6,0,0,1,0,0,0,0,1,13.20721,52.53888
3,3400620,2019,12,9,3,3,1,5,0,0,1,0,0,0,1,0,13.37712,52.57755
10,10400939,2019,12,8,3,3,7,7,0,1,0,0,0,0,0,0,13.62071,52.50917
2,2200209,2019,12,22,3,3,5,3,2,1,1,0,0,0,0,1,13.37929,52.4897
1,1200517,2019,12,20,3,3,5,2,2,0,1,0,0,0,0,0,13.32838,52.53294
9,9200717,2019,12,20,3,3,5,2,2,0,1,0,0,0,0,1,13.55493,52.43266
2,2200210,2019,12,19,3,3,6,4,2,0,1,1,0,0,0,0,13.39918,52.49622
5,5100314,2019,12,19,3,3,1,5,2,0,1,0,0,0,0,0,13.20923,52.53843
7,7400720,2019,12,19,3,3,1,5,2,0,1,0,0,0,0,0,13.37784,52.47743
1,1100102,2019,12,19,3,3,5,3,2,0,1,0,1,0,0,0,13.37207,52.51125
3,3400830,2019,12,18,3,3,2,6,2,0,1,0,0,0,0,0,13.4136,52.56657
4,4501042,2019,12,17,3,3,1,5,2,1,1,0,0,0,0,1,13.32721,52.503
6,6300525,2019,12,17,3,3,6,2,2,0,1,1,0,0,0,0,13.26758,52.40898
1,1200520,2019,12,17,3,3,1,5,2,1,1,0,0,0,1,0,13.34332,52.53128
8,8300934,2019,12,16,3,2,5,3,2,0,1,0,0,0,0,0,13.46521,52.42965
6,6200311,2019,12,16,3,3,5,3,1,1,1,0,0,0,0,0,13.36666,52.43544
4,4200206,2019,12,7,3,2,0,1,2,1,0,0,0,0,0,2,13.22799,52.50636
7,7200308,2019,12,6,3,3,5,2,2,0,1,0,0,0,0,1,13.3326,52.46897
11,11200411,2019,12,4,3,3,0,2,2,1,0,0,0,0,1,1,13.51949,52.54472
2,2400522,2019,12,16,3,3,6,4,2,0,1,1,0,0,0,0,13.4491,52.52198
11,11300619,2019,12,0,3,2,9,1,2,0,1,0,0,0,0,1,13.45883,52.52594
1,1200520,2019,12,8,3,3,0,2,0,0,0,1,0,0,1,0,13.34331,52.5264
6,6400844,2019,12,8,3,3,0,1,0,1,0,0,0,0,0,2,13.29666,52.46439
4,4400727,2019,12,7,3,3,5,2,0,0,1,0,0,0,0,1,13.28998,52.48223
3,3300413,2019,12,7,3,3,6,7,0,1,0,1,0,0,0,0,13.47174,52.6021
4,4300412,2019,12,7,3,3,5,2,1,0,1,0,0,0,0,0,13.2995,52.51967
12,12200414,2019,12,7,3,2,5,3,2,0,1,0,0,1,0,1,13.30698,52.55502
12,12500930,2019,12,20,2,3,2,6,2,0,1,0,0,0,0,1,13.32416,52.5878
9,9401432,2019,12,17,2,3,6,6,0,1,0,1,0,0,0,0,13.59412,52.44448
1,1100205,2019,12,9,2,3,5,3,0,1,1,0,0,0,0,1,13.37928,52.50703
8,8200727,2019,12,12,2,3,5,3,0,1,1,0,0,0,0,0,13.4374,52.44845
5,5400943,2019,12,15,2,3,2,6,1,0,1,0,0,0,0,1,13.13021,52.46405
12,12200515,2019,12,21,2,3,6,4,2,0,1,1,0,0,0,1,13.28062,52.58695
6,6100204,2019,12,20,2,3,0,7,2,1,1,0,0,0,0,1,13.35341,52.45203
11,11300721,2019,12,19,2,3,3,6,2,0,1,0,0,0,0,1,13.50497,52.53453
2,2200209,2019,12,19,2,3,6,2,2,0,1,1,0,0,0,1,13.38251,52.485
7,7400823,2019,12,19,2,3,6,2,2,0,1,1,0,0,0,1,13.38548,52.46574
9,9200512,2019,12,19,2,3,5,2,2,0,1,0,1,0,0,1,13.52105,52.46085
2,2500729,2019,12,5,2,3,0,6,2,0,1,0,1,0,0,1,13.45477,52.51581
3,3701555,2019,12,18,4,3,5,3,2,1,1,0,0,0,0,0,13.42025,52.53814
7,7601236,2019,12,18,2,3,6,2,2,0,1,1,0,0,0,1,13.37312,52.42486
12,12200307,2019,12,18,2,2,6,2,2,0,0,1,0,0,1,1,13.32977,52.56912
6,6100205,2019,12,17,4,3,5,2,2,0,1,0,0,0,0,0,13.34671,52.45001
8,8100310,2019,12,17,4,3,5,2,2,1,1,0,0,0,0,0,13.43265,52.48707
12,12601134,2019,12,18,2,2,6,2,2,0,1,1,0,0,0,1,13.34115,52.60009
8,8100310,2019,12,18,2,3,6,4,2,0,1,1,0,0,0,1,13.43072,52.48602
3,3701554,2019,12,17,4,2,9,1,2,0,1,0,0,0,0,0,13.41215,52.53121
7,7300619,2019,12,17,4,3,5,2,2,1,1,0,0,0,0,0,13.33856,52.4667
6,6200421,2019,12,17,2,3,5,2,2,0,1,0,0,0,0,1,13.32264,52.42908
4,4501042,2019,12,13,4,3,2,6,0,1,1,0,0,0,1,0,13.33804,52.50192
8,8300935,2019,12,17,2,3,5,2,2,0,1,0,0,0,1,1,13.44794,52.42626
4,4200310,2019,12,11,4,3,2,6,0,0,1,0,0,0,0,0,13.26041,52.51633
9,9300922,2019,12,10,4,3,5,3,0,0,1,0,0,0,0,0,13.5312,52.40514
7,7601238,2019,12,17,2,2,2,2,2,0,1,0,0,1,0,1,13.39223,52.41407
7,7100102,2019,12,17,2,3,5,3,2,0,1,0,0,0,1,1,13.34603,52.49602
9,9501941,2019,12,10,4,3,6,7,0,0,1,1,0,0,0,1,13.57836,52.45746
5,5200423,2019,12,9,4,3,0,1,0,0,0,0,1,0,0,0,13.15564,52.53295
6,6200421,2019,12,17,2,3,2,6,2,0,1,0,0,0,0,1,13.327,52.43984