BEZ,LOR_ab_2021,UJAHR,UMONAT,USTUNDE,UWOCHENTAG,UKATEGORIE,UART,UTYP1,ULICHTVERH,IstRad,IstPKW,IstFuss,IstKrad,IstGkfz,IstSonstige,USTRZUSTAND,XGCSWGS84,YGCSWGS84
1,1100101,2019,12,23,3,3,2,6,2,0,1,0,0,0,0,0,13.35151,52.5096
8,8100310,2019,12,23,3,2,6,4,2,0,1,1,0,0,0,0,13.43381,52.48977
3,3501038,2019,12,16,2,2,5,2,2,0,1,0,1,0,0,1,13.47019,52.55361
3,3200309,2019,12,16,2,3,5,3,2,0,1,0,0,0,1,1,13.42327,52.60458
9,9100407,2019,12,20,3,3,5,2,2,1,1,0,0,0,0,0,13.50813,52.45294
6,6400842,2019,12,19,3,3,2,2,2,0,1,0,0,0,0,0,13.27037,52.4499
5,5200527,2019,12,19,3,3,5,2,2,1,1,0,0,0,0,0,13.16269,52.52007
10,10200629,2019,12,17,3,3,2,6,2,1,1,0,0,0,0,0,13.58779,52.52342
4,4400727,2019,12,16,3,3,2,6,2,0,1,0,0,0,0,0,13.29613,52.48544
4,4300621,2019,12,15,2,3,1,5,1,1,1,0,0,0,0,1,13.3031,52.51651
8,8401242,2019,12,16,2,3,6,2,2,0,1,1,0,0,0,1,13.48445,52.42316
1,1100312,2019,12,16,3,3,5,3,2,1,1,0,0,0,0,0,13.40889,52.51202
10,10200629,2019,12,16,2,3,2,6,2,0,1,0,0,0,0,1,13.58789,52.52122
6,6200317,2019,12,16,3,3,5,3,2,0,1,0,0,0,0,1,13.36726,52.42686
4,4300416,2019,12,15,2,3,5,3,1,1,1,0,0,0,0,1,13.30001,52.50983
4,4501044,2019,12,15,2,3,5,3,0,0,1,0,0,0,0,0,13.32083,52.49254
5,5100210,2019,12,16,3,2,6,4,2,0,1,1,0,0,0,0,13.18956,52.55038
2,2500830,2019,12,13,2,3,5,2,0,0,1,0,1,0,0,0,13.47182,52.5078
1,1100309,2019,12,13,2,3,1,5,0,1,0,0,0,1,0,0,13.40789,52.52843
1,1200517,2019,12,12,2,3,2,6,0,0,1,0,0,0,1,0,13.32821,52.53509
10,10100311,2019,12,10,3,2,0,7,1,1,0,0,0,0,0,0,13.5208,52.53561
12,12100205,2019,12,5,3,3,6,2,2,0,1,1,0,0,0,0,13.35272,52.56777
8,8301037,2019,12,11,2,3,0,3,0,0,1,0,1,0,0,1,13.46204,52.4225
4,4501148,2019,12,11,2,3,2,6,0,0,1,0,1,0,0,0,13.32031,52.47817
7,7200307,2019,12,15,3,3,5,2,0,1,1,0,0,0,0,0,13.34475,52.48913
10,10400939,2019,12,11,2,2,5,3,0,0,1,0,0,0,0,0,13.60247,52.51021
3,3400618,2019,12,9,2,2,4,6,0,0,1,0,0,0,0,0,13.37012,52.59742
7,7601545,2019,12,15,3,3,5,2,0,1,1,0,0,0,0,0,13.40887,52.39397
7,7601546,2019,12,13,3,3,5,3,0,1,1,0,0,0,0,1,13.39769,52.3821
2,2100102,2019,12,9,2,3,5,2,0,1,1,0,0,0,0,0,13.39754,52.50605
9,9401330,2019,12,9,2,3,1,5,0,0,1,0,0,0,0,0,13.59147,52.42133
6,6400737,2019,12,13,3,3,0,1,0,1,0,0,0,0,0,1,13.21857,52.42837
10,10200420,2019,12,13,3,3,5,3,0,1,1,0,0,0,0,0,13.58877,52.54239
3,3300516,2019,12,7,2,2,5,3,1,1,0,0,0,0,1,1,13.43937,52.56823
4,4400835,2019,12,7,2,3,5,3,2,1,1,0,0,0,0,0,13.31982,52.46881
8,8100313,2019,12,6,2,3,5,3,1,1,0,0,0,0,1,0,13.44004,52.4896
4,4501147,2019,12,13,3,3,5,3,0,1,0,0,0,0,0,0,13.31653,52.4893
8,8100418,2019,12,6,2,3,5,3,2,1,1,0,0,0,0,0,13.44959,52.47908
4,4500938,2019,12,12,3,3,5,2,0,0,1,0,0,0,0,0,13.28683,52.49583
9,9501941,2019,12,6,2,3,5,2,2,1,0,0,0,0,1,1,13.55835,52.45577
11,11200411,2019,12,6,2,3,5,3,2,0,1,0,0,0,0,0,13.50849,52.55007
2,2100101,2019,12,12,3,3,0,2,0,1,1,0,0,0,0,0,13.38786,52.50299
3,3300514,2019,12,15,2,3,5,3,1,0,1,0,0,0,1,1,13.45353,52.59133
1,1401049,2019,12,20,1,3,2,6,2,0,1,0,0,0,1,1,13.35729,52.55301
1,1401044,2019,12,18,1,3,3,6,2,0,1,0,0,0,0,1,13.36164,52.54788
5,5300841,2019,12,11,3,2,6,7,0,0,1,1,0,0,0,0,13.27009,52.53642
11,11400931,2019,12,11,3,3,5,3,0,1,1,0,0,0,0,0,13.51137,52.50436
7,7100102,2019,12,18,1,3,2,6,2,0,1,0,0,0,0,1,13.34664,52.50117
8,8100206,2019,12,18,1,3,5,7,2,0,1,0,0,0,1,0,13.42494,52.48138
4,4200308,2019,12,9,3,3,5,3,0,0,1,0,0,0,0,1,13.27165,52.51708
8,8200832,2019,12,9,3,3,5,2,0,0,1,0,0,0,0,1,13.42765,52.42082
3,3400723,2019,12,17,1,3,6,4,2,0,1,1,0,0,0,1,13.3992,52.57076
1,1100104,2019,12,16,1,3,5,3,2,0,1,0,0,0,0,1,13.36731,52.50456
9,9300920,2019,12,9,3,3,5,3,0,1,1,0,0,0,0,1,13.52284,52.42345
5,5100316,2019,12,16,1,3,3,6,2,0,1,0,0,0,0,1,13.20269,52.54015
6,6400838,2019,12,16,1,3,1,5,2,0,1,0,0,0,0,1,13.23073,52.43594
4,4501040,2019,12,8,3,3,0,2,0,0,1,0,1,0,0,1,13.31188,52.50052
8,8100417,2019,12,7,3,3,6,2,2,0,1,1,0,0,0,1,13.45581,52.47378
3,3300413,2019,12,15,1,3,5,3,1,0,1,0,0,0,0,1,13.47289,52.617
6,6400737,2019,12,15,1,3,3,6,0,0,1,0,0,0,0,1,13.2241,52.42949
4,4300412,2019,12,13,1,3,5,5,0,0,1,0,0,0,0,1,13.2881,52.51889
8,8200832,2019,12,8,3,3,6,4,0,0,1,1,0,0,0,1,13.4326,52.41525
7,7400928,2019,12,14,1,3,3,6,0,0,1,0,0,0,0,1,13.41554,52.45922
12,12601133,2019,12,7,3,3,2,2,0,0,1,0,1,0,0,1,13.36803,52.6027
5,5200631,2019,12,3,1,2,9,1,2,0,1,0,0,0,0,1,13.17736,52.52536
8,8100104,2019,12,3,1,3,9,1,2,0,1,0,0,0,0,0,13.43165,52.4664
10,10400940,2019,12,7,3,3,5,2,0,0,1,0,0,0,1,1,13.60027,52.47557
9,9100409,2019,12,7,3,3,6,4,2,0,1,1,0,0,0,1,13.50722,52.43841
3,3701659,2019,12,7,1,3,0,7,0,0,0,0,1,0,1,1,13.42298,52.53528
10,10400835,2019,12,6,3,3,4,6,2,1,1,0,0,0,0,1,13.58115,52.5133
12,12400723,2019,12,0,1,2,6,4,2,0,1,1,0,0,0,1,13.3043,52.61953
7,7601341,2019,12,17,7,2,5,2,2,0,1,0,0,0,0,0,13.36141,52.41245
7,7400720,2019,12,9,3,2,6,3,0,0,0,1,0,0,1,0,13.38436,52.48214
11,11300620,2019,12,16,3,1,6,4,2,0,1,1,0,0,0,0,13.47798,52.5331
5,5300735,2019,12,17,7,2,1,5,2,0,1,0,0,0,0,1,13.22618,52.53767
7,7601544,2019,12,17,7,3,6,4,2,0,1,1,0,0,0,1,13.406,52.38666
12,12400618,2019,12,11,3,1,9,1,0,0,1,0,0,0,0,0,13.21423,52.60985
3,3400723,2019,12,17,2,3,4,5,0,0,1,0,0,0,1,0,13.39993,52.56571
10,10100205,2019,12,17,7,3,6,4,2,0,0,1,0,0,1,1,13.53626,52.53975
12,12400723,2019,12,17,7,2,5,2,2,0,1,0,1,0,0,1,13.31133,52.62758
3,3300514,2019,12,6,2,3,2,6,2,0,1,0,0,0,0,0,13.4543,52.58926
5,5300735,2019,12,16,7,3,2,6,2,0,1,0,0,0,0,0,13.21307,52.53844
1,1200518,2019,12,23,2,3,2,6,2,0,1,0,0,0,0,1,13.32855,52.53095
7,7601442,2019,12,15,7,3,5,3,0,0,1,0,0,0,0,0,13.39962,52.3968
10,10300734,2019,12,21,7,3,2,6,2,0,1,0,0,0,0,1,13.5617,52.50436
4,4200310,2019,12,21,2,2,0,1,2,1,0,0,0,0,0,1,13.24937,52.52361
1,1401047,2019,12,21,2,3,5,3,2,0,1,0,0,0,0,1,13.36018,52.54431
4,4501153,2019,12,20,7,2,6,4,2,0,1,1,0,0,0,1,13.33043,52.4787
3,3200207,2019,12,12,7,3,0,5,0,0,1,0,0,0,1,1,13.40908,52.59026
12,12500825,2019,12,21,2,3,6,2,2,0,1,1,0,0,0,1,13.30556,52.58191
2,2200211,2019,12,20,2,3,0,1,2,1,0,0,0,0,0,1,13.40069,52.48425
4,4501042,2019,12,11,7,3,6,4,0,0,1,1,0,0,0,1,13.33711,52.50389
12,12200515,2019,12,11,7,3,5,2,0,0,1,0,0,0,0,0,13.28424,52.59443
4,4501042,2019,12,19,2,3,5,7,2,1,1,0,0,0,0,1,13.33761,52.50153
1,1300834,2019,12,19,2,3,6,2,2,0,1,1,0,0,0,1,13.39376,52.54127
4,4501042,2019,12,11,7,3,2,6,0,0,1,0,0,0,0,1,13.33117,52.50259
8,8100417,2019,12,6,7,3,6,2,2,0,1,1,0,0,0,1,13.44808,52.47774
5,5200528,2019,12,4,7,3,5,3,2,0,1,0,0,0,0,1,13.17161,52.51103
4,4300622,2019,12,16,2,3,3,6,2,1,1,0,0,0,0,0,13.32743,52.50548
6,6300634,2019,12,7,2,3,5,2,1,0,1,0,0,0,1,0,13.29707,52.44262
4,4400834,2019,12,9,7,3,5,2,0,1,1,0,0,0,0,1,13.31035,52.479
1,1100205,2019,12,1,7,3,8,1,2,0,1,0,0,0,0,1,13.37683,52.5094
1,1401044,2019,12,9,2,3,0,3,0,0,1,0,1,0,0,0,13.37187,52.55407
2,2100102,2019,12,6,2,3,5,3,2,0,1,0,0,0,1,0,13.39596,52.49829
11,11401033,2019,12,19,7,2,6,4,2,0,1,1,0,0,0,1,13.5227,52.51322
8,8100104,2019,12,19,7,3,5,3,2,0,1,0,0,0,1,1,13.43302,52.46473
9,9200715,2019,12,5,2,3,5,3,2,1,1,0,0,0,0,1,13.52674,52.43765
1,1401044,2019,12,19,7,3,5,2,2,0,1,0,0,0,0,1,13.3771,52.55374
1,1400938,2019,12,18,2,3,3,6,2,1,1,0,0,0,0,1,13.35025,52.55154
2,2100102,2019,12,18,7,3,2,6,2,0,1,0,1,0,0,1,13.39456,52.50584
8,8100417,2019,12,18,7,3,1,5,2,1,1,0,0,0,0,1,13.44873,52.47735
6,6200315,2019,12,18,2,3,2,6,2,0,1,0,1,0,0,0,13.34583,52.42876
12,12200411,2019,12,17,2,3,5,3,2,1,1,0,0,0,0,1,13.31736,52.56662
11,11400931,2019,12,18,7,3,2,6,2,0,1,0,0,0,0,1,13.51455,52.50555
8,8100206,2019,12,18,7,3,2,6,2,0,1,0,0,0,0,0,13.43188,52.48163
1,1400940,2019,12,17,2,3,5,7,2,0,1,0,1,0,0,1,13.3573,52.55995
11,11100309,2019,12,17,2,3,2,6,2,0,1,0,0,0,0,1,13.51197,52.56595
5,5100317,2019,12,18,7,3,5,2,2,1,1,0,0,0,0,1,13.24509,52.52484
2,2200209,2019,12,20,6,3,6,4,2,0,0,1,0,0,1,0,13.38221,52.48489
10,10100316,2019,12,16,2,3,2,6,2,0,1,0,0,0,0,2,13.57816,52.54775
9,9300920,2019,12,20,6,3,6,4,2,0,0,1,0,0,1,1,13.52612,52.423
8,8401243,2019,12,14,2,2,0,3,0,0,0,0,1,0,1,1,13.48996,52.4213
2,2200210,2019,12,13,2,3,2,6,0,0,1,0,0,0,0,0,13.39521,52.4944
12,12400618,2019,12,20,6,2,4,6,2,1,0,0,0,0,0,0,13.24174,52.59871
3,3701660,2019,12,12,2,3,9,1,0,0,1,0,0,0,1,1,13.43697,52.52957
7,7100102,2019,12,16,6,3,6,4,2,1,0,1,0,0,0,1,13.34819,52.50237
4,4501146,2019,12,9,2,3,2,6,0,0,1,0,0,0,0,0,13.32054,52.48622
10,10100311,2019,12,18,1,3,5,3,2,0,1,0,0,0,1,1,13.51747,52.53535
6,6300633,2019,12,17,6,3,6,2,2,0,1,1,0,0,0,1,13.31561,52.44309
12,12601032,2019,12,17,6,3,6,4,2,0,1,1,0,0,0,1,13.33389,52.61051
4,4501043,2019,12,2,1,3,5,3,2,0,1,0,0,0,0,1,13.31805,52.49626
9,9502043,2019,12,17,6,3,6,4,2,0,1,1,0,0,0,1,13.579,52.45912
1,1100416,2019,12,17,6,3,0,2,2,0,1,1,0,0,0,1,13.39886,52.53272
12,12100204,2019,12,17,6,3,6,2,2,0,1,1,0,0,0,1,13.36249,52.56725
3,3500935,2019,12,17,6,3,6,4,2,0,1,1,0,0,0,1,13.44609,52.55004
4,4501148,2019,12,15,6,3,5,2,1,1,1,0,0,0,0,1,13.32015,52.47876
8,8401246,2019,12,17,1,2,1,5,2,0,1,0,0,1,0,1,13.49887,52.41682
4,4400835,2019,12,19,1,3,5,3,2,1,1,0,0,0,0,1,13.31154,52.46838
10,10100313,2019,12,16,6,3,5,3,2,1,1,0,0,0,0,1,13.57072,52.54463
8,8200832,2019,12,16,6,3,2,6,2,0,1,0,0,0,0,1,13.43048,52.42156
6,6300633,2019,12,16,6,3,8,1,2,0,1,0,0,0,0,1,13.31138,52.43484
12,12200414,2019,12,19,1,3,2,6,2,0,1,0,0,0,0,0,13.2953,52.54999
1,1401044,2019,12,16,6,3,2,6,2,0,1,0,0,0,1,1,13.3737,52.554
6,6400841,2019,12,17,1,3,5,3,2,0,1,0,0,0,0,1,13.26305,52.43924
6,6300527,2019,12,12,6,2,2,7,0,0,1,0,0,0,0,1,13.28221,52.4402
9,9501941,2019,12,22,6,3,6,2,2,0,1,1,0,0,0,1,13.59336,52.4517
6,6400838,2019,12,17,1,3,6,7,2,1,0,1,0,0,0,1,13.23212,52.43752
2,2100104,2019,12,21,6,3,6,2,2,0,1,1,0,0,0,1,13.4065,52.50263
4,4300518,2019,12,20,6,3,5,7,2,0,1,0,0,0,1,1,13.31072,52.52946
10,10100313,2019,12,19,6,3,2,6,2,0,1,0,0,0,0,1,13.56515,52.54479
4,4100101,2019,12,16,1,3,5,3,2,0,1,0,0,0,0,0,13.29478,52.53963
9,9200715,2019,12,19,6,3,5,3,2,0,1,0,0,0,0,1,13.5266,52.42647
6,6100207,2019,12,19,6,3,5,3,2,0,1,0,0,0,0,1,13.31959,52.45268
8,8100310,2019,12,14,1,3,5,3,0,1,1,0,0,0,0,1,13.4276,52.49017
8,8100209,2019,12,19,6,3,2,6,2,0,1,0,0,0,0,1,13.44288,52.46499
8,8401244,2019,12,14,1,2,5,2,0,0,1,0,0,0,0,1,13.50345,52.41162
7,7200411,2019,12,19,6,3,0,4,2,1,0,1,0,0,0,1,13.34564,52.48475
4,4200308,2019,12,18,6,3,2,6,2,0,1,0,0,0,0,1,13.28331,52.51867
4,5300840,2019,12,13,1,3,2,6,0,0,1,0,0,0,0,1,13.28205,52.53381
12,12200414,2019,12,11,1,3,5,2,0,0,1,0,0,0,0,1,13.29793,52.57818
12,12500824,2019,12,18,6,3,6,4,2,0,1,1,0,0,0,1,13.30145,52.59973
4,4500938,2019,12,18,6,3,0,7,2,0,1,0,0,0,0,1,13.29646,52.49971
9,9100407,2019,12,6,1,3,8,1,2,0,1,0,0,0,0,2,13.49744,52.45812
4,4300622,2019,12,5,1,3,9,1,2,0,1,0,0,0,0,1,13.32584,52.50931
4,4400832,2019,12,18,6,2,6,4,2,1,0,1,0,0,0,1,13.29312,52.47455
5,5300840,2019,12,16,6,2,6,2,2,0,1,1,0,0,0,1,13.26498,52.53655
4,4501040,2019,12,16,6,2,0,7,2,1,0,0,0,0,0,1,13.31262,52.50332
9,9401329,2019,12,5,1,3,9,1,2,0,1,0,0,0,0,1,13.61634,52.42925
2,2500830,2019,12,14,6,3,5,3,0,0,1,0,0,0,0,1,13.45945,52.51248
1,1100311,2019,12,1,1,2,5,3,2,1,1,0,0,0,0,1,13.41807,52.51537
9,9300922,2019,12,14,6,3,5,2,0,1,1,0,0,0,0,1,13.52828,52.40259
4,4400726,2019,12,10,6,3,5,3,0,1,1,0,0,0,0,1,13.27633,52.49059
3,3300516,2019,12,12,1,3,2,6,0,0,1,0,0,0,0,0,13.44466,52.57847
11,11400931,2019,12,9,6,3,5,3,0,0,1,0,0,0,0,1,13.49014,52.50482
4,4400728,2019,12,9,6,3,6,4,0,0,1,1,0,0,0,1,13.2811,52.47701
8,8100208,2019,12,8,6,3,5,7,0,1,1,0,0,0,0,0,13.43491,52.47148
11,11300721,2019,12,0,1,1,6,4,2,0,1,1,0,0,0,1,13.51448,52.53516
8,8100313,2019,12,14,7,2,5,7,0,0,1,0,1,0,0,1,13.44212,52.48853
2,2200212,2019,12,8,6,3,0,1,0,1,0,0,0,0,0,0,13.4217,52.4893
8,8401242,2019,12,14,2,3,5,3,0,0,1,0,0,0,0,0,13.48987,52.41997
8,8100206,2019,12,13,2,3,1,5,0,1,1,0,0,0,0,0,13.42913,52.4813
12,12100101,2019,12,11,2,3,5,3,0,0,1,0,0,0,0,0,13.37842,52.56609
8,8100314,2019,12,10,2,3,5,2,0,0,1,0,1,0,0,0,13.43374,52.48204
4,4100101,2019,12,8,2,3,6,4,0,0,0,1,1,0,0,0,13.31844,52.54649
6,6200422,2019,12,21,2,2,5,3,2,0,1,0,0,1,0,0,13.3313,52.42004
9,9200510,2019,12,6,2,2,0,1,2,1,0,0,0,0,0,0,13.51332,52.46738
8,8301037,2019,12,16,1,3,6,7,2,0,1,1,0,0,0,0,13.46277,52.42367
11,11400927,2019,12,15,1,3,5,3,0,0,1,0,0,0,0,0,13.4713,52.5051
4,4400830,2019,12,14,1,3,2,6,0,0,1,0,0,0,0,0,13.29649,52.48533
6,6200313,2019,12,4,1,3,5,3,2,0,1,0,0,0,0,0,13.35006,52.43427
4,4300623,2019,12,2,1,3,1,5,2,0,1,0,0,0,0,0,13.30528,52.50671
11,11100204,2019,12,21,7,2,6,4,2,0,1,1,0,0,0,0,13.5278,52.55674
1,1100309,2019,12,21,7,3,1,5,2,0,1,0,0,0,1,0,13.40328,52.52803
8,8100521,2019,12,20,7,3,2,2,2,0,1,0,0,0,0,1,13.46356,52.46348
1,1401044,2019,12,17,7,3,6,7,2,0,1,1,0,0,0,0,13.37915,52.55302
1,1200627,2019,12,16,7,3,0,1,2,1,0,0,0,0,0,0,13.36425,52.5277
7,7400927,2019,12,17,7,3,6,4,2,0,1,1,0,0,0,0,13.38725,52.45931
2,2400521,2019,12,15,7,3,6,3,0,1,0,1,0,0,0,0,13.43367,52.52332
6,6100205,2019,12,14,7,3,6,4,0,0,1,1,0,0,0,0,13.35467,52.44862
8,8200728,2019,12,13,7,3,5,3,0,0,1,0,0,0,1,0,13.45921,52.44502
1,1100310,2019,12,12,7,3,5,3,0,0,0,0,0,0,1,0,13.40301,52.52143
4,4300414,2019,12,12,7,3,5,7,0,0,1,0,1,0,0,0,13.30048,52.51707
8,8100310,2019,12,12,7,3,6,4,0,0,1,1,0,0,0,0,13.43212,52.48552
2,2300316,2019,12,7,7,3,5,3,2,1,1,0,0,0,0,0,13.43758,52.50038
8,8100310,2019,12,23,7,2,0,1,2,1,0,0,0,0,0,0,13.43176,52.48764
1,1100312,2019,12,0,7,2,5,3,2,0,1,0,0,0,1,0,13.41642,52.51093
4,4300619,2019,12,0,6,2,8,1,2,0,1,0,0,0,0,1,13.31502,52.51465
1,1200517,2019,12,16,6,3,5,3,2,1,1,0,0,0,0,0,13.35232,52.53648
2,2200212,2019,12,13,6,3,0,7,0,0,1,0,0,0,0,0,13.41207,52.4884
9,9502043,2019,12,10,6,3,3,6,0,1,1,0,0,0,0,1,13.57593,52.46377
7,7300619,2019,12,10,6,3,0,3,0,0,0,0,1,0,1,1,13.34434,52.46485
2,2200210,2019,12,9,6,3,8,1,0,0,1,0,0,0,0,1,13.40045,52.49021
4,4400726,2019,12,7,6,3,5,3,1,1,0,0,0,0,1,0,13.28422,52.48529
1,1100103,2019,12,21,6,3,2,6,2,0,1,0,0,0,0,1,13.35958,52.5039
5,5100313,2019,12,20,6,3,6,2,2,0,1,1,0,0,0,1,13.2075,52.55409
4,4400835,2019,12,19,6,3,1,5,2,1,1,0,0,0,0,0,13.31435,52.47239
8,8200727,2019,12,17,6,3,2,6,2,0,1,0,0,0,0,1,13.43467,52.44057
7,7200413,2019,12,17,6,3,5,3,2,1,1,0,0,0,0,1,13.36344,52.47862
11,11300721,2019,12,16,6,3,5,3,2,0,1,0,0,0,0,1,13.49982,52.53437
9,9501737,2019,12,19,6,2,6,4,2,0,1,1,0,0,0,1,13.62475,52.45116
3,3400620,2019,12,14,6,2,0,1,0,1,0,0,0,0,0,1,13.39871,52.57054
6,6400841,2019,12,9,6,2,5,3,0,1,1,0,0,0,0,1,13.26768,52.44543
12,12100102,2019,12,17,5,3,2,2,2,1,1,0,0,0,0,1,13.3667,52.56807
8,8100417,2019,12,20,5,3,5,3,2,0,1,0,0,0,0,1,13.45453,52.47442
10,10200629,2019,12,17,5,3,5,2,2,0,1,0,0,0,0,1,13.58723,52.52356
11,11200513,2019,12,17,5,3,5,3,2,0,1,0,0,0,0,1,13.49377,52.54121
11,11501238,2019,12,17,5,3,2,6,2,0,1,0,1,0,0,1,13.47566,52.50141
8,8100314,2019,12,16,5,3,5,3,2,0,1,0,0,0,0,1,13.4289,52.48533
1,1300834,2019,12,11,5,3,0,1,0,0,1,0,1,0,0,1,13.39942,52.53922
9,9501737,2019,12,9,5,3,0,1,0,1,0,0,0,0,0,1,13.62481,52.45162
5,5200629,2019,12,2,5,3,8,1,2,0,1,0,0,0,0,1,13.19583,52.52928
4,4300517,2019,12,0,5,3,0,1,2,0,0,0,0,0,1,1,13.30095,52.52599
11,11300721,2019,12,15,5,2,5,1,0,0,1,0,0,0,0,1,13.51415,52.53514
9,9100305,2019,12,14,5,2,5,2,0,0,1,0,0,0,0,1,13.4913,52.4691
1,1300836,2019,12,6,5,2,3,6,2,1,1,0,0,0,0,1,13.38102,52.55193
4,4501153,2019,12,12,4,3,5,2,0,0,1,0,0,0,0,1,13.32834,52.47867
1,1300834,2019,12,23,4,3,5,7,2,0,1,0,1,0,0,1,13.39528,52.53909
4,4501040,2019,12,19,4,3,2,7,2,0,1,0,0,0,0,1,13.30759,52.50014
7,7300619,2019,12,16,4,3,1,1,2,0,1,0,0,0,1,1,13.34922,52.45897
8,8200833,2019,12,13,4,3,5,3,0,0,1,0,0,0,1,1,13.4403,52.41935
4,4200206,2019,12,23,3,3,6,2,2,0,1,1,0,0,0,1,13.2561,52.50683
9,9100305,2019,12,21,3,3,5,2,2,0,1,0,0,0,0,1,13.49129,52.46909
5,5100101,2019,12,20,3,3,6,2,2,0,1,1,0,0,0,1,13.20867,52.56159
10,10400938,2019,12,19,3,3,5,3,2,0,1,0,0,0,0,1,13.62189,52.52474
11,11100307,2019,12,18,3,3,1,5,2,0,1,0,0,0,0,1,13.50459,52.56938
6,6200314,2019,12,18,3,3,8,1,2,0,1,0,0,0,0,1,13.33311,52.42991
1,1200623,2019,12,14,3,3,0,1,0,0,1,0,1,0,0,0,13.35242,52.5345
5,5100317,2019,12,13,3,3,0,6,0,0,1,0,0,0,1,1,13.23973,52.52631
8,8100417,2019,12,13,3,3,6,4,0,0,1,1,0,0,0,0,13.4391,52.48047
3,3400830,2019,12,11,3,3,5,2,0,1,1,0,0,0,0,0,13.41256,52.56613
2,2400521,2019,12,10,3,3,5,3,0,1,0,0,0,0,0,0,13.4372,52.51919
10,10100206,2019,12,9,3,3,2,2,0,0,1,0,0,0,0,0,13.57441,52.55512
3,3500934,2019,12,20,2,3,6,4,2,0,1,1,0,0,0,0,13.44404,52.55422
2,2100106,2019,12,17,2,3,2,2,1,0,1,0,1,0,0,0,13.41859,52.49886
10,10100208,2019,12,7,2,3,6,7,2,1,0,1,0,0,0,0,13.57045,52.5494
10,10300731,2019,12,13,2,3,2,6,0,0,1,0,0,0,1,1,13.56393,52.51848
4,4200310,2019,12,12,2,3,6,7,0,0,1,1,0,0,0,1,13.25318,52.52112
9,9502043,2019,12,12,2,3,1,5,0,0,1,0,0,0,0,0,13.58411,52.46539
2,2300316,2019,12,19,2,3,1,5,2,1,1,0,0,0,0,0,13.4404,52.50187
4,4501042,2019,12,20,2,3,6,4,2,0,1,1,0,0,0,0,13.33164,52.50645
2,2500835,2019,12,18,2,3,5,7,2,0,1,0,0,0,0,0,13.46524,52.49828
11,11200513,2019,12,12,2,2,6,4,0,0,1,1,0,0,0,1,13.49249,52.5441
9,9100306,2019,12,17,2,3,2,6,2,0,1,0,0,0,0,0,13.47897,52.44304
6,6200317,2019,12,16,2,2,9,1,2,0,1,0,0,0,0,0,13.34932,52.42192
12,12200515,2019,12,16,2,3,2,6,1,0,1,0,0,0,0,0,13.28581,52.58762
6,6200311,2019,12,16,2,3,5,3,2,0,1,0,0,0,0,1,13.35873,52.43721
8,8301037,2019,12,16,2,3,0,5,1,1,1,0,0,0,0,1,13.48229,52.42445
12,12200414,2019,12,15,2,2,5,2,0,1,1,0,0,0,0,0,13.29731,52.573
4,4400728,2019,12,11,2,2,9,7,0,0,1,0,0,0,0,1,13.28071,52.47705
8,8200624,2019,12,11,2,3,5,3,0,1,1,0,0,0,0,1,13.43601,52.44936
6,6100210,2019,12,9,2,3,6,4,0,1,0,1,0,0,0,1,13.34513,52.46143
4,4501042,2019,12,9,2,2,6,2,0,0,1,1,0,0,0,1,13.33251,52.50603
2,2300419,2019,12,8,2,3,1,5,0,1,0,0,0,0,1,1,13.43881,52.49988
1,1400938,2019,12,7,2,3,5,3,1,0,1,0,0,0,0,1,13.33418,52.55728
8,8100417,2019,12,7,2,3,6,2,2,0,1,1,0,0,0,1,13.44818,52.47763
5,5200629,2019,12,18,2,3,5,3,2,0,1,0,0,0,1,0,13.19827,52.53293
2,2200211,2019,12,14,1,3,0,1,0,1,0,0,0,0,0,1,13.3943,52.48903
3,3701660,2019,12,14,1,3,0,5,0,0,1,0,0,0,0,0,13.4332,52.53137
12,12100205,2019,12,12,1,2,5,2,0,1,1,0,0,0,0,0,13.35132,52.56768
8,8200622,2019,12,12,1,3,5,2,0,0,1,0,0,0,0,1,13.43851,52.45259
12,12200310,2019,12,9,1,3,2,2,0,0,1,0,1,0,0,1,13.3078,52.57211
4,4501042,2019,12,8,1,3,5,3,0,0,1,0,0,0,0,1,13.32518,52.50241
2,2200212,2019,12,7,1,3,5,3,2,0,1,0,0,0,0,1,13.40769,52.48893
11,11401137,2019,12,18,1,3,1,5,2,0,1,0,0,0,0,1,13.5227,52.49545
12,12200411,2019,12,21,1,3,2,6,2,0,1,0,0,0,0,0,13.32146,52.5604
4,4501041,2019,12,18,1,3,5,3,2,0,1,0,1,0,0,0,13.31943,52.50156
1,1100416,2019,12,16,1,3,3,6,2,1,0,0,0,0,0,1,13.40589,52.531
8,8301037,2019,12,14,1,3,1,5,0,0,1,0,0,0,0,0,13.48138,52.42551
6,6400737,2019,12,13,1,3,5,3,0,0,1,0,0,0,0,0,13.20534,52.42428
7,7400823,2019,12,21,7,3,2,2,2,0,1,0,0,0,0,0,13.37172,52.47002
2,2300417,2019,12,20,7,2,0,3,2,0,1,0,0,0,0,1,13.42973,52.49828
5,5200423,2019,12,19,7,3,2,6,2,0,1,0,0,0,1,1,13.14436,52.53264
12,12100101,2019,12,17,7,2,0,4,2,0,0,1,0,0,1,0,13.37819,52.56527
8,8100417,2019,12,16,7,3,0,1,2,0,0,0,1,0,0,1,13.4389,52.48059
6,6400841,2019,12,14,7,3,2,2,0,0,1,0,0,0,0,1,13.26791,52.44548
5,5200629,2019,12,13,7,3,2,7,0,0,1,0,0,0,0,0,13.19749,52.52983
9,9501737,2019,12,13,7,3,6,4,0,0,1,1,0,0,0,0,13.62477,52.45134
8,8401242,2019,12,13,7,2,5,2,0,0,1,0,0,0,0,0,13.48998,52.42001
6,6300631,2019,12,12,7,3,1,1,0,0,1,0,0,0,1,1,13.29019,52.41869
7,7601236,2019,12,12,7,3,0,3,0,1,1,0,0,0,0,1,13.36089,52.41708
7,7601341,2019,12,11,7,2,8,1,0,0,1,0,0,0,0,1,13.37605,52.40912
12,12200310,2019,12,11,7,3,5,7,0,0,1,0,0,0,0,1,13.30547,52.56819