BEZ,LOR_ab_2021,UJAHR,UMONAT,USTUNDE,UWOCHENTAG,UKATEGORIE,UART,UTYP1,ULICHTVERH,IstRad,IstPKW,IstFuss,IstKrad,IstGkfz,IstSonstige,USTRZUSTAND,XGCSWGS84,YGCSWGS84
12,12500824,2019,12,10,7,3,2,6,0,0,1,0,0,0,0,1,13.2844,52.59637
1,1100308,2019,12,10,7,3,2,6,0,0,1,0,0,0,0,0,13.38601,52.5282
2,2500830,2019,12,9,7,3,2,6,0,0,1,0,0,0,1,1,13.47558,52.51205
8,8100310,2019,12,8,7,3,0,3,0,0,1,0,0,0,1,1,13.44016,52.4816
2,2100106,2019,12,3,7,3,5,2,2,0,1,0,0,0,0,1,13.39949,52.49829
10,10100206,2019,12,16,6,3,2,6,1,0,1,0,0,0,0,1,13.56228,52.56153
1,1300733,2019,12,15,6,3,0,3,0,1,1,0,0,0,0,1,13.38796,52.55581
6,6100103,2019,12,17,6,3,0,7,2,0,1,1,0,0,0,1,13.31992,52.46313
4,4300412,2019,12,16,6,3,5,3,2,0,1,0,0,0,0,0,13.29238,52.51921
8,8100310,2019,12,16,6,3,1,5,2,1,1,0,0,0,0,1,13.44076,52.48218
7,7400823,2019,12,20,6,3,5,2,2,0,1,0,0,0,0,1,13.37528,52.45535
3,3300413,2019,12,19,6,2,5,2,2,0,1,0,1,0,0,1,13.4733,52.6126
4,4501040,2019,12,19,6,3,2,6,2,0,1,0,0,0,0,0,13.31368,52.50495
11,11400931,2019,12,19,6,3,6,2,2,0,1,1,0,0,0,0,13.487,52.50243
12,12400721,2019,12,18,6,3,5,3,2,0,1,0,0,0,0,1,13.28032,52.63014
1,1100102,2019,12,18,6,3,5,3,2,0,1,0,0,0,0,0,13.3507,52.51516
7,7400720,2019,12,17,6,2,6,4,2,0,1,1,0,0,0,1,13.36698,52.47421
10,10300732,2019,12,10,6,2,6,4,0,0,1,1,0,0,0,1,13.56666,52.52902
1,1200628,2019,12,16,6,3,6,2,2,0,1,1,0,0,0,1,13.35683,52.52348
5,5100208,2019,12,17,6,3,6,4,2,0,1,1,0,0,0,0,13.15017,52.55401
12,12200414,2019,12,10,6,3,0,5,0,1,1,0,0,0,0,1,13.28436,52.57564
4,4501040,2019,12,9,6,3,5,3,0,1,1,0,0,0,0,1,13.31342,52.50443
4,4300518,2019,12,9,6,3,5,3,0,0,1,0,0,0,0,0,13.30653,52.52878
10,10200417,2019,12,8,6,2,6,4,0,0,1,1,0,0,0,1,13.59217,52.54641
1,1100207,2019,12,7,6,3,2,2,1,1,1,0,0,0,0,0,13.40025,52.50949
11,11401033,2019,12,7,6,3,6,4,2,0,1,1,0,0,0,1,13.53262,52.51134
2,2100102,2019,12,6,6,3,1,5,2,1,1,0,0,0,0,1,13.38765,52.50654
11,11300724,2019,12,6,6,3,6,2,2,0,1,1,0,0,0,0,13.49366,52.51611
12,12100205,2019,12,16,6,3,5,2,1,1,1,0,0,0,0,0,13.35147,52.56748
2,2300316,2019,12,15,6,3,0,3,1,1,1,0,0,0,0,1,13.44021,52.50197
6,6400838,2019,12,15,6,3,6,4,1,0,1,1,0,0,0,1,13.25016,52.45541
8,8401242,2019,12,14,6,2,6,4,0,0,1,1,0,0,0,1,13.48996,52.42014
7,7501030,2019,12,14,6,3,5,3,0,1,0,0,0,1,0,0,13.38127,52.44104
4,4501042,2019,12,14,6,3,0,6,0,0,1,0,0,0,1,0,13.32514,52.50257
2,2500833,2019,12,23,6,3,5,3,2,0,1,0,0,0,0,1,13.45866,52.5066
10,10100316,2019,12,22,6,2,0,1,2,1,0,0,0,0,0,1,13.58142,52.5486
3,3601244,2019,12,22,6,3,0,5,2,0,1,1,0,0,0,0,13.41874,52.55167
4,4300414,2019,12,21,6,3,5,3,2,0,1,0,0,0,1,0,13.296,52.51685
10,10300734,2019,12,14,6,3,5,2,0,1,0,0,0,0,1,0,13.56756,52.50527
7,7100101,2019,12,14,6,3,3,6,0,1,0,0,0,0,0,0,13.34182,52.49726
10,10200421,2019,12,17,6,2,5,2,2,1,1,0,0,0,0,1,13.60837,52.53893
10,10100313,2019,12,16,6,3,5,2,2,1,1,0,0,0,0,0,13.56862,52.53818
6,6400838,2019,12,14,6,3,3,6,0,0,1,0,0,0,0,0,13.23298,52.43826
6,6200311,2019,12,16,6,2,6,2,2,0,1,1,0,0,0,0,13.36206,52.43461
8,8100206,2019,12,13,6,3,5,7,0,0,1,0,0,0,0,0,13.4243,52.48512
6,6300633,2019,12,7,6,3,5,2,0,1,1,0,0,0,0,0,13.31348,52.43542
1,1300834,2019,12,21,6,3,5,2,2,1,1,0,0,0,0,1,13.39604,52.53835
5,5300840,2019,12,20,6,3,6,2,2,0,1,1,0,0,0,1,13.26497,52.53656
1,1200623,2019,12,13,6,3,5,3,0,1,1,0,0,0,0,1,13.35925,52.53385
3,3200309,2019,12,20,6,3,6,2,2,0,1,1,0,0,0,0,13.42647,52.60319
5,5100313,2019,12,13,6,3,5,7,0,0,1,0,1,0,0,1,13.21012,52.54985
6,6100102,2019,12,13,6,3,3,6,0,1,1,0,0,0,0,0,13.32414,52.46053
5,5100103,2019,12,12,6,3,6,4,0,0,1,1,0,0,0,0,13.20936,52.56515
7,7400720,2019,12,12,6,3,6,7,0,0,1,1,0,0,0,0,13.40586,52.48274
1,1100101,2019,12,12,6,3,0,7,0,1,1,0,0,0,0,1,13.34598,52.50571
11,11401137,2019,12,10,6,3,6,4,0,0,1,1,0,0,0,0,13.5145,52.49478
1,1401049,2019,12,12,5,3,0,2,0,1,1,0,0,0,0,0,13.35874,52.55416
7,7601442,2019,12,18,5,3,6,2,2,0,1,1,0,0,0,0,13.40669,52.39851
8,8100310,2019,12,17,5,3,0,7,2,0,0,1,0,0,1,0,13.42916,52.48656
7,7501031,2019,12,17,5,2,6,4,2,0,1,1,0,0,0,0,13.38645,52.4529
7,7601544,2019,12,17,5,2,6,4,2,0,1,1,0,0,0,1,13.40628,52.38667
4,4501153,2019,12,17,5,3,5,2,2,1,1,0,0,0,0,0,13.33087,52.48512
3,3200309,2019,12,17,5,2,6,2,2,0,1,1,0,0,0,1,13.4198,52.60622
5,5100316,2019,12,16,5,3,3,6,2,0,1,0,0,0,0,0,13.20605,52.53947
10,10400938,2019,12,16,5,3,0,3,2,0,1,0,1,0,0,1,13.62675,52.52997
4,4300414,2019,12,22,5,3,5,2,2,0,1,0,0,0,0,0,13.30099,52.51529
6,6300525,2019,12,21,5,3,5,3,2,0,1,0,1,0,0,1,13.25511,52.41182
7,7100102,2019,12,22,5,3,5,3,2,1,1,0,0,0,0,0,13.35695,52.49871
2,2200209,2019,12,20,5,3,5,3,2,0,1,0,0,0,1,0,13.37299,52.48505
2,2300314,2019,12,18,5,3,5,3,2,1,0,0,0,0,0,1,13.42665,52.50466
7,7200308,2019,12,18,5,3,2,6,2,0,1,0,0,0,1,1,13.34831,52.48168
6,6300528,2019,12,17,5,3,0,2,2,1,1,0,0,0,0,1,13.25242,52.4252
4,4501042,2019,12,15,5,3,6,4,0,0,1,1,0,0,0,0,13.33945,52.50335
8,8401243,2019,12,13,5,3,5,3,0,0,1,0,0,0,0,0,13.51185,52.42339
11,11400931,2019,12,12,5,3,5,3,0,1,0,0,0,0,0,0,13.51267,52.50727
4,4300414,2019,12,12,5,3,5,2,0,1,1,0,0,0,0,0,13.29666,52.51366
11,11200410,2019,12,9,5,3,2,7,0,0,1,0,0,0,1,0,13.5118,52.55455
7,7501133,2019,12,8,5,3,2,6,0,0,1,0,0,0,1,1,13.39116,52.43192
1,1100312,2019,12,8,5,3,5,7,0,1,1,0,0,0,0,0,13.41226,52.50559
12,12500824,2019,12,8,5,3,0,2,0,0,1,0,0,0,1,0,13.28938,52.59028
6,6300527,2019,12,8,5,3,2,6,0,0,1,0,0,0,0,0,13.25947,52.43044
12,12200414,2019,12,16,5,3,5,3,2,1,1,0,0,0,0,0,13.24924,52.55291
11,11200411,2019,12,6,5,3,5,3,2,0,1,0,0,0,0,0,13.50165,52.54681
2,2100104,2019,12,14,5,3,2,6,0,0,1,0,0,0,0,0,13.4111,52.50367
8,8100521,2019,12,14,5,3,1,5,0,1,1,0,0,0,0,0,13.45756,52.46906
9,9100409,2019,12,15,5,3,2,6,0,0,1,0,0,0,0,0,13.49806,52.43384
1,1100310,2019,12,15,5,3,6,2,0,0,1,1,0,0,0,0,13.41573,52.5267
11,11200514,2019,12,15,5,3,5,3,0,1,1,0,0,0,0,1,13.49167,52.53468
7,7601442,2019,12,13,5,3,2,2,0,0,1,0,0,0,1,0,13.39953,52.41691
5,5100316,2019,12,12,4,3,2,6,0,0,1,0,0,0,0,0,13.19959,52.53501
10,10200422,2019,12,18,4,3,1,6,2,1,1,0,0,0,0,0,13.60396,52.54
10,10100313,2019,12,4,4,3,0,6,2,0,1,0,1,0,0,1,13.5665,52.54275
7,7100102,2019,12,18,4,3,1,7,2,0,1,0,0,0,0,0,13.35506,52.49913
4,4100101,2019,12,6,4,3,5,7,2,0,1,0,0,1,0,0,13.31095,52.54761
12,12200310,2019,12,9,4,3,5,3,0,0,1,0,0,0,0,0,13.31303,52.57486
6,6300632,2019,12,8,4,2,5,2,0,1,1,0,0,0,0,0,13.29843,52.42197
3,3500934,2019,12,8,4,3,5,3,0,1,1,0,0,0,0,0,13.43946,52.55545
8,8401243,2019,12,7,4,3,6,4,2,0,1,1,0,0,0,0,13.49513,52.43173
3,3100101,2019,12,23,4,3,8,1,2,0,1,0,0,0,0,0,13.46864,52.63428
2,2500833,2019,12,21,3,3,6,4,2,0,1,1,0,0,0,0,13.45992,52.50885
12,12601032,2019,12,21,4,3,1,5,2,1,1,0,0,0,0,0,13.32958,52.60953
4,4300416,2019,12,15,3,3,5,5,0,0,1,0,0,0,0,0,13.29334,52.50672
12,12500927,2019,12,15,3,3,1,7,1,0,1,0,0,0,0,0,13.32199,52.59489
9,9100101,2019,12,17,4,3,5,3,2,1,1,0,0,0,0,0,13.44444,52.49032
1,1400938,2019,12,13,3,3,5,3,0,1,1,0,0,0,0,0,13.33392,52.5414
6,6100207,2019,12,12,3,3,0,6,0,0,1,0,0,0,1,0,13.32602,52.45527
4,4501042,2019,12,12,3,3,1,5,0,1,1,0,0,0,0,0,13.33788,52.50177
8,8200624,2019,12,21,4,3,3,6,2,1,1,0,0,0,0,0,13.4298,52.44486
1,1100313,2019,12,2,3,3,2,7,2,1,1,0,0,0,0,1,13.41678,52.51092
8,8100419,2019,12,18,3,2,5,2,2,0,1,0,0,0,0,0,13.44886,52.48508
1,1300730,2019,12,21,4,3,5,2,2,0,1,0,0,0,0,0,13.36989,52.55976
3,3500934,2019,12,15,3,2,5,2,0,0,1,0,0,0,0,0,13.42915,52.55635
7,7100102,2019,12,14,4,3,3,6,0,0,1,0,0,0,0,0,13.34618,52.50105
11,11100102,2019,12,11,3,2,6,4,0,0,1,1,0,0,0,0,13.56079,52.57141
2,2200209,2019,12,19,2,3,6,7,2,1,0,1,0,0,0,0,13.37937,52.49085
4,4300416,2019,12,8,4,3,2,6,0,1,1,0,0,0,0,0,13.30188,52.50674
10,10400835,2019,12,16,4,3,5,3,2,0,1,0,0,0,0,0,13.59947,52.52426
6,6200423,2019,12,22,2,3,0,3,2,0,0,0,0,0,1,0,13.32316,52.41044
4,4501042,2019,12,19,2,3,2,2,2,0,1,0,0,0,0,0,13.33432,52.50857
6,6200314,2019,12,18,4,3,0,7,2,0,1,0,0,0,0,0,13.33697,52.43259
11,11300724,2019,12,15,4,3,2,6,1,0,1,0,0,0,0,0,13.49358,52.51578
1,1401049,2019,12,18,2,3,5,2,2,0,1,0,0,0,0,0,13.36567,52.55683
1,1100311,2019,12,18,2,3,6,7,2,1,1,1,0,0,0,0,13.41826,52.51724
1,1200628,2019,12,17,2,3,5,3,2,0,1,0,1,0,0,0,13.3597,52.52345
1,1401047,2019,12,15,4,3,5,2,0,0,1,0,0,0,0,0,13.34959,52.54213
3,3601450,2019,12,17,2,3,2,6,2,0,1,0,0,0,0,0,13.45708,52.52953
7,7400927,2019,12,18,4,3,0,7,2,1,0,0,0,0,0,1,13.39323,52.45813
11,11300721,2019,12,16,2,3,5,3,2,1,1,0,0,0,0,0,13.51028,52.53488
10,10300734,2019,12,16,2,3,2,6,1,0,1,0,1,0,0,0,13.56205,52.49408
2,2200210,2019,12,18,4,3,1,5,2,1,1,0,0,0,0,1,13.3958,52.49599
1,1100310,2019,12,15,2,3,3,6,0,0,1,1,0,0,0,0,13.41538,52.52271
1,1100205,2019,12,14,2,3,1,5,0,1,1,0,0,0,0,0,13.38421,52.51232
1,1100311,2019,12,14,2,3,2,2,0,0,1,0,0,0,1,0,13.41808,52.51544
11,11300724,2019,12,18,4,2,5,2,2,0,1,0,1,0,0,0,13.49862,52.51569
1,1100206,2019,12,14,4,3,2,2,0,1,1,0,0,0,0,0,13.38082,52.5164
8,8100521,2020,1,11,4,2,3,6,0,0,1,0,0,1,0,1,13.45500598,52.4623009
4,4400727,2020,1,2,3,2,9,1,2,0,0,0,0,1,0,1,13.29111618,52.49387309
4,4400830,2020,1,7,1,3,0,1,1,0,0,0,0,0,1,1,13.30534822,52.48407191
2,2400521,2020,1,22,6,2,1,5,2,0,1,0,0,0,0,0,13.43737099,52.517556
4,4400727,2020,1,17,1,3,0,1,2,0,0,0,1,0,0,1,13.29974796,52.48791866
7,4501153,2020,1,14,6,3,2,6,0,0,1,0,0,0,0,0,13.33629164,52.47837396
7,7100205,2020,1,13,2,3,0,4,0,0,0,1,0,0,1,0,13.36256795,52.49909824
7,7400721,2020,1,15,7,2,1,1,0,0,1,0,0,0,0,0,13.38588423,52.47553062
3,3200206,2020,1,13,5,3,2,6,0,0,1,0,0,0,0,0,13.39826708,52.57738163
1,1400940,2020,1,9,1,3,5,3,0,0,1,0,0,0,0,0,13.36525689,52.55808889
9,9100101,2020,2,12,7,3,2,2,0,0,0,0,1,0,1,1,13.4577519,52.4918167
4,4501151,2020,1,17,5,3,2,1,2,0,1,0,0,0,0,0,13.32702026,52.47781709
4,4300414,2020,1,11,5,3,0,1,0,1,0,0,0,0,0,0,13.28696175,52.51024968
4,4400726,2020,1,15,2,3,5,3,0,0,1,0,0,1,0,0,13.29063655,52.49378756
1,1100102,2020,1,15,5,3,5,2,0,0,1,0,0,0,0,1,13.369821,52.51582959
2,2400522,2020,1,18,4,3,3,6,1,1,0,0,0,0,0,0,13.44252783,52.51689063
12,12200414,2020,1,14,5,2,3,7,0,0,1,0,0,1,0,1,13.30881102,52.55713178
1,1100310,2020,1,10,6,3,5,2,0,0,1,0,0,0,0,0,13.41961997,52.52520178
2,2500835,2020,1,21,4,3,6,7,2,1,0,1,0,0,0,0,13.45285824,52.50107535
5,5200634,2020,1,15,4,3,2,6,0,0,1,0,0,0,1,1,13.20312525,52.5117929
3,3601452,2020,1,7,3,3,0,7,0,0,1,0,0,0,1,1,13.44418945,52.52943224
6,6400735,2020,1,11,4,3,5,2,0,0,1,0,0,0,0,0,13.17542061,52.41996231
7,7601236,2020,1,9,3,2,6,2,0,0,0,1,0,1,0,0,13.36193572,52.41362926
3,3500936,2020,1,7,3,3,3,6,0,1,1,0,0,0,0,0,13.44815487,52.54717101
3,3501037,2020,1,17,3,3,5,3,2,0,1,0,0,0,0,1,13.46906298,52.56297781
1,1100310,2020,1,13,1,3,5,3,0,0,1,0,0,0,0,0,13.4091764,52.51674525
1,1100205,2020,1,18,5,3,4,6,2,1,0,0,0,0,1,0,13.37764319,52.50957906
4,4200308,2020,1,6,3,3,3,6,2,0,1,0,0,1,0,1,13.28260654,52.52843034
11,11300722,2020,1,4,2,3,6,2,2,0,1,1,0,0,0,1,13.47675274,52.51343456
6,6300527,2020,1,3,1,3,3,6,2,0,1,0,0,0,1,1,13.26399353,52.43534916
7,7400927,2020,1,9,4,3,3,6,0,0,1,0,0,1,0,0,13.3886979,52.4695124
4,4300414,2020,1,15,7,3,1,5,0,0,1,0,1,0,0,0,13.29769472,52.51090969
12,12500930,2020,1,15,6,3,3,6,0,0,1,0,0,0,0,0,13.34401431,52.58274696
1,1100310,2020,1,3,4,2,6,4,2,0,1,1,0,0,0,0,13.41262809,52.51921233
1,1100310,2020,1,16,6,3,2,6,2,0,1,0,0,0,0,1,13.41675606,52.52207519
4,4501148,2020,1,22,5,3,2,6,2,0,1,0,0,0,0,0,13.30955669,52.48192672
3,3701657,2020,1,6,4,3,5,2,2,0,1,0,0,0,0,0,13.4242441,52.53905061
12,12400723,2020,1,11,5,3,5,3,0,1,1,0,0,0,0,1,13.31537724,52.61314013
3,3200206,2020,1,16,5,2,0,7,0,1,0,0,0,0,0,0,13.40385303,52.5809442
4,4100101,2020,1,17,3,3,2,6,2,0,1,0,0,0,0,0,13.29492109,52.53905409
1,1100205,2020,1,8,5,3,2,6,0,0,1,0,0,0,0,0,13.37977451,52.50972329
4,4100101,2020,1,14,1,2,2,6,0,0,1,0,0,0,0,0,13.32575802,52.53800624
12,12601031,2020,1,13,5,3,5,3,0,0,1,0,0,0,0,1,13.33128678,52.60063121
1,1100311,2020,1,17,4,3,0,5,2,1,1,0,0,0,0,1,13.42301478,52.51988474
1,1401049,2020,1,7,3,3,1,5,1,1,1,0,0,0,0,0,13.36640787,52.55308856
3,3200205,2020,1,12,3,3,1,5,0,1,1,0,0,0,0,1,13.40242993,52.58622174
7,7501029,2020,1,16,3,3,6,2,1,0,0,1,0,0,1,1,13.38058644,52.43805153
10,10100312,2020,1,12,4,3,1,5,0,0,1,0,0,0,1,1,13.54051453,52.52197488
1,1100205,2020,1,18,3,3,0,1,2,0,1,0,1,0,0,1,13.37899741,52.50967
4,4300415,2020,1,17,2,3,3,6,2,0,1,0,0,1,0,0,13.2852835,52.50964634
10,10100311,2020,1,6,6,2,0,1,2,0,0,0,1,0,0,2,13.54077723,52.5099775
4,4200311,2020,1,19,1,3,5,3,2,0,1,0,0,1,0,0,13.28097194,52.50247963
4,4400830,2020,1,15,6,3,2,6,0,0,1,0,0,1,0,0,13.3041698,52.48481229
2,2500727,2020,1,22,4,3,5,3,2,0,1,0,0,0,0,0,13.45376921,52.51582173
4,4300621,2020,1,15,7,3,5,7,0,0,1,0,0,0,0,0,13.3055724,52.51161677
4,4200311,2020,1,18,5,3,3,6,0,0,1,0,0,0,1,0,13.28276782,52.51015542
3,3200204,2020,1,13,6,3,5,2,0,1,1,0,0,0,0,1,13.39058326,52.61854174
9,9100409,2020,1,12,5,3,2,6,0,0,1,0,0,0,1,0,13.51196554,52.42816033
4,4100101,2020,1,5,3,3,2,6,2,0,1,0,0,0,0,0,13.29376824,52.53755066
5,5400942,2020,1,15,5,3,2,6,0,0,1,0,0,0,0,1,13.15177549,52.49758644
7,7400822,2020,1,14,4,2,2,6,0,0,1,0,0,0,0,0,13.36656709,52.47224193
7,7601341,2020,1,7,6,3,5,3,2,1,1,0,0,0,0,1,13.35664989,52.40563733
4,4200311,2020,1,11,6,3,2,6,0,0,1,0,0,0,0,0,13.2852335,52.51422561
3,3200206,2020,1,17,5,3,2,6,1,0,1,0,0,0,0,0,13.40267503,52.58073554
4,4501148,2020,1,16,4,3,3,6,2,0,1,0,0,1,0,0,13.31401653,52.47937611
7,7501030,2020,1,5,3,3,5,2,2,0,1,0,0,0,0,1,13.38457459,52.45269491
4,4100101,2020,1,6,3,3,2,6,2,0,1,0,0,0,0,0,13.29493447,52.5394255
7,7501030,2020,1,10,3,2,5,3,0,0,1,0,0,0,0,0,13.38502877,52.44928169
11,11401032,2020,1,9,4,3,5,3,0,1,1,0,0,0,0,0,13.50492813,52.51074273
9,9100202,2020,1,7,3,3,5,3,1,1,1,0,0,0,0,1,13.46502433,52.48672236
4,4200308,2020,1,18,1,3,2,6,2,0,1,0,0,0,0,0,13.28251145,52.52021565
5,5200633,2020,1,16,5,3,3,6,2,0,0,0,1,0,1,0,13.18689744,52.5150694
6,6300526,2020,1,16,6,2,6,2,2,0,1,1,0,0,0,1,13.26230773,52.43482496
9,9100203,2020,1,18,2,3,5,3,2,0,1,0,0,0,0,0,13.47943026,52.48449525
9,9100203,2020,1,12,2,3,5,3,0,1,1,0,0,0,0,0,13.47941806,52.48448944
10,10300733,2020,1,12,6,2,5,2,0,0,1,0,0,0,0,0,13.56136496,52.50860475
1,1300836,2020,1,10,5,3,3,6,0,0,1,0,0,1,0,0,13.36963169,52.54177478
5,5200528,2020,1,0,1,3,5,2,2,1,1,0,0,0,0,0,13.17896627,52.51656757
1,1100310,2020,2,0,7,3,5,2,2,0,1,0,0,0,0,0,13.41650018,52.52219145
1,1400940,2020,1,22,5,3,0,1,2,0,0,0,1,0,0,1,13.36550618,52.55794822
7,7100206,2020,1,11,5,3,2,6,0,0,1,0,0,0,0,0,13.36093162,52.49284138
6,6300629,2020,1,22,6,3,1,7,2,1,1,0,0,0,0,0,13.28938045,52.44400008
2,2200207,2020,1,18,4,3,2,6,2,0,1,0,0,0,0,0,13.37836475,52.49927984
7,7501133,2020,1,20,5,3,5,3,2,0,1,0,0,0,0,1,13.3873192,52.4401743
7,7501029,2020,1,6,6,3,6,2,2,0,1,1,0,0,0,1,13.38186602,52.43927037
10,10100206,2020,1,18,4,3,5,2,2,0,1,0,0,0,0,1,13.55823167,52.56282336
3,3601451,2020,1,7,4,2,5,3,2,1,0,0,0,0,1,1,13.43701537,52.53978795
1,1400940,2020,1,17,1,3,5,3,2,1,1,0,0,0,0,0,13.36548411,52.55807714
12,12100205,2020,1,14,5,3,2,6,0,0,1,0,0,0,0,1,13.34684894,52.57906894
4,4100101,2020,1,10,4,3,5,3,0,0,1,0,0,1,0,0,13.2934365,52.53676681
9,9100203,2020,1,8,3,3,5,3,0,1,1,0,0,0,0,1,13.47943434,52.4844972
7,7300619,2020,1,16,3,3,2,2,2,0,1,0,0,0,0,1,13.35976037,52.474454
2,2500728,2020,1,13,3,2,0,2,0,1,1,0,0,0,0,1,13.46599365,52.51452225
4,4200311,2020,1,12,1,3,2,6,0,0,1,0,0,0,0,1,13.28219929,52.51011815
10,10300733,2020,1,11,3,3,3,6,0,0,1,0,0,1,0,1,13.56343189,52.5079485
2,2400625,2020,1,6,2,3,6,4,1,0,1,1,0,0,0,0,13.44767223,52.50372295
6,6400735,2020,1,11,6,3,5,7,0,0,1,0,0,0,0,0,13.0970364,52.4132711
7,7400927,2020,1,0,2,3,9,1,2,0,1,0,0,0,0,0,13.40847871,52.46140018
1,1401044,2020,1,19,1,3,5,2,1,0,1,0,0,0,0,0,13.36730684,52.55149233
4,4200311,2020,1,8,4,3,2,6,0,0,1,0,0,0,0,0,13.28032454,52.50034887
3,3400723,2020,1,16,7,3,6,2,2,0,1,1,0,0,0,0,13.40357185,52.5692346
4,4100101,2020,1,15,5,3,5,3,0,0,1,0,0,0,1,0,13.32298198,52.53766662
12,12100101,2020,1,22,6,3,5,7,2,0,1,0,0,0,0,1,13.36477857,52.56057739
12,12500927,2020,1,12,5,3,3,6,0,0,1,0,1,0,0,0,13.33252244,52.5977376
10,10400837,2020,1,5,4,3,2,6,2,0,1,0,0,0,0,0,13.58320199,52.50517035
7,7400822,2020,1,17,5,3,2,6,2,0,1,0,0,0,0,1,13.36702781,52.47208819
6,6100209,2020,1,8,5,2,9,1,0,0,1,0,0,0,0,1,13.33024664,52.46248404
4,4200206,2020,1,20,3,3,6,4,2,0,1,1,0,0,0,0,13.25848409,52.5085347
4,4100101,2020,1,14,6,3,3,6,0,0,1,0,1,0,0,0,13.29925021,52.54624577
10,10100312,2020,1,7,5,2,1,1,2,0,1,0,0,1,0,0,13.54012794,52.52232363
1,1100310,2020,1,12,5,3,2,1,0,0,1,0,0,1,0,1,13.41602635,52.52215817
2,2100101,2020,1,20,4,3,6,2,2,0,1,1,0,0,0,1,13.37479602,52.50308901
5,5200528,2020,1,7,3,3,2,6,2,0,1,0,0,0,1,0,13.17875479,52.51643767
1,1401044,2020,1,17,3,3,6,3,2,0,1,1,0,0,0,1,13.36758744,52.5512916
2,3601452,2020,10,1,7,2,5,2,2,1,1,0,0,0,0,1,13.4477226,52.52658663
2,2400522,2020,4,22,4,3,1,5,2,0,1,0,0,0,1,1,13.44456805,52.51668464
7,7501133,2020,9,13,5,3,2,7,0,0,1,0,0,0,0,0,13.37558903,52.42909385
3,3100101,2020,11,6,2,3,2,6,2,0,1,0,0,0,1,1,13.47948482,52.62722172
12,12601032,2020,5,15,1,3,2,6,0,0,1,0,0,0,0,0,13.32420191,52.60751483
3,3601451,2020,8,7,3,3,5,3,0,1,1,0,0,0,0,0,13.43457473,52.53561866
1,1300836,2020,6,16,4,3,3,6,0,1,1,0,0,0,0,0,13.36988851,52.54038342
5,5200633,2020,5,19,5,2,6,7,0,0,1,1,0,0,0,0,13.18553429,52.51532832
4,4300414,2020,4,19,4,3,3,5,1,1,1,0,0,0,0,1,13.29886025,52.51117642
7,7501135,2020,9,14,4,3,3,6,0,0,0,0,1,0,1,0,13.39645684,52.4231668
2,2400521,2020,12,14,6,3,3,6,0,0,1,0,1,0,0,0,13.4287219,52.51818229
7,7100205,2020,8,14,4,3,0,7,0,0,0,0,1,0,1,0,13.36174766,52.4971452
7,7501030,2020,6,22,6,3,2,7,2,0,1,0,0,0,0,0,13.38483821,52.45023607
4,4300622,2020,10,14,1,3,0,6,0,0,1,0,0,0,0,1,13.31577878,52.51209274
2,2500727,2020,4,16,4,3,6,4,0,1,0,1,0,0,0,0,13.45410718,52.51618682
4,4200308,2020,11,17,4,3,2,6,2,0,1,0,0,0,0,0,13.2830989,52.51893029
1,1100102,2020,9,17,3,3,5,2,0,1,1,0,0,0,0,0,13.36834502,52.50630542
12,12100103,2020,8,17,2,3,2,6,0,0,1,0,1,0,0,0,13.36106337,52.56984154
4,4300414,2020,4,9,4,3,5,3,0,0,1,0,0,0,0,1,13.2972364,52.51087962
3,3400830,2020,10,11,6,2,5,7,0,1,1,0,0,0,0,1,13.42774802,52.56751703
4,4300620,2020,8,16,4,3,5,2,0,1,1,0,0,0,0,0,13.3332539,52.51343282
1,1100310,2020,7,23,4,3,2,6,2,0,1,0,0,0,1,1,13.42023536,52.52520283
4,4501148,2020,6,10,6,2,8,1,0,0,0,0,1,0,0,0,13.30968606,52.48201461
10,10100312,2020,11,5,5,2,3,6,2,1,0,0,1,0,0,0,13.53728504,52.52720576
1,1100206,2020,4,7,4,3,3,6,0,1,1,0,0,0,0,0,13.38836072,52.51711768
7,7601236,2020,9,15,5,3,6,4,0,0,1,1,0,0,0,0,13.36188566,52.41374014
2,2200208,2020,12,20,3,3,5,2,2,1,1,0,0,0,0,0,13.38926438,52.49748826
12,12100205,2020,6,19,2,3,6,2,0,0,1,1,0,0,0,0,13.34784496,52.57448766
4,4400726,2020,4,13,3,3,2,7,0,0,1,0,0,0,1,0,13.28473853,52.49524971
3,3601452,2020,9,20,5,3,5,2,2,1,1,0,0,0,0,0,13.44523473,52.52887167
12,12500824,2020,7,11,7,2,0,7,0,0,1,0,0,0,0,0,13.28707127,52.59250061
2,2200207,2020,4,23,3,3,3,6,2,0,1,0,0,0,0,1,13.37456616,52.50320726
7,7501133,2020,10,18,5,3,0,3,1,1,1,0,0,0,0,1,13.38813093,52.43755635
7,7400927,2020,12,12,4,3,2,6,0,0,1,0,0,0,0,0,13.39525933,52.46703845
3,3200205,2020,5,15,7,3,1,5,0,0,1,0,0,0,1,0,13.40309044,52.59463211
5,5200633,2020,8,11,7,3,6,4,0,0,0,1,1,0,0,0,13.18957283,52.51453246
6,6300527,2020,7,16,4,3,2,6,0,0,1,0,0,0,0,0,13.26445457,52.43546614
3,3100101,2020,5,15,1,2,3,6,0,0,1,0,1,0,0,0,13.42724663,52.63389582
12,12100205,2020,10,14,4,3,5,3,0,0,1,0,0,0,0,0,13.34765328,52.5744711
3,3400620,2020,4,10,3,3,2,6,0,0,1,0,0,0,0,0,13.39906373,52.57318377
3,3500936,2020,9,6,2,3,2,6,1,0,1,0,0,0,0,0,13.45061974,52.54806894
7,7300619,2020,11,10,2,3,2,6,0,0,1,0,0,0,1,0,13.35725223,52.47380151