BEZ,LOR_ab_2021,UJAHR,UMONAT,USTUNDE,UWOCHENTAG,UKATEGORIE,UART,UTYP1,ULICHTVERH,IstRad,IstPKW,IstFuss,IstKrad,IstGkfz,IstSonstige,USTRZUSTAND,XGCSWGS84,YGCSWGS84
2,2100101,2020,5,18,7,3,5,3,0,1,1,0,0,0,0,0,13.38914034,52.4980268
12,12100103,2020,8,18,6,3,5,2,0,1,1,0,0,0,0,0,13.35999744,52.5719312
7,7400720,2020,6,3,1,3,3,6,2,0,1,0,0,0,0,1,13.38605362,52.48320552
1,1300836,2020,4,8,3,3,5,2,0,1,1,0,0,0,0,0,13.36833544,52.54111107
6,6400735,2020,10,11,7,3,2,2,0,0,1,0,1,0,0,0,13.17419967,52.42024051
6,6300526,2020,12,6,5,3,5,3,2,1,1,0,0,0,0,0,13.26220729,52.43495058
7,7400927,2020,8,15,2,3,2,6,0,0,1,0,0,0,0,0,13.40270548,52.46395107
7,7501030,2020,7,8,5,3,2,6,0,0,1,0,0,0,0,0,13.38674203,52.44202754
2,2500727,2020,4,7,3,3,5,3,0,1,1,0,0,0,0,0,13.45362467,52.5184913
1,1100207,2020,10,10,5,3,3,6,0,0,1,0,1,0,0,0,13.40398898,52.51271094
12,12400723,2020,4,12,2,3,2,2,0,0,1,0,0,0,0,0,13.31536758,52.6130958
10,10400940,2020,9,9,3,3,5,2,0,1,1,0,0,0,0,0,13.61355311,52.50476522
4,4200311,2020,11,11,2,2,8,1,0,1,0,0,0,0,0,0,13.28173285,52.5099218
7,7200411,2020,9,0,7,3,1,5,2,1,1,0,0,0,0,0,13.35970961,52.48966372
8,8200624,2020,5,19,7,3,2,6,0,0,1,0,0,0,0,0,13.43084597,52.46192107
7,7400720,2020,8,16,1,3,2,6,0,0,1,0,0,0,0,0,13.38605474,52.48331311
1,1100102,2020,6,18,3,3,2,6,0,0,1,0,1,0,0,0,13.36114698,52.51526557
6,6400735,2020,4,18,1,2,0,1,0,1,0,0,0,0,0,0,13.1609308,52.41965943
1,1100310,2020,9,12,2,3,2,6,0,0,1,0,0,0,0,0,13.42028521,52.52524472
7,7501030,2020,12,6,4,3,2,6,2,0,1,0,1,0,0,1,13.38560059,52.44702202
1,1401049,2020,8,13,3,3,3,6,0,1,1,0,0,0,0,0,13.36644065,52.55302354
3,3701660,2020,6,12,4,3,1,5,0,1,1,0,0,0,0,0,13.42817699,52.53219701
6,6400838,2020,4,10,6,3,2,6,0,0,1,0,1,0,0,0,13.22517713,52.42974441
4,4300414,2020,11,6,2,3,5,2,0,0,1,0,0,0,0,0,13.28924145,52.51039198
4,4100101,2020,9,14,1,3,2,6,0,0,1,0,0,0,0,0,13.28805012,52.53256497
3,3601139,2020,8,15,7,2,5,2,0,1,1,0,0,0,0,0,13.41479592,52.55501441
7,7300619,2020,4,15,5,2,5,7,0,0,1,0,0,0,0,0,13.35392759,52.47896396
6,6400736,2020,10,16,4,3,9,1,1,0,1,0,0,0,0,1,13.19810794,52.42020694
3,3200205,2020,8,9,3,3,0,7,0,1,0,0,0,0,0,1,13.4027963,52.59319086
3,3400620,2020,7,7,2,3,5,2,0,0,1,0,0,0,1,0,13.39867415,52.57245093
7,7400825,2020,6,8,4,3,2,6,0,0,1,0,0,0,0,0,13.38407497,52.45799223
4,4300413,2020,11,8,3,3,2,6,0,0,1,0,1,0,0,0,13.2850998,52.51615065
7,7601442,2020,4,15,5,3,5,7,0,1,1,0,0,0,0,0,13.40010893,52.41611495
2,2400522,2020,9,16,4,3,5,3,0,1,0,0,1,0,0,0,13.4503043,52.51610528
1,1100104,2020,11,17,1,3,4,6,2,0,1,0,0,0,0,0,13.36600606,52.50344432
7,7400928,2020,6,19,6,3,2,6,2,0,1,0,0,0,0,0,13.42020885,52.46135439
1,1100310,2020,4,17,5,3,5,2,0,1,1,0,0,0,0,0,13.40893058,52.51698823
2,2200208,2020,9,18,3,3,4,6,0,1,0,0,0,0,1,0,13.38916994,52.49474915
4,4200207,2020,7,15,5,3,2,6,0,0,1,0,0,0,0,0,13.26895749,52.49567649
3,3400620,2020,4,17,5,3,5,7,0,0,1,0,0,0,1,0,13.39936222,52.5740439
11,11300725,2020,10,5,4,3,0,1,2,0,0,0,1,0,0,1,13.49712071,52.5115612
10,10300733,2020,12,0,5,3,5,3,2,0,1,0,0,0,0,1,13.55308467,52.50905153
4,4200311,2020,8,15,5,3,0,2,0,0,1,0,1,0,0,0,13.2818844,52.51009751
4,4300621,2020,7,17,2,3,5,2,0,1,1,0,0,0,0,0,13.30927944,52.51166594
6,6400735,2020,5,15,6,2,2,3,0,0,1,0,1,0,0,0,13.15978455,52.41962326
5,5200634,2020,10,20,3,3,0,7,2,1,0,0,0,0,0,0,13.20034294,52.51235134
2,2400625,2020,4,18,4,3,5,7,0,0,1,0,1,0,0,0,13.44739846,52.50339496
7,7400721,2020,9,12,7,3,2,6,0,0,1,0,0,0,0,0,13.38559478,52.47329034
4,4200311,2020,11,18,5,2,6,4,2,0,1,1,0,0,0,1,13.28153148,52.50990864
7,7501029,2020,8,10,4,3,2,6,0,0,0,0,1,0,1,1,13.38094583,52.43843117
6,6100101,2020,7,15,3,3,5,2,0,1,1,0,0,0,0,0,13.31465963,52.45319391
10,10400837,2020,6,19,5,3,0,1,0,0,0,0,0,0,1,1,13.58785304,52.50500838
11,11300722,2020,11,7,4,3,5,3,0,1,1,0,0,0,0,0,13.48424305,52.51281989
3,3601449,2020,4,14,4,3,2,6,0,0,1,0,1,0,0,0,13.43882048,52.54093992
2,2500834,2020,9,13,5,2,2,6,0,1,0,0,0,1,0,0,13.45149083,52.50954047
3,3601142,2020,11,12,2,2,5,3,0,0,1,0,1,0,0,0,13.41197129,52.54110574
1,1300836,2020,6,13,1,3,0,7,0,1,0,0,0,0,0,0,13.36873395,52.54107316
3,3200206,2020,4,14,4,3,0,6,0,0,0,0,1,0,1,0,13.40388787,52.58095031
2,2500729,2020,9,17,4,3,6,7,0,0,1,1,0,0,0,1,13.47438881,52.5136655
6,6300527,2020,7,16,5,3,5,2,0,1,1,0,0,0,0,0,13.26347876,52.43507264
9,9100203,2020,4,12,4,2,6,4,0,0,1,1,0,0,0,0,13.48310444,52.47453537
12,12100101,2020,10,17,5,3,5,2,0,1,1,0,0,0,0,1,13.3650165,52.56051202
3,3500934,2020,12,18,2,3,1,5,2,0,1,0,0,0,0,1,13.42993228,52.55388392
11,11100101,2020,8,14,5,3,5,3,0,1,1,0,0,0,0,0,13.48337084,52.57674715
2,2500727,2020,7,18,3,3,4,6,0,1,0,0,0,0,0,0,13.45371394,52.51878762
10,10400837,2020,5,1,7,2,0,1,2,1,0,0,0,0,0,0,13.58155435,52.5051909
1,1100102,2020,10,11,3,3,5,2,0,1,1,0,0,0,0,0,13.37163915,52.51948058
3,3601142,2020,4,7,4,3,2,2,0,1,1,0,0,0,0,0,13.41232436,52.5411205
4,4300414,2020,9,10,1,2,5,7,0,1,1,0,0,0,0,0,13.29587666,52.51078804
4,4200206,2020,11,15,2,2,1,5,0,1,1,0,0,0,0,0,13.25658277,52.50841475
9,9100203,2020,5,9,6,3,5,3,0,1,1,0,0,0,0,0,13.47944076,52.48450025
1,1100206,2020,8,16,5,3,3,6,0,1,1,0,0,0,0,0,13.38158082,52.51668117
4,4200310,2020,6,11,7,3,2,6,0,0,1,0,0,0,0,0,13.26290731,52.50878865
11,11300724,2020,4,21,3,3,5,3,1,1,1,0,0,0,0,0,13.48810065,52.5124305
4,4400830,2020,10,23,6,3,2,6,2,0,1,0,0,0,0,0,13.30114551,52.48707993
7,7601236,2020,12,8,4,3,5,3,0,1,1,0,0,0,0,0,13.36591227,52.41668328
7,7601442,2020,8,16,2,3,5,3,0,1,1,0,0,0,0,0,13.4063202,52.40473038
2,2500728,2020,6,10,3,3,1,7,0,1,1,0,0,0,0,0,13.46054868,52.5150693
1,1100310,2020,4,16,3,3,2,6,0,0,1,0,0,0,0,0,13.40911803,52.51715359
4,4200311,2020,10,14,5,3,3,6,0,0,1,0,0,1,0,0,13.28066221,52.50181617
1,1100102,2020,4,9,3,3,5,3,0,0,1,0,0,0,0,0,13.37201659,52.5051321
12,12100101,2020,9,17,2,3,5,3,0,1,1,0,0,0,0,0,13.36476748,52.5618615
3,3400724,2020,11,12,1,3,2,6,0,0,1,0,0,0,0,0,13.43111307,52.58290693
7,7300619,2020,9,16,6,3,3,6,0,0,1,0,1,0,1,0,13.35515444,52.47726727
4,4501148,2020,4,19,3,3,3,6,0,0,1,0,0,1,0,0,13.31717086,52.4784286
2,2200209,2020,5,10,5,3,3,6,0,0,1,0,0,0,0,0,13.38706153,52.49196288
7,7200410,2020,8,1,7,3,1,5,2,1,1,0,0,0,0,0,13.35400391,52.48488774
9,9100305,2020,7,23,3,3,5,3,2,1,1,0,0,0,0,0,13.49318558,52.46776151
4,4200311,2020,6,14,3,3,3,6,0,0,1,0,0,0,0,0,13.28103777,52.50324646
7,7501133,2020,4,13,2,2,3,6,0,0,1,0,1,0,0,0,13.37965629,52.43683161
1,1100104,2020,9,12,7,3,2,6,0,0,0,0,1,0,1,1,13.36462098,52.50184626
2,2400625,2020,12,7,2,3,5,2,1,1,1,0,0,0,0,1,13.4480592,52.50424029
7,7400720,2020,6,15,4,2,5,2,0,1,1,0,0,0,0,0,13.38577648,52.48066991
10,10400837,2020,4,18,2,3,2,6,0,1,1,0,0,0,0,0,13.59122779,52.50508568
2,2400522,2020,11,18,1,3,5,3,2,1,0,0,0,0,1,0,13.44624057,52.51651575
2,2500727,2020,9,21,7,3,2,6,2,0,1,0,0,0,0,0,13.45344077,52.51678201
7,7400822,2020,7,13,6,3,2,6,0,0,1,0,0,0,0,0,13.36587252,52.47278082
3,3601449,2020,4,23,1,3,5,2,2,0,1,0,0,0,0,0,13.44490001,52.54548562
6,6100101,2020,10,13,3,3,5,2,0,0,1,0,0,0,0,0,13.31433531,52.45309167
1,1100206,2020,8,18,2,3,6,4,0,1,0,1,0,0,0,0,13.39391319,52.51738622
1,1100310,2020,7,5,1,3,0,1,1,0,0,0,0,0,1,0,13.40628797,52.52065584
2,2500728,2020,6,16,4,3,5,2,0,1,1,0,0,0,0,0,13.46734993,52.51437749
4,4400727,2020,11,5,2,3,0,1,2,0,0,0,1,0,0,1,13.29107791,52.49361636
2,2500727,2020,4,15,1,3,5,2,0,0,1,0,1,0,0,0,13.4602211,52.51524574
1,1100205,2020,9,3,4,3,0,1,2,1,0,0,0,0,0,0,13.38053423,52.50977323
4,4400726,2020,11,14,7,3,2,6,0,0,1,0,0,0,0,0,13.28272554,52.4975865
1,1300836,2020,6,20,5,2,3,6,0,1,0,0,0,0,0,0,13.36950152,52.54061461
9,9100101,2020,4,14,1,3,4,6,0,1,1,0,0,0,0,0,13.4776735,52.48645195
2,2400625,2020,8,18,2,2,8,1,0,1,0,0,1,0,0,0,13.44862254,52.5050662
7,7300619,2020,7,16,4,2,2,6,0,0,1,0,0,0,0,0,13.3591579,52.47413376
3,3200205,2020,4,18,1,2,5,2,0,1,1,0,0,0,0,0,13.40251882,52.59221462
6,6100208,2020,10,15,4,3,2,6,0,0,1,0,0,0,0,0,13.32560134,52.45854821
12,12200412,2020,12,19,3,3,2,6,1,0,1,0,0,0,1,1,13.29653196,52.57854009
4,4300622,2020,8,17,4,3,0,5,0,0,1,0,1,0,0,0,13.32448685,52.51270726
2,2500727,2020,7,1,2,3,0,1,2,1,0,0,0,0,0,0,13.45250799,52.51850647
4,4300622,2020,5,21,5,3,5,2,2,0,1,0,0,0,1,0,13.32293018,52.5124425
2,2500729,2020,10,9,2,3,2,6,0,0,1,0,0,0,0,1,13.46778829,52.51448606
5,5200528,2020,4,13,1,3,7,7,0,0,1,0,0,0,0,0,13.15881615,52.50229296
6,6300527,2020,9,16,6,3,5,2,0,1,0,0,0,0,1,0,13.28134383,52.44153857
9,9100101,2020,11,6,4,3,5,2,1,1,1,0,0,0,0,1,13.45770576,52.4917118
6,6300526,2020,5,14,5,3,6,4,0,0,1,1,0,0,0,0,13.26020684,52.43518383
7,7601341,2020,8,14,3,3,0,6,0,0,1,0,1,0,0,0,13.35880551,52.40848492
3,3601141,2020,6,8,5,3,2,6,0,0,1,0,0,1,0,1,13.41404184,52.5504052
12,12200411,2020,5,18,5,3,2,6,0,0,1,0,0,0,0,0,13.31672631,52.56356798
11,11300722,2020,4,18,7,2,5,2,0,1,1,0,0,0,0,0,13.48425738,52.51281844
4,4200311,2020,10,17,5,2,0,1,0,0,0,0,1,0,0,0,13.2773456,52.5019975
4,4200310,2020,12,14,2,3,3,6,0,0,1,0,0,0,1,0,13.26349438,52.50882524
12,12100204,2020,8,17,5,3,5,2,0,1,1,0,0,0,0,0,13.36441297,52.56374521
7,7400720,2020,6,17,2,3,3,1,0,1,1,0,0,0,0,1,13.38576841,52.48031053
2,2500726,2020,4,19,7,3,0,1,0,1,0,0,0,0,0,0,13.45239512,52.51913448
3,3601142,2020,10,23,2,3,1,5,2,1,0,0,1,0,0,1,13.41296765,52.5454471
2,2500726,2020,4,19,7,3,5,7,0,0,1,0,0,0,1,0,13.45286307,52.51911761
3,3400721,2020,11,18,6,3,3,6,2,0,1,0,0,0,0,0,13.40291995,52.56932574
4,4300415,2020,9,15,5,3,2,6,0,0,1,0,0,0,0,0,13.28420673,52.50804871
9,9100407,2020,4,17,7,2,2,6,0,0,1,0,0,0,0,0,13.4954539,52.43487933
12,12100205,2020,5,14,5,3,5,2,0,1,1,0,0,0,0,0,13.34661417,52.5793719
12,12200310,2020,8,22,5,3,0,1,2,0,0,0,1,0,0,0,13.31026786,52.56534157
11,11300724,2020,7,17,7,3,2,6,0,0,1,0,0,0,0,0,13.48471754,52.51277287
9,9200613,2020,6,13,7,3,4,6,0,1,0,0,0,0,0,0,13.49858878,52.46403488
2,2500727,2020,5,7,5,3,5,2,0,1,0,0,0,1,0,0,13.45421973,52.51582966
2,2400522,2020,8,19,4,3,5,3,1,1,1,0,0,0,0,1,13.44892339,52.51624478
6,6300527,2020,6,12,6,3,5,3,0,0,1,0,0,0,0,0,13.28128562,52.44152039
3,3200206,2020,4,14,6,2,1,5,0,1,1,0,0,0,0,0,13.40288736,52.58077322
2,2200209,2020,10,13,6,3,0,7,0,1,1,0,0,0,0,0,13.38703773,52.49190901
4,4100101,2020,12,15,3,3,2,6,0,0,1,0,0,0,0,0,13.28827783,52.53262331
6,6300629,2020,8,0,1,2,0,1,2,1,0,0,0,0,0,0,13.30509893,52.44979968
12,12400723,2020,6,10,2,3,5,2,0,1,1,0,0,0,0,0,13.31131723,52.62763112
1,1200624,2020,4,21,6,3,3,6,2,0,1,0,0,0,0,0,13.3651072,52.53371796
3,3601141,2020,10,9,4,3,0,7,0,1,0,0,0,0,1,1,13.41413236,52.55088414
1,1100102,2020,4,18,6,3,2,6,0,0,1,0,0,0,0,0,13.36853129,52.50661824
3,3601141,2020,9,20,1,3,0,6,2,0,1,0,1,0,0,0,13.41399298,52.55011698
7,7601442,2020,11,10,6,3,0,7,0,0,1,0,0,0,0,0,13.39950108,52.41779567
6,6300524,2020,9,15,6,3,2,3,0,1,1,0,0,0,0,0,13.23572881,52.43238801
1,1300836,2020,4,19,5,3,2,3,0,0,1,0,0,0,0,0,13.36977732,52.54199003
2,2500727,2020,5,15,4,3,5,2,0,1,1,0,0,0,0,0,13.46001098,52.51512284
7,7400824,2020,8,8,6,3,5,2,0,1,1,0,0,0,0,0,13.38574131,52.46948207
3,3701660,2020,7,16,3,3,0,1,0,0,0,0,1,0,0,0,13.42950534,52.53293574
12,12400723,2020,6,3,1,3,6,7,2,1,0,1,0,0,0,0,13.3131211,52.62162125
7,7400927,2020,4,14,5,3,0,6,0,0,0,0,1,0,1,0,13.4023763,52.46440113
12,12500928,2020,9,11,6,3,0,1,0,0,0,0,1,0,0,1,13.31905507,52.61071135
2,2100101,2020,12,18,1,3,0,1,2,0,0,0,1,0,0,1,13.38050565,52.49925198
4,4200311,2020,6,14,4,3,2,6,0,0,1,0,0,0,0,0,13.28424382,52.50947282
12,12100204,2020,4,10,5,2,5,2,0,1,1,0,0,0,0,0,13.36333529,52.56550027
7,7200308,2020,11,8,5,3,5,2,0,1,1,0,0,0,0,0,13.34856039,52.48186026
4,4100101,2020,9,14,7,3,2,6,0,0,1,0,0,0,0,0,13.29245416,52.53495182
4,4200308,2020,7,14,5,3,2,6,0,0,1,0,0,0,1,0,13.28153415,52.52204971
2,2500728,2020,4,8,5,3,5,2,0,1,1,0,0,0,0,0,13.46601288,52.51452041
4,4100101,2020,10,21,7,2,0,1,2,0,0,0,1,0,0,0,13.30042759,52.54754364
7,7501133,2020,8,11,2,2,0,6,0,1,0,0,0,0,1,0,13.39097603,52.43217681
7,7200308,2020,7,14,6,3,0,4,0,0,0,1,0,0,1,0,13.34857785,52.48187286
7,7501030,2020,6,11,3,3,5,3,0,0,1,0,0,0,0,0,13.3845856,52.4526368
7,7100206,2020,10,15,7,3,6,7,0,0,0,1,0,0,1,1,13.36066758,52.49082948
7,7200308,2020,4,22,4,3,3,6,2,0,1,0,0,0,1,0,13.35078483,52.48084033
3,3601142,2020,9,13,3,3,4,6,0,1,0,0,0,0,1,0,13.41282271,52.54616619
9,9100202,2020,11,16,6,3,5,3,2,1,1,0,0,0,0,0,13.46719457,52.48525271
11,11100101,2020,6,7,5,3,5,7,0,0,1,0,1,0,0,0,13.48299705,52.57441929
3,3300517,2020,4,18,4,2,3,6,0,0,1,0,1,0,0,0,13.47639728,52.56810347
10,10100311,2020,8,13,2,3,3,6,0,0,1,0,0,0,0,0,13.54500683,52.51501105
4,4400726,2020,7,7,4,3,3,6,0,0,1,0,0,1,0,0,13.28538331,52.4948027
7,7601544,2020,6,18,3,3,6,7,0,1,0,1,0,0,0,0,13.40687955,52.39307919
3,3701657,2020,4,10,4,3,5,2,0,0,1,0,0,0,1,0,13.42422234,52.53929135
9,9200613,2020,10,16,2,3,2,6,0,0,1,0,0,0,1,1,13.50615373,52.458949
6,6400735,2020,12,8,2,3,1,5,0,1,0,0,0,1,0,1,13.13490246,52.416583
1,1100310,2020,8,9,4,2,5,3,0,1,0,0,0,0,0,0,13.40327432,52.5191375
3,3601347,2020,7,8,1,2,0,7,0,1,0,0,0,0,0,0,13.41673288,52.54045533
3,3601142,2020,5,10,4,3,5,3,0,1,0,0,0,0,1,0,13.41232082,52.54107614
7,7501133,2020,10,5,2,3,5,2,2,0,1,0,1,0,0,0,13.38508144,52.43981258
4,4300622,2020,4,16,4,3,5,2,0,0,1,0,1,0,0,0,13.32296455,52.51242424
1,1100207,2020,9,8,5,3,5,2,0,1,1,0,0,0,0,0,13.40156061,52.51144258
7,7501030,2020,11,14,3,3,5,2,0,0,1,0,0,0,0,0,13.38437674,52.45264707
3,3601348,2020,5,14,4,3,5,2,0,0,1,0,0,0,1,0,13.42178414,52.5396644
10,10300733,2020,8,19,3,2,2,6,0,0,1,0,1,0,0,0,13.56099283,52.5086419
10,10100208,2020,6,13,5,3,2,6,0,0,1,0,0,0,0,0,13.54849132,52.55114859
6,6400737,2020,5,16,5,3,1,5,0,0,1,0,0,0,0,0,13.1878422,52.41921014
7,7200308,2020,4,11,3,2,6,2,0,0,0,1,0,0,1,0,13.35211733,52.48026289
1,1100102,2020,9,15,4,3,2,6,0,0,1,0,0,0,0,0,13.3693372,52.51567949
6,6400737,2020,12,10,7,3,5,3,0,0,1,0,0,0,0,0,13.20983761,52.42607022
4,4200311,2020,8,14,5,3,2,6,0,0,1,0,0,0,0,0,13.28431181,52.51636738
1,1100102,2020,6,13,1,3,0,2,0,0,1,0,1,0,0,1,13.36979314,52.51582761
1,1300836,2020,10,21,1,3,6,2,2,0,1,1,0,0,0,1,13.36991809,52.54182771
4,4200308,2020,4,11,3,2,3,6,0,0,1,0,0,1,0,0,13.28267563,52.5285488
7,7400825,2020,11,11,4,3,2,6,0,0,1,0,0,0,0,0,13.38392301,52.45524437
2,2500727,2020,9,20,3,3,0,1,2,1,0,0,0,0,0,0,13.45421308,52.51585733
1,1100310,2020,4,7,3,3,2,6,0,0,1,0,1,0,0,0,13.4093978,52.51692973
11,11300722,2020,10,9,6,3,5,2,0,1,1,0,0,0,0,0,13.47741242,52.5135167
1,1300836,2020,8,17,4,3,0,7,0,0,1,0,0,0,0,0,13.36900992,52.5409083
2,2500728,2020,7,8,5,3,6,4,0,1,0,1,0,0,0,0,13.46737556,52.51452703
1,1100104,2020,6,15,6,3,5,2,0,0,1,0,1,0,0,0,13.36433752,52.50151857
10,10300733,2020,4,7,3,3,3,6,0,0,1,0,0,1,0,0,13.54912041,52.50936755
9,9100101,2020,9,19,5,3,2,6,2,0,1,0,0,0,0,0,13.4584948,52.4921875
7,7400824,2020,12,6,4,3,2,6,2,0,1,0,0,0,0,1,13.38576647,52.47013771
1,1300836,2020,6,14,3,3,2,6,0,0,1,0,0,0,0,0,13.36988176,52.53962508
3,3100101,2020,4,22,3,3,7,7,2,0,0,0,1,0,0,0,13.44723418,52.61239422
1,1100310,2020,9,20,6,3,5,3,1,0,1,0,0,0,1,0,13.40452841,52.51998819
12,12100103,2020,7,19,1,3,0,1,0,0,1,0,0,0,0,1,13.3593792,52.57302394
4,4200206,2020,4,14,3,3,2,6,0,0,1,0,0,0,1,0,13.25130682,52.50808982
12,12500824,2020,10,9,6,3,2,6,0,0,1,0,0,0,0,0,13.2863425,52.59349486
4,4400726,2020,12,14,4,3,2,6,0,0,1,0,0,0,1,0,13.28394504,52.496296
3,3601347,2020,5,12,3,2,3,6,0,1,1,0,0,0,0,1,13.4171928,52.54018538
3,3701659,2020,8,19,1,3,5,2,0,1,1,0,0,0,0,0,13.42357729,52.52820858
12,12500930,2020,7,15,5,3,6,4,0,0,1,1,0,0,0,1,13.34148242,52.58606131
7,7501133,2020,6,13,2,3,2,6,0,0,1,0,0,0,0,0,13.38774267,52.43877174
6,6300527,2020,10,14,4,3,2,6,0,0,1,0,0,0,0,0,13.2775146,52.44015384
4,4300414,2020,4,13,1,3,5,2,0,1,1,0,0,0,0,0,13.28927752,52.5105605
6,6300629,2020,9,17,2,3,3,6,0,0,1,0,1,0,0,0,13.28489245,52.44262935
5,5200634,2020,11,18,3,3,2,6,2,0,1,0,0,0,1,0,13.20029473,52.51236113
3,3601348,2020,4,16,1,3,0,6,0,0,1,0,1,0,0,0,13.42110704,52.53957202
10,10100311,2020,9,6,5,3,2,6,0,0,1,0,0,0,0,0,13.54058463,52.50998554
7,7400824,2020,12,20,6,3,3,6,2,0,1,0,0,1,0,0,13.3783977,52.47007231
7,7601236,2020,6,17,3,3,5,2,0,1,0,0,0,1,0,0,13.3619437,52.41361158
4,4200206,2020,4,14,1,3,2,6,0,0,1,0,0,0,0,0,13.24273997,52.50755724
7,7200410,2020,9,15,6,2,1,5,0,0,1,0,1,0,0,0,13.35538408,52.48559851
6,6400737,2020,7,11,3,3,1,5,0,0,1,0,0,0,0,0,13.21255787,52.42682716
7,7400824,2020,4,22,7,3,6,2,2,0,1,1,0,0,0,0,13.38551455,52.47010089
4,4200311,2020,10,16,6,3,2,6,0,0,1,0,0,0,0,0,13.28512231,52.51416072
2,2100101,2020,8,18,1,3,3,6,0,1,1,0,0,0,0,0,13.38913618,52.49806467
12,12100103,2020,7,11,6,3,2,1,0,1,1,0,0,0,0,1,13.36161187,52.56915016
6,6400735,2020,6,12,3,3,5,7,0,1,1,0,0,0,0,0,13.17720506,52.41937446
4,4300621,2020,10,10,5,3,0,2,0,1,0,0,0,0,1,1,13.30919604,52.51166055
12,12400721,2020,4,14,7,3,3,6,0,0,1,0,1,0,0,0,13.30314311,52.64161311
7,7501133,2020,9,11,2,3,8,7,0,0,0,0,0,0,1,0,13.37715154,52.43242476
1,1200624,2020,11,16,5,3,2,6,2,0,1,0,1,0,0,1,13.36337553,52.53591793
12,12601031,2020,6,14,4,3,2,2,0,0,1,0,1,0,0,0,13.33233326,52.5985259
4,4200310,2020,8,11,1,2,5,2,0,1,1,0,0,0,0,0,13.27580244,52.50971341
2,2500729,2020,6,15,3,3,6,4,0,0,0,1,0,0,1,0,13.4705667,52.51405899
6,6400737,2020,4,19,6,3,0,1,1,0,0,0,1,0,0,0,13.19354965,52.42117243
3,3701660,2020,10,16,2,3,3,6,0,0,1,0,1,0,0,1,13.43156674,52.53472011
9,9200613,2020,12,12,7,3,2,6,0,0,1,0,0,0,0,0,13.51170499,52.45510763
4,4400727,2020,8,13,3,3,2,6,0,0,1,0,0,0,0,0,13.2997676,52.48826207
4,4300414,2020,7,9,5,3,0,7,0,1,0,1,0,0,0,0,13.29417657,52.51086998
11,11300722,2020,5,14,3,3,6,7,0,0,0,1,0,0,1,0,13.47945108,52.51330707
7,7200308,2020,10,0,6,2,9,1,2,0,1,0,0,0,0,0,13.34357523,52.4784035
1,1100310,2020,4,17,6,3,2,6,0,0,1,0,0,0,0,0,13.40581801,52.52064422
4,4400725,2020,9,19,4,3,2,6,1,0,1,0,0,0,0,0,13.28156846,52.49872074
7,7501133,2020,11,18,2,3,2,6,2,0,1,0,0,0,0,1,13.3871618,52.43892215
11,11300722,2020,5,11,2,3,2,6,0,0,1,0,0,0,0,1,13.47901532,52.5133538
7,7100205,2020,8,14,2,3,1,5,0,1,1,0,0,0,0,0,13.36111978,52.49493779
2,2400522,2020,6,15,4,2,6,4,0,0,1,1,0,0,0,0,13.44253494,52.51688992
4,4100101,2020,5,15,5,3,2,6,0,0,1,0,0,0,0,0,13.28598233,52.53198577
6,6300527,2020,4,15,6,2,5,2,0,0,1,0,0,0,0,0,13.28263625,52.44174293
3,3701657,2020,9,9,4,3,2,6,0,1,1,0,0,0,0,0,13.43212507,52.53636857
2,2500727,2020,12,19,5,3,5,2,2,1,1,0,0,0,0,1,13.45375173,52.51590121
12,12500928,2020,8,8,4,3,5,2,0,1,1,0,0,0,0,0,13.31888786,52.61081317
6,6400735,2020,6,16,6,3,0,5,0,1,1,0,0,0,0,1,13.15462097,52.41895174
1,1100205,2020,10,17,7,3,2,6,0,0,1,0,0,0,0,0,13.37856689,52.50964109
2,2500727,2020,4,13,5,2,3,6,0,1,0,0,0,0,0,0,13.45683238,52.51544346
7,7501030,2020,11,12,4,2,3,6,0,1,1,0,0,0,0,0,13.38703199,52.44071678
6,6300629,2020,9,15,3,3,5,3,0,0,1,0,1,0,0,0,13.3050046,52.44977138
1,1100104,2020,8,14,2,2,2,6,0,0,0,0,1,0,1,0,13.36437795,52.50156531
1,1300836,2020,4,17,5,3,2,6,0,0,1,0,0,0,0,0,13.36844761,52.53880436
2,2500727,2020,10,21,6,3,5,2,2,1,1,0,0,0,0,1,13.46001336,52.51512261
1,1100205,2020,8,12,4,3,3,6,0,1,0,0,0,1,0,0,13.38613382,52.51012917
7,7400823,2020,7,12,4,3,3,6,0,0,1,0,1,0,0,1,13.37761173,52.46998726
2,2500727,2020,6,6,6,3,5,2,0,1,0,0,0,0,1,1,13.45716764,52.51556449
9,9100306,2020,11,13,5,3,3,6,0,0,1,0,1,0,0,0,13.48047226,52.4423656
3,3601449,2020,4,16,5,3,5,2,0,1,1,0,0,0,0,0,13.43900519,52.54109732
1,1100310,2020,9,14,5,3,5,3,0,1,1,0,0,0,0,0,13.41249547,52.51914733
1,1100102,2020,11,11,2,3,5,3,0,0,1,0,0,0,0,0,13.37201659,52.5051321
7,7400721,2020,6,16,2,3,2,6,0,0,1,0,0,0,0,0,13.38558429,52.4728514