BEZ,LOR_ab_2021,UJAHR,UMONAT,USTUNDE,UWOCHENTAG,UKATEGORIE,UART,UTYP1,ULICHTVERH,IstRad,IstPKW,IstFuss,IstKrad,IstGkfz,IstSonstige,USTRZUSTAND,XGCSWGS84,YGCSWGS84
9,9100101,2020,3,15,1,3,3,6,0,0,1,0,0,0,0,0,13.4576975,52.491693
4,4200311,2020,10,19,5,3,2,6,2,0,1,0,0,0,0,1,13.28141301,52.50990095
7,7400825,2020,8,11,4,3,1,5,0,1,1,0,0,0,0,0,13.38403025,52.4578098
3,3601449,2020,7,15,3,3,5,2,0,1,1,0,0,0,0,0,13.44795459,52.54687403
12,12601032,2020,5,15,2,3,2,6,0,0,1,0,1,0,0,1,13.32453008,52.60715063
3,3701660,2020,6,14,5,3,2,6,0,1,1,0,0,0,0,0,13.4270092,52.53081155
9,9100202,2020,11,12,4,3,3,6,0,1,0,0,0,0,0,0,13.46247268,52.48842705
12,12100205,2020,3,18,1,3,5,2,2,0,1,0,0,0,0,0,13.34765371,52.5744778
10,10100210,2020,9,6,5,2,2,6,2,0,1,0,0,0,1,0,13.54056759,52.54154216
2,2400521,2020,11,9,2,3,6,4,0,1,1,1,0,0,0,0,13.43456661,52.51784979
1,1100102,2020,6,12,1,3,5,3,0,0,1,0,0,0,0,0,13.36861191,52.50623611
7,7400720,2020,3,16,7,3,2,6,0,0,1,0,0,0,0,0,13.38603976,52.48214601
7,7400824,2020,9,21,4,3,6,2,2,0,1,1,0,0,0,0,13.38551428,52.47008303
4,4200310,2020,7,7,6,3,3,6,0,1,0,0,0,0,1,0,13.26163233,52.50870918
2,2200208,2020,3,17,6,3,2,6,0,0,1,0,0,0,0,0,13.38914633,52.49500143
8,8200624,2020,10,17,5,3,2,6,1,0,1,0,0,0,0,1,13.43162024,52.46186067
7,7400928,2020,12,20,2,3,9,1,2,0,1,0,0,0,0,2,13.4162237,52.46060315
4,4300414,2020,10,14,1,3,3,6,0,0,1,0,0,0,0,1,13.29370011,52.51066238
7,7601442,2020,3,13,6,3,2,6,0,0,1,0,1,0,0,0,13.40023227,52.41589989
3,3701657,2020,11,17,4,3,3,6,2,0,1,0,1,0,0,0,13.42463182,52.53966118
1,1100104,2020,9,18,3,3,5,2,0,0,1,0,0,0,0,0,13.36834654,52.50579778
1,1300836,2020,8,8,2,3,1,5,0,1,1,0,0,0,0,0,13.36981647,52.5432162
10,10100206,2020,3,14,6,3,6,4,0,0,1,1,0,0,0,1,13.55649365,52.56041847
6,6300527,2020,10,13,6,3,2,2,0,0,1,1,0,0,0,0,13.28296171,52.44184014
4,4400726,2020,8,17,4,3,2,6,0,0,1,0,0,0,1,0,13.2837274,52.49658367
1,1100205,2020,7,18,4,3,0,1,0,0,0,0,1,0,0,1,13.37850345,52.50963683
4,4300622,2020,5,14,2,2,0,7,0,1,0,0,0,0,0,1,13.32054333,52.5126512
6,6400735,2020,6,14,6,3,5,3,0,0,1,0,0,0,0,0,13.15461255,52.41905667
4,4200206,2020,3,12,5,3,2,6,0,0,1,0,0,0,0,0,13.25896787,52.50856521
12,12400721,2020,9,15,5,3,2,6,0,0,1,0,0,0,0,0,13.30580316,52.63755653
4,4300414,2020,12,18,3,2,5,2,2,0,1,0,0,0,0,0,13.28919935,52.51038935
10,10100311,2020,6,14,2,3,2,6,0,0,1,0,1,0,0,0,13.54479948,52.51473705
7,7400825,2020,3,12,5,3,0,6,0,0,1,0,1,0,0,1,13.38397294,52.45495828
7,7200411,2020,9,21,5,3,1,5,1,1,1,0,0,0,0,0,13.35746564,52.48747654
4,4200207,2020,7,12,7,3,2,6,0,0,1,0,0,0,1,0,13.24010726,52.4720964
1,1400940,2020,3,10,5,3,5,3,0,0,1,0,0,0,0,1,13.36549947,52.55798118
7,7601544,2020,10,16,5,3,1,7,0,0,1,0,0,0,0,1,13.40690173,52.39265849
9,9100203,2020,12,13,4,3,5,3,0,0,1,0,0,0,1,0,13.47942022,52.48456024
2,2500727,2020,5,19,7,3,0,1,0,1,0,0,0,0,0,0,13.4541926,52.51592325
7,7400825,2020,8,21,7,3,2,6,2,0,1,0,0,0,0,0,13.38421683,52.45475049
7,7300619,2020,7,9,5,3,5,3,0,0,1,0,0,0,0,0,13.35401191,52.47890319
4,4200206,2020,6,17,2,3,2,6,0,0,1,0,0,0,0,0,13.23330688,52.50697479
4,4300414,2020,10,8,4,3,2,6,0,0,1,0,0,0,1,0,13.29922407,52.51100911
7,7400721,2020,3,10,5,3,2,6,0,0,1,0,0,0,1,1,13.38570515,52.47792959
10,10300733,2020,9,16,2,3,5,2,0,1,1,0,0,0,0,0,13.561658,52.50869134
7,7100206,2020,11,9,3,3,2,6,0,0,1,0,0,0,0,0,13.36096302,52.49318334
3,3200206,2020,5,19,6,3,2,6,0,0,1,0,0,0,0,0,13.39827342,52.57699524
3,3601452,2020,8,18,7,3,1,5,0,1,1,0,0,0,0,0,13.44369143,52.52989035
3,3601347,2020,6,9,1,3,2,6,0,0,1,0,0,0,0,0,13.41662561,52.54047181
3,3701657,2020,3,15,4,3,2,6,0,1,1,0,0,0,0,0,13.42442653,52.53924598
4,4300415,2020,10,16,7,3,3,6,0,0,1,0,0,1,0,0,13.28279953,52.50513887
6,6300527,2020,12,16,5,3,5,2,2,0,1,0,0,0,1,0,13.27140153,52.43824616
10,10100208,2020,8,14,3,3,2,6,0,0,1,0,0,0,0,0,13.54869634,52.55138746
10,10400837,2020,7,13,5,3,2,6,0,0,1,0,0,0,1,0,13.58881308,52.50499179
3,3200205,2020,3,18,3,3,5,3,2,1,1,0,0,0,0,1,13.40215455,52.5865428
4,4400725,2020,10,18,6,3,2,6,1,0,1,0,0,0,0,1,13.28125788,52.49908624
10,10400941,2020,3,17,3,3,5,2,1,0,1,0,0,0,0,1,13.62069124,52.50419773
7,7400720,2020,9,17,4,3,2,6,0,0,1,0,1,0,0,0,13.38604034,52.48219094
5,5200528,2020,11,8,2,3,5,2,0,1,1,0,0,0,0,1,13.17898003,52.51657651
4,4400727,2020,9,12,7,3,2,6,0,0,1,0,0,0,0,0,13.29085616,52.49370539
7,7400720,2020,5,12,6,3,2,6,0,0,1,0,0,0,0,0,13.38552761,52.47072465
2,3601452,2020,8,16,1,3,3,5,0,1,0,0,0,0,1,0,13.44736719,52.52689499
7,7200411,2020,6,20,3,3,0,6,1,0,0,0,0,0,1,0,13.35950628,52.48944001
3,3601449,2020,3,16,3,2,6,4,0,0,1,1,0,0,0,1,13.44533926,52.54594536
7,7601442,2020,9,0,2,3,3,6,2,0,1,0,0,0,0,0,13.40677061,52.39496915
4,4300622,2020,12,15,4,3,3,6,0,0,1,0,0,0,0,1,13.32091135,52.51286111
6,6300527,2020,8,9,3,3,5,2,0,0,1,0,0,0,0,0,13.27140762,52.43824816
12,12601032,2020,6,11,5,3,5,3,0,0,1,0,0,0,0,0,13.32493163,52.60666133
3,3601347,2020,3,16,3,3,5,3,0,1,1,0,0,0,0,1,13.41794439,52.54006842
4,4300414,2020,11,8,2,3,3,6,0,1,0,0,0,0,0,0,13.2966543,52.51102923
1,1100102,2020,9,12,2,3,5,2,0,1,1,0,0,0,0,0,13.36834502,52.50630542
7,7400825,2020,8,12,7,3,0,6,0,0,1,0,1,0,0,0,13.38415321,52.45512674
4,4200206,2020,3,16,3,2,6,4,0,0,0,1,1,0,0,1,13.25847321,52.50853395
3,3400620,2020,10,16,4,3,3,6,0,1,1,0,0,0,0,1,13.39845245,52.57186536
7,7601547,2020,8,10,3,3,2,6,0,0,1,0,0,0,0,0,13.4177712,52.37639752
9,9100305,2020,7,13,2,3,5,3,0,1,1,0,0,0,0,0,13.49312729,52.46780092
5,5200528,2020,5,14,2,3,5,2,0,1,1,0,0,0,0,0,13.17909154,52.51664897
1,1100102,2020,6,18,5,3,5,2,0,1,1,0,0,0,0,1,13.36892736,52.50741598
3,3701660,2020,11,14,3,3,1,5,0,1,0,0,0,0,1,0,13.43018999,52.53391715
7,7400824,2020,3,13,3,3,2,6,0,0,1,0,0,0,1,1,13.38570945,52.46764916
9,9100202,2020,9,16,4,3,0,6,0,0,1,0,0,0,1,0,13.46369185,52.48760942
7,7200410,2020,11,17,2,3,1,5,2,1,1,0,0,0,0,0,13.3537236,52.48499376
4,4300414,2020,6,10,7,3,1,5,0,0,1,0,0,0,0,0,13.30092297,52.51131239
2,2400522,2020,3,12,3,3,0,6,0,0,1,0,1,0,0,1,13.45227316,52.51590636
1,1300836,2020,9,9,4,3,5,2,0,1,1,0,0,0,0,0,13.37015847,52.53997736
1,1400940,2020,7,16,5,3,0,2,0,0,1,0,1,0,0,0,13.36526822,52.55803017
10,10100210,2020,3,12,3,3,2,6,0,0,1,0,0,0,0,1,13.54226552,52.54380786
1,1100102,2020,10,8,4,3,5,2,0,1,1,0,0,0,0,0,13.37575743,52.50934504
12,12100205,2020,12,13,5,3,0,2,0,0,1,0,1,0,0,1,13.34764132,52.57434782
10,10400837,2020,8,16,5,2,5,3,0,1,1,0,0,0,0,0,13.58139002,52.50508572
6,6300526,2020,7,20,2,2,6,2,0,1,0,1,0,0,0,1,13.26070158,52.43495566
7,7501133,2020,5,16,6,3,2,2,0,0,1,0,1,0,0,0,13.37716843,52.43246196
1,1100311,2020,10,8,3,3,3,6,0,1,1,0,1,0,0,0,13.42001929,52.52107415
4,4200311,2020,3,16,2,2,3,6,0,0,1,0,1,0,0,0,13.28446512,52.50977825
7,7400721,2020,9,17,7,3,2,6,0,0,1,0,0,0,0,0,13.38558364,52.47282444
3,3701657,2020,11,11,6,3,5,3,0,1,1,0,0,0,0,0,13.42842094,52.53790583
9,9200613,2020,5,13,5,2,3,6,0,0,0,0,1,0,1,0,13.51522125,52.45272378
7,7501133,2020,8,14,5,3,5,3,0,0,1,0,1,0,0,0,13.3777061,52.43359407
3,3601449,2020,6,13,6,3,2,6,0,0,0,0,0,1,0,0,13.4449342,52.54575938
3,3400831,2020,3,16,2,3,5,3,0,1,1,0,0,0,0,1,13.42882188,52.57271981
2,2500727,2020,10,12,6,3,5,2,0,1,1,0,0,0,0,0,13.45358111,52.51841818
7,7200308,2020,12,15,3,3,2,6,1,0,1,0,0,0,0,0,13.33979554,52.47857024
7,7100205,2020,8,17,1,3,2,6,0,0,1,0,0,0,0,0,13.36245003,52.49881203
7,7300619,2020,6,23,2,2,9,1,2,0,1,0,0,0,0,0,13.34488369,52.47803952
7,7200308,2020,3,10,2,3,5,2,0,1,0,0,0,0,1,1,13.34856278,52.48186198
9,9100101,2020,10,10,4,3,2,6,0,0,1,0,0,0,1,1,13.46008705,52.4936225
1,1100104,2020,3,7,2,3,6,4,0,0,0,1,0,0,1,1,13.36790852,52.50556396
1,1400940,2020,9,13,2,3,5,3,0,1,1,0,0,0,0,0,13.36525699,52.55808839
2,2500727,2020,11,12,6,3,5,2,0,1,0,0,0,0,1,0,13.45377342,52.51571404
1,1100206,2020,9,10,6,3,2,6,0,1,0,0,0,0,1,0,13.38151246,52.51667678
1,1100102,2020,8,18,6,3,3,6,0,1,0,0,0,0,1,0,13.3641656,52.51546252
1,1401044,2020,7,22,3,3,2,3,2,0,1,0,0,0,0,1,13.36782799,52.55059625
2,2400521,2020,5,17,7,3,2,6,0,0,1,0,0,0,0,0,13.42752983,52.51868123
9,9100306,2020,10,7,3,3,2,6,0,0,1,0,0,0,1,0,13.46199299,52.4532383
4,4200310,2020,3,3,1,2,0,1,2,0,0,0,1,0,0,1,13.27057805,52.50925588
4,4400727,2020,9,15,1,3,2,6,0,0,1,0,0,0,0,0,13.29832207,52.48931665
3,3200205,2020,11,10,2,3,5,2,0,1,1,0,0,0,0,0,13.40171523,52.5900468
3,3701657,2020,5,18,5,3,5,2,0,1,1,0,0,0,0,0,13.42405178,52.53909367
7,7501030,2020,8,18,5,3,5,3,0,0,1,0,1,0,0,0,13.38651813,52.44216143
2,2500729,2020,6,12,7,3,3,1,0,0,1,0,1,0,0,0,13.47412428,52.51383538
1,1100310,2020,3,14,7,3,3,2,0,0,1,0,0,0,1,0,13.42013356,52.5251161
4,4200308,2020,10,19,6,3,2,6,2,0,1,0,0,0,0,0,13.28266542,52.52813775
4,4300413,2020,12,11,5,3,2,6,0,0,1,0,0,0,0,0,13.28678244,52.51352331
3,3601139,2020,8,9,2,2,5,2,0,1,1,0,0,0,0,0,13.41479391,52.55502908
3,3701657,2020,7,0,4,1,9,1,2,0,0,0,1,0,0,0,13.42455101,52.5389469
3,3701660,2020,3,1,7,3,2,2,2,1,1,0,0,0,0,1,13.4282835,52.53189865
4,4400725,2020,10,16,5,3,2,6,0,0,1,0,0,0,0,0,13.28183625,52.49811615
12,12601031,2020,3,18,6,3,2,6,2,0,1,0,0,0,0,1,13.32601167,52.60531379
10,10400941,2020,9,15,3,3,2,6,0,0,1,0,1,0,0,0,13.62434645,52.50376978
12,12400723,2020,11,14,1,3,2,7,0,0,1,0,0,0,1,0,13.31236673,52.62413672
1,1401044,2020,9,17,6,3,2,6,0,0,1,0,1,0,0,0,13.36934266,52.54711138
1,1100310,2020,5,18,5,3,2,6,0,0,1,0,1,0,0,0,13.4195481,52.52513631
1,1100104,2020,8,11,7,3,0,2,0,0,1,0,1,0,0,1,13.36489757,52.50216603
4,4200311,2020,7,18,3,3,6,7,0,0,0,1,0,0,1,0,13.2821458,52.50994901
4,4200207,2020,6,10,3,3,3,6,0,0,1,0,0,1,0,0,13.26273335,52.4909833
9,9200613,2020,3,17,6,3,5,3,1,1,1,0,0,0,0,1,13.49919336,52.46376508
4,4400726,2020,9,21,7,3,9,1,2,0,1,0,0,0,0,1,13.29016234,52.49403908
4,4200207,2020,12,8,2,3,0,6,0,0,1,0,0,0,0,0,13.23895074,52.47117684
2,2400625,2020,6,8,4,2,6,4,0,1,0,1,0,0,0,0,13.44865276,52.50511541
6,6300527,2020,3,15,6,3,8,1,0,1,1,0,0,0,0,1,13.27123669,52.43838173
9,9100203,2020,11,8,2,3,5,3,0,1,0,0,0,1,0,0,13.47944869,52.48450403
1,1100102,2020,9,23,7,2,0,1,2,0,0,0,0,0,1,0,13.35741351,52.51492379
6,6400737,2020,7,17,6,2,0,1,0,1,0,0,0,0,0,0,13.19167144,52.41972523
4,4400726,2020,3,15,6,3,2,6,0,0,1,0,0,0,0,1,13.284061,52.49614273
7,7400824,2020,10,7,4,3,0,2,1,0,0,0,0,1,1,1,13.38574131,52.46948207
5,5400943,2020,8,16,3,3,5,3,0,0,1,0,0,0,0,0,13.12616314,52.47854039
3,3601449,2020,7,2,1,3,0,1,2,0,0,0,0,0,1,0,13.44526919,52.54565376
2,2500727,2020,5,12,2,3,0,6,0,0,1,0,1,0,0,1,13.45682183,52.51560059
11,11400931,2020,6,16,4,2,3,6,0,0,1,0,1,0,0,0,13.51459095,52.50992382
2,2400625,2020,11,10,2,3,0,1,0,1,0,0,0,0,0,0,13.44848499,52.50484708
3,3400826,2020,3,8,6,3,5,2,0,1,1,0,0,0,0,1,13.41412184,52.55773042
12,12200310,2020,9,19,4,2,2,6,1,0,0,0,1,0,1,0,13.30858562,52.56576462
2,2500726,2020,11,14,7,3,3,6,0,1,1,0,0,0,0,0,13.44762019,52.52614039
4,4100101,2020,6,12,6,3,2,6,0,0,1,0,0,0,0,0,13.29123451,52.53394245
2,2500727,2020,3,14,6,3,5,2,0,1,0,0,0,0,1,1,13.45372747,52.51597529
9,9200613,2020,9,7,3,3,2,6,0,0,1,0,0,0,1,0,13.50892394,52.45720816
4,4300622,2020,7,18,4,3,4,6,0,1,0,0,0,0,0,0,13.32147797,52.51203865
2,2200208,2020,3,18,5,3,3,6,2,1,0,0,0,0,0,0,13.38906258,52.4972165
4,4300414,2020,10,15,4,3,2,6,0,0,1,0,0,0,0,1,13.2860201,52.51095402
1,1100310,2020,12,10,4,3,3,6,0,1,1,0,0,0,0,1,13.41232206,52.5194115
1,1200624,2020,8,18,4,3,3,6,0,0,1,0,1,0,0,0,13.36395372,52.53488836
6,6300526,2020,7,11,2,2,6,4,0,1,0,1,0,0,0,0,13.26019928,52.43505047
12,12200414,2020,5,16,5,3,2,6,0,0,1,0,0,0,0,0,13.30890738,52.5572314
2,2400522,2020,10,0,2,3,0,6,2,0,1,0,0,0,0,0,13.45198817,52.51608799
3,3701659,2020,3,15,5,3,5,3,0,1,0,0,0,0,1,0,13.42366726,52.52798447
3,3601449,2020,9,16,6,3,2,6,0,0,1,0,0,1,0,0,13.44495538,52.54576911
7,7400720,2020,11,18,4,3,5,2,2,1,1,0,0,0,0,0,13.38605362,52.48320582
4,4200206,2020,5,8,5,3,2,6,0,0,1,0,0,0,0,0,13.21636639,52.50912134
12,12100103,2020,8,6,4,3,5,2,0,1,1,0,0,0,0,1,13.35907162,52.57338003
3,3500936,2020,6,10,5,3,0,7,0,0,1,0,1,0,0,1,13.45383608,52.54900534
9,9100101,2020,5,14,3,2,5,2,0,1,0,0,0,0,1,0,13.45906227,52.49285934
2,2200208,2020,3,12,5,3,2,6,0,0,1,0,0,0,0,0,13.38904608,52.49488726
3,3200206,2020,10,8,5,3,5,3,0,1,1,0,0,0,0,0,13.39874379,52.57559747
3,3500936,2020,12,13,2,3,3,6,0,1,0,0,0,1,0,1,13.44814382,52.54695947
6,6400737,2020,8,17,6,3,2,6,0,0,1,0,0,0,0,0,13.19725083,52.43820241
12,12100204,2020,6,14,2,3,6,4,0,1,0,1,0,0,0,0,13.36414131,52.56397561
1,1400940,2020,3,11,5,2,5,3,0,0,1,0,1,0,0,0,13.36526058,52.55806978
4,4300414,2020,10,15,2,3,0,7,0,1,1,0,0,0,0,0,13.28667329,52.51023167
3,3400831,2020,3,9,5,3,5,3,0,1,1,0,0,0,0,0,13.42923416,52.57338366
2,2500727,2020,11,18,6,3,5,3,2,1,1,0,0,0,0,0,13.45360497,52.51845136
12,12200412,2020,9,20,5,3,3,6,1,0,1,0,0,1,0,0,13.30266588,52.5752109
3,3601141,2020,3,9,5,3,5,3,0,1,0,0,0,0,0,0,13.41372528,52.55057197
3,3601449,2020,5,0,5,3,5,2,2,1,1,0,0,0,0,0,13.44463578,52.54562236
1,1100310,2020,8,18,5,3,5,2,0,1,1,0,0,0,0,0,13.41994064,52.52495144
5,5200634,2020,7,21,7,3,0,1,2,1,0,0,0,0,0,0,13.2145277,52.50949535
4,4400727,2020,6,21,7,3,3,6,1,0,1,0,0,0,0,0,13.29936002,52.48855942
7,7100205,2020,3,8,5,3,3,6,0,1,1,0,0,0,0,0,13.36226393,52.49836034
12,12500930,2020,9,5,5,2,5,3,2,0,1,0,1,0,0,0,13.34369441,52.58315704
10,10100312,2020,12,12,7,3,5,7,0,0,1,0,0,0,0,0,13.53690312,52.53013776
4,4400726,2020,6,10,3,3,3,6,0,0,1,0,0,0,0,0,13.28476096,52.49550036
4,4400725,2020,3,12,4,3,2,6,0,0,0,0,0,1,1,1,13.28028235,52.50002355
1,1100102,2020,9,15,6,3,1,7,0,0,1,0,0,0,1,0,13.34057156,52.51378283
9,9100203,2020,7,13,3,3,5,3,0,1,1,0,0,0,0,0,13.47946399,52.48451132
3,3601449,2020,3,9,4,3,5,2,0,0,1,0,0,0,1,0,13.44496926,52.54551746
7,7400822,2020,10,17,6,3,2,6,0,0,1,0,0,0,0,0,13.36553616,52.47276982
7,7601442,2020,8,18,1,3,5,7,0,0,1,0,0,0,0,0,13.39975524,52.41732974
9,9100101,2020,7,14,6,3,2,6,0,0,1,0,0,1,0,1,13.45882761,52.490942
10,10100311,2020,6,3,3,2,1,5,2,0,1,0,0,0,1,0,13.54021453,52.50989523
7,7200411,2020,3,9,4,3,2,6,0,0,1,0,0,1,0,0,13.35883637,52.4887033
1,1300836,2020,5,15,4,3,5,2,0,1,1,0,0,0,0,0,13.36855242,52.54120609
7,7100206,2020,8,14,6,2,5,3,0,1,0,0,0,0,1,0,13.36087901,52.49218297
1,1100102,2020,7,12,3,3,0,1,0,0,0,0,1,0,0,0,13.37093315,52.50893118
2,2100101,2020,6,13,1,3,5,3,0,0,1,0,0,0,0,0,13.38868987,52.49815189
12,12400723,2020,3,9,4,3,5,3,0,0,1,0,0,0,0,0,13.31641112,52.61403178
7,7300619,2020,9,15,6,3,2,6,0,0,1,0,0,0,0,0,13.36237055,52.47396342
7,7501030,2020,12,14,2,3,1,5,0,1,1,0,0,0,0,1,13.38666043,52.44176064
7,7200308,2020,6,15,4,3,6,4,0,0,1,1,0,0,0,0,13.34830826,52.48176423
11,11300725,2020,3,8,4,2,1,7,0,1,0,0,1,0,0,0,13.49341751,52.51189322
3,3601449,2020,11,13,5,2,6,4,0,0,1,1,0,0,0,0,13.44527566,52.54591616
4,4100101,2020,9,16,7,2,2,6,0,0,1,0,0,0,0,0,13.28625408,52.53219715
2,2200208,2020,7,15,5,3,5,2,0,1,1,0,0,0,0,0,13.38925281,52.49753481
4,4200311,2020,3,7,4,3,2,6,0,0,1,0,1,0,0,0,13.28140857,52.50990066
10,10300733,2020,10,20,1,3,5,2,2,0,1,0,0,0,0,0,13.56149271,52.50858338
3,3500934,2020,8,10,2,2,3,6,0,0,0,0,1,1,0,0,13.42962614,52.55504787
7,7601544,2020,7,14,7,3,5,7,0,1,1,0,0,0,0,0,13.40826629,52.38840667
2,2500727,2020,6,17,3,3,0,7,0,1,0,0,0,0,0,0,13.45983579,52.5152859
10,10100208,2020,10,18,7,3,0,1,2,1,0,0,0,0,0,1,13.55076535,52.55348101
12,12100204,2020,3,17,3,2,5,2,1,1,0,0,0,0,1,0,13.36418913,52.5637376
7,7200411,2020,9,14,3,3,2,6,0,0,1,0,1,0,0,0,13.35773261,52.48777763
4,4200308,2020,11,17,6,3,2,6,2,0,1,0,0,0,0,1,13.28310931,52.51890753
11,11100101,2020,6,13,5,3,5,2,0,1,1,0,0,0,0,0,13.48303578,52.57465789
9,9100202,2020,3,15,3,2,0,2,0,0,1,0,0,0,1,1,13.46500113,52.48673762
7,7400720,2020,8,14,2,3,2,6,0,0,1,0,0,0,1,0,13.38605581,52.48344017
2,2500726,2020,7,9,4,3,6,7,0,1,0,1,0,0,0,0,13.45009468,52.5231789
7,7200410,2020,6,19,3,3,1,5,0,1,1,0,0,0,0,0,13.35378484,52.48502186
7,7501133,2020,3,5,2,3,6,2,2,0,1,1,0,0,0,1,13.38712811,52.44014144
5,5400943,2020,10,14,3,3,5,2,0,1,1,0,0,0,0,0,13.126128,52.4785331
4,4400726,2020,12,15,3,3,2,6,0,0,1,0,0,1,0,1,13.28861501,52.49407901
9,9200613,2020,8,18,4,3,2,6,0,1,0,0,0,0,0,0,13.51061525,52.45601892
10,10100210,2020,7,8,1,3,5,3,0,1,0,0,0,0,1,0,13.54802349,52.55059592
2,2100101,2020,5,9,4,3,5,2,0,1,1,0,0,0,0,0,13.38056502,52.49924435
7,7501029,2020,10,7,2,3,2,6,0,0,1,0,0,1,0,1,13.38065599,52.438125
11,11300722,2020,3,7,2,2,8,1,0,0,0,0,1,0,0,0,13.4774516,52.51351287
4,4300622,2020,9,17,5,3,2,6,0,0,1,0,0,0,0,0,13.32292579,52.51243441
12,12100101,2020,11,14,3,2,6,7,0,0,1,1,0,0,0,1,13.36500662,52.56056534
6,6400736,2020,5,11,4,3,2,6,0,0,1,0,0,0,0,0,13.1969231,52.41677333
6,6400735,2020,8,13,3,3,0,1,0,0,0,0,1,0,0,0,13.152137,52.41879643
3,3601141,2020,6,17,5,3,1,1,0,1,0,0,1,0,0,1,13.41387221,52.55135896
11,11300722,2020,5,12,3,3,3,6,0,0,1,0,1,0,0,0,13.48010834,52.51323956
3,3100103,2020,3,7,2,2,2,6,0,0,1,0,0,1,1,1,13.48708686,52.6245574
3,3701657,2020,9,16,4,3,5,2,0,1,0,0,1,0,0,0,13.42859505,52.53758003
1,1100102,2020,12,1,7,2,0,1,2,1,0,0,0,0,0,0,13.35930584,52.51504303
5,5400943,2020,8,15,5,3,5,3,0,1,1,0,0,0,0,0,13.12629243,52.47857479
1,1100310,2020,6,2,1,3,0,1,2,0,0,0,0,0,1,0,13.4084332,52.52196054
4,4200311,2020,10,17,2,3,5,3,1,0,1,0,0,1,0,0,13.28114331,52.50263462
1,1100310,2020,3,13,2,3,2,6,0,0,1,0,0,0,0,0,13.42028521,52.52524472
12,12100205,2020,11,8,5,3,5,2,0,0,1,0,0,0,1,0,13.34764848,52.57440967
2,2400521,2020,9,15,3,3,0,7,0,1,0,0,0,0,0,0,13.43103829,52.51807383
11,11401034,2020,3,0,1,2,1,6,2,0,1,0,0,1,0,1,13.52523459,52.50989437
11,11300724,2020,10,11,7,3,4,6,0,1,0,0,0,0,0,0,13.48827115,52.51241312
12,12500930,2020,8,13,5,3,5,3,0,1,1,0,0,0,0,0,13.34056736,52.58722942
1,1100104,2020,7,13,5,3,5,5,0,1,1,0,0,0,0,1,13.36333875,52.50036165
2,2500727,2020,5,11,1,3,5,3,0,1,1,0,0,0,0,0,13.45376553,52.5158357
7,7400823,2020,6,18,6,3,2,6,0,0,1,0,0,0,0,0,13.37411511,52.47057532
2,2100101,2020,2,5,7,3,5,3,2,0,1,0,0,0,0,1,13.38055494,52.49924565
3,3601449,2020,9,16,5,3,2,6,0,0,1,0,1,0,0,0,13.44491772,52.54575182
3,3601449,2020,12,5,4,3,0,1,2,1,0,0,0,0,0,1,13.43864069,52.54119544
3,3701657,2020,6,15,3,3,5,2,0,1,1,0,0,0,0,0,13.42403075,52.53909728
1,1100310,2020,2,19,7,2,3,6,2,1,1,0,0,0,0,1,13.41069229,52.52319738
3,3601449,2020,9,7,6,3,5,2,0,1,1,0,0,0,0,0,13.43918035,52.54124168
7,7601547,2020,7,0,1,3,0,1,2,1,0,0,0,0,0,0,13.41099632,52.38601036
1,1400940,2020,2,16,7,2,5,3,1,0,1,0,0,0,0,0,13.36550149,52.55797126
7,7501030,2020,10,15,6,3,6,7,0,1,0,1,0,0,0,0,13.38611343,52.444279
12,12100205,2020,12,12,4,3,5,3,0,0,1,0,0,0,1,0,13.34774154,52.57441318
7,7400928,2020,8,10,1,3,3,6,0,0,1,0,0,0,0,0,13.41723589,52.46076081
12,12400723,2020,7,16,5,3,5,3,0,1,1,0,0,0,0,1,13.31523537,52.61825045
4,4200311,2020,5,13,1,3,0,3,0,1,1,0,0,0,0,1,13.27973633,52.50979201
4,4400726,2020,6,14,2,3,2,6,0,0,1,0,0,0,0,0,13.28366867,52.49666129
3,3601449,2020,10,16,4,3,2,6,2,0,1,0,0,0,0,1,13.44500009,52.54553147
1,1100311,2020,2,16,7,3,4,6,0,1,0,0,0,0,1,0,13.4225741,52.52002106
7,7300619,2020,9,13,2,3,5,3,0,0,1,0,0,1,0,0,13.35649294,52.47361985
2,2100101,2020,11,11,3,3,0,7,0,1,0,0,0,0,0,0,13.37842759,52.50002348
3,3601141,2020,6,8,4,3,5,2,0,1,1,0,0,0,0,0,13.41375375,52.55073994
8,8200622,2020,8,22,7,3,3,6,2,0,1,0,0,1,0,0,13.44646995,52.46315817
12,12400723,2020,6,8,2,3,0,3,0,1,1,0,0,0,0,0,13.31527352,52.61821226
3,3601348,2020,2,13,7,3,6,4,0,0,0,1,0,0,1,0,13.4188664,52.54012631
4,4100101,2020,10,13,1,3,2,6,0,0,1,0,0,0,0,0,13.28348149,52.52937606
10,10400940,2020,12,14,6,3,5,2,0,0,1,0,0,0,1,0,13.60641287,52.50495252
7,7200411,2020,8,18,3,2,1,5,0,1,1,0,0,0,0,0,13.35948497,52.48971673