BEZ,LOR_ab_2021,UJAHR,UMONAT,USTUNDE,UWOCHENTAG,UKATEGORIE,UART,UTYP1,ULICHTVERH,IstRad,IstPKW,IstFuss,IstKrad,IstGkfz,IstSonstige,USTRZUSTAND,XGCSWGS84,YGCSWGS84
12,12100204,2020,7,16,5,3,5,2,0,1,1,0,0,0,0,0,13.36371686,52.56514288
2,2100101,2020,10,11,6,3,5,3,0,1,1,0,0,0,0,0,13.38900958,52.49808583
12,12100204,2020,2,15,6,3,5,2,0,1,1,0,0,0,0,0,13.36440942,52.56376395
12,12400619,2020,9,14,4,3,2,6,0,0,1,0,0,0,0,0,13.26094258,52.60805893
7,7501133,2020,11,6,2,3,0,6,2,0,1,0,1,0,0,1,13.37829523,52.43482513
3,3400723,2020,10,11,6,3,2,6,0,0,1,0,0,0,0,1,13.40578156,52.56636948
4,4200311,2020,2,13,6,3,5,2,0,0,1,0,0,0,0,0,13.28188965,52.50993235
4,4200311,2020,9,18,3,3,5,2,0,0,1,0,0,0,0,0,13.28484072,52.51012061
1,1400940,2020,11,17,5,3,5,3,2,0,1,0,0,0,1,1,13.36525867,52.55807966
1,1100310,2020,6,15,4,3,5,2,0,1,0,0,0,0,1,0,13.41619904,52.52208292
4,4100102,2020,8,21,1,3,8,1,2,0,1,0,0,0,0,1,13.298615,52.53414853
12,12100205,2020,6,16,3,3,5,3,0,0,1,0,1,0,0,0,13.34660319,52.57938607
4,4200308,2020,2,12,6,3,3,6,0,0,1,0,0,1,0,0,13.28278527,52.5287199
5,5200634,2020,10,16,2,3,2,6,0,0,1,0,0,0,1,1,13.21399455,52.50960585
10,10100206,2020,12,13,7,2,0,1,0,0,0,0,1,0,0,1,13.55439159,52.55767388
4,4400725,2020,8,19,3,3,0,4,0,0,1,1,0,0,0,0,13.28222869,52.49777183
7,7501133,2020,7,6,6,3,5,2,0,0,0,0,1,0,1,0,13.38262047,52.43939712
4,4300414,2020,5,14,3,3,5,2,0,1,0,0,0,0,1,0,13.29999322,52.51125128
2,2500833,2020,10,15,7,2,2,6,0,1,1,0,0,0,0,0,13.45304379,52.51297994
4,4300414,2020,2,9,6,2,6,7,0,0,1,1,0,0,0,0,13.28623521,52.51020439
7,7200411,2020,9,10,4,3,1,5,0,1,1,0,0,0,0,0,13.3578812,52.48765464
4,4200206,2020,11,14,2,3,1,5,0,1,1,0,0,0,0,0,13.23244444,52.5069206
4,4300415,2020,5,16,4,3,2,6,0,0,1,0,0,0,0,0,13.28383365,52.50749802
4,4300621,2020,8,7,3,3,5,2,0,1,0,0,0,0,1,0,13.30777749,52.51175932
7,7400822,2020,6,15,4,3,2,6,0,0,1,0,0,0,0,0,13.36541146,52.47282686
4,4300414,2020,5,8,3,3,5,2,0,0,1,1,0,0,0,0,13.30131778,52.51133833
3,3200205,2020,2,8,6,3,5,3,0,1,1,0,0,0,0,0,13.40251882,52.59221462
10,10400940,2020,9,13,4,3,0,1,0,1,0,0,0,0,0,0,13.60420211,52.50496729
7,7501135,2020,12,18,6,3,6,7,2,0,1,1,0,0,0,0,13.39871878,52.41852586
11,11300722,2020,8,9,4,2,5,2,0,1,1,0,0,0,0,0,13.48422987,52.51268968
4,4200311,2020,6,8,6,3,3,6,0,0,1,0,0,1,0,0,13.28142861,52.50493857
1,1300836,2020,10,14,7,3,5,7,0,0,1,0,0,0,0,0,13.36852964,52.53885173
7,7400721,2020,2,11,5,3,2,6,0,0,1,0,0,1,0,1,13.38557419,52.47242898
1,1100310,2020,11,16,4,2,1,5,2,1,1,0,0,0,0,0,13.41747238,52.5232435
1,1100104,2020,9,16,3,3,5,3,0,0,1,0,1,0,0,0,13.36808964,52.50583456
11,11100101,2020,8,15,2,3,5,2,0,1,0,0,0,0,1,0,13.48330367,52.58305147
1,1100104,2020,2,17,4,3,4,6,0,1,0,0,0,0,1,0,13.36735728,52.50488224
4,4100101,2020,10,10,6,3,0,6,0,0,0,0,0,0,1,0,13.29413083,52.53729424
2,2500728,2020,8,15,4,2,2,2,0,1,0,0,0,0,0,0,13.46616819,52.51464826
7,7300619,2020,7,12,4,3,2,6,0,0,1,0,0,0,0,1,13.35743564,52.47383557
1,1100310,2020,6,9,6,3,5,3,0,1,1,0,0,0,0,0,13.41982397,52.5253891
3,3601142,2020,11,13,5,3,2,7,0,0,1,0,0,0,1,0,13.41199847,52.54147936
1,1300836,2020,2,18,4,3,6,2,2,0,1,1,0,0,0,1,13.36876337,52.54115293
4,4300414,2020,9,22,5,3,6,4,2,1,0,1,0,0,0,0,13.28840795,52.51033996
12,12100205,2020,12,10,3,3,2,6,0,0,1,0,0,0,1,0,13.34766272,52.57462059
6,6400735,2020,6,17,2,3,8,1,0,1,0,0,0,0,0,0,13.15545884,52.41914731
1,1300836,2020,2,15,4,3,0,2,0,1,0,0,0,0,1,0,13.37017055,52.53996984
5,5200634,2020,9,17,5,3,5,3,0,0,1,0,0,0,0,0,13.20490171,52.51143456
12,12400723,2020,7,16,6,3,5,3,0,1,1,0,0,0,0,0,13.31732523,52.61598406
9,9100305,2020,2,14,4,2,5,3,0,1,1,0,0,0,0,0,13.49317407,52.46776929
3,3601451,2020,10,13,5,3,3,6,0,1,0,0,0,0,1,0,13.43555306,52.53514704
6,6400735,2020,12,14,3,3,0,5,0,1,1,0,0,0,0,0,13.16418371,52.4200594
1,1100102,2020,5,18,4,3,5,3,0,1,1,0,0,0,0,0,13.37210589,52.50511777
3,3701659,2020,8,15,7,3,5,3,0,0,1,0,0,0,1,0,13.42354322,52.52818385
11,11401032,2020,7,14,4,3,3,1,0,0,1,0,0,1,0,0,13.50289804,52.51092289
4,4400727,2020,5,23,1,2,0,1,2,1,0,0,0,0,0,0,13.30034095,52.4880004
11,11401034,2020,10,8,4,3,8,1,0,0,0,0,1,0,0,1,13.52818794,52.51023126
2,2200209,2020,2,21,4,3,9,1,2,0,1,0,0,0,0,1,13.38630348,52.4889439
12,12200414,2020,9,13,1,3,8,1,0,0,1,0,0,0,0,0,13.3023703,52.55033506
3,3601139,2020,11,7,2,3,6,4,0,0,1,1,0,0,0,0,13.41485593,52.55457731
1,1100207,2020,5,17,4,2,5,3,0,1,1,0,0,0,0,0,13.40167351,52.51132327
7,7400824,2020,8,20,6,3,6,7,1,0,1,1,0,0,0,0,13.38550366,52.46645387
9,9100202,2020,6,18,7,3,5,3,1,1,1,0,0,0,0,1,13.46872454,52.48422039
7,7400721,2020,2,20,4,3,5,3,2,0,1,0,0,0,0,0,13.3857614,52.48009897
2,2400522,2020,10,22,7,3,4,6,2,1,0,0,0,0,1,0,13.44633391,52.51650632
12,12200310,2020,12,6,5,3,2,6,2,0,1,0,0,0,0,0,13.30542501,52.57076092
2,2200208,2020,8,10,2,3,5,2,0,1,0,0,0,0,1,0,13.38927231,52.49745632
1,1200624,2020,7,8,5,3,0,6,0,0,0,0,1,0,1,1,13.3667723,52.53202831
1,1100102,2020,2,19,4,3,2,6,2,0,1,0,0,0,0,1,13.37221503,52.5050415
6,6100101,2020,10,0,5,3,2,6,2,0,1,0,0,0,1,0,13.31475351,52.4532235
10,10300733,2020,2,18,4,3,5,2,2,1,1,0,0,0,0,1,13.55334756,52.50934638
10,10100206,2020,9,12,3,2,5,3,0,0,1,0,0,1,0,0,13.55828112,52.562885
3,3601348,2020,11,13,1,3,2,6,0,1,1,0,0,0,0,0,13.42254531,52.53956242
7,7501029,2020,9,0,6,3,3,2,2,0,1,0,0,0,0,0,13.38161398,52.43917372
7,7400822,2020,5,17,4,3,2,6,0,0,1,0,0,0,0,0,13.36696111,52.47228315
3,3601452,2020,8,1,7,3,2,6,2,1,1,0,0,0,0,0,13.44307485,52.53045746
1,1300836,2020,6,16,3,3,5,2,0,1,1,0,0,0,0,0,13.37022866,52.53993364
1,1100206,2020,2,22,3,3,2,6,2,0,1,0,0,0,0,0,13.39136759,52.51702793
12,12100103,2020,9,20,2,3,5,2,2,0,1,0,0,0,1,0,13.35906727,52.57338117
4,4400830,2020,12,9,3,3,2,6,0,0,1,0,0,0,1,0,13.30446595,52.4847913
2,2500726,2020,6,12,4,3,5,3,0,1,1,1,0,0,0,0,13.44753959,52.52625903
9,9100101,2020,2,21,3,3,2,6,2,0,1,0,0,0,0,0,13.45881354,52.49095135
2,2500727,2020,11,18,2,2,5,2,2,1,1,0,0,0,0,0,13.4537493,52.51591276
6,6400735,2020,9,17,1,3,1,5,0,1,1,0,0,0,0,0,13.16841724,52.42066201
7,7400825,2020,7,11,6,3,2,6,0,0,1,0,0,0,0,0,13.38444789,52.45339325
2,2200208,2020,2,11,3,2,6,7,0,0,1,1,0,0,0,1,13.38905855,52.49462065
12,12601031,2020,10,14,4,3,5,3,0,0,1,0,0,0,0,1,13.33153206,52.60042605
7,7400824,2020,8,14,3,2,1,5,0,1,1,0,0,0,0,0,13.38551333,52.4649795
4,4200308,2020,7,15,2,3,2,6,0,0,1,0,0,0,0,0,13.28296267,52.52863546
2,2400522,2020,5,23,7,3,5,3,2,1,1,0,0,0,0,0,13.45064723,52.51622024
6,6300526,2020,6,19,4,3,5,3,0,1,0,0,0,0,0,0,13.26055659,52.43498619
4,4200308,2020,11,20,2,2,3,6,2,0,1,0,1,0,0,0,13.28274297,52.52865863
3,3701657,2020,2,18,3,3,6,4,2,1,0,1,0,0,0,0,13.43258724,52.53621656
6,6300629,2020,9,13,4,3,1,5,0,1,1,0,0,0,0,0,13.29609794,52.44643139
7,7400824,2020,11,12,7,3,3,6,0,0,1,0,0,0,0,0,13.38550606,52.46974207
3,3701660,2020,5,16,4,3,3,6,0,1,0,0,0,0,0,0,13.42575716,52.52974337
10,10300733,2020,8,16,2,3,0,2,0,1,1,0,0,0,0,0,13.55300565,52.50905938
7,7601442,2020,6,11,4,3,3,6,0,0,1,0,1,0,0,0,13.40028135,52.41640045
9,9200613,2020,2,17,3,3,5,2,1,1,1,0,0,0,0,1,13.50627257,52.45886474
3,3400829,2020,9,8,3,3,2,6,0,0,1,0,0,0,1,0,13.42780316,52.56192406
4,4300622,2020,12,17,4,3,5,2,1,0,1,0,0,0,0,1,13.32291989,52.51242355
7,7400822,2020,8,16,3,3,0,1,0,0,1,0,1,0,0,0,13.37039626,52.47091918
3,3601449,2020,6,16,5,3,6,7,0,1,0,1,0,0,0,0,13.44243358,52.54441454
7,7501133,2020,10,17,7,3,2,6,0,0,1,0,0,0,0,0,13.38761144,52.4389981
10,10100312,2020,2,5,2,2,6,6,1,0,1,1,0,0,0,1,13.53693454,52.53261638
3,3601449,2020,11,10,3,2,0,2,0,0,0,0,0,1,1,0,13.44496819,52.54551697
3,3500936,2020,9,14,2,3,3,6,0,1,1,0,0,0,0,0,13.44809828,52.54693916
2,2200209,2020,8,1,1,3,2,6,2,0,1,0,1,0,0,0,13.38605377,52.48571275
7,7501133,2020,2,7,2,3,5,2,0,0,0,0,1,0,1,0,13.38259479,52.43939278
3,3601451,2020,10,15,5,3,2,6,0,0,1,0,0,1,0,1,13.43388882,52.53671521
3,3601347,2020,8,14,3,3,2,6,0,1,0,0,0,0,1,0,13.41702878,52.5402109
3,3601452,2020,7,13,3,3,1,5,0,1,1,0,0,0,0,0,13.44721773,52.52702935
7,7501030,2020,6,18,5,3,1,1,0,0,1,0,0,0,0,1,13.38509056,52.44981495
7,7601236,2020,11,6,4,3,6,4,2,0,1,1,0,0,0,0,13.36610162,52.41692405
2,2500727,2020,2,20,2,3,5,3,1,1,1,0,0,0,0,1,13.46015358,52.51525271
2,2100101,2020,9,11,5,3,5,2,0,1,1,0,0,0,0,0,13.38862893,52.49816686
12,12200310,2020,11,8,2,3,3,6,0,0,1,0,0,1,0,0,13.30453523,52.57385609
6,6400737,2020,6,9,1,2,4,6,0,1,0,0,0,0,0,0,13.20035745,52.4222037
6,6400737,2020,2,19,2,3,2,6,2,0,1,0,0,0,0,1,13.19200066,52.43107425
3,3601142,2020,9,15,4,3,1,5,0,1,1,0,0,0,0,1,13.41259523,52.54396318
2,2500729,2020,7,21,5,3,1,5,1,0,1,0,1,0,0,0,13.47031863,52.5142319
4,4400726,2020,2,15,2,3,3,6,0,0,1,0,0,1,0,0,13.28563852,52.49465496
5,5400942,2020,10,10,4,3,0,7,0,0,1,0,0,0,1,0,13.1511337,52.49716995
11,11300722,2020,12,17,6,3,6,4,2,1,0,1,0,0,0,1,13.47700011,52.51355977
12,12601032,2020,8,11,5,3,2,6,0,0,1,0,0,0,0,0,13.32381694,52.60785512
10,10400837,2020,7,18,3,2,2,6,0,0,1,0,0,0,0,0,13.59340801,52.50506058
7,7300619,2020,5,13,7,3,8,1,0,0,1,0,0,0,0,0,13.35426256,52.47357897
4,4200311,2020,10,17,3,3,3,6,2,0,1,0,0,0,1,0,13.28088894,52.50302219
2,2200208,2020,2,16,1,3,2,6,2,0,1,0,0,0,0,1,13.388632,52.49767469
1,1100207,2020,9,20,1,3,2,6,1,0,1,0,0,0,0,0,13.40403644,52.51274405
9,9200613,2020,11,15,2,3,2,6,0,0,1,0,0,0,0,0,13.50549508,52.45959049
4,4200206,2020,5,15,4,2,1,1,0,1,0,0,0,1,0,0,13.22611069,52.50716165
1,1100102,2020,8,16,5,3,2,6,0,0,1,0,0,0,0,0,13.34680652,52.51421055
10,10300734,2020,6,10,6,3,2,6,0,0,1,0,0,1,0,0,13.56712165,52.50679776
1,1100310,2020,2,17,1,3,5,3,2,0,1,0,0,0,0,1,13.40919283,52.5167589
7,7501135,2020,10,16,6,3,5,3,0,1,1,0,0,0,0,0,13.3973313,52.4216206
1,1300836,2020,12,0,3,3,2,6,2,0,1,0,0,0,0,0,13.37010734,52.53974491
12,12100103,2020,8,0,1,3,6,7,2,1,0,1,0,0,0,0,13.36168942,52.56900195
1,1100310,2020,6,22,3,3,5,3,2,0,1,0,0,0,0,0,13.40919377,52.51675969
3,3601449,2020,2,20,7,3,3,6,2,0,1,0,0,0,0,0,13.43944611,52.54147136
7,7100205,2020,10,14,5,3,1,5,0,1,1,0,0,0,0,0,13.36157719,52.49674274
3,3500936,2020,2,19,7,3,6,4,2,0,0,1,0,0,1,1,13.45234995,52.5486852
4,4300622,2020,9,17,2,3,5,2,0,0,1,0,1,0,0,0,13.32297127,52.51242983
1,1200624,2020,11,23,7,2,6,7,2,0,1,1,0,0,0,0,13.36454332,52.53429013
4,4200308,2020,9,12,6,2,2,6,0,0,0,0,0,1,1,0,13.28276935,52.51882016
12,12100204,2020,2,19,7,3,6,2,2,0,1,1,0,0,0,1,13.36420008,52.56368314
1,1401044,2020,5,13,3,3,3,6,0,0,1,0,0,0,0,0,13.36901738,52.54857845
4,4200311,2020,8,10,7,3,2,6,0,0,1,0,0,0,0,1,13.28139242,52.50989961
4,4100101,2020,7,19,3,3,2,6,0,0,1,0,0,0,0,0,13.28633068,52.53225673
3,3501037,2020,6,15,2,3,2,6,0,1,0,0,0,0,0,0,13.46788816,52.56129549
12,12100205,2020,2,20,6,2,1,5,2,0,1,0,0,0,0,0,13.35028517,52.57402703
12,12400618,2020,9,10,7,3,8,1,0,0,1,0,0,0,0,1,13.25134755,52.61804814
2,2100101,2020,12,2,2,3,3,6,2,1,0,0,0,0,0,0,13.38731043,52.49849077
2,2500727,2020,6,11,4,3,2,6,0,1,0,0,0,0,0,0,13.45817459,52.51545936
1,1100310,2020,2,18,6,3,5,5,0,0,1,0,0,0,0,0,13.40326956,52.51926778
1,1300836,2020,11,13,6,3,0,7,0,0,0,0,1,0,0,1,13.37014858,52.53998353
4,4300622,2020,9,18,7,3,5,2,0,0,1,0,1,0,0,0,13.32294487,52.51246954
2,2500726,2020,7,12,6,2,3,6,0,1,0,0,0,0,0,0,13.45242538,52.51908975
12,12500824,2020,2,13,6,3,2,6,0,0,1,0,0,0,0,0,13.28957478,52.58937421
9,9100101,2020,10,22,2,3,3,6,2,0,1,0,1,0,0,0,13.45800355,52.49148962
5,5200528,2020,8,15,2,3,2,6,0,0,1,0,0,0,0,0,13.1756041,52.51432092
2,2500726,2020,7,21,1,3,5,2,0,1,1,0,0,0,0,0,13.44794967,52.52631697
2,2500728,2020,6,13,4,3,3,6,0,1,1,0,0,0,0,0,13.46744374,52.51436734
1,1400940,2020,11,13,1,3,5,3,0,0,1,0,0,0,0,1,13.36525906,52.55807764
12,12100204,2020,2,10,6,3,5,3,0,0,1,0,0,1,0,1,13.36350669,52.5651798
3,3200204,2020,9,17,3,3,2,7,0,1,0,0,1,0,0,0,13.39057506,52.61855745
3,3400826,2020,11,20,7,3,2,6,2,0,1,0,0,0,1,0,13.41300525,52.55893691
4,4200309,2020,6,15,5,3,4,6,0,0,1,0,0,0,1,0,13.25941266,52.50859037
7,7501135,2020,2,12,6,3,0,6,0,1,1,0,0,0,0,0,13.39574825,52.42380666
1,1100207,2020,8,18,2,3,2,6,0,0,1,0,0,0,0,0,13.394757,52.51070399
4,4300414,2020,7,14,4,3,3,6,0,1,0,0,1,0,0,0,13.29697658,52.51086212
2,2500835,2020,2,6,6,3,5,3,2,1,1,0,0,0,0,1,13.44772363,52.50247348
4,4300414,2020,10,9,3,3,3,6,0,0,1,0,0,0,0,0,13.29323686,52.51063562
4,4300621,2020,12,12,3,3,5,7,0,0,1,0,0,0,0,0,13.30752915,52.51174628
5,5400943,2020,8,16,4,3,5,2,0,1,1,0,0,0,0,0,13.12617614,52.47854284
2,2500729,2020,7,9,2,3,5,2,0,1,1,0,0,0,0,0,13.47326423,52.51378742
7,7400824,2020,5,7,5,3,0,5,0,0,0,0,1,0,1,0,13.38549136,52.46896893
7,7400720,2020,10,8,2,3,2,6,0,0,1,0,0,0,1,1,13.38552685,52.47067615
1,1100310,2020,2,23,5,3,5,2,2,0,1,0,0,0,0,1,13.40918341,52.51675108
3,3601452,2020,9,2,5,3,2,6,2,1,1,0,0,0,0,0,13.44400486,52.52960206
1,1401044,2020,11,16,4,2,6,7,0,0,0,1,0,0,1,0,13.3688243,52.54914451
2,2100101,2020,5,21,3,3,0,1,1,1,0,0,0,0,0,0,13.38775549,52.49838143
10,10400837,2020,8,14,3,3,5,2,0,1,1,0,0,0,0,0,13.59091864,52.50508923
1,1200624,2020,6,17,5,3,0,2,0,1,1,0,0,0,0,0,13.36315918,52.5356882
7,7501030,2020,6,15,6,3,2,6,0,0,1,0,0,0,0,0,13.38559653,52.44704371
12,12400723,2020,2,0,5,3,3,6,2,0,1,0,0,0,0,1,13.31596572,52.61236925
4,4200311,2020,9,15,3,2,2,6,0,0,1,0,0,0,1,0,13.27559073,52.50086943
6,6400735,2020,7,13,5,3,1,7,0,0,1,0,0,0,0,0,13.10538185,52.41379324
2,3601452,2020,2,21,5,3,2,6,2,0,1,0,0,0,0,0,13.4472111,52.52661995
4,4200206,2020,10,16,4,2,3,6,0,0,1,0,1,0,0,1,13.2277991,52.50683915
1,1100310,2020,12,16,4,3,5,3,2,0,1,0,0,0,0,1,13.40905951,52.51710283
6,6400737,2020,8,13,5,3,5,3,0,1,1,0,0,0,0,0,13.20228849,52.42306405
10,10400941,2020,7,17,2,3,2,6,0,0,1,0,0,0,0,0,13.61613615,52.5047725
7,7400824,2020,5,16,6,3,3,2,0,0,1,0,0,1,0,0,13.38549807,52.46955376
3,3100101,2020,10,20,2,2,8,1,2,0,1,0,0,1,0,1,13.47933584,52.62741682
1,1100104,2020,2,18,5,2,6,4,1,1,0,1,0,0,0,1,13.36425501,52.50142319
7,7100205,2020,9,0,7,3,1,5,2,0,1,0,0,0,1,0,13.3613823,52.49628263
8,8200622,2020,11,18,5,3,2,6,2,0,1,0,0,1,0,1,13.447289,52.46303633
7,7501030,2020,5,19,3,3,1,5,1,1,1,0,0,0,0,0,13.38488859,52.45103668
1,1300836,2020,8,18,4,3,2,6,0,0,1,0,0,0,0,1,13.36890551,52.54097067
3,3601347,2020,6,10,6,3,3,6,0,1,0,0,0,0,0,0,13.4135442,52.54089689
12,12400723,2020,2,18,5,3,5,3,2,1,1,0,0,0,0,1,13.31229371,52.62439779
2,2500835,2020,10,14,5,2,0,6,0,0,0,0,1,0,1,0,13.45589692,52.50019765
1,1100311,2020,12,14,3,3,6,4,0,1,0,1,0,0,0,0,13.42232046,52.52036244
4,4300414,2020,8,14,7,3,5,2,0,0,1,0,1,0,0,0,13.30140368,52.51134398
3,3200205,2020,6,19,2,3,5,2,0,1,1,0,0,0,0,0,13.40236519,52.59168399
1,1300836,2020,2,19,4,3,5,5,2,0,1,0,0,0,0,1,13.36928595,52.53928847
2,2500727,2020,10,4,4,2,5,2,2,0,1,0,0,0,0,1,13.46017461,52.51525052
10,10400940,2020,2,18,4,3,2,6,2,0,1,0,0,0,0,1,13.60982932,52.5047955
10,10300733,2020,9,19,1,2,2,6,1,0,1,0,1,0,0,0,13.55387092,52.5093259
9,9200613,2020,11,8,6,2,5,2,0,1,1,0,0,0,0,0,13.51309752,52.45416576
4,4300414,2020,9,11,5,3,6,4,0,0,1,1,0,0,0,0,13.29724952,52.51088051
1,1100310,2020,2,16,4,3,5,2,0,1,0,0,0,0,1,0,13.41235264,52.51942544
1,1400940,2020,5,18,3,3,5,3,0,0,1,0,0,0,0,0,13.36550176,52.55796995
12,12100205,2020,8,15,6,1,5,2,0,1,0,0,0,1,0,0,13.34765472,52.57449384
3,3100101,2020,7,6,2,3,8,1,0,0,0,0,0,1,0,0,13.44832687,52.63311366
7,7601442,2020,6,0,1,3,0,1,2,1,0,0,0,0,0,0,13.40546943,52.40727677
4,4300415,2020,2,16,4,3,2,6,0,0,1,0,0,0,0,0,13.28501971,52.50925364
1,1100102,2020,9,9,6,3,5,2,0,0,1,0,0,0,0,1,13.37198973,52.50511131
1,1100102,2020,12,10,1,3,5,2,0,1,1,0,0,0,0,0,13.36832972,52.50627802
7,7300619,2020,6,13,4,3,2,6,0,0,1,0,1,0,0,0,13.35827839,52.47399227
4,4300621,2020,2,7,4,3,2,6,0,0,1,0,0,0,0,1,13.30787154,52.51157466
3,3200204,2020,11,7,5,3,0,2,0,1,1,0,0,0,0,0,13.39055023,52.61860501
6,6400735,2020,9,14,7,3,5,7,0,0,1,0,0,0,0,0,13.17209557,52.42080292
7,7300619,2020,7,17,4,3,2,6,0,0,1,0,1,0,0,0,13.3543864,52.47883999
6,6300527,2020,2,12,4,3,2,6,0,0,1,0,0,0,1,1,13.27118073,52.43817344
3,3701657,2020,10,0,7,3,5,3,2,1,1,0,0,0,0,1,13.42430956,52.53927339
4,4200310,2020,8,10,2,3,2,6,0,0,1,0,0,0,0,0,13.25966486,52.50860316
8,8200622,2020,7,20,6,3,2,6,1,0,1,0,0,0,0,0,13.44816963,52.46332805
4,4501151,2020,5,22,7,3,2,6,2,0,1,0,0,0,0,0,13.32336922,52.47795429
12,12500927,2020,6,11,3,3,3,6,0,0,1,0,0,0,0,0,13.33243377,52.59810479
4,4300622,2020,10,13,7,3,0,6,0,0,1,0,1,0,0,1,13.32353073,52.5127927
3,3200205,2020,2,9,4,3,6,7,0,0,1,1,0,0,0,1,13.4030984,52.59473358
3,3601142,2020,9,11,3,3,6,7,0,0,1,1,0,0,0,0,13.41345914,52.54905215
4,4501151,2020,11,17,6,3,2,6,2,0,1,0,0,0,0,1,13.32436911,52.47794863
1,1100207,2020,6,4,5,3,2,6,0,0,1,0,1,0,0,0,13.40140814,52.51140568
2,3601452,2020,8,12,2,3,2,6,0,0,1,0,0,1,0,0,13.44726724,52.52656673
7,7100205,2020,6,17,3,3,2,6,0,1,0,0,0,0,0,0,13.36233507,52.498533
3,3400829,2020,2,19,3,2,6,7,2,1,0,1,0,0,0,0,13.42754115,52.56209533
6,6300629,2020,10,17,2,3,5,2,0,1,1,0,0,0,0,0,13.30417084,52.44960285
12,12100103,2020,12,7,2,3,5,3,0,1,1,0,0,0,0,1,13.36037881,52.57150743
3,3400826,2020,8,8,4,2,5,2,0,1,1,0,0,0,0,0,13.41375441,52.55767052
2,2500835,2020,7,22,1,3,0,1,2,0,0,0,1,0,0,1,13.44977149,52.50192528
3,3601347,2020,5,19,3,3,2,6,0,0,1,0,0,0,0,0,13.41329614,52.54093216
5,5200528,2020,10,20,1,2,9,1,2,0,0,0,1,0,0,0,13.16889364,52.50910006
7,7200308,2020,2,14,3,3,2,6,0,0,1,0,0,0,0,1,13.35222318,52.48021701
6,6100101,2020,9,15,5,3,3,6,0,0,0,0,1,0,0,0,13.31474781,52.45322171
4,4200310,2020,11,13,3,3,2,6,0,0,1,0,0,0,0,0,13.26146539,52.50869877
2,2400521,2020,5,17,3,3,5,3,0,1,1,0,0,0,0,0,13.43647061,52.51750008
4,4300621,2020,8,18,3,3,3,6,0,0,1,0,1,0,0,0,13.30558849,52.51161784
7,7300619,2020,6,11,5,2,2,3,0,0,1,0,0,0,1,1,13.35671996,52.4736858
12,12100204,2020,5,11,2,3,5,3,0,1,1,0,0,0,0,0,13.36419169,52.56372488
7,7300619,2020,2,8,3,3,5,2,0,0,1,0,0,0,0,1,13.35416196,52.4789971
6,6400736,2020,9,15,4,3,0,7,0,0,1,0,0,0,0,0,13.19691824,52.41738245
3,3601449,2020,12,12,6,3,1,7,0,0,1,0,0,0,0,0,13.43966177,52.54165774
12,12200310,2020,8,12,4,2,3,6,0,0,1,0,0,1,0,0,13.30534305,52.57243121
12,12100103,2020,6,10,7,3,0,1,0,0,0,0,1,0,0,0,13.36170382,52.56897442
7,7601341,2020,10,12,1,3,6,4,0,0,1,1,0,0,0,1,13.35778264,52.40719177
7,7200308,2020,2,8,3,2,2,2,0,0,1,0,0,1,0,1,13.33901828,52.47849699
4,4100101,2020,11,18,4,3,2,6,2,0,1,0,0,0,0,0,13.29902526,52.54596837
9,9100101,2020,9,18,3,3,2,6,0,1,1,0,0,0,0,0,13.46170655,52.49467478
4,4200308,2020,8,16,2,3,2,6,0,0,1,0,0,0,1,0,13.28287737,52.51899836
5,5200528,2020,2,22,3,2,6,2,2,0,1,1,0,0,0,0,13.1788817,52.51651261
7,7501133,2020,10,17,6,2,2,6,0,0,1,0,0,0,0,0,13.39073278,52.43325441
3,3601449,2020,8,19,4,3,5,2,0,1,1,0,0,0,0,0,13.43859306,52.54115526
12,12400723,2020,7,17,5,2,5,2,0,0,1,0,1,0,0,0,13.31289805,52.62236182
7,7501133,2020,6,15,6,3,1,5,0,0,0,0,0,0,1,0,13.39131239,52.43158667
3,3701657,2020,2,19,3,3,0,2,1,1,0,0,0,0,0,0,13.4243583,52.5392618
1,1100310,2020,9,16,5,3,3,2,0,0,1,0,0,0,1,0,13.41644153,52.52221815
10,10400837,2020,12,15,4,3,5,2,0,1,0,0,0,1,0,0,13.58133122,52.50508545
6,6100101,2020,6,10,2,3,5,2,0,1,1,0,0,0,0,0,13.3146247,52.4531829
3,3601449,2020,5,18,1,3,2,6,0,0,1,0,0,0,0,0,13.44220737,52.54385651
7,7100205,2020,2,17,3,3,2,6,1,0,1,0,0,0,0,0,13.3625624,52.49908476
4,4400830,2020,10,6,5,3,3,6,0,0,1,0,0,1,0,0,13.30631729,52.48350119
1,1400940,2020,12,21,1,3,5,3,2,1,1,0,0,0,0,0,13.36549182,52.55801873
6,6400735,2020,8,16,5,2,0,1,0,1,0,0,0,0,0,0,13.09748979,52.41335541
1,1300836,2020,6,16,2,3,2,2,0,0,1,0,0,0,0,0,13.36833544,52.54111107
1,1100205,2020,2,12,3,3,5,7,0,0,1,0,0,0,0,1,13.38181415,52.50985596
4,4200206,2020,10,11,2,3,6,7,0,0,1,1,0,0,0,1,13.22280198,52.50782526