BEZ,LOR_ab_2021,UJAHR,UMONAT,USTUNDE,UWOCHENTAG,UKATEGORIE,UART,UTYP1,ULICHTVERH,IstRad,IstPKW,IstFuss,IstKrad,IstGkfz,IstSonstige,USTRZUSTAND,XGCSWGS84,YGCSWGS84
10,10400837,2020,2,13,2,3,2,6,0,0,1,0,0,0,1,0,13.58339032,52.50516793
4,4300622,2020,11,17,6,2,6,4,2,1,0,1,0,0,0,0,13.31877689,52.51248301
4,4200311,2020,9,16,5,3,5,2,0,0,1,0,1,0,0,0,13.28038493,52.51000008
3,3200206,2020,2,6,2,3,2,6,2,0,1,0,0,0,1,0,13.39844548,52.57637213
11,11300722,2020,8,15,5,3,5,2,0,1,1,0,0,0,0,0,13.48445849,52.51279834
2,2200209,2020,7,5,6,3,0,6,1,0,1,0,1,0,0,0,13.38622819,52.4896712
7,7400927,2020,6,16,6,3,2,6,0,0,1,0,0,0,0,0,13.39476811,52.46725051
1,1100206,2020,2,19,2,2,6,7,2,0,0,1,0,0,1,0,13.39397713,52.51739006
7,7400824,2020,9,18,5,2,5,3,0,1,0,0,0,0,1,0,13.38574087,52.46946449
4,4300413,2020,12,11,6,3,2,6,0,0,1,0,0,0,0,0,13.28673372,52.51378443
2,2500726,2020,6,19,3,3,5,2,0,0,1,0,0,0,1,0,13.44796955,52.52628761
7,7300619,2020,2,15,2,2,3,6,0,0,1,0,0,1,0,0,13.3452055,52.47221018
12,12200310,2020,9,10,6,3,0,1,0,0,0,0,1,0,0,1,13.30851871,52.5657968
4,4300414,2020,7,21,3,3,1,5,2,0,0,0,1,0,1,0,13.29827403,52.51113767
4,4300621,2020,2,15,2,3,1,5,0,0,1,0,0,0,0,0,13.31333165,52.51212326
7,7400927,2020,10,16,6,3,2,6,0,0,1,0,0,0,0,0,13.38700817,52.46960634
12,12500930,2020,12,20,5,2,4,6,2,0,1,0,0,0,0,1,13.34048672,52.58733161
1,1100102,2020,8,13,1,2,0,1,0,1,0,0,0,0,0,0,13.36294315,52.51538225
7,7501133,2020,7,9,6,3,2,6,0,0,1,0,0,0,1,1,13.3758829,52.42971771
3,3601451,2020,6,19,3,3,5,3,0,1,1,0,0,0,0,0,13.43331883,52.53622067
6,6300527,2020,10,13,5,2,5,2,0,1,1,0,0,0,0,0,13.26359064,52.43509978
7,7400720,2020,2,16,1,3,1,5,0,1,0,0,1,0,0,0,13.38580801,52.48225114
10,10400941,2020,9,10,2,3,5,2,0,0,1,0,0,0,0,0,13.62063621,52.50420381
9,9200613,2020,11,13,5,3,2,7,0,0,1,0,0,0,1,0,13.50979773,52.45638959
6,6300527,2020,6,13,4,3,0,6,0,0,1,0,0,0,1,0,13.2749847,52.43955337
7,7501030,2020,8,11,1,3,1,5,0,1,1,0,0,0,0,0,13.38474242,52.45180858
7,7400720,2020,6,14,3,3,6,2,0,1,1,1,0,0,0,0,13.38578293,52.48095696
1,1100102,2020,2,14,1,3,5,3,0,0,1,0,0,0,0,0,13.36858951,52.50620287
4,4400726,2020,10,18,2,3,2,6,1,0,1,0,0,0,0,1,13.28543739,52.4947714
4,4400726,2020,12,1,7,2,9,1,2,0,1,0,0,0,0,1,13.28823304,52.49421414
1,1100310,2020,8,13,3,3,2,2,0,0,1,0,0,0,0,0,13.41952494,52.52511472
3,3200205,2020,7,17,5,3,5,3,0,1,0,0,1,0,0,0,13.40283238,52.59332346
4,4100101,2020,5,7,2,3,2,6,0,0,1,0,0,0,0,1,13.29252828,52.53505852
1,1400940,2020,10,19,6,2,5,3,2,0,1,0,0,0,0,1,13.36525867,52.55807966
4,4400726,2020,2,7,1,3,9,1,0,0,1,0,0,0,0,0,13.28315124,52.49699342
10,10400837,2020,9,10,4,3,2,6,0,0,1,0,0,0,1,0,13.59137615,52.50508397
4,4300414,2020,11,15,2,3,6,4,0,0,1,1,0,0,0,0,13.29748395,52.51089599
3,3601451,2020,5,10,3,3,6,4,0,0,0,1,0,0,1,0,13.43707767,52.53984287
4,4200308,2020,8,12,2,3,2,6,0,0,1,0,1,0,0,0,13.28197137,52.5209747
1,1100104,2020,6,19,4,3,0,2,0,1,1,0,0,0,0,0,13.36498173,52.50226332
1,1300836,2020,5,18,1,3,5,3,0,1,1,0,0,0,0,0,13.36965936,52.54158809
4,4300414,2020,9,9,4,3,5,7,0,0,1,0,0,1,0,0,13.29735383,52.51088753
3,3200206,2020,12,12,5,3,2,6,0,0,1,0,0,0,0,0,13.39863448,52.57996795
11,11401032,2020,8,18,4,2,5,3,0,1,1,0,0,0,0,0,13.51872326,52.51036316
2,2400522,2020,6,12,6,3,5,3,0,1,1,0,0,0,0,0,13.44997251,52.5161388
1,1100310,2020,10,13,7,3,5,2,0,1,1,0,0,0,0,0,13.41639942,52.52228992
2,2500727,2020,2,20,6,3,5,2,2,0,1,0,0,0,0,0,13.46011622,52.51511236
4,4300622,2020,11,11,4,2,5,2,0,1,1,0,0,0,0,0,13.31990201,52.51255704
10,10400940,2020,9,18,2,2,0,1,0,1,0,0,0,0,0,0,13.61271226,52.50477062
7,7501030,2020,8,13,1,3,2,6,0,0,1,0,0,0,0,1,13.38628546,52.44341742
1,1100205,2020,2,19,6,2,5,7,2,0,1,0,0,0,0,0,13.38170057,52.50984862
7,7400822,2020,10,22,5,3,9,1,2,0,1,0,0,0,0,1,13.37051617,52.47089647
4,4200311,2020,8,11,4,2,5,3,0,0,1,0,0,0,0,0,13.28190451,52.50993335
4,4300414,2020,7,12,4,3,3,6,0,0,1,0,0,0,0,1,13.29055811,52.51047542
3,3601449,2020,6,20,5,3,5,2,0,0,1,0,0,0,0,1,13.44486137,52.54546717
8,8100521,2020,11,14,4,3,3,6,0,0,1,0,0,1,0,0,13.45350776,52.46382311
4,4100101,2020,2,16,6,3,2,6,0,0,1,0,0,0,0,0,13.29676622,52.54245349
7,7400822,2020,9,18,5,3,2,6,0,0,1,0,0,0,0,0,13.36644601,52.47233715
10,10100208,2020,11,10,2,3,3,6,0,0,1,0,0,1,0,0,13.5540425,52.55757088
1,1100102,2020,6,12,2,3,2,3,0,1,1,0,0,0,0,0,13.36840787,52.50641097
3,3601449,2020,2,16,6,2,6,7,1,0,1,1,0,0,0,1,13.43995929,52.54191486
3,3200206,2020,9,6,5,3,0,1,0,1,0,0,0,1,0,1,13.40314735,52.58360143
9,9100101,2020,7,10,6,3,6,2,0,0,1,1,0,0,0,0,13.45796957,52.49181377
4,4200308,2020,2,14,6,3,2,6,0,0,1,0,0,0,0,0,13.28193667,52.52081411
4,4300622,2020,10,8,5,3,5,2,0,1,1,0,0,0,0,0,13.31618129,52.51211948
3,3701657,2020,12,13,3,3,5,2,0,1,1,0,0,0,0,1,13.42432269,52.53902487
12,12100205,2020,8,19,6,3,0,6,0,0,0,0,1,0,1,0,13.34815156,52.57435276
7,7200308,2020,7,15,3,3,2,6,0,0,1,0,0,0,0,0,13.33947784,52.47860531
1,1100102,2020,5,15,1,3,6,4,0,1,0,1,0,0,0,0,13.34303739,52.51395356
8,8100521,2020,10,6,4,3,3,6,2,0,1,0,0,1,0,1,13.45446203,52.46324114
4,4200308,2020,2,14,6,3,2,6,0,0,1,0,0,1,0,0,13.28225223,52.52078278
2,2500727,2020,9,16,1,3,5,2,0,1,1,0,0,0,0,0,13.46027317,52.51524039
1,1100310,2020,11,18,2,3,2,6,2,0,1,0,1,0,0,0,13.41952707,52.5251167
7,7300619,2020,5,7,3,2,3,6,0,0,1,0,1,0,0,0,13.34740269,52.47628688
12,12100103,2020,8,11,5,3,1,7,0,1,1,0,0,0,0,0,13.35992957,52.57205816
3,3601347,2020,6,16,7,3,3,6,0,1,0,0,0,0,0,1,13.41722309,52.54018067
4,4100101,2020,2,9,6,2,2,6,0,0,1,0,0,0,0,0,13.29512297,52.53942345
9,9100306,2020,10,15,6,3,2,6,0,0,1,0,0,0,0,0,13.4576957,52.45909175
5,5400943,2020,12,12,5,3,5,3,0,1,1,0,0,0,0,0,13.1261759,52.4785428
2,2500729,2020,2,7,6,3,6,4,1,0,0,1,0,1,0,0,13.4728939,52.51382477
7,7400824,2020,9,21,5,3,0,1,2,1,0,0,0,0,0,0,13.38548922,52.46880637
7,7200410,2020,7,20,7,3,2,6,0,0,1,0,0,0,0,0,13.35399388,52.48488257
3,3601451,2020,2,8,5,3,0,1,0,1,0,0,0,0,0,0,13.43489589,52.53546384
7,7501029,2020,10,16,5,3,3,2,0,0,1,0,0,1,0,1,13.38160688,52.43916249
3,3601142,2020,12,13,4,3,0,2,0,1,1,0,0,0,0,1,13.41232236,52.54109545
3,3601348,2020,5,10,2,3,2,6,0,0,1,0,0,0,1,1,13.4184211,52.53999366
4,4400727,2020,8,22,7,3,3,6,2,0,1,0,1,0,0,0,13.29221212,52.49316809
6,6100102,2020,7,9,5,3,2,6,0,0,1,0,0,1,0,0,13.32148119,52.45506508
10,10100206,2020,6,17,2,3,8,7,0,0,1,0,0,0,0,0,13.55753381,52.5618343
6,6300527,2020,10,12,4,3,5,3,0,0,1,0,1,0,0,0,13.26937764,52.43761016
7,7501029,2020,2,22,5,3,3,6,2,0,1,0,0,0,0,1,13.38039414,52.43784621
11,11300722,2020,9,17,2,3,2,6,0,0,1,0,1,0,0,0,13.48401487,52.51271117
3,3701657,2020,11,17,3,3,3,6,2,1,0,0,0,0,0,1,13.42439072,52.53900163
12,12200414,2020,5,17,2,3,2,6,0,0,1,0,0,0,0,0,13.31049381,52.56355473
7,7501133,2020,8,20,7,3,5,2,2,0,1,0,0,0,1,0,13.37955371,52.43670039
12,12100103,2020,6,12,1,3,5,2,0,0,1,0,0,0,0,0,13.35902459,52.57339236
11,11401032,2020,2,19,5,3,2,6,2,0,1,0,0,0,0,1,13.5049352,52.51074229
1,1100104,2020,10,7,7,3,0,7,1,0,0,0,0,0,1,0,13.36632474,52.50380729
3,3200309,2020,12,12,6,3,2,6,0,0,1,0,0,0,0,0,13.44741844,52.60143269
1,1100102,2020,8,16,3,3,5,3,0,1,0,0,0,0,0,0,13.34458936,52.51406019
3,3601142,2020,7,15,5,3,6,4,0,0,1,1,0,0,0,0,13.41197156,52.54110932
9,9100409,2020,2,14,5,3,2,7,0,0,1,0,0,0,1,0,13.51638888,52.42800047
3,3200205,2020,10,14,6,3,5,3,0,1,1,0,0,0,0,0,13.40278466,52.59314822
6,6400737,2020,2,7,5,3,1,5,0,0,1,0,0,0,0,0,13.20912641,52.4260382
7,7400824,2020,9,15,4,3,0,1,0,1,1,0,0,0,0,0,13.3855101,52.46538389
3,3200205,2020,11,8,2,3,5,2,0,1,1,0,0,0,0,1,13.40309391,52.5948532
11,11401032,2020,9,16,1,3,1,5,0,1,1,0,0,0,0,0,13.50879675,52.51038263
2,2100101,2020,5,14,2,3,2,6,0,0,1,0,0,0,0,1,13.37707022,52.50176714
3,3400620,2020,8,19,1,2,2,6,0,0,1,0,0,0,0,0,13.39890275,52.57317443
4,4200207,2020,6,8,3,3,2,6,0,0,1,0,0,0,1,0,13.261579,52.48984819
11,11300724,2020,2,15,5,3,0,7,0,1,0,0,0,0,0,1,13.48756356,52.51248573
3,3200204,2020,9,14,2,2,5,2,0,0,1,0,0,0,0,0,13.39044086,52.61859411
4,7300619,2020,12,14,4,3,2,6,0,0,1,0,0,0,0,1,13.34634389,52.47720106
3,3601451,2020,8,9,3,3,3,6,0,1,1,0,0,0,0,0,13.43574984,52.53505218
1,1100311,2020,6,12,5,3,5,3,0,1,1,0,0,0,0,0,13.42280846,52.5202115
7,7200410,2020,2,18,4,3,3,6,1,1,1,0,0,0,0,0,13.35246206,52.48440131
11,11300725,2020,11,18,2,3,1,5,2,1,1,0,0,0,0,0,13.49452447,52.51178859
3,3200206,2020,9,5,2,3,5,3,1,0,1,0,1,0,0,0,13.39869935,52.57571287
10,10300733,2020,8,14,7,3,5,3,0,1,1,0,0,0,0,0,13.56122514,52.50875978
6,6300527,2020,2,10,4,3,2,6,0,0,1,0,0,1,0,0,13.27223243,52.43850481
7,7300517,2020,10,5,5,3,0,1,2,0,0,0,0,0,1,1,13.3426561,52.47855126
7,7400822,2020,8,19,3,2,2,6,0,0,1,0,1,0,0,0,13.36523,52.47290986
2,2400625,2020,7,22,3,3,5,3,2,0,1,0,0,0,1,0,13.44876019,52.50529032
3,3601142,2020,6,16,5,3,3,6,0,1,1,0,0,0,0,1,13.4130756,52.54585249
7,7501133,2020,11,12,3,3,5,3,0,0,1,0,0,0,0,0,13.38755712,52.43898893
7,7501133,2020,2,13,4,3,3,6,0,1,1,0,0,0,0,0,13.38670061,52.43884424
4,4300414,2020,9,18,4,3,2,6,1,0,1,0,0,0,0,0,13.3011661,52.51132837
4,4300621,2020,11,19,2,3,2,6,2,0,1,0,0,0,1,0,13.31441454,52.51200239
7,7400720,2020,6,11,7,3,5,2,0,1,1,0,0,0,0,0,13.38605339,52.48318785
1,1300836,2020,2,20,4,3,2,6,2,0,1,0,0,0,0,0,13.37004464,52.53971161
12,12400619,2020,9,9,4,3,2,6,0,0,1,0,0,0,0,0,13.27801696,52.60202508
11,11300724,2020,7,7,5,3,0,2,0,1,1,0,0,0,0,0,13.48829022,52.51241123
10,10400940,2020,2,12,3,3,5,2,0,0,1,0,1,0,0,0,13.61343583,52.50476436
1,1100310,2020,10,19,4,3,5,3,2,1,1,0,0,0,0,1,13.41983904,52.52486441
7,7200308,2020,12,3,6,3,8,1,2,0,1,0,0,0,0,1,13.34278656,52.47864327
9,9100101,2020,8,17,5,2,5,2,0,1,1,0,0,0,0,0,13.45798247,52.49182236
4,4200206,2020,7,17,3,3,2,6,0,0,1,0,0,0,0,0,13.2428317,52.50756294
12,12100103,2020,5,11,6,3,5,2,0,1,0,0,0,1,0,0,13.35903268,52.57339024
7,7300619,2020,10,8,3,3,5,2,0,1,1,0,0,0,0,0,13.35323275,52.47970452
10,10300734,2020,2,7,2,3,2,6,1,0,1,0,0,0,0,1,13.5707863,52.50592124
2,2400625,2020,9,18,1,2,6,4,0,1,0,1,0,0,0,0,13.44857956,52.50499623
5,5400943,2020,11,13,1,3,5,3,0,1,1,0,0,0,0,0,13.12629546,52.47857601
9,9200613,2020,5,15,2,3,2,6,0,0,1,0,0,1,0,0,13.50926568,52.45696739
12,12400723,2020,8,15,5,3,2,6,0,0,1,0,0,0,0,0,13.31194665,52.62555429
1,1200624,2020,6,14,6,3,2,6,0,0,1,0,0,0,0,0,13.368834,52.52870104
3,3100101,2020,2,5,2,3,3,6,2,0,1,0,0,1,0,1,13.44399519,52.6150543
11,11300722,2020,10,13,6,3,5,3,0,1,1,0,0,0,0,0,13.48227743,52.51288481
7,7300619,2020,12,16,3,3,2,6,2,0,0,0,1,0,1,0,13.35915914,52.4742735
12,12400618,2020,8,18,1,3,2,6,0,0,0,0,1,0,0,0,13.2481459,52.61342643
6,6300629,2020,6,6,2,3,0,6,0,1,1,0,0,0,0,0,13.30430178,52.44946795
2,2500727,2020,2,23,1,3,5,3,2,0,1,0,0,0,0,1,13.45420571,52.51563161
12,12100205,2020,10,9,4,3,5,3,0,0,1,0,0,0,0,1,13.34694668,52.57894283
3,3701657,2020,2,1,1,2,0,1,2,1,0,0,0,0,0,0,13.42455414,52.53953153
6,6400737,2020,9,11,2,3,0,6,0,0,1,0,0,0,0,0,13.19143185,52.42628202
4,4300414,2020,11,16,7,3,6,2,1,0,1,1,0,0,0,0,13.28934954,52.51039883
7,7400823,2020,9,11,6,3,2,6,0,0,1,0,0,0,1,0,13.37106762,52.47079205
7,7200411,2020,2,18,1,3,0,5,2,1,1,0,0,0,0,1,13.35932457,52.48924008
7,7100205,2020,5,11,2,3,1,5,0,1,1,0,0,0,0,1,13.36143759,52.49641317
12,12100103,2020,8,18,6,3,0,1,1,1,0,0,0,0,0,0,13.36066207,52.57060846
1,1100310,2020,7,13,3,3,5,3,0,1,0,0,0,0,1,0,13.41983427,52.52486033
3,3601142,2020,6,18,2,2,1,1,0,1,1,0,0,0,0,0,13.41217277,52.54366036
9,9200613,2020,2,13,7,3,0,7,0,1,0,0,0,0,0,0,13.50878282,52.45730714
1,1100310,2020,9,20,6,3,1,5,2,1,1,0,0,0,0,0,13.41729891,52.52308934
12,12100103,2020,12,15,2,3,3,6,0,0,1,0,0,0,0,1,13.35925051,52.57313223
7,7200411,2020,6,15,4,3,6,7,0,0,1,1,0,0,0,0,13.35789346,52.48796158
2,2500727,2020,2,20,7,3,2,6,2,0,1,0,0,0,0,0,13.45267735,52.51821241
3,3400830,2020,11,11,6,3,5,2,0,1,0,0,0,0,1,0,13.42879465,52.57157148
2,2500726,2020,9,10,7,3,2,6,0,0,1,0,0,0,0,1,13.44757965,52.52620013
2,2500833,2020,7,18,5,3,3,6,0,1,1,0,0,0,0,0,13.45302435,52.51293679
7,7400928,2020,8,9,2,3,2,6,0,0,1,0,0,0,0,0,13.41239863,52.46102878
1,1400940,2020,7,7,4,2,5,3,0,1,1,0,0,0,0,0,13.36525638,52.55809156
4,4300414,2020,2,19,7,3,2,6,2,0,1,0,0,0,0,0,13.28587058,52.51059234
7,7300619,2020,10,16,5,3,5,2,0,0,1,0,1,0,0,0,13.35389289,52.47899009
7,7501135,2020,2,18,7,3,0,5,2,0,1,0,0,0,1,0,13.39867129,52.41860914
7,7501133,2020,9,16,3,3,6,2,0,0,1,1,0,0,0,0,13.39118822,52.43180095
10,10300733,2020,11,15,1,2,9,1,0,0,1,0,0,0,0,0,13.55059309,52.5094393
7,7200308,2020,9,17,6,3,6,4,0,0,1,1,0,0,0,0,13.34924531,52.48149809
2,2100101,2020,5,14,1,3,2,6,0,0,1,0,0,0,0,0,13.38914318,52.49800092
10,10400837,2020,8,18,7,2,6,3,0,0,1,1,0,0,0,0,13.58874484,52.50499313
1,1100310,2020,6,16,3,3,2,2,0,0,1,0,1,0,0,0,13.40891472,52.51697369
4,4200311,2020,2,15,7,3,2,6,0,0,1,0,0,0,0,0,13.27299315,52.49905066
4,4200206,2020,9,16,1,3,5,2,0,1,1,0,0,0,0,0,13.25830901,52.50852274
4,4200310,2020,12,7,2,3,3,6,0,1,1,0,0,0,0,0,13.26344604,52.50882222
12,12100205,2020,6,10,4,3,2,7,0,0,1,0,1,0,0,0,13.34579782,52.58043092
12,12500926,2020,2,14,7,3,6,4,0,0,1,1,0,0,0,0,13.33446914,52.5932316
3,3200309,2020,11,9,2,2,2,6,0,0,1,0,0,0,1,0,13.44921473,52.60670939
10,10100311,2020,9,21,1,3,0,1,1,1,0,0,0,0,0,0,13.54427708,52.51087742
1,1100207,2020,7,18,6,3,2,6,0,0,1,0,1,0,0,0,13.40142133,52.51140887
1,1100310,2020,2,19,6,3,5,3,2,1,0,0,0,0,1,0,13.40796419,52.51573643
1,1300836,2020,10,7,4,3,6,2,0,0,1,1,0,0,0,1,13.36991946,52.54182973
2,2400625,2020,8,10,3,2,0,1,0,1,0,0,0,0,0,1,13.4485841,52.50500361
6,6400735,2020,7,11,1,3,8,1,0,1,0,0,0,0,0,0,13.17019237,52.42084693
4,4200311,2020,6,17,4,3,2,6,0,0,1,0,0,0,0,0,13.28164418,52.5100818
3,3601451,2020,11,11,2,3,2,2,0,0,1,0,0,0,0,0,13.43304013,52.53605411
4,4100101,2020,2,21,6,3,2,6,2,0,1,0,0,0,0,0,13.29533442,52.54016785
1,1100102,2020,9,11,4,3,2,6,0,0,1,0,0,0,0,0,13.37416596,52.50922127
2,2400522,2020,11,1,7,2,0,1,2,1,0,0,0,0,0,0,13.45151696,52.51598277
3,3601245,2020,6,6,6,3,0,5,0,1,1,0,0,0,0,0,13.4293563,52.54964748
2,2400625,2020,2,15,6,3,0,2,0,1,1,0,0,0,0,0,13.44813226,52.5043444
2,2500728,2020,9,7,3,3,5,3,0,1,1,0,0,0,0,0,13.46746353,52.51436538
3,3500936,2020,7,9,5,3,2,6,0,0,1,0,0,0,0,0,13.46024313,52.55039741
4,4200311,2020,2,20,5,2,6,4,2,0,0,1,0,0,1,0,13.28180793,52.50992685
1,1100310,2020,10,15,4,2,2,2,0,0,1,0,0,1,0,1,13.41952827,52.52511783
4,4200311,2020,12,19,4,3,3,6,2,0,1,0,0,0,0,1,13.27505042,52.5004409
7,7200410,2020,8,18,4,3,0,5,0,1,1,0,0,0,0,0,13.35505574,52.48562113
9,9200613,2020,7,11,2,3,5,3,0,1,0,0,0,0,1,0,13.49755082,52.4647395
3,3500933,2020,5,16,5,3,0,6,0,0,1,0,1,0,0,0,13.46773464,52.55463327
10,10100206,2020,10,9,2,3,5,3,0,0,1,0,0,0,0,1,13.55828112,52.562885
7,7400825,2020,2,19,5,3,6,4,2,0,0,1,1,0,0,0,13.38442991,52.4534924
9,9100305,2020,9,13,6,3,5,3,0,1,1,0,0,0,0,0,13.493188,52.46775987
1,1100102,2020,11,18,4,3,6,4,2,1,0,1,0,0,0,0,13.35272196,52.51472948
10,10300733,2020,5,15,7,3,0,1,0,0,0,0,1,0,0,1,13.55331664,52.509347
9,9100101,2020,8,16,4,3,2,6,0,0,1,0,0,0,0,1,13.45785199,52.49195694
11,11300724,2020,6,7,6,3,3,6,0,0,1,0,0,1,0,0,13.48758066,52.51248397
4,4200207,2020,2,18,5,3,2,6,2,0,1,0,0,0,0,0,13.26164615,52.48990138
11,11300722,2020,10,8,5,3,5,3,0,1,1,0,0,0,0,0,13.48227743,52.51288481
1,1300836,2020,12,14,3,3,3,6,0,0,1,0,0,0,0,0,13.36788782,52.53848155
7,7300619,2020,8,9,6,3,9,1,0,0,0,0,1,0,0,0,13.35468149,52.47690575
6,6400737,2020,6,16,2,2,1,1,0,0,1,0,0,0,0,0,13.18241851,52.41880914
2,2500726,2020,2,11,5,3,1,5,0,1,1,0,0,0,0,0,13.45203937,52.51966034
2,2500834,2020,10,18,2,3,6,7,1,1,0,1,0,0,0,0,13.45095321,52.50934877
2,2100101,2020,2,14,4,3,5,3,0,0,1,0,0,1,0,0,13.3769363,52.50191683
7,7501133,2020,11,4,6,3,0,6,2,0,1,0,1,0,0,0,13.39040167,52.43383378
3,3200206,2020,9,2,5,3,6,2,2,0,1,1,0,0,0,1,13.39852053,52.57991599
4,4300622,2020,2,15,4,3,2,6,0,1,0,0,0,0,0,0,13.32694291,52.51301699
3,3200205,2020,5,15,6,3,5,3,0,1,1,0,0,0,0,0,13.40294667,52.59817338
2,2100101,2020,8,18,5,3,1,5,0,1,1,0,0,0,0,0,13.38786655,52.49835415
1,1300836,2020,7,18,1,3,2,6,0,0,1,0,1,0,0,0,13.36833544,52.54111107
1,1300836,2020,6,17,1,3,5,3,0,0,1,0,0,1,0,0,13.36615343,52.5374926
3,3501037,2020,2,4,4,3,4,7,2,0,1,0,0,0,0,1,13.46891256,52.56276292
3,3601348,2020,9,11,5,3,6,2,0,0,1,1,0,0,0,0,13.42152674,52.53950613
12,12200414,2020,12,6,7,3,0,1,2,0,0,0,0,0,1,0,13.31003616,52.56458158
7,7100206,2020,6,20,3,3,1,5,0,1,1,0,0,0,0,0,13.36084245,52.49183387
8,8200624,2020,2,19,4,3,3,6,2,0,1,0,0,1,0,0,13.42668443,52.46137219
2,2500727,2020,9,15,6,3,0,6,0,1,0,0,0,0,0,0,13.45667011,52.51546062
2,2500727,2020,7,14,3,3,5,2,0,0,1,0,0,0,0,0,13.46014731,52.51525337
11,11300724,2020,2,20,4,2,5,2,2,1,1,0,0,0,0,0,13.48824719,52.5124155
1,1300836,2020,10,13,6,3,5,3,0,1,0,0,0,0,1,0,13.36967484,52.5415956
7,7501133,2020,8,8,2,3,2,6,0,0,1,0,0,0,0,0,13.38767599,52.43944381
4,4100101,2020,7,14,6,3,2,6,0,0,1,0,0,0,0,1,13.29245869,52.53495834
4,4200310,2020,6,10,3,3,4,6,0,1,0,0,0,0,0,0,13.27142735,52.50917041
12,12500928,2020,10,9,6,3,5,3,0,0,1,0,0,0,0,1,13.31883393,52.610846
2,2400522,2020,2,17,4,3,2,6,1,0,1,0,0,1,0,0,13.44478303,52.51666293
3,3200206,2020,9,18,3,3,0,1,0,1,1,0,0,0,0,0,13.39843115,52.57985536
1,1401044,2020,11,19,5,3,2,6,2,1,0,0,0,0,1,1,13.36772568,52.55077303
6,6300629,2020,6,16,4,3,1,1,0,1,1,0,0,0,0,0,13.29429524,52.44606325
5,5200528,2020,8,17,1,3,5,2,1,1,1,0,0,0,0,1,13.17909154,52.51664897
11,11300722,2020,6,16,3,3,5,3,0,1,1,0,0,0,0,0,13.48423823,52.51282038
2,2200208,2020,2,10,4,3,2,2,0,1,0,0,0,1,0,0,13.38926875,52.49747068
9,9100202,2020,10,14,2,3,5,3,0,1,0,0,1,0,0,0,13.46853296,52.48434978
4,4200311,2020,12,14,7,3,2,6,0,0,1,0,0,0,1,0,13.28427643,52.50951783
12,12100204,2020,8,19,3,3,0,4,0,1,0,1,0,0,0,0,13.36381256,52.56460785
4,4400726,2020,7,13,6,3,2,6,0,0,1,0,0,0,0,0,13.28429004,52.49590485
7,7400720,2020,5,11,3,3,5,2,0,1,1,0,0,0,0,0,13.38605918,52.48480511
1,1200624,2020,2,6,4,3,0,7,2,1,0,0,0,0,0,1,13.36946465,52.52907314
7,7501133,2020,10,11,1,3,5,3,0,0,1,0,0,0,0,1,13.38759316,52.43899502
3,3200206,2020,8,7,2,3,0,1,0,1,0,0,0,0,0,0,13.40368418,52.58255218
8,8200622,2020,7,16,7,3,2,6,0,0,1,0,0,0,0,0,13.43790518,52.46250632
6,6400737,2020,6,18,3,3,2,6,0,0,1,0,1,0,0,0,13.19604624,52.42215891
2,2400521,2020,11,12,1,3,2,6,0,0,1,0,0,0,0,0,13.42943589,52.51847103
7,7501030,2020,2,6,4,3,0,1,1,0,0,0,1,0,0,1,13.38435378,52.45276928
4,4300621,2020,9,14,3,3,0,6,0,0,1,0,1,0,0,0,13.30621689,52.51165966
2,2100101,2020,11,21,6,3,5,3,2,0,1,0,0,0,0,0,13.388749,52.49813736
1,1100104,2020,6,15,5,3,2,6,0,0,1,0,0,0,0,0,13.3645086,52.50171635
7,7400824,2020,2,5,4,3,2,6,2,0,1,0,0,0,0,1,13.38224141,52.47007673
7,7100206,2020,8,15,2,3,2,6,0,0,1,0,0,0,0,0,13.36097866,52.49335356
6,6300629,2020,7,11,4,2,5,5,0,1,0,0,0,0,1,0,13.30400231,52.44955517
6,6400737,2020,6,22,3,3,3,6,1,0,1,0,0,0,0,0,13.19226276,52.4329318
7,7400721,2020,2,15,3,3,2,6,0,0,1,0,0,0,1,1,13.3858099,52.47246588
4,4400727,2020,10,14,3,3,2,6,0,0,1,0,0,0,0,0,13.30000828,52.48808647
6,6300527,2020,12,18,3,3,1,5,2,0,1,0,0,0,0,1,13.27685566,52.43994683
1,1100207,2020,8,6,4,3,2,6,0,0,1,0,0,0,1,0,13.40139794,52.51140321
3,3601142,2020,7,14,1,3,4,6,0,1,0,0,0,0,0,0,13.41251001,52.54502205
1,1100310,2020,5,13,5,3,2,6,0,0,1,0,1,0,0,0,13.41266773,52.51933802
9,9100101,2020,10,7,2,3,0,5,0,1,0,0,0,0,1,1,13.46081296,52.49418352
4,4200310,2020,2,18,3,2,6,4,2,0,1,1,0,0,0,1,13.27616893,52.50955655
10,10300733,2020,9,18,5,3,5,2,0,1,1,0,0,0,0,0,13.5533902,52.50934552
7,7400822,2020,11,16,3,3,0,1,1,0,0,0,1,0,0,1,13.36750114,52.472037
3,3400721,2020,4,13,5,2,6,7,0,1,0,1,0,0,0,0,13.40002472,52.56997128
10,10100208,2020,8,22,3,2,6,4,2,0,1,1,0,0,0,0,13.54946988,52.5519756