BEZ,LOR_ab_2021,UJAHR,UMONAT,USTUNDE,UWOCHENTAG,UKATEGORIE,UART,UTYP1,ULICHTVERH,IstRad,IstPKW,IstFuss,IstKrad,IstGkfz,IstSonstige,USTRZUSTAND,XGCSWGS84,YGCSWGS84
4,4300414,2020,6,17,5,3,2,3,0,0,1,0,0,0,0,1,13.29720346,52.5108774
3,3601449,2020,5,17,1,3,5,2,0,1,1,0,0,0,0,0,13.44507229,52.54556428
11,11100101,2020,2,7,2,3,2,6,1,0,1,0,0,0,0,1,13.48289495,52.57379026
8,8200624,2020,9,23,4,3,3,6,2,0,1,0,0,1,0,0,13.43264554,52.46211993
7,7200411,2020,12,13,7,3,1,5,0,1,1,0,0,0,0,0,13.35986149,52.48983082
4,4300621,2020,8,16,5,3,2,6,0,0,1,0,1,0,0,0,13.30424582,52.51152749
4,4400726,2020,6,15,1,3,2,6,0,0,1,0,0,0,0,1,13.28551337,52.49486857
7,7601544,2020,10,16,2,3,0,7,0,1,0,0,0,0,0,0,13.40663759,52.39130405
12,12100205,2020,2,11,2,3,2,7,0,0,1,0,0,0,0,1,13.3476382,52.5743209
1,1100102,2020,11,11,5,3,2,6,0,0,1,0,0,0,1,0,13.34707758,52.51422892
1,1100205,2020,9,9,4,3,3,6,0,0,1,0,1,0,0,0,13.38654639,52.51015433
1,1400940,2020,2,23,2,3,5,3,2,0,1,0,0,0,0,1,13.36550127,52.55797233
4,4100101,2020,10,10,7,3,3,6,0,0,1,0,0,1,0,1,13.28423437,52.53058111
12,12100103,2020,8,14,5,3,2,6,0,0,1,0,0,0,1,0,13.35994235,52.57203425
1,2400520,2020,7,14,5,3,2,6,0,0,1,0,0,0,0,0,13.42001319,52.52554777
7,7501029,2020,5,12,7,3,0,7,0,1,0,0,0,0,0,0,13.3817454,52.43925011
10,10100208,2020,6,13,6,3,5,3,0,1,1,0,0,0,0,1,13.54963639,52.55216867
7,7400927,2020,2,21,2,3,0,6,2,0,1,0,0,0,0,1,13.40721454,52.46176665
7,7501133,2020,9,16,5,2,2,6,0,0,1,0,0,0,0,0,13.38761144,52.4389981
1,1100102,2020,12,8,5,3,2,6,0,0,1,0,0,0,0,0,13.36840787,52.50641097
7,7601341,2020,6,15,3,2,5,3,0,1,1,0,0,0,0,0,13.35776132,52.40716506
7,7300619,2020,2,18,2,2,0,6,2,0,1,0,1,0,0,1,13.34813448,52.47230172
3,3601141,2020,9,8,6,3,5,2,0,1,1,0,0,0,0,1,13.41410164,52.55072601
10,10300733,2020,7,19,2,3,0,1,0,0,0,0,1,0,0,1,13.56268656,52.50822393
2,2500727,2020,2,17,2,3,5,2,2,0,1,0,0,0,0,1,13.45377907,52.51574004
12,12100103,2020,10,19,6,3,5,3,2,0,1,0,1,0,0,1,13.35905267,52.573385
12,12100103,2020,12,13,4,3,5,3,0,0,1,0,0,0,0,0,13.35904242,52.57338769
1,1300836,2020,8,21,1,2,0,1,2,1,0,0,0,0,0,0,13.36921452,52.54152896
7,7200308,2020,7,18,5,3,5,2,0,1,1,0,0,0,0,1,13.34856514,52.48186368
4,4200206,2020,5,17,6,2,6,2,0,0,1,1,0,0,0,0,13.22820963,52.50677964
4,4200310,2020,6,14,2,2,0,7,0,1,0,0,0,0,0,0,13.267435,52.50906769
6,6400737,2020,10,21,4,3,3,6,2,0,0,0,1,0,1,0,13.20960309,52.42597656
12,12400723,2020,2,17,2,3,2,6,2,0,1,0,0,0,0,1,13.31127018,52.62778346
12,12500930,2020,9,16,2,3,5,7,0,0,1,0,1,0,0,0,13.34123226,52.58638094
4,4300621,2020,11,13,4,3,5,3,0,0,1,0,0,0,1,0,13.31463051,52.51201656
6,6400737,2020,6,10,4,3,2,6,0,0,1,0,0,0,0,0,13.2223862,52.42931254
9,9200613,2020,8,13,7,3,3,5,0,0,1,0,0,0,0,0,13.49810449,52.46450716
9,9200613,2020,6,10,3,3,5,2,0,1,1,0,0,0,0,0,13.50723581,52.45838978
4,4200308,2020,2,13,2,3,2,6,0,0,1,0,0,0,0,1,13.28266584,52.52853181
4,4200310,2020,10,15,1,3,1,5,0,1,1,0,0,0,0,0,13.26772955,52.50908573
1,1100310,2020,12,9,6,3,0,6,0,1,1,0,0,0,0,0,13.41244741,52.51946862
12,12100204,2020,8,10,3,3,6,7,0,1,0,1,0,0,0,0,13.36283135,52.56685707
7,7400824,2020,7,16,5,3,2,6,0,0,1,0,0,0,0,0,13.37849781,52.46995021
7,7200308,2020,10,19,6,3,2,2,2,1,1,0,0,0,0,1,13.3499811,52.48118862
4,4300622,2020,2,12,2,3,2,6,0,0,1,0,0,0,0,1,13.32346507,52.51278839
4,4200311,2020,9,7,4,3,2,6,0,0,1,0,0,0,0,0,13.28135248,52.50407613
4,4200308,2020,11,5,2,3,3,6,2,0,1,0,1,0,0,1,13.28254045,52.51934148
1,1200624,2020,4,17,5,3,2,6,0,0,1,0,0,0,1,0,13.36894707,52.52874139
4,4200311,2020,8,17,2,3,2,6,0,0,1,0,1,0,0,1,13.28220377,52.51011845
9,9100203,2020,6,7,4,3,5,3,0,1,1,0,0,0,0,0,13.47946399,52.48451132
4,4400725,2020,2,22,7,3,2,6,2,0,1,0,0,0,0,0,13.28140745,52.4989073
2,2500727,2020,9,16,3,3,5,3,0,1,1,0,0,0,0,0,13.45377752,52.51573288
4,4200206,2020,12,18,5,3,6,2,2,0,1,1,0,0,0,0,13.25834589,52.50852526
3,3601142,2020,8,17,3,3,3,6,0,1,0,0,0,0,0,0,13.41346386,52.54908931
2,2400522,2020,6,19,5,3,0,6,0,1,0,0,0,0,0,0,13.44817357,52.51632051
7,7200411,2020,10,12,7,3,2,2,0,0,1,0,0,0,0,0,13.35804513,52.48813502
10,10400940,2020,2,17,7,3,5,3,2,0,1,0,0,0,0,1,13.60626152,52.5048288
2,2200209,2020,11,6,3,3,7,7,2,1,0,0,0,0,0,0,13.38661282,52.49085504
6,6400736,2020,2,12,7,3,2,6,0,0,1,0,0,0,0,1,13.19716447,52.41850661
1,1100310,2020,9,15,2,3,5,2,0,1,1,0,0,0,0,0,13.41994272,52.52495323
3,3601141,2020,8,1,1,3,6,4,2,1,0,1,0,0,0,0,13.41393423,52.54977031
4,4100101,2020,10,16,5,3,3,6,0,0,1,0,0,1,0,1,13.28841519,52.53302423
6,6100103,2020,1,17,2,3,0,3,2,0,1,0,1,0,0,1,13.32161321,52.4651733
12,12601032,2020,1,15,3,3,2,6,0,0,1,0,0,0,0,1,13.32449086,52.60805063
11,11200410,2020,1,16,2,3,6,4,2,0,1,1,0,0,0,0,13.49934546,52.56107042
6,6400844,2020,1,13,4,3,6,4,0,0,1,1,0,0,0,1,13.30234785,52.45990886
8,8100310,2020,1,11,2,2,5,3,0,1,1,0,0,0,0,0,13.42804383,52.4934761
8,8100105,2020,1,9,2,3,0,5,0,1,1,0,0,0,0,0,13.42899738,52.4660849
12,12400722,2020,1,16,2,3,2,6,0,0,1,0,0,0,0,1,13.29447081,52.61045484
8,8100314,2020,1,17,2,3,6,7,2,1,0,1,0,0,0,0,13.43559394,52.4835722
8,8100417,2020,1,15,2,3,5,7,0,0,1,0,0,0,0,0,13.45462786,52.47445045
4,4400725,2020,1,9,4,2,0,7,0,0,1,0,0,0,0,1,13.28141733,52.49814748
1,1300733,2020,1,15,2,3,1,5,1,1,1,0,0,0,0,1,13.38900893,52.55012451
9,9100407,2020,1,12,4,3,0,2,0,0,0,0,0,1,1,1,13.50809686,52.45029592
3,3300411,2020,1,15,2,3,5,2,0,0,1,0,0,0,0,0,13.48596975,52.61589783
10,10300731,2020,1,14,2,3,5,3,0,1,1,0,0,0,0,1,13.56491218,52.52228229
4,4300416,2020,1,14,2,3,0,6,0,0,1,0,0,0,1,0,13.30183536,52.50674323
10,10100311,2020,1,14,2,3,6,4,0,0,1,1,0,0,0,0,13.51913818,52.52892362
10,10100315,2020,1,14,2,3,5,3,0,0,1,0,0,0,0,0,13.56536699,52.54458174
1,1100311,2020,1,20,3,3,5,2,2,1,1,0,0,0,0,1,13.41637506,52.51994877
1,1200519,2020,1,12,2,3,2,6,0,0,1,0,0,0,0,1,13.33198564,52.52712339
3,3701657,2020,1,12,2,3,0,7,0,1,0,0,0,0,0,1,13.42982909,52.53936201
6,6100206,2020,1,14,3,3,5,2,0,1,1,0,0,0,0,1,13.33792833,52.44954729
8,8200725,2020,1,10,2,3,5,3,0,0,1,0,0,0,0,0,13.43124676,52.44331442
6,6200313,2020,1,9,2,3,2,2,0,0,1,0,0,0,0,0,13.34570208,52.43624574
12,12400619,2020,1,9,2,2,5,2,0,1,1,0,0,0,0,1,13.24078429,52.61385391
4,4300414,2020,1,8,2,3,5,2,0,1,1,0,0,0,0,0,13.29154812,52.51047188
6,6400843,2020,1,8,2,3,6,2,1,0,1,1,0,0,0,0,13.29224547,52.44890762
2,2200210,2020,1,8,3,3,2,6,0,0,1,0,0,0,0,1,13.39535837,52.49774474
6,6300528,2020,1,7,2,3,1,5,0,0,1,0,0,0,0,1,13.26405618,52.42132849
2,2200209,2020,1,19,1,3,4,7,2,0,1,0,0,0,1,1,13.38337995,52.48499184
9,9200613,2020,1,14,3,3,6,4,0,0,1,1,0,0,0,0,13.51097339,52.45747683
1,1100309,2020,1,23,1,3,0,1,2,1,0,0,0,0,0,1,13.40173997,52.52360296
1,2100101,2020,1,16,4,2,0,3,2,1,1,0,0,0,0,1,13.37775078,52.50787253
7,7501134,2020,1,12,1,2,0,1,0,1,0,0,0,0,0,1,13.39206592,52.43983579
2,2200208,2020,1,5,1,2,6,2,1,0,1,1,0,0,0,0,13.38790208,52.49275283
1,1100206,2020,1,2,1,3,5,3,2,0,1,0,0,0,0,1,13.3889442,52.51562189
4,4300416,2020,1,20,4,2,5,7,2,0,1,0,1,0,0,1,13.30167493,52.50979799
1,1400939,2020,1,0,1,3,5,3,2,0,1,0,0,0,0,0,13.34315883,52.55653765
1,1100308,2020,1,23,1,3,5,3,2,0,1,0,0,0,0,1,13.38703224,52.52721788
1,1400942,2020,1,20,1,3,2,6,2,0,1,0,0,0,0,1,13.34662112,52.54783832
8,8100208,2020,1,18,1,3,5,3,1,1,1,0,0,0,0,0,13.4416571,52.47041694
4,4100101,2020,1,15,1,3,2,6,2,0,1,0,0,0,0,1,13.32293196,52.5432085
5,5100312,2020,1,13,3,3,6,7,0,0,1,1,0,0,0,0,13.19933651,52.5518799
4,4501042,2020,1,22,7,3,6,7,2,0,1,1,0,0,0,0,13.33722646,52.50506496
9,9200715,2020,1,6,4,3,5,2,2,0,1,0,0,0,1,1,13.53849359,52.43454484
5,5200632,2020,1,18,7,3,2,2,2,0,1,0,0,0,0,0,13.21607124,52.52699888
11,11300620,2020,1,18,7,3,2,6,2,0,1,0,0,0,0,1,13.47600965,52.53306446
6,6200311,2020,1,17,7,3,5,3,2,0,1,0,0,0,0,1,13.35308756,52.43329951
1,1401044,2020,1,17,7,3,5,3,2,1,1,0,0,0,0,1,13.37837871,52.55199183
4,4300622,2020,1,17,7,3,5,2,2,0,1,0,0,0,0,1,13.33040118,52.51102632
12,12200307,2020,1,16,7,3,6,2,2,0,1,1,0,0,0,1,13.3300916,52.56945112
1,1100415,2020,1,16,7,3,2,6,2,0,1,0,0,0,0,1,13.38601028,52.53160905
12,12601236,2020,1,11,4,3,5,2,0,0,1,0,0,0,0,1,13.34750754,52.59622818
3,3400831,2020,1,14,7,3,2,6,0,0,1,0,0,0,0,1,13.41690993,52.56834972
1,1100308,2020,1,13,7,3,5,2,0,1,1,0,0,0,0,1,13.37643259,52.52206867
3,3300516,2020,1,13,7,3,5,2,0,0,1,0,0,0,0,1,13.43668688,52.56970931
1,1200517,2020,1,13,7,2,5,2,0,1,1,0,0,0,0,1,13.31602915,52.52578496
7,7601341,2020,1,10,3,3,5,2,0,0,1,0,0,0,0,0,13.38138041,52.40522918
4,4501150,2020,1,11,7,3,0,4,0,1,0,1,0,0,0,1,13.32261791,52.48608982
7,7601341,2020,1,14,3,3,2,6,0,0,1,0,0,0,0,1,13.37168176,52.40927192
5,5300840,2020,1,7,7,3,0,2,1,0,1,0,1,0,0,1,13.26732852,52.53119369
1,1100310,2020,1,3,7,3,5,3,2,0,1,0,0,0,0,1,13.41590455,52.52707528
4,4500936,2020,1,0,7,2,5,2,2,0,1,0,0,0,1,1,13.30690143,52.49990578
10,10300734,2020,1,12,5,3,5,3,0,1,0,0,0,0,1,1,13.56136328,52.49307963
6,6100209,2020,1,13,6,3,2,6,0,0,1,0,0,0,0,1,13.33094695,52.45899075
8,8100521,2020,1,19,6,3,2,6,2,0,1,0,0,0,0,1,13.47481993,52.46344235
6,6200421,2020,1,12,6,3,0,1,0,1,0,0,0,0,0,1,13.32293653,52.43714727
1,1400938,2020,1,16,6,3,0,3,2,0,1,0,1,0,0,1,13.34940586,52.55201347
3,3400826,2020,1,14,3,3,1,5,0,1,1,0,0,0,0,1,13.41147561,52.56116805
8,8100314,2020,1,15,6,3,5,3,1,0,1,0,0,0,0,1,13.43604226,52.48221197
3,3400618,2020,1,15,6,3,1,5,1,0,1,0,1,0,0,1,13.37926536,52.60136373
3,3300516,2020,1,14,3,3,2,6,0,0,1,0,0,0,1,1,13.43392739,52.56043525
9,9501939,2020,1,15,6,3,5,2,0,0,1,0,0,0,1,1,13.57428085,52.45408851
4,4300622,2020,1,17,4,3,0,3,2,1,0,0,1,0,0,1,13.32106415,52.51812994
7,7100205,2020,1,14,6,3,5,3,0,0,1,0,0,0,0,1,13.36630284,52.49525963
5,5100314,2020,1,7,3,3,5,3,1,0,1,0,0,0,0,0,13.20146706,52.54778642
5,5100211,2020,1,13,6,2,2,6,0,0,1,0,0,0,0,1,13.17799172,52.54873843
4,4300619,2020,1,14,6,3,2,6,0,0,1,0,0,0,0,0,13.31108903,52.51607653
9,9100407,2020,1,20,6,2,6,2,2,0,0,1,0,0,1,1,13.50878829,52.45272356
4,4300623,2020,1,19,6,2,6,2,2,0,1,1,0,0,0,1,13.30771764,52.51012094
6,6100206,2020,1,12,3,2,6,4,0,0,1,1,0,0,0,1,13.34232293,52.44699603
12,12200310,2020,1,20,6,2,5,3,2,0,1,0,0,0,1,1,13.31502415,52.57658034
7,7300515,2020,1,19,3,2,5,3,2,0,1,0,1,0,0,1,13.3221004,52.47353769
4,4200310,2020,1,5,4,3,5,3,2,0,1,0,0,0,0,1,13.26998554,52.51377245
2,2100106,2020,1,18,6,3,5,3,2,1,1,0,0,0,0,1,13.41406992,52.49837489
4,4400726,2020,1,18,6,3,5,3,2,1,1,0,0,0,0,1,13.28421498,52.4852953
5,5200527,2020,1,19,3,2,5,3,2,0,1,0,1,0,0,0,13.16567014,52.5260878
4,4501043,2020,1,14,4,3,2,6,0,0,1,0,0,0,0,1,13.31395329,52.49041049
8,8100209,2020,1,16,6,3,6,2,1,0,1,1,0,0,0,1,13.44355672,52.46430454
6,6200313,2020,1,17,6,3,2,2,2,0,1,0,0,0,0,1,13.34564598,52.43621375
4,4200308,2020,1,17,6,3,6,2,2,0,1,1,0,0,0,1,13.26324921,52.52101512
2,2300316,2020,1,17,6,2,6,2,2,0,1,1,0,0,0,1,13.43756381,52.50029578
5,5100208,2020,1,17,6,3,6,4,2,0,1,1,0,0,0,1,13.1694157,52.5555836
11,11400927,2020,1,16,6,3,2,2,2,1,1,0,0,0,0,1,13.47130533,52.50517636
1,1100308,2020,1,18,3,3,0,1,2,1,0,0,0,0,0,1,13.38723329,52.52637751
1,1100312,2020,1,7,4,3,5,3,1,1,1,0,0,0,0,1,13.40888259,52.51201644
11,11200411,2020,1,23,6,3,5,2,2,0,1,0,0,0,0,1,13.50849248,52.55007556
8,8100208,2020,1,22,6,3,6,4,2,1,0,1,0,0,0,1,13.4355271,52.46962304
12,12200310,2020,1,22,6,2,6,4,2,0,1,1,0,0,0,1,13.30961972,52.56797309
8,8200623,2020,1,21,6,3,0,2,2,0,1,1,0,0,0,1,13.43855944,52.45275757
6,6300631,2020,1,20,6,2,5,3,2,1,1,0,0,0,0,1,13.28688045,52.41781763
1,1300732,2020,1,20,6,2,5,3,2,1,1,0,0,0,0,1,13.38798941,52.55585295
7,7300618,2020,1,17,3,3,5,3,2,1,1,0,0,0,0,1,13.34034536,52.47133847
2,2500833,2020,1,21,3,3,6,4,2,0,1,1,0,0,0,1,13.4586239,52.51106778
4,4501148,2020,1,13,6,3,5,2,0,0,1,0,0,0,0,0,13.32024515,52.47879804
3,3601450,2020,1,13,6,3,5,3,0,0,1,0,0,0,0,0,13.46293064,52.53229475
1,1300730,2020,1,15,2,3,5,2,0,0,1,0,0,0,0,1,13.3698271,52.5597284
5,5200420,2020,1,12,6,3,2,6,0,0,1,0,0,0,0,1,13.16948797,52.53361509
12,12200309,2020,1,18,4,3,5,7,2,0,1,0,1,0,0,1,13.32867961,52.5660063
3,3601346,2020,1,12,6,3,2,1,0,0,1,0,1,0,0,0,13.4153941,52.54748012
9,9501737,2020,1,11,6,3,5,2,0,1,1,0,0,0,0,1,13.62480513,52.45161072
3,3400721,2020,1,10,6,3,5,3,0,1,1,0,0,0,0,1,13.39730193,52.56710778
7,7400823,2020,1,8,3,3,6,2,0,0,1,1,0,0,0,1,13.37723705,52.46300552
7,7300517,2020,1,1,6,3,0,1,2,1,0,0,0,0,0,0,13.33145482,52.46962546
6,6400843,2020,1,15,5,3,6,4,1,0,1,1,0,0,0,0,13.29196126,52.45798703
3,3601140,2020,1,18,2,3,0,1,2,0,0,0,1,0,0,1,13.40623481,52.55408722
8,8100206,2020,1,3,5,2,5,3,2,0,1,0,0,0,0,2,13.42505495,52.48082777
2,2200210,2020,1,17,3,3,5,3,2,1,1,0,0,0,0,1,13.39523474,52.49631228
6,6200421,2020,1,16,4,3,2,6,2,0,1,0,0,0,0,1,13.32245034,52.42917686
4,4300619,2020,1,14,5,2,3,6,0,0,1,0,1,1,0,0,13.31742888,52.51753112
10,10400941,2020,1,16,3,3,5,3,1,1,1,0,0,0,0,1,13.60559185,52.48779182
1,1300730,2020,1,13,5,3,5,2,0,0,1,0,0,0,0,0,13.3698271,52.5597284
9,9301228,2020,1,13,5,3,2,6,0,1,1,0,0,0,0,0,13.65501965,52.36605197
4,4400833,2020,1,12,5,3,6,2,0,0,1,1,0,0,0,0,13.30065945,52.4739486
3,3200310,2020,1,12,5,3,0,7,0,1,1,0,0,0,0,0,13.43125103,52.61242163
2,2500726,2020,1,11,5,3,3,2,0,1,1,0,0,0,0,0,13.45147645,52.52612874
4,4500936,2020,1,11,5,3,5,2,0,0,1,0,0,0,0,0,13.306842,52.50076503
12,12200307,2020,1,8,5,3,0,7,0,0,1,0,0,0,0,0,13.33055482,52.57075411
7,7601546,2020,1,8,5,3,5,3,0,0,1,0,0,0,0,0,13.39301555,52.38866514
3,3701554,2020,1,21,2,3,8,1,2,0,0,0,1,0,0,0,13.40657964,52.539743
7,7400720,2020,1,6,5,3,5,3,2,0,1,0,0,0,0,2,13.37135445,52.47449331
5,5100314,2020,1,7,4,3,2,6,0,0,1,0,0,0,0,1,13.2054071,52.54814389
8,8200623,2020,1,3,5,3,5,3,2,0,1,0,0,0,0,1,13.43853955,52.45269914
7,7400824,2020,1,22,5,2,0,1,2,0,1,0,0,0,0,1,13.38554501,52.46858784
7,7601443,2020,1,19,5,2,1,5,2,0,1,0,0,0,0,0,13.41818868,52.41070341
2,1100311,2020,1,18,5,2,6,4,2,0,1,1,0,0,0,0,13.42640619,52.52293619
11,11400929,2020,1,18,5,3,5,3,2,0,1,0,0,0,1,0,13.49485202,52.50064978
6,6200317,2020,1,15,3,3,5,3,1,1,1,0,0,0,0,1,13.34916213,52.42212646
6,6100102,2020,1,17,5,2,0,6,2,0,1,0,0,0,1,0,13.3208807,52.45718363
3,3400724,2020,1,11,4,3,5,3,0,0,1,0,0,0,0,1,13.42892024,52.57909874
1,1100102,2020,1,17,5,3,5,2,2,1,1,0,0,0,0,0,13.37181979,52.50927008
1,1300733,2020,1,15,5,3,5,3,1,1,1,0,0,0,0,0,13.38446367,52.55605764
1,1200517,2020,1,15,5,3,2,2,0,0,1,0,0,0,0,0,13.32755617,52.52431722
2,2300314,2020,1,7,5,1,6,4,1,0,0,1,0,0,1,0,13.41970733,52.50185921
3,3701660,2020,1,13,4,3,6,4,0,0,1,1,0,0,0,0,13.42909883,52.52864396
3,3400619,2020,1,11,3,2,5,3,0,1,1,0,0,0,0,1,13.36577131,52.58423188
11,11300722,2020,1,18,4,2,5,2,2,0,1,0,1,0,0,0,13.47722457,52.52298703
6,6400840,2020,1,21,4,3,5,2,2,1,1,0,0,0,0,0,13.25415726,52.45093957
2,2100106,2020,1,13,4,1,5,2,0,1,0,0,0,1,0,1,13.41862533,52.4988784
8,8100206,2020,1,11,4,2,5,3,0,0,1,0,0,0,0,0,13.42511406,52.48062375
1,1400938,2020,1,3,4,3,5,2,2,0,1,0,0,0,0,1,13.33652295,52.54212844
8,8100206,2020,1,3,4,3,5,3,2,0,1,0,0,0,0,0,13.42506007,52.48080885
8,8200623,2020,1,2,4,3,5,3,2,0,1,0,0,0,0,0,13.43857098,52.45273033
4,4501043,2020,1,15,3,3,6,4,1,1,0,1,0,0,0,1,13.31249276,52.49925435
3,3601346,2020,1,1,4,2,0,1,2,1,0,0,0,0,0,0,13.41422706,52.54278359
4,4501042,2020,1,7,3,3,1,5,0,1,1,0,0,0,0,1,13.33875222,52.50258237
1,1100309,2020,1,20,2,3,6,2,2,0,1,1,0,0,0,0,13.40313616,52.52465668
8,8100312,2020,1,19,2,3,1,5,2,1,1,0,0,0,0,0,13.43128267,52.48565539
6,6300526,2020,1,19,4,3,5,2,2,1,1,0,0,0,0,1,13.25953386,52.43311804
6,6200315,2020,1,18,2,2,6,4,2,0,1,1,0,0,0,1,13.34682336,52.42921645
2,2200208,2020,1,6,4,3,5,2,2,1,1,0,0,0,0,1,13.38798524,52.49298331
7,7400822,2020,1,15,4,3,6,4,0,0,1,1,0,0,0,0,13.36435654,52.45979551
5,5100316,2020,1,8,4,3,0,5,0,0,0,0,0,0,1,1,13.19990576,52.53566511
1,1100416,2020,1,8,3,3,1,5,1,1,0,0,0,0,1,1,13.40577975,52.5347091
10,10100314,2020,1,21,5,2,9,1,2,0,0,0,0,0,1,1,13.55498479,52.53413976
6,6300633,2020,1,9,3,2,5,2,0,0,1,0,0,0,0,1,13.3133656,52.43537526
8,8401242,2020,1,18,2,2,5,2,2,0,1,0,1,0,0,1,13.47787614,52.40995205
8,8401243,2020,1,15,3,3,3,6,1,0,1,0,0,0,1,1,13.49509726,52.4314391
1,1100101,2020,1,17,4,3,1,5,2,1,1,0,0,0,0,1,13.34691531,52.5038608
12,12100101,2020,1,15,3,3,5,2,0,0,1,0,0,0,0,0,13.36454229,52.56269115
4,4100101,2020,1,7,3,3,6,2,2,0,1,1,0,0,0,1,13.28284224,52.53503614
1,1401047,2020,1,18,7,3,6,2,2,0,1,1,0,0,0,0,13.36031619,52.54431746
12,12100101,2020,1,16,2,3,2,3,2,0,1,0,0,0,0,0,13.37328144,52.56227981
9,9100409,2020,1,12,6,3,1,5,0,0,1,0,0,0,0,1,13.52657352,52.44527016
6,6300632,2020,1,15,7,3,5,3,0,0,1,0,0,0,0,0,13.29245694,52.42835286
11,11300617,2020,1,10,6,3,5,2,0,1,1,0,0,0,0,0,13.46798797,52.52830857
8,8100102,2020,1,7,5,3,5,2,2,1,1,0,0,0,0,0,13.42364032,52.47726221
9,9200614,2020,1,7,2,3,5,3,2,1,1,0,0,0,0,0,13.53927934,52.4507381
2,2500833,2020,1,10,6,3,5,3,0,0,1,0,0,1,0,1,13.46274106,52.51087945
2,2300417,2020,1,18,3,3,1,5,2,1,1,0,0,0,0,0,13.42564532,52.49691971
6,6200422,2020,1,10,6,3,5,3,0,0,1,0,0,1,0,1,13.32931998,52.42299819
4,4501148,2020,1,18,7,3,8,1,2,0,1,0,0,0,0,0,13.31681949,52.47821843
2,2300314,2020,1,13,2,3,5,3,0,1,1,0,0,0,0,1,13.42677997,52.50484771
4,4501146,2020,1,10,6,2,0,1,0,1,0,0,0,0,0,1,13.30648369,52.48520324
5,5100316,2020,1,10,5,3,6,4,0,0,1,1,0,0,0,0,13.19956066,52.53493944
4,4501152,2020,1,18,4,3,6,4,2,1,0,1,0,0,0,0,13.33161864,52.49078094
6,6300634,2020,1,14,1,3,5,2,0,0,1,0,1,0,0,0,13.3048509,52.43560385
3,3601142,2020,1,9,4,3,5,2,0,1,1,0,0,0,0,0,13.41273551,52.54440117
1,1100206,2020,1,15,2,2,5,2,0,0,1,0,1,0,0,0,13.39514822,52.51735511
5,5200423,2020,1,7,3,3,5,2,2,0,1,0,0,0,0,0,13.14158863,52.53243309
9,9200717,2020,1,9,6,2,5,3,0,1,1,0,0,0,0,1,13.55657019,52.44719834
9,9401431,2020,1,8,6,3,3,6,1,1,0,0,0,0,1,0,13.59233039,52.44725121
8,8100314,2020,1,9,2,3,2,2,0,0,1,0,0,0,1,0,13.42449771,52.48641968
6,6100101,2020,1,8,6,2,5,2,0,1,1,0,0,0,0,1,13.31643779,52.45362927
3,3601142,2020,1,18,5,3,1,5,2,1,1,0,0,0,0,0,13.40025536,52.5465127
4,4400835,2020,1,16,4,3,5,2,2,0,1,0,1,0,0,0,13.3144216,52.47210196
9,9100408,2020,1,12,1,1,5,2,0,1,0,0,0,0,1,0,13.51281143,52.44764962
8,8100311,2020,1,12,2,3,5,3,0,1,1,0,0,0,0,1,13.426693,52.48828277
2,2100101,2020,1,8,6,3,0,1,1,0,0,0,0,0,1,1,13.38150444,52.50419521
4,4501042,2020,1,5,7,3,0,1,2,0,0,0,0,0,1,1,13.33341703,52.50218579
10,10100314,2020,1,14,6,3,0,7,0,0,1,0,0,0,1,0,13.55713023,52.53430042
4,4501043,2020,1,15,1,3,2,6,0,0,1,0,0,0,1,0,13.31387214,52.49020498
1,1100206,2020,1,8,6,3,5,3,0,0,1,0,0,0,0,0,13.3915136,52.52208375
3,3300412,2020,1,10,3,3,4,7,0,0,1,0,0,0,0,0,13.46338099,52.61570827
4,4300622,2020,1,8,6,2,5,2,0,1,1,0,0,0,0,1,13.33114153,52.51219768
8,8200730,2020,1,7,6,2,6,2,1,0,1,1,0,0,0,2,13.44739085,52.4369449
9,9100306,2020,1,7,2,3,6,2,2,0,1,1,0,0,0,0,13.47535829,52.45618006
6,6400838,2020,1,7,6,2,6,2,0,0,1,1,0,0,0,1,13.23142494,52.43688245
1,1200626,2020,1,18,5,3,6,4,1,1,0,1,0,0,0,0,13.34281798,52.52497819
7,7200308,2020,1,13,4,3,5,5,0,1,1,0,0,0,0,0,13.34395946,52.48262461
4,4501045,2020,1,18,7,3,5,3,2,1,1,0,0,0,0,0,13.3310349,52.49503112
3,3400829,2020,1,17,2,3,5,3,2,1,1,0,0,0,0,0,13.42688105,52.564326
9,9100407,2020,1,7,6,3,5,3,2,1,1,0,0,0,0,1,13.50502921,52.44498496
1,1300733,2020,1,3,7,3,5,2,2,0,1,0,0,0,0,1,13.38661112,52.54949283
1,1300836,2020,1,13,6,3,2,6,0,0,1,0,0,0,1,0,13.37377203,52.54742738
9,9200510,2020,1,10,5,3,2,6,0,0,1,0,0,0,0,0,13.50856853,52.47412027
9,9100409,2020,1,9,2,3,5,3,0,1,1,0,0,0,0,0,13.52471144,52.43912898
8,8100312,2020,1,20,6,3,5,3,2,1,1,0,0,0,0,1,13.43743429,52.4849671
5,5100314,2020,1,17,5,3,6,4,2,0,1,1,0,0,0,0,13.20340001,52.54559098