BEZ,LOR_ab_2021,UJAHR,UMONAT,USTUNDE,UWOCHENTAG,UKATEGORIE,UART,UTYP1,ULICHTVERH,IstRad,IstPKW,IstFuss,IstKrad,IstGkfz,IstSonstige,USTRZUSTAND,XGCSWGS84,YGCSWGS84
12,12200310,2020,1,11,2,2,0,2,0,0,1,0,0,0,1,0,13.30793885,52.57210447
11,11200411,2020,1,7,4,2,5,3,2,1,1,0,0,0,0,0,13.5118282,52.55064448
6,6100206,2020,1,13,7,3,5,3,0,1,1,0,0,0,0,0,13.33041987,52.44517299
7,7100205,2020,1,16,2,2,3,6,0,0,1,0,0,0,0,0,13.36673786,52.49652095
2,2300315,2020,1,19,6,3,5,3,1,1,1,0,0,0,0,1,13.43042467,52.49919601
6,6200422,2020,1,1,7,2,1,1,2,0,1,0,0,0,0,1,13.32806566,52.41831674
4,4100102,2020,1,11,6,3,0,2,0,1,1,0,0,0,0,0,13.29998213,52.5394889
9,9501736,2020,1,7,5,3,5,3,1,1,1,0,0,0,0,0,13.6043954,52.45244934
9,9401329,2020,1,17,2,3,1,5,2,0,1,0,0,0,0,0,13.59227432,52.42511909
2,2400623,2020,1,19,6,3,3,6,2,1,1,0,0,0,0,1,13.43021537,52.51036998
9,9200510,2020,1,17,3,3,2,2,2,0,1,0,0,0,0,0,13.50964526,52.47285843
6,6200313,2020,1,19,6,2,6,2,2,0,1,1,0,0,0,0,13.34595004,52.43631176
1,1100310,2020,1,18,7,3,2,2,2,0,1,0,0,0,0,0,13.40309315,52.52130914
12,12200307,2020,1,11,2,3,5,3,0,0,1,0,0,0,0,0,13.3252371,52.57575163
4,4400727,2020,1,18,6,3,6,4,2,0,1,1,0,0,0,1,13.29400168,52.49135707
3,11300617,2020,1,20,3,3,2,6,2,0,1,0,0,0,0,0,13.46158711,52.52961425
6,6200311,2020,1,17,6,3,5,3,2,0,1,0,0,0,0,1,13.35862571,52.43410903
6,6200421,2020,1,10,7,3,5,2,0,1,1,0,0,0,0,1,13.31435083,52.42397816
3,3400723,2020,1,15,2,3,5,7,0,0,1,0,1,0,0,1,13.41609465,52.57114789
1,1401045,2020,1,17,6,3,2,2,2,0,1,0,0,0,0,1,13.37394465,52.55649548
3,3601140,2020,1,8,5,3,2,7,0,0,1,0,0,0,0,0,13.40315005,52.5528811
2,2500726,2020,1,8,4,3,5,3,0,0,1,0,0,0,0,0,13.45157718,52.52041218
2,2500835,2020,1,19,1,3,6,2,2,0,1,1,0,0,0,0,13.46549222,52.49865552
2,2200210,2020,1,16,3,3,5,2,0,1,1,0,0,0,0,0,13.40283777,52.49388386
1,1100313,2020,1,17,6,3,5,2,2,0,0,0,1,0,1,1,13.42767991,52.50754518
2,2400521,2020,1,7,6,3,1,5,0,1,1,0,0,0,0,0,13.42957617,52.52241078
3,3200309,2020,1,8,2,3,5,2,0,1,1,0,0,0,0,0,13.43669709,52.59252381
3,3601348,2020,1,16,6,3,0,1,2,0,0,0,1,0,0,1,13.42077049,52.54250952
2,2100104,2020,1,16,5,2,6,4,2,0,1,1,0,0,0,0,13.40696,52.50470486
9,9200819,2020,1,16,4,3,5,2,0,1,1,0,0,0,0,0,13.567435,52.44043809
9,9100203,2020,1,10,7,3,6,4,0,0,1,1,0,0,0,0,13.48114945,52.48267198
4,4200310,2020,1,21,5,2,8,1,2,0,1,0,0,0,0,0,13.27082267,52.51046477
6,6200312,2020,1,17,4,2,5,3,2,0,1,0,1,0,0,0,13.33127234,52.44350124
8,8100314,2020,1,5,1,3,0,7,2,0,1,0,0,0,0,0,13.42416487,52.48647752
2,2200209,2020,1,8,3,3,0,2,0,1,0,0,0,1,0,1,13.37446091,52.48882197
7,7100101,2020,1,15,6,2,0,3,1,1,0,0,0,0,1,1,13.34200343,52.50192611
6,6100209,2020,1,18,6,3,6,2,1,0,1,1,0,0,0,0,13.329815,52.46440675
1,1300836,2020,1,0,2,3,1,1,2,0,1,0,0,0,0,1,13.37638529,52.54066058
4,4400830,2020,1,15,6,3,6,2,1,0,1,1,0,0,0,1,13.29015778,52.47732207
6,6200314,2020,1,17,5,3,5,2,2,0,1,0,1,0,0,0,13.33405637,52.43017655
5,5100317,2020,1,13,4,2,2,6,0,0,1,0,0,0,0,0,13.23290284,52.52765638
3,3601450,2020,1,16,2,3,5,2,2,0,1,0,0,0,0,1,13.45792604,52.528821
7,7400826,2020,1,15,6,3,6,7,0,1,0,1,0,0,0,0,13.37404404,52.45447345
2,2100106,2020,1,17,6,3,6,7,2,1,0,1,0,0,0,0,13.40640902,52.49846977
5,5300736,2020,1,23,2,3,0,3,2,1,1,0,0,0,0,0,13.23019949,52.54278164
7,7100204,2020,1,14,6,3,5,7,0,0,1,0,1,0,0,1,13.35358494,52.49317642
4,4501043,2020,1,12,6,3,1,5,0,0,1,0,1,0,0,1,13.31384908,52.49077031
7,7601238,2020,1,14,6,3,2,2,0,0,1,0,0,0,0,0,13.38814316,52.41191495
9,9501941,2020,1,13,1,2,4,1,0,0,1,0,0,0,0,0,13.57843267,52.45247889
12,12200515,2020,1,17,5,3,6,4,2,0,1,1,0,0,0,0,13.2799952,52.58793234
5,5100104,2020,1,8,2,3,5,3,0,0,1,0,0,1,0,0,13.21713961,52.56046746
6,6200315,2020,1,9,1,2,6,2,0,0,1,1,0,0,0,0,13.3461654,52.43192974
10,10100315,2020,1,5,4,3,6,2,2,0,1,1,0,0,0,0,13.56255394,52.53631779
2,2200208,2020,1,23,7,3,5,2,2,1,1,0,0,0,0,1,13.38942438,52.49595551
7,7601546,2020,1,15,2,3,6,5,0,0,1,1,0,0,0,0,13.38989929,52.39244506
7,7400721,2020,1,5,6,3,6,2,2,0,1,1,0,0,0,0,13.400252,52.4837788
7,7501030,2020,1,14,6,3,0,3,0,0,1,0,0,0,1,0,13.38346607,52.44542284
4,4200308,2020,1,10,6,2,5,2,0,1,1,0,0,0,0,0,13.27938564,52.52368945
12,12200412,2020,1,9,1,3,5,2,0,0,1,0,0,0,0,1,13.29790407,52.578165
8,8100416,2020,1,11,4,3,6,4,0,0,1,1,0,0,0,0,13.44501963,52.47412171
12,12200414,2020,1,15,2,3,2,6,1,0,1,0,0,0,0,1,13.24970333,52.55343876
11,11400927,2020,1,12,6,3,0,1,0,0,0,0,1,0,0,1,13.47791407,52.50283647
3,3300516,2020,1,14,7,3,5,3,0,0,1,0,0,0,0,0,13.4428882,52.57689629
12,12100205,2020,1,8,5,2,1,7,0,0,1,0,0,1,0,0,13.36305157,52.58016852
7,7501030,2020,1,7,2,3,5,5,1,1,1,0,0,0,0,0,13.38343513,52.452572
8,8300934,2020,1,4,6,3,6,2,2,0,0,1,0,1,0,1,13.45982977,52.43188312
11,11300723,2020,1,19,3,3,2,6,2,0,1,0,0,0,0,1,13.49926633,52.51831855
12,12601235,2020,1,7,6,3,6,2,2,0,1,1,0,0,0,1,13.35094732,52.59640843
1,1401047,2020,1,10,7,3,2,6,0,0,1,0,0,0,0,0,13.36236775,52.54468764
1,1400937,2020,1,14,2,3,2,6,0,0,1,0,0,1,0,1,13.33498357,52.56016897
10,10100311,2020,1,7,6,3,4,6,2,0,1,0,0,0,1,1,13.52682892,52.53213273
2,2200211,2020,1,12,5,3,5,3,0,1,1,0,0,0,0,0,13.39072094,52.48954937
9,9200715,2020,1,14,7,3,2,6,0,0,1,0,0,0,0,0,13.52871483,52.42637163
5,5300736,2020,1,18,4,2,2,6,2,0,1,0,0,0,0,0,13.21511533,52.53834949
4,4200205,2020,1,17,1,2,5,5,0,0,1,0,1,0,0,0,13.25310489,52.51587836
7,7400721,2020,1,11,3,3,0,6,0,0,0,1,0,0,1,0,13.38789089,52.48437216
5,5100208,2020,1,7,6,2,6,2,2,0,1,1,0,0,0,1,13.15361643,52.55346541
7,7601545,2020,1,7,6,3,0,1,0,1,0,0,0,0,0,1,13.41250323,52.3942608
5,5100211,2020,1,7,3,3,2,6,1,0,1,0,0,0,0,0,13.1554117,52.54364832
9,9501940,2020,1,6,6,3,6,2,2,0,1,1,0,0,0,1,13.59531686,52.45602241
3,3400721,2020,1,18,7,3,0,2,2,0,1,0,0,0,1,0,13.40126361,52.56921782
6,6300528,2020,1,9,2,3,6,2,0,0,0,1,0,0,1,0,13.26690523,52.4121582
5,5300737,2020,1,6,6,3,6,2,2,0,1,1,0,0,0,1,13.23251359,52.54058271
10,10200423,2020,1,16,5,2,6,4,1,0,1,1,0,0,0,0,13.62506314,52.54060406
7,7400927,2020,1,15,7,3,5,2,0,0,1,0,0,0,0,0,13.40012036,52.4591285
1,1100415,2020,1,18,4,3,1,5,2,0,1,0,0,0,0,0,13.39715493,52.53248
1,1100416,2020,1,1,1,3,0,1,2,1,0,0,0,0,0,1,13.40462291,52.53347173
1,1100102,2020,1,9,2,3,3,6,0,0,1,0,0,0,0,0,13.3494231,52.51508442
7,7601341,2020,1,7,5,3,5,2,1,1,1,0,0,0,0,1,13.37603827,52.40911934
11,11401137,2020,1,13,6,3,5,2,0,1,1,0,0,0,0,0,13.52462655,52.49600917
7,7100206,2020,1,15,6,3,0,7,0,1,0,0,0,0,0,0,13.37057507,52.48817982
7,7501031,2020,1,16,1,3,5,3,2,0,1,0,0,0,1,0,13.4020603,52.44666481
7,7400928,2020,1,14,5,3,4,6,0,1,1,0,0,0,0,0,13.41996646,52.46343555
5,5100313,2020,1,13,5,3,2,6,0,0,0,0,1,0,1,0,13.20867638,52.54595392
5,5100208,2020,1,12,2,3,5,2,0,0,1,0,0,0,0,0,13.15350924,52.55340116
11,11300620,2020,1,7,2,3,2,6,0,0,1,0,0,0,0,0,13.4809123,52.53125132
3,3300516,2020,1,17,5,3,0,1,2,0,1,0,1,0,0,1,13.44399536,52.56527994
4,4300518,2020,1,16,5,3,2,6,0,0,1,0,0,0,0,0,13.29570452,52.5302787
1,1401043,2020,1,15,4,3,5,3,0,1,1,0,0,0,0,0,13.3690855,52.54621681
3,3701556,2020,1,18,7,3,3,2,2,1,1,0,0,0,0,0,13.42110605,52.53355796
12,12200515,2020,1,18,2,3,1,1,2,1,1,0,0,0,0,0,13.27564269,52.58393909
1,1400938,2020,1,21,5,3,6,4,2,0,1,1,0,0,0,1,13.34053783,52.55102771
1,1100102,2020,1,13,6,3,5,3,0,0,1,0,0,0,0,1,13.34899339,52.51477839
3,3601142,2020,1,14,6,3,2,7,0,1,1,0,0,0,0,0,13.40731969,52.54116697
7,7501029,2020,1,15,7,3,5,3,0,1,1,0,0,0,0,0,13.37954019,52.4449574
5,5200629,2020,1,11,5,2,2,6,0,0,1,0,0,0,1,0,13.19100786,52.53433936
12,12200515,2020,1,9,2,3,0,6,0,1,0,0,0,0,1,0,13.28392467,52.590217
6,6400737,2020,1,15,7,3,5,2,0,1,1,0,0,0,0,0,13.22314934,52.43016459
3,3601244,2020,1,11,3,3,5,3,0,1,1,0,0,0,0,0,13.42700252,52.55211751
3,3601243,2020,1,23,7,3,5,2,2,0,1,0,0,0,1,0,13.41837869,52.55328901
1,1100205,2020,1,8,4,3,5,3,0,1,1,0,0,0,0,0,13.37660859,52.50961722
12,12200307,2020,1,17,7,2,6,2,2,0,1,1,0,0,0,0,13.32977584,52.56912185
11,11300620,2020,1,16,2,3,5,3,2,0,1,0,0,0,0,1,13.48532739,52.52674532
1,1400938,2020,1,20,5,2,6,2,2,0,1,1,0,0,0,1,13.34504102,52.55422947
12,12200412,2020,1,13,6,3,2,6,0,0,1,0,0,0,1,0,13.29144555,52.58079465
3,3100101,2020,1,10,6,2,5,3,0,1,1,0,0,0,0,0,13.49610655,52.64342693
11,11501238,2020,1,7,5,3,5,2,2,1,1,0,0,0,0,0,13.50166478,52.48275046
11,11400928,2020,1,5,2,3,5,3,2,0,1,0,0,0,0,0,13.48140258,52.50206861
7,7400927,2020,1,20,5,3,6,4,2,0,1,1,0,0,0,1,13.38641163,52.45630009
2,2200210,2020,1,18,3,3,5,2,2,1,1,0,0,0,0,0,13.39500643,52.49634235
8,8100208,2020,1,19,5,2,6,4,2,0,1,1,0,0,0,1,13.43504201,52.4711026
4,4300416,2020,1,5,7,3,5,3,2,0,1,0,0,0,0,0,13.29928183,52.50675667
6,6100101,2020,1,12,2,3,2,6,0,0,1,0,0,0,1,0,13.3186487,52.45431145
1,1100312,2020,1,19,5,3,5,3,2,0,1,0,0,0,0,1,13.40441202,52.50789824
9,9501939,2020,1,22,5,3,5,2,2,0,1,0,0,0,0,0,13.56249375,52.45654678
8,8100104,2020,1,12,7,3,2,2,0,0,1,0,0,0,0,0,13.4289376,52.47187786
1,1300732,2020,1,15,2,3,6,4,1,0,1,1,0,0,0,1,13.38694021,52.55953749
12,12601031,2020,1,9,5,3,5,3,0,0,1,0,0,0,0,1,13.33235595,52.60309021
5,5200631,2020,1,18,6,3,6,2,2,0,1,1,0,0,0,0,13.19770454,52.52281037
3,3400829,2020,1,8,4,3,5,3,0,1,1,0,0,0,0,0,13.42140386,52.56246595
8,8100314,2020,1,12,1,3,6,7,0,1,0,1,0,0,0,0,13.43268149,52.4837912
12,12100205,2020,1,16,3,3,5,2,2,1,1,0,0,0,0,0,13.33536903,52.56513786
7,7400928,2020,1,10,5,3,2,7,0,1,1,0,0,0,0,0,13.42148024,52.46502864
1,1300836,2020,1,10,6,3,6,7,0,0,1,1,0,0,0,0,13.38117826,52.54898776
1,1100309,2020,1,8,2,3,5,3,0,0,1,0,0,0,1,0,13.40194331,52.52889417
5,5100316,2020,1,9,5,3,6,2,0,0,0,1,0,0,1,1,13.18997452,52.53820382
4,4200311,2020,1,16,5,3,5,2,0,1,1,0,0,0,0,0,13.28014698,52.51808928
11,11400927,2020,1,16,4,3,1,5,1,0,1,0,0,0,0,0,13.47432521,52.50435448
2,2200211,2020,1,13,7,3,1,5,0,1,0,0,0,0,1,0,13.39037661,52.48692728
3,3300411,2020,1,16,2,3,3,6,1,1,0,0,1,0,0,0,13.49024771,52.62110277
12,12200411,2020,1,7,5,3,5,2,1,0,1,0,0,1,0,1,13.32168741,52.56054567
2,2400521,2020,1,18,4,3,5,2,2,1,1,0,0,0,0,0,13.42950089,52.52310078
4,4200311,2020,1,10,1,3,2,6,0,0,1,0,0,0,0,1,13.27921771,52.50325761
9,9100408,2020,1,10,3,3,2,6,0,0,1,0,0,0,0,0,13.50916811,52.45230589
12,12400618,2020,1,7,5,3,6,4,1,0,1,1,0,0,0,1,13.24454895,52.61437318
3,3601452,2020,1,6,6,3,5,3,1,0,1,0,0,0,0,0,13.4490521,52.52873261
7,7200409,2020,1,3,2,3,5,3,2,0,1,0,0,0,1,0,13.34974032,52.48733062
3,3100103,2020,1,7,5,2,6,4,2,0,1,1,0,0,0,1,13.49553054,52.62580819
10,10300734,2020,1,15,5,3,2,6,0,0,1,0,0,0,0,0,13.56158314,52.50242976
12,12100205,2020,1,11,7,2,0,6,0,0,1,0,0,0,1,1,13.34674509,52.56813059
9,9100306,2020,1,13,4,3,2,6,0,0,1,0,0,0,0,0,13.48752574,52.45060117
5,5200528,2020,1,16,2,3,5,2,2,0,1,0,0,0,0,0,13.18021387,52.50910037
1,1100313,2020,1,6,5,3,5,3,2,1,1,0,0,0,0,1,13.413422,52.50674581
12,12500825,2020,1,12,6,2,6,4,0,0,1,1,0,0,0,0,13.30635711,52.58243791
8,8200832,2020,1,12,6,3,6,2,0,0,1,1,0,0,0,0,13.42773962,52.42068671
4,4300518,2020,1,12,6,3,2,6,0,0,1,0,0,0,1,0,13.29470548,52.53273274
8,8100105,2020,1,14,6,3,2,6,0,0,1,0,1,0,0,0,13.43137695,52.46740251
6,6200311,2020,1,14,1,3,5,2,0,1,1,0,0,0,0,0,13.35300198,52.43324136
8,8100415,2020,1,17,5,3,2,6,2,0,1,0,0,0,0,0,13.44685226,52.4782859
10,10100311,2020,1,10,2,3,5,3,0,0,1,0,0,0,0,0,13.52160289,52.52574481
11,11300723,2020,1,5,4,2,5,3,2,0,1,0,1,0,0,0,13.49938022,52.51992164
10,10200420,2020,1,13,7,3,5,3,0,0,1,0,0,0,0,0,13.60113012,52.53684342
8,8100419,2020,1,16,2,3,6,7,0,0,1,1,0,0,0,0,13.45553706,52.47991763
4,4200308,2020,1,19,5,3,5,2,2,1,1,0,0,0,0,1,13.27999202,52.51830992
4,4400833,2020,1,12,6,3,5,3,0,0,1,0,0,0,0,0,13.3008051,52.47397834
10,10300732,2020,1,10,6,3,5,3,0,1,1,0,0,0,0,0,13.56954016,52.52873587
7,7501029,2020,1,6,4,1,5,3,2,0,1,0,1,0,0,0,13.3806642,52.4428801
2,2100106,2020,1,16,2,3,2,6,0,0,1,0,0,0,0,0,13.40643744,52.49815529
2,2100101,2020,1,17,3,3,5,2,2,0,1,0,0,0,0,0,13.38227056,52.50447115
5,5100103,2020,1,19,5,2,6,4,2,0,1,1,0,0,0,1,13.21423506,52.56289168
1,1100206,2020,1,9,5,3,1,5,0,1,1,0,0,0,0,0,13.39107292,52.51219068
6,6200421,2020,1,7,2,3,5,2,0,1,1,0,0,0,0,0,13.31750684,52.43081696
6,6100206,2020,1,18,5,3,1,5,2,1,1,0,0,0,0,1,13.3408546,52.445822
1,1100102,2020,1,19,3,2,0,6,2,0,1,0,1,0,0,1,13.35298226,52.51611656
1,1100313,2020,1,18,5,3,5,3,2,1,0,0,0,0,1,1,13.4276516,52.507594
6,6400735,2020,1,10,7,2,0,1,0,1,0,0,0,0,0,2,13.14364568,52.39763905
12,12200515,2020,1,15,2,3,5,2,1,0,1,0,0,0,0,0,13.28078857,52.59378754
4,4400726,2020,1,17,5,3,2,6,2,0,1,0,0,0,0,1,13.28504077,52.49287396
3,3400620,2020,1,14,5,3,6,2,0,0,1,1,0,0,0,0,13.3836417,52.57277879
3,3601346,2020,1,20,4,3,1,5,2,1,1,0,0,0,0,0,13.41702753,52.54539233
10,10100313,2020,1,22,1,3,2,6,2,0,1,0,0,0,0,0,13.54970427,52.54271267
5,5100207,2020,1,13,3,2,5,2,0,0,1,0,0,0,0,0,13.13343644,52.55385423
6,6300634,2020,1,17,5,3,6,4,2,0,1,1,0,0,0,1,13.30746483,52.43323602
9,9200715,2020,1,8,6,3,5,3,0,1,1,0,0,0,0,0,13.53432466,52.43142586
6,6200313,2020,1,8,2,3,5,2,0,1,1,0,0,0,0,0,13.34591344,52.43628863
11,11300826,2020,1,17,5,3,2,6,2,0,1,0,0,0,0,1,13.49167069,52.51154206
1,1100206,2020,1,16,5,3,6,4,1,0,1,1,0,0,0,0,13.38852751,52.51802903
5,5100105,2020,1,3,7,3,1,1,2,0,1,0,0,0,0,1,13.19761746,52.55539506
1,1100206,2020,1,10,2,3,5,2,0,1,1,0,0,0,0,0,13.38089617,52.51636901
2,2300314,2020,1,16,5,3,2,7,2,1,0,0,0,0,1,1,13.41845588,52.50011805
8,8100310,2020,1,19,5,3,5,3,2,1,1,0,0,0,0,0,13.42551825,52.4932072
7,7501134,2020,1,17,4,3,5,2,2,0,1,0,0,0,1,0,13.39204661,52.43983237
1,1300732,2020,1,2,1,3,5,3,2,0,1,0,0,0,0,0,13.38766736,52.56043484
9,9100408,2020,1,10,3,3,5,3,0,1,1,0,0,0,0,0,13.51407063,52.44653311
3,3200310,2020,1,16,5,3,1,5,2,0,1,0,0,0,0,1,13.42775417,52.60623482
2,2200209,2020,1,17,6,2,5,3,1,0,1,1,0,0,0,0,13.37646078,52.48503432
8,8100105,2020,1,18,1,3,1,5,2,1,1,0,0,0,0,0,13.43307381,52.46441857
10,10100102,2020,1,14,5,3,2,6,0,0,1,0,0,0,0,1,13.56783558,52.57353759
2,2400623,2020,1,14,5,3,1,5,0,1,1,0,0,0,0,0,13.43503563,52.5147495
1,1200518,2020,1,12,4,2,5,2,0,0,1,0,0,0,0,0,13.32481088,52.52780879
8,8200832,2020,1,15,4,3,2,6,0,0,1,0,0,0,0,0,13.43514339,52.42680953
6,6400735,2020,1,10,7,3,0,1,0,1,0,0,0,0,0,2,13.12980729,52.38987233
8,8100520,2020,1,23,2,3,9,1,2,0,1,0,0,0,1,0,13.46584273,52.46959051
5,5300736,2020,1,13,5,3,2,6,0,0,1,0,0,0,0,1,13.22854921,52.53800488
2,2100102,2020,1,12,6,3,3,6,0,0,1,0,0,1,0,1,13.39571474,52.49833993
9,9200510,2020,1,14,6,2,2,6,0,0,1,0,1,0,0,0,13.50250572,52.46999777
3,3100101,2020,1,10,1,3,5,3,0,0,1,0,0,0,0,0,13.44469629,52.6152975
5,5300841,2020,1,21,7,3,2,6,2,0,1,0,0,0,0,0,13.27236756,52.53644497
3,3400619,2020,1,12,5,3,6,2,0,0,1,1,0,0,0,0,13.36811407,52.58715671
1,1300836,2020,1,9,2,3,2,2,0,1,0,0,0,0,1,0,13.36414973,52.54489462
2,2500726,2020,1,17,7,3,5,3,2,1,0,0,0,0,1,0,13.45191944,52.52765646
12,12100204,2020,1,11,3,3,6,7,0,1,0,1,0,0,0,0,13.36132646,52.56763807
6,6300634,2020,1,13,7,3,5,2,0,1,1,0,0,0,0,0,13.30960823,52.43127486
7,7200307,2020,1,15,2,2,5,3,0,0,1,0,0,0,0,1,13.3448111,52.48683032
10,10200421,2020,1,14,5,3,1,5,0,0,1,0,0,0,1,1,13.60435148,52.53821624
5,5100315,2020,1,8,6,2,5,2,1,0,1,0,0,0,0,0,13.19855259,52.54289129
2,2100104,2020,1,15,3,3,5,2,1,1,1,0,0,0,0,1,13.40922378,52.50171052
10,10100210,2020,1,15,3,3,2,6,0,0,1,0,0,0,0,1,13.55123996,52.54992418
6,6300633,2020,1,16,5,3,6,7,0,1,0,1,0,0,0,0,13.30557854,52.43737773
8,8200833,2020,1,14,3,2,3,6,0,0,1,0,0,1,0,1,13.43826695,52.42398402
1,1300836,2020,1,19,3,3,1,5,2,0,1,0,0,0,0,1,13.37688676,52.54345283
5,5100316,2020,1,22,5,3,2,6,2,0,1,0,0,0,0,0,13.18330395,52.54000803
11,11400927,2020,1,19,3,3,5,2,2,1,1,0,0,0,0,1,13.47363118,52.5030498
4,4501042,2020,1,18,4,2,0,3,2,0,1,0,1,0,0,1,13.33138266,52.50390494
4,4500936,2020,1,15,5,3,5,2,0,1,1,0,0,0,0,0,13.30677743,52.49986468
2,2100101,2020,1,19,3,3,5,2,2,1,1,0,0,0,0,1,13.38765796,52.50337543
8,8100311,2020,1,17,5,1,6,4,2,0,1,1,0,0,0,0,13.42886533,52.4902669
5,5100211,2020,1,7,3,3,6,2,0,0,1,1,0,0,0,1,13.17820057,52.54869907
9,9200512,2020,1,15,3,2,6,4,0,0,0,1,0,0,1,1,13.54985064,52.4565396
2,2300316,2020,1,21,4,3,0,1,2,1,0,0,0,0,0,1,13.4447635,52.50104614
9,9501737,2020,1,7,3,3,6,2,1,0,1,1,0,0,0,1,13.62475959,52.45049902
1,1300733,2020,1,8,5,2,6,4,0,0,1,1,0,0,0,1,13.39654524,52.55495147
7,7200307,2020,1,7,3,3,1,5,0,1,1,0,0,0,0,1,13.3449098,52.48867784
9,9200715,2020,1,7,3,3,5,2,1,1,0,0,0,0,1,1,13.52682725,52.42807194
4,4400727,2020,1,17,4,3,5,2,2,0,1,0,0,0,0,1,13.28988467,52.48221326
11,11400930,2020,1,7,3,2,6,4,2,0,1,1,0,0,0,1,13.50271018,52.50210429
1,1100206,2020,1,19,4,3,5,2,2,1,1,0,0,0,0,0,13.38030635,52.5188256
4,4300416,2020,1,19,3,3,6,2,2,0,1,1,0,0,0,1,13.30240463,52.50690595
4,4501040,2020,1,7,6,3,6,4,0,1,0,1,0,0,0,1,13.31335311,52.50279491
6,6100205,2020,1,14,3,2,6,7,0,1,0,1,0,0,0,1,13.34468341,52.45024783
3,3200308,2020,1,17,4,3,6,4,2,0,0,1,0,0,1,0,13.43293265,52.59603684
6,6200421,2020,1,18,3,2,5,2,2,0,1,0,0,0,0,1,13.31260665,52.41943977
10,10200628,2020,1,6,5,3,5,3,2,0,1,0,0,0,0,1,13.5984033,52.53086546
7,7100101,2020,1,18,3,3,5,3,2,1,1,0,0,0,0,1,13.34491477,52.49673245
12,12100102,2020,1,7,3,2,6,2,2,0,1,1,0,0,0,1,13.3757443,52.56862474
4,4501045,2020,1,18,4,3,5,3,2,1,1,0,0,0,0,1,13.33438153,52.49839761
9,9200715,2020,1,11,3,3,5,2,0,1,1,0,0,0,0,1,13.5468379,52.43156871
1,1200624,2020,1,7,3,3,5,2,1,1,1,0,0,0,0,1,13.36034106,52.53724347
9,9200510,2020,1,17,5,3,5,2,2,1,1,0,0,0,0,0,13.51255403,52.4627765
10,10300734,2020,1,6,3,2,6,2,2,0,1,1,0,0,0,1,13.56177817,52.49387951
1,1100309,2020,1,17,4,3,1,5,2,1,1,0,0,0,0,0,13.4076858,52.52658445
2,2300419,2020,1,18,3,3,2,6,2,0,1,0,1,0,0,1,13.44388478,52.50003348
4,4501149,2020,1,16,4,3,2,6,2,0,1,0,0,0,0,1,13.32270294,52.48853703
10,10200628,2020,1,5,3,3,9,1,2,0,1,0,0,0,0,1,13.59118323,52.52934567
12,12200412,2020,1,12,6,1,5,2,0,1,0,0,0,1,0,0,13.29797705,52.57820772
9,9300920,2020,1,17,3,3,5,2,2,1,1,0,0,0,0,1,13.52642609,52.42465081
4,4300624,2020,1,16,4,3,6,7,1,0,1,1,0,0,0,1,13.32082066,52.50744398
4,4500939,2020,1,17,3,3,6,2,2,0,1,1,0,0,0,1,13.30519969,52.49689881
3,3200207,2020,1,14,4,3,2,7,0,0,1,0,0,0,1,0,13.40376773,52.59040495
11,11300722,2020,1,16,3,2,6,4,2,0,1,1,0,0,0,1,13.48592712,52.52097128
5,5100313,2020,1,14,3,3,2,6,0,0,1,0,0,0,0,0,13.20986236,52.54805156
5,5100316,2020,1,15,4,3,0,6,0,0,1,0,1,0,0,1,13.20418341,52.54054066
4,4400834,2020,1,10,3,3,2,2,0,0,1,0,0,0,1,0,13.31013167,52.47895731
3,3601243,2020,1,16,3,3,3,6,2,0,1,0,0,0,0,1,13.42254319,52.55271377
10,10300731,2020,1,22,5,3,1,5,2,0,1,0,0,0,0,0,13.55893376,52.53232115
1,1100309,2020,1,17,3,2,6,4,2,0,1,1,0,0,0,1,13.3924095,52.52410094
11,11400929,2020,1,6,4,3,1,5,1,0,1,0,0,0,0,0,13.48615699,52.50263493
4,4100102,2020,1,15,4,3,0,2,0,0,0,0,1,0,1,0,13.29385903,52.53476601
1,1300836,2020,1,14,3,3,5,2,0,1,1,0,0,0,0,0,13.3710316,52.5444767
11,11300617,2020,1,11,4,2,6,7,0,0,0,1,0,1,0,0,13.47409086,52.53265897
7,7601545,2020,1,16,3,3,1,5,2,0,1,0,0,0,1,1,13.41993782,52.39216481
4,4300623,2020,1,16,3,3,5,7,2,1,1,0,0,0,0,1,13.30721287,52.5078939
9,9200715,2020,1,10,3,1,5,3,0,0,1,0,1,0,0,1,13.52233549,52.42852743
7,7601341,2020,1,14,4,3,5,3,0,1,1,0,0,0,0,0,13.38247377,52.40293962
1,1100416,2020,1,10,3,3,4,6,0,1,0,0,1,0,0,1,13.40426828,52.53413673
2,2100102,2020,1,18,2,3,0,4,2,0,0,1,0,0,1,0,13.39206799,52.49795849
3,3300411,2020,1,6,5,2,5,3,2,1,0,0,0,0,0,1,13.48802559,52.61854977
3,3601244,2020,1,14,2,3,5,3,0,1,1,0,0,0,0,0,13.4288647,52.55139303
6,6400843,2020,1,18,4,2,0,3,2,0,1,0,1,0,0,1,13.29285925,52.45811743
4,4200308,2020,1,13,4,3,2,6,0,0,1,0,0,0,0,0,13.26525338,52.52083103
2,2300314,2020,1,13,2,3,5,3,0,0,1,0,0,0,0,0,13.41678215,52.50430807