BEZ,LOR_ab_2021,UJAHR,UMONAT,USTUNDE,UWOCHENTAG,UKATEGORIE,UART,UTYP1,ULICHTVERH,IstRad,IstPKW,IstFuss,IstKrad,IstGkfz,IstSonstige,USTRZUSTAND,XGCSWGS84,YGCSWGS84
4,4500937,2020,2,15,2,3,5,3,0,0,1,0,0,0,0,1,13.28681515,52.49582464
4,4501040,2020,2,1,7,3,0,2,2,1,1,0,0,0,0,0,13.31287843,52.50002018
1,1401048,2020,2,8,2,3,0,5,0,1,0,0,0,0,1,1,13.36232094,52.55079911
3,3601244,2020,2,5,2,3,5,3,2,1,1,0,0,0,0,1,13.42737449,52.5524928
3,3601245,2020,2,16,1,3,5,2,1,0,1,0,1,0,0,1,13.43914497,52.54734094
10,10100312,2020,2,15,4,3,6,2,0,0,1,1,0,0,0,0,13.53996384,52.52594014
6,6200317,2020,2,16,1,2,5,7,1,0,1,0,0,0,0,1,13.35799812,52.4218333
1,1200628,2020,2,21,7,3,0,2,2,1,0,0,0,0,1,0,13.35719856,52.52372043
12,12100103,2020,2,18,2,2,6,2,2,0,1,1,0,0,0,1,13.35914602,52.57421114
6,6300634,2020,2,21,7,2,5,2,2,0,1,0,0,0,0,0,13.30963959,52.43130158
1,1300835,2020,2,23,3,3,1,5,2,0,1,0,0,1,0,1,13.38578532,52.54317009
7,7100102,2020,2,22,1,2,5,2,2,0,1,0,0,0,0,1,13.34624882,52.50105412
1,1300733,2020,2,19,7,3,5,2,2,0,1,0,0,0,0,0,13.38441586,52.55599044
7,7100206,2020,2,17,7,3,5,3,2,0,1,0,1,0,0,0,13.37056597,52.4880672
4,4500936,2020,2,10,3,3,0,7,0,1,0,0,0,0,0,0,13.30066457,52.50249464
6,6200312,2020,2,12,2,3,2,6,0,0,1,0,0,0,0,0,13.34100208,52.44298558
3,3601140,2020,2,17,7,3,5,3,1,1,1,0,0,0,0,0,13.40217908,52.55432137
3,3200206,2020,2,14,1,3,5,3,0,1,1,0,0,0,0,1,13.40020889,52.58043537
9,9301025,2020,2,6,4,3,6,2,1,0,1,1,0,0,0,1,13.53992591,52.39678891
2,2200210,2020,2,14,1,3,5,2,0,0,1,0,0,0,0,1,13.39512297,52.49625937
2,2400623,2020,2,17,2,3,5,3,2,1,1,0,0,0,0,1,13.4266829,52.5157069
8,8100102,2020,2,15,7,3,1,5,0,1,0,0,0,0,1,0,13.4242886,52.47734097
12,12100204,2020,2,18,3,3,6,2,2,0,0,1,0,1,0,1,13.35391542,52.56220087
7,7501133,2020,2,13,1,3,5,3,0,0,1,0,0,0,0,1,13.38220137,52.435956
7,7501029,2020,2,14,7,2,5,3,0,0,1,0,1,0,0,0,13.38048164,52.44286166
7,7300619,2020,2,23,5,3,6,2,2,0,1,1,0,0,0,0,13.35471309,52.45869761
4,4200311,2020,2,13,1,3,2,6,0,0,1,0,0,0,0,1,13.28038822,52.50669587
6,6200422,2020,2,8,3,3,2,7,0,1,0,0,0,1,0,1,13.32927773,52.42895955
2,2200210,2020,2,5,5,3,5,3,2,0,1,0,1,0,0,0,13.39256076,52.49179685
1,1100101,2020,2,0,1,3,2,6,2,0,1,0,0,0,0,0,13.34714715,52.50367953
10,10100312,2020,2,15,3,2,5,3,0,0,1,0,0,0,1,0,13.54104122,52.52575927
9,9200715,2020,2,11,2,3,0,4,0,0,0,1,0,0,1,1,13.5331827,52.43358034
9,9502043,2020,2,13,7,3,2,6,0,0,1,0,0,0,0,0,13.56179968,52.45843719
12,12500926,2020,2,14,3,3,6,7,0,1,0,1,0,0,0,0,13.33004606,52.5943766
1,1200628,2020,2,3,7,3,0,1,2,0,0,0,0,0,1,0,13.35887459,52.52335667
2,2400521,2020,2,13,7,3,2,6,0,0,1,0,0,0,0,0,13.43044534,52.523301
3,3500936,2020,2,14,4,2,5,3,0,1,1,0,0,0,0,0,13.46651201,52.55062092
1,1100102,2020,2,16,7,3,5,2,1,0,1,0,1,0,0,1,13.3510454,52.51491199
1,1200520,2020,2,18,3,3,6,7,2,0,1,1,0,0,0,1,13.33558325,52.52668853
1,1401046,2020,2,6,2,3,6,2,2,0,0,1,0,0,1,1,13.34485827,52.53913875
5,5300736,2020,2,20,6,3,1,5,2,0,1,0,1,0,0,0,13.22346623,52.5371437
7,7501031,2020,2,8,2,3,2,6,0,0,1,0,0,0,0,1,13.40730381,52.45180479
9,9200819,2020,2,7,2,3,0,1,2,0,0,0,1,0,0,1,13.57007264,52.4445768
8,8200832,2020,2,9,2,3,6,2,0,0,0,1,0,1,0,1,13.42125419,52.4130836
1,1100309,2020,2,21,6,3,0,7,2,0,1,0,1,0,0,0,13.39252112,52.52826886
9,9501838,2020,2,8,2,3,5,3,0,0,1,0,0,0,0,1,13.71432386,52.43298538
4,4400831,2020,2,13,3,2,5,3,0,0,1,0,0,0,0,0,13.28749273,52.47560956
2,2200209,2020,2,20,7,3,5,2,2,1,0,0,1,0,0,1,13.38582718,52.48503473
1,1100308,2020,2,18,4,3,3,6,2,1,0,0,0,0,0,0,13.38679444,52.52374372
12,12200412,2020,2,19,7,3,2,6,2,0,1,0,0,0,0,1,13.29966399,52.5789727
9,9100101,2020,2,22,2,3,0,1,2,0,0,0,1,0,0,1,13.44431187,52.49288038
2,2500830,2020,2,12,2,3,1,5,0,1,0,0,0,1,0,0,13.45794195,52.51274387
3,3400620,2020,2,18,3,3,6,4,1,0,1,1,0,0,0,0,13.39717091,52.57121951
1,1100205,2020,2,15,2,2,2,6,0,0,1,0,0,0,1,1,13.38397955,52.51038113
2,2400521,2020,2,19,6,2,6,4,2,0,1,1,0,0,0,0,13.43196132,52.52333255
1,1200628,2020,2,8,2,3,5,2,0,1,1,0,0,0,0,1,13.35538098,52.51929231
4,4300412,2020,2,19,7,3,6,2,2,0,1,1,0,0,0,1,13.28667869,52.51872263
3,3200309,2020,2,14,2,2,0,7,0,0,0,1,0,1,0,1,13.43356425,52.60773411
7,7100102,2020,2,8,4,3,0,1,0,0,0,0,1,0,0,1,13.35459964,52.49966185
1,1100310,2020,2,19,7,3,0,6,2,0,1,0,1,0,0,1,13.41455804,52.5276087
11,11501341,2020,2,18,7,3,6,4,2,0,1,1,0,0,0,1,13.52518227,52.4800957
3,3500933,2020,2,17,2,3,6,4,2,0,1,1,0,0,0,1,13.45992503,52.55984212
6,6100204,2020,2,15,4,3,2,6,0,1,1,0,0,0,0,0,13.3486203,52.45384565
9,9502043,2020,2,17,7,2,6,4,1,0,1,1,0,0,0,1,13.57374628,52.46821119
8,8300935,2020,2,19,6,3,5,5,2,0,1,0,0,0,0,0,13.44831933,52.42753208
12,12601032,2020,2,19,2,3,5,3,2,0,1,0,0,0,0,1,13.32762682,52.60893342
4,4501040,2020,2,19,6,3,2,6,2,0,1,0,0,0,0,0,13.30744016,52.50012154
7,7601545,2020,2,8,3,3,3,6,0,1,1,0,0,0,0,0,13.4086857,52.39394863
9,9501737,2020,2,22,1,1,0,7,2,1,0,0,0,0,0,1,13.6257581,52.45268689
9,9200715,2020,2,6,6,3,1,5,2,0,1,0,0,0,1,0,13.52891035,52.42636288
12,12400619,2020,2,16,7,3,8,1,1,0,1,0,0,0,0,1,13.26236558,52.59850131
1,1100308,2020,2,18,2,2,6,4,2,0,1,1,0,0,0,1,13.37876729,52.52770911
6,6200311,2020,2,12,3,3,5,3,0,0,1,0,0,0,0,0,13.35241532,52.44089979
5,4200308,2020,2,16,2,3,2,6,0,0,1,0,0,0,1,1,13.24793256,52.52442828
7,7501029,2020,2,18,6,3,2,6,2,0,1,0,0,0,0,0,13.38054473,52.44286897
2,2400623,2020,2,16,3,3,2,6,0,1,1,0,0,0,0,1,13.43843689,52.51452198
3,3400725,2020,2,17,2,3,6,2,2,0,1,1,0,0,0,1,13.42342937,52.58583731
1,1401045,2020,2,17,6,2,0,3,2,1,1,0,0,0,0,0,13.37960752,52.55294439
1,1100309,2020,2,19,3,2,0,6,2,1,0,0,0,0,1,1,13.40457686,52.52956252
4,4501042,2020,2,15,1,3,6,7,0,0,1,1,0,0,0,1,13.32740272,52.50272134
6,6200313,2020,2,17,6,3,5,2,2,0,1,0,1,0,0,0,13.34835351,52.43788447
12,12500930,2020,2,8,5,3,5,2,0,0,1,0,0,0,0,0,13.3154379,52.57783625
3,3601452,2020,2,12,7,3,5,3,0,0,1,0,0,0,0,1,13.44813596,52.52973109
3,3701554,2020,2,17,2,2,0,1,2,0,1,0,1,0,0,1,13.41273681,52.53255837
1,1200623,2020,2,10,3,3,1,5,0,1,1,0,0,0,0,0,13.35767312,52.53575071
6,6100205,2020,2,10,2,3,4,6,0,0,1,0,0,0,0,1,13.3546693,52.44862156
5,5100208,2020,2,16,6,3,2,6,1,0,1,0,0,0,0,0,13.14963757,52.55410616
8,8200832,2020,2,7,2,3,5,3,0,1,1,0,0,0,0,1,13.43516242,52.42305838
12,12400723,2020,2,14,3,2,5,3,0,0,1,0,0,0,1,1,13.30906525,52.62169397
3,3400725,2020,2,15,7,3,6,4,0,0,1,1,0,0,0,1,13.42893807,52.58484822
6,6200311,2020,2,15,6,3,2,2,0,0,1,0,0,0,1,1,13.35151288,52.43362477
6,6200317,2020,2,16,4,3,5,3,0,0,1,0,0,0,0,0,13.36509695,52.42395589
3,3601453,2020,2,15,7,3,5,2,0,0,1,0,0,0,0,1,13.45810865,52.52550511
1,1100310,2020,2,14,7,3,0,1,0,1,0,0,0,0,0,1,13.41673973,52.52379044
3,3601450,2020,2,14,6,3,2,6,0,0,1,0,0,0,0,0,13.45747401,52.52872293
9,9100408,2020,2,14,4,3,2,6,0,0,1,0,0,0,1,0,13.51029825,52.44430667
7,7501135,2020,2,12,7,3,5,2,0,0,1,0,0,0,0,1,13.3984471,52.41955182
7,7501029,2020,2,6,3,3,5,3,2,0,0,0,1,0,1,0,13.37899528,52.43768447
4,4501044,2020,2,9,2,3,5,2,0,1,1,0,0,0,0,1,13.3201242,52.49797218
5,5100104,2020,2,14,6,3,2,6,0,0,1,0,0,0,0,0,13.20787238,52.5571009
1,1300732,2020,2,16,1,3,0,5,1,0,1,0,0,0,1,0,13.39062525,52.56306609
2,2100105,2020,2,10,3,3,5,7,0,1,1,0,0,0,0,1,13.41460097,52.50022911
9,9100304,2020,2,12,7,3,5,3,0,1,1,0,0,0,0,1,13.48418507,52.46315443
3,3500936,2020,2,17,2,3,0,2,1,0,0,1,0,0,1,1,13.45894946,52.55015975
2,2400623,2020,2,16,4,3,5,3,1,1,1,0,0,0,0,0,13.43112295,52.51284488
6,6200421,2020,2,4,7,2,1,1,2,0,1,0,0,0,0,1,13.31609638,52.42623649
3,3100103,2020,2,16,2,3,6,4,0,0,1,1,0,0,0,1,13.49310058,52.63640885
4,4300619,2020,2,19,2,3,9,1,2,0,1,1,0,0,0,1,13.31508416,52.5145434
7,7300517,2020,2,11,3,3,2,2,0,0,1,0,1,0,0,0,13.33751492,52.47632985
3,3200204,2020,2,12,2,2,5,2,0,0,1,0,0,0,0,1,13.40207211,52.60285098
6,6100101,2020,2,8,2,3,6,4,0,0,1,1,0,0,0,1,13.31552565,52.45343997
2,2100106,2020,2,1,2,3,5,2,2,0,1,0,0,0,0,1,13.39959767,52.49839432
12,12100101,2020,2,14,6,3,5,3,0,0,1,0,1,0,0,0,13.37763228,52.56360886
1,1300835,2020,2,10,1,2,6,7,0,0,1,1,0,0,0,0,13.38633808,52.53467885
3,3400725,2020,2,7,2,2,6,4,1,0,1,1,0,0,0,1,13.41157151,52.58227894
3,3400620,2020,2,12,7,2,5,2,0,0,1,0,0,0,0,1,13.38067521,52.57458269
4,4501150,2020,2,15,4,3,5,3,0,1,1,0,0,0,0,0,13.32249322,52.48530511
10,10100207,2020,1,5,6,3,6,2,2,0,1,1,0,0,0,1,13.58196063,52.55050678
11,11200513,2020,2,14,6,3,5,2,0,1,1,0,0,0,0,0,13.48120369,52.53866019
6,6200421,2020,2,18,2,3,6,2,2,0,1,1,0,0,0,1,13.31221169,52.43043263
5,5200631,2020,2,12,6,3,0,5,0,0,1,0,0,0,1,0,13.196713,52.52590106
9,9100305,2020,2,8,3,2,6,4,0,0,0,1,0,0,1,0,13.49198094,52.4696593
2,2500832,2020,2,23,1,3,5,2,2,0,1,0,1,0,0,1,13.46886336,52.50680478
4,4100101,2020,2,13,6,3,5,2,0,0,1,0,0,0,0,0,13.3022473,52.54789166
12,12500824,2020,1,23,6,3,1,5,2,1,1,0,0,0,0,0,13.29920514,52.59133002
10,10100312,2020,2,15,2,2,5,3,0,1,1,0,0,0,0,1,13.5386662,52.52475783
4,4300416,2020,2,12,6,3,0,3,0,0,1,0,1,0,0,0,13.29392311,52.50527065
7,7501029,2020,1,21,6,3,5,3,2,1,1,0,0,0,0,0,13.37907267,52.44807306
11,11300722,2020,2,7,4,3,5,2,0,1,0,0,0,0,1,1,13.47540993,52.52039926
11,11200410,2020,2,17,2,3,5,3,2,1,1,0,0,0,0,1,13.49392604,52.55939323
9,9200511,2020,2,12,6,3,5,7,0,0,1,0,0,0,1,0,13.51490613,52.46224393
1,1300733,2020,2,15,3,3,5,3,0,0,1,0,0,0,0,1,13.39374515,52.55049556
4,4501153,2020,1,18,6,3,5,7,2,0,1,0,0,0,0,0,13.33204688,52.48752551
7,7501029,2020,2,12,6,3,5,3,0,0,1,0,0,0,0,0,13.3688955,52.4360911
2,2200208,2020,2,19,5,3,5,2,2,1,1,0,0,0,0,0,13.3797285,52.49563942
4,4501045,2020,1,17,6,3,5,3,2,1,1,0,0,0,0,0,13.32456783,52.4979472
1,1400938,2020,2,10,3,3,5,2,0,0,1,0,0,1,0,0,13.34327157,52.53934761
2,2100106,2020,2,10,2,3,0,7,0,0,0,0,0,1,0,1,13.40116667,52.49842781
9,9100407,2020,2,6,6,3,1,5,1,0,1,0,0,0,0,0,13.5005968,52.44143983
5,5100316,2020,2,15,3,2,0,6,0,0,1,0,0,0,1,0,13.20527021,52.53579512
11,11200514,2020,2,12,2,3,2,6,0,0,1,0,0,0,0,1,13.47585134,52.53321655
4,4300624,2020,2,15,6,1,3,1,0,1,1,0,0,0,0,0,13.32267896,52.50586761
7,7601544,2020,2,14,3,3,5,5,0,1,1,0,0,0,0,0,13.39954727,52.38667515
4,4400835,2020,1,15,6,3,6,4,0,0,1,1,0,0,0,0,13.32027068,52.47687146
4,4501148,2020,2,15,5,3,6,2,0,0,1,1,0,0,0,0,13.31487921,52.48156637
1,1400942,2020,2,14,4,3,2,2,0,0,1,0,0,0,0,0,13.34852322,52.54283116
12,12400619,2020,1,12,6,3,1,5,0,1,1,0,0,0,1,0,13.24526942,52.61065649
1,1100312,2020,2,14,2,3,2,6,0,0,1,0,0,0,0,1,13.40922725,52.51044776
1,1300730,2020,2,18,3,3,6,2,2,0,1,1,0,0,0,1,13.36970432,52.55965994
8,8100102,2020,2,7,2,3,5,3,0,1,1,0,0,0,0,1,13.41551232,52.48066091
9,9200819,2020,2,20,5,3,5,2,2,0,1,0,0,0,1,0,13.5662855,52.44527094
1,1100206,2020,2,9,1,3,2,6,0,1,1,0,0,0,0,0,13.38806574,52.5214724
12,12500824,2020,2,7,2,3,2,6,1,0,1,0,0,0,0,1,13.28538002,52.59511454
9,9301227,2020,1,12,6,3,5,3,0,1,1,0,0,0,0,1,13.63522428,52.3910471
4,4501041,2020,2,16,4,3,2,6,0,0,1,0,0,0,0,0,13.31479366,52.50096195
3,3601245,2020,2,4,1,2,9,1,2,0,0,0,1,0,0,0,13.43012384,52.5513681
5,5100206,2020,2,13,3,3,6,4,0,0,1,1,0,0,0,0,13.15830423,52.56207765
9,9200613,2020,1,14,6,3,0,1,0,1,0,0,0,0,0,0,13.50247696,52.46127599
4,4200311,2020,2,18,4,3,3,6,2,0,1,0,0,0,0,0,13.27509323,52.5011092
5,5200631,2020,1,12,6,3,0,1,0,1,0,0,0,0,0,0,13.19772155,52.51404422
8,8200832,2020,2,18,2,2,6,2,2,0,1,1,0,0,0,1,13.41693948,52.41813429
1,1200625,2020,2,17,3,3,6,4,2,0,1,1,0,0,0,1,13.34487018,52.52631874
2,2400623,2020,2,15,2,3,5,2,0,0,1,0,0,0,0,1,13.43193751,52.51512287
1,1100310,2020,2,19,5,3,5,2,2,1,1,0,0,0,0,0,13.41533022,52.52064936
4,4501040,2020,2,22,1,3,6,2,2,0,1,1,0,0,0,1,13.31282961,52.50066797
9,9200613,2020,1,14,6,3,0,1,0,1,0,0,0,0,0,0,13.51839364,52.45345844
1,1401046,2020,2,8,4,3,5,2,0,1,0,0,0,0,1,1,13.34945034,52.54232033
1,1200520,2020,1,11,6,3,3,6,0,1,1,0,0,0,0,0,13.33837755,52.52652024
4,4501153,2020,2,17,2,3,2,6,2,1,1,0,0,0,0,1,13.33277831,52.47848412
5,5300736,2020,2,18,5,3,2,6,2,0,1,0,1,0,0,0,13.22272793,52.53719046
5,5200631,2020,1,11,6,3,5,7,0,0,1,0,0,0,0,0,13.1969834,52.52542643
5,5100317,2020,2,18,5,3,4,2,2,0,1,0,0,0,0,0,13.21168066,52.52760016
1,1100308,2020,2,20,2,3,5,2,2,1,1,0,0,0,0,1,13.38699847,52.52713981
1,1100310,2020,2,17,5,3,4,2,2,1,0,0,0,0,0,0,13.41755356,52.52445182
12,12100205,2020,2,9,3,3,1,1,0,0,1,0,0,0,1,1,13.36364175,52.5767118
9,9200715,2020,2,8,2,2,5,3,0,1,0,0,0,0,1,1,13.5453701,52.42579737
2,2300419,2020,2,17,5,3,6,4,2,0,1,1,0,0,0,0,13.44824821,52.4976206
9,9401431,2020,1,11,6,2,1,5,0,1,1,0,0,0,0,0,13.59154297,52.44512895
3,3501038,2020,2,5,4,3,6,2,2,0,1,1,0,0,0,1,13.47754381,52.56061815
7,7501029,2020,2,16,2,3,2,6,1,0,1,0,0,0,0,1,13.37161902,52.44693444
1,1400940,2020,2,17,5,3,6,2,2,0,1,1,0,0,0,0,13.35109918,52.55826328
7,7601544,2020,2,16,3,3,5,2,0,0,1,0,0,0,0,1,13.40680715,52.39376891
8,8401243,2020,1,10,6,3,0,7,0,0,1,0,1,0,0,1,13.49691786,52.41832749
7,7200307,2020,2,17,5,3,0,1,2,1,0,0,0,0,0,0,13.34184658,52.49299149
9,9401329,2020,2,14,4,3,0,7,0,1,1,0,0,0,0,0,13.59460538,52.4267259
12,12200307,2020,2,6,3,3,6,2,2,0,1,1,0,0,0,1,13.32977278,52.56911327
1,1200623,2020,2,22,1,3,5,3,2,0,1,0,0,0,0,1,13.35738394,52.53594541
1,1100415,2020,2,16,5,3,5,2,1,1,0,0,1,0,0,0,13.38975277,52.53175051
4,4501042,2020,2,9,5,3,2,7,0,1,1,0,0,0,0,0,13.33391388,52.50205445
8,8100103,2020,1,9,6,3,5,3,0,1,1,0,0,0,0,0,13.42496634,52.47409765
5,5300736,2020,2,13,3,3,0,2,0,0,1,0,0,0,1,0,13.22882694,52.53788635
1,1300733,2020,2,11,2,3,2,6,0,0,1,0,0,0,0,1,13.38667346,52.5558344
7,7400823,2020,2,16,5,3,2,2,0,0,1,0,0,0,0,0,13.3720898,52.4698052
3,3500934,2020,2,18,3,3,2,2,2,0,1,0,0,0,0,1,13.43049892,52.55177053
10,10200421,2020,1,9,6,3,0,1,0,0,0,0,1,0,0,0,13.60492252,52.5367932
5,5100314,2020,2,12,5,3,5,3,0,1,1,0,0,0,0,0,13.21008132,52.5489943
2,2500830,2020,2,14,4,2,5,3,0,0,1,0,0,0,1,0,13.46145865,52.51214017
2,2400521,2020,1,9,6,3,5,3,0,1,1,0,0,0,0,1,13.44111026,52.51819724
7,7200307,2020,2,17,3,3,3,6,2,0,1,0,0,0,0,0,13.34497245,52.48604445
10,10300734,2020,1,9,6,3,6,4,0,0,1,1,0,0,0,0,13.56577338,52.5043754
1,1100206,2020,2,8,3,3,5,2,0,1,0,0,0,0,1,0,13.39105181,52.51487927
3,3200309,2020,2,9,2,3,0,5,0,1,1,0,0,0,0,1,13.43194978,52.60398101
9,9501940,2020,2,9,5,2,0,1,0,1,0,0,0,0,0,0,13.59280129,52.45417204
3,3601244,2020,2,18,1,3,0,1,2,0,1,0,0,0,0,0,13.42234395,52.54799942
8,8200623,2020,2,12,3,3,2,6,0,0,1,0,0,0,0,0,13.43690208,52.45671584
12,12200414,2020,1,8,6,3,2,6,0,0,1,0,0,0,0,0,13.2955428,52.55016173
7,7400927,2020,2,14,2,3,5,3,0,0,1,0,0,0,1,1,13.40251168,52.46001981
11,11300722,2020,2,16,4,3,5,2,1,1,1,0,0,0,0,0,13.48392803,52.52322371
11,11200410,2020,1,8,6,3,6,4,0,0,1,1,0,0,0,0,13.50015923,52.56135891
6,6400843,2020,2,13,2,3,6,4,0,0,1,1,0,0,0,1,13.29324019,52.45805665
5,5400942,2020,2,20,2,3,4,6,2,0,1,0,0,0,0,1,13.18263959,52.48611478
1,1200520,2020,2,18,3,3,6,2,2,0,1,1,0,0,0,0,13.34337575,52.53193911
12,12200412,2020,2,14,2,3,5,3,0,0,1,0,0,0,0,1,13.29686243,52.58023445
9,9100306,2020,2,9,5,3,5,3,0,0,1,0,0,0,0,0,13.46092691,52.45422989
8,8401244,2020,1,8,6,3,3,6,0,0,0,0,0,0,1,0,13.49860153,52.41031983
2,2200210,2020,2,8,4,3,5,2,0,1,1,0,0,0,0,1,13.39074288,52.49597951
1,1300732,2020,2,16,6,2,1,5,1,0,1,0,1,0,0,1,13.39054322,52.55750575
6,6200421,2020,2,13,4,3,0,3,0,0,1,0,1,0,0,1,13.31304074,52.42283517
6,6200312,2020,2,9,7,3,2,6,0,0,1,0,0,0,0,0,13.34164132,52.44202804
11,11100204,2020,2,18,7,3,6,4,2,0,1,1,0,0,0,0,13.52251719,52.5665276
4,4300517,2020,2,9,3,3,2,2,0,0,1,0,0,0,0,1,13.30505782,52.528676
1,1100207,2020,2,20,2,3,5,5,2,1,0,0,0,0,1,0,13.39461227,52.5079463
1,1100206,2020,2,13,5,3,2,7,0,0,1,0,1,0,0,1,13.38822835,52.52054342
12,12200414,2020,2,16,6,3,2,6,0,0,1,0,0,0,0,0,13.29573829,52.55011579
9,9200819,2020,2,14,6,3,0,7,0,0,0,1,0,0,1,0,13.56913989,52.44390773
11,11300721,2020,2,18,4,3,2,6,2,0,0,0,1,0,1,1,13.50017024,52.53439331
8,8100104,2020,2,18,3,3,5,2,1,1,1,0,0,0,0,1,13.43031494,52.46920721
4,4501153,2020,2,14,6,3,5,2,0,1,1,0,0,0,0,1,13.32944712,52.48153112
12,12500928,2020,2,9,3,2,2,6,0,0,1,0,1,0,0,1,13.3168827,52.60614991
1,1100308,2020,2,6,6,1,0,7,2,0,0,0,0,0,1,0,13.38040363,52.53270273
9,9100101,2020,2,7,2,3,2,7,0,0,1,0,0,1,0,1,13.45496389,52.49414844
9,9200715,2020,2,14,2,3,3,6,0,0,1,0,0,0,1,0,13.5386335,52.43428639
5,5100104,2020,2,7,5,3,6,4,0,0,1,1,0,0,0,0,13.21346742,52.56097005
2,2500834,2020,2,10,2,3,5,2,0,0,1,0,0,0,0,0,13.45882062,52.50654194
2,2100104,2020,2,16,2,3,5,2,0,1,1,0,0,0,0,0,13.41103441,52.50349118
5,5100316,2020,2,11,5,3,6,7,0,0,1,1,0,0,0,0,13.20266497,52.53792431
4,4501150,2020,2,13,6,3,5,7,0,0,1,0,0,0,0,1,13.32089547,52.48653732
6,6200312,2020,2,17,4,3,5,2,1,0,1,0,0,0,0,1,13.33878878,52.44438083
10,10100206,2020,2,15,3,3,6,4,0,0,1,1,0,0,0,1,13.56425658,52.55752668
7,7601341,2020,2,13,6,3,5,2,0,1,0,0,0,0,1,1,13.38219529,52.39934546
11,11300722,2020,2,17,3,3,2,2,2,1,1,0,0,0,0,1,13.47351311,52.52298683
1,1200520,2020,2,23,6,3,0,1,2,0,0,0,0,0,1,1,13.33810988,52.52849623
4,4501042,2020,2,20,2,3,6,4,2,0,1,1,0,0,0,1,13.32916171,52.50028057
7,7501031,2020,2,19,5,2,5,5,2,0,1,0,1,0,0,1,13.3950868,52.45294232
5,5300839,2020,2,18,4,3,6,2,2,0,1,1,0,0,0,1,13.25886793,52.54811207
6,6200317,2020,2,18,6,2,5,2,2,1,1,0,0,0,0,1,13.35936799,52.4202653
3,3400829,2020,2,14,4,3,5,3,0,1,1,0,0,0,0,0,13.42165812,52.56248698
5,5100104,2020,2,9,7,3,2,6,0,0,1,0,0,0,0,0,13.21562488,52.56068277
2,2300315,2020,2,14,1,3,5,3,0,1,1,0,0,0,0,1,13.43122871,52.49938597
6,6100210,2020,2,13,3,3,5,2,0,0,1,0,1,0,0,1,13.34274989,52.46304356
3,3200309,2020,2,17,6,3,5,3,2,0,1,0,0,0,0,1,13.4321987,52.60445673
3,3701555,2020,2,14,4,3,5,2,0,1,0,0,0,0,1,0,13.4238455,52.53831889
4,4300622,2020,2,6,6,3,5,3,2,0,1,0,0,0,0,1,13.33024688,52.51323406
9,9501737,2020,2,8,4,3,5,3,0,1,0,0,0,0,0,0,13.63049289,52.45058384
4,4300414,2020,2,20,1,3,6,4,2,0,1,1,0,0,0,1,13.2957694,52.51921065
12,12500926,2020,2,15,3,3,3,6,0,0,0,0,0,0,1,0,13.33562224,52.59568084
5,5300736,2020,2,5,6,3,2,6,2,0,1,0,1,0,0,1,13.21612737,52.53812463
2,2200212,2020,2,12,3,3,1,5,0,1,0,0,0,1,0,1,13.41150355,52.49122657
11,11200411,2020,2,14,6,3,5,2,0,1,1,0,0,0,0,0,13.51392967,52.55127203
1,1100308,2020,2,18,2,3,0,1,2,0,1,0,1,0,0,1,13.38583332,52.52833641
7,7300517,2020,2,20,4,1,6,4,2,0,0,1,0,0,1,1,13.33537469,52.47164787
3,3601245,2020,2,9,4,3,0,1,0,1,0,0,0,0,0,1,13.43125367,52.550923
1,1401043,2020,2,5,6,3,5,3,2,0,1,0,0,0,0,1,13.36272927,52.54669442
1,1200517,2020,2,14,4,3,0,1,0,0,0,0,1,0,0,0,13.32173737,52.52813748
2,2300314,2020,2,1,7,3,2,6,2,0,1,0,0,0,0,0,13.41518692,52.50250137
4,4300622,2020,2,20,7,3,6,2,2,0,1,1,0,0,0,1,13.32561463,52.50557609
1,1100308,2020,2,9,3,2,6,4,0,0,0,1,0,0,1,0,13.38752289,52.52471814
11,11100204,2020,2,7,2,3,2,2,0,1,1,0,0,0,0,0,13.51520983,52.56695025
5,5200526,2020,2,7,6,3,6,4,0,1,0,1,0,0,0,0,13.15581803,52.52170951
10,10100312,2020,2,5,5,2,0,7,2,0,1,0,0,0,0,0,13.54885605,52.53399666
1,1401045,2020,2,12,2,2,6,7,0,0,1,1,0,0,0,0,13.37984575,52.55290166
5,5200526,2020,2,8,6,2,6,4,0,0,1,1,0,0,0,1,13.15576166,52.52161257
7,7601442,2020,2,11,2,2,5,2,0,0,1,0,0,0,0,0,13.40121932,52.41461363
2,2400522,2020,2,21,4,3,3,6,2,1,1,0,0,0,0,1,13.44871518,52.51840477
7,7300516,2020,2,8,4,2,5,3,0,1,1,0,0,0,0,1,13.32838175,52.46701586
1,1401049,2020,2,22,5,3,5,3,2,1,1,0,0,0,0,1,13.36676245,52.55214891
6,6200312,2020,2,13,4,3,5,7,0,1,1,0,0,0,0,1,13.33821165,52.43841793
10,10400837,2020,2,13,7,3,5,3,0,0,1,0,0,0,0,0,13.58388679,52.48357785
11,11300722,2020,2,18,7,3,5,2,2,1,1,0,0,0,0,0,13.48457563,52.51364487
9,9200613,2020,2,6,2,3,2,7,2,0,1,0,0,0,0,1,13.51767747,52.45439611
4,4501041,2020,2,19,2,3,2,6,2,0,1,0,0,0,0,0,13.32151714,52.50184143