BEZ,LOR_ab_2021,UJAHR,UMONAT,USTUNDE,UWOCHENTAG,UKATEGORIE,UART,UTYP1,ULICHTVERH,IstRad,IstPKW,IstFuss,IstKrad,IstGkfz,IstSonstige,USTRZUSTAND,XGCSWGS84,YGCSWGS84
8,8200832,2020,2,14,5,3,5,2,0,0,1,0,0,0,1,1,13.42754028,52.42075235
7,7601544,2020,2,22,5,3,5,3,2,0,1,0,0,0,0,1,13.40966316,52.38739322
7,7300618,2020,2,21,5,3,5,3,2,1,1,0,0,0,0,1,13.33617596,52.4674232
4,4400834,2020,2,18,4,3,5,2,2,1,1,0,0,0,0,1,13.31037473,52.47901751
1,1100310,2020,2,17,3,3,5,2,0,1,1,0,0,0,0,0,13.41533022,52.52064936
6,6200314,2020,2,19,5,2,6,4,2,0,0,1,0,0,1,1,13.3397812,52.43285844
1,1100312,2020,2,6,3,3,5,3,1,1,1,0,0,0,0,1,13.41354397,52.50843062
6,6300528,2020,2,19,5,3,2,6,2,0,1,0,0,0,0,1,13.26128105,52.42561874
12,12500930,2020,2,19,4,3,5,2,2,0,1,0,0,0,0,1,13.3398998,52.58804025
1,1100101,2020,2,11,3,3,0,6,0,0,1,0,1,0,0,1,13.33983764,52.5053768
9,9200614,2020,2,19,5,2,6,4,2,0,1,1,0,0,0,1,13.53953897,52.45081783
7,7400823,2020,2,19,3,3,5,3,2,1,1,0,0,0,0,0,13.3719323,52.46968117
3,3400620,2020,2,11,7,3,1,5,0,0,1,0,0,0,0,0,13.39141596,52.57149671
6,6400844,2020,2,9,2,3,5,2,0,1,1,0,0,0,0,1,13.27043468,52.45090533
4,4501044,2020,2,15,2,3,5,3,0,0,1,0,0,0,0,0,13.32031545,52.49805865
2,2100106,2020,2,11,5,3,2,6,0,0,1,0,0,0,0,0,13.40334556,52.498447
3,3400721,2020,2,18,5,3,2,6,1,0,1,0,0,0,0,1,13.39443603,52.56509862
7,7501029,2020,2,16,4,3,2,6,0,0,1,0,0,0,0,1,13.37999917,52.44403022
10,10200418,2020,2,16,3,3,0,3,0,0,1,0,0,0,1,0,13.58641651,52.5394017
5,5200420,2020,2,18,5,3,0,3,2,0,1,0,1,0,0,1,13.17901605,52.53176724
11,11300723,2020,2,14,3,2,5,3,0,1,1,0,0,0,0,0,13.48612801,52.52077164
10,10100209,2020,2,17,6,2,6,4,2,0,1,1,0,0,0,0,13.57280697,52.55023823
7,7501029,2020,2,19,2,3,2,2,2,0,1,0,0,0,0,1,13.37138132,52.43660865
4,4501153,2020,2,8,6,2,2,6,0,0,1,0,0,0,0,1,13.32937142,52.48142875
7,7100102,2020,2,21,2,3,2,6,2,0,1,0,0,0,0,1,13.34623372,52.50019684
9,9200819,2020,2,15,1,3,5,2,0,1,1,0,0,0,0,1,13.56962674,52.4418746
10,10200418,2020,2,7,5,3,6,4,0,0,1,1,0,0,0,0,13.59136791,52.5439805
3,3300516,2020,2,13,4,3,0,1,0,1,0,0,0,0,0,1,13.43998189,52.56746936
8,8200622,2020,2,18,5,3,2,6,2,0,1,0,0,0,0,1,13.43499993,52.46132236
3,3400725,2020,2,15,4,3,1,5,0,1,0,0,0,0,1,1,13.40737177,52.58180505
4,4501042,2020,2,17,1,3,5,2,2,0,1,0,0,0,0,1,13.33134202,52.50379112
1,1100309,2020,2,14,3,3,2,7,0,1,1,0,0,0,0,1,13.40054212,52.52959463
2,2200213,2020,2,16,5,3,6,4,1,0,1,1,0,0,0,0,13.42380656,52.49041317
2,2200210,2020,2,11,3,3,5,2,0,0,1,0,0,0,0,0,13.40021039,52.49017543
12,12400722,2020,2,13,6,3,5,3,0,0,1,0,0,0,0,0,13.29128572,52.6257296
3,3601141,2020,2,14,2,3,0,6,0,1,1,0,0,0,0,0,13.41224215,52.55068609
7,7400823,2020,2,22,4,3,6,2,2,0,1,1,0,0,0,1,13.37739733,52.46487385
3,3601449,2020,2,8,4,3,5,2,0,0,1,0,0,0,0,1,13.44951459,52.53722008
11,11200410,2020,2,14,4,3,5,2,0,1,1,0,0,0,0,1,13.50397829,52.55276105
10,10100311,2020,2,22,6,1,6,4,2,0,0,1,0,0,1,1,13.53602799,52.52580357
6,6100210,2020,2,16,5,3,5,3,0,0,1,0,1,0,0,1,13.34257867,52.46304634
1,1300733,2020,2,11,4,3,5,3,0,1,0,0,0,0,0,1,13.38760522,52.55000251
4,4300623,2020,2,9,5,3,3,6,0,1,0,0,0,0,0,0,13.30632959,52.51001285
8,8200726,2020,2,7,4,3,6,4,0,0,1,1,0,0,0,1,13.44097726,52.44751145
4,4400728,2020,2,14,6,3,2,6,0,0,1,0,0,0,0,1,13.27195399,52.47976111
9,9501939,2020,2,9,1,2,6,4,0,0,1,1,0,0,0,1,13.57230703,52.4511674
5,5100209,2020,2,12,3,3,2,6,0,0,1,0,0,0,0,0,13.18439613,52.54582384
12,12500930,2020,2,11,2,3,2,6,0,0,1,0,0,0,1,0,13.33023384,52.58743172
5,5100206,2020,2,9,6,3,5,5,0,0,1,0,1,0,0,1,13.15793475,52.5614581
9,9100306,2020,2,22,1,3,2,6,2,0,1,0,0,0,0,0,13.47897305,52.44304231
1,1100310,2020,2,16,7,3,5,3,1,1,1,0,0,0,0,0,13.41178596,52.528146
10,10100102,2020,2,19,4,3,5,2,2,0,1,0,0,0,0,1,13.56563535,52.57043429
1,1100102,2020,2,7,4,3,8,1,0,0,1,0,0,0,0,1,13.3501865,52.5137027
1,1100205,2020,2,15,5,3,5,3,0,1,1,0,0,0,0,0,13.37931727,52.5070347
2,2100103,2020,2,8,4,3,2,2,0,0,1,0,1,0,0,1,13.40175855,52.50612636
2,2200210,2020,2,23,6,3,6,4,2,0,1,1,0,0,0,1,13.40667002,52.49467668
1,1200628,2020,2,15,7,3,1,5,0,1,1,0,0,0,0,0,13.37205149,52.52728095
4,4300619,2020,2,21,2,3,5,3,2,0,1,0,0,0,0,1,13.31515277,52.51467841
9,9200819,2020,2,15,7,3,2,6,0,0,1,0,0,0,0,0,13.56390862,52.43806269
11,11300721,2020,2,16,2,3,0,2,0,0,1,0,0,0,1,0,13.49975998,52.53412721
4,4100101,2020,2,13,5,2,2,7,0,0,1,0,0,0,0,1,13.30566802,52.54793695
1,1100309,2020,2,19,7,3,0,5,2,1,1,0,0,0,0,1,13.40240684,52.52833963
2,2200212,2020,2,9,3,3,5,3,0,1,1,0,0,0,0,1,13.41360456,52.48840101
2,2500830,2020,2,20,7,3,1,5,2,1,1,0,0,0,0,0,13.45852812,52.51350408
12,12200308,2020,2,5,2,3,2,6,2,0,1,0,0,0,0,0,13.31542146,52.5765272
9,9200511,2020,2,16,5,3,0,5,0,1,1,0,0,0,0,0,13.520393,52.46099905
11,11400930,2020,2,15,5,3,6,6,0,1,0,1,0,0,0,0,13.51100306,52.50408044
5,5100316,2020,2,14,5,3,5,2,0,0,1,0,0,0,0,0,13.20417515,52.54051952
1,1100102,2020,2,18,4,3,5,3,2,0,1,0,1,0,0,1,13.35065297,52.51515771
9,9200819,2020,2,7,3,3,2,6,0,0,1,0,0,0,0,1,13.5677537,52.44064886
12,12400721,2020,2,12,5,3,5,3,0,1,1,0,0,0,0,0,13.28933432,52.63629489
1,3601140,2020,2,11,3,2,6,6,0,1,0,1,0,0,0,0,13.39860254,52.55462933
4,4501045,2020,2,3,7,3,9,1,2,0,1,0,0,0,0,0,13.33107149,52.49514873
4,4501043,2020,2,9,2,2,6,4,0,0,1,1,0,0,0,0,13.31103186,52.4957468
9,9401534,2020,2,18,7,3,2,7,2,1,1,0,0,0,0,0,13.57473063,52.44598563
6,6400838,2020,2,15,2,3,5,3,0,0,1,0,1,0,0,0,13.23384913,52.43863034
6,6200317,2020,2,8,5,3,5,2,0,1,1,0,0,0,0,0,13.3572529,52.42297658
1,2400521,2020,2,14,4,3,1,5,0,1,0,0,0,0,1,1,13.42733259,52.51962298
2,2400521,2020,2,12,5,3,5,2,0,1,1,0,0,0,0,0,13.44061195,52.51702494
12,12200414,2020,2,15,4,3,2,6,1,0,1,0,0,0,0,1,13.24971064,52.55345432
2,2500834,2020,2,9,5,3,5,2,0,1,0,0,0,1,0,0,13.45877116,52.50644052
1,1100415,2020,2,18,4,3,5,2,2,1,1,0,0,0,0,1,13.39904404,52.53264572
4,4300622,2020,2,17,3,3,2,6,0,0,1,0,0,0,0,0,13.32253725,52.5117997
1,1400940,2020,2,9,5,2,5,3,0,1,1,0,0,0,0,0,13.35698475,52.55996176
4,4501041,2020,2,17,3,3,5,2,2,0,0,0,0,1,1,1,13.32166963,52.50186486
4,4501148,2020,2,23,6,3,5,2,2,0,1,0,0,0,0,0,13.31292675,52.48033431
1,1100313,2020,2,20,2,3,1,5,2,1,1,0,0,0,0,1,13.42295946,52.50928848
4,4500938,2020,2,16,7,3,5,3,0,0,1,0,1,0,0,0,13.29964103,52.49469322
3,3300516,2020,2,2,1,3,1,1,2,0,1,0,0,0,0,0,13.43340214,52.5583189
4,4300624,2020,2,7,5,3,6,4,0,1,0,1,0,0,0,0,13.31772034,52.50732867
1,1100308,2020,2,22,4,3,5,2,2,0,1,0,1,0,0,1,13.38682794,52.52712301
10,10300731,2020,2,9,5,3,5,3,0,0,1,0,0,0,0,0,13.55794796,52.52964728
1,1401048,2020,2,14,4,2,5,2,0,1,0,0,0,0,1,0,13.35637022,52.55248615
1,1300732,2020,2,23,6,2,6,4,2,0,1,1,0,0,0,0,13.38593166,52.55832767
3,3500933,2020,2,15,1,3,1,5,0,0,1,0,0,0,0,1,13.45190284,52.55208511
10,10400938,2020,2,13,3,3,5,3,0,0,1,0,0,0,0,1,13.61172178,52.51417374
3,3400619,2020,2,8,5,3,5,3,0,1,1,0,0,0,0,0,13.36573175,52.58418034
5,5100317,2020,2,14,2,3,2,6,0,0,1,0,0,0,0,0,13.23157206,52.52773192
9,9100203,2020,2,7,6,3,0,7,0,1,1,0,1,1,0,1,13.47885706,52.47764964
9,9100304,2020,2,14,2,3,6,7,0,1,0,1,0,0,0,0,13.48779914,52.46617759
1,1100205,2020,2,20,1,3,1,5,2,0,1,0,0,0,0,1,13.38199347,52.50719899
2,2400521,2020,2,16,3,2,6,4,0,0,1,1,0,0,0,0,13.42936587,52.52111132
6,6300527,2020,2,8,5,3,5,2,0,1,1,0,0,0,0,0,13.27727813,52.43390398
3,3400725,2020,2,12,3,3,5,3,0,1,1,0,0,0,0,1,13.41439377,52.58310773
2,2200212,2020,2,15,6,3,2,6,0,0,1,0,0,0,0,0,13.41650872,52.48781767
8,8100415,2020,2,18,2,3,5,3,2,0,1,0,0,0,0,1,13.44754394,52.47608232
1,1100313,2020,2,14,5,3,0,2,0,1,1,0,0,0,0,1,13.42208871,52.5051104
5,5100317,2020,2,11,4,2,8,1,0,0,0,0,1,0,0,1,13.2064969,52.53481612
12,12100204,2020,2,7,5,3,1,1,0,0,1,0,0,0,1,0,13.35206065,52.56606279
4,4501043,2020,2,5,4,3,5,3,2,1,1,0,0,0,0,0,13.31511478,52.49089147
3,3500934,2020,2,21,6,3,0,3,2,0,1,0,1,0,0,1,13.44476466,52.55332007
6,6200421,2020,2,9,1,3,2,6,0,0,1,0,0,0,0,1,13.3171906,52.43077726
2,2500833,2020,2,11,3,3,6,2,0,0,0,1,0,0,1,1,13.45995499,52.50892334
9,9200819,2020,2,15,7,3,2,7,0,1,1,0,0,0,0,0,13.56928878,52.44304067
6,6300526,2020,2,9,2,3,5,3,0,1,1,0,0,0,0,0,13.25760276,52.43123239
1,1100310,2020,2,7,6,3,1,7,0,1,1,0,0,0,0,1,13.40684485,52.51825965
1,1100206,2020,2,13,7,3,5,3,0,0,1,0,0,0,1,0,13.38633783,52.51280421
12,12601235,2020,2,19,4,2,6,2,2,0,1,1,0,0,0,1,13.36050484,52.59699879
12,12500824,2020,2,21,4,2,6,4,2,1,0,1,0,0,0,1,13.30097794,52.60239811
11,11200514,2020,2,8,4,3,5,2,0,1,1,0,0,0,0,1,13.49964895,52.53673503
11,11100309,2020,2,15,5,3,6,7,0,1,0,1,0,0,0,0,13.506649,52.56369199
4,4100101,2020,2,13,4,3,2,6,0,0,1,0,0,0,0,1,13.30541653,52.54794367
1,1401048,2020,2,20,6,3,5,2,2,0,1,0,0,0,0,0,13.35485505,52.55174306
1,1200519,2020,2,18,7,3,0,6,2,1,1,0,0,0,0,1,13.33352741,52.52698074
5,5300736,2020,2,8,3,3,2,6,0,0,1,0,0,0,0,1,13.2097278,52.53837496
2,2200208,2020,2,19,2,3,2,6,2,0,1,0,0,0,0,0,13.38947861,52.49608525
1,1300834,2020,2,14,5,3,3,6,0,0,1,0,0,0,1,1,13.39105363,52.54477365
6,6200314,2020,2,12,4,3,5,3,0,0,1,0,0,0,0,0,13.33566946,52.43331682
8,8100419,2020,2,18,4,2,6,4,2,0,1,1,0,0,0,0,13.4487425,52.48514149
7,7501029,2020,2,18,4,3,1,5,2,1,1,0,0,0,0,0,13.38016276,52.44369539
2,2300316,2020,2,20,3,2,5,7,1,0,1,0,1,0,0,0,13.4305859,52.5063441
1,1100206,2020,2,16,4,3,5,2,0,1,0,0,0,0,0,0,13.3804021,52.51829301
9,9501941,2020,2,7,3,3,4,6,0,1,0,0,0,0,0,0,13.59335848,52.45135357
4,4300416,2020,2,9,6,3,5,3,0,1,1,0,0,0,0,0,13.30130067,52.50796131
8,8401242,2020,2,0,2,3,1,5,2,0,1,0,0,0,1,0,13.48757452,52.41315367
6,6400735,2020,2,13,7,3,5,3,0,1,1,0,0,0,0,0,13.15055898,52.41842298
4,4500937,2020,2,14,2,3,5,2,0,0,1,0,0,0,1,0,13.28768781,52.49607645
1,1100309,2020,2,0,4,3,5,2,2,1,0,0,0,0,1,1,13.40365659,52.52604271
11,11200411,2020,2,16,4,3,6,4,0,0,1,1,0,0,0,0,13.49952693,52.54524251
7,7100205,2020,2,22,4,3,5,3,2,0,1,0,0,0,1,1,13.36634817,52.49526713
1,1401046,2020,2,11,7,3,5,2,0,1,1,0,0,0,0,0,13.35411637,52.54161587
8,8200832,2020,2,10,2,3,5,3,0,0,1,0,0,0,0,1,13.43692866,52.42337517
3,3400724,2020,2,15,2,3,5,2,0,1,1,0,0,0,0,0,13.42882495,52.57898206
1,1300835,2020,2,11,5,3,0,1,0,0,0,0,1,0,0,0,13.39335435,52.53737607
7,7400826,2020,2,16,4,3,2,6,0,0,1,0,0,0,1,0,13.37653887,52.45422979
3,3500934,2020,2,17,4,3,6,2,2,0,1,1,0,0,0,1,13.42940222,52.55643715
5,5100104,2020,2,16,3,2,2,6,0,0,1,0,1,0,0,0,13.22020275,52.56017826
8,8300935,2020,2,14,4,3,5,2,0,0,1,0,0,0,0,0,13.44693655,52.42708062
1,1401048,2020,2,15,3,3,5,2,0,1,1,0,0,0,0,1,13.35639303,52.55092891
3,3701555,2020,2,20,6,3,6,2,2,0,1,1,0,0,0,0,13.42232681,52.53551452
6,6300632,2020,2,19,2,3,6,2,2,0,1,1,0,0,0,1,13.3067966,52.42892783
8,8100206,2020,2,18,5,2,6,4,2,0,1,1,0,0,0,1,13.42464998,52.4841662
12,12200411,2020,2,18,4,3,5,3,2,0,1,0,0,0,1,1,13.32174163,52.56049311
9,9502043,2020,2,11,4,3,5,3,0,1,1,0,0,0,0,0,13.58292915,52.46228197
1,1100206,2020,2,8,5,3,5,3,0,1,1,0,0,0,0,0,13.39676596,52.51516753
4,4200311,2020,2,13,4,2,1,5,0,0,1,0,0,0,0,0,13.28508898,52.5128636
8,8100314,2020,2,9,4,3,0,2,0,1,1,1,0,0,0,0,13.42437717,52.48616533
1,1300836,2020,2,16,4,3,3,6,0,0,1,0,0,0,0,0,13.3735206,52.53788965
7,7400823,2020,2,19,1,3,2,6,2,0,1,0,0,0,0,1,13.371786,52.46998284
4,4300619,2020,2,15,3,3,5,3,0,1,1,0,0,0,0,0,13.31409574,52.51812029
5,5100101,2020,2,9,4,2,4,6,0,0,1,0,0,0,0,0,13.1541848,52.59576401
3,3500934,2020,2,11,3,3,5,3,0,0,1,0,0,0,1,1,13.43722171,52.55270162
12,12500930,2020,2,13,6,3,0,1,0,0,0,0,1,0,0,0,13.31654456,52.57895097
5,5200629,2020,2,18,2,3,6,2,2,0,1,1,0,0,0,1,13.198173,52.53303875
11,11400929,2020,2,13,7,3,5,3,0,0,1,0,0,0,0,0,13.49647582,52.50348874
10,10400836,2020,2,21,4,3,6,2,2,0,0,1,0,0,1,1,13.59133611,52.50651331
11,11300721,2020,2,9,4,3,6,4,0,0,1,1,0,0,0,1,13.48783851,52.53381487
12,12100102,2020,2,9,4,3,5,3,0,0,1,0,0,0,1,0,13.37741308,52.57131093
8,8100208,2020,2,14,4,2,6,4,0,0,1,1,0,0,0,1,13.43299419,52.47021761
12,12200310,2020,2,19,6,3,9,1,2,0,1,0,0,0,0,0,13.30177544,52.56931039
1,1100310,2020,2,19,7,3,2,2,2,0,1,0,0,0,1,1,13.41014311,52.5225817
2,2200209,2020,2,9,3,3,1,5,0,1,1,0,0,0,0,1,13.38054953,52.48971098
3,3400828,2020,2,7,2,3,2,2,0,0,1,0,0,0,0,0,13.42775671,52.56058743
3,3400725,2020,2,7,4,3,1,5,0,1,1,0,0,0,0,1,13.41650961,52.58217679
10,10100210,2020,2,17,6,3,6,7,1,0,1,1,0,0,0,1,13.54225442,52.54263044
9,9200715,2020,2,10,1,3,5,2,0,0,1,0,0,1,0,1,13.53638623,52.43287431
4,4300517,2020,2,12,3,3,5,3,0,1,1,0,0,0,0,1,13.29644352,52.52925245
4,4501153,2020,2,11,2,2,6,4,0,1,0,1,0,0,0,0,13.33123286,52.48593065
1,1100310,2020,2,9,6,3,5,7,0,1,0,0,0,0,1,0,13.40995734,52.52400567
1,1200519,2020,2,23,1,3,2,6,2,0,1,0,0,0,0,1,13.3293846,52.52726363
1,2400623,2020,2,18,4,3,6,2,2,0,1,1,0,0,0,1,13.42441808,52.51355649
7,7300516,2020,2,7,4,3,1,7,0,0,1,1,0,0,0,1,13.32251866,52.46879741
10,10200629,2020,2,8,4,3,5,3,0,1,1,0,0,0,0,0,13.58835925,52.51916694
11,11100309,2020,2,11,4,3,5,2,0,1,1,0,0,0,0,1,13.50902091,52.56459844
12,12400616,2020,2,16,6,3,0,7,0,0,1,0,0,0,0,0,13.22301101,52.58471286
12,12400720,2020,2,16,7,3,3,6,0,1,0,0,0,0,1,0,13.27687893,52.63960356
6,6200312,2020,2,6,2,3,0,7,0,0,0,0,1,0,1,1,13.33893582,52.4443884
12,12100102,2020,2,18,2,2,6,4,2,0,1,1,0,0,0,0,13.3774523,52.57119541
4,4200310,2020,2,14,5,3,2,6,0,0,1,0,0,0,0,1,13.27203825,52.50889388
2,2200208,2020,2,8,4,3,5,2,0,1,1,0,0,0,0,1,13.38958422,52.49606741
6,6300527,2020,2,18,4,3,6,4,2,0,1,1,0,0,0,1,13.27627344,52.43334783
5,5300736,2020,2,5,6,3,5,2,2,0,1,0,0,0,0,1,13.21725745,52.53775778
11,11200513,2020,2,7,4,3,0,3,0,0,0,0,0,0,1,0,13.48123388,52.53864267
11,11501340,2020,2,20,4,3,5,3,2,1,1,0,0,0,0,0,13.52528013,52.48218769
1,1401046,2020,2,18,4,3,6,4,2,0,1,1,0,0,0,1,13.34487243,52.53913703
9,9502043,2020,2,5,3,2,5,3,2,1,1,0,0,0,0,1,13.57829392,52.45920499
1,1200522,2020,2,20,4,3,5,2,2,1,1,0,0,0,0,0,13.33627352,52.52500692
9,9200819,2020,2,18,3,3,4,6,2,1,0,0,0,0,0,0,13.5696558,52.44210516
2,2200210,2020,2,10,7,3,5,3,0,1,1,0,0,0,0,0,13.39851215,52.49643154
7,7400825,2020,2,9,2,2,0,5,0,0,0,0,0,0,1,0,13.38056763,52.45602918
4,4500937,2020,2,15,2,3,5,2,0,1,1,0,0,0,0,0,13.28720999,52.49584116
1,1100312,2020,2,8,5,3,5,3,0,1,0,0,0,0,0,0,13.41226051,52.51080922
12,12400618,2020,2,19,4,3,5,2,2,0,1,0,0,0,0,0,13.24495896,52.61442841
5,5100314,2020,2,15,4,2,5,3,0,1,1,0,0,0,0,1,13.20557446,52.54182324
2,2400623,2020,2,16,3,3,2,6,0,0,1,0,1,0,0,0,13.43243917,52.50928751
1,1300733,2020,2,19,4,3,5,3,2,1,1,0,0,0,0,0,13.39175434,52.5524942
2,2500830,2020,2,12,3,3,0,1,0,0,0,0,1,0,0,1,13.45780398,52.51279582
4,4501043,2020,2,17,3,3,5,3,1,1,1,0,0,0,0,0,13.31511477,52.49089149
10,10200423,2020,2,5,4,3,5,3,2,1,1,0,0,0,0,0,13.61993336,52.53953577
2,2400624,2020,2,1,3,3,0,1,2,0,0,0,0,0,1,1,13.44819722,52.51128626
10,10400835,2020,2,22,6,3,5,3,2,0,1,0,0,0,0,0,13.59768989,52.52437324
4,4200308,2020,2,21,2,2,6,2,2,0,1,1,0,0,0,1,13.28044534,52.51833525
5,5100104,2020,2,12,1,3,6,4,0,0,1,1,0,0,0,1,13.21833487,52.55765068
3,3300411,2020,2,7,5,3,5,3,1,1,1,0,0,0,0,1,13.48579169,52.62114713
10,10100315,2020,2,13,4,3,6,4,0,0,1,1,0,0,0,1,13.57054704,52.54286472
7,7501133,2020,2,18,3,3,2,6,2,0,1,0,0,0,0,1,13.37495838,52.43617977
1,1100103,2020,2,15,4,3,1,5,0,1,1,0,0,0,0,1,13.3542066,52.50201733
9,9401534,2020,2,15,1,3,6,2,0,0,1,1,0,0,0,1,13.57674001,52.44569908
12,12200515,2020,2,14,3,3,6,4,0,0,0,1,0,0,1,0,13.28710002,52.59057469
3,3601346,2020,2,20,3,3,0,1,1,1,0,0,0,0,0,1,13.41563864,52.54411805
9,9100304,2020,2,10,3,3,5,3,0,1,1,0,0,0,0,0,13.48401637,52.46323955
7,7400721,2020,2,11,6,3,1,7,0,0,1,0,0,0,0,0,13.38865552,52.48435913
10,10100316,2020,2,14,2,2,5,2,0,1,1,0,0,0,0,0,13.58325523,52.54929873
8,8100102,2020,2,23,4,2,6,4,2,1,0,1,0,0,0,1,13.42552978,52.47933634
12,12400619,2020,2,16,6,3,2,2,0,0,1,0,1,0,0,0,13.23108721,52.61052379
10,10200418,2020,2,18,2,3,6,4,2,0,0,1,1,0,0,1,13.59146243,52.54261916
6,6300527,2020,2,16,5,3,2,6,0,0,1,0,0,0,1,1,13.2661101,52.43120439
5,5100210,2020,2,11,4,3,5,3,0,0,1,0,0,0,0,1,13.18507692,52.54940514
2,2100106,2020,2,19,3,3,3,6,2,1,1,0,0,0,0,0,13.40502449,52.49831655
6,6200315,2020,2,7,4,3,5,2,0,1,1,0,0,0,0,1,13.34723796,52.42694953
4,4200311,2020,2,16,6,3,2,6,0,0,1,0,0,0,0,1,13.28196847,52.509656
1,1300733,2020,2,2,1,3,5,3,2,0,1,0,0,0,0,0,13.3931531,52.55044276
5,5100316,2020,2,11,3,2,6,4,0,0,1,1,0,0,0,1,13.20047704,52.53694542
4,4501146,2020,2,12,7,3,5,7,0,0,1,0,1,0,0,0,13.32032762,52.48641237
11,11400927,2020,2,10,2,3,0,4,0,0,0,1,1,0,0,0,13.47911115,52.50288646
10,10400938,2020,2,8,6,2,2,2,0,0,1,0,1,0,0,1,13.61613969,52.51884176
9,9100304,2020,2,10,7,3,5,7,0,0,1,0,0,0,0,0,13.48538887,52.46419708
8,8100209,2020,2,19,4,3,5,3,2,0,1,0,0,0,0,1,13.43643191,52.46689089
7,7400822,2020,2,7,4,3,5,3,0,0,1,0,0,0,0,0,13.36953992,52.45661287
4,4100102,2020,2,15,3,3,5,2,0,0,1,0,0,0,0,0,13.29396536,52.53468499
11,11501340,2020,2,0,4,3,5,3,2,0,1,0,0,0,1,0,13.5304327,52.48667764
5,5100316,2020,2,13,7,3,2,6,0,0,1,0,0,0,0,0,13.18933114,52.53698184
3,3100103,2020,3,9,5,3,2,2,0,1,1,0,0,0,0,0,13.49297279,52.63194069
6,6200421,2020,3,14,3,3,2,6,0,0,1,0,0,0,0,1,13.31752954,52.43047544
9,9200819,2020,3,16,5,3,5,2,0,0,1,0,0,0,0,0,13.56224065,52.4372412
3,3500932,2020,3,14,3,3,0,1,0,1,0,0,0,0,0,0,13.44090955,52.55631164
11,11200513,2020,3,8,2,3,5,3,0,0,1,0,0,0,0,1,13.49359109,52.54129514
2,2100105,2020,3,13,3,3,5,2,0,1,1,0,0,0,0,0,13.4122301,52.49882183
10,10200418,2020,3,13,3,3,5,2,0,0,1,0,0,0,0,0,13.59162143,52.54493661
1,1100207,2020,3,8,5,3,0,3,0,0,1,0,1,0,0,0,13.40019053,52.50951328
6,6400844,2020,3,18,6,3,6,2,2,0,1,1,0,0,0,1,13.27424646,52.45882163
4,4501042,2020,3,1,5,2,0,1,2,0,0,0,0,0,1,0,13.33100142,52.50367064
3,3400723,2020,3,13,3,3,3,6,0,0,1,0,0,0,1,0,13.41775268,52.57241295
1,1100309,2020,3,13,4,3,5,3,0,1,1,0,0,0,0,0,13.40312998,52.52889313
4,4200310,2020,3,13,3,3,5,7,0,0,1,0,0,0,0,1,13.2640965,52.50875133
8,8100415,2020,3,13,2,2,3,6,0,1,1,0,1,0,1,0,13.44666832,52.47837722
9,9401329,2020,3,15,1,3,2,7,0,0,1,0,0,0,1,0,13.62900898,52.42395979
3,3100103,2020,3,16,2,3,5,3,0,1,1,0,0,0,0,0,13.49809459,52.62827531
1,1100310,2020,3,13,2,3,0,1,0,1,0,0,0,0,0,1,13.41056143,52.5215114
1,1100309,2020,3,6,6,3,5,7,1,0,1,0,1,0,0,1,13.39914546,52.52952504
12,12200412,2020,3,0,1,3,0,7,2,0,1,0,0,0,0,1,13.25062721,52.55507013
8,8100105,2020,3,20,2,3,6,4,2,0,0,1,1,0,0,0,13.43190377,52.46649843
4,4400831,2020,3,17,2,3,1,5,1,1,1,0,0,0,0,0,13.28890116,52.47097459
5,5100313,2020,3,11,6,3,0,2,0,1,1,0,0,0,0,1,13.20976816,52.54787589
1,1100206,2020,3,19,4,3,0,6,2,1,1,0,0,0,0,0,13.388819,52.51708652
1,1100310,2020,3,15,2,3,6,4,0,0,0,1,0,0,1,0,13.40365109,52.52087491
3,3701554,2020,3,17,4,3,0,1,0,1,0,0,0,0,0,0,13.40929246,52.53815107
6,6100205,2020,3,7,2,3,2,6,0,0,1,0,0,0,0,1,13.36046212,52.44659894
7,7400927,2020,3,5,2,3,5,7,2,0,1,0,0,0,1,1,13.38986831,52.45711866
1,1100310,2020,3,9,1,3,5,2,0,1,1,0,0,0,0,0,13.41170932,52.52396402
1,1401046,2020,3,15,2,3,5,2,0,1,0,0,0,0,1,0,13.34941901,52.54205268
3,3701556,2020,3,13,6,3,5,3,0,1,1,0,0,0,0,1,13.42117076,52.53353569
4,4501042,2020,3,19,4,3,1,5,2,1,1,0,0,0,0,0,13.33724707,52.50119048
6,6300526,2020,3,15,2,3,5,3,0,1,0,0,0,0,0,0,13.25939583,52.43088737
3,3400723,2020,3,16,5,3,2,6,0,0,1,0,0,0,0,0,13.42095789,52.57302534
1,1300836,2020,3,14,2,2,8,1,0,0,1,0,0,0,0,0,13.37056337,52.54549338
2,2200213,2020,3,18,4,3,0,7,1,1,1,0,0,0,0,1,13.41733139,52.49246407
4,4300619,2020,3,15,4,3,6,7,0,0,0,1,0,0,1,0,13.3079835,52.51706168
8,8200833,2020,3,13,2,3,1,5,0,0,1,0,0,0,0,0,13.44867454,52.42004416
2,2200208,2020,3,12,2,3,6,4,0,1,0,1,0,0,0,0,13.38707772,52.49315686
2,2500835,2020,3,8,4,3,5,2,0,1,1,0,0,0,0,0,13.46633132,52.50056269