BEZ,LOR_ab_2021,UJAHR,UMONAT,USTUNDE,UWOCHENTAG,UKATEGORIE,UART,UTYP1,ULICHTVERH,IstRad,IstPKW,IstFuss,IstKrad,IstGkfz,IstSonstige,USTRZUSTAND,XGCSWGS84,YGCSWGS84
4,4200310,2020,3,11,2,3,2,6,0,0,1,0,0,1,0,1,13.26282168,52.5149276
7,7501134,2020,3,10,2,2,6,2,0,0,1,1,0,0,0,0,13.39127723,52.43396017
9,9200613,2020,3,14,7,3,5,3,0,1,1,0,0,0,0,0,13.52898824,52.45211794
4,4200308,2020,3,10,2,3,2,6,0,0,1,0,0,0,0,1,13.27047592,52.51990266
4,4200310,2020,3,11,6,3,5,7,0,1,1,0,0,0,0,0,13.26204457,52.5155589
3,3400723,2020,3,16,4,3,2,6,0,0,1,0,0,0,0,0,13.41901534,52.57264732
2,2200208,2020,3,9,2,3,0,1,0,1,0,0,0,0,0,1,13.37964191,52.49447452
7,7200414,2020,3,16,5,3,2,6,0,1,1,0,0,0,0,0,13.36821656,52.48507297
1,1200517,2020,3,8,2,3,2,6,0,0,1,0,0,1,0,1,13.33309874,52.54051132
5,5200629,2020,3,10,2,3,6,4,0,0,1,1,0,0,0,1,13.19506895,52.52911955
9,9300920,2020,3,7,2,3,3,6,0,1,1,0,0,0,0,1,13.5522276,52.41718997
6,6300525,2020,3,13,1,3,7,7,0,1,0,0,0,0,0,0,13.25855413,52.40828261
4,4501147,2020,3,16,4,3,2,6,0,1,0,0,0,0,0,0,13.31678769,52.48859509
7,7400721,2020,3,12,6,3,2,2,0,0,1,0,0,0,0,1,13.39412881,52.48396714
5,5400942,2020,3,14,1,3,0,6,0,1,0,0,0,0,0,1,13.1812712,52.48802446
7,7300619,2020,3,21,1,2,5,7,2,0,1,0,0,0,0,0,13.34744976,52.46699041
11,10100205,2020,3,9,7,3,2,6,0,0,1,0,0,0,0,1,13.52840078,52.55680806
2,2200211,2020,3,20,1,3,1,5,2,1,1,0,0,0,0,0,13.39439919,52.48465219
5,5100314,2020,3,19,6,2,1,3,2,0,1,0,0,0,0,1,13.20469697,52.54415857
3,3400831,2020,3,15,4,3,2,6,0,0,1,0,0,0,1,0,13.43197191,52.58117304
3,3601142,2020,3,19,1,3,3,6,2,1,0,0,0,0,0,0,13.41367362,52.54763818
2,2100104,2020,3,15,5,3,5,3,0,1,1,0,0,0,0,0,13.41028986,52.50378559
1,1100310,2020,3,18,1,3,0,7,2,0,0,0,1,0,0,1,13.40446398,52.52193402
11,11501339,2020,3,8,2,3,2,6,0,0,1,0,0,0,0,1,13.52718434,52.49199128
8,8200726,2020,3,17,1,3,2,6,0,0,1,0,0,0,0,0,13.43644994,52.44922819
7,7601442,2020,3,16,1,3,6,4,0,0,1,1,0,0,0,0,13.40450538,52.40401907
12,12200515,2020,3,12,4,2,3,6,0,0,1,0,1,0,0,0,13.28994457,52.58268268
12,12100101,2020,3,18,6,3,5,2,2,1,1,0,0,0,0,1,13.3643292,52.56263937
10,10100206,2020,3,12,4,3,5,2,0,0,0,0,0,0,1,0,13.56941189,52.56081406
1,1100308,2020,3,15,1,2,0,1,0,0,0,0,1,0,0,1,13.38097191,52.52998984
7,7100205,2020,3,12,4,3,1,5,0,1,1,0,0,0,0,0,13.36661975,52.4951066
3,3400619,2020,3,19,1,3,5,3,2,1,1,0,0,0,0,0,13.38510617,52.59120874
8,8200832,2020,3,16,4,3,5,3,0,0,1,0,1,0,0,0,13.4277148,52.42072379
3,3200204,2020,3,14,1,3,6,4,0,0,1,1,0,0,0,1,13.41308843,52.63961884
8,8100419,2020,3,22,4,3,5,3,2,0,1,0,0,0,0,0,13.45217422,52.48116966
5,5100315,2020,3,14,1,2,6,4,0,0,1,1,0,0,0,1,13.19453402,52.54570978
1,1200628,2020,3,13,1,3,0,1,0,0,0,0,1,0,0,1,13.36732131,52.52570178
11,11200513,2020,3,19,1,2,0,1,2,1,0,0,0,0,0,0,13.49238523,52.54398588
9,9401329,2020,3,11,1,3,4,6,0,1,1,0,0,0,0,0,13.58482802,52.42834373
8,8301036,2020,3,11,1,3,5,2,0,1,1,0,0,0,0,1,13.46913233,52.42824139
5,5200629,2020,3,16,6,2,6,4,0,0,1,1,0,0,0,1,13.18702437,52.53427264
4,4501149,2020,3,22,4,3,5,7,2,0,1,0,1,0,0,0,13.32321502,52.49149757
8,8200725,2020,3,9,1,3,3,6,0,0,1,0,1,0,0,1,13.43324799,52.44405356
2,2400625,2020,3,22,4,3,2,6,2,0,1,0,0,0,0,0,13.44097195,52.50475576
1,1100206,2020,3,6,1,2,5,3,2,0,1,0,0,0,0,0,13.39292014,52.51500099
2,2200213,2020,3,0,1,2,0,1,2,1,0,0,0,0,0,1,13.41574215,52.49116385
9,9200613,2020,3,0,1,3,5,2,2,1,1,0,0,0,0,1,13.50348584,52.46066448
11,11300721,2020,2,18,7,3,2,2,2,0,1,0,1,0,0,1,13.50560819,52.53464035
6,6100209,2020,3,14,1,3,0,5,0,0,1,0,0,0,0,0,13.33044961,52.46022405
1,1200623,2020,2,2,7,3,0,2,2,1,1,0,0,0,0,0,13.35688148,52.53569052
6,6300634,2020,2,17,7,2,6,4,1,0,1,1,0,0,0,1,13.29896417,52.44089753
5,5100104,2020,3,6,6,2,5,3,2,0,1,0,1,0,0,1,13.22001819,52.56018561
8,8100206,2020,3,21,4,3,1,5,2,1,1,0,0,0,0,0,13.42433401,52.4859855
4,4501042,2020,2,5,7,3,5,3,2,0,1,0,0,0,0,1,13.33116907,52.50370823
1,1300836,2020,2,15,7,3,5,3,0,0,1,0,1,0,0,1,13.37548665,52.5403197
3,3601245,2020,3,19,4,3,6,2,2,0,0,1,0,0,1,0,13.42888733,52.54772453
1,1200522,2020,2,16,7,3,6,4,0,0,1,1,0,0,0,0,13.33170334,52.52408901
6,6300631,2020,2,6,7,2,4,6,2,0,0,0,0,0,1,1,13.30255125,52.41985234
5,5100316,2020,3,13,7,3,0,6,0,0,1,0,0,0,1,0,13.2031301,52.53989927
2,2500834,2020,2,2,7,2,6,7,2,0,1,1,0,0,0,1,13.45007233,52.50749345
1,1100308,2020,3,8,6,3,5,3,0,0,1,0,0,0,0,1,13.38550078,52.52874408
3,3400723,2020,3,15,4,3,4,6,0,1,0,0,0,0,0,0,13.40881376,52.57095337
2,2100106,2020,2,23,7,3,5,2,2,0,1,0,0,0,0,1,13.40665083,52.49843051
7,7100102,2020,3,14,5,3,1,5,0,0,1,0,1,0,0,0,13.34967305,52.50006537
2,2500830,2020,2,19,7,3,1,5,2,1,1,0,0,0,0,1,13.46286527,52.51410695
5,5300736,2020,3,13,6,3,4,6,0,0,1,0,0,0,0,1,13.23274018,52.54224981
8,8100311,2020,3,13,4,3,5,5,0,1,1,0,0,0,0,0,13.43069637,52.4865525
1,1300836,2020,2,19,7,3,5,3,2,0,1,0,0,0,0,1,13.37833689,52.55051236
8,8100209,2020,3,14,5,3,5,2,0,1,1,0,0,0,0,0,13.44278873,52.4650867
4,4501148,2020,2,19,7,3,1,5,2,1,1,0,0,0,0,1,13.31354115,52.48212948
8,8100312,2020,3,11,2,3,2,6,0,0,1,0,0,0,0,0,13.43285267,52.48509091
2,2400623,2020,2,19,7,3,5,3,2,1,1,0,0,0,0,1,13.435399,52.51459709
12,12500928,2020,2,18,7,3,5,3,2,0,1,0,0,0,0,1,13.32219953,52.60881384
3,3601245,2020,3,0,7,3,1,5,2,1,1,0,0,0,0,1,13.43079916,52.54706631
9,9401534,2020,3,11,6,1,6,4,0,0,0,1,0,0,1,1,13.58039614,52.44321453
1,1200628,2020,2,17,7,3,5,2,0,0,1,0,0,0,1,0,13.35719856,52.52372043
7,7501029,2020,3,13,4,3,6,4,0,0,1,1,0,0,0,0,13.38070293,52.44255808
7,7300517,2020,2,18,7,3,1,5,2,1,1,0,0,0,0,1,13.33437968,52.47054441
7,7400825,2020,3,13,5,3,5,3,0,0,1,0,1,0,0,0,13.37811561,52.45624786
2,2200212,2020,2,16,7,3,6,7,0,0,1,1,0,0,0,0,13.4090887,52.48878962
8,8100103,2020,3,7,2,3,2,7,0,1,1,0,0,0,0,1,13.42446419,52.47396396
1,1200520,2020,3,16,5,3,1,5,0,1,1,0,0,0,0,0,13.3431943,52.52755812
8,8401243,2020,2,15,7,3,6,2,0,0,1,1,0,0,0,0,13.49101576,52.42391915
5,5200527,2020,2,15,7,3,6,4,0,0,1,1,0,0,0,0,13.17551202,52.52009028
12,12200412,2020,2,15,7,3,5,5,0,0,1,0,1,0,0,0,13.28423958,52.57563744
1,1100310,2020,3,5,2,3,5,2,1,0,1,0,0,0,0,1,13.41178791,52.52396655
7,7601545,2020,3,20,5,2,8,1,2,0,1,0,0,0,0,0,13.42298102,52.39497335
1,1400938,2020,2,14,7,3,2,6,0,0,1,0,0,0,0,0,13.33675601,52.54265132
10,10200526,2020,2,14,7,3,6,6,0,0,1,1,0,0,0,0,13.60486771,52.53186937
12,12400618,2020,3,11,4,3,5,3,0,0,1,0,0,0,0,0,13.24076124,52.61837729
6,6100207,2020,3,18,6,3,2,6,2,0,1,0,0,0,0,1,13.33021632,52.4519029
7,7200409,2020,3,11,4,3,5,2,0,1,1,0,0,0,0,0,13.35765855,52.48867331
5,5100316,2020,2,13,7,3,6,7,0,0,1,1,0,0,0,0,13.18194241,52.53740218
6,6100210,2020,3,10,4,3,5,3,0,0,1,0,0,0,0,1,13.34153952,52.45875142
11,11400931,2020,2,13,7,3,6,4,0,0,1,1,0,0,0,0,13.50606237,52.50888297
8,8401245,2020,2,12,7,3,5,2,0,1,1,0,0,0,0,0,13.50620341,52.4029251
5,5100209,2020,3,16,1,3,5,2,0,0,1,0,0,0,0,0,13.18455244,52.54749072
9,9200717,2020,3,19,5,3,5,2,2,1,1,0,0,0,0,0,13.55616294,52.43364781
2,2300316,2020,2,11,7,3,2,6,0,0,1,0,0,0,0,0,13.44203486,52.5009297
4,4300623,2020,2,19,6,3,1,5,1,1,1,0,0,0,0,0,13.30960785,52.50659015
11,11501238,2020,3,7,6,3,6,2,0,0,1,1,0,0,0,1,13.48071249,52.49897037
3,3500936,2020,3,10,4,3,6,4,0,0,1,1,0,0,0,0,13.46564739,52.55211497
6,6200314,2020,2,11,6,2,6,6,0,0,1,1,0,0,0,0,13.33354091,52.43001482
5,5200631,2020,3,16,6,3,2,7,0,0,1,0,0,0,0,1,13.20206245,52.51803245
1,1200629,2020,3,10,4,3,5,2,0,1,0,0,0,0,1,0,13.34134781,52.52083178
12,12200309,2020,2,13,6,2,2,6,0,0,1,0,0,0,0,0,13.33030713,52.56240696
8,8301037,2020,3,8,4,3,5,3,0,1,1,0,0,0,0,0,13.47444332,52.42569841
7,7100102,2020,2,8,6,3,2,6,0,0,1,0,0,0,0,0,13.34945613,52.50242928
4,4100102,2020,2,7,6,3,5,3,0,1,0,0,0,1,0,1,13.29437412,52.5346377
1,1200623,2020,3,13,1,2,1,1,0,0,1,0,0,0,0,0,13.34964286,52.53203
2,2400623,2020,3,18,5,3,2,7,2,1,1,0,0,0,0,0,13.4315565,52.51519698
5,5200629,2020,2,18,6,3,5,3,2,1,1,0,0,0,0,0,13.1973434,52.532067
5,5300736,2020,2,19,6,3,2,6,2,0,1,0,0,0,0,0,13.23049657,52.54660275
5,5100211,2020,3,14,6,3,5,2,0,0,1,0,0,0,0,1,13.178069,52.54874812
1,1400937,2020,3,7,4,3,6,2,0,0,1,1,0,0,0,0,13.33342734,52.56080894
3,3701554,2020,2,21,6,3,5,3,2,1,1,0,0,0,0,0,13.40964548,52.53848533
1,1300733,2020,3,12,5,3,6,7,0,0,1,1,0,0,0,0,13.3822534,52.55290191
8,8200624,2020,2,19,6,2,6,4,2,0,1,1,0,0,0,0,13.434102,52.45153314
4,4500939,2020,3,7,4,3,5,2,0,1,1,0,0,0,0,0,13.30912419,52.48880545
7,7200414,2020,2,18,6,3,5,7,2,0,1,0,1,0,0,0,13.36607634,52.48508529
12,12601235,2020,2,18,6,3,5,2,2,1,1,0,0,0,0,0,13.36030587,52.59690329
1,1100416,2020,3,9,7,3,0,1,0,1,0,0,0,0,0,1,13.40179037,52.53328073
4,4501042,2020,2,18,6,3,2,6,2,0,1,0,0,0,0,0,13.32603031,52.50016197
6,6100101,2020,3,4,4,2,0,7,2,1,0,0,0,0,0,1,13.31766021,52.45800171
10,10100205,2020,2,17,6,2,0,3,1,1,1,0,0,0,0,0,13.53692629,52.54800227
2,2500836,2020,2,16,6,3,5,3,0,1,1,0,0,0,0,0,13.46670365,52.49622406
2,2300316,2020,3,19,7,2,6,4,2,0,1,1,0,0,0,0,13.43896139,52.50263115
6,6300633,2020,2,16,6,3,5,2,0,0,1,0,0,0,1,0,13.31566667,52.44313311
2,2200210,2020,3,12,6,3,5,3,0,1,1,0,0,0,0,1,13.39776372,52.49534362
8,8200624,2020,3,5,4,3,5,2,0,0,1,0,0,0,0,0,13.42914479,52.45227476
12,12500824,2020,2,16,6,3,5,3,0,0,1,0,1,0,0,0,13.28546461,52.59484358
8,8200730,2020,3,11,5,3,0,2,0,1,0,0,0,0,1,0,13.44713775,52.43693972
12,12200310,2020,2,16,6,3,6,2,0,0,1,1,0,0,0,0,13.31423451,52.57669279
2,2400623,2020,3,11,2,2,5,2,0,0,1,0,0,0,0,1,13.43969195,52.51392105
1,1300835,2020,3,18,5,3,5,7,2,0,1,0,0,0,1,0,13.38065036,52.53938496
1,1200625,2020,2,15,6,3,2,6,0,0,1,0,0,0,0,0,13.35140912,52.52635357
4,4501041,2020,2,15,6,3,3,6,0,1,1,0,0,0,0,0,13.31925605,52.5016517
11,11300722,2020,3,9,6,3,5,2,0,1,1,0,0,0,0,1,13.48548724,52.52324724
10,10400941,2020,3,18,5,3,5,3,2,1,1,0,0,0,0,0,13.60091793,52.47788062
3,3601141,2020,2,15,6,3,5,3,0,1,1,0,0,0,0,0,13.41094339,52.55381476
12,12500928,2020,2,15,6,3,5,3,0,1,1,0,0,0,0,0,13.31484954,52.61033523
3,3701554,2020,3,20,6,3,5,3,2,1,1,0,0,0,0,1,13.40737594,52.52970022
4,4300623,2020,3,1,4,3,0,1,2,0,0,0,0,0,1,1,13.30670881,52.50656935
1,1300836,2020,2,14,6,3,2,6,0,0,1,0,1,0,0,0,13.37793657,52.54194366
4,4300518,2020,3,11,5,3,5,2,0,1,1,0,0,0,0,0,13.30656432,52.52884649
4,4501042,2020,2,14,6,3,2,6,0,0,1,0,0,0,0,0,13.32792074,52.5001837
2,2300316,2020,3,8,2,3,5,3,0,1,1,0,0,0,0,1,13.43269331,52.50247174
3,3300516,2020,2,13,6,3,5,3,0,0,1,0,0,0,0,0,13.43078373,52.56115091
2,2200209,2020,2,13,6,3,3,6,0,0,1,0,0,0,0,0,13.3767019,52.48915327
12,12200414,2020,3,7,4,3,2,6,0,0,0,0,0,1,1,1,13.30624436,52.55423532
4,4200311,2020,3,18,6,3,6,4,2,0,1,1,0,0,0,1,13.28072624,52.5072576
1,2400623,2020,3,9,3,3,5,2,0,1,1,0,0,0,0,0,13.42557815,52.5151096
10,10100104,2020,2,11,6,2,6,4,0,0,1,1,0,0,0,0,13.57456357,52.56771773
1,1200628,2020,3,12,3,3,0,1,0,1,0,0,0,0,0,1,13.36345381,52.52463055
7,7601442,2020,2,4,6,1,5,3,2,0,1,0,0,0,0,2,13.4064924,52.39849028
1,1100206,2020,2,10,6,3,5,3,0,0,1,0,0,0,0,0,13.3889442,52.51562189
1,1300733,2020,3,15,1,3,1,5,0,0,1,0,1,0,0,0,13.39561003,52.55066185
2,2200209,2020,3,17,5,3,5,2,1,1,1,0,0,0,0,0,13.3861887,52.48735578
6,6100205,2020,2,9,6,3,0,3,0,0,1,0,1,0,0,1,13.34013487,52.4507852
10,10100311,2020,3,8,3,3,5,2,0,1,1,0,0,0,0,0,13.51895151,52.53149072
5,5100316,2020,2,9,6,3,1,5,0,1,1,0,0,0,0,1,13.2015975,52.53689327
4,4501043,2020,2,9,6,3,5,3,0,0,1,0,0,0,0,1,13.31408282,52.49045248
11,11300723,2020,3,21,1,2,1,5,2,0,1,0,0,0,0,0,13.49584596,52.5204388
6,6400838,2020,2,8,6,3,2,2,0,0,1,0,0,0,0,1,13.24018275,52.44262827
12,12200307,2020,2,7,6,3,6,4,0,0,0,1,0,0,1,0,13.32419578,52.57579464
2,2200209,2020,3,15,6,3,3,6,0,1,0,0,0,1,0,1,13.37671025,52.48937874
4,4500937,2020,3,10,3,3,8,7,0,0,1,1,0,0,0,0,13.29637621,52.49792042
1,1100205,2020,2,0,6,3,2,2,2,0,1,0,0,0,0,1,13.37662,52.50947875
9,9501941,2020,3,17,3,3,4,6,0,1,0,0,0,0,0,1,13.59492003,52.45295983
7,7300619,2020,2,18,5,3,0,3,2,0,1,0,1,0,0,0,13.35893508,52.47467414
11,11100204,2020,2,6,5,2,6,7,1,1,0,1,0,0,0,1,13.52643603,52.55827861
1,1100206,2020,3,9,1,3,5,3,0,0,1,0,0,0,0,0,13.38899495,52.51562519
4,4300623,2020,2,22,5,3,6,2,2,0,1,1,0,0,0,1,13.30921566,52.50641734
4,4300620,2020,3,13,6,2,5,2,0,0,1,0,1,0,0,1,13.33167794,52.51514463
2,2400521,2020,3,21,3,3,5,3,2,1,1,0,0,0,0,0,13.42783091,52.51813036
1,1200520,2020,2,21,5,3,1,5,2,0,1,0,0,0,0,1,13.34319264,52.52868157
12,12500926,2020,3,6,6,3,0,3,1,0,1,0,1,0,0,1,13.33039247,52.59056629
9,9100202,2020,3,8,3,3,5,2,1,1,1,0,0,0,0,0,13.45833704,52.48583283
7,7200413,2020,2,20,5,3,4,6,2,0,1,0,0,0,1,1,13.36142056,52.48221069
8,8100104,2020,2,20,5,3,5,2,2,1,1,0,0,0,0,0,13.43073573,52.46848567
7,7601442,2020,3,19,3,3,5,2,2,1,1,0,0,0,0,0,13.40530322,52.40696431
8,8100521,2020,2,19,5,2,6,4,2,0,1,1,0,0,0,0,13.46786928,52.46809113
1,1100206,2020,2,19,5,3,5,2,2,1,1,0,0,0,0,0,13.39155901,52.51225868
10,10300731,2020,3,13,7,3,5,3,0,0,1,0,0,0,0,0,13.55002653,52.52583137
3,3601142,2020,3,17,5,3,6,4,1,0,1,1,0,0,0,0,13.40483971,52.54069469
5,5200422,2020,2,16,5,2,8,1,1,0,1,0,0,0,0,0,13.12667962,52.53559863
1,1400940,2020,3,9,6,3,2,6,0,0,1,0,0,0,0,1,13.3605922,52.55748855
1,1100416,2020,3,19,3,3,5,3,2,0,1,0,0,0,1,0,13.40295735,52.53370015
5,5100208,2020,2,19,5,3,2,6,2,0,1,0,0,0,0,1,13.16013646,52.54489801
12,12200309,2020,3,11,5,3,2,6,0,0,1,0,0,0,0,0,13.33172641,52.56200313
8,8100105,2020,2,18,5,3,2,7,2,1,1,0,0,0,0,0,13.43151892,52.46638136
12,12500930,2020,3,5,2,3,5,2,1,1,1,0,0,0,0,0,13.32658409,52.58741908
5,5100314,2020,2,17,5,3,1,5,2,0,1,0,0,0,0,0,13.20221837,52.54670318
5,5100104,2020,2,18,5,2,5,2,2,1,1,0,0,0,0,0,13.20769619,52.55569788
1,1400938,2020,3,10,5,3,2,6,0,0,1,0,0,1,1,0,13.34743818,52.55312399
12,12200515,2020,2,16,5,3,6,4,0,0,1,1,0,0,0,0,13.2853854,52.5877658
1,1100207,2020,2,15,5,3,6,4,0,1,0,1,0,0,0,0,13.4007186,52.51013466
8,8100208,2020,2,14,5,3,2,6,0,0,1,0,0,0,1,0,13.4416866,52.46950837
5,5100317,2020,3,7,7,3,1,7,0,0,1,0,0,0,0,1,13.22520763,52.53043628
6,6100101,2020,2,14,5,3,5,3,0,0,1,0,0,0,0,1,13.31856652,52.45767231
12,12500928,2020,3,19,6,3,5,3,2,1,1,0,0,0,0,1,13.30934971,52.60352598
2,2100104,2020,3,19,3,3,5,3,2,1,1,0,0,0,0,0,13.41116166,52.50350909
4,4501042,2020,2,13,5,3,5,3,0,1,1,0,0,0,0,0,13.33180498,52.50063096
11,11100309,2020,3,9,5,3,6,4,0,0,1,1,0,0,0,0,13.50574627,52.56257832
1,1100101,2020,2,13,5,3,0,2,0,0,1,0,0,0,1,0,13.35123677,52.5096986
3,3300412,2020,3,8,2,3,5,3,0,0,1,0,0,0,0,1,13.47089592,52.61032782
4,4501041,2020,2,13,5,3,0,6,0,0,1,0,0,0,1,0,13.31375491,52.50080064
9,9401330,2020,2,13,5,3,5,3,0,1,1,0,0,0,0,0,13.58782242,52.42203488
4,4400832,2020,3,18,6,2,6,4,2,0,1,1,0,0,0,1,13.29302164,52.4745804
7,7400824,2020,3,19,3,3,5,3,2,1,1,0,0,0,0,0,13.38414169,52.46556662
3,3200205,2020,2,11,5,3,5,3,0,0,1,0,0,0,0,0,13.39835246,52.59239422
7,7200411,2020,2,12,5,3,0,2,0,0,1,0,0,0,1,1,13.36017091,52.49045456
1,1100310,2020,3,18,3,3,5,3,2,1,1,0,0,0,0,1,13.4044941,52.52196107
5,5200528,2020,3,19,6,3,5,2,2,0,1,0,0,0,0,1,13.18468376,52.51545229
8,8100521,2020,3,10,3,3,5,3,0,1,1,0,0,0,0,1,13.45396164,52.4692261
1,1401049,2020,2,11,5,3,2,6,0,0,1,0,0,0,0,0,13.36880789,52.55725282
11,11200512,2020,3,11,3,2,5,7,0,0,1,0,0,0,1,0,13.46922712,52.5431531
11,11501340,2020,2,11,5,2,6,4,0,0,0,1,0,0,1,1,13.52566572,52.48299627
1,1401049,2020,2,11,5,3,5,3,0,1,1,0,0,0,0,1,13.37225204,52.55668525
2,2400521,2020,3,17,1,3,2,2,1,0,1,0,0,0,0,0,13.42961661,52.52297929
11,11501238,2020,2,10,5,3,2,6,0,0,1,0,0,0,1,1,13.49041715,52.49348296
5,5100317,2020,2,10,5,2,5,2,0,0,1,0,0,1,0,1,13.21378227,52.53174004
3,3300514,2020,3,15,6,3,5,3,0,0,1,0,1,0,0,1,13.45822379,52.59323652
12,12200515,2020,3,11,3,3,1,5,0,1,1,0,0,0,0,0,13.28486169,52.58832284
6,6100208,2020,2,9,5,3,5,3,0,1,1,0,0,0,0,1,13.33612327,52.45317871
12,12601031,2020,3,10,3,3,5,3,0,0,1,0,0,0,0,0,13.32644788,52.60454281
7,7601442,2020,2,7,5,3,6,2,0,0,0,1,0,0,1,1,13.40094568,52.41442405
4,4200311,2020,3,9,3,3,3,6,0,0,1,0,0,1,0,0,13.27967913,52.50497605
8,8100206,2020,2,7,5,3,2,6,0,0,1,0,0,0,0,0,13.42482828,52.48286623
9,9501939,2020,2,6,5,3,2,6,2,0,1,0,0,0,0,1,13.55832801,52.45599163
9,9401534,2020,3,14,1,2,5,3,0,1,1,0,0,0,0,0,13.57552338,52.44748238
7,7400927,2020,2,6,5,3,5,2,2,1,1,0,0,0,0,1,13.40798962,52.45261209
11,11300721,2020,2,5,5,3,2,6,2,0,1,0,0,1,0,1,13.51456052,52.53529296
3,3400829,2020,3,6,6,2,5,3,1,0,1,0,0,0,0,1,13.41569153,52.56315841
4,4200310,2020,3,16,3,3,5,3,0,0,1,0,1,0,0,1,13.27317812,52.51315772
4,4300623,2020,2,12,4,3,1,5,0,1,1,0,0,0,0,1,13.30742266,52.50670585
5,5100316,2020,2,14,4,3,6,7,0,0,0,1,0,0,1,1,13.19996974,52.53585003
4,4501040,2020,3,15,3,3,1,5,0,0,0,0,0,0,1,1,13.31021646,52.50040709
10,10300732,2020,2,15,4,3,2,7,0,0,1,0,0,0,1,1,13.57387488,52.52722905
3,3300516,2020,2,8,4,1,4,6,0,0,1,0,1,0,0,0,13.4439263,52.57236971
3,3400619,2020,3,12,7,3,5,3,0,0,1,0,0,0,0,0,13.36136963,52.58522208
4,4100101,2020,2,18,4,3,2,6,2,0,1,0,0,0,0,1,13.29514215,52.53961849
3,3601244,2020,3,22,6,3,6,6,2,0,1,1,0,0,0,1,13.42739634,52.54574753
12,12601031,2020,2,17,4,3,2,6,1,0,1,0,0,0,0,1,13.32606726,52.60403123
6,6100209,2020,3,20,7,3,6,6,2,0,1,1,0,0,0,0,13.33511899,52.46404508
11,11501340,2020,2,16,4,3,5,3,0,0,1,0,0,0,0,1,13.53194841,52.48415195
6,6200314,2020,3,13,6,3,5,3,0,0,1,0,0,0,0,1,13.33491436,52.42742368
6,6300632,2020,3,15,3,3,5,3,0,1,1,0,0,0,0,1,13.29432072,52.42400269
2,2300316,2020,2,15,4,3,5,3,0,1,1,0,0,0,1,1,13.44147119,52.50133462
7,7300517,2020,3,9,5,3,5,3,0,1,1,0,0,0,0,0,13.34097006,52.47624662
3,3500933,2020,2,15,4,3,0,1,0,0,0,0,1,0,0,1,13.46051911,52.55950568
9,9200715,2020,3,11,2,3,5,3,0,1,1,0,0,0,0,1,13.54355375,52.43378448
1,1100310,2020,3,17,5,3,6,4,0,0,1,1,0,0,0,0,13.40995484,52.52815299
1,1100102,2020,2,15,4,3,0,6,0,0,1,0,1,0,1,0,13.34990874,52.51382749
4,4501044,2020,2,17,4,3,5,7,0,0,1,0,0,0,0,1,13.32221599,52.49552155
3,3601449,2020,3,0,7,3,0,1,2,0,0,0,0,0,1,1,13.44906018,52.53753483
4,4200207,2020,3,16,5,3,0,4,0,0,1,1,0,0,0,0,13.26693575,52.49801891
1,1100312,2020,2,8,4,3,5,3,0,1,1,0,0,0,0,1,13.41358355,52.51127037
8,8100104,2020,3,14,3,3,2,6,0,0,1,0,0,0,0,0,13.42898881,52.4718991
6,6200420,2020,2,20,4,3,4,1,2,0,1,0,0,0,0,1,13.30406909,52.41892045
9,9501838,2020,3,19,6,3,2,6,2,0,1,0,0,0,0,1,13.68638291,52.44220346
7,7100103,2020,3,10,5,3,1,5,0,1,1,0,0,0,0,1,13.35722847,52.49920295
4,4300416,2020,3,12,4,2,1,5,0,1,1,0,0,0,0,0,13.30197738,52.509405
1,1401045,2020,3,17,4,3,1,5,0,1,1,0,0,0,0,0,13.37893789,52.55293184
7,7601341,2020,3,11,7,2,5,3,0,1,1,0,0,0,0,0,13.38002138,52.41049676
1,1100309,2020,3,12,2,3,5,3,0,1,1,0,0,0,0,0,13.40463967,52.52750251
3,3300514,2020,3,11,5,3,5,3,0,1,1,0,0,0,0,0,13.45489247,52.59330248
8,8100102,2020,3,0,7,3,5,3,2,1,1,0,0,0,0,0,13.42603724,52.47755578
8,8200727,2020,3,11,4,3,2,6,0,0,1,0,0,0,0,0,13.43409498,52.443196
1,1100311,2020,3,9,4,3,5,2,0,1,0,0,0,0,1,0,13.41619276,52.5199232
11,11300721,2020,3,12,6,3,5,2,0,1,1,0,0,0,0,1,13.49995518,52.53277276
5,5100104,2020,3,11,4,2,1,5,0,0,1,0,0,0,0,0,13.20778562,52.55812767
6,6200316,2020,3,17,2,3,2,6,0,0,1,0,0,0,0,0,13.35346275,52.43247796
2,2500833,2020,3,18,3,3,0,3,2,0,1,0,0,0,1,0,13.46106363,52.51114756
11,11300722,2020,3,10,4,2,5,3,0,0,1,0,0,0,1,0,13.48540309,52.52318887
2,2100101,2020,3,14,7,3,5,2,0,0,1,0,0,0,0,0,13.38785354,52.50294338
3,3200206,2020,3,8,2,3,5,3,0,1,1,0,0,0,0,0,13.40422134,52.5814805
1,1400939,2020,3,15,7,3,5,2,0,0,1,0,1,0,0,0,13.35385756,52.5538639
7,7400721,2020,3,15,4,3,2,6,0,0,1,0,0,0,0,0,13.37848148,52.47762717
2,2100104,2020,3,20,4,3,5,3,2,1,1,0,0,0,0,0,13.41112556,52.50351947