BEZ,LOR_ab_2021,UJAHR,UMONAT,USTUNDE,UWOCHENTAG,UKATEGORIE,UART,UTYP1,ULICHTVERH,IstRad,IstPKW,IstFuss,IstKrad,IstGkfz,IstSonstige,USTRZUSTAND,XGCSWGS84,YGCSWGS84
1,1300733,2020,3,18,7,3,1,5,2,1,1,0,0,0,0,0,13.38401023,52.555397
11,11300620,2020,3,15,4,3,6,7,0,0,1,1,0,0,0,0,13.48098468,52.5290197
12,12200307,2020,3,21,4,3,0,3,2,1,1,0,0,0,0,0,13.33037742,52.5702514
9,9300922,2020,3,10,6,3,5,2,0,1,1,0,0,0,0,1,13.53124915,52.40512397
3,3601141,2020,3,8,4,3,5,3,0,1,1,0,0,0,0,0,13.41446606,52.55207141
4,4400835,2020,3,13,2,3,2,6,0,0,1,0,0,0,0,0,13.31895847,52.47168141
2,2400623,2020,3,22,3,3,5,2,2,1,1,0,0,0,0,0,13.43011925,52.51052839
8,8100206,2020,3,8,4,2,6,4,0,0,1,1,0,0,0,0,13.42630275,52.48098718
12,12500929,2020,3,13,6,2,6,4,0,0,1,1,0,0,0,0,13.34070614,52.60891294
3,3500933,2020,3,17,2,3,5,3,0,1,1,0,0,0,0,0,13.45891823,52.55059896
12,12601032,2020,3,13,7,3,0,3,0,0,1,0,1,0,0,0,13.32846994,52.60919161
12,12200411,2020,3,12,4,3,3,6,0,0,1,0,0,1,0,0,13.32198462,52.56058594
1,1100415,2020,3,17,4,2,0,1,0,1,0,0,0,0,0,0,13.39576579,52.53240521
4,4501040,2020,3,15,5,3,5,2,0,1,1,0,0,0,0,0,13.31318901,52.49990477
12,12400618,2020,3,17,3,3,5,2,1,0,1,0,1,0,0,1,13.24004353,52.61874367
11,11501341,2020,3,17,4,3,2,6,1,0,1,0,0,0,0,0,13.52462284,52.47906336
7,7601236,2020,3,16,1,3,5,3,0,1,1,0,0,0,0,0,13.3628392,52.41755692
11,11401135,2020,3,7,3,3,5,3,0,1,1,0,0,0,0,0,13.50771044,52.4924443
6,6100209,2020,3,23,3,2,0,7,2,0,1,0,0,0,0,1,13.33874485,52.46365666
1,1100103,2020,3,19,5,3,5,2,2,0,1,0,0,0,1,0,13.34981166,52.50321571
9,9200818,2020,3,12,3,3,3,3,0,0,1,0,0,0,0,1,13.55894288,52.44854219
5,5200528,2020,3,7,2,3,2,6,0,0,1,0,0,1,0,0,13.17480323,52.51752754
12,12200309,2020,3,8,3,3,1,5,0,0,1,0,0,0,1,0,13.32721704,52.56324687
2,2500833,2020,3,23,3,3,5,3,2,0,1,0,0,0,0,1,13.45281885,52.51241417
7,7601544,2020,3,19,6,2,1,5,2,0,1,0,0,1,0,0,13.40538586,52.39377269
6,6300633,2020,3,7,2,3,2,6,0,0,1,0,0,1,0,0,13.31583839,52.44276549
1,1401047,2020,3,12,7,3,5,2,0,1,1,0,0,0,0,0,13.35508534,52.54403542
11,11300619,2020,3,16,3,2,6,4,0,0,1,1,0,0,0,0,13.47971539,52.52377286
5,5300737,2020,3,15,4,3,5,2,0,0,1,0,1,0,0,0,13.2321838,52.54063776
7,7100102,2020,3,13,5,3,5,2,0,0,1,0,0,0,1,0,13.34614704,52.5010529
1,1300732,2020,3,20,3,3,6,4,2,1,0,1,0,0,0,1,13.39040979,52.56294423
7,7200307,2020,3,17,4,3,1,5,0,1,1,0,0,0,0,0,13.33786766,52.48837734
11,11401034,2020,3,11,1,3,0,1,0,0,0,0,1,0,0,0,13.53059227,52.50952115
7,7601339,2020,3,13,2,3,5,3,0,0,1,0,1,0,0,0,13.34868591,52.40658401
11,11200410,2020,3,14,5,2,5,2,0,0,1,0,1,0,0,0,13.52172614,52.55400292
8,8200623,2020,3,2,1,3,5,2,2,0,1,0,0,0,0,0,13.43859545,52.4526307
1,1401048,2020,3,20,3,3,2,5,2,0,1,0,0,0,0,1,13.35970157,52.55425381
8,8200730,2020,3,16,5,2,5,3,0,0,0,0,1,0,1,0,13.43920954,52.42532429
8,8100417,2020,3,15,6,3,2,6,0,0,1,0,1,0,0,0,13.45540231,52.4740827
10,10300732,2020,3,15,5,3,5,3,0,1,1,0,0,0,0,0,13.57459257,52.53176856
6,6300634,2020,3,12,2,2,3,6,0,1,0,0,0,1,0,0,13.3002474,52.43974934
1,1300836,2020,3,11,5,3,2,2,0,0,1,0,1,0,0,0,13.37649176,52.54314744
11,11400927,2020,3,17,6,2,6,4,1,0,1,1,0,0,0,1,13.47458608,52.50471851
2,2400623,2020,3,12,3,2,6,4,0,1,0,1,0,0,0,0,13.43386024,52.50875043
7,7400822,2020,3,11,4,2,5,3,0,1,1,0,0,0,0,0,13.37043234,52.46839664
9,9200510,2020,3,10,5,3,2,6,0,0,1,0,0,0,0,0,13.50242613,52.48117862
1,1300733,2020,3,16,3,3,5,2,0,1,1,0,0,0,0,1,13.38372606,52.55499138
4,4501045,2020,3,16,4,3,6,4,0,0,1,1,0,0,0,0,13.32363057,52.49384687
3,3601450,2020,3,5,7,3,0,1,2,1,0,0,0,0,0,0,13.44998482,52.53675835
2,2200210,2020,3,11,2,3,6,4,0,1,0,1,0,0,0,0,13.39254727,52.49209631
6,6200313,2020,3,17,7,3,3,6,0,1,1,0,0,0,0,0,13.34410892,52.43533186
1,1200517,2020,3,22,3,3,0,6,2,0,0,0,0,0,1,1,13.3267858,52.53697411
7,7400927,2020,3,6,4,3,5,2,0,1,0,0,0,1,0,0,13.40011319,52.45907115
7,7400928,2020,3,5,6,2,1,5,2,0,1,0,0,0,1,0,13.4214806,52.46502104
7,7501030,2020,3,9,3,3,0,1,0,1,0,0,0,0,0,1,13.38180717,52.44379752
2,2400521,2020,3,17,2,3,5,3,0,1,1,0,0,0,0,0,13.44111026,52.51819724
11,11400930,2020,3,15,3,3,2,6,0,0,1,0,0,0,0,0,13.51126864,52.50422388
5,5200630,2020,3,19,3,2,5,2,2,1,1,0,0,0,0,1,13.18871837,52.52163742
12,12601031,2020,3,19,3,2,6,2,2,0,1,1,0,0,0,1,13.32641398,52.60449725
7,7400928,2020,3,5,2,2,5,3,2,0,1,0,1,0,0,0,13.41771549,52.46477041
8,8200624,2020,3,4,4,3,5,2,2,0,0,0,1,0,1,0,13.43568467,52.45257025
4,4400728,2020,3,14,4,3,2,2,0,0,1,0,0,0,0,1,13.28096969,52.47683055
12,12100204,2020,3,19,3,3,6,4,2,0,1,1,0,0,0,1,13.35376749,52.56251613
10,10200421,2020,3,17,7,3,6,4,0,0,1,1,0,0,0,0,13.60708181,52.53881585
12,12100205,2020,3,9,2,3,3,6,0,0,1,0,0,0,0,0,13.33538469,52.56514621
4,4501041,2020,3,16,7,3,2,6,0,0,1,0,1,0,0,0,13.3171601,52.50117208
2,2200208,2020,3,19,4,3,5,2,2,1,1,0,0,0,0,0,13.38937697,52.49596341
4,4200310,2020,3,11,4,3,5,2,0,1,1,0,0,0,0,0,13.27201904,52.50884519
4,4500937,2020,3,1,6,3,2,6,2,0,1,0,0,0,0,0,13.29174014,52.49733738
2,2200210,2020,3,19,3,3,5,3,2,1,1,0,0,0,0,1,13.39531634,52.49754387
3,3400619,2020,3,10,2,3,5,2,0,1,1,0,0,0,0,0,13.3802068,52.58982428
10,10400938,2020,3,19,3,3,2,2,2,0,1,0,1,0,0,0,13.62165329,52.52466904
1,1100207,2020,3,19,3,2,5,3,2,1,1,0,0,0,0,1,13.39006553,52.5093935
12,12200307,2020,3,13,6,3,3,6,0,0,1,0,1,0,0,0,13.32991117,52.5694989
6,6100206,2020,3,16,2,3,6,4,0,0,1,1,0,0,0,0,13.34184636,52.44723312
3,3100103,2020,3,12,7,3,5,2,0,1,1,0,0,0,0,0,13.49592973,52.62601965
3,3601245,2020,3,23,6,3,5,2,2,0,1,0,0,0,0,0,13.43041692,52.55125143
9,9401534,2020,3,8,2,3,1,5,0,1,1,0,0,0,0,0,13.5753774,52.44708835
12,12400720,2020,3,15,7,3,5,3,0,0,1,0,1,0,0,0,13.28031085,52.63013591
6,6200317,2020,3,14,4,3,1,5,0,1,1,0,0,0,0,0,13.36658654,52.42705526
9,9200511,2020,3,19,4,3,6,2,2,0,1,1,0,0,0,0,13.51922122,52.46446902
4,4300619,2020,3,18,5,2,6,4,2,0,1,1,0,0,0,0,13.31505825,52.51447525
7,7601236,2020,3,19,3,2,6,2,2,0,1,1,0,0,0,1,13.37316107,52.42483613
5,5400942,2020,3,16,2,3,0,1,0,0,0,0,1,0,0,0,13.18108438,52.48120018
5,5100315,2020,3,15,3,3,1,5,0,0,1,0,0,0,0,0,13.1992001,52.54853763
12,12500928,2020,3,18,3,2,6,2,2,0,1,1,0,0,0,1,13.31980842,52.60694059
7,7300515,2020,3,8,5,3,3,6,0,1,1,0,0,0,0,0,13.32116285,52.47290087
10,10100102,2020,3,14,2,3,5,2,0,0,1,0,0,0,0,0,13.57187435,52.56834095
1,1100205,2020,3,14,5,3,0,1,0,1,0,0,0,0,0,0,13.37680374,52.50953242
3,3601348,2020,3,20,6,2,5,3,2,0,1,0,0,0,0,1,13.42267116,52.54151307
9,9100408,2020,3,14,3,2,0,7,0,0,1,0,0,0,0,0,13.50766912,52.44112746
7,7501134,2020,3,13,4,2,6,4,0,0,1,1,0,0,0,0,13.39656724,52.44012187
7,7601341,2020,3,12,5,3,3,6,0,0,1,0,0,0,0,1,13.36808837,52.40998326
1,1300835,2020,3,18,3,3,5,3,2,1,1,0,0,0,0,1,13.37986139,52.5401695
6,6200423,2020,3,16,4,3,0,7,0,0,1,0,0,0,0,0,13.31820612,52.41393824
3,3100102,2020,3,11,7,3,5,2,0,1,1,0,0,0,0,0,13.49930303,52.63532395
3,3500934,2020,3,12,2,3,5,3,0,1,1,0,0,0,0,0,13.44421621,52.55274374
1,1400937,2020,3,12,3,3,5,2,0,1,1,0,0,0,0,0,13.33323914,52.5609355
5,5300838,2020,3,15,4,2,5,2,0,0,1,0,1,0,0,0,13.2478918,52.54875199
6,6100207,2020,3,13,5,2,5,2,0,0,0,0,1,0,1,0,13.32683226,52.45493799
1,1100207,2020,3,18,3,3,5,2,2,1,1,0,0,0,0,1,13.40582539,52.51399197
7,7400927,2020,3,15,4,2,1,5,0,0,0,0,1,0,1,0,13.40035643,52.46399153
9,9200717,2020,3,14,1,3,2,6,0,1,0,0,0,0,0,0,13.55060097,52.44847179
12,12500930,2020,3,13,3,3,6,7,0,1,0,1,0,0,0,0,13.31663682,52.57905811
9,9100101,2020,3,15,5,3,5,3,0,1,0,0,0,0,0,0,13.44781304,52.48975832
12,12200413,2020,3,16,1,3,5,3,0,1,0,0,0,0,0,0,13.27452395,52.57748502
6,6400838,2020,3,8,5,3,5,3,0,0,1,0,0,0,1,0,13.25033103,52.45372271
4,4200310,2020,3,8,4,3,2,6,0,0,1,0,0,0,1,0,13.27409633,52.50817289
7,7501031,2020,3,15,6,3,2,6,0,0,1,0,0,0,0,0,13.4059748,52.45069936
4,4300623,2020,3,11,3,3,2,6,0,0,1,0,0,0,0,0,13.31426607,52.5086697
11,11501339,2020,3,12,4,3,1,5,0,1,1,0,0,0,0,0,13.5232599,52.48582483
3,3300412,2020,3,9,5,3,1,5,0,1,1,0,0,0,0,0,13.48521845,52.61620787
1,1200517,2020,3,20,3,3,5,5,2,0,1,0,0,0,1,1,13.31787882,52.52865145
1,2400520,2020,3,14,4,3,6,4,0,0,1,0,0,0,1,0,13.42650895,52.52289232
12,12100102,2020,3,20,7,3,5,3,2,0,1,0,0,0,0,0,13.37382722,52.57131746
4,4500939,2020,3,11,2,3,2,6,0,0,0,0,1,0,1,0,13.30068995,52.4880584
2,2100105,2020,3,8,4,3,5,3,0,1,1,0,0,0,0,0,13.41217109,52.49874098
1,1200517,2020,3,20,7,3,2,2,2,0,1,0,0,0,0,0,13.31468769,52.52959104
3,3300514,2020,3,7,4,3,5,3,0,1,1,0,0,0,0,1,13.4548562,52.59291657
6,6200423,2020,3,14,5,3,5,3,0,0,1,0,1,0,0,0,13.32223602,52.41038199
1,1400938,2020,3,11,7,3,5,2,0,0,1,0,0,0,0,0,13.34514864,52.55430523
1,1100101,2020,3,16,3,3,2,6,1,0,1,0,0,0,0,1,13.34520149,52.50408661
3,3500936,2020,3,9,4,3,3,5,0,0,1,0,0,0,0,0,13.46641308,52.55017952
8,8200727,2020,3,11,6,3,2,7,0,0,1,0,0,0,0,1,13.45336989,52.43988846
5,5100316,2020,3,16,3,3,6,7,1,0,1,1,0,0,0,1,13.20274336,52.53789534
11,11200411,2020,3,17,2,3,5,3,0,1,1,0,0,0,0,0,13.50783186,52.54623855
4,4200310,2020,3,15,3,3,5,2,0,1,1,0,0,0,0,0,13.26606673,52.51298891
1,1100310,2020,3,8,4,3,0,5,0,1,1,0,0,0,0,0,13.41697247,52.52397742
3,3601243,2020,3,15,3,3,8,1,0,0,1,0,0,0,0,1,13.42127641,52.54935533
6,6200317,2020,3,15,7,2,0,1,0,1,0,0,0,0,0,0,13.36696572,52.43394649
3,3601347,2020,3,18,2,3,2,6,1,0,1,0,0,0,0,0,13.42173487,52.54496986
10,10100209,2020,3,7,4,2,5,3,0,1,1,0,0,0,0,0,13.56935582,52.55348325
5,5300840,2020,3,15,7,3,4,1,0,0,1,0,1,0,0,0,13.24815157,52.53637402
7,7100206,2020,3,16,4,3,0,1,0,0,0,0,1,0,0,0,13.36085938,52.4901537
12,12100103,2020,3,19,4,2,0,1,2,1,0,0,0,0,0,0,13.36865436,52.5744948
2,2300316,2020,3,15,5,3,0,7,0,1,0,0,0,0,0,0,13.44141207,52.50136442
4,4100101,2020,3,15,3,3,0,7,0,0,1,0,1,1,0,1,13.28295078,52.53384408
5,5100316,2020,3,8,2,3,5,7,0,0,1,0,1,0,0,0,13.1926099,52.53604762
1,1100416,2020,3,9,3,3,5,3,0,1,1,0,0,0,0,0,13.40333069,52.53405674
9,9100305,2020,3,6,4,2,5,3,0,1,1,0,0,0,0,0,13.49133287,52.46912092
10,10300731,2020,3,10,5,3,5,2,0,0,1,0,0,0,0,0,13.56545778,52.53429236
8,8100417,2020,3,9,6,3,2,5,0,0,1,0,0,0,1,0,13.45559284,52.47399222
4,4400830,2020,3,7,3,3,5,3,0,1,1,0,0,0,0,1,13.29013659,52.47571767
9,9200819,2020,3,14,2,3,3,6,0,0,1,0,0,1,0,0,13.56058845,52.44631743
8,8300934,2020,3,15,3,3,0,7,0,0,0,0,0,0,1,0,13.45425288,52.42988409
9,9501736,2020,3,15,3,3,2,7,0,0,1,0,0,0,0,1,13.60792437,52.45311593
2,2100101,2020,3,16,6,3,6,4,0,0,0,1,1,0,0,0,13.3757327,52.50443231
6,6100103,2020,3,18,2,3,6,7,1,1,0,1,0,0,0,0,13.32531814,52.46158195
6,6200315,2020,3,7,4,3,2,6,0,0,1,0,0,0,0,1,13.34709588,52.4277749
12,12500825,2020,3,14,7,3,5,2,0,1,1,0,0,0,0,0,13.30000742,52.58311613
3,3400830,2020,3,13,4,3,0,7,0,1,0,0,0,0,0,0,13.42051245,52.56718836
9,9502043,2020,3,18,4,3,5,3,1,1,1,0,0,0,0,0,13.55328058,52.4695649
11,11300724,2020,3,16,5,3,5,3,0,1,1,0,0,0,0,0,13.48794313,52.51841345
8,8401243,2020,3,14,3,2,0,7,0,1,0,0,0,0,0,1,13.49435045,52.43086607
12,12200309,2020,3,14,4,3,6,4,0,0,1,1,0,0,0,0,13.3129801,52.56775625
1,1100310,2020,3,19,1,2,0,7,2,0,1,0,0,0,0,0,13.41124723,52.52836376
12,12500930,2020,3,7,3,3,2,6,0,0,1,0,0,0,1,0,13.32927099,52.58732735
1,1401045,2020,3,14,3,3,3,6,0,0,1,0,0,0,1,1,13.37416797,52.55649976
9,9301126,2020,3,17,5,3,1,5,0,0,1,0,0,0,0,0,13.58001373,52.41802542
3,3601450,2020,3,1,2,3,7,7,2,1,0,0,0,0,0,0,13.45897725,52.52904895
1,1200518,2020,3,12,5,3,6,4,0,0,1,1,0,0,0,0,13.32477864,52.53206927
5,5300840,2020,3,12,3,3,5,2,0,0,1,0,0,0,0,1,13.26484952,52.53674924
3,3601141,2020,3,13,6,3,5,3,0,1,1,0,0,0,0,0,13.41105357,52.55415842
7,7501135,2020,3,16,2,3,6,4,0,0,0,1,0,0,1,0,13.39548078,52.42440202
10,10100311,2020,3,12,7,3,5,2,0,0,1,0,0,0,1,0,13.51920133,52.53140071
1,1100103,2020,3,20,3,3,5,3,2,1,1,0,0,0,0,0,13.35154819,52.50555219
1,1300733,2020,3,16,4,3,5,2,0,0,1,0,0,0,0,0,13.38405393,52.55577092
5,5100208,2020,3,13,5,3,1,5,0,0,1,0,0,0,1,0,13.15733718,52.5489126
6,6100102,2020,3,12,3,3,0,4,0,0,0,1,0,0,1,1,13.32173596,52.45664195
11,11100309,2020,3,14,4,2,2,6,0,0,1,0,0,0,0,0,13.50832232,52.56433231
9,9100202,2020,3,13,1,3,9,1,0,0,0,0,1,0,0,0,13.47133373,52.47668053
3,3501038,2020,3,11,3,3,1,5,0,1,1,0,0,0,0,0,13.49146958,52.55849967
5,5100316,2020,3,6,4,3,2,6,0,0,1,0,0,0,0,0,13.20073194,52.53839882
5,5100316,2020,3,0,5,2,2,2,2,0,1,0,0,0,0,0,13.18238756,52.53842929
6,6400735,2020,3,12,1,2,4,6,0,0,1,0,1,0,0,0,13.18126875,52.42242888
5,5100314,2020,3,15,5,2,0,1,0,1,0,0,0,0,0,0,13.20614574,52.54266901
12,12200515,2020,3,14,4,3,0,7,0,1,0,0,0,0,0,0,13.28496869,52.58771375
7,7501032,2020,3,14,6,3,6,4,0,0,1,1,0,0,0,0,13.40702193,52.44460749
6,6200423,2020,3,18,3,3,1,7,1,0,1,0,1,0,0,0,13.31783118,52.41430279
6,6100208,2020,3,10,4,3,0,4,0,0,1,1,0,0,0,0,13.32707965,52.45798713
2,2100101,2020,3,5,5,3,5,3,2,1,1,0,0,0,0,1,13.38346823,52.50337109
3,3300516,2020,3,18,6,3,0,1,2,0,0,0,1,0,0,1,13.42919078,52.57197516
3,3601346,2020,3,12,3,3,5,7,0,0,1,0,0,0,1,0,13.41860805,52.54686779
2,2200210,2020,3,12,4,3,5,2,0,0,1,0,0,1,0,0,13.39575683,52.49787439
4,4200311,2020,3,10,5,2,4,5,0,0,1,0,0,0,0,1,13.282956,52.51282672
2,2300417,2020,3,12,3,3,5,3,0,0,1,0,0,0,0,1,13.4295526,52.49821183
8,8301036,2020,3,14,4,3,6,4,0,0,1,1,0,0,0,0,13.46336751,52.42434872
6,6400736,2020,3,11,7,3,6,4,0,0,1,1,0,0,0,0,13.22908044,52.42579919
8,8200624,2020,3,12,2,3,5,2,0,0,1,0,0,0,0,0,13.43298576,52.45242551
6,6100209,2020,3,11,5,3,1,7,0,0,1,0,0,0,0,0,13.33914093,52.46308511
2,2500836,2020,3,0,7,3,0,1,2,0,0,0,0,0,1,0,13.46948928,52.49717745
3,3400725,2020,3,11,3,3,5,3,0,0,1,0,0,0,0,1,13.42548774,52.5865347
8,8100521,2020,3,9,4,3,5,7,0,0,1,0,1,0,0,0,13.46496397,52.46571351
9,9501737,2020,3,11,6,3,6,2,0,0,1,1,0,0,0,0,13.62474978,52.45115991
4,4100101,2020,3,11,3,3,5,2,0,0,1,0,0,0,1,1,13.29680979,52.54812262
2,2300316,2020,3,17,2,3,0,6,0,0,1,0,1,0,0,0,13.44218989,52.5009411
3,3601244,2020,3,16,3,3,6,4,0,1,0,1,0,0,0,0,13.42578211,52.54643395
2,2400522,2020,3,7,3,3,3,6,1,1,1,0,0,0,0,0,13.45125338,52.5203307
7,7100102,2020,3,12,7,2,5,3,0,1,1,0,0,0,0,0,13.35298006,52.49932744
6,6200421,2020,3,8,2,3,2,6,0,0,1,0,0,0,0,0,13.31529019,52.43063959
4,4300621,2020,3,20,4,3,1,5,2,1,1,0,0,0,0,0,13.30188275,52.51727809
4,4200310,2020,3,10,3,3,2,6,0,0,1,0,1,0,1,1,13.26892508,52.51156907
12,12500929,2020,3,18,7,2,5,3,1,0,1,0,1,0,0,0,13.3584823,52.61211762
4,4300623,2020,3,10,2,3,0,7,0,1,0,0,0,0,0,0,13.31166465,52.50634232
5,5200629,2020,3,17,7,3,5,3,0,0,1,0,0,0,0,0,13.19566798,52.52946124
1,1100308,2020,3,21,4,3,9,1,2,0,0,0,1,0,0,0,13.3765825,52.52866731
1,1300836,2020,3,18,4,3,0,7,2,0,0,0,1,0,1,1,13.38248056,52.54874408
1,1100102,2020,3,2,6,3,8,1,2,0,1,0,0,0,0,0,13.35142387,52.50982864
5,5300840,2020,3,9,3,3,5,7,0,0,1,0,1,0,0,1,13.25876927,52.53461409
4,4300620,2020,3,11,2,2,5,7,0,0,1,0,0,1,0,0,13.32696163,52.51989605
8,8200831,2020,3,21,3,3,1,5,2,0,1,0,1,0,0,0,13.40639821,52.42736804
12,12200412,2020,3,8,3,3,6,4,0,0,1,1,0,0,0,0,13.29447443,52.57643556
4,4300623,2020,3,13,6,3,2,7,0,0,0,0,1,0,1,0,13.30557777,52.50791105
10,10100316,2020,3,16,2,3,2,6,0,0,1,0,0,0,0,0,13.57019301,52.54072799
3,3500934,2020,3,13,7,3,5,3,0,1,1,0,0,0,0,0,13.44112149,52.54954803
1,1100101,2020,3,10,4,3,5,3,0,0,1,0,0,0,0,0,13.35216623,52.50636207
7,7100102,2020,3,15,4,3,5,3,0,0,1,0,0,0,1,0,13.34582701,52.50007418
2,2500729,2020,3,14,5,3,5,5,0,0,1,0,0,0,0,0,13.4712054,52.51455399
4,4300415,2020,3,8,3,3,0,5,0,1,1,0,0,0,0,0,13.29250504,52.50962696
12,12200412,2020,3,15,7,3,5,2,0,1,1,0,0,0,0,0,13.29133542,52.58102443
6,6400840,2020,3,15,4,3,8,1,0,0,1,0,0,0,0,0,13.25447164,52.44353035
5,5100211,2020,3,19,4,3,2,6,2,0,1,0,1,0,0,0,13.1578803,52.54312759
4,4300620,2020,3,18,5,3,1,5,2,1,0,0,0,0,1,0,13.32025407,52.52009766
3,3100103,2020,3,7,3,3,5,3,0,1,1,0,0,0,0,0,13.49306894,52.62386191
7,7501133,2020,3,5,2,2,0,1,1,0,0,0,1,0,0,0,13.38502905,52.43553756
4,4400830,2020,3,14,3,2,1,5,0,1,1,0,0,0,0,0,13.28583555,52.47912208
5,5300840,2020,3,9,2,3,2,6,0,0,1,0,0,0,0,1,13.24791404,52.53651665
7,7300619,2020,3,16,5,3,3,6,0,0,1,0,1,0,0,0,13.35476487,52.45863217
1,1300836,2020,3,15,2,3,5,3,0,0,1,0,0,0,0,0,13.37294311,52.54018854
3,3601245,2020,3,19,4,3,5,2,2,0,1,0,0,0,0,0,13.42851828,52.54785584
10,10100104,2020,3,22,6,2,6,4,2,0,1,1,0,0,0,0,13.57370914,52.56652839
1,1401049,2020,3,15,3,3,2,6,0,0,1,0,0,0,0,0,13.36418391,52.55656707
9,9200819,2020,3,14,4,3,5,7,0,1,0,0,0,0,1,0,13.56166067,52.44466716
1,1100102,2020,3,11,5,3,0,7,0,1,0,0,0,0,0,1,13.37385706,52.52095694
7,7100102,2020,3,20,2,3,5,2,2,0,1,0,0,0,0,0,13.34627672,52.50107765
4,4501153,2020,3,14,4,3,2,2,0,0,1,0,0,0,0,0,13.32880792,52.47883808
12,12400618,2020,3,0,1,3,8,1,2,0,1,0,0,0,0,0,13.22689414,52.62693664
5,5200629,2020,3,11,2,3,0,3,0,0,1,0,1,0,0,0,13.19643587,52.53044821
10,10300733,2020,3,14,5,3,2,6,0,0,1,0,0,0,0,0,13.56223213,52.51117723
7,7601236,2020,3,11,7,3,1,5,0,0,1,0,0,0,0,0,13.36071912,52.41735482
9,9100304,2020,3,13,4,3,5,2,0,0,1,0,0,0,0,0,13.48125577,52.46079553
11,11300826,2020,3,16,1,2,6,7,0,0,1,1,0,0,0,0,13.47700622,52.51188372
9,9200511,2020,3,5,3,3,5,2,0,1,1,0,0,0,0,0,13.52590055,52.45875008
3,3501038,2020,3,16,5,2,5,3,0,0,1,0,1,0,0,0,13.47694958,52.56324894
2,2300314,2020,3,17,1,3,2,1,0,1,1,0,0,0,0,0,13.4267063,52.50473863
10,10400940,2020,3,10,5,3,5,2,0,1,1,0,0,0,0,0,13.60109433,52.48066951
3,3501038,2020,3,15,6,3,2,6,0,0,1,0,0,0,0,0,13.48077012,52.5537674
6,6100102,2020,3,12,3,3,5,3,0,1,1,0,0,0,0,0,13.31911613,52.45453183
1,7100101,2020,3,10,4,3,3,2,0,0,1,0,1,0,0,0,13.34278126,52.50457246
4,4200308,2020,3,9,5,3,5,2,0,0,1,0,0,0,0,1,13.27805095,52.51839469
3,3701657,2020,3,18,2,2,0,1,2,0,0,0,0,0,1,0,13.42508986,52.54098607
7,7100101,2020,3,13,4,3,2,6,0,1,1,0,0,0,0,0,13.34557192,52.49694229
12,1300730,2020,3,20,7,3,2,6,2,0,1,0,0,0,0,0,13.37698471,52.56058102
7,7300618,2020,3,11,2,3,1,5,0,1,1,0,0,0,0,0,13.33726659,52.46888051
1,1100308,2020,3,22,7,3,5,3,2,0,1,0,0,0,0,0,13.37407493,52.53056708
10,10100311,2020,3,8,4,3,2,6,0,0,0,0,0,0,1,0,13.52756992,52.53578688
9,9301228,2020,3,7,6,3,4,6,0,0,1,0,0,0,0,0,13.65489701,52.37463295
10,10300732,2020,3,16,2,3,3,6,1,0,1,0,0,0,0,1,13.56857216,52.51309411
7,7200412,2020,3,15,2,2,5,3,0,1,0,0,0,0,1,0,13.36299584,52.47604254
1,1100308,2020,3,16,4,3,0,3,0,1,1,0,0,0,0,0,13.37964163,52.52132552
8,8100209,2020,3,13,6,3,6,2,0,0,0,1,0,0,1,0,13.44463576,52.46800047
9,9100304,2020,3,15,2,3,6,4,0,0,1,1,0,0,0,0,13.48653424,52.4651396
7,7501134,2020,3,17,2,3,2,6,1,0,1,0,0,0,0,0,13.39235595,52.43988344
8,8200831,2020,3,12,3,3,1,5,0,0,1,0,0,0,0,0,13.41231903,52.42516582
4,4300619,2020,3,12,4,3,0,6,0,0,1,0,1,0,0,0,13.31592235,52.51563173
12,12500927,2020,3,15,2,3,1,5,0,0,1,0,1,0,0,1,13.33112287,52.59804153
4,4501150,2020,3,21,7,3,6,7,2,1,0,1,0,0,0,0,13.32795369,52.48676857
2,2100106,2020,3,20,2,3,5,2,2,0,1,0,0,0,0,0,13.40665346,52.49843396
3,3200204,2020,3,15,7,3,5,2,0,0,1,0,0,0,0,0,13.40206655,52.6028499
4,4200310,2020,3,17,4,2,6,4,0,0,1,1,0,0,0,0,13.26853741,52.50921104
2,2200211,2020,3,16,4,3,5,3,0,1,1,0,0,0,0,0,13.39740939,52.48895969
7,7300619,2020,3,14,5,3,2,6,0,0,1,0,0,0,0,0,13.34788765,52.45911654
12,12500824,2020,3,15,2,3,5,3,0,1,1,0,0,0,0,1,13.30259992,52.59159634
2,2100106,2020,3,8,2,3,5,3,0,0,1,0,0,0,0,0,13.39945538,52.49828847
2,2400521,2020,3,17,3,3,5,2,1,1,1,0,0,0,0,0,13.44061031,52.51701981
6,6200422,2020,3,13,2,3,5,7,0,0,1,0,0,0,0,1,13.33247126,52.42974771
11,11400927,2020,3,10,6,3,5,2,0,0,1,0,1,0,0,0,13.47137029,52.50515226
4,4300416,2020,3,7,2,3,0,1,0,0,0,0,1,0,0,0,13.30205115,52.50896467
1,1400942,2020,3,15,2,3,2,6,0,0,1,0,0,0,1,0,13.34900149,52.54869031
12,12500824,2020,3,15,3,3,0,2,0,0,1,0,1,0,0,0,13.29222487,52.59058244