BEZ,LOR_ab_2021,UJAHR,UMONAT,USTUNDE,UWOCHENTAG,UKATEGORIE,UART,UTYP1,ULICHTVERH,IstRad,IstPKW,IstFuss,IstKrad,IstGkfz,IstSonstige,USTRZUSTAND,XGCSWGS84,YGCSWGS84
3,3500934,2020,3,12,2,3,0,3,0,0,0,0,0,0,1,1,13.43256231,52.55757827
5,5200420,2020,3,21,6,3,5,3,2,1,1,0,0,0,0,0,13.17924817,52.5337754
11,11300722,2020,3,7,2,3,5,2,0,1,1,0,0,0,0,0,13.48585641,52.51847235
9,9200715,2020,3,14,7,3,5,2,0,1,1,0,0,0,0,0,13.5266856,52.42879517
7,7100206,2020,3,13,4,3,6,4,0,0,1,1,0,0,0,0,13.37060431,52.48854162
1,1100313,2020,3,18,4,2,5,2,1,1,1,0,0,0,0,0,13.42090348,52.50942273
9,9200716,2020,3,18,5,3,5,3,2,0,1,0,0,0,1,0,13.54494769,52.43431973
12,12200412,2020,3,12,2,3,2,6,0,0,1,0,0,1,0,1,13.28437512,52.57563554
2,2100101,2020,3,19,2,3,0,1,2,1,0,0,0,0,0,0,13.38127156,52.5039861
6,6200313,2020,3,8,3,3,2,6,0,0,1,0,0,0,0,0,13.34798914,52.43760015
12,12200309,2020,3,22,2,3,5,3,2,0,1,0,0,0,1,0,13.32764364,52.56407988
1,1200517,2020,3,12,5,3,5,3,0,1,1,0,0,0,0,0,13.31490088,52.52952028
8,8401241,2020,3,14,2,3,3,5,0,1,1,0,0,0,0,0,13.47190201,52.43651857
8,8401243,2020,3,14,5,3,5,2,0,1,1,0,0,0,0,0,13.49530471,52.43159827
5,5100210,2020,3,18,6,3,5,7,2,0,1,0,0,0,0,1,13.18413206,52.54558608
11,11300722,2020,3,15,3,3,5,3,0,0,1,0,0,0,0,0,13.48535728,52.52318995
3,3200204,2020,3,13,4,2,8,1,0,0,0,0,1,0,0,0,13.39432197,52.6174719
1,1100101,2020,3,12,7,3,5,3,0,0,1,0,0,0,0,0,13.35219602,52.50634479
1,1100415,2020,3,18,3,3,6,4,1,0,1,1,0,0,0,0,13.39478407,52.5322912
3,3400620,2020,3,15,4,3,5,2,0,1,1,0,0,0,0,0,13.39688202,52.57149142
7,7300516,2020,3,13,5,2,6,7,0,0,0,1,0,0,1,0,13.32836512,52.46623314
6,6200316,2020,3,12,2,3,2,7,0,0,1,0,0,0,0,0,13.35592235,52.42601677
4,4400725,2020,3,13,4,3,5,2,0,1,1,0,0,0,0,0,13.2808162,52.49884859
11,11300620,2020,3,14,1,3,6,7,0,0,1,1,0,0,0,0,13.48081618,52.53325868
3,3601245,2020,3,13,3,2,5,2,0,1,1,0,0,0,0,0,13.43643853,52.54852786
7,7601238,2020,3,19,4,3,2,6,2,0,1,0,1,0,0,0,13.38899993,52.41204177
10,10400836,2020,3,2,5,3,4,7,2,1,0,0,0,0,0,0,13.58716904,52.51146691
5,5100103,2020,3,13,1,3,5,3,0,1,1,0,0,0,0,0,13.21460197,52.56328894
6,6400838,2020,3,17,5,3,5,3,0,0,1,0,0,0,0,0,13.22978814,52.44249672
3,3200309,2020,3,19,4,3,6,4,2,0,1,1,0,0,0,0,13.44001744,52.59166691
5,5200420,2020,3,15,6,3,5,3,0,0,1,0,0,0,0,0,13.17939949,52.5338653
7,7300619,2020,3,8,3,3,5,2,0,0,1,0,0,0,0,0,13.34741231,52.47059434
6,6200311,2020,3,11,4,3,1,1,0,0,1,0,1,0,1,0,13.36052325,52.44224902
12,12200414,2020,3,5,5,3,2,6,1,0,1,0,0,0,0,0,13.30791961,52.55656412
10,10100206,2020,3,11,2,2,1,5,0,0,1,0,0,0,0,1,13.56572118,52.55622367
2,2100102,2020,3,19,7,3,1,7,2,0,1,0,0,0,1,0,13.39128519,52.50192455
6,6300631,2020,3,10,2,3,2,1,0,1,0,0,0,1,0,0,13.31091065,52.43073905
8,8100209,2020,4,17,5,3,5,3,0,0,0,0,1,0,0,0,13.44740419,52.46424253
3,3400828,2020,4,18,4,3,5,3,1,1,1,0,0,0,0,0,13.42761511,52.56046466
7,7400823,2020,4,17,6,3,5,2,0,1,1,0,0,0,0,0,13.37798995,52.4662962
1,1300836,2020,4,19,5,3,6,4,2,0,1,1,0,0,0,0,13.37825925,52.55038901
5,5100317,2020,4,16,4,2,5,2,0,1,0,0,0,1,0,0,13.24757347,52.52452175
1,1200517,2020,4,15,6,3,0,7,0,1,0,0,0,0,0,0,13.32461617,52.53685445
7,7400823,2020,4,19,5,3,2,7,0,0,0,0,1,0,1,0,13.37260094,52.45957943
8,8401139,2020,4,17,1,3,3,6,0,1,1,0,0,0,0,0,13.46528662,52.43340809
9,9401329,2020,4,16,4,3,3,6,0,1,0,0,0,0,1,0,13.58224499,52.43770431
7,7400927,2020,4,18,5,2,6,7,0,0,0,1,0,0,1,0,13.38916387,52.46573462
11,11300722,2020,4,16,4,3,5,7,0,0,1,0,0,0,1,0,13.47924285,52.51630116
1,1401046,2020,4,9,5,2,3,6,0,0,1,0,0,0,0,0,13.34806793,52.54123444
6,6200421,2020,4,17,5,3,2,6,0,0,1,0,0,0,0,0,13.31548432,52.42481221
9,9100203,2020,4,15,4,3,5,2,0,1,1,0,0,0,0,0,13.47859126,52.47750779
1,1100309,2020,4,9,5,3,5,7,0,1,0,0,0,0,1,0,13.40898227,52.52830029
3,3601244,2020,4,22,3,3,2,7,2,0,1,0,1,0,0,0,13.42737759,52.5457555
3,3601140,2020,4,13,5,3,5,2,0,0,1,0,0,0,0,0,13.4057021,52.55126074
9,9301025,2020,4,15,1,3,5,3,0,1,1,0,0,0,0,0,13.5616695,52.39149148
9,9501939,2020,4,9,5,3,6,2,0,0,1,1,0,0,0,0,13.56964123,52.45281477
2,2200209,2020,4,18,5,3,5,2,0,0,1,0,1,0,0,0,13.37665086,52.48503411
8,8200832,2020,4,16,1,2,0,1,0,0,0,0,1,0,0,0,13.4254779,52.41647116
8,8200726,2020,4,18,5,3,2,6,0,0,1,0,0,0,0,0,13.45332769,52.44542674
3,3500936,2020,4,14,5,3,0,2,0,1,0,0,0,0,1,0,13.45023292,52.54605127
7,7601341,2020,4,15,4,3,1,5,0,1,1,0,0,0,0,0,13.36152683,52.40157833
7,7400721,2020,4,17,5,2,0,1,0,1,0,0,0,0,0,0,13.40036528,52.48370455
2,2200209,2020,4,16,5,3,5,2,0,1,1,0,0,0,0,0,13.38235382,52.48984936
6,6400841,2020,4,15,4,3,2,6,0,0,1,0,0,0,0,0,13.26218857,52.43792
2,2100106,2020,4,17,5,3,5,2,0,1,1,0,0,0,0,0,13.41830565,52.498727
3,3400826,2020,4,16,3,3,5,2,0,1,1,0,0,0,0,0,13.41067424,52.55938372
7,7400826,2020,4,16,5,3,2,7,0,1,1,0,0,0,0,0,13.36640666,52.44946068
4,4200311,2020,4,18,7,2,5,3,0,0,1,0,0,0,0,0,13.28146028,52.51155815
1,1200522,2020,4,15,5,2,5,2,0,1,1,0,0,0,0,0,13.3425684,52.52541456
9,9200715,2020,4,15,5,3,5,2,0,0,1,0,0,0,0,0,13.54707215,52.42669004
7,7601442,2020,4,13,4,3,5,2,0,0,1,0,1,0,0,0,13.40131448,52.41450989
4,4200204,2020,4,16,6,3,5,2,0,1,1,0,0,0,0,0,13.22318652,52.51018057
1,1400939,2020,4,15,5,3,5,3,0,0,1,0,0,0,0,0,13.35637001,52.55538483
9,9200510,2020,4,10,4,3,0,2,0,1,0,0,0,0,1,0,13.50924532,52.46351955
2,2200212,2020,4,17,6,3,2,6,0,0,1,0,1,0,0,0,13.41533251,52.48796894
9,9501939,2020,4,13,4,3,5,2,0,0,1,0,1,0,0,0,13.58014315,52.45824075
8,8200624,2020,4,15,5,3,6,4,0,0,1,1,0,0,0,0,13.42669766,52.45690455
10,10200418,2020,4,12,4,3,0,1,0,0,0,0,1,0,0,0,13.59180879,52.54040874
4,4100101,2020,4,15,5,3,5,2,0,0,1,0,0,0,0,0,13.32624395,52.53802354
8,8401243,2020,4,13,5,3,0,2,0,0,0,0,1,1,0,0,13.49532512,52.43164664
9,9200716,2020,4,10,4,3,6,2,0,0,1,1,0,0,0,0,13.54809238,52.43794764
2,2300315,2020,4,13,5,3,2,6,0,0,1,0,1,0,0,0,13.42427976,52.49907806
1,1100312,2020,4,13,3,3,2,6,0,0,1,0,0,0,0,0,13.40397154,52.50811863
5,5200524,2020,4,12,5,3,5,2,0,0,1,0,0,0,0,0,13.14113087,52.52747895
2,2500727,2020,4,12,5,3,2,6,0,0,1,0,0,0,0,0,13.4547181,52.51581852
6,6200313,2020,4,17,4,3,3,6,0,1,0,0,0,0,1,0,13.3432792,52.43963455
1,1100311,2020,4,10,4,3,5,3,0,1,1,0,0,0,0,0,13.42566397,52.51842241
3,3400619,2020,4,14,6,3,1,5,0,1,1,0,0,0,0,0,13.37192115,52.59009958
4,4300621,2020,4,17,4,3,6,4,0,1,0,1,0,0,0,0,13.30487142,52.51419928
6,6200313,2020,4,18,4,3,1,5,0,1,1,0,0,0,0,0,13.34377786,52.43890415
3,3601451,2020,4,15,6,3,5,2,0,1,1,0,0,0,0,0,13.44568054,52.53467621
4,4501043,2020,4,22,4,3,0,1,2,1,0,0,0,0,0,0,13.31307992,52.49130669
6,6200317,2020,4,9,1,2,5,3,0,0,1,0,1,0,0,0,13.36177473,52.42545102
5,5100315,2020,4,9,4,3,6,2,0,0,1,1,0,0,0,0,13.20466808,52.54413755
1,1100311,2020,4,20,4,3,3,3,2,0,1,0,1,0,0,0,13.41779088,52.51800335
12,12601133,2020,4,18,4,2,0,1,0,0,0,0,0,0,1,0,13.36881531,52.60202699
8,8200730,2020,4,14,2,2,5,2,0,1,0,0,0,0,0,0,13.43516623,52.4364543
1,1100310,2020,4,17,4,3,5,2,0,1,1,0,0,0,0,0,13.4149984,52.5157905
7,7501031,2020,4,16,4,3,2,6,0,0,1,0,0,1,1,0,13.40454863,52.44910789
9,9501737,2020,4,10,4,3,1,5,0,0,1,0,0,0,0,0,13.64181326,52.44776365
9,9502043,2020,4,16,4,3,0,7,0,1,0,0,0,0,0,0,13.57542187,52.47435199
6,6400736,2020,4,9,6,3,4,2,0,0,1,0,0,0,1,0,13.2248712,52.423437
8,8100521,2020,4,15,4,3,0,6,0,1,1,0,0,0,0,0,13.46130935,52.46777851
12,12200309,2020,4,13,4,3,6,7,0,0,1,1,0,0,0,0,13.32848181,52.56492827
8,8200727,2020,4,9,6,3,2,6,0,0,1,0,0,0,0,0,13.43466842,52.44058129
10,10300731,2020,4,14,4,3,5,3,0,1,1,0,0,0,0,0,13.55030169,52.52022072
1,1400941,2020,4,19,1,3,4,6,0,0,1,0,1,0,0,0,13.33881434,52.56284406
10,10300733,2020,3,9,3,2,0,1,0,1,0,0,0,0,0,0,13.56222556,52.51115196
9,9200717,2020,4,14,4,3,1,5,0,1,1,0,0,0,0,0,13.54893454,52.43821854
12,12100205,2020,3,12,3,3,2,6,0,0,1,0,0,0,0,0,13.35074356,52.5673693
12,12500930,2020,4,14,4,3,5,3,0,0,1,0,0,0,0,0,13.33322569,52.57884274
4,4200310,2020,4,16,5,3,0,7,0,1,1,0,0,0,0,1,13.26899616,52.51171418
12,12601235,2020,3,9,3,2,6,4,0,0,1,1,0,0,0,0,13.35586281,52.59245141
4,4200207,2020,3,8,3,3,2,7,0,0,1,0,1,0,0,0,13.26032919,52.48933134
11,11200512,2020,4,14,4,3,5,2,0,1,1,0,0,0,0,0,13.48541508,52.54804693
6,6400735,2020,4,14,4,3,5,3,0,1,1,0,0,0,0,0,13.17593867,52.4195496
10,10100206,2020,3,7,3,3,5,3,0,0,1,0,0,0,1,0,13.56919322,52.56082356
4,4300412,2020,4,13,4,3,2,6,0,0,1,0,0,0,1,0,13.28468049,52.51872943
9,9502043,2020,4,12,3,3,2,6,0,0,1,0,0,0,0,0,13.5841797,52.4640401
12,12500926,2020,4,20,5,3,5,3,1,1,1,0,0,0,0,0,13.32995185,52.59433113
2,2400521,2020,4,13,4,3,5,7,0,0,1,0,1,0,0,0,13.44064342,52.51712885
8,8100419,2020,4,15,1,2,3,6,0,1,0,0,1,0,0,0,13.45609389,52.48314813
5,5100208,2020,4,12,4,3,2,6,0,0,1,0,0,0,0,0,13.15340297,52.55344523
3,3300517,2020,4,12,4,3,5,7,0,1,1,0,0,0,0,0,13.47028654,52.56607301
11,11300721,2020,3,17,3,3,5,3,0,1,0,0,0,0,0,0,13.49908906,52.5263797
1,1401049,2020,4,12,4,3,2,6,0,0,1,0,0,0,0,0,13.36873782,52.55725895
1,1200628,2020,4,15,5,3,5,2,0,1,1,0,0,0,0,0,13.35562643,52.51971912
3,3300412,2020,3,15,3,3,5,3,0,0,1,0,0,0,0,0,13.4741088,52.60990074
4,4501150,2020,4,11,4,3,6,7,0,0,1,1,0,0,0,0,13.32232711,52.48515928
3,3300411,2020,4,15,3,3,5,3,0,0,1,0,1,0,0,0,13.48699112,52.6174727
11,11200411,2020,4,9,4,3,5,3,0,0,1,0,0,0,0,0,13.50923618,52.54648295
4,4500939,2020,4,7,4,3,5,2,0,0,1,0,0,0,0,0,13.30219774,52.48835807
1,1100102,2020,4,17,3,3,0,1,0,1,0,0,0,0,0,0,13.37084928,52.51818682
1,1100207,2020,4,7,4,3,5,3,0,1,0,0,0,0,1,0,13.40256047,52.51648842
9,9502043,2020,4,22,7,3,8,1,2,0,1,0,0,0,0,0,13.56834395,52.46634603
11,11300620,2020,4,4,4,3,5,2,2,0,1,0,1,0,0,0,13.4761631,52.53308785
2,1100311,2020,4,17,3,3,3,6,0,1,1,0,0,0,0,0,13.42340729,52.51364102
10,10100311,2020,3,15,3,3,2,6,0,0,1,0,0,1,1,0,13.53681128,52.53962332
9,9502043,2020,4,8,3,2,5,2,0,0,1,0,1,0,0,0,13.58368563,52.46315687
5,5200423,2020,4,9,5,3,2,1,0,0,1,0,0,0,0,0,13.1592923,52.52969804
1,1100310,2020,4,17,6,3,1,6,0,1,1,0,0,0,0,0,13.41362746,52.52787531
4,4200311,2020,3,12,3,3,6,7,0,1,0,1,0,0,0,0,13.27904405,52.5107787
11,11400931,2020,4,16,3,3,2,7,0,1,1,0,0,0,0,0,13.51959004,52.50616655
1,1100311,2020,4,14,2,3,5,3,0,1,1,0,0,0,0,0,13.42062758,52.51761466
5,5200528,2020,4,15,3,3,5,3,0,1,0,0,0,0,1,0,13.17555597,52.51719009
12,12200411,2020,4,14,3,2,5,3,0,1,1,0,0,0,0,0,13.32179065,52.56055976
12,12601134,2020,4,13,3,3,0,1,0,0,0,0,1,0,0,0,13.35581709,52.60512998
6,6200313,2020,3,11,3,3,2,2,0,0,1,0,0,0,0,0,13.34564265,52.4363493
1,1300731,2020,4,2,6,3,1,5,2,0,1,0,0,0,0,0,13.38499711,52.55903943
4,4100101,2020,4,16,3,2,5,3,0,1,1,0,0,0,0,0,13.31506314,52.54118102
8,8100312,2020,4,17,4,3,6,4,0,1,0,1,0,0,0,0,13.43908724,52.48894589
1,1100205,2020,4,16,3,3,5,3,0,1,1,0,0,0,0,0,13.37646559,52.51009415
8,8300935,2020,4,16,3,3,0,2,0,0,1,0,1,0,0,0,13.44834945,52.42747207
6,6200313,2020,3,17,2,3,5,3,0,0,1,0,0,0,0,1,13.3493664,52.43698879
6,6400839,2020,4,0,6,3,8,1,2,0,1,0,0,0,0,0,13.25478307,52.44260035
7,7501133,2020,4,17,3,3,5,3,0,1,1,0,0,0,0,0,13.37126865,52.43642931
8,8100104,2020,4,20,4,3,1,5,2,1,1,0,0,0,1,0,13.42915738,52.47145671
2,2300316,2020,4,16,6,3,6,7,0,0,1,1,0,0,0,0,13.44438585,52.50096873
6,6200422,2020,4,18,3,3,5,3,0,1,1,0,0,0,0,0,13.33118479,52.42006681
10,10400837,2020,4,14,1,3,1,5,0,1,1,0,0,0,0,0,13.57784971,52.49041158
9,9100306,2020,4,16,7,3,2,2,0,0,1,0,0,0,0,0,13.48118871,52.44501105
11,11100204,2020,4,22,3,3,5,3,2,1,1,0,0,0,0,0,13.52740404,52.5565237
12,12400618,2020,4,12,3,3,1,5,0,1,1,0,0,0,0,0,13.22989651,52.62502522
2,2100101,2020,4,12,3,3,5,2,0,1,1,0,0,0,0,0,13.38864926,52.499323
3,3100103,2020,3,13,2,3,5,3,0,1,1,0,0,0,0,1,13.49786834,52.62836183
9,9502043,2020,4,17,5,3,2,6,0,0,1,0,0,0,0,0,13.55290934,52.46850831
12,12100205,2020,4,12,3,3,0,7,0,0,1,0,0,0,1,0,13.34530766,52.58134064
4,4200308,2020,4,12,4,3,5,2,0,0,1,0,1,0,0,0,13.27796964,52.51835441
9,9100306,2020,4,13,5,2,2,6,0,0,1,0,1,0,0,0,13.48941774,52.45092791
7,7501133,2020,4,14,7,3,6,4,0,0,1,1,0,0,0,0,13.38331441,52.43592986
11,11300722,2020,4,11,3,3,5,3,0,0,1,0,0,0,0,0,13.4855398,52.52318567
3,3400618,2020,4,17,1,3,3,6,0,1,0,0,0,0,0,0,13.37591605,52.60512684
1,1400938,2020,4,14,6,3,5,2,0,1,1,0,0,0,0,0,13.33649774,52.54211524
12,12100206,2020,4,13,7,3,6,4,0,0,1,1,0,0,0,0,13.3367815,52.57110728
2,2500833,2020,4,11,3,3,0,3,0,0,1,0,1,0,0,0,13.45928161,52.51240367
9,9401635,2020,4,20,1,2,0,7,2,0,0,0,1,0,0,1,13.66194818,52.41197016
8,8200623,2020,3,11,2,2,0,7,0,1,0,0,0,0,0,0,13.4426945,52.45485516
5,5300736,2020,4,10,3,3,5,3,0,0,1,0,1,0,0,0,13.21723738,52.53769163
4,4100101,2020,3,11,2,2,8,1,0,0,1,0,0,0,0,0,13.29482535,52.53953975
11,11401137,2020,4,10,3,3,9,1,0,0,1,0,0,0,0,0,13.52334487,52.49761148
7,7501031,2020,4,17,5,3,0,3,0,0,1,0,1,0,0,0,13.39142034,52.44756665
4,4300623,2020,4,9,3,2,6,4,0,1,0,1,0,0,0,0,13.30939558,52.50755394
10,10100205,2020,3,9,2,3,5,2,0,1,1,0,0,0,0,0,13.54492769,52.55350158
9,9300920,2020,4,9,3,3,1,5,0,1,1,0,0,0,0,0,13.52912266,52.42261195
12,12500825,2020,4,7,3,2,5,3,0,0,1,0,0,0,0,0,13.31693349,52.58825225
2,2100106,2020,4,13,7,2,5,2,0,0,1,0,1,0,0,0,13.40664295,52.49842015
1,1401047,2020,4,16,2,3,3,6,0,1,1,0,0,1,0,0,13.36070651,52.54543573
9,9501939,2020,4,15,1,2,5,2,0,1,1,0,0,0,0,0,13.57052409,52.45186247
11,11300721,2020,4,13,2,3,0,1,0,0,0,0,1,0,0,1,13.49973463,52.53427786
11,11300724,2020,4,13,2,3,5,3,0,1,1,0,0,0,0,0,13.49214362,52.51632181
1,1200519,2020,3,9,2,2,0,1,0,0,0,0,1,0,0,0,13.33354677,52.5329136
12,12400723,2020,4,13,2,2,6,4,0,1,0,1,0,0,0,0,13.3250545,52.61665102
8,8100521,2020,4,14,5,2,5,7,0,0,1,0,1,0,0,0,13.45135252,52.46516943
1,1300732,2020,4,12,2,3,5,2,0,1,1,0,0,0,0,0,13.38860952,52.56137797
8,8300934,2020,4,11,2,3,0,6,0,0,1,0,0,0,1,0,13.456524,52.43074469
6,6300630,2020,3,8,2,3,5,7,0,1,1,0,0,0,0,0,13.32173652,52.4433718
12,12200413,2020,4,11,2,3,5,3,0,0,1,0,0,0,0,0,13.28396386,52.57856694
12,12500930,2020,4,16,5,3,6,7,0,0,1,1,0,0,0,0,13.33445897,52.58471655
7,7601545,2020,3,8,2,3,5,2,0,1,1,0,0,0,0,0,13.41793665,52.39468884
2,2500726,2020,4,20,2,3,6,4,1,0,0,1,0,0,1,0,13.4523221,52.52755745
6,6300633,2020,4,16,3,3,6,2,0,0,1,1,0,0,0,0,13.31560692,52.4430883
12,12601031,2020,4,12,7,3,5,3,0,1,1,0,0,0,0,0,13.32641166,52.60449413
10,10100311,2020,4,11,2,3,5,2,0,1,1,0,0,0,0,0,13.52903774,52.52538429
7,7300619,2020,4,18,7,2,0,5,0,1,1,0,0,0,0,0,13.34792258,52.46595048
5,5100211,2020,4,11,2,3,5,3,0,1,1,0,0,0,0,0,13.17321363,52.54947845
5,5300735,2020,4,19,2,3,6,4,1,0,1,1,0,0,0,0,13.22690681,52.55697405
7,7400927,2020,3,10,2,1,4,6,0,0,0,0,1,1,0,0,13.40031949,52.460614
12,12100205,2020,4,8,5,3,0,3,0,1,0,0,0,0,1,0,13.34706419,52.56693717
11,11200514,2020,4,11,2,3,5,2,0,0,1,0,0,0,0,0,13.49862126,52.53827902
7,7501030,2020,4,7,5,3,6,4,0,0,1,1,0,0,0,0,13.38100929,52.44521448
11,11400927,2020,4,16,6,3,5,3,0,1,1,0,0,0,0,0,13.47676528,52.50491023
5,5100209,2020,3,17,1,3,1,5,0,1,1,0,0,0,0,0,13.17988668,52.55308192
4,4400728,2020,4,10,2,3,6,2,0,0,1,1,0,0,0,0,13.28065259,52.47744716
9,9301126,2020,4,9,2,3,0,7,0,0,1,0,1,0,0,1,13.57527743,52.42430453
7,7100102,2020,3,0,1,3,5,2,2,0,1,0,0,0,0,0,13.34627672,52.50107765
5,5200629,2020,4,10,2,3,1,5,0,0,1,0,1,0,0,0,13.19352663,52.53312312
4,4200308,2020,4,15,3,3,2,6,0,0,1,0,0,0,0,0,13.27008448,52.52848004
2,2400522,2020,4,6,2,3,5,2,0,0,1,0,1,0,0,0,13.44456169,52.52414576
7,7501134,2020,4,18,2,3,5,2,1,0,1,0,1,0,0,0,13.40229811,52.43969863
10,10100205,2020,4,18,2,3,5,3,0,1,1,0,0,0,0,0,13.53670962,52.5480227
4,6400737,2020,3,11,7,3,0,1,0,1,0,0,0,0,0,0,13.19708216,52.46875318
1,1100308,2020,4,17,5,3,2,6,0,0,1,0,1,0,0,0,13.38048064,52.52984337
1,1400942,2020,4,2,2,3,8,1,2,0,1,0,0,0,0,0,13.35360712,52.54542829
2,2300314,2020,4,19,4,2,5,3,1,0,1,0,0,0,0,0,13.42387765,52.50228099
1,1400938,2020,4,15,6,3,2,6,0,0,1,0,1,0,0,0,13.34221595,52.53948855
6,6400838,2020,4,11,7,3,0,2,0,1,1,0,0,0,0,0,13.23244056,52.43769378
12,12601235,2020,4,18,2,3,5,7,0,0,1,0,1,0,0,0,13.36112128,52.59694636
6,6300527,2020,4,10,1,3,1,5,0,1,1,0,0,0,0,0,13.28164485,52.44019674
4,4200310,2020,4,9,7,3,5,3,0,0,1,0,0,0,0,0,13.26628517,52.51305085
2,2200208,2020,4,2,2,2,5,3,2,1,1,0,0,0,0,0,13.38737724,52.49285972
3,3501038,2020,4,17,2,3,2,6,0,0,1,0,0,0,0,0,13.47680259,52.55118452
5,5300736,2020,4,16,2,3,0,6,0,0,1,0,0,0,1,0,13.20965643,52.53838268
4,4300517,2020,4,17,2,3,5,7,0,1,1,0,0,0,0,0,13.30438409,52.52886707
6,6400841,2020,4,15,2,3,1,5,0,0,1,0,0,0,0,0,13.26631312,52.44317207
9,9200510,2020,4,15,2,3,5,2,0,1,0,0,0,1,0,0,13.51352528,52.46478781
1,1100310,2020,3,13,7,3,0,2,0,0,0,0,1,0,1,0,13.4097017,52.52260864
10,10400940,2020,4,11,5,3,2,2,0,0,1,0,0,0,1,0,13.60148889,52.48250899
6,6400840,2020,4,14,2,3,8,1,0,0,1,0,0,0,0,0,13.26080772,52.45026397
4,4501042,2020,4,15,4,3,5,2,0,0,1,0,0,0,0,0,13.33239581,52.50626539
1,1200519,2020,4,19,6,3,5,3,0,1,1,0,0,0,0,0,13.33552666,52.52733977
9,9100101,2020,4,13,2,2,5,2,0,0,1,0,1,0,0,0,13.45470346,52.49419303
2,2300316,2020,4,19,1,3,5,3,1,0,1,0,1,0,0,0,13.43271964,52.50237464
6,6400842,2020,3,15,7,2,5,3,0,1,1,0,0,0,0,0,13.27075556,52.45077939
9,9100304,2020,4,17,1,3,3,6,0,1,1,0,0,0,0,0,13.48221021,52.46066442
5,5200631,2020,3,16,7,3,5,3,0,1,0,0,0,0,0,0,13.19758669,52.51691298
4,4400728,2020,4,14,1,3,5,3,0,1,0,0,1,0,0,0,13.26576926,52.48346473
1,1200628,2020,4,17,5,3,5,2,0,1,1,0,0,0,0,0,13.36317826,52.52454513
7,7400928,2020,3,18,7,3,1,5,0,0,1,0,0,0,0,0,13.42070639,52.46107164
4,4300518,2020,4,14,1,3,0,3,0,0,1,0,1,0,0,0,13.30999969,52.52575043
8,8200727,2020,4,18,3,3,5,3,0,1,1,0,0,0,0,0,13.45316785,52.43983943
6,6200422,2020,4,7,7,3,0,1,0,0,0,0,1,0,0,0,13.32639426,52.42775864
6,6400735,2020,3,18,7,2,0,6,1,1,0,0,0,0,1,0,13.14315123,52.3985347
6,6400735,2020,4,13,1,3,5,2,0,1,1,0,0,0,0,0,13.14052029,52.39651611
3,3601142,2020,4,11,3,3,6,2,0,0,1,1,0,0,0,0,13.41301535,52.54528451
11,11100206,2020,4,8,5,3,6,4,0,0,1,1,0,0,0,0,13.50945046,52.57544662
10,10400941,2020,4,12,1,3,1,3,0,1,1,0,0,0,1,0,13.61535706,52.49757667
1,1100416,2020,4,15,1,3,0,1,0,1,0,0,0,0,0,0,13.40233049,52.53103465
4,4100101,2020,4,12,1,3,2,6,0,0,1,0,0,0,0,0,13.32610341,52.53838676
2,2500831,2020,4,19,1,3,0,1,1,1,0,0,0,0,0,0,13.46864026,52.51101371
1,1100309,2020,3,12,7,3,1,5,0,0,1,0,0,0,0,0,13.40335736,52.52696081
8,8100104,2020,4,19,1,3,5,7,1,1,1,0,0,0,0,0,13.42984299,52.47009464
1,1100103,2020,4,15,5,3,5,2,0,0,1,0,0,0,0,0,13.34998633,52.50301183
12,12100102,2020,3,12,7,2,5,3,0,0,1,0,1,0,0,0,13.36789343,52.56843653
8,8100208,2020,4,17,1,3,5,3,0,1,1,0,0,0,0,0,13.43458523,52.47250038
1,1400942,2020,4,15,3,3,2,6,0,0,1,0,0,0,0,0,13.35040861,52.54982265
2,2500727,2020,4,16,7,3,3,6,0,0,1,0,1,0,0,0,13.4549354,52.51579739
12,12200411,2020,4,17,7,3,2,6,0,0,1,0,0,0,1,0,13.31836335,52.56009478
12,12500926,2020,4,10,7,3,5,2,0,1,0,0,0,0,1,0,13.32640716,52.59163878
9,9401433,2020,4,13,7,3,0,5,0,0,1,0,0,0,0,0,13.59796022,52.43928622
8,8200726,2020,3,12,7,3,5,2,0,1,1,0,0,0,0,0,13.4343115,52.44626466
12,12100103,2020,4,17,7,3,1,6,0,1,1,0,0,0,0,0,13.3613258,52.57055368
1,1300730,2020,4,21,7,3,2,6,2,0,1,0,1,0,0,0,13.37699724,52.55678703
11,11300620,2020,4,18,7,2,5,2,0,1,1,0,0,0,0,0,13.47628991,52.53314391
3,3601452,2020,4,17,7,3,4,6,0,1,0,0,0,0,0,0,13.45358742,52.52785363
6,6100208,2020,3,10,7,3,5,2,0,0,1,0,1,0,0,0,13.3385662,52.45304402
12,12100206,2020,4,16,7,2,1,7,0,0,1,0,1,0,0,0,13.33458108,52.5723752
9,9501939,2020,4,11,5,3,5,3,0,0,1,0,0,0,0,0,13.57279511,52.46056445
4,4300415,2020,4,18,6,3,0,3,0,1,1,0,0,0,0,0,13.28366945,52.50631371
12,12200310,2020,3,7,7,3,5,3,0,0,1,0,0,0,0,0,13.31194095,52.56796583
2,2400521,2020,4,16,7,2,5,3,0,1,1,0,0,0,0,0,13.43401517,52.5230253