BEZ,LOR_ab_2021,UJAHR,UMONAT,USTUNDE,UWOCHENTAG,UKATEGORIE,UART,UTYP1,ULICHTVERH,IstRad,IstPKW,IstFuss,IstKrad,IstGkfz,IstSonstige,USTRZUSTAND,XGCSWGS84,YGCSWGS84
4,4300412,2020,4,12,3,3,6,2,0,0,1,1,0,0,0,0,13.28367445,52.5185352
6,6200314,2020,4,23,6,3,1,5,2,1,1,0,0,0,0,0,13.33697305,52.43258914
9,9200613,2020,4,16,7,3,2,6,0,0,1,0,0,0,0,0,13.51581134,52.4534187
2,2500833,2020,4,15,7,3,2,1,0,1,1,0,0,0,0,0,13.45220181,52.51065676
11,11401137,2020,4,15,7,3,0,1,0,1,0,0,0,0,0,0,13.52198388,52.50030512
8,8200728,2020,3,2,7,2,1,5,2,0,1,0,1,0,0,0,13.46833757,52.44092131
10,10200421,2020,4,11,5,3,3,6,0,0,0,0,0,1,1,0,13.6046183,52.53692936
2,2400521,2020,4,14,7,3,5,2,0,1,1,0,0,0,0,0,13.42953093,52.52310162
4,4501041,2020,4,17,4,3,6,7,0,1,0,1,0,0,0,0,13.31710939,52.50337368
7,7200414,2020,4,15,6,3,5,2,0,1,1,0,0,0,0,0,13.36915965,52.48507115
4,4200207,2020,4,13,7,3,5,7,0,1,0,0,0,0,0,0,13.25006007,52.49892905
7,7501133,2020,4,2,1,2,1,1,2,0,1,0,0,0,0,0,13.38246321,52.43109028
10,10400938,2020,4,11,5,3,5,3,0,1,1,0,0,0,0,0,13.6469633,52.52087011
5,5200633,2020,4,13,7,3,2,6,0,0,1,0,0,0,0,0,13.18628174,52.51748022
5,5100210,2020,4,21,4,2,0,3,2,1,0,0,0,0,1,0,13.18531341,52.5515766
4,4500937,2020,4,16,6,3,2,6,0,0,1,0,0,0,0,0,13.29337383,52.49761538
2,2400521,2020,4,13,7,3,2,2,0,1,1,0,0,0,0,0,13.43287981,52.51781551
9,9100203,2020,4,12,1,3,5,2,0,0,1,0,0,0,0,0,13.4818512,52.48188694
9,9501838,2020,4,10,7,3,0,1,0,1,0,0,0,0,0,0,13.69669974,52.43665276
6,6200316,2020,4,9,7,3,1,5,0,1,1,0,0,0,0,0,13.35640954,52.42939632
8,8100418,2020,4,15,6,3,3,6,0,1,0,0,0,0,0,0,13.44671923,52.48343739
6,6100102,2020,3,10,6,3,0,3,0,0,1,0,0,0,1,0,13.3191022,52.45409674
6,6300633,2020,4,11,5,3,2,6,0,0,1,0,0,0,0,0,13.3048265,52.43907579
2,2200210,2020,4,9,6,3,5,2,0,1,1,0,0,0,0,0,13.38963143,52.492391
6,6300634,2020,4,13,4,2,5,2,0,0,1,0,0,0,0,0,13.30961374,52.43127955
6,6100208,2020,4,11,5,3,0,3,0,1,0,0,0,0,1,0,13.32700346,52.4572636
2,2200213,2020,4,21,6,3,5,3,2,1,1,0,0,0,0,0,13.42359132,52.49042987
10,10200418,2020,4,18,1,3,5,2,0,0,1,0,0,0,0,0,13.59162817,52.54495564
1,1100206,2020,4,11,6,3,6,7,0,0,0,1,0,0,1,0,13.39543644,52.52031064
6,6200422,2020,3,10,6,3,0,6,0,0,1,0,0,0,1,0,13.33114275,52.4294264
3,3701660,2020,3,9,6,3,0,5,0,1,1,0,0,0,0,0,13.43103542,52.53232742
1,1100310,2020,4,11,6,3,1,5,0,1,1,0,0,0,0,0,13.41037369,52.52497947
11,11400931,2020,3,7,6,3,5,2,0,0,1,0,0,0,0,0,13.50350146,52.50968783
8,8301036,2020,4,10,6,3,5,3,0,1,1,0,0,0,0,0,13.46162055,52.42173343
1,1400942,2020,4,18,5,3,5,3,0,0,1,0,0,0,1,0,13.34653262,52.54756764
8,8200730,2020,4,21,6,3,5,3,2,0,1,0,0,0,0,0,13.44025756,52.43841744
9,9501838,2020,3,15,6,3,7,7,0,1,0,0,0,0,0,0,13.67613335,52.44575694
11,11401136,2020,4,9,6,3,6,4,0,0,1,1,0,0,0,0,13.50806642,52.49925202
3,3100101,2020,4,8,3,3,2,6,0,0,1,0,0,0,0,0,13.47962233,52.6438142
6,6200317,2020,4,20,5,3,5,3,2,0,1,0,0,0,0,0,13.34917557,52.42210883
12,12400618,2020,4,9,6,3,5,3,0,0,1,0,0,0,0,0,13.23031697,52.6247675
5,5400943,2020,4,15,1,3,5,3,0,1,0,1,0,0,0,0,13.13851561,52.45227637
6,6200311,2020,4,8,6,3,6,4,0,0,1,1,0,0,0,0,13.36199066,52.43471048
2,2100104,2020,4,18,6,3,6,4,0,1,0,1,0,0,0,0,13.40615715,52.50492662
8,8100521,2020,3,13,6,3,2,6,0,0,1,0,0,0,0,0,13.47135007,52.46597289
6,6200422,2020,4,15,6,2,5,3,0,1,1,0,0,0,0,0,13.33089385,52.42733357
7,7400927,2020,4,14,5,3,5,3,0,0,1,0,0,0,0,0,13.40319114,52.46343
12,12500930,2020,3,12,6,3,5,2,0,0,1,0,1,0,0,0,13.31542814,52.57793495
5,5200629,2020,4,12,6,3,3,6,0,0,1,0,1,0,0,0,13.20014753,52.53246875
4,4501153,2020,4,15,3,3,5,3,0,0,1,0,0,0,0,0,13.3332116,52.48397568
9,9100304,2020,4,7,6,2,6,4,0,0,1,1,0,0,0,0,13.48863176,52.46686545
1,1400942,2020,4,16,5,3,5,2,0,1,1,0,0,0,0,0,13.34547567,52.54683049
2,2100105,2020,3,11,6,3,7,7,0,1,0,0,0,0,0,0,13.40174715,52.50110166
3,3601449,2020,4,15,5,3,5,3,0,0,1,0,0,0,0,0,13.45253422,52.53921057
3,3601243,2020,4,17,3,3,0,1,0,1,0,0,0,0,0,0,13.42430887,52.55215904
2,2400623,2020,4,16,5,3,5,2,0,0,1,0,1,0,0,0,13.42763351,52.5177597
8,8401243,2020,4,21,7,3,5,3,2,0,1,0,0,0,1,0,13.49108581,52.42381372
1,1400937,2020,4,14,5,2,2,7,0,0,1,0,0,0,0,0,13.34483193,52.55442596
1,1100416,2020,4,16,5,3,5,3,0,0,1,0,0,0,0,0,13.40249392,52.53858706
10,10300733,2020,3,11,6,3,2,6,0,1,1,0,0,0,0,0,13.56110276,52.50717497
3,3501037,2020,4,16,5,3,1,5,0,1,1,0,0,0,0,0,13.47291733,52.5580837
12,12500927,2020,4,7,5,3,0,2,0,0,1,0,0,0,1,0,13.32487655,52.60222879
1,1100416,2020,4,17,6,3,6,6,0,1,0,1,0,0,0,0,13.4062731,52.53227092
1,1401045,2020,3,9,6,3,2,6,0,0,1,0,0,0,0,0,13.38092932,52.55599227
11,11400928,2020,4,12,5,3,5,2,0,1,1,0,0,0,0,0,13.4866082,52.50239184
11,11401137,2020,4,10,2,3,5,3,0,0,1,0,0,0,0,0,13.52430834,52.49581502
6,6200317,2020,4,18,5,3,5,3,0,0,1,0,0,0,0,0,13.36725636,52.42685699
7,7400826,2020,4,17,5,3,5,2,0,1,1,0,0,0,0,0,13.36690385,52.44965738
7,7400721,2020,4,17,5,3,1,5,0,1,1,0,0,0,0,0,13.38501466,52.47216457
1,1300836,2020,4,17,5,3,5,2,0,1,1,0,0,0,0,0,13.37549316,52.54242286
12,12100205,2020,4,16,5,3,9,1,0,0,1,0,0,0,0,0,13.34513818,52.56679308
5,5100105,2020,3,9,6,2,5,3,0,1,1,0,0,0,0,0,13.20789352,52.56013009
9,9100408,2020,4,10,5,3,6,4,0,1,0,1,0,0,0,0,13.51135136,52.44924607
4,4501150,2020,4,9,5,3,5,3,0,0,1,0,0,0,0,0,13.32201842,52.48429847
9,9200511,2020,4,19,4,2,5,2,0,1,1,0,0,0,0,0,13.5209332,52.46087501
9,9100305,2020,4,16,6,3,2,6,0,0,1,0,0,0,0,0,13.48972841,52.46778705
1,1300836,2020,4,19,6,3,5,3,0,1,1,0,0,0,0,0,13.37938546,52.54019244
7,7601340,2020,4,7,5,3,0,3,0,1,0,0,0,0,1,0,13.35568019,52.4132246
3,3200204,2020,4,12,1,2,0,7,0,1,0,0,0,0,0,0,13.38101097,52.63300851
1,1401049,2020,4,18,6,3,0,7,0,1,0,0,0,0,0,0,13.36348829,52.55661586
1,1300836,2020,4,16,4,2,6,4,0,0,1,1,0,0,0,0,13.37479544,52.5480583
9,9200819,2020,4,16,4,3,0,6,0,1,0,0,0,0,0,0,13.56394989,52.44576441
8,8200726,2020,4,20,4,3,5,3,2,0,1,0,0,0,1,0,13.45282567,52.44551119
9,9200512,2020,3,21,5,3,0,1,2,1,0,0,0,0,0,0,13.53919857,52.45762627
7,7601236,2020,4,14,3,3,2,5,0,0,1,0,0,0,0,0,13.35957014,52.4191803
11,11300826,2020,4,17,7,3,5,3,0,0,1,0,0,0,0,0,13.48411878,52.50856949
11,11100309,2020,4,13,5,3,2,6,0,0,1,0,1,0,0,0,13.50473705,52.5629916
3,3601452,2020,4,18,1,3,5,3,0,1,0,0,0,0,0,0,13.45580992,52.52865661
1,1400942,2020,4,7,4,3,1,5,0,1,1,0,0,0,0,0,13.35004241,52.54786691
1,1100103,2020,4,19,7,3,5,2,0,0,1,0,0,0,0,0,13.34962404,52.50309131
4,4501044,2020,4,15,5,3,5,3,0,1,1,0,0,0,0,0,13.32224146,52.49566311
8,8100102,2020,4,20,3,3,4,7,0,0,1,0,1,0,0,1,13.4227056,52.47685616
3,3300514,2020,4,19,7,3,0,1,0,0,0,0,1,0,0,0,13.45783755,52.60309937
1,1100416,2020,4,15,5,3,3,6,0,1,0,0,0,0,0,0,13.39811337,52.53496078
8,8200832,2020,4,11,2,3,0,3,0,1,0,0,0,0,1,0,13.43022853,52.42150062
1,1401044,2020,4,15,4,3,0,5,0,0,1,0,1,0,0,0,13.37575604,52.55070549
12,12100204,2020,4,11,4,2,6,2,0,0,1,1,0,0,0,0,13.34285347,52.56332578
4,4501152,2020,4,21,2,3,0,1,2,1,1,0,0,0,0,0,13.33304772,52.49142571
1,1100207,2020,4,22,4,3,5,3,2,0,1,0,0,0,0,0,13.39036878,52.50763273
2,2300316,2020,4,18,1,3,5,2,0,1,1,0,0,0,0,0,13.43800143,52.50020259
1,1401047,2020,4,14,7,3,2,2,0,1,1,0,0,0,0,0,13.36402246,52.5435523
5,5100316,2020,4,21,4,3,5,2,2,0,1,0,0,0,0,0,13.20303865,52.54084419
2,2100104,2020,4,11,6,3,2,6,0,0,1,0,1,0,0,0,13.40938837,52.50191872
4,4300517,2020,4,14,3,3,5,3,0,0,1,0,0,0,0,0,13.3037408,52.52560382
4,4501042,2020,4,8,5,3,1,5,0,1,1,0,0,0,0,0,13.33079103,52.50540258
3,3200204,2020,4,12,5,3,5,2,0,1,1,0,0,0,0,0,13.38033385,52.63410756
8,8100312,2020,4,14,2,3,3,6,0,1,1,0,0,0,0,0,13.43888381,52.4822184
8,8100415,2020,4,22,4,3,5,3,2,0,1,0,0,0,1,1,13.44753744,52.47605918
8,8200726,2020,4,12,5,3,5,3,0,0,1,0,1,0,0,0,13.4332289,52.44490298
12,12100205,2020,4,14,5,3,2,6,0,0,1,0,1,0,0,0,13.34345393,52.58889954
4,4500938,2020,4,15,2,3,0,3,0,0,1,0,0,0,1,0,13.29957432,52.49402069
4,4300415,2020,4,18,4,3,5,2,0,1,1,0,0,0,0,1,13.29100467,52.50665314
4,4200308,2020,4,16,2,3,5,2,0,1,1,0,0,0,0,0,13.2792476,52.52449428
10,10100311,2020,4,20,4,3,5,3,0,1,1,0,0,0,0,0,13.52000218,52.53259923
8,8100209,2020,4,17,1,2,5,3,0,0,1,0,1,0,0,0,13.44277903,52.46509825
5,5200633,2020,4,16,7,3,0,3,0,1,0,0,0,0,1,0,13.1829252,52.51843434
1,1400942,2020,4,20,4,3,2,6,0,0,1,0,0,0,0,0,13.34839182,52.54877213
7,7501030,2020,4,12,6,3,5,2,0,1,0,0,0,1,0,0,13.38569325,52.44556151
7,7100206,2020,4,18,2,3,0,1,0,1,0,0,0,0,0,0,13.37074513,52.49044217
5,5100316,2020,4,18,5,3,6,4,0,0,1,1,0,0,0,0,13.19123136,52.53636618
4,4300414,2020,4,14,2,3,2,6,0,1,1,0,0,0,0,0,13.29154737,52.51095522
9,9401329,2020,4,9,4,3,0,5,0,1,1,0,0,0,0,0,13.58474619,52.43121653
4,4501146,2020,4,14,2,3,5,2,0,1,1,0,0,0,0,0,13.32018736,52.48358426
8,8100419,2020,4,19,4,3,5,3,0,0,1,0,0,0,0,0,13.44890995,52.48509593
5,5100103,2020,4,14,7,3,2,6,0,0,1,0,1,0,0,0,13.20921859,52.56541566
5,5400943,2020,4,13,5,3,1,5,0,0,1,0,0,0,0,0,13.13741233,52.45228812
1,1300834,2020,4,0,3,3,9,1,2,0,1,0,0,0,0,0,13.39356571,52.54105729
4,4300412,2020,4,13,7,3,3,6,0,0,1,0,0,0,0,0,13.28617509,52.51877981
11,11400929,2020,4,19,4,3,5,7,0,0,1,0,1,0,0,0,13.49700146,52.50787878
11,11100204,2020,4,15,2,3,5,3,0,0,1,0,0,0,0,0,13.52069595,52.5687538
10,10200526,2020,4,19,4,3,2,6,0,1,1,0,0,0,0,0,13.60337302,52.53037139
7,7501134,2020,4,13,7,3,3,6,0,1,1,0,0,0,0,0,13.39209894,52.43984164
4,4501042,2020,4,7,4,3,5,2,0,0,1,0,1,0,0,0,13.34026326,52.50392089
6,6100204,2020,4,20,7,2,1,6,2,0,1,0,0,0,1,0,13.34871539,52.45767187
1,1100415,2020,4,19,4,3,0,1,0,1,0,0,0,0,0,0,13.39263048,52.53205613
6,6200317,2020,4,17,6,3,6,7,0,1,0,1,0,0,0,0,13.36091773,52.42187197
2,2200213,2020,4,18,2,3,0,1,0,1,0,0,0,0,0,0,13.42196317,52.49302309
8,8100311,2020,4,16,5,3,5,3,0,1,1,0,0,0,0,0,13.42917418,52.48827004
5,5100211,2020,4,8,2,2,5,7,0,1,1,0,0,0,0,0,13.17193158,52.55001835
1,1100310,2020,4,15,4,2,5,2,0,1,1,0,0,0,0,0,13.40707253,52.51835767
2,2500835,2020,4,17,1,3,0,7,0,1,0,1,0,0,0,0,13.46854574,52.5025098
5,5200632,2020,4,18,4,2,5,2,0,1,1,0,0,0,0,0,13.21123914,52.52735653
4,4500938,2020,4,19,7,3,0,7,1,1,1,0,0,0,0,0,13.29523152,52.4960726
12,12200412,2020,4,19,5,3,0,1,1,1,0,0,0,0,0,0,13.29663444,52.5771964
12,12601031,2020,4,9,3,3,5,2,0,0,1,0,0,0,0,0,13.32965771,52.6020069
3,3300516,2020,4,13,7,2,0,1,0,1,0,0,0,0,0,0,13.44002264,52.56741328
4,4200308,2020,4,12,6,1,6,2,0,0,0,1,0,1,0,0,13.27992628,52.51846591
9,9200716,2020,4,15,2,2,1,5,0,1,1,0,0,0,0,0,13.54770652,52.43540202
8,8200727,2020,4,18,4,3,5,3,0,0,1,0,0,0,0,0,13.44741763,52.4378354
3,3601449,2020,4,17,4,3,0,2,0,1,1,0,0,0,0,1,13.4496563,52.53720283
10,10300734,2020,4,19,3,3,2,6,0,0,1,0,1,0,0,0,13.5601329,52.48415611
5,5100103,2020,4,17,6,3,5,2,0,1,1,0,0,0,0,0,13.20921845,52.56541541
12,12500824,2020,4,17,2,3,5,3,0,0,1,0,1,0,0,0,13.30121759,52.59951904
10,10300733,2020,4,11,4,3,5,3,0,1,1,0,0,0,0,0,13.54742963,52.50877781
4,4500938,2020,4,8,3,3,5,2,0,1,1,0,0,0,0,0,13.30000181,52.49755873
9,9100305,2020,4,12,2,3,5,2,0,1,1,0,0,0,0,0,13.48973983,52.46779508
9,9200717,2020,4,12,4,3,5,2,0,1,1,0,0,0,0,0,13.55542715,52.43314361
12,12500930,2020,4,16,1,3,0,1,0,0,0,0,1,0,0,0,13.33590345,52.58560071
1,1200517,2020,4,18,4,2,3,6,0,0,1,0,1,0,0,0,13.32933685,52.52386245
3,3601449,2020,4,11,7,3,6,2,0,0,1,1,0,0,0,0,13.44125587,52.5434413
9,9200511,2020,4,18,5,2,0,1,0,1,0,0,0,0,0,0,13.52326811,52.45989909
8,8100417,2020,4,18,3,3,3,6,0,1,1,0,0,0,0,0,13.4544564,52.47453301
1,1400942,2020,4,13,7,3,5,7,0,0,1,0,0,0,1,0,13.34650317,52.5475888
3,3300516,2020,4,14,5,2,5,3,0,1,1,0,0,0,0,0,13.44686714,52.56841633
2,2200209,2020,4,9,5,3,2,6,0,1,1,0,0,0,0,0,13.37664288,52.48745495
1,1401044,2020,4,11,2,3,6,4,0,0,1,1,0,0,0,0,13.36926823,52.550447
4,4501043,2020,4,17,4,3,5,7,0,0,1,0,0,0,1,0,13.31513248,52.49431045
9,9200510,2020,4,17,4,3,5,3,0,0,1,0,0,0,0,1,13.50469736,52.46807517
3,3400724,2020,4,17,2,3,5,2,0,1,1,0,0,0,0,0,13.42859671,52.58307969
1,1300733,2020,4,18,4,2,6,2,0,0,1,1,0,0,0,0,13.38642775,52.54949229
3,3300412,2020,4,12,1,3,5,3,0,0,1,0,0,0,0,0,13.4740271,52.60997505
2,2100102,2020,4,0,7,3,5,3,2,1,1,0,0,0,0,0,13.396056,52.49837942
2,2200210,2020,4,17,4,3,3,6,0,1,0,0,0,0,0,0,13.39687898,52.49093328
12,12100103,2020,4,13,6,3,5,5,0,0,1,0,1,0,0,0,13.37194995,52.57473146
8,8100417,2020,4,17,4,3,1,5,0,1,1,0,0,0,0,0,13.44890129,52.47057382
6,6400838,2020,4,19,1,3,5,3,0,1,1,0,0,0,0,0,13.22675796,52.43958194
4,4400727,2020,4,13,1,2,2,7,0,0,1,0,1,0,0,0,13.28490139,52.48448644
3,3601243,2020,4,17,4,3,6,2,0,0,1,1,0,0,0,0,13.42404401,52.55291638
11,11300722,2020,4,21,6,3,5,2,2,0,1,0,0,0,0,0,13.48548705,52.52316817
5,5300736,2020,4,15,3,3,5,3,0,1,1,0,0,0,0,0,13.21356128,52.53858642
7,7300515,2020,4,11,7,3,5,2,0,1,1,0,0,0,0,0,13.32086137,52.47256437
1,1300732,2020,4,10,5,3,2,6,0,0,1,0,0,1,0,0,13.389463,52.56221246
2,2200210,2020,4,14,5,3,5,3,0,1,0,0,0,0,1,0,13.40586629,52.49348495
1,1401046,2020,4,10,2,3,6,2,0,0,0,1,0,0,1,0,13.3492359,52.5421351
3,3400724,2020,4,18,4,3,0,1,0,1,0,0,0,0,0,0,13.42286008,52.58000789
5,5200527,2020,4,15,2,3,0,5,0,0,1,0,0,0,0,0,13.17191559,52.52005878
1,1401047,2020,4,17,4,3,2,7,0,1,1,0,0,0,0,0,13.35959054,52.54625465
4,4200206,2020,4,17,1,2,5,2,0,0,0,0,1,0,0,0,13.21817542,52.50874073
1,1100309,2020,4,16,7,2,0,1,0,1,0,0,0,0,0,0,13.40684737,52.52552414
2,2200208,2020,4,16,4,3,5,3,0,0,1,0,0,0,0,0,13.38788102,52.49300247
3,3501037,2020,4,11,6,3,5,2,0,1,1,0,0,0,0,0,13.4776133,52.55573891
3,3400618,2020,4,21,2,3,5,3,2,0,1,0,0,0,0,0,13.38213213,52.59864907
6,6200421,2020,4,17,5,2,6,4,0,0,1,1,0,0,0,0,13.31289114,52.42269956
7,7601340,2020,4,13,3,3,1,5,0,0,1,0,0,0,0,0,13.35209961,52.41389958
1,1400942,2020,4,0,5,3,5,3,2,0,1,0,0,0,1,0,13.3439497,52.54643594
4,4200310,2020,4,12,5,3,5,2,0,1,1,0,0,0,0,0,13.26768945,52.51231865
3,3601453,2020,4,13,2,3,5,2,0,1,1,0,0,0,0,0,13.45411606,52.52649755
2,2300315,2020,4,17,4,3,5,3,0,1,1,0,0,0,0,1,13.43042118,52.49920639
9,9200511,2020,4,7,2,3,4,6,0,0,1,0,0,0,0,0,13.52270343,52.46014426
2,2100102,2020,4,16,4,3,5,3,0,1,1,0,0,0,0,0,13.39499278,52.50314614
2,2500832,2020,4,16,7,3,2,6,0,1,1,0,0,0,0,0,13.468368,52.50698322
7,7501030,2020,4,6,4,2,1,5,0,1,1,0,0,0,0,1,13.37937413,52.45145045
2,2200208,2020,4,10,7,3,5,2,0,1,1,0,0,0,0,0,13.38353891,52.49352495
1,1300835,2020,4,17,4,3,5,3,0,1,1,0,0,0,0,0,13.39107771,52.53624551
4,4200308,2020,4,19,6,3,5,3,1,1,1,0,0,0,0,0,13.27592283,52.51862503
8,8401245,2020,4,18,2,3,5,3,0,0,1,0,0,0,0,0,13.50798708,52.40361298
7,7200307,2020,4,16,5,3,5,7,0,0,1,0,0,0,0,0,13.34508337,52.49133443
4,4500936,2020,4,12,2,3,5,3,0,1,1,0,0,0,0,0,13.30378028,52.49931222
10,10400939,2020,4,14,4,3,5,3,0,0,1,0,0,0,0,0,13.61990866,52.51225478
2,2500832,2020,4,18,1,3,3,6,0,0,1,0,1,0,0,0,13.4705787,52.50649048
5,5200629,2020,4,16,4,3,5,2,0,1,1,0,0,0,0,0,13.19452059,52.53364301
5,5200527,2020,4,12,7,2,5,3,0,0,1,0,0,0,0,0,13.16590482,52.52612497
6,6200313,2020,4,14,5,3,2,6,0,0,1,0,0,0,0,0,13.34418017,52.43833038
5,5200527,2020,4,8,2,3,5,3,0,1,1,0,0,0,0,0,13.16107956,52.52530405
4,4100101,2020,4,15,4,3,5,2,0,0,1,0,0,0,1,0,13.28238668,52.53379804
10,10100205,2020,4,19,2,2,5,3,0,0,1,0,1,0,0,0,13.53850139,52.5542785
7,7200308,2020,4,15,4,3,5,2,0,1,1,0,0,0,0,0,13.34498633,52.48458882
1,1100416,2020,4,14,7,3,5,7,0,1,1,0,0,0,0,0,13.40184718,52.53046799
11,11400929,2020,4,11,5,3,5,3,0,0,1,0,0,0,0,0,13.49764672,52.5055014
1,1300836,2020,4,11,3,3,6,4,0,1,0,1,0,0,0,0,13.370721,52.54537057
6,6100209,2020,4,16,6,3,5,2,0,1,1,0,0,0,0,0,13.33892911,52.4645731
1,1300836,2020,4,17,6,3,1,5,0,1,1,0,0,0,0,0,13.37298879,52.53824175
1,1200628,2020,4,16,2,1,6,4,0,0,1,1,0,0,0,0,13.35716416,52.52353856
2,2200210,2020,4,19,4,3,0,3,0,0,1,0,1,0,0,1,13.39769231,52.49523568
6,6300525,2020,4,16,5,2,5,2,0,1,1,0,0,0,0,0,13.26732015,52.40896463
6,6200317,2020,4,8,3,3,5,3,0,0,1,0,0,0,0,0,13.35184693,52.41845116
5,5100315,2020,4,11,1,3,5,3,0,1,1,0,0,0,0,0,13.19454869,52.54568693
7,7601443,2020,4,17,1,3,5,3,0,1,1,0,0,0,0,0,13.4029919,52.41190225
12,12200310,2020,4,16,4,3,5,3,0,0,1,0,0,0,0,0,13.31127729,52.56986143
10,10200422,2020,4,7,7,2,5,2,0,0,1,0,0,0,0,0,13.60351045,52.54667384
6,6200422,2020,4,10,5,2,1,5,0,0,1,0,1,0,0,0,13.33119233,52.4268869
3,3300516,2020,4,16,3,3,6,4,0,1,0,1,0,0,0,0,13.44782147,52.56633861
5,5200524,2020,4,13,6,2,5,2,0,0,1,0,1,0,0,0,13.12444454,52.5288847
1,1200625,2020,4,13,5,2,5,3,0,1,1,0,0,0,0,1,13.35275597,52.52822149
6,6200421,2020,4,16,5,3,3,6,0,0,1,0,0,0,0,0,13.31106719,52.42090677
6,6100208,2020,4,14,5,3,1,1,0,0,1,0,0,0,0,0,13.33070782,52.45818253
6,6300629,2020,4,10,2,3,5,3,0,0,1,0,1,0,0,0,13.31297138,52.45275482
9,9200511,2020,4,20,3,3,0,1,2,1,0,0,0,0,0,1,13.51897241,52.46132402
11,10100205,2020,4,13,6,3,5,3,0,0,1,0,0,0,0,0,13.53545256,52.56131177
11,11300617,2020,4,16,5,3,0,4,0,1,0,1,0,0,0,0,13.46885485,52.53159445
8,8100206,2020,4,18,6,3,2,6,0,0,1,0,0,0,0,0,13.42516754,52.48045292
2,2300314,2020,4,15,2,2,5,3,0,0,1,0,0,0,0,0,13.42268231,52.50042777
8,8100310,2020,4,15,4,2,1,5,0,0,1,0,0,0,0,0,13.43413963,52.49073563
6,6300633,2020,4,17,4,3,2,2,0,0,1,0,1,0,0,1,13.31566716,52.44313312
10,10400939,2020,4,13,2,3,0,7,0,1,0,0,0,0,0,0,13.61278291,52.50793268
2,2200208,2020,4,15,4,3,5,3,0,1,1,0,0,0,0,0,13.38792265,52.49299481
1,1100207,2020,4,18,1,2,5,2,0,0,1,0,1,0,0,0,13.40114851,52.5091664
11,11501238,2020,4,18,7,3,2,6,0,0,1,0,1,0,0,0,13.47322131,52.50180902
11,11401137,2020,4,14,4,3,2,6,0,0,1,0,0,0,0,0,13.52139628,52.50126225
4,4500937,2020,4,14,6,2,1,5,0,1,1,0,0,0,0,0,13.2865793,52.4976285
1,1400940,2020,4,14,3,3,2,6,0,1,0,0,0,0,0,0,13.35211325,52.55892655
2,2200209,2020,4,8,5,2,5,2,0,1,0,0,0,0,1,0,13.3866186,52.49007828
1,1300835,2020,4,19,5,3,6,4,0,0,1,1,0,0,0,0,13.39050612,52.54450345
7,7400823,2020,4,13,5,3,5,2,0,0,1,0,1,0,0,0,13.37581084,52.45770856
1,1401046,2020,4,10,2,3,5,3,0,0,1,0,0,0,0,0,13.34941835,52.54211552
9,9100407,2020,4,22,4,2,9,1,2,0,1,0,0,0,0,1,13.49209755,52.45804357
6,6300526,2020,4,8,2,3,3,6,0,1,0,0,0,0,1,0,13.25983959,52.42931655
8,8100206,2020,4,14,4,3,1,5,0,1,1,0,0,0,0,0,13.42497556,52.48112107
8,8100310,2020,4,15,7,3,1,5,0,1,1,0,0,0,0,0,13.42730059,52.4934435
3,3400723,2020,4,18,4,3,0,5,0,1,1,0,0,0,0,0,13.42086333,52.57538987
1,1401047,2020,4,16,2,3,1,5,0,1,1,0,0,0,0,0,13.35672257,52.54337731
11,11300617,2020,4,13,4,2,8,1,0,0,0,0,1,0,0,0,13.46951188,52.53163661
7,7400720,2020,4,1,1,3,0,1,2,0,0,0,1,0,0,0,13.37983043,52.4815595
3,3400619,2020,4,17,7,3,5,2,0,1,1,0,0,0,0,0,13.37551805,52.58130724
8,8100521,2020,4,13,4,3,0,3,0,0,1,0,1,0,0,0,13.44702507,52.46585228
11,11300722,2020,4,12,6,3,5,2,0,1,1,0,0,0,0,0,13.47789414,52.51462771
1,1100102,2020,4,12,2,3,5,2,0,1,1,0,0,0,0,0,13.36506063,52.51010463
2,2400625,2020,4,20,5,3,1,5,1,0,0,0,0,0,1,0,13.44676858,52.50552176
2,2500835,2020,4,18,5,3,5,2,0,1,1,0,0,0,0,0,13.46464478,52.49742226
1,1100311,2020,4,17,5,3,5,2,0,1,1,0,0,0,0,0,13.41822354,52.51737332
2,2100106,2020,4,8,2,2,3,6,0,1,1,0,0,0,0,0,13.416887,52.49895632
1,1100308,2020,4,16,4,3,1,5,0,1,1,0,0,0,0,0,13.37556711,52.53657845
1,1200628,2020,4,14,2,2,2,2,0,0,1,0,0,0,0,0,13.36323677,52.52456318
3,3601141,2020,4,13,4,3,5,2,0,1,0,0,0,0,1,0,13.41442081,52.55208031
11,11100307,2020,4,15,7,3,5,3,0,0,1,0,0,0,0,0,13.50422891,52.56722084
9,9100304,2020,4,10,5,3,5,3,0,1,1,0,0,0,0,0,13.48138677,52.4609039
9,9401432,2020,4,21,3,3,5,3,2,0,1,0,0,0,0,0,13.59507525,52.44140545
11,10100205,2020,4,13,6,3,5,3,0,1,1,0,0,0,0,0,13.54022147,52.5652608
4,4200308,2020,4,11,4,3,2,6,0,0,1,0,1,0,0,0,13.28012756,52.51976822
11,11501340,2020,4,18,6,3,0,1,0,1,1,0,0,0,0,0,13.52552067,52.48181181
8,8200832,2020,4,18,2,3,5,3,0,1,1,0,0,0,0,0,13.42883403,52.42411688