BEZ,LOR_ab_2021,UJAHR,UMONAT,USTUNDE,UWOCHENTAG,UKATEGORIE,UART,UTYP1,ULICHTVERH,IstRad,IstPKW,IstFuss,IstKrad,IstGkfz,IstSonstige,USTRZUSTAND,XGCSWGS84,YGCSWGS84
10,10100311,2020,4,17,5,2,5,3,0,1,0,0,0,0,1,0,13.52194195,52.52601011
1,1401046,2020,4,9,4,3,2,6,0,0,1,0,0,0,1,0,13.34974892,52.54234157
12,12200309,2020,4,14,7,3,3,6,0,1,1,0,0,0,0,0,13.33060516,52.56265884
4,4200311,2020,4,11,4,3,3,6,0,0,1,0,1,0,0,0,13.27866294,52.50260111
8,8100206,2020,4,10,6,3,5,7,0,0,1,0,1,0,0,0,13.43354612,52.48183686
6,6200316,2020,4,19,2,3,5,3,0,1,1,0,0,0,0,0,13.36188614,52.42850304
5,5300839,2020,4,17,5,3,5,3,0,0,1,0,1,0,0,0,13.26169774,52.5429402
4,4501041,2020,4,22,2,3,0,1,2,1,0,0,0,0,0,0,13.32488026,52.50252615
10,10400940,2020,4,15,4,2,5,3,0,1,1,0,0,0,0,0,13.60544335,52.48790852
6,6300634,2020,4,18,2,2,5,2,0,0,1,0,0,0,0,0,13.30734656,52.43329824
5,5100208,2020,4,11,4,3,2,6,0,0,1,0,0,0,0,0,13.15434124,52.55332943
3,3300411,2020,4,13,7,3,5,2,0,1,1,0,0,0,0,0,13.48772357,52.61818414
4,4300619,2020,4,10,5,3,5,2,0,1,1,0,0,0,0,0,13.30842564,52.51674949
4,4300414,2020,4,10,3,3,5,3,0,1,0,0,1,0,0,0,13.28660305,52.5113037
3,3400721,2020,4,12,6,3,2,6,0,0,1,0,0,0,0,0,13.40152862,52.5692
3,3400723,2020,4,16,5,3,1,5,0,1,1,0,0,0,0,0,13.42027055,52.5728938
4,4300414,2020,4,15,6,3,2,1,0,1,1,0,0,0,0,0,13.29624031,52.51917949
3,3601450,2020,4,15,2,2,5,3,0,0,1,0,1,0,0,0,13.46292411,52.53236971
10,10100205,2020,4,17,4,2,0,1,0,0,0,0,1,0,0,1,13.53143479,52.55585726
12,12200307,2020,4,18,5,3,2,7,0,0,1,0,1,0,0,0,13.3310019,52.57547854
9,9200715,2020,4,6,3,3,2,2,0,0,1,0,0,0,1,0,13.52870239,52.42637218
1,1401044,2020,4,13,1,3,0,7,0,1,1,0,0,0,0,0,13.37067982,52.54795407
3,3200205,2020,4,13,1,3,5,3,0,0,1,0,0,0,0,0,13.39847097,52.59238456
2,2400623,2020,4,10,3,3,0,1,0,1,0,0,0,0,0,0,13.43962612,52.51399722
4,4300416,2020,4,12,2,3,2,6,0,0,1,0,0,1,0,0,13.2955605,52.50327789
1,1100308,2020,4,12,4,3,0,3,0,0,1,0,0,0,1,0,13.37959046,52.52352155
1,1401045,2020,4,16,1,3,2,6,0,0,1,0,0,0,0,0,13.37619858,52.55475732
9,9301126,2020,4,10,4,2,0,1,0,1,0,0,0,0,0,0,13.57550284,52.42396568
1,1100103,2020,4,18,7,3,5,3,0,1,1,0,0,0,0,0,13.35371931,52.50554339
1,1100311,2020,4,9,5,3,5,2,0,1,1,0,0,0,0,0,13.41807981,52.51542781
2,2400624,2020,4,19,3,3,6,4,0,1,0,1,0,0,0,0,13.44335512,52.51205038
1,1100308,2020,4,12,6,3,3,6,0,1,1,0,0,0,0,0,13.37940107,52.52951427
12,12200309,2020,4,16,5,3,5,2,0,1,0,0,0,0,1,0,13.32765362,52.56398771
4,4200308,2020,4,14,2,3,5,2,0,1,0,0,0,0,0,0,13.27104497,52.51980101
11,10100205,2020,4,9,4,3,5,3,0,1,1,0,0,0,0,0,13.54028097,52.56524166
4,4500939,2020,4,5,4,3,2,2,0,0,1,0,1,0,0,1,13.30201909,52.48848652
6,6200313,2020,4,18,2,3,1,3,0,1,1,0,0,0,0,0,13.35206497,52.43590224
1,1100205,2020,4,7,4,3,5,2,0,1,1,0,0,0,0,0,13.37679208,52.50962635
1,1100311,2020,4,13,1,3,5,2,0,0,1,0,0,0,0,0,13.41808246,52.51543786
7,7400927,2020,4,3,7,3,0,1,2,1,0,0,0,0,0,0,13.38509395,52.45599601
2,2400623,2020,4,7,4,3,5,2,0,0,1,0,1,0,0,0,13.42669313,52.51571817
7,7501029,2020,4,13,6,3,6,2,0,0,1,1,0,0,0,0,13.37411616,52.44501737
4,4400728,2020,4,14,3,3,2,7,0,0,1,1,0,0,0,0,13.28123602,52.48256067
2,2200211,2020,4,7,5,3,0,7,0,0,0,0,1,1,0,1,13.39236808,52.48733065
12,12500926,2020,4,18,5,3,5,2,0,1,1,0,0,0,0,0,13.33411751,52.58968759
8,8200624,2020,4,12,5,3,0,1,0,1,0,0,0,0,0,0,13.41838841,52.45195816
3,3100102,2020,4,14,3,3,0,6,0,1,0,0,0,0,1,0,13.50106493,52.63850899
6,6100206,2020,4,12,6,3,2,3,0,1,0,0,0,0,0,0,13.3407105,52.44544144
1,1300733,2020,4,16,3,3,5,3,0,1,1,0,0,0,0,0,13.38948594,52.55522563
4,4300413,2020,4,12,6,3,5,2,0,1,1,0,0,0,0,0,13.2875876,52.51576374
5,5400942,2020,4,12,5,3,5,2,0,1,1,0,0,0,0,1,13.15464017,52.46035533
1,1100102,2020,4,13,5,2,9,1,0,0,0,0,1,0,0,0,13.37202411,52.52005529
12,12200412,2020,4,14,2,3,5,3,0,0,1,0,1,0,0,0,13.307653,52.57728785
7,7400721,2020,4,18,4,3,5,2,0,1,0,0,0,0,1,1,13.38579685,52.47193066
6,6400843,2020,4,15,2,3,5,2,0,1,1,0,0,0,0,0,13.29307749,52.44656935
3,3400725,2020,4,19,3,3,1,5,0,1,1,0,0,0,0,0,13.4241096,52.58213995
4,4400728,2020,4,17,1,3,2,6,0,0,1,0,0,0,0,0,13.28072289,52.47704768
5,5200631,2020,4,17,7,3,1,5,0,1,1,0,0,0,0,0,13.19737472,52.52463595
6,6200422,2020,4,18,3,2,5,3,0,1,1,0,0,0,0,0,13.3348868,52.42106739
10,10100205,2020,4,11,6,3,5,7,0,0,1,0,0,0,0,0,13.5413258,52.56490563
9,9401534,2020,4,21,2,2,0,1,2,0,0,0,1,0,0,0,13.5735233,52.4444693
1,1100205,2020,4,17,5,3,5,3,0,1,1,0,0,0,0,0,13.37929592,52.50703345
5,5100317,2020,4,8,2,3,5,2,0,1,0,0,0,1,0,0,13.24754284,52.52452892
4,4300517,2020,4,16,4,3,5,2,0,0,1,0,0,0,0,0,13.29643614,52.52926725
11,11300721,2020,4,20,2,2,3,6,1,0,1,0,1,0,0,0,13.50231352,52.53451884
11,11100203,2020,4,18,3,3,2,2,0,0,1,0,1,0,0,0,13.54012842,52.5653181
8,8200730,2020,4,9,2,3,5,2,0,1,1,0,0,0,0,0,13.43510426,52.43396909
6,6100205,2020,4,21,4,3,5,3,2,0,1,0,0,0,0,0,13.34966188,52.44974531
12,12601031,2020,4,15,2,3,2,2,0,0,1,0,0,0,0,0,13.32642666,52.60451429
6,6200420,2020,4,18,3,3,5,7,0,0,1,0,0,0,1,0,13.30682483,52.41961682
7,7601544,2020,4,21,7,2,5,2,2,0,1,0,0,0,0,0,13.40676857,52.39376811
7,7200308,2020,4,7,4,3,1,5,0,1,1,0,0,0,0,1,13.34020479,52.48184669
9,9200715,2020,4,10,6,3,5,7,0,0,1,0,1,0,0,0,13.53110264,52.43435288
7,6100210,2020,4,17,3,2,5,3,0,1,1,0,0,0,0,0,13.34751224,52.45908575
1,1400939,2020,4,19,6,3,5,2,0,1,1,0,0,0,0,0,13.35301592,52.55330872
3,3601140,2020,4,18,2,3,5,2,0,1,1,0,0,0,0,0,13.40252371,52.55430076
10,10100102,2020,4,16,5,3,5,3,0,1,1,0,0,0,0,1,13.56745189,52.57332125
5,5100315,2020,4,17,5,2,1,5,0,0,1,0,0,0,0,0,13.19967186,52.5463605
12,12200309,2020,4,12,2,3,1,5,0,0,1,0,1,0,0,0,13.31785325,52.57065778
6,6300526,2020,4,14,4,3,1,5,0,1,1,0,0,0,0,0,13.26021981,52.43459131
6,6300634,2020,4,21,1,2,5,2,2,0,1,0,0,0,0,0,13.30963073,52.43129403
4,4400726,2020,4,17,3,3,2,6,0,0,1,0,0,0,0,0,13.28570752,52.49498273
4,4501045,2020,4,12,7,3,1,5,0,1,1,0,0,0,0,0,13.32701328,52.49977559
10,10400837,2020,4,7,5,3,4,6,0,1,1,0,0,0,0,0,13.5785742,52.49521096
2,2500834,2020,4,22,3,3,6,2,2,0,0,1,0,0,1,0,13.45057343,52.50863599
2,2200212,2020,4,9,6,3,3,6,0,1,0,0,0,0,0,0,13.40866734,52.48897325
1,1200518,2020,4,17,6,3,2,6,0,0,1,0,0,0,0,0,13.32849184,52.53194159
9,9501941,2020,4,14,7,3,5,2,0,1,1,0,0,0,0,0,13.59335939,52.45167693
7,7601340,2020,4,7,5,3,5,2,0,1,1,0,0,0,0,0,13.35873123,52.41296915
7,7300619,2020,4,12,3,2,2,6,0,0,1,0,1,0,0,0,13.35141894,52.47470036
3,3601245,2020,4,8,6,2,6,4,0,0,1,1,0,0,0,0,13.44104339,52.54727605
1,1100101,2020,4,17,6,3,5,3,0,1,1,0,0,0,0,0,13.35163648,52.50961856
12,12100101,2020,4,17,2,3,5,3,0,1,1,0,0,0,0,0,13.37230729,52.56134606
11,11300620,2020,4,10,4,3,0,2,0,1,0,0,0,0,1,0,13.48501299,52.53338379
1,1100415,2020,4,8,3,3,0,7,0,0,1,0,0,0,1,0,13.39117763,52.53061244
9,9100203,2020,4,22,1,3,1,5,2,0,1,0,0,0,0,0,13.48109553,52.47336944
6,6300634,2020,4,11,4,3,5,2,0,0,1,0,0,0,1,0,13.30984615,52.43136391
11,11400931,2020,4,18,1,3,5,3,0,0,1,0,1,0,0,0,13.51914221,52.50970373
12,12500930,2020,4,16,3,3,5,2,0,0,1,0,1,0,0,0,13.33991821,52.58804464
3,3400831,2020,4,9,7,3,5,2,0,0,1,0,0,0,0,0,13.42881723,52.5720567
2,2100106,2020,4,14,4,3,0,7,0,1,0,0,0,0,0,0,13.41948964,52.49668915
11,11300826,2020,4,17,3,3,5,2,0,1,1,0,0,0,0,0,13.47852468,52.50698049
11,11300721,2020,4,8,6,3,5,3,0,1,1,0,0,0,0,0,13.49650304,52.53399598
1,1100308,2020,4,14,5,3,5,3,0,0,1,0,0,0,1,0,13.37727416,52.52227509
4,4300619,2020,4,17,5,3,5,2,0,0,1,0,1,0,0,0,13.30640374,52.51755913
8,8100310,2020,4,11,2,3,5,2,0,1,1,0,0,0,0,0,13.42787435,52.49353296
5,5100313,2020,4,18,4,3,2,6,1,0,1,0,0,0,0,1,13.21814888,52.54855294
8,8100520,2020,4,17,2,3,6,4,0,0,1,1,0,0,0,0,13.46634598,52.47688125
12,12100206,2020,4,16,3,3,3,6,0,0,1,0,1,0,0,0,13.34157429,52.57527733
7,7200410,2020,4,1,1,3,9,1,2,0,1,0,0,0,0,0,13.3530071,52.48431798
4,4200310,2020,4,15,2,3,6,4,0,0,1,1,0,0,0,0,13.26713043,52.5142146
11,11401033,2020,4,16,3,3,1,5,0,0,1,0,0,0,1,0,13.52578787,52.51370948
3,3400618,2020,4,17,4,3,5,2,0,0,1,0,1,0,0,1,13.38995588,52.59590839
3,3200310,2020,4,6,3,3,9,1,0,0,1,0,0,0,0,0,13.42163386,52.60678994
10,10300731,2020,4,16,3,2,0,3,0,0,0,0,1,0,1,0,13.56306475,52.51431237
8,8100521,2020,4,19,1,2,6,7,0,0,0,1,1,0,0,0,13.46295799,52.4668496
1,1100310,2020,4,2,1,3,0,1,2,1,0,0,0,0,0,0,13.40788416,52.51873228
8,8200730,2020,4,16,3,3,5,2,0,1,1,0,0,1,0,0,13.43469382,52.44031954
8,8200622,2020,4,7,6,3,5,3,0,1,1,0,0,0,0,0,13.44984916,52.460829
1,1300834,2020,4,15,3,3,2,6,0,0,1,0,0,0,0,0,13.39072114,52.54496929
3,3500936,2020,4,8,6,3,0,1,0,1,0,0,0,0,0,0,13.44948772,52.54632263
11,11200513,2020,4,9,5,3,0,1,0,1,0,0,0,0,0,0,13.49235603,52.54399383
1,1100309,2020,4,13,5,3,3,6,0,1,1,0,0,0,0,0,13.40123284,52.52974719
2,2200210,2020,4,14,2,3,3,5,0,0,1,0,1,0,0,0,13.39314122,52.49327722
1,1100103,2020,4,14,4,3,2,3,0,0,1,0,1,0,0,0,13.35165512,52.50550677
1,1100311,2020,4,10,2,3,5,2,0,0,1,0,0,0,0,0,13.41809084,52.51546372
2,2200210,2020,4,15,3,2,5,3,0,1,0,0,1,0,0,0,13.39282112,52.49204258
4,4501153,2020,4,15,1,2,5,3,0,0,1,0,1,0,0,0,13.33038941,52.4785782
5,5300737,2020,4,14,7,3,2,6,0,0,1,0,1,0,1,0,13.24059968,52.54310191
7,7100206,2020,4,15,3,3,5,2,0,1,1,0,0,0,0,0,13.3709044,52.49265632
2,2300316,2020,4,10,6,3,5,2,0,1,0,0,0,0,1,0,13.4422631,52.50090328
1,1400938,2020,4,16,7,3,1,5,0,1,1,0,0,0,0,0,13.33440856,52.54272086
8,8401243,2020,4,15,3,3,5,2,0,0,1,0,0,0,1,0,13.49529434,52.43165899
12,12200310,2020,4,13,6,3,5,2,0,1,0,0,0,1,0,0,13.31042136,52.56795618
9,9100101,2020,4,19,3,3,1,5,0,1,0,0,0,0,1,0,13.45147156,52.49071216
8,8100312,2020,4,20,5,3,3,6,1,1,0,0,0,0,0,1,13.43790897,52.48806789
6,6300527,2020,4,11,5,3,5,3,0,1,0,0,0,0,1,0,13.28077052,52.43554732
7,7601341,2020,4,14,2,3,5,3,0,0,1,0,0,0,0,0,13.37806749,52.40764517
4,4400835,2020,4,7,4,3,6,2,0,0,1,1,0,0,0,0,13.31340353,52.46864047
9,9100305,2020,4,20,2,3,5,2,1,0,1,0,0,0,0,0,13.49130077,52.46909421
8,8100415,2020,4,15,3,3,1,5,0,0,1,0,0,0,0,0,13.4399171,52.47940504
6,6400735,2020,4,16,7,3,0,1,0,0,0,0,1,0,0,0,13.14774073,52.41819722
4,4300518,2020,4,8,3,3,3,6,0,0,1,0,0,0,0,0,13.29449155,52.53267036
4,4501042,2020,4,8,6,3,5,3,0,1,1,0,0,0,0,0,13.33178286,52.50060911
12,12200310,2020,4,14,3,3,5,2,0,1,0,0,0,0,1,0,13.31401705,52.57672347
4,4300412,2020,4,18,6,3,1,5,0,0,1,0,1,0,0,0,13.29077796,52.51907962
8,8100102,2020,4,17,2,3,2,7,0,0,1,0,1,0,0,0,13.42403776,52.47994346
2,2500728,2020,4,16,5,3,5,3,0,1,1,0,0,0,0,0,13.4697061,52.5201351
11,11400929,2020,4,11,3,3,2,2,0,0,1,0,0,0,0,0,13.49295154,52.50099492
8,8100521,2020,4,12,2,3,5,2,0,0,1,0,0,0,0,0,13.47104024,52.46605222
7,7300516,2020,4,13,4,3,2,6,0,1,1,0,0,0,0,0,13.32870852,52.46528676
1,1100206,2020,4,19,2,3,2,2,0,1,1,0,0,0,0,0,13.38087932,52.5163682
7,7400822,2020,4,17,5,2,8,1,0,1,0,0,0,0,0,0,13.35792658,52.45706902
4,4300414,2020,4,8,2,3,0,2,0,1,1,0,0,0,0,0,13.28828553,52.51306164
3,3601245,2020,4,15,4,3,5,3,0,0,1,0,1,0,0,0,13.44221891,52.54676038
8,8200727,2020,4,18,2,3,1,5,0,0,1,0,0,0,0,0,13.44730336,52.43822416
2,2300417,2020,4,12,3,3,1,5,0,1,1,0,0,0,0,0,13.4204761,52.49691726
12,12500926,2020,4,13,7,3,0,2,0,0,1,0,0,0,1,0,13.3362631,52.59566208
8,8200624,2020,4,12,4,3,0,2,0,1,1,0,0,0,0,0,13.42375955,52.45235019
9,9401534,2020,4,10,3,3,2,6,0,0,1,0,0,0,0,0,13.57858982,52.4438555
4,4500939,2020,4,8,6,3,5,2,0,0,1,0,0,0,0,0,13.30792125,52.48857102
1,1200626,2020,4,15,5,3,4,6,0,1,0,0,0,0,0,0,13.34992669,52.52452701
6,6200423,2020,4,8,6,3,2,6,0,0,1,0,0,0,0,0,13.32222301,52.41038111
1,1100206,2020,4,16,2,3,5,2,0,1,1,0,0,0,0,0,13.38043596,52.51810314
6,6400737,2020,4,17,4,3,0,1,0,1,0,0,0,0,0,1,13.19248267,52.43543376
9,9200819,2020,4,15,5,3,5,2,0,1,1,0,0,0,0,0,13.56138629,52.43634943
9,9100101,2020,4,19,3,3,2,2,0,1,1,0,0,0,0,0,13.45408692,52.48888271
7,7501032,2020,4,10,1,3,0,1,0,1,0,0,0,0,0,0,13.40873284,52.44393215
2,2200211,2020,4,18,1,3,0,1,0,1,0,0,0,0,0,0,13.39442619,52.48855137
12,12601032,2020,4,12,3,3,1,5,0,0,1,0,0,0,0,0,13.33498817,52.61080069
8,8100415,2020,4,21,6,3,5,2,2,1,1,0,0,0,0,0,13.44745018,52.47614375
6,6100210,2020,4,7,6,3,5,7,0,0,1,0,0,0,0,0,13.34125544,52.46396269
11,11200410,2020,4,16,3,3,5,7,0,1,0,0,0,0,1,0,13.51565956,52.55790704
1,1100313,2020,5,16,1,3,6,4,0,1,0,1,0,0,0,0,13.42595226,52.5061661
7,7400825,2020,5,19,7,2,5,3,0,0,1,0,0,0,0,0,13.37817723,52.45621385
5,5200528,2020,5,12,6,3,2,6,0,0,1,0,0,0,0,0,13.1829975,52.51307412
2,2500833,2020,5,17,2,3,5,3,0,0,1,0,0,0,0,1,13.4609147,52.51109932
9,9501939,2020,5,9,2,3,5,3,0,1,1,0,0,0,0,1,13.57707693,52.45574848
12,12100205,2020,5,8,6,3,0,1,0,0,1,0,0,0,0,0,13.34543723,52.58949927
1,1401047,2020,5,13,6,3,5,3,0,0,0,0,1,0,1,0,13.35597618,52.54322377
1,1100206,2020,5,2,6,3,5,3,2,0,1,0,0,0,1,0,13.39078051,52.51573788
1,1100309,2020,5,20,5,3,0,1,1,1,0,0,0,0,0,0,13.40652554,52.52511443
7,7400928,2020,5,13,1,3,0,2,0,1,1,0,0,0,0,0,13.42034624,52.46166986
11,11200513,2020,5,16,4,3,0,1,0,1,0,0,0,0,0,0,13.49273056,52.54423026
10,10200422,2020,5,15,1,3,0,7,0,0,0,1,1,0,0,0,13.60781545,52.54185887
8,8100417,2020,5,8,5,2,5,3,0,0,1,0,1,0,0,0,13.44810533,52.47053884
9,9501838,2020,5,15,3,3,7,7,0,0,1,0,0,0,0,0,13.72613806,52.43066088
7,7100204,2020,5,20,1,3,5,3,0,0,1,0,0,0,0,1,13.35318372,52.49200858
7,7501029,2020,5,17,6,2,0,7,0,1,0,0,0,0,0,0,13.38123141,52.44114916
11,11200410,2020,5,11,5,3,6,4,0,0,1,1,0,0,0,0,13.499461,52.56223481
11,11300826,2020,5,20,5,3,5,3,0,1,1,0,0,0,0,0,13.48537882,52.50664282
2,2300315,2020,5,17,5,3,0,1,0,1,0,0,0,0,0,0,13.43007341,52.49945012
12,12200309,2020,5,17,5,3,2,6,0,0,1,0,0,0,0,0,13.32670809,52.56435185
3,3100103,2020,5,17,5,3,5,3,0,1,1,0,0,0,0,0,13.49896704,52.63347188
1,1400937,2020,5,13,4,3,5,3,0,1,1,0,0,0,0,0,13.33392184,52.54139925
6,6300632,2020,5,10,6,3,2,2,0,0,1,0,0,0,0,0,13.30288779,52.42549651
6,6200314,2020,5,16,5,3,5,2,0,1,1,0,0,0,0,0,13.33345502,52.42993837
1,1100206,2020,5,16,5,3,5,2,0,1,1,0,0,0,0,0,13.38043476,52.51810989
4,4501149,2020,5,16,4,3,5,7,0,0,1,0,1,0,0,0,13.32301538,52.49039333
3,3701555,2020,5,19,1,3,5,3,0,0,1,0,0,0,0,1,13.42022556,52.5381496
8,8100311,2020,5,15,5,3,5,2,0,0,1,0,0,0,1,0,13.42805842,52.48695075
7,7200308,2020,5,9,3,3,2,6,0,1,1,0,0,0,0,0,13.34287581,52.4810257
1,1100102,2020,5,19,1,3,2,2,0,0,1,0,0,0,0,1,13.35112182,52.5151692
6,6400840,2020,5,8,6,3,0,3,0,0,0,0,0,0,1,0,13.25516561,52.44979442
9,9300920,2020,5,15,5,3,2,6,0,0,1,0,1,0,0,0,13.52443095,52.40597108
1,1200626,2020,5,15,5,3,2,6,0,0,1,0,1,0,0,0,13.35181663,52.52429279
4,4100101,2020,5,15,5,2,3,6,0,0,1,0,1,0,0,0,13.2839023,52.53377737
5,5300735,2020,5,15,5,3,5,2,0,0,1,0,0,0,0,0,13.22579208,52.55513748
5,5300735,2020,5,12,4,3,5,3,0,0,1,0,0,0,0,0,13.227699,52.55879596
7,7400927,2020,5,18,1,3,5,3,0,0,1,0,0,0,0,1,13.40321532,52.46343018
2,2500831,2020,5,13,1,3,4,6,0,1,1,0,0,0,1,0,13.46560404,52.51283818
9,9300920,2020,5,14,5,3,5,3,0,1,1,0,0,0,0,0,13.54432952,52.42468336
1,1100205,2020,5,17,2,2,6,4,0,0,1,1,0,0,0,1,13.39015547,52.50767802
1,1100104,2020,5,13,2,3,5,2,0,0,1,1,0,0,0,1,13.36266211,52.49976462
7,7400823,2020,5,13,5,3,5,3,0,1,1,0,0,0,0,0,13.37654716,52.45998714
12,12200412,2020,5,17,1,3,5,7,0,0,1,0,0,0,0,0,13.29957117,52.57916507
9,9301025,2020,5,14,6,3,5,3,0,0,1,0,0,0,0,0,13.56952794,52.39247448
2,2500729,2020,5,17,1,3,1,5,0,1,1,0,0,0,0,0,13.4696429,52.51557416
5,5300839,2020,5,15,1,3,3,6,0,1,0,0,0,0,0,0,13.25025586,52.54750522
3,3200204,2020,5,20,5,3,5,2,2,0,1,0,0,0,0,0,13.40207422,52.60285138
8,8100103,2020,5,0,3,3,1,5,2,0,1,0,0,0,0,0,13.42772296,52.47418478
10,10300731,2020,5,19,5,3,2,6,0,0,1,0,0,0,0,0,13.56585567,52.52885314
5,5100208,2020,5,16,1,3,5,3,0,0,1,0,0,0,0,0,13.15944247,52.55225982
7,7100206,2020,5,7,6,3,5,2,0,1,0,0,0,0,0,0,13.3733501,52.49217008
12,12601031,2020,5,18,5,3,1,5,0,1,1,0,0,0,0,0,13.33631456,52.59757451
1,1400942,2020,5,18,5,3,6,2,0,0,1,1,0,0,0,0,13.35049974,52.54718893
12,12500926,2020,5,13,5,3,2,6,0,0,1,0,0,0,0,0,13.32713034,52.59270853
2,2500834,2020,5,13,5,3,1,5,0,1,0,0,0,0,1,0,13.4598287,52.50866255
9,9501941,2020,5,7,4,3,5,3,0,0,1,0,1,0,0,1,13.58702448,52.45142918
7,7400720,2020,5,16,1,3,5,3,0,1,1,0,0,0,0,0,13.38023624,52.48311054
1,1300733,2020,5,20,7,3,1,5,1,1,1,0,0,0,0,0,13.38294113,52.55155899
2,2200208,2020,5,13,5,3,5,2,0,1,1,0,0,0,0,0,13.38705828,52.49639503
5,5200420,2020,5,12,2,3,0,7,0,0,0,0,1,0,0,1,13.17683322,52.53376166
11,11400931,2020,5,11,2,3,5,2,0,1,1,0,0,0,0,1,13.50404771,52.50951396
12,12500927,2020,5,13,5,2,4,6,0,0,1,0,1,0,0,0,13.30958581,52.59030839
7,7400721,2020,5,13,6,3,5,3,0,1,1,0,0,0,0,0,13.37830659,52.47759999
12,12500824,2020,5,12,5,3,2,2,0,0,1,0,0,0,0,0,13.29160244,52.59596477
2,2200208,2020,5,8,5,3,5,2,0,1,1,0,0,0,0,0,13.3806944,52.49726456
3,3601243,2020,5,14,1,2,5,3,0,1,0,0,0,0,0,0,13.42390863,52.55287029
10,10200422,2020,5,6,5,2,6,4,0,0,1,1,0,0,0,0,13.60442729,52.53947132
11,11400931,2020,5,12,5,3,5,2,0,0,1,0,0,0,0,0,13.5187772,52.50951044
9,9200716,2020,5,11,5,3,5,3,0,1,1,0,0,0,0,0,13.54990839,52.43626327
2,2100102,2020,5,14,5,3,1,5,0,1,1,0,0,0,0,0,13.39780074,52.50641398
6,6300528,2020,5,10,5,2,0,6,0,1,1,0,0,0,0,0,13.27117449,52.42354127
7,7300517,2020,5,10,3,3,5,2,0,1,1,0,0,0,0,0,13.33259202,52.46884021
5,5100316,2020,5,12,1,3,3,6,0,0,1,0,0,0,0,0,13.20345637,52.53992663
7,7601340,2020,5,18,7,3,5,2,0,1,1,0,0,0,0,0,13.359906,52.41276555
9,9100101,2020,5,10,5,3,5,3,0,1,1,0,0,0,0,0,13.44640722,52.49431361
5,5100103,2020,5,16,2,3,2,6,0,0,1,0,0,0,0,1,13.21058028,52.56735164
7,7601546,2020,5,9,2,3,2,2,0,0,1,0,0,0,0,1,13.39552273,52.38667103
5,5100316,2020,5,7,5,2,5,3,0,0,1,0,1,0,0,0,13.20308596,52.53530056
12,12400618,2020,5,11,6,3,5,2,0,1,1,0,0,0,0,0,13.22613894,52.62748493
6,6100207,2020,5,7,5,2,5,2,0,1,0,0,0,0,1,0,13.33136155,52.45311242
10,10300731,2020,5,14,4,3,6,7,0,1,0,1,0,0,0,0,13.55654589,52.52295213
11,11501340,2020,5,12,1,2,0,1,0,1,0,0,0,0,0,0,13.52557688,52.48207383
11,11300722,2020,5,22,4,3,5,3,2,0,1,0,0,0,0,0,13.4858324,52.52078342
6,6300528,2020,5,9,1,3,1,5,0,1,1,0,0,0,0,0,13.25462815,52.42083959
7,7400927,2020,5,14,4,3,5,2,0,0,0,0,1,0,1,0,13.38605714,52.46608755
1,1100309,2020,5,10,3,3,1,5,0,1,0,0,0,0,1,0,13.39543523,52.52892943
2,2400623,2020,5,9,1,3,5,3,0,1,1,0,0,0,0,0,13.42668475,52.51570893
3,3701657,2020,5,7,6,2,0,6,0,1,1,0,0,0,0,0,13.42671126,52.54377075
8,8200623,2020,5,14,4,3,5,7,0,0,1,0,1,0,0,0,13.43749785,52.45532549
8,8301036,2020,5,8,1,3,5,3,0,1,1,0,0,0,0,0,13.46492145,52.42586086
8,8100311,2020,5,14,4,3,5,3,0,1,1,0,0,0,0,0,13.42794699,52.48704678
1,1300836,2020,5,18,3,3,1,7,0,0,1,0,0,0,0,0,13.37676368,52.54521215
5,5100315,2020,5,21,7,2,6,4,2,0,1,1,0,0,0,0,13.19510902,52.54488639
1,1100416,2020,5,19,6,3,0,1,0,1,0,0,0,0,0,0,13.40204796,52.5307034
9,9100408,2020,5,13,4,3,5,2,0,0,1,0,0,0,0,0,13.50729273,52.43922163
10,10300731,2020,5,12,4,3,2,6,0,0,1,0,0,0,0,0,13.56329566,52.51558768
7,7300619,2020,5,21,5,3,0,1,2,0,0,0,1,0,0,0,13.34023544,52.46695508
4,4200308,2020,5,12,4,3,5,3,0,0,1,0,0,0,0,0,13.27225181,52.51860615
6,6100205,2020,5,11,4,2,2,6,0,0,1,0,1,0,0,0,13.33985986,52.45082103
11,11200411,2020,5,15,4,3,2,6,0,0,1,0,0,1,0,0,13.50972247,52.5461564
11,11401137,2020,5,17,7,2,8,1,0,1,0,0,1,0,0,0,13.52470853,52.4958771
7,7100102,2020,5,9,4,3,5,2,0,0,0,0,1,0,1,0,13.34617631,52.50104666
2,2300315,2020,5,7,3,3,1,5,0,1,0,0,0,1,0,0,13.42505755,52.49968256
8,8401243,2020,5,12,7,3,5,2,0,1,1,0,0,0,0,0,13.49530756,52.43160046
3,3601244,2020,5,7,6,3,5,2,0,1,0,0,0,0,0,0,13.42581857,52.54641845
3,3500935,2020,5,9,4,3,5,2,0,0,1,0,0,0,0,0,13.44814203,52.5493289
2,2100102,2020,5,8,4,3,1,5,0,1,1,0,0,0,0,0,13.39127933,52.50195828