BEZ,LOR_ab_2021,UJAHR,UMONAT,USTUNDE,UWOCHENTAG,UKATEGORIE,UART,UTYP1,ULICHTVERH,IstRad,IstPKW,IstFuss,IstKrad,IstGkfz,IstSonstige,USTRZUSTAND,XGCSWGS84,YGCSWGS84
5,5200420,2020,5,14,5,3,4,7,0,1,0,0,0,0,1,0,13.16865225,52.53358068
9,9300920,2020,5,6,4,3,1,5,0,0,1,0,1,0,0,0,13.52853568,52.42421432
7,7601340,2020,5,17,5,3,2,3,0,0,1,0,0,0,0,0,13.36147242,52.41255812
6,6400841,2020,5,12,4,3,5,3,0,0,1,0,0,0,0,0,13.26558088,52.44221143
7,7200409,2020,5,21,4,3,0,5,2,1,1,0,0,0,0,0,13.35541283,52.48665814
12,12200309,2020,5,14,4,3,0,2,0,0,0,0,0,0,1,0,13.32695534,52.56324667
3,3200309,2020,5,11,7,3,5,3,0,0,1,0,0,0,0,0,13.43205991,52.61424193
3,3200204,2020,5,13,1,3,5,2,0,1,0,0,0,0,0,0,13.38106917,52.63302615
4,4300619,2020,5,20,4,3,5,3,0,0,1,0,0,0,0,0,13.31531769,52.51472768
10,10400938,2020,5,20,2,3,5,3,1,0,1,0,0,0,0,0,13.61189781,52.51423302
2,2500833,2020,5,18,4,3,1,1,0,1,1,0,0,0,0,0,13.45668396,52.50979065
5,5100316,2020,5,11,7,3,2,6,0,0,1,0,0,0,0,0,13.18917204,52.53703301
12,12200309,2020,5,15,6,3,5,3,0,0,1,0,1,0,0,0,13.32843101,52.56479292
2,2500727,2020,5,17,4,3,5,2,0,1,1,0,0,0,0,0,13.46050385,52.51590945
3,3400831,2020,5,17,4,3,5,2,0,1,1,0,0,0,0,0,13.41707311,52.56842079
3,3500934,2020,5,12,5,3,2,6,0,0,1,0,0,0,0,0,13.44426212,52.5541634
1,1200520,2020,5,16,4,3,5,3,0,0,1,0,0,0,0,0,13.33927601,52.52815474
2,2400521,2020,5,13,4,3,0,2,0,1,1,0,0,0,0,0,13.43890003,52.51952239
12,12200309,2020,5,10,7,3,3,6,0,0,0,0,1,0,1,0,13.31762869,52.56663591
1,1100312,2020,5,0,7,3,0,1,2,1,0,0,0,0,0,0,13.4167977,52.51166133
4,4500937,2020,5,16,4,3,1,5,0,1,1,0,0,0,0,0,13.28617853,52.49773606
6,6400737,2020,5,16,2,3,5,3,0,0,1,0,0,0,0,1,13.20373566,52.42764697
2,2200213,2020,5,9,2,3,0,2,0,1,1,0,0,0,0,1,13.4172817,52.49073275
2,2200208,2020,5,9,3,3,0,7,0,1,0,0,0,0,0,0,13.38028501,52.49889111
4,4100101,2020,5,11,4,3,2,2,0,0,1,0,0,0,0,0,13.28241726,52.5338801
6,6300633,2020,5,19,7,3,1,5,0,0,1,0,0,0,0,0,13.31576977,52.4417789
6,6400843,2020,5,12,7,3,1,5,0,0,1,0,0,0,0,0,13.2999723,52.45501609
10,10300733,2020,5,21,3,3,2,3,1,1,1,0,0,0,0,1,13.56213677,52.51011977
7,7400825,2020,5,16,2,3,2,6,0,0,1,0,0,0,0,1,13.37943327,52.45610952
3,3500936,2020,5,11,2,3,2,6,0,0,1,0,0,0,0,1,13.44967491,52.54787146
7,7200414,2020,5,19,3,3,2,6,0,1,1,0,0,0,0,1,13.3676452,52.48507731
4,4200309,2020,5,14,6,2,2,6,0,0,1,0,1,0,0,0,13.26047088,52.51629671
1,1100103,2020,5,17,3,3,5,3,0,0,1,0,0,0,0,0,13.34967043,52.50312942
9,9200819,2020,5,10,3,2,6,4,0,0,1,1,0,0,0,0,13.57020597,52.44116114
4,4501147,2020,5,10,5,3,3,6,0,1,0,0,0,0,0,0,13.31795385,52.4879459
11,11300722,2020,5,8,2,3,5,3,0,0,1,0,0,0,0,0,13.48578245,52.51892621
12,12400720,2020,5,10,3,2,5,3,0,1,1,0,0,0,0,0,13.27813889,52.63644707
2,2300314,2020,5,16,3,3,5,2,0,1,1,0,0,0,0,0,13.41893055,52.49888492
1,1100309,2020,5,19,7,3,3,6,0,1,0,0,1,0,0,0,13.39553674,52.52895417
2,2500832,2020,5,17,7,3,2,6,0,1,1,0,0,0,0,0,13.47074302,52.50666465
1,1401048,2020,5,9,3,3,2,3,0,0,1,0,0,0,1,0,13.35885731,52.55381337
4,4500938,2020,5,16,2,3,5,2,0,1,1,0,0,0,0,1,13.30081688,52.49475883
7,7501030,2020,5,8,3,3,5,2,0,0,1,0,0,0,0,0,13.38587191,52.44557276
6,6200420,2020,5,10,6,2,5,3,0,0,1,0,0,0,0,0,13.30581597,52.41878851
3,3601141,2020,5,7,2,3,5,2,0,1,1,0,0,0,0,1,13.41028457,52.55083622
1,1100311,2020,5,5,3,3,2,6,1,0,1,0,0,0,0,0,13.41713613,52.52195965
8,8100310,2020,5,17,3,3,2,6,0,1,1,0,0,0,0,1,13.42790303,52.49171498
6,6100101,2020,5,16,3,3,6,4,0,0,1,1,0,0,0,1,13.30532669,52.45891729
2,2500833,2020,5,13,6,3,5,3,0,0,1,0,0,0,0,0,13.45170518,52.51075051
4,4100101,2020,5,6,2,3,5,2,1,0,1,0,0,1,1,1,13.32624675,52.53801756
6,6100205,2020,5,16,3,3,2,6,0,0,1,0,1,0,0,1,13.35601311,52.44491007
9,9501940,2020,5,15,3,3,5,2,0,1,1,0,0,0,0,1,13.59046641,52.4553548
9,9301126,2020,5,18,7,3,3,6,0,1,1,0,0,0,0,0,13.58196647,52.41569948
10,10100102,2020,5,10,5,3,5,3,0,1,1,0,0,0,0,0,13.56859939,52.56945272
6,6200421,2020,5,17,7,3,2,6,0,0,1,0,0,0,0,0,13.31246965,52.4195734
4,4300622,2020,5,15,3,2,2,6,0,0,1,0,0,0,1,0,13.32478228,52.51009798
2,2500830,2020,5,17,3,3,1,5,0,1,1,0,0,0,0,0,13.45530546,52.51362692
6,6400737,2020,5,17,7,2,5,2,0,1,1,0,0,0,0,0,13.18935251,52.4338511
7,7100103,2020,5,22,6,3,1,5,2,1,1,0,0,0,0,0,13.3595677,52.4961941
5,5100313,2020,5,14,3,3,2,6,0,0,1,0,0,0,0,0,13.21649688,52.54718186
4,4500939,2020,5,14,3,3,2,6,0,1,1,0,0,0,0,1,13.30911035,52.48880134
7,7100102,2020,5,15,5,3,0,2,0,1,1,0,0,0,0,0,13.35373492,52.49991354
3,3601450,2020,5,11,2,3,5,3,0,0,1,0,0,0,0,1,13.45839816,52.53332019
3,3200308,2020,5,14,3,3,5,3,0,0,1,0,0,0,0,1,13.42400156,52.60436996
4,4200308,2020,5,14,3,3,6,6,0,1,0,1,0,0,0,0,13.28036877,52.51824994
11,11200411,2020,5,14,4,3,2,6,0,0,1,0,0,0,0,0,13.50972247,52.5461564
3,3400724,2020,5,17,7,3,5,2,0,1,1,0,0,0,0,0,13.42859671,52.58308869
12,12400617,2020,5,16,1,3,5,7,0,1,0,0,0,0,1,0,13.21047083,52.60622029
6,6100209,2020,5,12,3,3,0,3,0,0,1,0,1,0,0,0,13.33134056,52.46369109
6,6200313,2020,5,6,3,3,5,2,2,1,0,0,0,0,1,0,13.34574712,52.43634105
1,1100312,2020,5,19,4,2,0,6,0,0,1,0,1,0,0,0,13.41629112,52.51077462
2,2100102,2020,5,17,7,3,0,7,0,1,0,0,0,0,0,0,13.39145725,52.49790415
4,4400727,2020,5,12,3,3,6,7,0,0,1,1,0,0,0,0,13.29513996,52.48489961
9,9200614,2020,5,10,3,1,6,4,0,0,1,1,0,0,0,0,13.53952127,52.45082159
7,7400823,2020,5,17,7,3,5,3,0,0,1,0,0,0,0,0,13.37580296,52.45562869
1,1400937,2020,5,9,6,2,2,7,0,0,1,0,0,0,1,0,13.33704916,52.55884024
6,6200312,2020,5,11,3,3,2,6,0,0,1,0,0,0,0,0,13.34025538,52.44383268
8,8100418,2020,5,10,2,3,5,3,0,1,1,0,0,0,0,0,13.45029655,52.47687023
2,2400521,2020,5,15,5,3,5,2,0,1,1,0,0,0,0,0,13.44068261,52.51726336
8,8200725,2020,5,20,2,2,0,1,1,0,0,0,1,0,0,1,13.43267037,52.44384205
8,8100102,2020,5,16,2,2,6,4,0,1,0,1,0,0,0,1,13.42640231,52.47698809
4,4300517,2020,5,16,2,2,5,2,0,0,1,0,1,0,0,1,13.29631972,52.52932174
7,7300517,2020,5,12,4,2,0,4,0,1,0,1,0,0,0,0,13.32963462,52.47730151
8,8100104,2020,5,16,7,3,2,2,0,0,1,0,0,0,0,0,13.43034432,52.46915336
8,8401139,2020,5,13,1,2,5,2,0,0,1,0,1,0,0,0,13.45877612,52.44027232
12,12500928,2020,5,15,2,3,5,2,0,0,1,0,0,0,0,0,13.32219953,52.60881384
2,2200213,2020,5,15,2,3,2,6,0,0,1,0,1,0,0,1,13.42233164,52.49278365
1,1400938,2020,5,13,2,3,5,2,0,1,1,0,0,0,0,1,13.34943844,52.55199528
4,4400727,2020,5,15,2,3,0,6,0,0,1,0,1,0,0,1,13.28943176,52.481794
3,3601450,2020,5,15,7,3,6,4,0,0,0,1,0,0,1,0,13.4613799,52.53038618
12,12500825,2020,5,14,6,3,1,5,0,0,1,0,1,0,0,0,13.30994278,52.57831412
1,1300836,2020,5,15,2,3,0,2,0,0,0,0,1,0,1,1,13.37025945,52.54468032
8,8100102,2020,5,14,2,3,6,4,0,0,0,1,1,0,0,1,13.42480448,52.48068372
3,3100101,2020,5,11,5,3,4,6,0,0,1,0,0,0,0,0,13.43745151,52.63761545
10,10200417,2020,5,13,2,2,6,4,0,0,0,1,0,0,1,0,13.58691216,52.5489505
4,4400835,2020,5,13,7,3,1,1,0,1,1,0,0,0,0,0,13.31998872,52.46953197
1,1400937,2020,5,18,6,3,0,2,0,1,1,0,0,0,0,0,13.33747719,52.55196909
1,1401045,2020,5,13,2,3,6,4,0,0,0,1,1,0,0,1,13.37786126,52.55654505
1,1400939,2020,5,12,2,3,2,6,0,0,1,0,0,0,0,1,13.35573635,52.55510286
1,1100206,2020,5,13,5,3,1,5,0,1,1,0,0,0,0,0,13.38870604,52.51776156
2,2200211,2020,5,11,2,3,5,2,0,1,1,0,0,0,0,1,13.38992881,52.48966336
9,9502043,2020,5,10,4,3,1,5,0,1,1,0,0,0,0,0,13.56833002,52.46658284
11,11501340,2020,5,15,7,3,0,7,0,1,1,0,0,0,0,0,13.53099252,52.49262787
5,5200420,2020,5,23,7,2,1,1,2,0,1,0,0,0,0,0,13.16586544,52.53347069
12,12200309,2020,5,11,2,3,0,1,0,0,0,0,1,0,0,1,13.329222,52.56345164
4,4200309,2020,5,15,2,3,2,6,0,0,1,0,0,0,0,1,13.25620672,52.51951722
4,4200311,2020,5,11,2,3,5,2,0,0,1,0,0,0,1,1,13.28041939,52.50650376
1,1300731,2020,5,22,2,3,5,2,2,0,1,0,1,0,0,0,13.38436118,52.56754331
2,2400521,2020,5,18,6,3,5,2,0,1,1,0,0,0,0,0,13.4328861,52.5178368
11,11200411,2020,5,12,2,3,6,2,0,0,1,1,0,0,0,1,13.50965435,52.54626945
4,4300624,2020,5,19,2,3,2,6,0,0,1,0,0,0,0,1,13.31625698,52.51081275
10,10200420,2020,5,17,2,3,5,2,0,1,1,0,0,0,0,0,13.59857242,52.53502846
9,9100203,2020,5,9,5,3,2,6,0,0,1,0,0,1,0,0,13.47877374,52.47164721
7,7100101,2020,5,20,2,3,0,1,1,0,0,0,1,0,0,1,13.34028005,52.49425864
1,1100102,2020,5,16,2,1,8,1,0,1,0,0,0,0,0,0,13.37529352,52.5216867
4,4300623,2020,5,18,3,3,2,6,0,0,1,0,0,0,0,0,13.31334801,52.50638872
1,1300733,2020,5,16,2,3,5,2,0,1,1,0,0,0,0,0,13.39134882,52.55508651
9,9301126,2020,5,7,3,3,6,4,0,1,0,1,0,0,0,0,13.58229848,52.4173895
2,2200207,2020,5,20,7,3,5,2,1,1,1,0,0,0,0,0,13.37320371,52.50349736
3,3200309,2020,5,18,7,2,8,1,0,0,0,0,1,0,0,0,13.43363054,52.59541308
3,3400830,2020,5,16,2,2,6,4,0,0,1,1,0,0,0,1,13.421577,52.56724253
9,9501939,2020,5,15,2,3,5,3,0,0,1,0,0,0,0,1,13.57797295,52.45699405
7,7100205,2020,5,8,2,3,0,1,0,0,0,0,1,0,0,1,13.36589974,52.49388852
11,11300618,2020,5,10,2,3,5,2,0,1,1,0,0,0,0,1,13.45902798,52.52613444
12,12400721,2020,5,12,6,3,6,4,0,0,1,1,0,0,0,0,13.30024371,52.642941
1,1100207,2020,5,9,2,3,1,5,0,1,1,0,0,0,0,0,13.39712705,52.50853958
3,3601245,2020,5,8,2,3,0,7,0,1,0,0,0,0,0,0,13.43699078,52.54186619
1,1400938,2020,5,20,7,2,6,4,0,0,0,1,1,0,0,0,13.33598532,52.54224701
4,4501042,2020,5,22,4,3,1,5,2,0,1,0,0,0,0,0,13.32579097,52.50001057
2,2300315,2020,5,13,7,2,0,1,0,1,0,0,0,0,0,0,13.42264582,52.49918376
2,2500835,2020,5,8,2,3,2,6,0,0,1,0,0,0,1,1,13.46339338,52.49939978
7,7601547,2020,5,14,3,3,1,5,0,1,1,0,0,0,0,0,13.40901202,52.38310044
1,1200520,2020,5,18,7,3,3,6,0,1,1,0,0,0,0,0,13.34333908,52.52850218
8,8200727,2020,5,10,6,3,5,2,0,1,1,0,0,0,0,0,13.43396081,52.44353374
8,8401243,2020,5,8,2,3,0,4,0,0,1,1,0,0,0,0,13.49557388,52.41779885
12,12200412,2020,5,13,1,3,2,6,0,0,1,0,0,0,0,0,13.27084593,52.57586843
6,6400844,2020,5,18,5,3,2,6,0,0,1,0,0,0,0,0,13.30748722,52.46652634
8,8100521,2020,5,19,2,3,6,4,0,0,1,1,0,0,0,1,13.47381498,52.46481219
6,6200312,2020,5,17,1,3,6,4,0,0,1,1,0,0,0,0,13.3304242,52.44516891
8,8100209,2020,5,15,7,3,0,3,0,0,1,0,1,0,0,0,13.44050422,52.46744015
11,11400931,2020,5,17,6,3,4,6,0,1,0,0,0,0,0,0,13.50727891,52.50850445
5,5100211,2020,5,16,1,3,5,3,0,0,1,0,0,0,0,0,13.15781993,52.54303362
1,1400942,2020,5,15,1,3,6,4,0,0,1,1,0,0,0,0,13.35347921,52.54653937
10,10100104,2020,5,19,5,3,1,5,0,0,1,0,1,0,0,0,13.57342764,52.56528453
6,6100205,2020,5,11,1,3,2,2,0,1,1,0,0,0,0,0,13.34910618,52.44662606
2,2300316,2020,5,0,1,3,5,3,2,0,1,0,0,0,0,1,13.44181628,52.50125964
10,10300731,2020,5,16,4,3,5,3,0,0,1,0,0,0,1,0,13.55802512,52.52959575
5,5200528,2020,5,13,7,3,5,2,0,1,1,0,0,0,0,0,13.16273251,52.52006137
2,2300316,2020,5,13,1,3,5,2,0,1,1,0,0,0,0,0,13.4422631,52.50090328
6,6200311,2020,5,8,3,2,0,6,0,0,0,0,0,1,1,0,13.3630561,52.43475422
4,4300416,2020,5,16,6,3,6,6,0,1,0,1,0,0,0,0,13.29331154,52.50574546
8,8100419,2020,5,19,6,3,5,7,0,0,1,0,0,0,0,0,13.44685447,52.48612876
5,5200420,2020,5,13,1,3,1,5,0,0,1,0,0,0,0,0,13.15667976,52.53432896
6,6400843,2020,5,12,1,3,0,1,0,1,0,0,0,0,0,0,13.30168453,52.45826351
5,5300839,2020,5,14,5,3,2,6,0,0,1,0,0,0,0,0,13.25008464,52.5474896
5,5200420,2020,5,11,1,3,5,3,0,1,1,0,0,0,0,0,13.18155013,52.53407259
8,8401243,2020,5,12,4,2,6,4,0,0,1,1,0,0,0,0,13.48808932,52.42625547
12,12601235,2020,5,22,6,3,0,7,2,1,0,0,0,0,0,0,13.3571395,52.59251719
7,7300517,2020,5,9,7,2,5,2,0,1,1,0,0,0,0,0,13.3285495,52.4733957
9,9501737,2020,5,7,1,3,9,1,0,0,1,0,0,0,0,0,13.62492087,52.45692884
6,6100208,2020,5,15,4,3,6,4,0,1,0,1,0,0,0,0,13.32629911,52.45611236
12,12200310,2020,5,19,6,3,2,2,0,0,1,0,0,0,1,0,13.31316397,52.57125588
2,2100104,2020,5,14,1,3,5,3,0,1,1,0,0,0,0,0,13.41116737,52.50350744
8,8100314,2020,5,22,7,2,5,3,2,0,1,0,0,0,1,1,13.43455633,52.48292039
4,4300619,2020,5,16,2,3,5,3,0,0,1,0,1,0,0,1,13.31657963,52.5162497
3,3601245,2020,5,21,7,3,5,3,2,1,1,0,0,0,0,1,13.42853555,52.54784967
2,2100101,2020,5,15,6,3,3,6,0,0,1,0,1,0,0,0,13.38890246,52.49876595
1,1100308,2020,5,17,6,3,1,5,0,1,1,0,0,0,0,0,13.38489422,52.52691789
7,7300517,2020,5,12,7,3,5,3,0,0,1,0,0,0,0,1,13.32895566,52.47134245
1,1300835,2020,5,16,7,3,2,6,0,0,1,0,0,0,0,0,13.38845263,52.53963021
6,6300524,2020,5,12,5,3,2,2,0,0,1,0,1,0,0,0,13.22982491,52.43104162
1,1400937,2020,5,19,2,3,5,2,0,0,1,0,0,0,0,1,13.33744372,52.55878623
8,8100104,2020,5,13,7,3,1,5,0,1,1,0,0,0,0,0,13.42843579,52.47286071
1,1100101,2020,5,7,4,3,0,2,0,1,1,0,0,0,0,0,13.34111862,52.50499725
2,2200208,2020,5,22,6,3,0,1,2,1,0,0,0,0,0,0,13.38737324,52.49286042
10,10300731,2020,5,18,7,2,5,3,1,0,1,0,0,0,1,0,13.56562517,52.52915744
9,9501939,2020,5,13,7,3,2,6,0,0,1,0,0,0,0,0,13.5694726,52.45296315
1,1100313,2020,5,14,2,3,5,3,0,1,1,0,0,0,0,1,13.4219402,52.50512531
3,3300514,2020,5,10,2,3,0,7,0,0,1,0,0,0,0,1,13.45359198,52.59184381
2,2100104,2020,5,12,7,3,5,3,0,1,1,0,0,0,0,1,13.41096761,52.50390356
11,11200514,2020,5,13,6,2,5,3,0,0,1,0,1,0,0,0,13.47503293,52.53656086
6,6200422,2020,5,12,7,3,6,7,0,1,0,1,0,0,0,0,13.3282873,52.42870713
11,11401135,2020,5,9,7,3,0,3,0,1,0,0,0,0,1,0,13.50179206,52.4982484
7,7601236,2020,5,14,2,3,0,1,0,0,0,0,1,0,0,1,13.37057409,52.42246618
12,12200515,2020,5,10,2,2,6,2,0,0,1,1,0,0,0,1,13.28697851,52.58629098
10,10100311,2020,5,13,7,3,2,6,0,0,1,0,0,0,0,1,13.51895915,52.51558999
12,12200515,2020,5,7,6,3,5,2,0,1,0,0,0,1,0,0,13.29009414,52.58248978
3,3601348,2020,5,14,7,3,0,6,0,0,1,0,1,0,0,1,13.42267086,52.54455753
7,7200308,2020,5,11,7,2,5,3,0,0,1,0,0,0,0,1,13.34218287,52.47894493
1,1100310,2020,5,14,5,3,0,1,0,1,0,0,0,0,0,0,13.41717383,52.52413971
9,9200715,2020,5,15,7,3,2,6,0,0,1,0,0,0,0,1,13.540885,52.4356073
6,6300525,2020,5,13,3,3,5,3,0,1,1,0,0,0,0,0,13.25028301,52.4185508
5,5100313,2020,5,21,6,3,2,7,2,0,1,0,0,0,0,0,13.21819709,52.54856784
2,2200210,2020,5,17,7,3,2,6,0,1,0,0,0,0,0,0,13.39473277,52.49615722
7,7400927,2020,5,16,7,3,2,2,0,0,1,0,0,0,0,1,13.38660969,52.45634579
9,9501939,2020,5,18,1,3,0,2,0,1,1,0,0,0,0,0,13.57448708,52.45297071
5,5200423,2020,5,16,7,3,2,6,0,0,1,0,0,0,0,0,13.15049932,52.53289855
3,3400826,2020,5,11,6,2,5,3,0,0,1,0,0,0,0,0,13.41096078,52.56117453
10,10100316,2020,5,17,7,3,0,7,0,0,1,0,0,0,1,0,13.57758874,52.54760217
7,7300619,2020,5,18,7,3,5,3,0,0,1,0,0,0,0,1,13.35883664,52.47459997
8,8100415,2020,5,20,4,3,5,2,1,1,1,0,0,0,0,0,13.44276911,52.48042771
5,5400944,2020,5,20,6,2,0,1,1,1,0,0,0,0,0,0,13.14181958,52.46182675
3,3400618,2020,5,3,7,3,6,6,2,0,1,1,0,0,0,0,13.36752124,52.59583649
9,9501940,2020,5,14,6,3,2,6,0,0,1,0,0,0,0,0,13.58067183,52.45548849
11,11200411,2020,5,18,6,2,0,1,0,0,1,0,1,0,0,0,13.49960713,52.54537358
12,12500927,2020,5,2,5,2,0,1,2,0,1,0,0,0,0,0,13.32793122,52.59966654
4,4300518,2020,5,15,6,3,3,6,0,1,0,0,0,0,1,0,13.29606456,52.53043581
7,7100103,2020,5,20,6,3,0,6,2,0,1,0,1,0,0,1,13.35555103,52.49461972
7,7100102,2020,5,17,3,3,5,5,0,0,1,0,1,0,0,0,13.34974329,52.49476313
5,5200423,2020,5,15,6,2,5,2,0,0,1,0,0,0,0,0,13.14159472,52.53244392
12,12200309,2020,5,13,6,3,5,2,0,1,1,0,0,0,0,0,13.3253954,52.56466826
9,9501737,2020,5,15,6,3,5,2,0,0,1,0,0,0,0,0,13.65343557,52.4633289
9,9501939,2020,5,10,6,3,3,6,0,0,1,0,1,0,0,0,13.55857524,52.45602654
1,1400939,2020,5,21,5,3,0,1,2,1,0,0,0,0,0,0,13.35612081,52.55535627
3,3400620,2020,5,2,6,3,8,7,2,0,1,0,0,0,0,0,13.38083226,52.57445939
11,11400927,2020,5,23,6,3,6,7,2,1,0,1,0,0,0,0,13.47545525,52.50215588
5,5200629,2020,5,14,4,3,5,3,0,1,0,0,0,0,1,0,13.19805391,52.53292517
5,5200634,2020,5,15,6,3,2,6,0,0,1,0,0,0,0,0,13.20123721,52.51206586
9,9401534,2020,5,17,1,3,2,6,0,0,1,0,0,0,0,0,13.58199958,52.44221343
6,6100102,2020,5,22,6,3,0,1,2,0,0,0,1,0,0,1,13.32314999,52.45689378
8,8401242,2020,5,7,3,3,5,3,0,0,1,0,0,0,0,0,13.47987173,52.41264295
8,8100417,2020,5,15,6,3,5,3,0,0,1,0,0,0,0,0,13.45398978,52.47201204
2,2200212,2020,5,18,6,3,2,6,0,0,1,0,0,0,0,0,13.41912046,52.48748618
3,3500932,2020,5,16,6,2,7,7,0,1,0,0,0,0,0,0,13.43879296,52.55774373
5,5100317,2020,5,10,3,3,2,6,0,0,1,0,0,0,0,0,13.22386602,52.53059589
9,9501736,2020,5,13,6,3,3,6,0,1,0,0,0,0,0,0,13.59702925,52.45278573
9,9100304,2020,5,9,6,3,5,2,0,1,1,0,0,0,0,0,13.48402007,52.46775192
7,7400928,2020,5,19,6,3,2,6,0,0,1,0,1,0,0,0,13.42039937,52.46164851
1,1400939,2020,5,17,6,3,6,4,0,0,1,1,0,0,0,0,13.35599859,52.55527579
6,6200421,2020,5,16,5,3,3,2,0,0,1,0,1,0,0,0,13.31077977,52.42116337
6,6400737,2020,5,16,6,2,1,5,0,1,1,0,0,0,0,0,13.19901786,52.44015554
6,6300524,2020,5,15,6,3,4,6,0,1,1,0,0,0,0,0,13.22950849,52.42083762
12,12200309,2020,5,12,4,3,5,7,0,0,0,0,1,0,1,0,13.31701743,52.56847468
2,2500833,2020,5,12,6,3,0,7,0,0,1,0,1,0,0,1,13.45800515,52.51061651
5,5300737,2020,5,13,1,3,0,5,0,0,1,0,1,0,0,0,13.23677379,52.54723688
1,1401046,2020,5,14,6,3,6,4,0,0,1,1,0,0,0,0,13.35127742,52.53942028
10,10200524,2020,5,14,2,3,6,4,0,0,1,1,0,0,0,0,13.6056683,52.5358379
12,12200307,2020,5,13,6,3,5,2,0,1,1,0,0,0,0,0,13.32842968,52.57561542
4,4200206,2020,5,12,6,3,5,2,0,1,1,0,0,0,0,0,13.22868971,52.50512307
12,12500926,2020,5,14,6,3,0,1,0,0,0,0,1,0,0,0,13.32419636,52.58783946
7,7400826,2020,5,4,6,2,9,1,2,0,1,0,0,0,0,0,13.36225052,52.44719982
9,9501737,2020,5,11,6,2,0,1,0,1,0,0,0,0,0,0,13.62521681,52.45496898
8,8200624,2020,5,12,5,3,2,6,0,0,1,0,0,0,1,0,13.43590441,52.4491599
1,1401048,2020,5,17,6,2,0,1,0,0,0,0,1,0,0,0,13.35755462,52.55354969
2,2400623,2020,5,19,3,3,5,2,0,1,1,0,0,0,0,0,13.43002891,52.51020273
3,3200309,2020,4,9,5,3,6,7,0,0,1,1,0,0,0,1,13.43379735,52.60874587
1,1300733,2020,5,14,5,3,2,6,0,0,0,0,0,0,1,0,13.38495196,52.55597599
5,5100313,2020,4,14,5,3,2,6,0,0,1,0,0,0,0,1,13.21897328,52.5488077
3,3601453,2020,5,10,4,3,5,3,0,0,1,0,0,0,0,0,13.46608079,52.52328063
12,12200412,2020,5,11,6,3,5,3,0,1,1,0,0,0,0,0,13.28242275,52.57566291
4,4300414,2020,5,2,7,3,1,5,2,1,1,0,0,0,0,0,13.30000328,52.51827105
4,4500936,2020,4,14,5,3,5,2,0,1,1,0,0,0,0,1,13.3018485,52.49904463
3,3200206,2020,5,21,1,3,5,3,2,0,1,0,0,0,1,0,13.39750636,52.580019
5,5100105,2020,5,11,2,2,7,7,0,0,1,0,0,0,0,1,13.19755179,52.55820124
10,10300734,2020,4,15,5,2,5,3,0,1,1,0,0,0,0,0,13.5583155,52.49262943
4,4300416,2020,5,14,6,2,5,2,0,1,1,0,0,0,0,0,13.30223199,52.50788825
11,11100204,2020,5,17,2,2,6,4,0,0,0,1,0,0,1,1,13.51253241,52.56617287
4,4501152,2020,4,15,5,3,2,6,0,0,1,0,1,0,0,1,13.33101118,52.49299306
1,1100308,2020,4,15,5,3,5,3,0,1,1,0,0,0,0,1,13.37009881,52.53426667
7,7100102,2020,5,10,5,3,6,7,0,0,0,1,0,1,0,0,13.34980831,52.50030609
12,12200309,2020,5,17,2,3,5,2,0,1,0,0,0,0,1,0,13.32590323,52.56463431
4,4501041,2020,4,15,5,3,5,3,0,1,1,0,0,0,0,1,13.31539651,52.50324802
1,1400942,2020,5,19,3,3,2,2,0,0,1,0,0,0,0,0,13.34383358,52.54634625
5,5100211,2020,5,11,6,2,0,6,0,0,1,0,1,0,0,0,13.17977924,52.53887116
1,1300836,2020,5,12,7,3,2,6,0,0,1,0,0,0,1,0,13.37420731,52.54364502
7,7601442,2020,4,15,5,2,5,2,0,0,1,0,0,0,0,1,13.39274485,52.41265223
12,12200307,2020,4,14,5,3,2,2,0,0,1,0,0,0,0,1,13.32978942,52.56915994
8,8100521,2020,5,15,3,3,3,6,0,0,1,1,0,1,0,0,13.45151477,52.46511228
8,8100104,2020,5,16,5,3,6,4,0,0,1,1,0,0,0,0,13.42864121,52.4724533
5,5300736,2020,5,20,3,3,6,4,1,0,1,1,0,0,0,0,13.23400122,52.54749527
6,6200422,2020,5,10,4,2,5,3,0,1,1,0,0,0,0,0,13.3321258,52.42550352
8,8200727,2020,5,12,2,3,5,3,0,0,1,0,0,0,0,1,13.43412771,52.44279657
7,7601341,2020,5,16,4,3,0,1,0,1,0,0,0,0,0,0,13.37635441,52.40892766
9,9100203,2020,5,16,4,3,5,3,0,0,0,0,1,0,0,0,13.47866782,52.47159355
7,7601544,2020,5,18,7,2,0,7,0,1,0,0,0,0,0,0,13.40545648,52.38977355
8,8100105,2020,5,15,3,3,1,7,0,0,1,1,0,0,0,0,13.43186202,52.46657083
5,5200632,2020,5,13,7,2,3,6,0,0,1,0,0,0,0,0,13.21257067,52.52721948
4,4300517,2020,5,19,3,2,5,2,0,1,1,0,0,0,0,0,13.29738217,52.52658775
8,8200725,2020,5,15,3,3,2,6,0,1,1,0,0,0,0,0,13.41889486,52.4447004
10,10200421,2020,5,16,6,2,6,4,0,0,1,1,0,0,0,0,13.60515317,52.53657577