BEZ,LOR_ab_2021,UJAHR,UMONAT,USTUNDE,UWOCHENTAG,UKATEGORIE,UART,UTYP1,ULICHTVERH,IstRad,IstPKW,IstFuss,IstKrad,IstGkfz,IstSonstige,USTRZUSTAND,XGCSWGS84,YGCSWGS84
6,6200313,2020,5,18,5,3,3,6,0,1,1,0,0,0,0,0,13.35111445,52.44071776
2,2400624,2020,5,14,3,3,2,2,0,0,1,0,1,0,0,0,13.44350996,52.5120615
4,4501041,2020,5,16,2,3,0,4,0,1,0,1,0,0,0,0,13.31689296,52.50191292
12,12100205,2020,5,13,5,3,5,3,0,1,1,0,0,0,0,0,13.35262281,52.57476696
4,4501043,2020,5,16,4,3,5,2,0,1,1,0,0,0,0,0,13.31589388,52.49652401
5,5100105,2020,5,22,1,3,5,3,2,0,1,0,0,0,0,1,13.19860966,52.55536651
7,7400721,2020,5,7,4,3,0,7,0,0,1,0,0,0,1,0,13.37443695,52.47886056
9,9401534,2020,5,12,7,3,2,6,0,0,1,0,0,0,0,0,13.58199995,52.44221483
3,3300516,2020,5,0,6,3,0,1,2,1,0,0,0,0,0,0,13.43512443,52.56269948
9,9200510,2020,5,15,3,3,8,7,0,1,1,0,0,0,0,0,13.50461559,52.47758248
11,11501340,2020,5,10,2,3,0,6,0,1,1,0,0,0,0,0,13.52555868,52.481989
5,5100208,2020,5,14,4,2,5,7,0,0,1,0,1,0,0,0,13.16197499,52.55172931
10,10400941,2020,5,16,7,3,5,3,0,0,1,0,0,0,0,0,13.60584327,52.47871194
8,8200726,2020,5,1,7,3,2,6,2,0,1,0,0,0,0,1,13.45235197,52.45232587
11,11300722,2020,5,17,3,3,2,6,0,0,1,0,0,0,0,0,13.47935279,52.51607465
12,12200307,2020,5,15,3,3,0,7,0,0,0,0,1,0,1,1,13.33046614,52.57106823
6,6300633,2020,5,14,6,3,5,2,0,1,1,0,0,0,0,0,13.31551937,52.44312836
5,5200633,2020,5,14,5,3,5,2,0,0,1,0,0,0,0,0,13.1828473,52.51848079
7,7200409,2020,5,12,7,3,0,6,0,1,0,0,0,0,0,0,13.35352066,52.48889747
4,4100101,2020,5,14,3,3,5,3,0,0,1,0,0,0,0,0,13.29681105,52.54812259
1,1200628,2020,5,17,2,3,6,4,0,1,0,1,0,0,0,0,13.36933703,52.52657499
1,1400938,2020,5,12,5,3,2,3,0,0,1,0,1,0,0,0,13.33906394,52.55032148
5,5200420,2020,5,16,4,3,2,6,0,0,1,0,0,0,0,0,13.17924427,52.53374764
7,7601544,2020,5,13,1,3,4,1,0,0,1,0,0,0,0,1,13.39109262,52.39885338
9,9301228,2020,5,16,4,2,0,7,0,0,1,0,0,1,0,0,13.65198891,52.37535291
6,6100206,2020,5,8,6,2,2,6,0,1,0,0,0,0,0,0,13.33088028,52.44579069
4,4100101,2020,5,18,6,3,5,2,0,0,1,0,0,0,0,0,13.32610678,52.53836756
4,4501044,2020,5,14,3,3,5,3,0,1,1,0,0,0,0,0,13.32221232,52.4955016
8,8200623,2020,5,14,3,3,0,2,0,1,1,0,0,0,0,0,13.4573938,52.45343666
8,8100521,2020,5,10,5,3,5,7,0,0,1,0,0,0,0,0,13.46538524,52.46059988
1,1100313,2020,5,20,3,3,2,2,0,0,1,0,0,0,0,0,13.42120718,52.50975922
9,9502043,2020,5,10,4,2,5,3,0,1,1,0,0,0,0,0,13.56973588,52.46577753
12,12200307,2020,5,14,3,3,0,7,0,0,0,0,1,0,1,1,13.33007203,52.56995354
10,10100312,2020,5,15,2,3,2,6,0,0,1,0,0,0,0,1,13.53967083,52.53447632
4,4501153,2020,5,20,4,3,5,3,1,0,1,0,1,0,0,0,13.33522097,52.48580566
1,1401046,2020,5,12,3,3,2,6,0,0,1,0,0,0,1,0,13.35084854,52.54255551
4,4300623,2020,5,12,5,2,1,5,0,1,1,0,0,0,0,0,13.30383351,52.50988354
1,1100308,2020,5,10,5,3,0,1,0,0,0,0,1,0,0,0,13.37954017,52.53338927
2,2500833,2020,5,18,7,3,5,7,0,0,1,0,1,0,0,0,13.45875365,52.51134537
3,3400620,2020,5,11,3,3,6,7,0,0,1,1,0,0,0,0,13.37829962,52.57655985
4,4500938,2020,5,8,2,3,6,2,0,0,1,1,0,0,0,0,13.29624845,52.49761845
4,4100101,2020,5,8,5,3,5,2,0,0,1,0,0,0,1,0,13.32625002,52.53801059
3,3400618,2020,5,16,4,2,6,4,0,0,1,1,0,0,0,0,13.36929157,52.59726585
7,7200411,2020,5,0,7,2,6,4,2,0,1,1,0,0,0,1,13.36008976,52.49046629
9,9401534,2020,5,14,4,3,5,3,0,0,1,0,0,1,0,0,13.57691654,52.44435147
12,12200414,2020,5,11,6,3,2,6,0,0,1,0,0,0,0,0,13.24940802,52.55279895
1,1401047,2020,5,21,6,3,2,6,1,0,1,0,0,0,0,1,13.35955141,52.54627665
12,12601236,2020,5,10,3,3,0,3,0,0,1,0,1,0,0,0,13.34425875,52.59605435
5,5400942,2020,5,9,3,3,1,6,0,1,1,0,0,0,1,0,13.18322785,52.48512078
7,7400826,2020,5,5,5,2,0,6,0,0,1,0,1,0,0,0,13.37146791,52.45251414
10,10200628,2020,5,20,3,3,5,3,0,1,1,0,0,0,0,0,13.59613931,52.52974728
8,8100102,2020,5,17,4,3,5,3,0,1,1,0,0,0,0,0,13.41637462,52.48047619
1,1100311,2020,5,13,2,3,2,6,0,0,1,0,0,0,1,1,13.42372234,52.51352479
11,11300724,2020,5,17,4,3,2,6,0,0,1,0,1,0,0,0,13.49001012,52.51356961
3,3300516,2020,5,14,4,3,5,3,0,1,1,0,0,0,0,0,13.43262504,52.57089672
4,4100101,2020,5,9,3,3,5,2,0,0,1,0,0,0,0,0,13.32610797,52.53836219
10,10400938,2020,5,13,7,3,2,6,0,0,1,0,0,0,0,0,13.61696263,52.51971695
2,2200210,2020,5,20,3,3,5,3,0,0,1,0,0,0,0,0,13.39640466,52.49124602
6,6400838,2020,5,15,4,3,5,2,0,1,1,0,0,0,0,0,13.24398501,52.44617976
1,1100313,2020,5,19,7,3,3,6,0,1,1,0,0,0,0,0,13.41883605,52.50632657
7,7100102,2020,5,11,4,3,5,7,0,0,1,0,0,0,0,0,13.35345267,52.50094986
6,6400737,2020,5,7,6,2,5,2,0,1,1,0,0,0,0,0,13.23723089,52.46927821
10,10100206,2020,5,16,6,3,5,2,0,1,0,0,0,0,1,0,13.56945007,52.56081233
10,10100210,2020,5,13,3,3,5,3,0,1,1,0,0,0,0,0,13.55764008,52.547491
4,4300620,2020,5,8,3,3,5,2,0,1,0,0,0,0,0,0,13.32223345,52.5211063
10,10100312,2020,5,16,5,3,5,2,0,1,1,0,0,0,0,0,13.54012811,52.52566473
3,3200205,2020,5,19,3,3,5,3,0,1,1,0,0,0,0,0,13.39097105,52.58383911
12,12500929,2020,5,10,4,3,5,3,0,1,1,0,0,0,0,0,13.35466973,52.61799917
10,10100209,2020,5,11,2,3,2,6,0,0,1,0,0,0,0,0,13.57278825,52.55018518
9,9200819,2020,5,16,4,3,5,3,0,1,0,0,0,0,1,0,13.56763871,52.44486677
11,11300722,2020,5,17,7,3,5,2,0,1,1,0,0,0,0,0,13.47779174,52.51459262
2,2200209,2020,5,8,3,3,5,7,0,0,1,0,1,0,0,0,13.37825804,52.48501953
3,3400725,2020,5,11,7,3,5,3,0,0,1,0,1,0,0,0,13.4278683,52.58777386
11,11300826,2020,5,18,3,3,9,1,0,0,1,0,1,0,0,0,13.47602973,52.51251863
8,8401242,2020,5,7,3,3,5,3,0,1,1,0,0,0,0,0,13.47976102,52.41440507
2,2200208,2020,5,15,6,3,5,3,0,1,1,0,0,0,0,0,13.38399852,52.49517054
6,6400838,2020,5,17,5,2,0,1,0,0,0,0,1,0,0,0,13.22413931,52.44064284
1,1100313,2020,5,23,7,3,5,3,2,0,1,0,0,0,0,0,13.4196747,52.50608319
12,12500825,2020,5,6,3,3,1,5,0,1,1,0,0,0,0,0,13.299487,52.58114831
4,4501040,2020,5,20,2,3,1,5,1,1,1,0,0,0,0,0,13.30959656,52.50018439
5,5400944,2020,5,12,5,3,2,6,0,0,1,0,0,0,0,0,13.14826759,52.45670275
8,8200833,2020,5,6,3,2,3,5,0,0,1,0,1,0,0,0,13.44355432,52.42561636
9,9100407,2020,5,20,6,3,5,3,0,0,1,0,0,0,0,0,13.5051288,52.44513275
9,9501838,2020,5,22,5,3,0,1,2,1,0,0,0,0,0,0,13.68214394,52.44398879
10,10200418,2020,5,6,3,3,0,3,1,0,1,0,1,0,0,0,13.59161814,52.54148096
6,6100103,2020,5,7,3,3,5,3,0,1,1,0,0,0,0,0,13.32670481,52.46335321
6,6300629,2020,5,14,5,2,3,6,0,1,0,0,0,0,0,0,13.2887023,52.444017
8,8200624,2020,5,8,4,3,2,6,0,0,1,0,0,0,0,0,13.42189169,52.45233554
1,1300733,2020,5,9,2,3,2,6,0,1,0,0,0,0,0,0,13.38529933,52.55594743
2,2300315,2020,5,8,4,3,5,2,0,1,1,0,0,0,0,0,13.43204223,52.49933283
1,1100416,2020,5,14,7,3,1,5,0,1,1,0,0,0,0,0,13.40342282,52.53222787
6,6200423,2020,5,11,6,3,0,4,0,1,0,1,0,0,0,0,13.31442412,52.41769222
4,4500939,2020,5,15,3,3,5,2,0,1,1,0,0,0,0,0,13.30189307,52.48858516
7,7601340,2020,5,5,3,3,5,3,0,0,1,0,0,0,1,0,13.35532024,52.41318519
11,10100205,2020,5,13,6,3,5,3,0,1,1,0,0,0,0,0,13.54022147,52.5652608
6,6400735,2020,5,13,5,3,0,4,0,1,0,1,0,0,0,0,13.14746033,52.41385355
6,6300634,2020,5,0,7,3,2,6,2,0,1,0,0,0,0,0,13.29986362,52.43242234
8,8100102,2020,5,4,3,3,0,7,1,1,0,0,0,0,0,0,13.41023147,52.4818046
4,4300412,2020,5,17,2,3,5,2,0,1,1,0,0,0,0,1,13.29564807,52.51932758
7,7400720,2020,5,10,5,3,5,3,0,0,1,0,0,0,0,0,13.37491286,52.48130484
6,6100209,2020,5,15,4,3,1,5,0,0,1,0,0,0,0,0,13.32718149,52.46015115
1,1100416,2020,5,19,1,3,0,1,1,0,0,0,1,0,0,1,13.4063529,52.53532098
11,11501238,2020,5,13,4,3,0,2,0,1,0,0,0,1,0,0,13.4995317,52.48453405
9,9100304,2020,5,12,6,3,6,4,0,0,1,1,0,0,0,0,13.48939504,52.46750861
3,3300517,2020,5,19,4,3,5,3,0,1,1,0,0,0,0,0,13.47703837,52.566872
9,9502043,2020,5,16,1,3,2,6,0,0,1,0,0,0,0,1,13.58337018,52.46328533
9,9100407,2020,5,6,4,3,1,5,0,1,1,0,0,0,0,0,13.48697292,52.45946277
1,1100207,2020,5,9,7,3,5,3,0,0,1,0,0,0,0,0,13.39227148,52.50771833
12,12200310,2020,5,12,6,3,5,2,0,0,1,0,1,0,0,0,13.31455294,52.57506134
9,9100304,2020,5,15,3,3,1,1,0,0,1,0,0,0,0,0,13.48364345,52.4604272
1,1100416,2020,5,9,3,3,0,1,0,1,0,0,0,0,0,0,13.40311961,52.53191657
3,3701554,2020,5,8,5,3,0,1,0,1,0,0,0,0,0,0,13.41237557,52.53244548
4,4200308,2020,5,9,5,3,1,5,0,0,1,0,0,0,0,0,13.27483265,52.51893147
1,1100309,2020,5,20,7,3,5,2,0,1,1,0,0,0,0,0,13.40654206,52.52859626
7,7400927,2020,5,14,3,3,0,1,0,0,0,0,1,0,0,0,13.40255755,52.45588638
1,1300835,2020,5,6,2,3,5,3,0,0,1,0,0,0,1,1,13.38609059,52.53882158
3,3601245,2020,5,10,4,3,5,2,0,1,1,0,0,0,0,0,13.43000056,52.55141721
9,9100304,2020,5,16,4,3,2,6,0,0,1,0,0,0,0,0,13.48873188,52.46694825
4,4501045,2020,5,20,7,2,5,7,1,1,1,0,0,0,0,0,13.33436689,52.49838641
1,1300836,2020,5,12,4,3,5,3,0,0,1,0,0,0,0,0,13.37844524,52.55041214
10,10300731,2020,5,11,6,3,5,3,0,1,1,0,0,0,0,0,13.55617293,52.52007293
9,9200715,2020,5,15,6,3,5,2,0,1,1,0,0,0,0,0,13.55077014,52.42891823
1,1401043,2020,5,13,3,3,3,6,0,0,1,0,1,0,0,0,13.36105838,52.54751077
10,10100311,2020,5,13,2,1,5,2,0,1,0,0,0,1,0,0,13.51704636,52.53554744
9,9300920,2020,5,17,5,3,0,6,0,1,0,0,0,0,0,0,13.52833779,52.41187295
7,7501135,2020,5,18,3,3,5,7,0,0,1,0,0,0,0,0,13.38723674,52.42269838
6,6300527,2020,5,11,4,3,3,6,0,1,0,0,0,1,0,0,13.27563878,52.43393852
2,2500834,2020,5,18,6,3,1,5,0,1,1,0,0,0,0,0,13.46712413,52.50502768
3,3501038,2020,5,14,3,3,5,2,0,1,1,0,0,0,0,0,13.47482593,52.55333311
4,4300620,2020,5,17,2,3,0,7,0,1,0,0,0,0,1,0,13.33189201,52.51362092
8,8100314,2020,5,8,5,3,5,3,0,1,1,0,0,0,0,0,13.43478301,52.48103958
8,8100415,2020,5,18,3,3,3,6,0,1,1,0,0,0,1,0,13.44679148,52.47831608
2,2400623,2020,5,20,4,3,5,3,1,1,1,0,0,0,0,0,13.42393798,52.51343924
10,10100208,2020,5,15,2,3,5,2,0,0,1,0,0,0,0,0,13.55230357,52.55400764
8,8100417,2020,5,18,4,3,2,6,0,0,1,0,0,0,0,0,13.45278292,52.47534848
12,12200309,2020,5,14,4,3,6,4,0,0,1,1,0,0,0,0,13.32419805,52.56505178
5,5200528,2020,5,14,7,3,2,6,0,0,1,0,0,0,1,0,13.16420248,52.51975581
9,9501737,2020,5,11,4,3,5,2,0,1,1,0,0,0,0,0,13.61872083,52.45550019
7,7400927,2020,5,10,4,3,3,6,0,1,0,0,0,0,1,0,13.38834051,52.4685628
3,3601141,2020,5,0,6,3,0,1,2,1,0,0,0,0,0,0,13.41256155,52.55399227
11,11300721,2020,5,15,6,3,2,7,0,1,1,0,0,0,0,0,13.49914099,52.52637856
8,8100105,2020,5,19,2,2,6,4,0,0,1,1,0,0,0,0,13.43278275,52.46488549
11,11300826,2020,5,15,5,3,5,3,0,1,0,0,0,0,0,0,13.47997628,52.50860134
1,1300732,2020,5,17,3,3,2,6,0,0,1,0,0,0,0,0,13.38481971,52.55678294
1,1401047,2020,5,9,4,3,5,2,0,0,1,0,0,0,1,0,13.35958094,52.54412
5,5100209,2020,5,10,2,3,5,2,0,0,1,0,0,0,0,1,13.18454816,52.54749154
9,9200614,2020,5,15,4,2,6,4,0,0,1,1,0,0,0,0,13.53953897,52.45081783
6,6400736,2020,5,13,4,3,2,6,0,1,0,0,0,0,0,0,13.20948479,52.41956881
5,5200631,2020,5,16,7,3,0,3,0,0,1,0,0,0,1,0,13.19763796,52.51816938
7,7200411,2020,5,13,2,3,5,2,0,1,1,0,0,0,0,1,13.35720258,52.48683092
12,12601236,2020,5,17,4,3,0,6,0,0,1,1,0,0,0,0,13.34747309,52.59653684
7,7300516,2020,5,13,4,3,6,2,0,0,1,1,0,0,0,0,13.32826649,52.46482846
3,3601142,2020,5,14,4,3,6,4,0,0,1,1,0,0,0,0,13.4117939,52.54270057
7,7601442,2020,5,18,7,3,0,5,0,0,1,0,0,0,1,0,13.39463146,52.41309067
5,5100316,2020,5,19,2,3,2,2,0,1,1,0,0,0,0,0,13.20080583,52.53857217
12,12500930,2020,5,13,7,3,5,2,0,0,1,0,0,0,0,0,13.33994399,52.58805088
1,1100310,2020,5,20,3,2,1,5,1,1,0,0,0,0,1,0,13.41123449,52.52583093
4,4500937,2020,5,19,2,3,2,7,0,0,1,0,1,0,0,0,13.29530501,52.49791599
4,4100101,2020,5,17,6,3,5,2,0,0,1,0,0,0,0,0,13.30231272,52.54789063
3,3500935,2020,5,21,5,3,0,1,0,1,0,0,0,0,0,0,13.45018966,52.54873201
12,12500825,2020,5,15,2,3,1,5,0,0,1,0,0,0,0,0,13.30169363,52.58167095
9,9501737,2020,5,7,3,2,5,3,0,1,1,0,0,0,0,0,13.63866165,52.44770875
8,8100310,2020,5,13,5,3,5,3,0,1,1,0,0,0,0,0,13.43180674,52.4922657
1,1400938,2020,5,7,4,3,0,1,0,0,0,0,1,0,0,0,13.34287963,52.53939994
4,4100101,2020,5,16,1,3,0,1,0,1,0,0,0,0,0,0,13.32694246,52.53989075
12,12200310,2020,5,8,4,2,5,3,0,1,1,0,0,0,0,0,13.31329124,52.57481954
6,6400736,2020,5,13,4,3,3,7,0,1,0,0,0,0,0,0,13.20896063,52.41941719
12,12400720,2020,5,14,7,3,6,4,0,1,0,1,0,0,0,0,13.29059937,52.62656553
1,1400942,2020,5,3,6,2,6,4,2,0,0,1,0,0,1,0,13.34910984,52.54914867
9,9200717,2020,5,13,3,3,5,3,0,1,1,0,0,0,0,0,13.5576304,52.44679396
12,12400619,2020,5,18,2,3,2,6,0,0,1,0,0,0,0,0,13.25228092,52.59988832
5,5100206,2020,5,14,5,2,5,2,0,0,1,0,1,1,0,0,13.1558011,52.5579469
9,9401329,2020,5,12,5,2,7,7,0,1,0,0,0,0,0,0,13.63017425,52.42621185
3,3500933,2020,5,1,7,2,8,1,2,0,0,0,0,0,1,0,13.46640079,52.55713442
2,2200210,2020,5,2,7,3,0,1,2,1,0,0,0,0,0,1,13.40087896,52.49041567
11,11300617,2020,5,13,3,3,5,2,0,1,1,0,0,0,0,0,13.46923684,52.53142727
2,2400625,2020,5,9,2,3,2,6,0,0,1,0,0,0,0,0,13.44045189,52.50483403
5,5200632,2020,5,14,6,3,0,3,0,1,1,0,0,0,0,0,13.20490361,52.53019132
6,6400838,2020,5,15,5,2,0,7,0,1,1,0,0,0,0,0,13.23703513,52.4443013
3,3400618,2020,5,14,7,3,0,4,0,0,0,1,0,1,0,0,13.37388924,52.5976893
12,12100206,2020,5,8,2,3,5,2,0,0,1,0,0,0,0,0,13.3458709,52.57456235
4,4300415,2020,5,17,2,3,5,5,0,1,1,0,0,0,0,1,13.28594657,52.50782473
4,4400727,2020,5,12,5,3,5,3,0,0,1,0,0,0,0,0,13.29690139,52.48585601
10,10200422,2020,5,18,4,3,5,2,0,0,1,0,0,0,0,0,13.60916165,52.53960321
1,1100206,2020,5,14,1,3,2,2,0,0,1,0,1,0,0,1,13.38043033,52.51813497
7,7501031,2020,5,15,4,1,6,4,0,0,0,1,0,1,0,0,13.39161737,52.45319389
8,8300935,2020,5,13,4,3,2,6,0,0,1,0,0,0,0,0,13.45599688,52.42315922
2,2400623,2020,5,7,6,3,5,2,0,1,1,0,0,0,0,0,13.42676036,52.51579224
12,12500825,2020,5,9,6,3,5,2,0,0,1,0,0,0,0,0,13.30954727,52.58391931
4,4501042,2020,5,15,3,3,5,7,0,0,1,0,1,0,0,0,13.33098939,52.50146238
4,4300619,2020,5,7,2,3,6,4,0,0,0,1,1,0,0,0,13.31362661,52.52002264
10,10200420,2020,5,10,5,3,5,2,0,0,1,0,0,0,0,0,13.60133123,52.53575798
7,7601339,2020,5,17,3,3,5,2,0,1,1,0,0,0,0,0,13.35036801,52.41434522
6,6200421,2020,5,0,5,3,9,1,2,0,1,0,0,0,0,0,13.31751115,52.43088362
3,3601142,2020,5,17,2,3,0,3,0,1,1,0,0,0,0,0,13.40754837,52.54717498
1,1200522,2020,5,15,2,2,5,7,0,0,1,0,1,0,0,1,13.33228375,52.52419404
12,12200412,2020,5,21,4,2,0,1,2,1,0,0,0,0,0,0,13.30003406,52.57934225
3,3400618,2020,5,16,4,3,0,1,0,0,0,0,1,0,0,0,13.36930697,52.59727578
12,12500824,2020,5,18,7,3,1,5,0,0,1,0,0,0,0,0,13.30245328,52.60019543
6,6100206,2020,5,12,4,3,5,3,0,1,1,0,0,0,0,0,13.33715415,52.44565098
10,10100313,2020,5,17,2,3,9,1,0,0,0,0,1,0,0,0,13.56399687,52.54472002
9,9200510,2020,5,8,2,3,5,2,0,0,1,0,1,0,0,1,13.51071237,52.46413518
3,3601450,2020,5,8,5,3,5,2,0,1,1,0,0,0,0,0,13.45785113,52.52904745
1,1100310,2020,5,17,4,3,5,3,0,1,1,0,0,0,0,0,13.40266875,52.5213164
2,2400623,2020,5,16,1,3,5,2,0,1,1,0,0,0,0,1,13.43976148,52.51392265
4,4501040,2020,5,14,4,2,5,2,0,1,1,0,0,0,0,0,13.311888,52.5005778
11,11200512,2020,5,11,6,3,0,7,0,0,1,0,0,0,1,0,13.46787157,52.54616805
3,3500936,2020,5,21,6,3,0,1,2,0,0,0,1,0,0,0,13.46361731,52.54992557
11,11400929,2020,5,10,3,3,5,3,0,1,1,0,0,0,0,0,13.50033515,52.50497692
7,7501029,2020,5,20,2,3,2,6,1,0,1,0,1,0,0,0,13.37566013,52.44355378
7,7400826,2020,5,7,5,3,2,6,0,0,1,0,0,0,0,0,13.36484783,52.44867303
12,12500825,2020,5,17,3,3,5,3,0,0,0,0,1,1,0,0,13.30394424,52.58124955
1,1100102,2020,5,20,4,2,0,1,0,0,0,0,1,0,0,0,13.35096982,52.51148544
9,9200818,2020,5,13,2,3,8,1,0,0,0,0,1,0,0,1,13.55876733,52.45008294
9,9501939,2020,5,18,4,3,5,2,0,1,0,0,0,0,0,0,13.57427129,52.45277369
5,5200634,2020,5,12,4,2,6,4,0,0,1,1,0,0,0,0,13.20877333,52.51068271
3,3701556,2020,5,14,4,3,1,5,0,1,1,0,0,0,0,0,13.42017121,52.53392138
5,5100208,2020,5,14,7,3,5,2,0,1,1,0,0,0,0,0,13.14870768,52.55430554
5,5200631,2020,5,11,4,3,5,2,0,0,1,0,0,0,0,0,13.19781502,52.52104795
1,1200628,2020,5,8,4,3,0,6,0,1,0,0,0,1,0,0,13.3672741,52.52568737
8,8100311,2020,5,20,6,3,1,5,0,1,1,0,0,0,0,0,13.42964567,52.48639364
1,1300733,2020,5,12,6,3,5,2,0,1,0,0,0,1,0,0,13.39150667,52.55549869
8,8200725,2020,5,9,6,3,2,2,0,0,1,0,1,1,0,0,13.42895598,52.44262166
6,6400735,2020,5,17,6,3,2,5,0,1,1,0,0,0,1,0,13.17814088,52.42147996
9,9300920,2020,5,13,3,2,5,3,0,0,1,0,1,0,0,0,13.52657385,52.42459335
8,8200623,2020,5,17,2,3,1,5,0,1,1,0,0,0,0,0,13.44222147,52.45629452
10,10400835,2020,5,16,5,3,0,5,0,0,1,0,0,0,1,0,13.60832296,52.51721375
8,8401139,2020,5,16,3,3,2,6,0,0,1,0,1,0,0,0,13.46533504,52.43341855
2,2100102,2020,5,10,4,3,5,3,0,1,1,0,0,0,0,0,13.39055058,52.49930278
3,3200309,2020,5,12,2,2,5,2,0,1,1,0,0,0,0,1,13.43372632,52.61234134
1,1300835,2020,5,16,4,3,5,2,0,1,0,0,0,0,1,0,13.39114127,52.53621262
8,8100520,2020,5,14,4,3,2,6,0,0,1,0,0,1,0,0,13.46416558,52.4701046
12,12200309,2020,5,17,7,3,8,1,0,0,1,0,0,0,0,0,13.31489246,52.56729798
2,2100102,2020,5,17,2,2,5,3,0,1,1,0,0,0,0,0,13.39461164,52.50455959
1,1100309,2020,5,13,7,3,1,5,0,0,1,0,1,0,0,0,13.40287673,52.52425143
6,6400842,2020,5,19,3,3,5,3,0,0,1,0,0,0,0,0,13.26771606,52.44589857
12,12200515,2020,5,16,2,3,6,7,0,1,0,1,0,0,0,0,13.27812299,52.58838468
1,1401046,2020,5,15,6,2,5,2,0,0,1,0,0,0,0,0,13.34954529,52.54211124
3,3701554,2020,5,18,5,3,1,5,0,1,1,0,0,0,0,0,13.41084214,52.539644
1,1100313,2020,5,15,2,3,2,6,0,0,0,0,1,0,1,0,13.42386443,52.50904288
3,3400826,2020,5,16,2,3,4,6,0,1,0,0,0,0,1,0,13.40319346,52.55971336
10,10100311,2020,5,13,5,3,5,2,0,0,1,0,1,0,0,0,13.53401058,52.53823726
1,1200628,2020,5,19,4,3,6,4,0,0,1,1,0,0,0,0,13.36671629,52.52573993
6,6200316,2020,5,0,1,3,0,1,2,1,0,0,0,0,0,0,13.35481223,52.42897349
10,10100312,2020,5,6,4,3,5,2,0,1,1,0,0,0,0,0,13.54012811,52.52566473
7,7100102,2020,5,18,3,3,2,2,0,1,1,0,0,0,0,0,13.34637122,52.49596975
6,6200421,2020,5,15,2,3,5,2,0,1,1,0,0,0,0,0,13.31228892,52.4303465
6,6300634,2020,5,7,3,3,5,2,0,0,1,0,0,0,1,0,13.29814751,52.44164925
11,11300724,2020,5,14,5,3,5,2,0,1,1,0,0,0,0,0,13.49177613,52.51172666
3,3300514,2020,5,9,4,2,5,3,0,1,1,0,0,0,0,0,13.46215852,52.59407468
1,1100104,2020,5,8,2,3,0,2,0,0,1,0,0,0,1,1,13.36729918,52.50456576
1,1401048,2020,5,10,4,3,2,3,0,0,0,0,1,0,1,0,13.3603865,52.55349389
2,2300316,2020,5,16,7,3,5,2,0,1,1,0,0,0,0,0,13.43220585,52.5056545
5,5100314,2020,5,14,7,3,3,6,0,0,1,0,1,0,0,0,13.2057272,52.54168178
2,2200210,2020,5,16,3,2,0,7,0,1,0,0,0,0,0,0,13.39239893,52.49710355
2,2500833,2020,5,15,2,3,2,6,0,1,0,0,1,0,0,0,13.45227722,52.51064275
5,5100317,2020,5,14,6,2,5,3,0,1,1,0,0,0,0,0,13.23208835,52.52960874
9,9501736,2020,5,14,5,3,0,3,0,1,0,0,0,0,1,0,13.61373659,52.45443365
3,3200206,2020,5,11,7,2,0,7,0,0,0,0,1,0,0,0,13.39614301,52.58059441
7,7501030,2020,5,13,2,2,2,6,0,0,1,0,0,0,0,0,13.38104727,52.44374492
7,7601442,2020,5,17,2,3,2,6,1,0,1,0,0,0,0,0,13.40074475,52.41500621
9,9100101,2020,5,12,5,3,5,2,0,1,0,0,0,1,0,0,13.45420072,52.49387308
3,3601142,2020,5,15,4,3,5,2,0,1,1,0,0,0,0,0,13.4046113,52.54058996
12,12100102,2020,5,7,1,3,1,5,0,1,1,0,0,0,0,0,13.37911135,52.56873097
6,6100208,2020,5,16,4,3,0,3,0,1,1,0,0,0,0,0,13.33623134,52.4530596
12,12601032,2020,5,15,6,3,5,3,0,0,1,0,1,0,0,0,13.32205773,52.60747927
12,12601236,2020,5,18,6,3,5,3,0,0,1,0,0,0,0,0,13.33922869,52.59583216
1,1100310,2020,5,10,3,3,2,6,0,0,1,0,1,0,0,0,13.40908987,52.52284514
10,10400836,2020,5,13,2,2,0,1,0,1,0,0,0,0,0,0,13.58715721,52.51167576
1,1100313,2020,5,21,5,3,5,2,1,1,0,0,1,0,0,0,13.41735389,52.5107735
3,3500933,2020,5,10,7,3,5,2,0,0,1,0,0,0,0,0,13.46678176,52.55704436
12,12100204,2020,5,12,6,3,5,2,0,0,1,0,0,0,1,0,13.35256548,52.56439179
11,11400929,2020,5,13,3,3,2,6,0,0,1,0,1,0,0,0,13.49538359,52.50513596
6,6200423,2020,5,13,2,3,5,3,0,0,1,0,0,0,0,0,13.31782981,52.41448585
4,4300622,2020,5,10,5,3,3,6,0,0,1,0,1,0,0,0,13.32076149,52.51344169
1,1100309,2020,5,10,5,3,4,7,0,0,1,0,0,0,0,0,13.39208231,52.52817719
2,2300419,2020,5,20,7,3,0,4,0,1,0,1,0,0,0,0,13.44838028,52.49754068
3,3601245,2020,5,13,2,3,5,2,0,1,1,0,0,0,0,0,13.43042543,52.55124809
8,8200624,2020,5,7,2,3,5,3,0,1,1,0,0,0,0,1,13.42506544,52.45797429
5,5100104,2020,5,14,5,3,5,3,0,0,1,0,0,0,0,0,13.2177409,52.56038548