BEZ,LOR_ab_2021,UJAHR,UMONAT,USTUNDE,UWOCHENTAG,UKATEGORIE,UART,UTYP1,ULICHTVERH,IstRad,IstPKW,IstFuss,IstKrad,IstGkfz,IstSonstige,USTRZUSTAND,XGCSWGS84,YGCSWGS84
12,12200309,2020,5,16,4,3,2,6,0,0,1,0,0,0,0,0,13.32960284,52.56323421
12,12500929,2020,5,8,7,3,0,1,0,0,0,0,1,0,0,1,13.33987616,52.61701377
1,1200517,2020,5,13,4,3,0,6,0,0,1,0,1,0,0,0,13.33005602,52.53926473
3,3400721,2020,5,18,3,3,6,7,0,0,1,1,0,0,0,0,13.3983669,52.5647025
12,12100102,2020,5,11,6,3,1,5,0,0,1,0,0,0,0,0,13.36318468,52.56740892
4,4501042,2020,5,20,6,3,5,2,0,1,1,0,0,0,0,0,13.32525181,52.50252788
6,6400844,2020,5,9,3,2,5,2,0,1,1,0,0,0,0,0,13.27229089,52.45342229
11,11200410,2020,5,13,2,2,6,7,0,0,1,1,0,0,0,0,13.51208474,52.55479845
8,8401243,2020,5,18,5,3,5,3,0,1,1,0,0,0,0,0,13.49571177,52.43190521
1,1100309,2020,5,16,3,3,0,1,0,1,0,0,0,0,0,0,13.39965133,52.52366618
1,1200522,2020,5,11,4,3,1,7,0,0,1,0,0,0,0,0,13.33052546,52.51922477
8,8200624,2020,5,13,2,2,5,3,0,0,1,0,1,0,0,1,13.43456256,52.45089794
12,12100101,2020,5,17,4,3,6,4,0,0,1,1,0,0,0,0,13.37343317,52.56242163
6,6400842,2020,5,14,4,3,5,2,0,1,1,0,0,0,0,0,13.26969084,52.44936758
10,10400836,2020,5,15,3,3,5,3,0,0,1,0,0,0,0,0,13.58809129,52.50757196
7,7100102,2020,5,7,4,3,5,2,0,1,0,0,0,0,1,0,13.34628182,52.50124026
2,2400522,2020,5,14,2,3,6,4,0,1,0,1,0,0,0,0,13.44531363,52.5177426
3,3200309,2020,5,18,4,2,3,2,0,1,1,0,0,0,0,0,13.43346035,52.6076512
3,3601243,2020,5,16,4,3,1,5,0,1,1,0,0,0,0,0,13.42106276,52.55318303
8,8401245,2020,5,18,7,3,5,3,0,1,1,0,0,0,0,0,13.50602822,52.4032399
10,10400940,2020,5,11,4,3,2,6,0,0,1,0,0,0,0,0,13.61305794,52.50038832
10,10300731,2020,5,4,6,3,5,3,1,1,1,0,0,0,0,0,13.55805091,52.52968794
3,3601243,2020,5,14,6,3,2,6,0,0,1,0,0,0,0,0,13.41500129,52.55384058
9,9200818,2020,5,8,3,3,2,6,0,0,1,0,0,0,0,0,13.55908534,52.44850996
4,4300414,2020,5,13,2,3,5,3,0,1,1,0,0,0,0,0,13.29363248,52.5118566
1,1100312,2020,5,15,5,3,1,5,0,0,1,0,0,0,0,0,13.41733401,52.51277021
1,1200522,2020,5,15,3,3,5,2,0,1,1,0,0,0,0,0,13.32960721,52.5237934
5,5400943,2020,5,10,4,3,1,5,0,0,1,0,1,0,0,0,13.13739084,52.45228715
10,10200421,2020,5,11,2,3,0,2,0,0,0,1,0,0,1,1,13.60415803,52.53865274
5,5100208,2020,5,18,4,3,5,2,0,0,1,0,0,0,0,0,13.16537051,52.55114579
8,8100417,2020,5,17,7,3,5,2,0,1,1,0,0,0,0,0,13.45493352,52.47260981
7,7601443,2020,5,10,7,3,1,5,0,1,1,0,0,0,0,0,13.4085559,52.40152183
8,8100416,2020,5,17,3,3,6,4,0,0,1,1,0,0,0,0,13.44520155,52.47408054
8,8401246,2020,5,12,2,2,9,1,0,0,1,0,0,0,0,0,13.49971658,52.41738403
5,5100101,2020,5,14,6,3,1,5,0,1,1,0,0,0,0,0,13.20327509,52.56544556
1,1100205,2020,5,19,7,3,2,2,0,0,1,0,0,0,1,0,13.38414554,52.51008824
1,1300732,2020,5,10,2,3,6,7,0,0,0,1,0,0,1,0,13.39265607,52.56414633
5,5100211,2020,5,13,7,3,2,6,0,0,1,0,0,0,0,0,13.17776036,52.54878122
1,1400938,2020,5,20,3,3,5,2,1,1,1,0,0,0,0,0,13.33652202,52.54212795
9,9501941,2020,5,16,1,3,0,6,0,1,0,0,0,0,0,0,13.59339779,52.4523632
4,4500936,2020,5,18,6,2,0,1,0,0,0,0,1,0,0,0,13.30667933,52.50101924
6,6100207,2020,5,23,5,3,1,5,2,1,1,0,0,0,0,0,13.32599954,52.45527382
6,6100209,2020,5,16,1,3,2,6,0,1,1,0,0,0,0,0,13.33900412,52.45862309
2,2500728,2020,5,7,3,3,5,2,0,1,1,0,0,0,0,0,13.46286048,52.51503385
4,4501148,2020,5,13,5,3,5,2,0,1,1,0,0,0,0,0,13.31400596,52.48090873
9,9200512,2020,5,8,4,3,1,5,0,1,1,0,0,0,0,0,13.54878513,52.45712537
12,12200307,2020,5,8,2,3,1,7,0,1,1,0,0,0,0,1,13.33270733,52.57706204
3,3100102,2020,5,8,4,2,6,4,0,0,0,1,1,0,0,0,13.51410924,52.6412272
3,3400723,2020,5,14,7,2,5,2,0,1,1,0,0,0,0,0,13.42631513,52.57594695
8,8100417,2020,5,9,6,3,2,2,0,0,1,0,0,0,0,0,13.45581399,52.47388721
2,2100102,2020,5,15,3,3,5,2,0,0,1,0,1,0,0,0,13.39822379,52.50709456
10,10200630,2020,5,14,1,3,0,7,0,1,1,0,0,0,0,0,13.59257001,52.52280723
3,3500935,2020,5,12,6,2,0,5,0,0,0,0,0,0,1,0,13.44287372,52.55104447
9,9100409,2020,5,12,5,2,5,7,0,0,1,0,1,0,0,0,13.5293363,52.44359777
6,6300526,2020,5,6,7,2,8,1,0,0,1,0,0,0,0,0,13.25918817,52.43255766
1,1100309,2020,5,21,1,3,0,1,2,1,0,0,0,0,0,0,13.40312437,52.52463826
4,4501041,2020,5,16,2,3,2,2,0,0,1,0,0,0,0,1,13.32000703,52.50160937
3,3701555,2020,5,9,5,3,0,3,0,0,1,0,1,0,0,0,13.42285835,52.53722854
12,12400723,2020,5,15,4,3,6,4,0,0,1,1,0,0,0,0,13.30823435,52.61827705
1,1100415,2020,5,16,5,3,5,3,0,0,1,0,0,0,1,0,13.39887891,52.53265984
11,11200515,2020,5,19,7,3,1,5,0,1,0,0,0,0,1,0,13.50705945,52.53583892
2,2400624,2020,5,20,1,3,5,3,1,1,1,0,0,0,0,0,13.44663681,52.51128694
8,8100104,2020,5,17,2,3,2,6,0,0,1,0,1,0,0,1,13.42893026,52.4718919
6,6100207,2020,5,12,5,3,6,4,0,0,1,1,0,0,0,0,13.32378935,52.44535812
1,1200626,2020,5,19,4,3,5,3,0,1,0,0,1,0,0,0,13.34665523,52.52491136
8,8401243,2020,5,14,1,3,5,3,0,0,1,0,0,0,0,1,13.49070873,52.42294019
11,11501238,2020,5,4,4,3,5,3,1,0,1,0,0,0,0,0,13.4700199,52.502316
3,3300516,2020,5,12,6,3,2,6,0,0,1,0,0,0,0,0,13.44340876,52.57159527
12,12400722,2020,5,11,6,3,2,6,0,0,1,0,0,0,0,0,13.29509278,52.61013151
4,4200308,2020,5,13,3,3,2,6,0,0,1,0,0,1,0,0,13.28059017,52.51850474
7,7300517,2020,5,20,1,3,5,2,1,1,1,0,0,0,0,0,13.3324631,52.46893722
11,11100309,2020,5,16,5,3,3,2,0,0,1,0,0,0,0,0,13.50897002,52.56457943
4,4400728,2020,5,8,5,3,1,5,0,1,1,0,0,0,0,0,13.26386286,52.48580131
7,7400928,2020,5,20,1,2,2,6,0,0,1,0,0,0,0,0,13.41766136,52.46038435
5,5300840,2020,5,6,2,3,0,6,0,0,1,0,1,0,0,1,13.24813412,52.53801404
8,8100314,2020,5,16,4,3,6,7,0,0,0,1,0,0,1,0,13.42458417,52.48652387
5,5300736,2020,5,16,4,3,2,6,0,0,1,0,0,0,1,0,13.22809173,52.53794089
5,5200420,2020,5,20,7,3,9,2,1,0,1,0,0,0,0,0,13.1571731,52.53524304
7,7501029,2020,5,12,4,3,5,3,0,0,1,0,1,0,0,0,13.37127685,52.43648274
6,6400838,2020,5,10,6,2,2,7,0,0,1,0,1,0,0,0,13.25018548,52.45517918
1,1400942,2020,5,17,6,3,5,3,0,1,1,0,0,0,0,0,13.34536566,52.54677317
8,8300934,2020,5,13,3,3,5,3,0,1,1,0,0,0,0,0,13.4615865,52.43098123
9,9200511,2020,5,16,1,2,6,4,0,0,1,1,0,0,0,0,13.51675482,52.4643291
5,5100316,2020,5,15,4,3,5,3,0,1,1,0,0,0,0,0,13.20380232,52.54089474
1,1100416,2020,5,11,6,3,3,6,0,1,0,0,0,0,1,0,13.40674495,52.53570234
6,6400844,2020,5,17,6,3,5,3,0,1,1,0,1,0,0,0,13.2966499,52.4644027
9,9100203,2020,5,10,3,3,5,3,0,1,1,0,0,0,0,0,13.48336543,52.48002614
2,2400521,2020,5,17,1,3,5,2,0,1,1,0,0,0,0,0,13.44061195,52.51702494
12,12500825,2020,5,7,5,3,5,3,0,0,1,0,0,0,0,0,13.30564405,52.58338154
11,11501339,2020,5,15,3,3,5,3,0,0,1,0,1,0,0,0,13.52512752,52.48669273
7,7501029,2020,5,22,4,3,5,7,2,0,1,0,1,0,0,0,13.38160615,52.4400688
11,11100102,2020,5,13,2,3,5,2,0,1,1,0,0,0,0,1,13.56440211,52.57231036
1,1200628,2020,5,18,4,3,2,6,0,0,1,0,0,0,0,0,13.3661013,52.52555211
5,5200423,2020,5,16,3,2,5,2,0,0,1,0,1,0,0,0,13.14157453,52.53249757
2,2300418,2020,5,14,4,3,0,1,0,1,0,0,0,0,0,0,13.43324536,52.4969479
8,8100102,2020,5,14,7,3,2,7,0,1,1,0,0,0,0,0,13.42534855,52.47989394
4,4200308,2020,5,11,4,3,2,6,0,0,1,0,0,0,0,0,13.24971918,52.52389633
2,2500726,2020,5,13,3,3,2,3,0,0,1,0,0,0,1,0,13.44931503,52.52439491
6,6300630,2020,5,22,6,3,8,1,2,0,0,0,1,0,0,0,13.31609982,52.4345758
7,7200414,2020,5,12,6,3,1,5,0,1,1,0,0,0,0,0,13.36429924,52.48509844
4,4300416,2020,5,17,1,3,1,5,0,1,1,0,0,0,0,0,13.30089675,52.50508415
3,3400620,2020,5,15,5,2,5,2,0,1,1,0,0,0,0,0,13.39744114,52.57128353
10,10300731,2020,5,9,4,3,3,6,0,0,0,0,0,0,1,0,13.5598008,52.53408399
1,1400938,2020,6,19,2,3,5,3,0,1,1,0,0,0,0,0,13.33922994,52.55043029
7,7400823,2020,6,22,2,3,0,2,1,0,1,0,1,0,0,0,13.378187,52.46629538
5,5300737,2020,6,10,7,3,6,7,0,1,0,1,0,0,0,0,13.24038189,52.54676663
7,7601341,2020,6,14,6,2,5,2,0,1,1,0,0,0,0,0,13.37610845,52.40912719
12,12400618,2020,6,13,4,3,2,6,0,1,1,0,0,0,0,0,13.24315448,52.62041445
7,7501032,2020,6,20,7,3,8,1,0,0,1,0,0,0,0,0,13.41472874,52.4516632
8,8200726,2020,6,14,6,3,2,2,0,0,1,0,1,0,0,0,13.43357537,52.44417328
2,2400521,2020,6,11,6,3,5,2,0,1,1,0,0,0,0,0,13.42935225,52.5212463
11,11501238,2020,6,16,3,3,3,6,0,1,1,0,0,0,0,0,13.47473099,52.50159407
6,6400844,2020,6,15,2,2,5,2,0,0,1,0,0,0,0,0,13.27495542,52.46039576
11,11300721,2020,6,11,6,3,5,2,0,1,0,0,0,1,0,0,13.5146778,52.53517475
10,10100312,2020,6,11,2,2,3,6,0,0,1,0,0,1,0,0,13.53792391,52.52565113
1,1100416,2020,6,15,2,3,1,5,0,1,1,0,0,0,0,0,13.40222663,52.53091288
4,4501152,2020,6,23,6,3,0,1,2,0,0,0,0,0,1,1,13.33362312,52.49332421
12,12601236,2020,6,17,5,3,0,7,0,0,1,0,0,0,0,1,13.33935148,52.59573952
10,10200422,2020,6,16,1,3,0,7,0,0,0,0,0,0,1,0,13.60839991,52.53954252
12,12400618,2020,6,14,2,3,0,7,0,1,0,0,0,0,0,0,13.24395014,52.62081426
9,9301126,2020,6,14,6,3,2,7,0,1,1,0,0,0,0,1,13.58330938,52.41375322
7,7400823,2020,6,22,6,3,5,2,2,0,1,0,0,0,0,1,13.37205349,52.4698264
3,3601141,2020,6,6,4,3,5,3,0,1,0,0,0,0,1,0,13.41034552,52.55072518
1,1200628,2020,6,21,6,3,5,3,2,1,1,0,0,0,0,0,13.36834634,52.52581202
3,3300413,2020,6,10,3,3,5,3,0,0,1,0,0,0,0,0,13.4710825,52.60141762
9,9200715,2020,6,21,6,3,5,3,1,0,1,0,0,0,1,0,13.52237128,52.42829536
5,5100209,2020,6,13,6,2,5,2,0,0,1,0,0,0,0,0,13.18459601,52.54751928
2,2200212,2020,6,8,3,3,5,3,0,1,0,0,0,0,0,0,13.41540549,52.48998454
7,7400824,2020,6,11,6,3,2,6,0,0,1,0,0,0,0,0,13.38294162,52.46596656
8,8300934,2020,6,15,2,3,0,7,0,1,1,0,0,0,1,0,13.46542317,52.42946228
12,12400619,2020,6,12,2,3,3,6,0,1,0,0,0,0,0,0,13.27490603,52.58163219
5,5100209,2020,6,10,6,3,1,7,0,0,1,0,0,0,0,0,13.18187283,52.54838529
6,6300634,2020,6,17,4,3,5,3,0,1,1,0,0,0,0,0,13.29553542,52.44095543
3,3500936,2020,6,16,5,3,1,5,0,1,1,0,0,0,0,0,13.46058377,52.54611793
11,11501341,2020,6,17,1,3,5,3,0,0,1,0,0,0,0,0,13.52528625,52.48020885
3,3501037,2020,6,13,2,3,5,3,0,1,1,0,0,0,0,0,13.46096452,52.56432119
3,3701660,2020,6,20,6,3,1,5,1,0,1,0,1,0,0,0,13.43476798,52.53416612
8,8100312,2020,6,13,6,3,1,5,0,1,1,0,0,0,0,0,13.43264639,52.48516508
5,5300737,2020,6,10,4,3,2,6,0,0,1,0,0,0,0,0,13.23589205,52.53887826
8,8100418,2020,6,9,6,3,1,5,0,1,1,0,0,0,0,1,13.44189942,52.48142848
10,10400938,2020,6,8,3,3,5,3,0,1,0,0,0,0,1,0,13.61884448,52.51844436
4,4300623,2020,6,20,6,3,0,2,0,1,1,0,0,0,0,0,13.31425913,52.50886416
8,8401242,2020,6,9,2,3,5,3,0,0,1,0,0,0,0,0,13.48708961,52.42289707
11,11200411,2020,6,13,2,3,5,3,0,0,0,0,1,0,1,0,13.50006332,52.54805076
7,7501031,2020,6,10,7,3,6,2,0,0,1,1,0,0,0,0,13.40344845,52.44807942
5,4200308,2020,6,12,6,3,2,6,0,0,1,0,0,0,0,0,13.24773678,52.52448076
8,8200624,2020,6,15,4,3,0,3,0,1,1,0,0,0,0,0,13.42589847,52.45836773
2,2100106,2020,6,22,7,3,6,4,2,0,0,1,0,0,1,0,13.41705994,52.49881802
5,5100101,2020,6,12,2,3,2,6,0,1,1,0,0,0,0,0,13.20844854,52.58223939
1,1400942,2020,6,18,6,3,2,6,0,0,1,0,0,0,0,0,13.34935828,52.54927769
8,8100209,2020,6,10,2,3,5,2,0,0,1,0,0,0,0,0,13.44737557,52.46430202
10,10400835,2020,6,12,2,3,5,3,0,1,1,0,0,0,0,0,13.59774783,52.52454655
5,5200629,2020,6,19,6,3,5,3,0,1,1,0,0,0,0,0,13.19625383,52.53151182
8,8401241,2020,6,16,4,3,6,4,0,0,1,1,0,0,0,0,13.48460595,52.4321246
11,11100204,2020,6,12,5,3,6,4,0,0,1,1,0,0,0,0,13.51883553,52.56295795
3,3601449,2020,6,17,1,3,3,6,0,0,1,0,1,0,0,0,13.44905484,52.53681688
1,1300733,2020,6,11,2,3,2,6,0,0,1,0,0,0,0,0,13.38472238,52.55599487
2,2100102,2020,6,12,6,3,5,3,0,1,1,0,0,0,0,0,13.3910123,52.5041871
3,3701555,2020,6,8,6,3,0,1,0,0,0,0,1,0,0,1,13.41922892,52.53823881
4,4501148,2020,6,8,4,3,5,2,0,0,1,0,0,0,1,0,13.31281342,52.48040105
9,9401329,2020,6,8,6,2,5,3,0,0,1,0,0,0,0,0,13.5819927,52.4388816
7,7100205,2020,6,15,3,2,4,6,0,0,0,0,0,0,1,0,13.36784237,52.49332043
6,6100205,2020,6,7,6,2,1,5,0,1,1,0,0,0,0,1,13.34401319,52.44805853
9,9200613,2020,6,20,2,3,5,2,0,1,0,0,0,0,1,0,13.51416826,52.45519098
9,9401330,2020,6,10,2,3,0,1,0,1,0,0,0,0,0,0,13.58866946,52.41946195
12,12500929,2020,6,9,7,2,5,3,0,1,1,0,0,0,0,0,13.33775488,52.61146385
9,9501737,2020,6,7,6,3,0,1,0,1,0,0,0,0,0,1,13.61836761,52.45546809
6,6400737,2020,6,14,4,3,5,3,0,0,1,0,0,0,0,0,13.21208951,52.43405484
4,4501041,2020,6,23,7,3,5,7,2,0,1,0,0,0,0,0,13.31504163,52.50096874
1,1100205,2020,6,7,6,3,5,3,0,1,1,0,0,0,0,1,13.3767167,52.51079155
2,2300419,2020,6,18,6,3,2,6,0,1,1,0,0,0,0,1,13.44284071,52.50060483
4,4501042,2020,6,18,3,3,5,2,0,1,1,0,0,0,0,0,13.32524127,52.50245072
9,9401329,2020,6,10,2,3,0,2,0,1,1,0,0,0,0,0,13.59688811,52.43696393
3,3300516,2020,6,16,6,3,2,2,0,0,1,0,0,0,1,0,13.43963691,52.56797371
7,7200414,2020,6,23,2,3,0,1,2,1,0,0,0,0,0,0,13.37349772,52.48651115
3,3500935,2020,6,7,6,3,0,1,0,0,0,0,1,0,0,1,13.44945313,52.55115559
9,9501737,2020,6,19,3,2,3,6,0,1,0,0,0,0,0,0,13.63507633,52.45570429
6,6300527,2020,6,7,5,3,0,3,0,1,0,0,0,0,0,0,13.27379365,52.43580421
3,3601243,2020,6,13,3,3,5,3,0,0,1,0,0,0,1,0,13.42080768,52.54878771
10,10200526,2020,6,17,5,3,0,1,0,0,1,0,0,0,0,0,13.6060541,52.52955676
12,12100205,2020,6,17,2,3,5,3,0,0,1,0,0,0,0,0,13.34798628,52.57848329
4,4300622,2020,6,10,2,3,5,7,0,0,1,0,1,0,0,0,13.33072973,52.5097221
3,3500934,2020,6,15,7,3,5,2,0,0,0,0,1,0,1,0,13.44272143,52.55111525
4,4501042,2020,6,14,5,3,1,5,0,0,1,0,0,0,1,0,13.3333443,52.5058227
12,12100101,2020,6,13,4,3,2,6,0,0,1,0,0,0,1,0,13.37138829,52.56074032
7,7100205,2020,6,18,7,3,5,2,0,1,1,0,0,0,0,1,13.36121034,52.49422976
4,4500937,2020,6,16,5,3,0,5,0,0,1,0,0,0,0,0,13.29002807,52.49438524
7,7501029,2020,6,15,3,3,2,6,0,0,1,0,1,0,0,0,13.37268138,52.44611832
1,1401043,2020,6,21,2,3,5,3,1,1,1,0,0,0,0,0,13.36165675,52.54789
4,4300621,2020,6,8,5,3,2,6,0,0,1,0,0,0,1,0,13.30741357,52.51349401
3,3300515,2020,6,15,2,3,5,2,0,0,1,0,1,0,0,0,13.44866339,52.5848131
1,1401045,2020,6,5,2,2,0,1,0,0,0,0,1,0,0,0,13.37843943,52.55315229
2,2400624,2020,6,16,5,3,5,3,0,1,1,0,0,0,0,1,13.44990328,52.51299985
1,1100416,2020,6,17,5,3,5,3,0,1,1,0,0,0,0,1,13.40424984,52.53316231
1,1100103,2020,6,13,1,3,5,3,0,1,1,0,0,0,0,0,13.36059687,52.50035594
4,4100101,2020,6,20,2,3,3,6,0,1,1,0,0,0,0,0,13.3189687,52.54625409
2,2300314,2020,6,23,5,3,1,5,2,0,0,0,1,0,0,1,13.41875642,52.5037757
1,1100102,2020,6,19,2,2,5,3,0,0,1,0,0,0,1,0,13.37179806,52.50932752
9,9501939,2020,6,16,5,2,5,2,0,1,1,0,0,0,0,1,13.56260511,52.45636862
9,9100101,2020,6,3,5,3,0,7,2,1,0,0,0,0,0,0,13.45159104,52.48864504
3,3500932,2020,6,16,2,3,2,7,0,0,1,0,1,0,0,0,13.44269073,52.55943317
2,2500833,2020,6,20,2,3,6,4,0,0,1,1,0,0,0,0,13.45989271,52.5090142
1,1100311,2020,6,7,5,3,5,2,0,1,1,0,0,0,0,0,13.41634784,52.51997456
2,2400623,2020,6,14,5,3,2,6,0,0,1,0,0,0,0,0,13.43694921,52.51027572
5,5200528,2020,6,18,4,3,2,6,0,0,1,0,0,0,1,0,13.17711826,52.51704937
5,5200629,2020,6,16,7,3,3,6,0,0,1,0,0,0,1,0,13.19608571,52.53332405
8,8100415,2020,6,13,5,3,0,7,0,1,0,0,0,0,0,0,13.44741278,52.47614991
7,7601544,2020,6,13,3,3,2,7,0,0,1,0,1,0,0,0,13.40546046,52.39377195
5,5100209,2020,6,22,5,3,1,5,2,0,1,0,0,0,0,1,13.17872339,52.55207108
8,8100209,2020,6,14,2,3,5,2,0,1,1,0,0,0,0,0,13.44248683,52.46549789
2,2100101,2020,6,19,2,3,5,2,0,1,1,0,0,0,0,0,13.38890781,52.49939958
12,12400619,2020,6,11,5,3,0,1,0,1,0,0,0,0,0,0,13.27389669,52.59967323
7,7100102,2020,6,17,4,3,2,6,0,0,1,0,0,0,1,0,13.35060256,52.49470486
4,4501146,2020,6,14,5,3,5,3,0,1,1,0,0,0,0,0,13.32004226,52.48650479
9,9200510,2020,6,20,1,3,0,7,1,1,0,0,0,0,0,0,13.50956399,52.46564369
12,12601134,2020,6,19,2,3,2,6,0,0,1,0,0,0,0,0,13.34948773,52.60486037
9,9300920,2020,6,11,5,3,5,3,0,0,1,0,1,0,0,0,13.52617678,52.42387718
1,1100311,2020,6,11,5,2,5,2,0,1,1,0,0,0,0,0,13.418221,52.5173831
9,9502043,2020,6,10,4,3,5,3,0,1,1,0,0,0,0,0,13.57826976,52.45920864
8,8100521,2020,6,19,5,2,5,3,0,0,1,0,0,0,0,1,13.47212663,52.46513444
9,9501939,2020,6,8,3,3,3,6,0,1,0,0,0,0,0,0,13.57176131,52.44444167
2,2200210,2020,6,18,5,3,5,3,0,1,1,0,0,0,0,1,13.39282112,52.49204258
8,8300935,2020,6,12,4,2,5,3,0,0,1,0,0,0,0,0,13.45570528,52.42322759
7,7100101,2020,6,19,5,3,6,4,0,1,0,1,0,0,0,1,13.34053411,52.49976998
11,11200512,2020,6,9,3,3,2,6,0,0,1,0,0,0,0,0,13.47228887,52.53748776
7,7400822,2020,6,17,5,2,1,1,0,0,1,0,0,0,0,1,13.36656677,52.4603974
6,6300524,2020,6,12,2,3,5,2,0,1,0,0,0,1,0,0,13.24403427,52.42572095
3,3601142,2020,6,17,2,3,5,3,0,1,0,0,0,0,0,0,13.40475209,52.54067741
4,4501042,2020,6,10,5,3,5,2,0,0,1,0,0,0,1,0,13.33576747,52.5043218
2,2500728,2020,6,16,4,3,1,5,0,1,1,0,0,0,0,0,13.46704218,52.51603378
9,9200510,2020,6,6,4,3,5,2,0,1,0,0,0,0,1,0,13.504138,52.47440706
2,2400623,2020,6,15,1,3,4,6,0,1,1,0,0,0,0,0,13.43508971,52.5091871
5,5200528,2020,6,18,2,2,5,3,0,0,1,0,1,0,0,0,13.18316699,52.5134845
10,10200629,2020,6,17,5,3,5,3,0,1,1,0,0,0,0,0,13.58565474,52.52364301
1,1100308,2020,6,10,5,2,8,1,0,1,0,0,0,0,0,0,13.37995973,52.5206695
3,3400829,2020,6,17,4,3,5,2,0,1,1,0,0,0,0,0,13.42699014,52.56433838
9,9200510,2020,6,7,5,3,5,2,0,0,1,0,0,0,0,0,13.51226411,52.47073916
8,8100102,2020,6,15,3,3,5,3,0,1,1,0,0,0,0,0,13.42032039,52.47689045
1,1100207,2020,6,5,5,3,5,2,0,0,1,0,1,0,0,0,13.40113435,52.51046722
5,5300736,2020,6,19,2,3,0,5,0,0,1,0,1,0,0,0,13.22724324,52.53766698
8,8100208,2020,6,18,2,3,5,3,0,1,1,0,0,0,0,0,13.44165454,52.47041665
5,5200632,2020,6,13,7,3,2,6,0,0,1,0,0,0,0,0,13.21190999,52.52718659
4,4500937,2020,6,0,5,3,1,7,2,0,0,0,1,0,0,0,13.29259374,52.49925669
11,11200411,2020,6,14,4,3,5,3,0,0,1,0,0,0,0,0,13.51626733,52.54634718
7,7300516,2020,6,9,5,3,5,2,0,0,1,0,0,0,0,0,13.32843226,52.46890487
12,12200412,2020,6,11,2,3,2,6,0,0,1,0,0,0,0,0,13.28631861,52.57560532
1,1200625,2020,6,17,2,3,2,2,0,0,1,0,0,0,0,0,13.35159011,52.5263659
2,2300314,2020,6,17,6,3,0,5,0,1,1,0,0,0,0,0,13.41819955,52.49976787
3,3500936,2020,6,17,5,3,2,2,0,0,1,0,0,0,0,1,13.46552533,52.55179462
3,3400725,2020,6,14,4,3,5,3,0,1,1,0,0,0,0,0,13.42873957,52.58823756
3,3300411,2020,6,21,7,3,1,5,0,0,1,0,0,0,0,0,13.49666615,52.62106413
8,8100418,2020,6,9,5,3,0,3,0,1,1,0,0,0,0,0,13.4479898,52.47988519
9,9300920,2020,6,9,5,3,1,5,0,1,1,0,0,0,0,0,13.53004691,52.42397829
11,11401137,2020,6,17,3,3,4,6,0,1,0,0,0,0,0,0,13.52526157,52.49501882
1,1100104,2020,6,8,5,3,5,2,0,1,1,0,0,0,0,0,13.36372226,52.50078419
1,1401046,2020,6,14,7,3,3,6,0,1,1,0,0,0,0,0,13.34575045,52.53902416
5,5200631,2020,6,11,3,3,2,6,0,0,1,0,0,0,0,0,13.19769655,52.52296939
1,1100309,2020,6,7,5,3,5,3,0,0,1,0,0,0,1,0,13.39377071,52.52858102
6,6100102,2020,6,17,2,2,5,2,0,0,1,0,1,0,0,0,13.32487859,52.45827924
1,1400938,2020,6,17,2,3,1,5,0,1,1,0,0,0,0,0,13.33466778,52.54265956
2,2200210,2020,6,23,6,3,5,3,2,0,0,0,1,0,1,0,13.39498986,52.49619143
7,7200307,2020,6,16,5,3,2,6,0,0,1,0,0,0,0,0,13.34499701,52.49188167
8,8100416,2020,6,19,4,3,6,7,0,0,1,1,0,0,0,0,13.44132273,52.47382093
3,3601450,2020,6,16,7,3,2,6,0,0,1,0,0,0,0,0,13.45816401,52.52911212
1,1300836,2020,6,16,5,2,5,3,0,1,1,0,0,0,0,1,13.37422137,52.54364133
7,7300517,2020,6,14,7,2,5,3,0,1,1,0,0,0,0,0,13.3285883,52.47243066
2,2200211,2020,6,10,3,3,1,5,0,1,0,0,0,0,1,0,13.3996307,52.48942728
4,4501042,2020,6,20,7,3,5,7,1,0,1,0,0,0,0,0,13.33106397,52.50192794
2,2200210,2020,6,7,5,3,5,2,0,1,1,0,0,0,0,0,13.39069602,52.49600518
2,2500726,2020,6,14,7,3,2,3,0,1,0,0,1,0,0,0,13.45066972,52.52731381
8,8401244,2020,6,16,5,2,2,2,0,0,1,0,0,0,1,1,13.50361653,52.41162746
8,8100208,2020,6,18,3,3,1,5,0,1,1,0,0,0,0,0,13.43288039,52.47238039
3,3601245,2020,6,5,2,3,6,4,0,0,1,1,0,0,0,0,13.42732148,52.54485002
7,7400927,2020,6,15,5,3,5,2,0,0,1,0,0,0,1,0,13.4040029,52.4634678
12,12500825,2020,6,17,2,3,0,1,0,0,0,0,0,0,1,0,13.31512395,52.57798019
5,5100317,2020,6,17,2,3,0,2,0,1,1,0,0,0,0,0,13.23333859,52.52744416
2,2100106,2020,6,15,5,2,5,2,0,1,1,0,0,0,0,0,13.40649751,52.49832618
2,2200209,2020,6,17,5,3,6,4,0,0,1,1,0,0,0,1,13.38444082,52.48498732
2,2500831,2020,6,16,2,3,5,2,0,0,1,0,1,0,0,0,13.46731996,52.50969707
8,8200623,2020,6,17,2,3,1,7,0,0,1,0,0,0,0,0,13.43709295,52.45628042