BEZ,LOR_ab_2021,UJAHR,UMONAT,USTUNDE,UWOCHENTAG,UKATEGORIE,UART,UTYP1,ULICHTVERH,IstRad,IstPKW,IstFuss,IstKrad,IstGkfz,IstSonstige,USTRZUSTAND,XGCSWGS84,YGCSWGS84
3,3601243,2020,6,15,5,2,0,1,0,0,0,0,1,0,0,1,13.41727032,52.54999118
6,6300525,2020,6,15,5,3,3,7,0,1,0,0,0,0,0,1,13.26749008,52.4081671
11,11401135,2020,6,7,4,2,0,7,0,0,1,0,1,0,0,0,13.50756747,52.4921505
1,1200624,2020,6,9,5,3,5,2,0,1,0,0,0,0,1,0,13.36017634,52.53724925
3,3601141,2020,6,13,7,3,5,3,0,1,1,0,0,0,0,0,13.41380435,52.55212591
3,3601453,2020,6,10,3,3,5,2,0,1,1,0,0,0,0,0,13.45833497,52.52549036
3,3701657,2020,6,17,4,3,3,6,0,1,0,0,0,0,0,0,13.42429727,52.53957904
10,10400940,2020,6,10,2,3,5,3,0,0,1,0,1,0,0,0,13.60389822,52.48578695
9,9301227,2020,6,16,2,3,1,1,0,1,1,0,0,0,0,0,13.63130704,52.39509596
9,9200613,2020,6,22,4,3,1,1,2,1,1,0,0,0,0,0,13.5118199,52.45836876
6,6200317,2020,6,16,4,3,5,2,0,1,1,0,0,0,0,0,13.3590412,52.42011243
11,11400927,2020,6,13,5,3,5,3,0,1,1,0,0,0,0,1,13.47530374,52.50278991
2,2200208,2020,6,19,4,3,0,2,0,1,1,0,0,0,0,0,13.38974208,52.49591087
6,6200312,2020,6,15,2,2,0,2,0,0,1,0,0,0,1,0,13.33898333,52.44433257
1,1300834,2020,6,16,2,3,1,5,0,0,1,0,0,0,0,0,13.39216645,52.54310262
7,7300619,2020,6,19,4,3,5,2,0,1,0,0,1,0,0,0,13.35597093,52.47237747
4,4500938,2020,6,17,4,3,5,2,0,1,1,0,0,0,0,0,13.30076687,52.49481048
7,7300619,2020,6,16,5,3,5,2,0,1,1,0,0,0,0,1,13.34751624,52.47057941
4,4400725,2020,6,18,1,3,5,7,0,1,1,0,0,0,0,0,13.28132764,52.49940129
5,5100316,2020,5,16,1,3,3,2,0,0,1,0,0,0,0,0,13.20297079,52.54084963
2,2200211,2020,6,19,4,3,5,2,0,1,1,0,0,0,0,0,13.39367728,52.48912721
1,1100414,2020,6,8,4,3,5,2,0,1,1,0,0,0,0,0,13.38578208,52.53267661
6,6200422,2020,6,10,4,3,1,5,0,1,1,0,0,0,0,0,13.32405469,52.42416767
8,8301037,2020,6,6,4,2,2,6,0,0,1,0,0,0,0,0,13.47421569,52.42580927
6,6200421,2020,6,18,7,3,0,1,0,0,0,0,1,0,0,1,13.32752548,52.43906542
4,4300622,2020,6,9,3,3,1,5,0,1,1,0,0,0,0,0,13.32790395,52.50601122
4,4500937,2020,6,6,4,3,5,7,0,0,1,0,1,0,0,0,13.2966032,52.50097389
6,6300630,2020,6,12,2,3,5,2,0,0,1,0,1,0,0,0,13.32163642,52.4435232
8,8100521,2020,5,23,1,3,5,3,2,0,1,0,0,0,0,0,13.46791008,52.46411075
11,11501238,2020,6,17,6,3,5,3,0,1,0,0,0,0,0,0,13.47571766,52.50123731
1,1100310,2020,6,22,4,3,5,2,2,0,1,0,0,0,0,0,13.41177322,52.52396607
9,9200819,2020,6,15,4,2,6,4,0,0,1,1,0,0,0,0,13.56849386,52.44113324
8,8100417,2020,6,14,7,3,0,7,0,1,0,0,0,0,0,0,13.4503888,52.47653002
8,8100415,2020,5,19,1,3,5,7,0,0,1,0,0,0,0,0,13.4415172,52.4789553
6,6300629,2020,6,22,4,2,0,1,2,1,0,0,0,0,0,0,13.29526271,52.44428585
12,12100204,2020,6,19,4,3,2,6,0,0,1,0,0,0,0,0,13.3357521,52.56502659
2,2400623,2020,6,14,3,2,0,6,0,1,0,0,0,0,0,0,13.43088989,52.51215506
11,11400928,2020,6,19,4,3,5,7,0,1,1,0,0,0,0,0,13.4804048,52.50193767
3,3400620,2020,6,19,1,3,4,6,0,1,1,0,0,0,0,0,13.38581696,52.57091036
7,7100205,2020,5,19,1,3,5,3,0,1,1,0,0,0,0,0,13.3663095,52.49528614
9,9401432,2020,6,19,4,2,3,6,0,1,1,0,0,0,0,0,13.59492795,52.44139655
2,2100101,2020,6,18,4,2,5,3,0,0,1,0,0,0,0,0,13.38222916,52.50450343
1,1300834,2020,6,9,4,3,0,3,0,1,0,0,1,0,0,0,13.39520592,52.54602789
11,11300725,2020,6,18,4,2,5,3,0,0,1,0,1,0,0,0,13.4952593,52.51602294
2,2300316,2020,6,16,3,3,5,2,0,1,0,0,0,0,0,0,13.43905541,52.50258126
7,7501134,2020,6,12,4,2,4,6,0,0,1,0,0,0,0,0,13.40938321,52.43909486
3,3400829,2020,6,12,2,3,2,7,0,0,1,0,0,0,0,0,13.42184756,52.5622668
7,7501134,2020,5,17,1,3,0,1,0,0,0,0,1,0,0,0,13.39965504,52.43992029
8,8100520,2020,6,13,6,3,0,2,0,1,1,0,0,0,0,0,13.46185303,52.47117634
9,9200717,2020,6,11,4,3,5,3,0,1,1,0,0,0,0,0,13.55228564,52.4393388
1,1100310,2020,6,15,4,3,2,6,0,0,0,0,1,0,1,0,13.41129903,52.52395081
3,3400619,2020,6,23,7,3,5,3,2,1,1,0,0,0,0,0,13.37440244,52.58538128
8,8401243,2020,6,10,4,3,5,7,0,1,1,0,0,0,0,0,13.49305023,52.41964903
10,10200629,2020,6,12,7,3,5,2,0,0,1,0,0,0,0,0,13.57490155,52.5131263
10,10400941,2020,6,10,4,3,5,3,0,1,1,0,0,0,0,0,13.61065688,52.48220064
3,3400619,2020,6,19,3,2,5,7,0,0,1,0,0,0,0,0,13.36733775,52.58617969
6,6400838,2020,6,8,4,3,5,3,0,0,1,0,0,0,0,0,13.24026887,52.44266685
12,12200515,2020,6,19,7,3,1,5,0,1,1,0,0,0,0,0,13.28782227,52.59011507
7,7200307,2020,6,18,2,3,0,5,0,1,1,0,0,0,0,0,13.34493526,52.48764477
12,12100204,2020,6,17,4,3,2,6,0,0,1,0,0,0,0,0,13.34449786,52.56306401
2,2200210,2020,6,16,2,3,5,3,0,1,1,0,0,0,0,0,13.39799384,52.49109577
9,9300920,2020,6,13,3,3,8,1,0,0,1,0,0,0,0,0,13.53006145,52.4162603
5,5400943,2020,6,18,4,3,5,2,0,1,1,0,0,0,0,0,13.12997758,52.46417976
9,9100203,2020,6,18,2,3,5,3,0,0,1,0,1,0,0,0,13.47648395,52.47639792
6,6400838,2020,5,19,1,2,7,7,1,0,0,0,1,0,0,0,13.24741221,52.46468867
1,1100310,2020,6,10,6,2,9,1,0,0,1,0,0,0,0,0,13.41494506,52.52721061
3,3500934,2020,6,16,4,3,1,5,0,1,1,0,0,0,0,0,13.43617214,52.55423395
5,5100210,2020,6,13,4,2,0,2,0,0,1,0,1,0,0,0,13.18553481,52.55151129
7,7100204,2020,6,18,7,3,1,5,0,1,1,0,0,0,0,1,13.34769347,52.49306212
11,11100309,2020,6,16,4,3,2,6,0,0,1,0,0,0,0,0,13.50530037,52.56319231
12,12100103,2020,6,15,4,3,2,6,0,0,1,0,0,0,0,0,13.3649851,52.57206172
7,7100102,2020,6,15,3,3,1,5,0,1,1,0,0,0,0,0,13.34888807,52.50047857
1,1100101,2020,5,18,1,3,4,6,1,1,0,0,1,0,0,0,13.34131204,52.50568458
3,3601450,2020,6,15,4,3,2,6,0,0,1,0,0,0,1,0,13.45790756,52.52881699
2,2200211,2020,6,16,2,3,5,2,0,1,1,0,0,0,0,0,13.39809438,52.4888926
6,6200423,2020,5,17,1,3,2,7,0,0,1,0,0,0,0,0,13.31435256,52.41776471
6,6300528,2020,6,15,4,3,5,7,0,0,1,0,1,0,0,0,13.26604402,52.41540761
9,9501939,2020,6,17,5,2,5,3,0,1,1,0,0,0,0,1,13.57823141,52.45712117
9,9100306,2020,6,17,1,3,0,1,0,1,0,0,0,0,0,0,13.48207953,52.44594671
3,3501038,2020,5,17,1,3,1,5,0,1,1,0,0,0,0,0,13.47425513,52.54933066
9,9100203,2020,6,14,4,3,5,7,0,0,1,0,0,0,0,0,13.47519557,52.47395175
12,12500930,2020,6,15,4,3,5,2,0,1,1,0,0,0,0,0,13.32358387,52.58713224
2,2100102,2020,6,17,4,3,1,5,0,1,1,0,0,0,0,0,13.39356466,52.50444399
1,1100101,2020,6,14,4,3,3,6,0,1,1,0,0,0,0,0,13.34662948,52.50379681
6,6100102,2020,6,12,7,3,5,2,0,1,1,0,0,0,0,0,13.32421537,52.4604371
5,5200528,2020,5,13,1,3,2,6,0,0,1,0,0,0,0,0,13.18462152,52.51536346
8,8200727,2020,6,14,4,3,6,4,0,0,1,1,0,0,0,0,13.44737836,52.43796971
11,11200512,2020,6,14,4,3,5,7,0,0,1,0,0,0,1,0,13.47124035,52.5388482
2,2400623,2020,6,18,4,2,5,3,0,1,1,0,0,0,0,0,13.43030441,52.51055143
12,12500928,2020,6,16,7,3,1,5,0,1,1,0,0,0,0,0,13.31702576,52.60818711
10,10100313,2020,6,14,4,3,5,3,0,0,1,0,0,0,1,0,13.56118018,52.54470672
3,3500934,2020,6,6,3,3,5,3,0,0,1,0,0,0,1,0,13.4325138,52.55764696
2,2500834,2020,6,14,4,3,5,3,0,1,1,0,0,0,0,0,13.45874823,52.5063935
12,12100101,2020,6,15,2,2,5,2,0,0,1,0,1,0,0,0,13.37343371,52.56429697
5,5100315,2020,5,13,1,2,5,2,0,0,1,0,1,0,0,0,13.19853527,52.5428808
2,2500726,2020,6,11,4,1,5,2,0,1,0,0,0,1,0,0,13.45195128,52.52050778
2,2100102,2020,6,17,4,3,5,3,0,1,1,0,0,0,0,0,13.39091939,52.50327677
2,2100102,2020,6,16,5,3,5,3,0,0,1,0,1,0,0,1,13.39261899,52.50566822
1,1200517,2020,6,17,1,3,1,5,0,0,1,0,0,0,1,0,13.32405573,52.52789141
9,9501838,2020,5,12,1,3,5,7,0,1,1,0,0,0,0,0,13.70038514,52.43555071
7,7601340,2020,6,14,4,3,2,2,0,0,1,0,0,0,1,0,13.36129168,52.41259512
8,8401243,2020,6,13,4,3,5,2,0,0,1,0,0,0,0,0,13.48804974,52.42615274
8,8401243,2020,6,10,4,3,5,2,0,0,1,0,0,0,0,0,13.49524362,52.43167994
7,7601339,2020,6,13,4,3,5,2,0,1,1,0,0,0,0,0,13.34614414,52.41504707
1,1100206,2020,6,8,3,3,5,3,0,0,1,0,1,0,0,0,13.39304363,52.51505999
5,5100313,2020,6,11,4,3,0,6,0,0,1,0,0,0,1,0,13.20988961,52.54810281
6,6400842,2020,6,8,2,3,5,2,0,1,1,0,0,0,0,0,13.26854219,52.4511227
5,5200420,2020,5,12,1,3,5,2,0,1,1,0,0,0,0,0,13.157073,52.53520472
3,3601245,2020,6,10,3,3,5,3,0,0,1,0,0,0,1,0,13.42782127,52.54556015
2,2200210,2020,6,12,3,3,2,6,0,0,1,0,1,0,0,0,13.39671477,52.49126395
2,2200210,2020,6,9,2,3,0,4,0,1,0,1,0,0,0,0,13.39451255,52.49180665
8,8100104,2020,5,10,1,3,2,6,0,0,1,0,1,0,0,0,13.42895083,52.4718525
2,2200208,2020,6,9,3,2,3,6,0,1,0,0,0,0,0,0,13.38057118,52.49289853
10,10100209,2020,6,16,4,3,5,3,0,1,1,0,0,0,0,0,13.5626617,52.54951979
1,1100207,2020,6,18,4,3,5,2,0,1,1,0,0,0,0,0,13.3903479,52.50775286
6,6400843,2020,6,18,1,3,5,3,0,0,1,0,0,0,0,0,13.29064989,52.44831167
1,1100205,2020,5,17,1,3,5,3,0,1,1,0,0,0,0,0,13.37931052,52.50703431
4,4501042,2020,6,21,3,3,6,4,1,1,0,1,0,0,0,0,13.33727918,52.50405459
3,3100103,2020,6,19,3,3,5,2,0,1,1,0,0,0,0,0,13.49674947,52.63468662
2,2400521,2020,6,8,4,3,5,2,0,1,1,0,0,0,0,0,13.42859526,52.51953437
6,6400735,2020,6,19,3,2,5,2,0,1,0,0,0,0,0,0,13.18475762,52.42902187
1,1300834,2020,6,12,7,2,6,7,0,1,0,1,0,0,0,0,13.39366573,52.54138874
6,6400842,2020,6,15,3,3,5,3,0,1,1,0,0,0,0,0,13.27815414,52.46848741
1,1100207,2020,6,19,3,3,6,7,0,0,1,1,0,0,0,0,13.38974575,52.51129449
2,2200211,2020,6,20,2,3,5,7,0,1,1,0,0,0,0,0,13.38717005,52.49003833
2,2200213,2020,5,5,1,2,4,7,0,0,1,0,0,0,0,0,13.4109999,52.49235589
9,9200819,2020,6,18,6,3,5,3,0,1,1,0,0,0,0,0,13.55956115,52.44204904
2,2200210,2020,6,16,3,3,5,2,0,1,1,0,0,0,0,0,13.39888986,52.49461618
5,5200423,2020,6,14,4,3,5,2,0,0,1,0,0,0,0,0,13.14159314,52.53244112
2,2200211,2020,6,11,7,3,6,7,0,1,0,1,0,0,0,0,13.39439996,52.48530707
9,9501737,2020,6,12,3,2,3,6,0,1,1,0,0,0,0,0,13.63346861,52.45069882
9,9200512,2020,6,18,3,3,1,5,0,1,1,0,0,0,0,0,13.53321625,52.46152178
1,1401047,2020,6,18,3,3,1,5,0,1,1,0,0,0,0,0,13.35794886,52.54557937
1,1401043,2020,6,17,6,3,2,6,0,0,1,0,0,0,1,1,13.36620312,52.55071316
7,7100205,2020,6,18,3,3,5,2,0,1,1,0,0,0,0,0,13.36122302,52.49442106
5,5300736,2020,6,15,4,2,5,2,0,0,1,0,1,0,0,0,13.21910233,52.53704912
8,8100415,2020,6,22,7,3,5,7,2,1,1,0,0,0,0,0,13.43899471,52.48053213
1,1100310,2020,6,16,3,3,2,6,0,0,1,0,0,0,0,0,13.412248,52.52430405
6,6300632,2020,6,16,3,3,0,4,0,0,0,1,0,0,1,0,13.30517869,52.42746987
5,5200631,2020,6,19,3,3,6,7,0,0,1,1,0,0,0,0,13.2006745,52.52380264
1,1100205,2020,6,16,3,2,5,2,0,0,1,0,1,0,0,0,13.38552559,52.5074173
2,2500832,2020,6,12,3,2,0,1,0,1,0,0,0,0,0,0,13.47082038,52.50568865
7,7200308,2020,6,15,3,3,3,6,0,1,1,0,0,0,0,0,13.34243851,52.48151986
3,3601245,2020,6,17,2,2,5,3,0,0,1,0,1,0,0,0,13.43482508,52.5428755
10,10100312,2020,5,17,1,3,5,3,0,1,1,0,0,0,0,0,13.53866741,52.52475809
9,9100101,2020,6,16,6,3,1,5,0,1,1,0,0,0,0,0,13.44558467,52.48978342
3,3200309,2020,6,16,3,3,0,7,0,1,0,0,0,0,0,0,13.44143614,52.59865708
5,5100316,2020,6,20,4,3,5,2,1,1,1,0,0,0,0,0,13.199535,52.53488578
2,2200213,2020,6,17,7,3,5,3,0,1,1,0,0,0,0,0,13.41064922,52.49437369
2,2300418,2020,6,15,3,3,6,7,0,1,0,1,0,0,0,0,13.43796738,52.49402599
2,2200209,2020,6,14,3,3,0,7,0,0,1,0,0,0,1,0,13.38241381,52.48508899
1,1401045,2020,6,15,3,3,3,6,0,0,0,0,1,0,1,0,13.37447366,52.55623747
8,8100104,2020,6,15,2,3,6,4,0,0,1,1,0,0,0,0,13.43114477,52.46779456
5,5100312,2020,5,16,1,2,1,5,0,0,1,0,0,0,0,0,13.20026021,52.55046663
7,7601340,2020,5,1,1,2,9,1,2,0,1,0,0,0,0,0,13.36133181,52.41246466
8,8100314,2020,6,15,3,3,2,7,0,1,1,0,0,0,0,0,13.4334679,52.48207102
4,4100102,2020,6,21,2,3,3,6,1,0,1,0,0,0,0,0,13.29330052,52.53414459
4,4200308,2020,5,17,1,3,2,6,0,0,1,0,0,0,0,0,13.26604243,52.52069182
1,1100308,2020,6,15,3,3,1,5,0,0,1,0,0,0,1,0,13.38679557,52.52749429
11,11400931,2020,6,17,5,3,5,3,0,1,1,0,0,0,0,0,13.51196861,52.50977995
1,1100102,2020,6,16,2,3,5,2,0,1,1,0,0,0,0,0,13.37181979,52.50927008
11,11300620,2020,5,17,1,3,0,2,0,0,1,0,1,0,0,0,13.4852727,52.52668116
5,5200634,2020,6,14,3,2,1,5,0,0,1,0,0,0,0,0,13.20451508,52.52426682
10,10400939,2020,6,14,3,3,0,2,0,1,1,0,0,0,0,0,13.61331247,52.50877872
1,1100104,2020,6,8,4,3,5,2,0,1,1,0,0,0,0,0,13.36558964,52.5031127
7,7300516,2020,6,16,7,3,5,2,0,1,1,0,0,0,0,0,13.32842341,52.46478207
4,4400726,2020,6,15,3,3,2,6,0,0,1,0,0,0,0,0,13.28490977,52.49172317
11,11300721,2020,6,10,3,3,5,3,0,0,1,0,0,0,1,0,13.49650607,52.5339782
2,2500728,2020,6,14,3,3,5,6,0,0,1,0,0,0,0,0,13.46385301,52.51992529
7,7100103,2020,6,12,2,3,5,2,0,1,1,0,0,0,0,0,13.3594763,52.49848094
2,2500830,2020,5,16,1,3,1,5,0,1,1,0,0,0,0,0,13.45542764,52.51358475
2,2100106,2020,6,13,3,2,5,2,0,0,1,0,1,0,0,0,13.40658985,52.49835081
3,3400722,2020,6,16,4,3,5,3,0,1,0,0,0,0,0,0,13.40416838,52.57575773
2,2100101,2020,6,12,5,3,5,2,0,1,1,0,0,0,0,0,13.38885494,52.49932482
11,11300722,2020,6,20,1,3,5,3,0,0,1,0,0,0,1,0,13.4855491,52.52318545
8,8200624,2020,5,16,1,3,5,7,0,0,1,0,0,0,0,0,13.43097953,52.45237413
10,10400837,2020,6,13,3,3,5,3,0,1,1,0,0,0,0,0,13.57564236,52.49004004
12,12500928,2020,6,13,3,3,5,3,0,0,1,0,1,0,0,0,13.32214427,52.60878278
12,12400722,2020,6,9,4,3,5,2,0,0,1,0,1,0,0,0,13.30086648,52.61571036
7,7300515,2020,6,10,3,3,5,7,0,0,1,0,0,0,0,0,13.32633765,52.47651464
12,12200309,2020,6,17,4,3,3,6,0,0,1,0,1,0,0,0,13.33124066,52.5621302
7,7501029,2020,6,17,5,3,5,3,0,1,1,0,0,0,0,1,13.37233844,52.44454166
9,9401534,2020,6,11,1,2,0,1,0,1,0,0,0,0,0,1,13.57542208,52.44725284
1,1100313,2020,5,15,1,2,1,5,0,1,1,0,0,0,0,0,13.42194639,52.51087598
3,3500936,2020,6,9,3,2,0,3,0,0,1,0,1,0,0,0,13.45551923,52.54526156
6,6300526,2020,6,12,3,3,5,2,0,1,1,0,0,0,0,0,13.24260596,52.43381783
3,3200309,2020,6,11,4,2,0,1,0,1,0,0,0,0,0,0,13.43146961,52.60298234
1,1400938,2020,6,8,3,3,5,2,0,1,1,0,0,0,0,0,13.34371767,52.55337585
3,3601142,2020,6,9,3,2,5,2,0,1,0,0,0,1,0,0,13.40804582,52.54198408
8,8100419,2020,6,8,3,3,1,5,0,1,1,0,0,0,0,0,13.45467783,52.4830596
11,11300620,2020,6,9,2,3,5,2,0,1,0,0,0,0,0,0,13.479266,52.52739008
1,1300732,2020,5,14,1,2,6,4,0,0,1,1,0,0,0,0,13.38787267,52.560643
3,3300514,2020,6,8,3,3,5,2,0,1,1,0,0,0,0,0,13.45076438,52.59126692
6,6100207,2020,6,15,4,3,1,5,0,1,1,0,0,0,0,0,13.33040161,52.45211421
2,2100106,2020,6,13,1,2,5,2,0,1,1,0,0,0,0,0,13.41829332,52.49873584
3,3601142,2020,5,13,1,3,0,7,0,1,0,0,0,0,0,0,13.40716714,52.54714085
6,6300528,2020,6,8,3,3,2,7,0,1,0,0,0,0,1,0,13.27602782,52.42430778
7,7601340,2020,6,7,3,2,5,2,0,1,1,0,0,0,0,0,13.36157889,52.41253297
3,3601450,2020,6,10,3,3,5,2,0,1,1,0,0,0,0,0,13.45651664,52.53010138
1,1100416,2020,6,7,3,3,2,7,0,1,1,0,0,0,0,0,13.40147352,52.52999462
8,8100314,2020,6,14,3,3,5,7,0,1,1,0,0,0,0,0,13.43375932,52.48329059
12,12400618,2020,6,7,3,3,5,2,0,1,1,0,0,0,0,0,13.24418431,52.61498164
10,10200629,2020,6,7,3,3,1,5,0,1,0,0,0,0,1,0,13.58599786,52.51611184
4,4300412,2020,6,8,3,2,6,4,0,0,1,1,0,0,0,0,13.28624613,52.52019669
7,7501029,2020,6,12,3,3,5,2,0,1,0,0,0,0,1,0,13.37311291,52.4368431
7,7400823,2020,6,11,2,3,2,2,0,0,1,0,0,0,0,0,13.37213254,52.46978089
1,1300836,2020,5,17,1,3,0,6,0,0,1,0,0,0,1,0,13.37889435,52.55078386
8,8100521,2020,6,16,6,3,5,3,0,0,1,0,0,0,0,0,13.46790459,52.46410713
10,10400938,2020,6,5,3,3,2,6,0,0,1,0,0,0,0,0,13.62381986,52.51397196
2,2200210,2020,6,15,4,3,5,7,0,1,1,0,0,0,0,0,13.39799223,52.49109016
1,1200517,2020,6,20,7,3,5,3,0,1,1,0,0,0,0,0,13.32695775,52.53701124
2,2300316,2020,6,19,3,3,5,3,0,1,1,0,0,0,0,0,13.43143124,52.50289819
3,3400830,2020,6,12,7,3,5,2,0,0,1,0,0,0,0,0,13.42769019,52.56793762
7,7200412,2020,6,12,3,3,5,2,0,0,1,0,1,0,0,0,13.36357414,52.47671969
3,3400721,2020,6,19,3,3,6,6,0,1,0,1,0,0,0,0,13.3960088,52.56608107
3,3400619,2020,6,16,3,2,1,7,0,0,1,0,1,0,1,0,13.36646324,52.58509387
10,10100316,2020,6,11,7,3,2,6,0,0,1,0,0,0,0,0,13.5835162,52.5491344
9,9200819,2020,6,11,2,3,0,6,0,0,1,0,0,0,1,0,13.55881608,52.44661776
4,4100101,2020,6,18,2,3,0,6,0,0,1,0,0,0,1,0,13.32280388,52.54330466
2,2500726,2020,6,17,2,3,5,3,0,1,1,0,1,0,0,0,13.4523331,52.52737245
8,8100310,2020,5,22,7,3,1,5,2,1,1,0,0,0,0,0,13.43411769,52.49009149
8,8100310,2020,6,19,4,3,3,6,0,1,1,0,0,0,0,0,13.42797362,52.49229096
6,6200311,2020,6,15,7,2,2,7,0,0,1,0,0,0,0,0,13.35331891,52.44152304
5,5300737,2020,6,16,7,2,5,2,0,0,1,0,0,0,0,0,13.24758931,52.54082122
5,5100316,2020,6,22,2,2,5,3,2,0,1,0,0,0,0,0,13.19537026,52.53546789
9,9401635,2020,6,12,4,3,1,5,0,0,1,0,1,0,0,0,13.66195471,52.41236173
3,3601449,2020,6,15,4,3,5,3,0,1,1,0,0,0,0,0,13.44584326,52.54460705
2,2300314,2020,6,19,2,3,5,2,0,1,1,0,0,0,0,0,13.41490576,52.50245942
4,4200203,2020,6,19,2,3,1,5,0,1,1,0,0,0,0,0,13.24791297,52.51580569
6,6200316,2020,6,18,2,3,4,6,0,1,0,0,0,0,0,0,13.35309835,52.43289901
5,5200629,2020,6,11,4,3,5,7,0,0,1,0,0,0,0,0,13.19069943,52.534377
2,2200212,2020,6,18,2,3,0,7,0,1,1,0,0,0,0,0,13.40857336,52.48982113
2,2200211,2020,6,10,4,3,6,4,0,1,0,1,0,0,0,0,13.39957351,52.48935347
4,4501042,2020,6,17,2,3,5,7,0,0,1,0,0,0,0,0,13.33044283,52.50530461
4,4300620,2020,6,13,5,2,3,6,0,1,1,0,0,0,0,0,13.32264202,52.5211806
2,2300419,2020,6,10,4,2,5,2,0,1,1,0,0,0,0,0,13.44646254,52.49866543
1,1100415,2020,6,17,2,3,5,5,0,1,1,0,0,0,0,0,13.39706892,52.53474407
7,7200409,2020,6,16,2,3,5,2,0,1,1,0,0,0,0,0,13.34905333,52.48940176
2,2400521,2020,6,16,2,2,0,1,0,1,0,0,0,0,0,0,13.43341966,52.52332844
1,1100309,2020,6,16,2,3,2,6,0,1,1,0,0,0,0,0,13.38752941,52.5272375
4,4501043,2020,6,10,4,3,5,3,0,1,1,0,0,0,0,0,13.31641111,52.49747733
4,4501146,2020,6,15,2,3,2,6,0,0,1,0,1,0,0,0,13.3082273,52.48834951
9,9100203,2020,6,12,2,3,2,6,0,0,1,0,0,0,1,0,13.47672031,52.47652376
7,7601341,2020,6,11,5,3,2,6,0,0,1,0,1,0,0,0,13.3758103,52.40920949
3,3601142,2020,6,9,4,3,5,3,0,0,1,0,0,0,0,0,13.41276882,52.54439804
2,2200209,2020,6,23,2,3,1,5,2,1,1,0,0,0,0,0,13.38413142,52.4849886
5,5100208,2020,6,13,2,3,5,2,0,1,1,0,0,0,0,0,13.16551511,52.55122498
11,11400931,2020,6,22,2,2,5,3,2,1,0,0,1,0,0,0,13.51914252,52.50993848
7,7300516,2020,6,9,4,3,5,3,0,1,1,0,0,0,0,0,13.32283311,52.47018609
6,6200423,2020,6,15,4,3,5,2,0,0,1,0,0,0,0,0,13.31772292,52.41440767
2,2400625,2020,6,21,2,3,1,5,1,1,1,0,0,0,0,0,13.44101499,52.50461371
11,11100206,2020,6,20,2,2,5,3,1,1,1,0,0,0,0,0,13.50816819,52.57444294
3,3501037,2020,6,8,4,3,5,3,0,1,1,0,0,0,0,0,13.46095555,52.56389739
2,2400521,2020,6,9,4,3,5,2,0,0,1,0,1,0,0,0,13.42859159,52.51953516
6,6300633,2020,6,20,2,2,2,4,0,0,1,1,0,0,0,0,13.31544421,52.44880391
9,9501838,2020,6,9,4,3,2,6,0,0,1,0,0,0,0,0,13.66831097,52.44807506
11,11200410,2020,6,20,2,3,5,2,1,1,1,0,0,0,0,0,13.50030725,52.56141138
8,8100520,2020,6,20,2,3,0,2,1,1,1,0,0,0,0,0,13.46183534,52.47118169
1,1100309,2020,6,9,5,3,0,6,0,1,1,0,0,0,0,0,13.40664791,52.52527021
9,9200819,2020,6,8,4,3,5,2,0,1,1,0,0,0,0,0,13.56911591,52.44415257
7,7601442,2020,6,20,2,3,5,2,0,1,1,0,0,0,0,0,13.40126305,52.41462567
1,1401047,2020,6,20,2,3,5,7,0,1,1,0,0,0,0,0,13.35918034,52.5462998
6,6200423,2020,6,11,2,3,0,7,0,1,0,0,0,0,0,0,13.31945993,52.41288948
8,8200727,2020,6,8,4,3,6,7,0,0,1,1,0,0,0,0,13.4505049,52.43860227
5,5200632,2020,6,15,4,2,2,6,0,0,1,0,1,0,0,0,13.22108911,52.52842601
1,1400940,2020,6,8,2,3,4,6,0,0,1,0,0,0,0,0,13.35177179,52.55798855
6,6200420,2020,6,8,2,3,6,2,0,0,0,1,0,0,1,0,13.30505119,52.41791055
10,10300732,2020,6,7,2,3,6,4,0,0,1,1,0,0,0,0,13.57468272,52.52691077
3,3500933,2020,6,8,4,2,5,3,0,1,1,0,0,0,0,0,13.44954947,52.55270372
10,10200420,2020,6,7,2,3,0,1,0,1,0,0,0,0,0,0,13.6013106,52.53584926
11,11300724,2020,6,6,2,3,5,3,0,1,1,0,0,0,0,0,13.48740207,52.51563707
10,10400837,2020,6,6,2,3,5,3,0,1,1,0,0,0,0,0,13.5747797,52.48733394
3,3300516,2020,6,5,2,3,0,1,0,0,0,0,1,0,0,1,13.44120447,52.56852671
6,6100102,2020,6,1,4,3,0,1,2,0,0,0,0,0,1,0,13.3227072,52.45647787
6,6200421,2020,6,15,4,3,2,6,0,0,1,0,0,0,1,0,13.31912819,52.43315669
5,5200528,2020,6,16,2,3,2,6,0,0,1,0,1,0,0,0,13.18240487,52.51223912
1,1200628,2020,6,16,2,2,5,2,0,0,1,0,0,0,0,0,13.36452223,52.52270021
4,4100101,2020,6,16,2,3,1,5,0,0,1,0,0,0,0,0,13.31166454,52.54648524
6,6200313,2020,6,8,3,3,0,5,0,0,1,0,0,0,0,0,13.34365002,52.43358382
10,10400940,2020,6,15,2,3,4,6,0,1,0,0,0,0,0,0,13.61339483,52.49883194
4,4500936,2020,6,15,3,3,2,6,0,0,1,0,0,0,0,0,13.30469112,52.49948332