BEZ,LOR_ab_2021,UJAHR,UMONAT,USTUNDE,UWOCHENTAG,UKATEGORIE,UART,UTYP1,ULICHTVERH,IstRad,IstPKW,IstFuss,IstKrad,IstGkfz,IstSonstige,USTRZUSTAND,XGCSWGS84,YGCSWGS84
5,5200420,2020,6,15,2,2,5,3,0,1,0,0,0,1,0,0,13.18172511,52.53407995
11,11401136,2020,6,11,5,3,8,7,0,0,0,0,0,0,1,0,13.50663326,52.49695234
11,11300722,2020,6,21,3,3,1,5,1,1,1,0,0,0,0,0,13.47865923,52.51705333
5,5200421,2020,6,9,3,3,6,7,0,1,0,1,0,0,0,0,13.14204188,52.53486218
12,12500825,2020,6,15,2,3,2,6,0,0,1,0,0,0,0,0,13.31690158,52.58706944
8,8200831,2020,6,15,5,3,5,3,0,0,1,0,0,0,0,0,13.40583919,52.41631122
2,2300417,2020,6,19,3,3,0,2,0,1,0,0,1,0,0,0,13.42680374,52.4945157
8,8200622,2020,6,14,2,3,5,2,0,0,1,0,0,0,0,0,13.43527599,52.46030274
7,7601544,2020,6,14,2,3,3,6,0,0,1,0,1,0,0,0,13.39006525,52.39867715
1,1100308,2020,6,14,2,3,3,6,0,1,1,0,0,0,0,0,13.38672692,52.52738089
7,7200413,2020,6,13,2,3,1,5,0,1,1,0,0,0,0,0,13.36140134,52.48109452
1,1200628,2020,6,19,3,3,5,2,0,0,1,0,1,0,0,0,13.36066604,52.52335476
12,12200310,2020,6,13,2,2,5,3,0,0,1,0,1,0,0,0,13.31199676,52.56797205
2,2400521,2020,6,13,2,2,0,5,0,1,1,0,0,0,0,0,13.44088983,52.51793385
3,3300516,2020,6,10,5,3,5,3,0,0,1,0,0,0,0,0,13.44133317,52.5685578
1,1401047,2020,6,18,3,3,6,4,0,1,0,1,0,0,0,0,13.36423344,52.5436283
6,6200422,2020,6,13,2,3,0,7,0,1,0,0,0,0,0,0,13.33385449,52.41742247
2,2100102,2020,6,12,2,2,5,3,0,1,1,0,0,0,0,0,13.39499437,52.50313726
1,1100103,2020,6,12,2,3,2,7,0,0,0,0,1,0,1,0,13.36232922,52.49985994
2,2300314,2020,6,20,2,3,5,2,0,1,1,0,0,0,0,0,13.41894073,52.49888261
6,6300524,2020,6,11,2,2,5,2,0,1,1,0,0,0,0,0,13.25680615,52.42976025
1,1200517,2020,6,18,3,3,5,2,0,0,1,0,1,0,0,0,13.3250435,52.53232837
2,2100101,2020,6,17,2,3,5,2,0,1,0,0,0,0,0,0,13.38869863,52.50069742
1,1100309,2020,6,10,2,3,6,4,0,1,0,1,0,0,0,0,13.40322866,52.52743967
10,10200423,2020,6,8,5,3,5,2,0,0,1,0,1,0,0,0,13.61977352,52.53951857
7,7100101,2020,6,18,3,3,3,6,0,1,0,0,0,0,0,0,13.34367336,52.50032812
5,5200524,2020,6,11,2,3,5,2,0,0,1,0,0,0,1,0,13.1332247,52.52633144
3,3200310,2020,6,10,2,3,0,2,0,0,1,0,0,0,1,0,13.42657438,52.60778512
5,5200528,2020,6,10,2,2,4,6,0,0,1,0,0,0,0,0,13.17993401,52.50565358
1,1100101,2020,6,18,3,3,5,2,0,0,1,0,0,0,0,0,13.35138298,52.50960943
1,1300836,2020,6,21,4,3,5,3,2,0,1,0,0,0,0,0,13.37949336,52.5498181
2,2200210,2020,6,8,2,3,0,7,0,1,0,0,0,0,0,0,13.40368386,52.49413795
3,3300413,2020,6,16,2,1,5,2,0,0,1,0,1,0,0,0,13.4708851,52.60145327
2,2200210,2020,6,18,3,3,1,5,0,1,1,0,0,0,0,0,13.39295425,52.49171815
1,1100415,2020,6,19,4,3,0,1,0,1,0,0,0,0,0,0,13.39135545,52.53192073
3,3300517,2020,6,17,1,3,0,3,0,1,0,0,0,0,1,0,13.46386123,52.57180752
6,6400844,2020,6,18,1,3,5,2,0,1,0,0,1,0,0,0,13.28943163,52.45675045
6,6200311,2020,6,8,4,3,5,3,0,1,1,0,0,0,0,0,13.35851493,52.43412746
4,4501149,2020,6,22,1,3,2,7,2,1,1,0,0,0,0,0,13.32867352,52.49145934
3,3100103,2020,6,8,4,3,6,4,0,0,1,1,0,0,0,0,13.50416345,52.63039085
1,1300834,2020,6,22,1,3,5,2,2,1,1,0,0,0,0,0,13.39605572,52.53832718
1,1100206,2020,6,20,1,3,1,7,0,1,1,0,0,0,0,0,13.38676805,52.52101673
8,8300935,2020,6,18,3,2,4,6,0,0,1,0,1,0,0,0,13.45026186,52.42811902
8,8100417,2020,6,14,4,3,5,3,0,1,1,0,0,0,0,0,13.44794054,52.47107269
4,4400728,2020,6,20,1,3,1,5,0,1,1,0,0,0,0,0,13.26956499,52.48089008
6,6400844,2020,6,19,1,3,5,2,0,1,1,0,0,0,0,0,13.28848695,52.46552188
8,8100209,2020,6,8,4,3,5,2,0,0,1,0,0,0,0,0,13.44733343,52.46427314
8,8300935,2020,6,18,1,3,0,1,0,1,0,0,0,0,0,0,13.45731713,52.42284938
3,3601243,2020,6,17,1,3,1,5,0,1,1,0,0,0,0,0,13.41516841,52.55047167
1,1200517,2020,6,7,4,3,4,6,0,0,1,0,0,0,1,0,13.35038867,52.53605351
3,3300516,2020,6,18,1,2,9,1,0,0,1,0,0,0,0,0,13.44458483,52.5773176
10,10100311,2020,6,17,3,3,5,2,0,1,1,0,0,0,0,0,13.51973187,52.52611185
9,9100306,2020,6,16,1,2,5,7,0,0,1,0,1,0,0,0,13.47156358,52.45342916
9,9401534,2020,6,17,3,3,6,4,2,1,0,1,0,0,0,0,13.58100046,52.44298675
1,1100206,2020,6,15,1,3,0,1,0,0,0,0,0,0,1,0,13.39845684,52.51973669
4,4300622,2020,6,14,5,3,2,6,0,0,1,0,1,0,0,0,13.32706643,52.50874175
7,7200409,2020,6,17,3,3,0,5,0,0,1,0,0,0,0,0,13.35500636,52.48710838
7,7200414,2020,6,12,1,3,2,6,0,1,1,0,0,0,0,0,13.36425547,52.48509902
8,8200832,2020,6,7,4,3,2,1,0,0,1,0,1,0,0,0,13.43823322,52.41972192
1,1100206,2020,6,11,1,3,5,5,0,1,1,0,0,0,0,0,13.39513858,52.5141696
1,1400942,2020,6,11,1,3,2,6,0,0,1,0,0,0,0,0,13.35402518,52.54924902
5,5100317,2020,6,17,3,3,2,6,0,0,1,0,0,0,0,0,13.23259292,52.5276353
4,4300620,2020,6,16,1,3,5,2,0,1,0,0,0,0,0,0,13.33575913,52.51365988
2,2200210,2020,6,22,7,3,5,3,2,0,1,0,0,0,0,1,13.39446394,52.49162666
4,4300622,2020,6,17,3,3,2,6,0,0,1,0,1,0,0,0,13.33095708,52.50679234
8,8100310,2020,6,21,7,3,5,3,2,1,1,0,0,0,0,1,13.42828439,52.49339651
2,2300419,2020,6,21,7,2,6,4,2,0,1,1,0,0,0,1,13.44406727,52.49996993
5,5200527,2020,6,11,5,3,5,3,0,0,1,0,0,0,0,0,13.17119063,52.52021346
10,10100315,2020,6,16,3,3,2,6,0,0,1,0,0,0,0,0,13.56999393,52.54116709
8,8100311,2020,6,20,7,3,5,3,2,1,1,0,0,0,0,1,13.42687569,52.48818971
1,1100310,2020,6,5,4,3,5,2,0,1,1,0,0,0,0,0,13.40414749,52.52180243
12,12200515,2020,6,20,7,3,6,7,1,1,0,1,0,0,0,1,13.28302238,52.5871901
1,1100311,2020,6,19,7,3,0,1,1,1,0,0,0,0,0,1,13.42080518,52.51455349
12,12100101,2020,6,16,3,3,6,4,0,0,1,1,0,0,0,0,13.37065051,52.56407114
1,1400940,2020,6,14,4,2,2,6,0,0,1,0,1,0,0,0,13.3517368,52.55867697
10,10400938,2020,6,19,7,3,0,1,1,1,0,0,0,0,0,1,13.6350887,52.52992664
3,3200206,2020,6,18,7,3,0,6,0,0,1,0,1,0,0,1,13.40024593,52.58038167
3,3601245,2020,6,7,5,3,0,7,0,1,0,1,0,0,0,0,13.44325785,52.54583063
8,8300935,2020,6,9,3,3,1,5,0,0,1,0,0,0,0,0,13.4478824,52.42725397
9,9200715,2020,6,16,7,2,0,7,0,1,0,0,0,0,0,0,13.54269057,52.43441083
1,1300834,2020,6,16,7,2,0,1,0,0,0,0,1,0,0,1,13.39523801,52.5391433
1,1100309,2020,6,9,5,3,5,3,0,1,0,0,0,0,1,0,13.4018057,52.52905915
5,5100316,2020,6,9,3,3,2,6,0,0,1,0,0,0,1,0,13.20720872,52.53888153
4,4300517,2020,6,16,7,1,5,3,0,1,1,0,0,0,0,0,13.3045261,52.52733488
10,10100206,2020,6,14,7,2,2,6,0,0,1,0,0,0,0,1,13.5633827,52.56132149
1,1200623,2020,6,14,7,3,1,5,0,1,1,0,0,0,0,0,13.35091739,52.53050127
1,1100205,2020,6,16,3,3,0,1,0,1,0,0,0,0,0,0,13.38130628,52.51546467
1,1300730,2020,6,18,4,3,5,3,0,1,0,0,0,0,0,0,13.37699895,52.55673431
8,8100417,2020,6,14,7,3,5,7,0,1,1,0,0,0,0,0,13.44550804,52.47086004
1,1300836,2020,6,14,7,3,0,2,0,1,1,0,0,0,0,0,13.3759949,52.54879553
12,12200310,2020,6,18,4,3,5,2,0,1,1,0,0,0,0,0,13.30965913,52.5692134
1,1300732,2020,6,14,7,3,6,4,0,1,0,1,0,0,0,0,13.38662007,52.55917295
12,12200411,2020,6,17,4,3,2,6,0,0,1,0,1,0,0,0,13.32146139,52.56039597
9,9200819,2020,6,14,7,3,6,4,0,0,1,1,0,0,0,0,13.56765108,52.4405817
1,1100101,2020,6,13,7,3,5,3,0,1,1,0,0,0,0,0,13.34316968,52.50468274
1,1300836,2020,6,12,7,3,0,7,0,1,0,0,0,0,0,0,13.37548809,52.53782826
8,8100102,2020,6,11,7,3,5,7,0,0,1,0,1,0,0,0,13.42642258,52.4769441
3,3500934,2020,6,8,3,3,5,3,0,0,1,0,0,0,0,0,13.43260661,52.55752677
6,6200314,2020,6,13,4,2,2,6,0,1,1,0,0,0,0,0,13.34048381,52.42999932
12,12500824,2020,6,10,7,3,2,6,0,0,1,0,0,0,0,0,13.29981839,52.59901441
5,5200525,2020,6,11,7,2,5,3,0,0,1,0,1,0,0,0,13.14331661,52.52424583
6,6200422,2020,6,6,7,3,5,3,0,0,1,0,0,0,0,0,13.33228334,52.417721
12,12500825,2020,6,15,3,2,5,2,0,0,1,0,1,0,0,0,13.31565565,52.58657583
1,1100206,2020,6,1,7,3,1,5,2,1,1,0,0,0,0,0,13.38861551,52.51827224
3,3500936,2020,6,14,3,2,1,5,0,1,0,0,0,0,1,0,13.45573211,52.54625655
1,1401047,2020,6,0,7,3,6,2,2,0,0,1,0,0,1,0,13.35921825,52.54627833
1,1400938,2020,6,12,5,3,0,2,0,1,1,0,0,0,0,0,13.33541026,52.54205999
7,7400823,2020,6,8,3,3,5,2,0,1,1,0,0,0,0,0,13.37614729,52.4588878
11,11200411,2020,6,17,7,3,3,2,1,1,1,0,0,0,0,1,13.50992306,52.55046695
1,1100312,2020,6,16,4,3,5,2,0,1,1,0,0,0,0,0,13.41718128,52.51243894
6,6200421,2020,6,15,5,3,6,6,0,1,0,1,0,0,0,0,13.31088415,52.42133742
2,2200211,2020,6,14,3,3,3,6,0,1,1,0,0,0,0,0,13.39147827,52.48943886
4,4100101,2020,6,13,6,2,5,2,0,1,0,0,0,0,1,0,13.28225813,52.53377459
1,1100309,2020,6,20,6,2,3,6,0,1,1,0,0,0,0,0,13.39535386,52.5289096
4,4501041,2020,6,19,6,3,0,7,0,1,0,0,0,0,0,1,13.32182349,52.50196094
8,8100314,2020,6,18,6,3,0,1,0,1,0,0,0,0,0,0,13.43674063,52.48109122
1,1100309,2020,6,8,3,3,0,1,0,1,0,0,0,0,0,0,13.40907827,52.52832261
12,12200308,2020,6,18,6,3,0,1,0,0,1,0,1,0,0,0,13.32144836,52.57027931
12,12200308,2020,6,18,6,3,5,3,0,0,1,0,0,0,1,0,13.31802458,52.57074246
8,8401241,2020,6,11,5,3,5,3,0,0,1,0,0,0,0,0,13.48598393,52.43326103
1,1401049,2020,6,15,3,3,5,3,0,1,1,0,0,0,0,0,13.37220665,52.55668877
6,6300631,2020,6,17,6,3,5,3,0,0,1,0,0,0,0,0,13.28316724,52.41679221
9,9502043,2020,6,17,6,3,5,3,0,0,1,0,0,0,0,0,13.57044839,52.47352754
5,5100209,2020,6,17,6,3,6,7,0,1,0,1,0,0,0,0,13.1786618,52.54927096
6,6200420,2020,6,14,3,3,2,6,0,1,1,0,0,0,0,0,13.31092185,52.41812721
12,12601133,2020,6,16,6,3,6,7,0,1,0,1,0,0,0,0,13.36019572,52.60220476
7,7601546,2020,6,15,6,3,1,5,0,1,1,0,0,0,0,0,13.39071088,52.39533836
1,1300836,2020,6,13,3,3,5,3,0,1,1,0,0,0,0,0,13.37219527,52.5466369
5,5400943,2020,6,8,6,3,2,6,0,1,1,0,0,0,0,0,13.14431999,52.454191
8,8100311,2020,6,15,6,3,5,7,0,1,1,0,0,0,1,0,13.4318503,52.48773654
10,10400940,2020,6,9,5,1,6,4,0,1,0,1,0,0,0,0,13.60215242,52.48341302
9,9501939,2020,6,6,3,3,5,2,0,1,1,0,0,0,0,0,13.57428257,52.45278406
12,12200308,2020,6,14,6,3,2,6,0,0,1,0,0,0,0,0,13.31464908,52.57464104
1,1401044,2020,6,16,4,3,4,6,0,1,0,0,0,0,1,0,13.37641966,52.55365273
2,2500830,2020,6,14,6,3,3,6,0,1,1,0,0,0,0,0,13.45457935,52.51386254
1,1100308,2020,6,13,6,3,0,1,0,0,0,0,1,0,0,0,13.38714726,52.52235199
3,3300516,2020,6,6,3,3,5,3,0,0,1,0,0,0,1,0,13.42999566,52.57172242
7,7501134,2020,6,13,4,3,5,3,0,1,1,0,0,0,0,0,13.4041011,52.43954712
2,2200209,2020,6,13,6,2,5,2,0,1,0,0,0,0,1,0,13.37668836,52.48503379
1,1100207,2020,6,13,6,3,5,2,0,1,1,0,0,0,0,0,13.40118763,52.51041848
2,2300316,2020,6,12,6,3,5,7,0,0,1,0,1,0,0,0,13.44103366,52.50155524
1,1300836,2020,6,13,4,3,0,7,0,0,0,0,1,0,0,1,13.3721562,52.53878517
1,1100102,2020,6,23,6,3,5,2,2,0,1,0,1,0,0,0,13.3379494,52.51367389
3,3400723,2020,6,22,6,3,1,5,2,1,1,0,0,0,0,0,13.41123687,52.56721969
8,8100311,2020,6,23,4,3,1,1,2,0,1,0,1,0,0,0,13.42647464,52.49016777
4,4100101,2020,6,22,6,2,1,5,2,1,0,0,0,0,1,0,13.31316401,52.54314141
4,4200308,2020,6,12,6,3,5,2,0,1,0,0,0,0,1,0,13.2484348,52.52434202
1,1200628,2020,6,12,6,2,5,2,0,0,1,0,0,0,1,0,13.35946883,52.52329222
7,7400928,2020,6,5,3,3,5,3,0,1,1,0,0,0,0,0,13.42066388,52.4613405
2,2500834,2020,6,17,4,3,5,2,0,1,1,0,0,0,0,0,13.45875426,52.50640587
5,5400943,2020,6,20,6,3,5,2,0,0,1,0,1,0,0,0,13.12197213,52.47312882
10,10400940,2020,6,12,6,3,5,2,0,1,1,0,0,0,0,0,13.60073584,52.47789179
9,9501940,2020,6,12,6,3,1,5,0,1,1,0,0,0,0,0,13.59668854,52.45662044
2,2400522,2020,6,11,6,3,2,6,0,0,1,0,1,0,0,0,13.44353115,52.52522746
5,5100315,2020,6,0,3,2,5,3,2,1,1,0,0,0,0,0,13.19386306,52.54567774
1,1100206,2020,6,13,3,3,5,2,0,0,1,0,1,0,0,0,13.38845421,52.51871476
7,7601238,2020,6,11,6,3,1,5,0,0,1,0,0,0,0,0,13.383434,52.42276674
11,11400931,2020,6,12,3,3,5,2,0,1,1,0,0,0,0,0,13.51965702,52.50583247
9,9200614,2020,6,10,6,2,6,4,0,0,1,1,0,0,0,0,13.53953897,52.45081783
1,1200629,2020,6,14,5,3,0,7,0,1,0,1,0,0,0,0,13.34253908,52.51825444
9,9100408,2020,6,12,3,3,2,6,0,0,1,0,0,0,0,0,13.51013226,52.44410572
10,10400938,2020,6,9,6,3,2,6,0,0,1,0,0,0,0,0,13.62482199,52.52799402
5,5100211,2020,6,8,6,3,1,5,0,0,1,0,0,0,0,0,13.15898491,52.54423704
10,10300731,2020,6,8,6,3,5,2,0,1,1,0,0,0,0,0,13.56298707,52.5142073
3,3601141,2020,6,7,6,2,5,2,0,1,1,0,0,0,0,0,13.41040069,52.55096529
2,2300316,2020,6,11,3,3,5,3,0,1,1,0,0,0,0,0,13.43802685,52.50036358
6,6400838,2020,6,6,6,3,5,2,0,1,1,0,0,0,0,0,13.24395585,52.4461603
3,3500934,2020,6,9,5,3,6,7,0,1,0,1,0,0,0,0,13.43094933,52.55458535
8,8200832,2020,6,10,5,3,6,2,0,0,1,1,0,0,0,0,13.42759824,52.4209
8,8401246,2020,6,11,3,3,5,3,0,0,1,0,0,1,0,0,13.50709022,52.41033658
6,6300524,2020,6,7,5,2,0,1,0,1,0,0,0,0,0,1,13.24425486,52.4273447
7,7601442,2020,6,12,5,3,5,2,0,0,1,0,0,0,0,1,13.40125843,52.41449657
4,4501147,2020,6,11,5,3,5,2,0,1,1,0,0,0,0,1,13.32090319,52.48865015
2,2500832,2020,6,12,5,3,5,7,0,1,1,0,0,0,0,0,13.46800178,52.50941119
1,1100207,2020,6,11,3,3,0,7,0,1,1,0,0,0,0,0,13.39401114,52.50790835
4,4501045,2020,6,11,5,3,6,4,0,1,0,1,0,0,0,1,13.32767894,52.49508968
12,12400723,2020,6,9,5,3,5,3,0,1,1,0,0,0,0,1,13.30584552,52.62039766
4,4501149,2020,6,9,5,3,6,2,0,0,1,1,0,0,0,1,13.32338362,52.49151813
1,1400938,2020,6,10,3,3,5,2,0,1,1,0,0,0,0,0,13.33652202,52.54212795
4,4400726,2020,6,9,5,3,3,6,0,0,1,0,0,1,0,0,13.28491089,52.49528082
5,5100313,2020,6,9,5,3,6,4,0,0,1,1,0,0,0,1,13.20982933,52.54798944
4,4400833,2020,6,7,5,3,5,3,0,0,1,0,0,0,0,0,13.30692507,52.47256278
1,1100206,2020,6,10,3,2,0,7,0,1,0,0,0,0,0,0,13.38888771,52.51667686
4,4400833,2020,6,9,5,3,2,6,0,0,1,0,0,0,1,1,13.30655003,52.47706675
1,1401048,2020,6,9,5,3,5,2,0,1,0,0,0,0,1,1,13.35859317,52.55415377
7,7501029,2020,6,20,5,3,2,6,1,0,1,0,0,0,1,0,13.37950714,52.44505572
3,3601141,2020,6,8,5,3,0,6,0,0,0,0,1,0,1,1,13.41049019,52.55410733
8,8100209,2020,6,13,2,3,2,3,0,0,1,0,0,1,0,0,13.4473475,52.46427578
10,10200627,2020,6,12,4,3,2,6,0,0,1,0,0,0,0,0,13.58957376,52.52811623
2,2200208,2020,6,8,5,2,0,2,0,1,1,0,0,0,0,1,13.38760115,52.49305733
1,1300834,2020,6,7,5,3,1,5,0,1,1,0,0,0,0,1,13.39854055,52.54527716
3,3500935,2020,6,8,4,3,5,3,0,0,1,1,0,0,1,0,13.45506989,52.55110782
1,1300836,2020,6,16,4,3,1,5,0,1,1,0,0,0,1,0,13.38012575,52.55137274
7,7601544,2020,6,19,5,3,2,1,0,0,1,0,0,0,0,0,13.40416282,52.39384264
12,12200309,2020,6,15,4,3,1,5,0,1,1,0,0,0,0,0,13.32616824,52.56456952
12,12100205,2020,6,6,5,3,5,3,0,1,1,0,0,0,0,1,13.35144758,52.57138351
4,4200311,2020,6,19,5,3,5,7,0,0,1,0,0,0,0,0,13.26457025,52.50563777
5,5200629,2020,6,15,5,3,5,3,0,0,1,0,0,0,0,0,13.18859879,52.53421842
4,4100102,2020,6,15,2,2,6,7,0,1,0,1,0,0,0,0,13.30124941,52.5356618
1,1300834,2020,6,19,5,3,6,4,0,0,1,1,0,0,0,1,13.39006877,52.54717808
11,11400929,2020,6,19,5,3,5,3,0,1,1,0,0,0,0,1,13.50397458,52.50942473
4,4300412,2020,6,13,5,3,5,2,0,1,0,0,0,1,0,0,13.29954038,52.51948005
4,4100101,2020,6,18,2,3,5,2,0,1,1,0,0,0,0,0,13.32611175,52.53834505
2,2400625,2020,6,17,7,3,5,2,0,0,1,0,0,0,0,1,13.4468361,52.50272122
3,3400620,2020,6,23,7,3,0,7,2,1,0,0,0,0,0,0,13.38966464,52.57019101
8,8100104,2020,6,6,4,3,5,7,0,0,1,0,0,0,0,0,13.43106736,52.46792212
8,8100105,2020,6,20,5,3,5,7,0,0,1,0,0,0,0,0,13.43255663,52.46532325
7,7601236,2020,6,11,3,3,1,5,0,0,1,0,0,0,0,0,13.3656901,52.42023736
1,1200628,2020,6,16,7,3,5,3,0,0,1,0,0,0,0,1,13.36727927,52.52248053
12,12200515,2020,6,13,3,3,6,7,0,0,0,1,0,0,1,0,13.2853398,52.58989883
1,1300836,2020,6,16,7,3,6,2,0,0,1,1,0,0,0,1,13.37047547,52.54533912
10,10300734,2020,6,7,5,3,5,2,0,0,1,0,1,0,0,0,13.56153221,52.50166423
4,4400835,2020,6,14,6,3,5,3,0,0,1,0,0,0,0,1,13.3202674,52.47668985
5,5100316,2020,6,6,2,3,1,5,0,1,1,0,0,0,0,0,13.2078046,52.53830455
1,1300836,2020,6,16,7,3,0,1,0,1,0,0,0,0,0,1,13.37655308,52.54319485
7,7100103,2020,6,19,4,2,0,1,0,0,0,0,0,0,1,0,13.3605583,52.49428038
1,1401046,2020,6,7,3,3,5,2,0,1,1,0,0,0,0,0,13.34517382,52.53912684
6,6200313,2020,6,18,3,3,5,2,0,1,1,0,0,0,0,0,13.34338814,52.43491164
4,4501042,2020,6,12,2,3,5,5,0,1,1,0,0,0,0,0,13.32533811,52.50312419
3,3300411,2020,6,16,7,3,2,2,0,0,1,0,0,0,0,1,13.48985562,52.62070121
6,6400838,2020,6,10,4,2,0,7,0,0,0,0,0,1,0,0,13.23180078,52.43714306
12,12200309,2020,6,13,6,3,6,7,0,1,0,1,0,0,0,0,13.3293147,52.56727048
4,4501045,2020,6,14,2,3,1,5,0,0,0,0,1,0,1,0,13.33496786,52.49508353
1,1400939,2020,6,15,7,3,2,6,0,0,1,0,0,0,0,1,13.34547297,52.55453118
4,4500939,2020,6,16,4,2,9,1,0,0,0,0,1,0,0,0,13.3050286,52.48824339
8,8401243,2020,6,17,3,2,0,1,0,1,0,0,0,0,0,0,13.49416757,52.43072536
6,6400843,2020,6,8,2,3,2,6,0,0,1,0,0,0,0,0,13.30345068,52.45842757
4,4100101,2020,6,15,7,3,1,7,0,0,1,0,0,0,0,1,13.31372761,52.54022563
9,9300923,2020,6,22,7,3,1,5,2,0,1,0,0,0,0,1,13.52951002,52.40081546
8,8401243,2020,6,9,4,3,5,3,0,1,1,0,0,0,0,0,13.49959658,52.41957456
8,8200624,2020,6,17,5,3,6,4,0,0,1,1,0,0,0,0,13.43645412,52.45547513
12,12601235,2020,6,15,1,2,1,5,0,0,1,0,0,0,1,0,13.35361962,52.5965514
7,7100102,2020,6,18,6,3,6,4,0,0,0,1,1,0,0,1,13.345915,52.49896166
4,4100101,2020,6,10,2,3,5,2,0,0,1,0,0,1,0,0,13.32624614,52.53801886
2,2200213,2020,6,22,6,3,1,5,2,1,1,0,0,0,0,0,13.41226022,52.49367897
2,2300316,2020,6,10,4,3,5,7,0,1,0,0,0,0,1,0,13.44472143,52.50116143
12,12200414,2020,6,19,5,2,5,2,0,1,1,0,0,0,0,0,13.30662395,52.55520325
4,4400833,2020,6,11,2,3,5,3,0,1,0,0,0,0,1,0,13.3039569,52.47062298
9,9200510,2020,6,17,6,3,0,2,0,1,1,0,0,0,0,1,13.5021967,52.48161077
2,2500833,2020,6,13,4,3,5,2,0,0,1,0,0,0,1,0,13.45194555,52.51070322
1,1401049,2020,6,16,3,3,5,3,0,1,1,0,0,0,0,0,13.36580933,52.55212632
8,8401243,2020,6,17,2,3,5,3,0,1,1,0,0,0,0,0,13.49921941,52.42336043
8,8100312,2020,6,13,6,2,1,5,0,1,1,0,0,0,0,0,13.44284279,52.48375129
1,1300834,2020,6,18,7,3,2,6,0,0,1,0,0,0,0,1,13.39124489,52.54452614
2,2200208,2020,6,17,4,3,0,2,0,1,1,0,0,0,0,0,13.38798819,52.49298276
4,4200311,2020,6,21,5,3,0,7,1,0,0,0,1,0,0,0,13.27657528,52.50166241
9,9501939,2020,6,12,3,2,5,2,0,1,1,0,0,0,0,0,13.56268718,52.45637314
8,8100415,2020,6,12,6,3,5,2,0,1,1,0,0,0,0,0,13.44446141,52.47709544
1,1100206,2020,6,12,4,3,0,6,0,1,1,0,0,0,0,0,13.38874145,52.51754889
2,2200210,2020,6,15,3,3,8,1,0,1,1,0,0,0,0,0,13.3958982,52.49611068
8,8200832,2020,6,12,5,3,1,5,0,0,1,0,0,0,1,0,13.43640969,52.42388887
4,4501041,2020,6,16,6,3,2,6,0,1,1,0,0,0,0,0,13.31372022,52.5007951
3,3300516,2020,6,17,2,2,5,3,0,1,0,0,1,0,0,0,13.44416746,52.56525655
2,2400521,2020,6,12,6,3,0,7,0,0,1,1,0,0,0,0,13.43653502,52.52347098
4,4501149,2020,6,18,7,3,2,7,0,0,1,0,1,0,0,1,13.33023497,52.49084237
12,12100204,2020,6,14,4,3,0,5,0,0,1,0,0,0,1,0,13.35863544,52.56201038
4,4501153,2020,6,14,5,3,6,7,0,1,0,1,0,0,0,0,13.33061565,52.48732213
4,4200309,2020,6,9,3,3,3,6,0,0,1,0,1,0,0,0,13.25704455,52.51919799
1,1200520,2020,6,23,6,3,2,2,2,1,1,0,0,0,0,0,13.34333697,52.52878077
2,2200213,2020,6,10,3,3,2,6,0,0,1,0,0,0,0,0,13.42362228,52.4903806
4,4300624,2020,6,18,6,3,0,6,0,0,1,0,0,0,1,0,13.32544204,52.5057156
12,12500926,2020,6,14,5,3,2,2,0,1,1,0,0,0,0,0,13.33274274,52.5953891
7,7501029,2020,6,14,6,3,0,3,0,1,1,0,0,0,0,1,13.37073823,52.44474841
9,9501838,2020,6,15,2,3,3,6,0,1,0,0,0,0,1,0,13.72180372,52.42031542
3,3601244,2020,6,21,6,3,0,2,1,1,1,0,0,0,0,0,13.42808133,52.55216994
4,4400834,2020,6,14,3,3,5,2,0,1,1,0,0,0,0,0,13.3103603,52.47900976
9,9100101,2020,6,19,6,3,0,1,0,1,0,0,0,0,0,1,13.4575307,52.48641861
4,4400835,2020,6,10,5,3,2,6,0,0,1,0,0,0,1,0,13.31061046,52.46783321
10,10100206,2020,6,15,6,2,5,3,0,1,1,0,0,0,0,0,13.57504761,52.56011239
9,9200819,2020,6,17,2,3,4,6,0,1,0,0,0,0,0,0,13.56936004,52.44170008
4,4501149,2020,6,19,6,3,1,5,1,0,1,0,1,0,0,1,13.32672125,52.4913829
1,1100309,2020,6,21,4,3,2,6,1,0,1,0,1,0,0,0,13.39431725,52.52865697
9,9501737,2020,6,14,5,3,2,6,0,0,1,0,0,0,0,0,13.64232859,52.47831055
9,9100202,2020,6,7,3,2,2,6,0,0,1,0,0,0,0,0,13.47016263,52.47750841
7,7400823,2020,6,19,2,3,2,6,0,0,1,0,0,0,0,0,13.37612713,52.45803054
1,1401045,2020,6,19,6,3,4,3,0,1,0,0,0,0,1,1,13.3772767,52.55384037
8,8100418,2020,6,11,4,3,6,4,0,0,1,1,0,0,0,0,13.44976104,52.47935508
1,1401047,2020,6,19,5,3,5,2,0,1,1,0,0,0,0,0,13.35906284,52.54625714
2,2400623,2020,6,13,2,3,0,1,0,1,0,0,0,0,0,0,13.43088025,52.51212635
7,7501029,2020,6,18,6,3,5,2,0,1,1,0,0,0,0,0,13.38095312,52.44188906