BEZ,LOR_ab_2021,UJAHR,UMONAT,USTUNDE,UWOCHENTAG,UKATEGORIE,UART,UTYP1,ULICHTVERH,IstRad,IstPKW,IstFuss,IstKrad,IstGkfz,IstSonstige,USTRZUSTAND,XGCSWGS84,YGCSWGS84
9,9100306,2020,6,15,4,2,2,6,0,0,1,0,1,0,0,0,13.49063616,52.45044261
9,9300920,2020,6,17,3,3,5,3,0,1,0,0,0,0,1,0,13.52672877,52.40944521
2,2500830,2020,6,18,4,3,5,2,0,1,1,0,0,0,0,0,13.45778028,52.51277266
10,10100316,2020,6,6,3,3,0,2,0,1,1,0,0,0,0,0,13.58325523,52.54929873
11,11200512,2020,6,10,2,2,5,2,0,0,1,0,1,0,0,0,13.470341,52.53998365
8,8100311,2020,6,18,6,3,2,6,0,0,1,0,0,0,0,0,13.42670623,52.48727457
6,6300526,2020,6,9,4,3,5,2,0,0,1,0,0,0,1,0,13.25974677,52.42963333
2,2300315,2020,6,18,5,3,3,6,0,1,0,0,0,0,0,0,13.42600313,52.49925285
3,3701554,2020,6,21,1,3,0,7,1,1,1,0,0,0,0,0,13.4086172,52.53751169
4,4100102,2020,6,17,6,3,3,6,0,0,1,0,0,1,0,1,13.29397334,52.53348784
4,4500939,2020,6,13,4,3,5,2,0,0,1,0,1,0,0,0,13.3079085,52.48859723
11,11200512,2020,6,19,3,2,3,6,0,1,0,0,0,1,0,0,13.47209277,52.54757534
7,7601545,2020,6,18,2,3,6,4,0,0,1,1,0,0,0,0,13.41652219,52.39460884
3,3500935,2020,6,17,6,3,1,5,0,1,1,0,0,0,0,0,13.44786198,52.5484387
2,2300315,2020,6,15,7,3,5,3,0,1,1,0,0,0,0,1,13.43041946,52.49921153
1,1300731,2020,6,15,2,2,6,7,0,0,0,1,0,0,1,0,13.38331994,52.55949906
2,2100104,2020,6,16,6,3,5,2,0,1,1,0,0,0,0,1,13.41043947,52.50379219
3,3200205,2020,6,15,7,3,5,2,0,1,1,0,0,0,0,1,13.40169824,52.58732737
10,10100314,2020,6,8,4,3,5,2,0,0,1,0,0,0,0,0,13.55709648,52.53420537
3,3500934,2020,6,16,5,3,6,4,0,0,1,1,0,0,0,0,13.42963102,52.55459218
9,9200715,2020,6,14,1,2,5,2,0,0,1,0,0,0,0,0,13.52700246,52.43779733
2,2200209,2020,6,19,3,3,5,2,0,1,1,0,0,0,0,0,13.37660602,52.48940876
3,3601244,2020,6,11,1,2,5,3,0,1,1,0,0,0,0,0,13.42621635,52.54855239
6,6100208,2020,6,14,3,3,2,6,0,0,1,0,0,0,0,0,13.33141051,52.45351434
7,7601442,2020,6,12,5,3,2,7,0,1,1,0,0,0,1,0,13.40449823,52.40029572
6,6400844,2020,6,15,6,3,1,5,0,1,1,0,0,0,0,1,13.28364996,52.45199401
6,6100209,2020,6,17,2,3,5,2,0,1,1,0,0,0,0,0,13.33887096,52.46496778
4,4300619,2020,6,16,6,2,6,4,0,0,1,1,0,0,0,0,13.31246892,52.51775034
3,3400724,2020,6,14,7,3,0,2,0,0,1,0,1,0,0,1,13.4286113,52.58159548
1,1300835,2020,6,22,4,2,0,1,2,1,0,0,0,0,0,0,13.39031612,52.53559296
9,9200716,2020,6,15,5,3,0,3,0,0,1,0,1,0,0,0,13.54812885,52.43204526
8,8100209,2020,6,10,1,3,5,7,0,1,1,0,0,0,0,0,13.44669,52.46821849
1,1100309,2020,6,9,3,3,2,2,0,0,1,0,1,0,0,0,13.39205802,52.52342871
8,8100206,2020,6,7,4,3,0,7,0,0,1,0,0,0,0,0,13.4345694,52.47925315
7,7400927,2020,6,20,5,2,1,5,0,0,1,0,1,0,0,0,13.40606464,52.46372004
2,2100106,2020,6,20,1,3,2,6,0,0,1,0,0,0,0,0,13.40936794,52.49853425
8,8200624,2020,6,11,3,3,3,6,0,0,1,0,0,0,0,0,13.43040521,52.45231354
5,5200527,2020,6,13,6,3,6,7,0,1,0,1,0,0,0,0,13.16914105,52.52064614
10,10200420,2020,6,13,3,3,6,4,0,1,0,1,0,0,0,0,13.59873758,52.53750324
2,2300315,2020,6,15,6,3,5,2,0,1,1,0,0,0,0,1,13.43205219,52.49933451
6,6400844,2020,6,8,5,3,5,2,0,1,0,0,0,0,1,0,13.30911097,52.46757847
1,1200628,2020,6,14,6,3,5,2,0,1,1,0,0,0,0,0,13.35561255,52.519717
3,3400827,2020,6,6,2,3,0,5,0,0,0,0,1,0,1,0,13.42079691,52.55421995
7,7601340,2020,6,14,6,3,5,3,0,1,1,0,0,0,0,0,13.35933749,52.4090249
3,3601244,2020,6,19,4,3,5,3,0,0,1,0,1,0,0,0,13.42620545,52.54866059
8,8100310,2020,6,18,1,3,0,5,0,1,0,0,0,0,1,0,13.42808903,52.49315683
4,4200310,2020,6,7,3,3,2,6,0,0,1,0,0,0,0,0,13.26678356,52.5125651
11,11300721,2020,6,11,2,3,2,6,0,0,1,0,1,0,0,0,13.51424201,52.53514677
6,6300525,2020,6,14,6,3,5,3,0,1,1,0,0,0,0,0,13.26827109,52.40647135
6,6300631,2020,6,11,4,3,9,1,0,0,0,0,1,0,0,0,13.30241636,52.41992105
4,4501042,2020,6,11,2,3,3,6,0,1,0,0,0,0,1,0,13.33324361,52.50657693
4,4300518,2020,6,14,6,3,5,3,0,0,1,0,0,0,0,0,13.29576828,52.5303924
1,1100308,2020,6,11,4,3,0,1,0,1,0,0,0,0,0,0,13.38653479,52.52774345
4,4501153,2020,6,13,6,3,0,1,0,0,0,0,1,0,0,0,13.33569253,52.48587417
5,5100317,2020,6,14,2,3,0,1,0,0,0,0,1,0,0,0,13.20760469,52.53269976
9,9200819,2020,6,13,6,2,0,2,0,0,1,0,0,0,1,0,13.56342251,52.44571923
12,12200310,2020,6,17,4,2,5,3,0,0,1,0,1,0,0,0,13.3143705,52.57458257
1,1400937,2020,6,19,1,3,5,3,0,1,1,0,0,0,0,0,13.33495493,52.5565045
8,8401241,2020,6,17,3,3,1,5,0,1,1,0,0,0,0,0,13.47652233,52.43796105
1,1100310,2020,6,9,2,3,0,1,0,1,0,0,0,0,0,0,13.4170944,52.52594892
4,4100102,2020,6,10,6,3,0,1,0,0,0,0,1,0,0,0,13.29312086,52.53436188
11,11100309,2020,6,13,7,3,3,6,0,0,0,0,1,1,0,1,13.50810761,52.56447986
3,3701660,2020,6,9,4,3,6,7,0,1,0,1,0,0,0,0,13.43484462,52.53221989
6,6100208,2020,6,18,5,3,0,6,0,0,1,0,1,0,0,0,13.33807519,52.45136749
9,9501838,2020,6,15,1,3,5,2,0,1,1,0,0,0,0,0,13.68580035,52.44283129
9,9301025,2020,6,10,6,3,5,3,0,0,1,0,0,1,0,0,13.55585693,52.39929674
7,7100103,2020,6,12,4,3,3,6,0,1,0,0,0,0,0,0,13.35765787,52.5006058
4,4300620,2020,6,19,5,3,1,7,0,0,1,0,1,0,0,0,13.32483738,52.52180599
3,3100102,2020,6,14,2,3,0,3,0,0,1,0,1,0,0,0,13.50337629,52.63660869
11,11300722,2020,6,9,6,3,3,6,0,1,1,0,0,0,0,0,13.47936522,52.52040686
2,2400625,2020,6,14,4,3,2,6,0,0,1,0,0,0,0,0,13.44383408,52.50360933
9,9401635,2020,6,16,3,3,2,3,0,1,1,0,0,0,1,0,13.66245465,52.41162625
6,6300632,2020,6,21,2,2,0,1,1,0,0,0,1,0,0,0,13.28896569,52.42302446
1,1400938,2020,6,7,6,3,6,4,0,0,1,1,0,0,0,0,13.34101403,52.55159469
7,7100101,2020,6,11,7,3,0,7,0,0,0,1,0,0,1,0,13.34165955,52.50206777
12,12200412,2020,6,7,4,2,0,7,0,0,1,0,0,0,0,0,13.27150476,52.57358621
3,3500935,2020,6,20,5,3,7,7,0,1,0,0,0,0,0,0,13.4480689,52.54924413
9,9200819,2020,6,17,1,2,0,1,0,1,0,0,0,0,0,0,13.57154575,52.43621102
11,11200411,2020,6,12,3,2,5,7,0,0,1,0,0,1,0,0,13.51600193,52.54634598
2,2100105,2020,6,10,7,3,1,5,0,1,1,0,0,0,0,1,13.40837728,52.50065812
7,7501031,2020,6,14,3,3,2,6,0,0,1,0,0,0,0,0,13.40126752,52.44613154
12,12200307,2020,6,11,5,3,0,1,0,0,0,0,1,0,0,0,13.32611378,52.57571394
4,4300623,2020,6,16,6,3,0,6,0,0,1,0,0,0,1,0,13.30594324,52.50670824
7,7501030,2020,6,19,3,2,1,7,0,0,1,0,0,0,0,0,13.38481338,52.44676937
8,8401243,2020,6,13,5,3,5,3,0,1,1,0,0,0,0,0,13.4947105,52.41841308
10,10400941,2020,6,17,6,3,5,3,0,0,1,0,1,0,0,0,13.61569679,52.48479684
9,9200511,2020,6,18,2,3,1,5,0,1,1,0,0,0,0,0,13.52039787,52.46099794
1,1100102,2020,6,6,6,3,5,2,0,0,1,0,1,0,0,0,13.37109583,52.51111037
7,7400822,2020,6,13,7,3,1,5,0,0,1,0,1,0,0,1,13.36586172,52.45973853
1,1401047,2020,6,0,4,3,5,3,2,0,1,0,0,0,0,0,13.36070269,52.5454379
1,1300836,2020,6,16,5,3,6,2,0,0,1,1,0,0,0,0,13.37851727,52.54471338
1,1100313,2020,6,11,3,3,5,3,0,1,1,0,0,0,0,0,13.42229486,52.50544908
9,9401534,2020,6,11,6,3,0,1,0,1,0,0,0,0,0,0,13.57532055,52.44750974
1,1100103,2020,6,12,3,3,5,3,0,0,1,0,0,0,0,0,13.35216437,52.50551922
8,8401244,2020,6,12,6,3,2,6,0,0,1,0,0,0,0,0,13.50383825,52.41141008
12,12500926,2020,6,12,5,3,1,5,0,0,1,0,0,0,0,0,13.32504921,52.58878063
6,6300634,2020,6,14,6,3,5,3,0,0,1,0,0,0,0,1,13.29598741,52.43810427
6,6200422,2020,6,15,2,3,2,6,0,0,1,0,0,0,0,0,13.32614189,52.42786969
5,5100313,2020,6,12,6,3,5,2,0,1,1,0,0,0,0,0,13.20982347,52.54789907
6,6100205,2020,6,19,4,3,5,7,0,0,1,0,1,0,0,0,13.34578553,52.45012037
11,11200410,2020,6,12,7,3,5,3,0,1,1,0,0,0,0,0,13.5025944,52.55573742
3,3300516,2020,6,16,2,3,1,6,0,1,1,0,0,0,0,0,13.44682932,52.56488324
6,6300634,2020,6,11,6,3,5,2,0,0,1,0,0,0,1,0,13.29812923,52.44166606
6,6300524,2020,6,22,4,3,5,2,2,1,0,0,1,0,0,0,13.24101089,52.43215362
6,6200420,2020,6,14,5,3,2,6,0,0,1,0,0,0,0,0,13.30251134,52.41473864
1,1300834,2020,6,8,3,3,5,2,0,1,1,0,0,0,0,0,13.39590704,52.53823756
8,8100314,2020,6,22,2,3,5,2,2,1,1,0,0,0,0,0,13.43361869,52.48207781
10,10300731,2020,6,17,5,3,0,2,0,1,1,0,0,0,0,0,13.56298448,52.51419861
1,1100311,2020,6,19,4,3,5,2,0,1,1,0,0,0,0,0,13.41636163,52.5199615
9,9200819,2020,6,16,5,3,3,6,0,0,1,0,0,0,0,0,13.56974017,52.44194883
1,1401047,2020,6,13,2,3,5,3,0,0,1,0,0,0,1,0,13.36378422,52.54353522
2,2100104,2020,6,1,5,3,0,1,2,1,0,0,0,0,0,1,13.41047449,52.50381551
9,9100304,2020,6,16,4,3,0,1,0,0,0,0,1,0,0,0,13.47988647,52.47066095
3,3400721,2020,6,17,3,3,2,1,0,1,1,0,0,0,0,0,13.40259519,52.56553176
4,4300622,2020,6,8,2,3,5,7,0,0,1,0,1,0,0,0,13.32287161,52.51746838
6,6400839,2020,6,15,5,3,0,7,0,1,0,0,0,0,0,0,13.25587976,52.43919135
3,3200206,2020,6,7,3,3,5,3,0,1,0,0,0,0,0,0,13.40399636,52.58145621
4,4500939,2020,6,10,2,3,5,3,0,1,1,0,0,0,0,0,13.30928776,52.4920559
9,9401433,2020,6,21,5,2,0,7,1,1,0,0,0,0,0,0,13.59350445,52.43975033
7,7501134,2020,6,10,4,3,8,1,0,0,1,1,0,0,0,0,13.40504591,52.42789612
6,6400737,2020,6,18,5,3,1,5,0,1,1,0,0,0,0,0,13.1864618,52.43204587
4,4400726,2020,6,21,1,3,1,5,1,1,1,0,0,0,0,0,13.27945564,52.48869953
2,2500830,2020,6,19,5,3,0,1,0,1,0,0,0,0,0,0,13.45768096,52.51280694
2,2100104,2020,6,13,4,2,8,1,0,0,0,0,0,0,1,0,13.41080374,52.50341943
2,2200211,2020,6,11,7,3,6,4,0,1,1,1,0,0,0,0,13.39312378,52.48920347
5,5100208,2020,6,16,3,3,2,2,0,0,1,0,0,0,0,0,13.16228266,52.5475914
11,11100205,2020,6,8,2,3,5,2,0,0,1,0,1,0,0,0,13.51236384,52.56803673
3,3601348,2020,6,19,5,3,5,3,0,1,1,0,0,0,0,0,13.42260201,52.54458697
3,3601348,2020,6,5,7,3,1,5,0,1,1,0,0,0,0,0,13.42057729,52.5419682
3,3100103,2020,6,15,4,3,5,3,0,1,1,0,0,0,0,0,13.49599061,52.6259947
4,4501040,2020,6,21,5,3,5,2,1,0,1,0,0,0,0,0,13.31297428,52.49993362
4,4300414,2020,6,5,7,3,3,6,1,1,1,0,0,0,0,0,13.30098395,52.51530956
6,6200316,2020,6,8,4,3,1,5,0,0,1,0,0,0,1,0,13.35649965,52.42940926
3,3200308,2020,6,17,5,3,1,5,0,0,1,0,0,0,0,0,13.41561722,52.60506654
12,12601236,2020,6,14,1,3,5,2,0,1,1,0,0,0,0,0,13.34756487,52.59635833
9,9401329,2020,6,5,4,3,6,6,0,1,0,1,0,0,0,0,13.58773912,52.43873837
5,5200629,2020,6,15,3,3,5,2,0,1,1,0,0,0,0,0,13.19555544,52.52922028
1,1300733,2020,6,12,5,3,6,4,0,1,0,1,0,0,0,0,13.38416776,52.55604029
3,3601141,2020,6,19,6,3,0,7,0,1,0,1,0,0,0,0,13.40659894,52.55128177
7,7400927,2020,6,17,2,3,5,7,0,1,1,0,0,0,0,0,13.38833885,52.46856281
1,1200522,2020,6,19,5,3,5,3,0,1,1,0,0,0,0,0,13.33763875,52.52527133
2,2400521,2020,6,3,7,2,5,2,2,0,1,0,0,0,0,1,13.44065624,52.517174
4,4400835,2020,6,22,4,3,6,7,2,0,1,1,0,0,0,0,13.31128866,52.46819855
5,5200632,2020,6,16,5,3,5,2,0,0,1,0,1,0,0,0,13.21593702,52.52694832
2,2300316,2020,6,9,3,3,5,7,0,1,1,0,0,0,0,0,13.43873096,52.50275341
2,2500834,2020,6,17,3,3,3,6,0,0,0,0,0,1,1,0,13.45079605,52.50916706
11,11100204,2020,6,18,5,3,5,2,0,1,1,0,0,0,0,0,13.52052225,52.56873126
7,7601341,2020,6,11,3,3,5,3,0,1,1,0,0,0,0,0,13.38165785,52.41086894
2,2200210,2020,6,18,5,3,5,2,0,1,1,0,0,0,0,0,13.39447783,52.49141608
6,6400737,2020,6,13,3,3,0,6,0,1,1,0,0,0,0,0,13.18746065,52.42592731
2,2100103,2020,6,19,5,3,2,6,0,1,1,0,0,0,0,0,13.3989966,52.49827753
6,6200316,2020,6,8,5,3,0,1,0,1,0,0,0,0,0,0,13.35529946,52.42730546
9,9200819,2020,6,15,6,3,0,1,0,0,0,0,1,0,0,1,13.56927099,52.44314312
2,2400521,2020,6,17,2,2,5,2,0,1,1,0,0,0,0,0,13.43288046,52.51781772
1,1100205,2020,6,17,5,3,2,2,0,0,1,0,0,0,1,0,13.38408466,52.51019567
6,6400736,2020,6,19,4,2,0,1,1,1,0,0,0,0,0,0,13.22946882,52.42680285
1,1100205,2020,6,13,5,3,1,5,0,0,1,0,1,0,0,0,13.37896604,52.50719184
12,12100205,2020,6,18,3,3,3,6,0,1,1,0,0,0,0,0,13.35987428,52.57005369
4,4501150,2020,6,11,2,3,4,2,0,1,1,0,0,0,0,0,13.32588819,52.4852516
10,10400941,2020,6,17,5,3,5,3,0,1,1,0,0,0,0,0,13.60114074,52.47923623
11,11300618,2020,6,11,4,3,2,6,0,0,1,0,0,0,1,0,13.4593312,52.5258399
2,2200209,2020,6,19,5,3,6,7,0,1,0,1,0,0,0,0,13.38056867,52.49168364
1,1100103,2020,6,13,2,3,2,6,0,1,0,0,0,0,0,0,13.35141991,52.50439188
2,2200210,2020,6,16,5,3,5,3,0,0,1,0,0,0,0,0,13.39268736,52.49175331
4,4100101,2020,6,15,4,3,0,3,0,0,1,0,0,0,1,0,13.30733615,52.53939037
1,1100104,2020,6,22,4,3,6,7,2,1,0,1,0,0,0,0,13.36863564,52.50239867
3,3601348,2020,6,14,6,3,5,3,0,1,1,0,0,0,0,0,13.42266712,52.54461887
1,1200628,2020,6,14,2,3,2,6,0,0,1,0,0,1,0,0,13.35547421,52.51956919
4,4300619,2020,6,16,5,3,6,7,0,0,1,1,0,0,0,0,13.30824662,52.51680656
1,1100309,2020,6,17,4,3,1,5,0,1,1,0,0,0,0,0,13.39737237,52.52383058
6,6300524,2020,6,5,3,3,1,1,0,0,1,0,0,0,1,0,13.24892711,52.41946559
5,5100211,2020,6,9,2,3,0,7,0,1,0,0,0,0,1,0,13.17994559,52.53883357
12,12601235,2020,6,16,5,2,1,5,0,0,1,0,1,0,0,0,13.35887914,52.59262926
4,4100101,2020,6,9,4,3,5,3,0,0,1,0,0,0,1,0,13.3110052,52.54759736
12,12200308,2020,6,17,5,3,2,6,0,0,1,0,0,0,0,0,13.31827981,52.57615762
1,1100102,2020,6,16,1,2,0,1,0,1,0,0,0,0,0,0,13.37000215,52.51628873
9,9100409,2020,6,15,5,3,2,7,0,1,0,0,0,0,1,0,13.51034028,52.45385163
7,7100102,2020,6,13,4,3,2,6,0,0,1,0,1,0,0,0,13.34658653,52.50135003
2,1100313,2020,6,15,3,3,1,7,0,0,1,0,0,0,1,0,13.41751676,52.50428879
4,4100101,2020,6,17,3,2,5,3,0,0,0,0,1,0,1,0,13.32597021,52.538866
4,4501151,2020,6,19,2,3,6,7,0,1,0,1,0,0,0,0,13.32227249,52.4787563
5,5200528,2020,6,15,5,3,5,3,0,0,1,0,0,0,1,0,13.17695494,52.51708251
4,4100101,2020,6,1,7,3,0,1,2,0,1,0,0,0,0,1,13.29681029,52.54801219
4,4200310,2020,6,8,4,3,1,5,0,0,1,0,0,1,0,0,13.26282192,52.51348859
4,4500939,2020,6,16,5,3,5,2,0,1,1,0,0,0,0,0,13.30942923,52.49201483
4,4501153,2020,6,12,1,2,6,7,0,0,1,1,0,0,0,0,13.32902988,52.47961048
9,9200716,2020,6,18,7,3,0,1,0,0,0,0,1,0,0,1,13.54808116,52.43789886
4,4501153,2020,6,14,3,3,1,5,0,1,1,0,0,0,0,0,13.33087307,52.48466233
7,7100102,2020,6,17,7,3,5,2,0,1,1,0,0,0,0,1,13.35324285,52.50173158
12,12500825,2020,6,14,3,3,5,2,0,0,1,0,0,0,0,0,13.31624881,52.58678538
9,9501737,2020,6,12,5,3,0,1,0,1,0,0,0,0,0,0,13.62480958,52.45164666
8,8100520,2020,6,17,6,3,3,6,0,0,1,0,0,0,0,0,13.46121413,52.47150174
8,8401243,2020,6,17,2,3,0,3,0,1,1,0,0,0,0,0,13.49556525,52.42466522
10,10200627,2020,6,8,5,3,6,7,0,0,1,1,0,0,0,0,13.59006392,52.52869839
1,1100313,2020,6,22,4,3,0,1,2,1,0,0,0,0,0,0,13.42870754,52.50873057
7,7501134,2020,6,15,5,3,0,7,0,1,0,0,0,0,1,0,13.39864706,52.43163928
11,11100102,2020,7,10,7,2,1,5,0,1,1,0,0,0,0,0,13.56521881,52.57259611
2,2200212,2020,6,13,2,3,2,3,0,1,1,0,0,0,0,0,13.41483236,52.4892352
8,8100207,2020,6,0,1,3,0,1,2,1,0,0,0,0,0,0,13.4291267,52.47790673
6,6200421,2020,7,21,5,3,0,2,0,1,0,0,1,0,0,0,13.32159099,52.43573585
1,1100207,2020,7,8,4,3,3,6,0,1,1,0,0,0,0,0,13.39183352,52.51041365
2,2300417,2020,7,18,6,3,6,4,0,0,1,1,0,0,0,0,13.42984115,52.49823354
6,6100103,2020,6,13,2,2,2,7,0,0,1,0,0,0,0,0,13.32479966,52.46163004
2,2300315,2020,6,20,3,3,5,2,0,1,1,0,0,0,0,0,13.42279248,52.49905266
4,4300624,2020,6,13,1,3,3,5,0,0,1,0,1,0,0,1,13.32537173,52.50571941
11,11300722,2020,7,19,1,3,1,5,0,1,1,0,0,0,0,1,13.48141842,52.51472057
11,11200513,2020,6,9,3,3,2,6,0,0,0,0,1,0,1,0,13.49090181,52.5432738
2,2300419,2020,6,14,1,3,0,7,0,0,1,1,0,0,0,0,13.44289273,52.49818597
9,9401329,2020,7,9,7,3,5,2,0,1,1,0,0,0,0,0,13.59688302,52.43695883
1,1100416,2020,6,19,2,2,0,1,0,1,0,0,0,0,0,0,13.4034122,52.532217
1,1100311,2020,6,14,1,3,2,6,0,0,1,0,0,0,0,1,13.41769751,52.5182021
2,2500835,2020,7,16,4,3,1,5,0,0,1,0,0,0,1,0,13.46526792,52.4983291
11,11200411,2020,7,13,6,3,5,3,0,0,1,0,0,1,0,0,13.51393628,52.55127388
7,7300515,2020,6,16,3,3,5,2,0,1,1,0,0,0,0,0,13.32850575,52.47111971
9,9501737,2020,7,1,1,2,0,1,2,0,0,0,1,0,0,0,13.64295937,52.45598714
1,1400938,2020,6,19,3,3,2,3,0,1,1,0,0,0,0,0,13.34041447,52.55110017
4,4500936,2020,7,16,1,2,1,5,0,1,0,0,0,0,1,0,13.29617124,52.50230003
2,2500831,2020,6,8,3,3,5,3,0,1,1,0,0,0,0,0,13.46993059,52.51228414
9,9301025,2020,6,14,1,3,5,3,0,1,1,0,0,0,0,1,13.57393706,52.40186412
1,1200517,2020,7,14,5,3,1,5,0,1,1,0,0,0,0,0,13.32602262,52.53250962
1,1100207,2020,7,17,7,3,6,4,0,0,1,1,0,0,0,0,13.4057666,52.51403834
9,9300920,2020,6,11,2,3,1,5,0,1,1,0,0,0,0,0,13.53676978,52.41889417
2,2100103,2020,6,16,1,3,1,1,0,1,1,0,0,0,0,0,13.39744558,52.50521291
4,4500937,2020,7,23,4,2,6,4,2,0,0,1,0,0,1,1,13.28773432,52.49714295
5,5200423,2020,7,12,6,3,5,3,0,1,1,0,0,0,0,0,13.15933644,52.52958819
7,7601236,2020,6,15,3,3,5,3,0,0,1,0,0,0,0,0,13.36167371,52.41566218
4,4501040,2020,7,17,7,3,2,6,0,1,0,0,0,0,0,0,13.31308409,52.50085397
5,5200631,2020,6,21,2,3,5,3,1,1,1,0,0,0,0,0,13.19602231,52.52734525
6,6300524,2020,6,14,1,2,5,3,0,1,1,0,0,0,0,1,13.23003314,52.43085103
9,9100101,2020,7,20,5,3,5,2,0,1,1,0,0,0,0,0,13.45639795,52.48724185
11,11100309,2020,7,0,5,3,2,6,2,0,1,0,0,0,0,0,13.50852088,52.56440829
5,5200632,2020,7,13,6,3,1,5,0,0,1,0,0,0,0,0,13.21761915,52.52656786
5,5100316,2020,6,17,2,3,3,6,0,0,1,0,1,0,0,0,13.20394885,52.54063002
9,9200614,2020,6,12,1,3,5,3,0,0,1,0,1,0,0,0,13.53629876,52.45132196
9,9100101,2020,6,16,2,3,0,1,0,1,0,0,0,0,0,1,13.45769765,52.48629685
11,11401034,2020,6,12,1,3,5,3,0,1,1,0,0,0,0,0,13.53069189,52.51016365
3,3300514,2020,7,8,5,3,5,3,0,1,1,0,0,0,0,0,13.44226662,52.59104225
9,9200715,2020,7,15,7,3,5,3,0,1,1,0,0,0,0,0,13.52244863,52.42838555
1,1401049,2020,6,17,2,3,5,2,0,1,0,0,0,0,1,0,13.3657528,52.55683498
6,6300629,2020,6,12,1,3,0,3,0,0,1,0,1,0,0,0,13.2971639,52.45216241
2,2200210,2020,7,14,4,3,1,1,0,1,1,0,1,0,0,1,13.40144796,52.49427339
8,8100312,2020,7,11,6,3,6,7,0,0,1,1,0,0,0,0,13.43589843,52.48369489
4,4501146,2020,6,6,3,3,3,6,0,0,1,0,0,0,0,0,13.30845185,52.48768582
2,2200210,2020,7,19,7,3,0,1,0,1,0,0,0,0,0,0,13.39767464,52.4953552
5,5200632,2020,6,12,2,3,5,2,0,1,0,0,1,0,0,0,13.20758313,52.52633185
9,9501941,2020,6,14,7,3,0,1,0,1,0,0,0,0,0,0,13.58318065,52.45170118
12,12601235,2020,7,20,5,3,5,2,0,0,1,0,1,0,0,0,13.3484482,52.59627632
11,11300722,2020,7,15,4,2,0,1,0,0,0,0,1,0,0,1,13.48002756,52.5174173
5,5200629,2020,7,20,6,3,5,2,0,1,1,0,0,0,0,0,13.19459608,52.53362758
10,10100312,2020,6,16,2,3,5,2,0,1,1,0,0,0,0,1,13.54012811,52.52566473
2,2200211,2020,7,8,4,3,6,4,0,0,0,1,1,0,0,0,13.38886889,52.48981006
11,11400931,2020,6,11,7,3,0,5,0,1,1,0,0,0,0,0,13.51927648,52.50859785
2,2300418,2020,6,11,3,3,5,3,0,1,0,0,0,0,0,0,13.43902063,52.49498774
6,6200420,2020,7,10,4,2,5,2,0,1,0,0,0,1,0,0,13.30516451,52.41778661
7,7501135,2020,6,13,3,3,2,2,0,0,1,0,0,0,0,0,13.39522896,52.42435111
2,2200210,2020,7,3,7,3,1,5,2,0,1,0,0,0,1,0,13.39384009,52.49154263
9,9200715,2020,6,10,2,3,5,2,0,1,1,0,0,0,0,0,13.52670912,52.42879879
10,10200417,2020,6,14,7,3,3,6,0,0,1,0,1,0,0,0,13.59244976,52.54849604
1,1100103,2020,7,20,5,3,1,5,0,1,1,0,0,0,0,0,13.35177037,52.50258111
2,2400521,2020,7,18,4,2,5,3,0,1,1,0,0,0,0,0,13.43290576,52.51791079
5,5200629,2020,7,17,6,3,2,2,0,0,1,0,0,0,0,0,13.19670527,52.53143235
10,10400836,2020,6,16,2,3,0,2,0,1,1,0,0,0,0,1,13.58725653,52.51114364
5,5100316,2020,6,21,3,3,5,2,0,0,0,0,1,0,1,0,13.20405683,52.54049898
11,11400929,2020,6,13,7,3,0,6,0,1,1,0,0,0,0,0,13.48866379,52.50255978
9,9200511,2020,7,17,1,3,6,4,0,1,0,1,0,0,0,0,13.51495628,52.46844232
4,4200311,2020,6,8,3,3,2,6,0,0,1,0,0,0,0,0,13.27915062,52.50121759
12,12200515,2020,6,13,7,3,0,1,0,0,0,0,1,0,0,0,13.28046934,52.594177
8,8200623,2020,7,18,7,3,5,2,0,0,1,0,0,0,0,1,13.44920841,52.45238485
2,2300316,2020,6,16,2,3,0,5,0,1,1,0,0,0,0,1,13.43551354,52.50423075
7,7501031,2020,6,13,7,3,5,3,0,1,1,0,0,0,0,0,13.39683099,52.44723266
12,12200310,2020,6,13,7,3,0,6,0,1,0,0,0,0,0,0,13.30134221,52.56937845
4,4501041,2020,7,11,7,3,0,1,0,0,0,0,1,0,0,0,13.32293138,52.49989365
7,7601546,2020,6,15,2,3,5,2,0,1,1,0,0,0,0,1,13.38885039,52.39841547
2,2100106,2020,6,13,7,3,6,4,0,1,0,1,0,0,0,0,13.41470356,52.49849789
5,5300737,2020,7,16,4,3,2,6,0,0,1,0,0,0,0,0,13.24619372,52.54429929
3,3601245,2020,7,14,6,3,0,2,0,1,0,0,0,0,1,0,13.42992307,52.55108766
5,5400943,2020,6,9,2,3,0,7,0,0,1,0,0,0,0,0,13.14168685,52.45543077
7,7400826,2020,6,18,3,3,0,2,0,0,1,1,0,0,0,0,13.36413451,52.44831843
6,6400737,2020,7,14,1,3,5,2,0,1,1,0,0,0,0,0,13.19173167,52.43366014
4,4300414,2020,6,8,3,2,0,1,0,0,0,0,0,0,1,0,13.29658668,52.51358296
4,4400831,2020,6,13,7,2,0,1,0,1,0,0,0,0,0,0,13.282612,52.47565894