BEZ,LOR_ab_2021,UJAHR,UMONAT,USTUNDE,UWOCHENTAG,UKATEGORIE,UART,UTYP1,ULICHTVERH,IstRad,IstPKW,IstFuss,IstKrad,IstGkfz,IstSonstige,USTRZUSTAND,XGCSWGS84,YGCSWGS84
7,7400823,2020,7,12,5,3,5,2,0,1,1,0,0,0,0,0,13.37791706,52.46855722
9,9502043,2020,7,16,7,3,2,6,0,0,1,0,0,0,0,0,13.58479971,52.46639479
2,2500833,2020,6,15,2,3,5,2,0,1,1,0,0,0,0,0,13.45165949,52.51075963
12,12200412,2020,6,13,7,3,2,2,0,0,1,0,0,0,1,0,13.25452798,52.56183883
12,12500930,2020,7,18,4,3,5,3,0,0,1,0,0,0,0,0,13.33480111,52.58731039
10,10300731,2020,7,11,6,3,3,6,0,0,1,0,0,0,0,0,13.56529037,52.52545552
3,3300516,2020,6,14,3,2,6,4,0,0,1,1,0,0,0,0,13.43731786,52.57482129
1,1100308,2020,7,16,4,3,6,7,0,0,1,1,0,0,0,0,13.38674894,52.52373626
7,7501029,2020,7,13,6,3,3,2,0,0,1,0,0,1,0,0,13.38123349,52.4408571
10,10200524,2020,6,16,3,3,5,5,0,0,1,0,0,0,0,0,13.61307268,52.5339701
5,5100313,2020,7,20,1,3,5,3,1,0,1,0,1,0,0,1,13.20966309,52.55057664
1,1200520,2020,6,20,2,2,5,7,0,0,1,0,1,0,0,0,13.34316952,52.53125178
4,4300620,2020,6,20,7,3,5,2,0,1,1,0,0,0,0,0,13.33160376,52.51336106
1,1100102,2020,7,6,5,3,0,2,0,1,1,0,0,0,0,0,13.37083606,52.51783952
12,12500927,2020,7,7,6,3,0,6,0,1,0,0,0,1,0,0,13.31854242,52.59421723
7,7300516,2020,6,17,2,3,6,4,0,1,0,1,0,0,0,0,13.32861271,52.46483188
8,8100419,2020,6,12,7,3,1,5,0,0,1,0,0,0,0,0,13.45316901,52.48288396
7,7100205,2020,7,11,4,3,5,2,0,0,1,0,0,0,0,1,13.36110358,52.49443132
10,10400940,2020,6,14,3,2,3,6,0,0,1,0,1,0,0,0,13.61375481,52.50428294
2,2300418,2020,7,19,7,3,5,3,0,0,1,0,0,0,0,0,13.43550083,52.491726
12,12200309,2020,6,12,2,3,6,4,0,0,1,1,0,0,0,0,13.31999707,52.56597832
4,4200207,2020,6,11,7,2,8,1,0,1,0,0,0,0,0,0,13.19983941,52.46930126
9,9501940,2020,7,19,5,3,1,5,0,1,1,0,0,0,0,0,13.57742283,52.45375761
3,3601245,2020,7,14,4,3,5,2,0,1,1,0,0,0,0,0,13.43647644,52.54851295
4,4300624,2020,7,22,7,3,1,5,2,1,1,0,0,0,0,0,13.31838856,52.50610666
9,9502043,2020,6,14,2,3,5,3,0,1,1,0,0,0,0,0,13.55327709,52.46955645
1,1200628,2020,6,12,7,3,5,2,0,0,1,0,0,0,1,0,13.35946963,52.52329211
11,11300722,2020,7,18,5,3,5,2,0,1,1,0,0,0,0,0,13.47929691,52.52304731
11,11401137,2020,7,13,4,3,6,4,0,0,1,1,0,0,0,0,13.52095812,52.49519662
1,1401044,2020,7,21,6,3,0,3,1,1,1,0,0,0,0,0,13.36912784,52.54621143
1,1200626,2020,6,9,2,3,5,2,0,1,1,0,0,0,0,0,13.34675991,52.5248982
3,3400725,2020,7,9,4,3,0,6,0,0,1,0,1,0,0,0,13.41827126,52.58427114
11,11200513,2020,7,8,6,3,5,2,0,1,1,0,0,0,0,0,13.49375662,52.54111624
8,8200725,2020,6,12,3,3,3,6,0,0,1,0,1,0,0,0,13.43115044,52.44327853
8,8100313,2020,7,14,7,3,1,5,0,1,1,0,0,0,0,0,13.44572128,52.48593322
12,12500927,2020,6,7,2,3,2,6,0,0,1,0,0,0,0,0,13.31808243,52.58936841
12,12601032,2020,6,12,7,3,2,6,0,0,1,0,0,0,0,0,13.32704097,52.60874903
4,4300619,2020,7,18,5,3,2,6,0,0,1,0,0,0,0,0,13.31012462,52.51638455
8,8100102,2020,7,17,4,3,6,4,0,0,1,1,0,0,0,0,13.42467745,52.47909149
1,1100101,2020,7,17,6,3,2,2,0,0,1,0,0,0,0,0,13.35144604,52.5096111
5,5100317,2020,6,7,2,3,5,2,0,0,0,0,1,0,1,0,13.2286812,52.5282077
5,5300736,2020,7,7,6,3,5,2,0,1,1,0,0,0,0,0,13.21600158,52.53800577
11,11200512,2020,6,19,3,2,5,7,0,1,1,0,0,0,0,0,13.48998123,52.5433708
2,2500832,2020,7,20,6,3,0,1,0,1,0,0,0,0,0,0,13.47556479,52.51203106
4,4501042,2020,6,6,2,3,3,6,0,0,1,0,0,0,1,0,13.33332285,52.50416037
6,6300528,2020,7,7,6,2,3,6,0,0,1,0,1,0,0,0,13.26714229,52.41048694
11,11300617,2020,6,6,3,3,2,6,0,0,1,0,0,0,1,0,13.46154879,52.52983813
10,10400837,2020,6,12,7,3,3,6,0,1,1,0,0,0,0,0,13.58127941,52.50423294
5,5400943,2020,7,0,1,3,6,4,2,0,1,1,0,0,0,0,13.11611451,52.46266445
7,7601341,2020,6,10,3,3,0,2,0,0,1,0,0,0,1,0,13.36337079,52.41194423
7,7501134,2020,6,11,7,3,2,6,0,0,1,0,0,0,1,0,13.40878866,52.43914657
9,9300920,2020,7,10,7,2,5,2,0,0,1,0,1,0,0,0,13.52711924,52.42456004
2,2100106,2020,6,6,2,3,2,6,0,0,1,0,0,0,0,0,13.40844144,52.49848908
1,1100206,2020,6,11,7,3,6,7,0,0,0,1,0,0,1,0,13.39490293,52.52070021
8,8100419,2020,7,16,4,3,5,3,0,1,1,0,0,0,0,1,13.44713629,52.48388001
10,10300734,2020,7,14,6,3,5,2,0,0,1,0,0,0,0,0,13.56157554,52.50232095
1,1400939,2020,7,5,6,3,0,7,0,0,0,0,1,0,0,1,13.34316385,52.55663337
11,11300620,2020,6,17,3,3,5,3,0,1,0,0,0,0,0,0,13.47895399,52.52807134
5,5300737,2020,7,11,1,3,5,2,0,1,1,0,0,0,0,0,13.24511415,52.53815344
9,9501941,2020,6,7,3,3,2,6,0,0,1,0,0,0,0,0,13.5934129,52.45279498
11,11100204,2020,6,10,7,3,2,2,0,0,1,0,1,0,0,0,13.51784813,52.56373326
12,12200309,2020,7,10,5,3,2,7,0,0,1,0,0,0,1,0,13.33123498,52.56228787
3,3601141,2020,7,16,7,3,5,2,0,1,1,0,0,0,0,0,13.41470285,52.55357206
1,1100309,2020,7,16,1,3,5,2,0,1,1,0,0,0,0,0,13.40722794,52.52348501
3,3500936,2020,6,8,3,3,5,3,0,1,1,0,0,0,0,0,13.45949614,52.5479773
8,8100209,2020,6,10,7,3,2,6,0,0,1,0,0,0,0,0,13.44349442,52.46436818
9,9200715,2020,7,14,5,2,5,3,0,0,1,0,1,0,0,0,13.52678292,52.43767214
11,11200515,2020,7,15,7,3,3,6,0,0,1,0,0,0,0,0,13.5138312,52.53581675
11,11401032,2020,6,16,2,3,2,6,0,0,1,0,0,0,1,0,13.51886568,52.51377559
7,7400928,2020,6,9,7,3,5,3,0,1,1,0,0,0,0,0,13.42056242,52.46143396
6,6300634,2020,7,16,4,3,5,2,0,0,1,0,0,0,0,1,13.30961905,52.43128408
8,8100206,2020,7,13,6,3,3,6,0,1,1,0,0,0,0,0,13.42780479,52.48114731
1,1300835,2020,7,2,6,2,8,1,2,0,1,0,0,0,0,0,13.38276913,52.54215867
11,11401033,2020,6,15,3,3,5,2,0,1,1,0,0,0,0,0,13.5245508,52.51372973
8,8200832,2020,7,19,7,3,0,1,0,1,0,0,0,0,0,0,13.43678866,52.42352065
11,11300722,2020,6,20,2,2,1,1,0,0,1,0,1,0,0,0,13.48002333,52.51727538
9,9501939,2020,6,18,7,3,0,7,0,1,0,0,0,0,0,0,13.5640845,52.45663711
1,1100311,2020,7,17,5,3,5,2,0,1,1,0,0,0,0,0,13.42146627,52.51432684
10,10300731,2020,7,10,5,3,2,3,0,0,1,0,0,0,0,0,13.56396016,52.51859681
6,6200311,2020,7,10,6,1,5,2,0,1,0,0,0,1,0,0,13.3529895,52.43344893
7,7601544,2020,6,15,2,3,0,2,0,1,1,0,0,0,0,1,13.4064333,52.39376236
6,6400839,2020,6,18,7,3,1,5,0,1,1,0,0,0,0,0,13.25091608,52.43786201
4,4300416,2020,7,9,4,3,5,2,0,1,0,0,0,0,1,0,13.29272821,52.5067035
12,12400616,2020,6,17,2,2,5,3,0,1,1,0,0,0,0,0,13.23031301,52.58651513
10,10200417,2020,6,18,7,3,5,3,0,1,1,0,0,0,0,0,13.60012162,52.54468044
8,8100313,2020,7,18,4,3,0,7,0,1,0,1,0,0,0,1,13.44606863,52.48620027
3,3601453,2020,7,11,6,3,1,5,0,0,1,0,0,0,0,0,13.45727342,52.52436891
2,2100102,2020,6,6,3,3,5,2,0,1,1,0,0,0,0,0,13.38970022,52.49943357
6,6400838,2020,7,20,7,2,0,1,0,0,0,0,1,0,0,1,13.24033931,52.44262901
2,2400624,2020,6,13,2,3,0,5,0,0,1,0,0,0,1,0,13.45091124,52.51272664
1,1401049,2020,6,19,7,3,5,3,0,1,1,0,0,0,0,0,13.36537196,52.55680904
3,3300516,2020,7,17,5,3,3,6,0,1,0,0,0,0,1,0,13.43140321,52.57128042
4,4500936,2020,7,15,4,3,2,6,0,1,1,0,0,0,0,0,13.3066203,52.49983648
2,2100102,2020,7,21,6,3,5,3,1,1,1,0,0,0,0,0,13.39695974,52.50525745
10,10400835,2020,6,17,2,3,1,5,0,0,1,0,0,0,0,0,13.60624145,52.52482287
11,11501339,2020,7,1,6,3,2,7,2,1,1,0,0,0,0,0,13.51954461,52.48736489
1,1100312,2020,7,8,4,3,5,2,0,1,1,0,0,0,0,0,13.41713668,52.51244065
2,2300418,2020,7,10,6,3,5,3,0,1,0,0,0,0,0,0,13.43690297,52.49570935
11,11300721,2020,6,11,3,3,2,6,0,0,1,0,0,0,0,0,13.49666884,52.53425013
7,7501030,2020,7,13,7,3,1,3,0,1,1,0,0,0,0,0,13.37976035,52.45162149
2,2200209,2020,6,14,2,3,3,6,0,0,1,0,0,1,0,0,13.3858224,52.48487017
1,1200623,2020,6,18,3,3,5,3,0,0,1,0,0,0,0,0,13.35116634,52.52974073
1,1100415,2020,7,6,7,3,1,5,0,0,1,0,0,0,0,0,13.40032651,52.53084128
1,1401049,2020,6,17,2,3,0,2,0,1,0,0,0,0,1,0,13.36569169,52.55713057
2,2200208,2020,6,18,7,3,5,2,0,1,1,0,0,0,0,0,13.38975637,52.49590936
9,9100407,2020,7,16,5,3,0,6,0,0,0,0,1,0,1,0,13.50792142,52.45106114
10,10100311,2020,7,1,4,3,9,1,2,0,1,0,0,0,0,0,13.51963972,52.52699794
9,9501941,2020,7,17,6,3,5,3,0,1,1,0,0,0,0,0,13.59299391,52.45158862
8,8100310,2020,6,17,2,3,0,1,0,1,0,0,0,0,0,0,13.4287838,52.49323467
9,9100203,2020,6,13,3,3,5,2,0,1,0,0,0,0,0,0,13.47648033,52.476396
9,9100202,2020,6,17,7,3,0,1,0,1,0,0,0,0,0,0,13.47268602,52.47571245
1,1200624,2020,7,18,1,3,2,3,0,1,1,0,0,0,0,1,13.36032608,52.53284711
1,1100309,2020,6,9,3,3,1,5,0,1,1,0,0,0,0,0,13.40768867,52.52658802
7,7200409,2020,6,17,7,3,5,2,0,1,0,0,1,0,0,0,13.35473781,52.48742552
6,6200422,2020,7,19,7,2,5,3,0,0,1,0,0,0,0,0,13.3272826,52.42246531
8,8401241,2020,6,16,2,3,1,5,0,0,1,0,0,0,0,0,13.4717862,52.43641292
3,3200204,2020,6,17,7,3,0,3,0,1,0,0,1,0,0,0,13.4215892,52.63325285
3,3300516,2020,7,16,4,3,2,2,0,0,1,0,0,0,0,0,13.43825424,52.56927617
8,8401139,2020,7,13,6,3,0,7,0,0,1,0,0,0,0,0,13.46086799,52.43595137
9,9301126,2020,7,9,5,3,6,7,0,1,0,1,0,0,0,0,13.57544688,52.42440112
8,8401244,2020,6,15,7,3,0,5,0,0,1,0,0,0,0,0,13.49306675,52.40957217
7,7400927,2020,7,16,4,3,4,6,0,1,1,0,0,0,0,0,13.39461587,52.46584038
2,2300315,2020,7,15,6,3,5,7,0,1,1,0,0,0,0,0,13.4296414,52.50304729
2,2100105,2020,6,19,1,3,5,3,0,1,1,0,0,0,0,1,13.4108684,52.50010615
2,2100102,2020,6,19,3,3,5,3,0,1,1,0,0,0,0,0,13.39095009,52.50327878
1,1100312,2020,7,15,1,3,6,4,0,0,1,1,0,0,0,0,13.41221593,52.50905082
6,6200422,2020,6,8,3,3,5,3,0,0,1,0,0,0,0,0,13.32745682,52.42261413
1,1401045,2020,6,15,7,3,1,5,0,1,1,0,0,0,0,0,13.37841661,52.55315767
8,8200624,2020,7,12,5,3,5,2,0,1,1,0,0,0,0,0,13.43694425,52.45266328
1,1100102,2020,7,16,7,3,5,2,0,1,1,0,0,0,0,0,13.37133696,52.51114751
5,5200633,2020,6,18,1,3,0,5,0,0,1,0,0,0,1,0,13.18623334,52.5178632
2,2500830,2020,6,19,7,3,1,1,0,1,1,0,0,0,0,0,13.45872075,52.51260521
3,3601142,2020,7,20,4,3,8,1,0,0,1,0,0,0,0,1,13.40806086,52.54130629
12,12601134,2020,7,11,6,3,5,2,0,1,1,0,0,0,0,0,13.35313778,52.60499129
4,4100102,2020,6,15,3,3,2,6,0,0,1,0,0,0,0,0,13.29439191,52.533257
12,12400720,2020,7,13,7,3,0,7,0,0,1,0,0,0,1,0,13.28324047,52.62829428
11,11300617,2020,6,18,2,3,0,2,0,1,1,0,0,0,0,0,13.46885778,52.53134377
9,9401330,2020,6,13,6,2,0,1,0,1,0,0,0,0,0,0,13.58817512,52.42098189
8,8200623,2020,6,16,3,3,0,7,0,0,0,0,1,0,0,0,13.44504388,52.45260336
5,5100208,2020,7,23,1,2,1,5,2,0,1,0,0,0,0,1,13.16207007,52.55182609
8,8100206,2020,6,22,2,2,5,7,2,0,1,0,0,0,0,0,13.42488634,52.48173974
8,8200622,2020,6,17,6,3,2,2,0,0,1,0,1,0,0,0,13.4449202,52.46245745
4,4200308,2020,7,7,5,2,2,6,0,0,1,0,0,0,0,0,13.26245401,52.52116229
7,7400927,2020,7,15,7,3,2,6,0,0,0,0,1,0,1,0,13.4007289,52.46351074
1,1300732,2020,6,23,1,3,5,2,2,1,1,0,0,0,0,0,13.38504404,52.55708098
6,6100101,2020,6,15,6,3,0,5,0,1,1,0,0,0,0,1,13.31685599,52.46144963
7,7400721,2020,7,11,4,2,6,4,0,0,1,1,0,0,0,1,13.3931435,52.48408593
2,2300316,2020,7,9,6,3,5,2,0,1,1,0,0,0,0,0,13.44218097,52.50094571
7,7100205,2020,7,13,5,3,0,6,0,0,0,0,1,0,1,0,13.36153718,52.49417767
7,7200308,2020,6,14,3,3,5,7,0,1,1,0,0,0,0,0,13.34204893,52.48557438
4,4300415,2020,7,17,7,3,1,5,0,1,1,0,0,0,0,0,13.2932246,52.50909887
4,4200310,2020,6,14,2,3,1,5,0,1,1,0,0,0,0,0,13.261242,52.51282489
1,1100101,2020,6,22,6,3,2,6,2,0,1,0,1,0,0,0,13.35091548,52.50945881
8,8200725,2020,7,15,5,3,3,6,0,1,0,0,0,0,0,0,13.41373637,52.444591
1,1100308,2020,7,13,4,2,2,6,0,1,1,0,0,0,0,1,13.37192437,52.53276222
2,2200207,2020,7,20,6,3,2,2,0,1,1,0,0,0,0,0,13.37674957,52.4914394
2,2200209,2020,6,22,1,3,5,2,2,0,1,0,0,0,0,0,13.38582741,52.48494731
5,5200629,2020,7,7,4,3,0,1,0,1,0,0,0,0,0,0,13.19482734,52.52907532
10,10100315,2020,7,15,5,3,5,2,0,1,1,0,0,0,0,0,13.56537731,52.54458289
6,6400842,2020,7,9,4,3,0,1,0,1,0,0,0,0,0,0,13.26558416,52.45133238
3,3701554,2020,7,20,6,3,5,2,0,1,0,0,0,0,1,0,13.41240018,52.53795536
9,9501941,2020,6,20,1,2,0,1,0,1,0,0,0,0,0,1,13.59336008,52.45168882
4,4200308,2020,7,10,4,3,2,6,0,0,1,0,0,0,0,0,13.27914591,52.52506615
11,11501339,2020,6,13,3,3,5,2,0,1,1,0,0,0,0,0,13.52706672,52.49217655
3,3601142,2020,7,17,7,2,0,4,0,1,0,1,0,0,0,0,13.40422339,52.54057027
4,4300416,2020,6,20,1,3,2,6,0,0,1,0,1,0,0,0,13.29318195,52.50680124
2,2200210,2020,6,17,6,3,5,3,0,1,1,0,0,0,0,0,13.39946959,52.49448525
4,4501150,2020,7,12,5,3,1,5,0,1,1,0,0,0,0,0,13.32959522,52.48711808
11,11400929,2020,7,18,4,3,5,7,0,1,1,0,0,0,0,0,13.49622188,52.50656043
1,1100309,2020,7,17,6,3,5,2,0,1,1,0,0,0,0,0,13.39287633,52.52496956
3,3400830,2020,6,20,1,3,5,3,0,0,1,0,0,0,0,1,13.41873326,52.5667266
2,2500835,2020,6,20,3,3,8,1,0,0,1,0,0,0,0,0,13.46663159,52.50241769
9,9501939,2020,7,17,1,3,4,6,0,1,0,0,0,0,0,0,13.57895503,52.45811988
4,4300619,2020,6,8,3,3,5,2,0,0,1,0,0,0,0,0,13.30664426,52.51731452
9,9200819,2020,6,13,6,2,5,3,0,1,1,0,0,0,0,1,13.56483009,52.44543289
12,12400723,2020,6,11,6,2,1,5,0,1,1,0,0,0,0,0,13.31280416,52.61902007
8,8401241,2020,6,10,3,3,5,3,0,0,1,0,0,0,0,0,13.47460544,52.43888562
3,3701554,2020,6,9,6,2,1,5,0,1,0,0,0,1,0,0,13.41054162,52.53935253
2,2200209,2020,7,11,7,3,5,2,0,1,1,0,0,0,0,0,13.38582718,52.48503473
12,12601235,2020,6,19,1,3,5,2,1,0,1,0,0,0,0,0,13.35413916,52.59235596
10,10100315,2020,6,9,6,3,1,5,0,1,0,0,0,0,1,0,13.56106646,52.53671294
11,11200411,2020,7,16,4,3,2,6,0,0,1,0,0,0,1,0,13.49932463,52.54766686
7,7601442,2020,7,14,6,2,5,3,0,1,1,0,0,0,0,0,13.40157631,52.41408877
3,3601141,2020,6,18,1,3,0,3,0,1,0,0,0,0,0,1,13.41397027,52.55211212
7,7601341,2020,6,18,3,3,1,5,0,1,1,0,0,0,0,0,13.38116572,52.41071639
6,6200317,2020,7,14,1,3,5,3,0,1,1,0,0,0,0,0,13.36335431,52.42636041
1,1100206,2020,6,8,3,2,5,2,0,0,0,0,1,0,0,0,13.38881454,52.5171119
8,8100521,2020,6,8,6,3,0,5,0,0,0,0,0,0,1,0,13.47537667,52.46328321
8,8100311,2020,7,10,5,3,5,2,0,1,1,0,0,0,0,0,13.43143612,52.48750018
8,8100417,2020,7,16,7,3,1,5,0,1,1,0,0,0,0,0,13.45542176,52.47323055
1,1401045,2020,6,18,1,2,5,3,0,1,1,0,0,0,0,1,13.37724372,52.55364678
8,8100311,2020,6,8,6,3,5,3,0,1,1,0,0,0,0,0,13.42792169,52.48838377
7,7100205,2020,7,19,4,3,5,2,0,0,1,0,0,0,0,0,13.36112618,52.49442938
12,12200310,2020,7,11,6,3,2,6,0,0,1,0,0,0,0,0,13.3153792,52.57722212
5,5200629,2020,7,14,5,3,0,6,0,0,1,0,0,0,1,0,13.19743773,52.53196438
7,7100102,2020,7,17,7,3,1,5,0,0,1,0,0,0,1,0,13.35138052,52.49667527
11,11400929,2020,6,18,1,3,5,3,0,1,1,0,0,0,0,0,13.49997525,52.50932524
4,4500939,2020,6,8,6,3,1,5,0,1,1,0,0,0,0,0,13.30968297,52.49243981
7,7200307,2020,7,16,4,3,2,6,0,1,1,0,0,0,0,0,13.34501994,52.49241087
5,5200527,2020,7,13,6,3,2,6,0,0,1,0,0,0,0,0,13.16170509,52.52373455
1,1300732,2020,6,16,3,3,5,2,0,1,1,0,0,0,0,0,13.39317441,52.56447061
1,1401048,2020,7,14,7,3,2,6,0,0,1,0,0,0,0,0,13.35649897,52.55259802
2,2500832,2020,6,20,2,3,3,6,0,1,0,0,1,0,0,0,13.46708076,52.50802316
4,4501042,2020,6,7,6,3,6,2,0,0,1,1,0,0,0,0,13.33222862,52.50634625
1,1100310,2020,7,6,5,3,5,2,0,0,1,0,0,0,0,0,13.41174456,52.52396515
6,6300525,2020,7,18,6,3,0,5,0,1,1,0,0,0,0,0,13.25881172,52.41211599
12,12500926,2020,6,17,1,2,5,2,0,1,1,0,0,0,0,1,13.33288264,52.59543088
8,8100418,2020,6,11,6,3,5,5,0,1,1,0,0,0,0,0,13.44329386,52.48083844
1,1100415,2020,7,10,4,3,6,7,0,1,0,1,0,0,0,1,13.39396648,52.5335659
3,3200207,2020,6,6,3,3,5,3,0,1,1,0,0,0,0,0,13.40812895,52.58473873
6,6300633,2020,6,6,3,3,3,6,0,1,1,0,0,0,0,0,13.31586426,52.44314071
1,1100416,2020,7,1,7,3,5,2,2,1,1,0,0,0,0,0,13.40624957,52.53226233
1,1100207,2020,6,19,2,3,0,7,0,0,1,0,0,0,0,0,13.39832931,52.51467928
10,10100102,2020,6,18,6,3,5,3,0,1,1,0,0,0,0,0,13.56744655,52.57332264
1,1401047,2020,7,15,5,3,6,4,0,0,1,1,0,0,0,0,13.35920332,52.53966705
3,3701660,2020,7,15,4,3,5,3,0,0,1,0,0,0,1,0,13.43918748,52.5307451
11,11501341,2020,7,23,6,3,0,1,2,1,0,0,0,0,0,0,13.52322826,52.48001927
9,9200715,2020,6,16,1,3,5,3,0,1,1,0,0,0,0,0,13.54353501,52.43379776
6,6200313,2020,7,19,5,3,5,7,0,1,1,0,0,0,0,0,13.3444769,52.43567533
4,4200310,2020,7,9,4,3,5,3,0,0,1,0,1,0,0,0,13.26763476,52.50679416
6,6300525,2020,7,23,5,3,9,1,2,0,1,0,0,0,0,1,13.26748822,52.40696524
1,1100312,2020,6,12,3,3,5,3,0,1,1,0,0,0,0,0,13.41364644,52.51129234
12,12100103,2020,7,11,7,3,3,2,0,1,1,0,0,0,0,0,13.35900456,52.57427246
5,5200629,2020,6,7,1,2,5,3,0,1,1,0,0,0,0,0,13.18864227,52.52773553
4,4300619,2020,6,18,6,3,5,2,0,1,1,0,0,0,0,0,13.31696084,52.51693206
6,6100206,2020,7,17,4,3,6,4,0,0,1,1,0,0,0,0,13.34122794,52.44754077
4,4501043,2020,7,9,6,3,6,2,0,0,1,1,0,0,0,0,13.31116771,52.49607601
10,10200417,2020,7,16,6,3,0,4,2,0,1,1,0,0,0,0,13.59878696,52.54661815
1,1100101,2020,7,17,3,3,2,6,0,0,1,0,0,0,0,0,13.35089384,52.5094566
2,2500832,2020,7,18,3,3,0,1,0,0,1,0,1,0,0,0,13.47084241,52.50677
7,7601339,2020,7,10,1,3,1,5,0,1,1,0,0,0,0,0,13.34591224,52.41410204
3,3601450,2020,7,15,2,3,5,2,0,1,1,0,0,0,0,0,13.4574456,52.52896633
8,8100208,2020,7,16,5,3,2,6,0,0,1,0,0,0,0,1,13.43965669,52.473831
7,7200412,2020,7,16,3,3,5,2,0,0,1,0,0,0,0,0,13.36301169,52.47605872
9,9200613,2020,7,22,4,3,0,1,2,1,0,0,0,0,0,0,13.51759309,52.45441299
5,5300840,2020,7,18,4,3,2,6,0,0,1,0,0,0,0,1,13.24596761,52.53770822
8,8200726,2020,7,8,1,3,5,3,0,1,1,0,0,0,0,0,13.43317757,52.44490249
7,7300619,2020,7,16,3,3,5,2,0,1,1,0,0,0,0,0,13.34883122,52.45916276
3,3200204,2020,7,12,3,2,7,7,0,0,0,0,1,0,0,0,13.408221,52.60376977
6,6300629,2020,7,17,1,3,6,4,0,0,1,1,0,0,0,0,13.3058082,52.44815874
1,1400938,2020,7,16,3,3,2,6,0,0,1,0,0,0,1,0,13.33930903,52.54359422
10,10400939,2020,7,10,2,3,0,3,0,0,0,0,0,0,1,0,13.61231702,52.5114161
9,9200717,2020,7,15,1,3,3,1,0,0,1,0,1,0,0,0,13.55956627,52.43533941
11,11100309,2020,7,13,5,3,2,6,0,0,1,0,0,0,0,1,13.50584953,52.56363494
10,10100311,2020,7,16,3,3,0,2,0,1,0,0,0,0,1,0,13.52187586,52.53572153
5,5300737,2020,7,16,4,3,5,2,0,0,1,0,1,0,0,0,13.24594575,52.53840827
10,10400835,2020,7,14,4,3,5,3,0,0,1,0,1,0,0,1,13.58930878,52.51657775
1,1100103,2020,7,16,3,3,5,3,0,1,1,0,0,0,0,0,13.35285138,52.50398096
1,1100309,2020,7,18,4,3,5,2,0,1,1,0,0,0,0,0,13.40310154,52.52746309
12,12200309,2020,7,16,4,3,5,2,0,1,1,0,0,0,0,1,13.33155769,52.56209809
11,11400930,2020,7,14,3,3,0,3,0,0,0,0,1,0,1,0,13.50958781,52.50694859
3,3300412,2020,7,10,3,3,5,3,0,1,1,0,0,0,0,0,13.47711235,52.62080699
7,7601546,2020,7,14,1,3,1,1,0,0,1,0,1,0,0,0,13.39365267,52.38990184
4,4500939,2020,7,14,3,3,0,3,0,0,1,0,1,0,0,0,13.30625525,52.48822075
6,6100210,2020,7,9,2,3,2,6,0,0,1,0,0,0,0,0,13.3471825,52.45966977
10,10100311,2020,7,13,1,3,3,6,0,0,1,0,0,0,0,0,13.52303883,52.5359247
9,9200510,2020,7,5,5,3,5,3,0,1,1,0,0,0,0,0,13.50737492,52.47488718
11,11501341,2020,7,14,3,3,5,3,0,1,1,0,0,0,0,0,13.50560761,52.48434615
2,2100101,2020,7,15,4,3,2,7,0,0,1,0,1,0,0,0,13.38627744,52.50131134
12,12400619,2020,7,12,4,3,5,3,0,0,1,0,0,0,0,1,13.239619,52.60534525
9,9200819,2020,7,14,3,3,2,6,0,0,1,0,0,0,0,0,13.562508,52.44566219
10,10100205,2020,7,6,3,3,5,2,0,1,1,0,0,0,0,0,13.54527176,52.55359579
5,5200420,2020,7,13,1,3,1,1,0,0,1,0,0,0,0,0,13.1569987,52.53922743
7,7501031,2020,7,15,2,3,0,3,0,0,1,0,0,0,1,0,13.39510795,52.44737221
7,7400823,2020,7,13,3,2,5,3,0,0,1,0,0,0,0,0,13.3706228,52.46887636
10,10300731,2020,7,17,2,3,5,3,0,1,1,0,0,0,0,0,13.55379761,52.52027011
10,10100209,2020,7,13,1,3,2,6,0,1,0,0,0,0,0,0,13.57269654,52.54992549
12,12100205,2020,7,9,3,3,3,6,0,1,1,0,0,0,0,0,13.34725347,52.57128695
8,8200831,2020,7,11,1,3,1,5,0,0,0,0,1,0,1,0,13.40201354,52.41467824
4,4400725,2020,7,13,3,2,5,3,0,1,1,0,0,0,0,0,13.28088722,52.49875073
7,7601339,2020,7,8,2,3,6,7,0,0,0,1,0,0,1,0,13.34785145,52.41480492
4,4200207,2020,7,14,1,2,1,5,0,1,1,0,0,0,0,0,13.26678424,52.49447536
10,10100311,2020,7,9,5,2,6,4,0,0,1,1,0,0,0,0,13.52445713,52.53630122
6,6100208,2020,7,13,3,3,8,1,0,1,0,0,0,0,0,0,13.32644109,52.45793955
5,5100316,2020,7,13,4,3,2,6,0,0,1,0,0,0,0,0,13.20607035,52.53946503
4,4100101,2020,7,5,4,3,5,7,0,0,1,0,1,0,0,0,13.29266419,52.54820891
4,4501040,2020,7,12,3,3,2,6,0,0,1,0,0,0,0,0,13.30738333,52.50437716
11,11300722,2020,7,19,3,3,1,7,1,1,1,0,0,0,0,0,13.48358098,52.51751532
8,8100209,2020,7,17,1,2,5,3,0,1,1,0,0,0,0,0,13.4426958,52.46503393
11,11100204,2020,7,15,2,3,2,2,0,0,1,0,0,0,1,0,13.52239991,52.56083266