BEZ,LOR_ab_2021,UJAHR,UMONAT,USTUNDE,UWOCHENTAG,UKATEGORIE,UART,UTYP1,ULICHTVERH,IstRad,IstPKW,IstFuss,IstKrad,IstGkfz,IstSonstige,USTRZUSTAND,XGCSWGS84,YGCSWGS84
7,7100102,2020,7,12,3,3,1,5,0,1,1,0,0,0,0,0,13.34601819,52.49624767
4,4500936,2020,7,13,6,3,5,3,0,1,1,0,0,0,0,0,13.30562911,52.49989054
2,2200210,2020,7,8,4,3,5,3,0,0,1,0,0,0,0,0,13.39533287,52.49679036
11,11501238,2020,7,15,2,3,6,2,0,0,1,1,0,0,0,0,13.47531198,52.5015422
1,1300835,2020,7,18,5,3,5,2,0,1,1,0,0,0,0,0,13.39114252,52.53621198
8,8100311,2020,7,18,5,3,2,6,0,1,1,0,0,0,0,0,13.43077396,52.4866319
3,3300411,2020,7,11,5,3,5,3,0,1,0,0,0,0,1,0,13.49227643,52.62060664
2,2500830,2020,7,10,1,3,0,1,0,1,0,0,0,0,0,1,13.45480444,52.51379986
5,5100209,2020,7,9,7,3,2,6,0,0,1,0,0,0,0,0,13.17842971,52.54879434
3,3701555,2020,7,12,3,3,0,7,0,0,0,0,0,0,1,0,13.42057718,52.53651372
11,11300721,2020,7,12,7,3,2,6,0,0,1,0,0,0,1,0,13.48530548,52.53366313
4,4400832,2020,7,15,4,3,5,2,0,0,1,0,0,0,0,1,13.29800855,52.47338149
5,5100211,2020,7,9,3,3,5,2,0,0,1,0,1,0,0,0,13.15782467,52.54304205
4,4300620,2020,7,20,6,3,5,3,1,1,0,0,0,0,0,0,13.31961027,52.51962642
4,4501153,2020,7,22,4,2,5,3,2,0,1,0,0,0,0,1,13.33268623,52.47869342
5,5200629,2020,7,15,2,2,2,6,0,0,1,0,1,0,0,1,13.19777018,52.53298267
10,10300734,2020,7,10,3,3,0,3,0,0,0,0,0,0,1,0,13.56158709,52.50248631
9,9200717,2020,7,2,6,3,0,6,2,1,1,0,0,0,0,0,13.55516159,52.44044728
1,1100309,2020,7,12,4,3,5,3,0,1,1,0,0,0,0,1,13.40199874,52.52896846
8,8401241,2020,7,6,2,3,5,3,0,1,1,0,0,0,0,0,13.48189633,52.43193554
1,1100312,2020,7,16,5,3,2,6,0,0,1,0,0,0,0,0,13.41730279,52.51270249
4,4200310,2020,7,8,4,3,8,1,0,0,0,0,1,0,0,0,13.26875947,52.51140593
11,11300620,2020,7,19,1,3,5,2,0,1,1,0,0,0,0,0,13.47626377,52.53317647
1,1401048,2020,7,17,7,3,6,4,0,0,1,1,0,0,0,0,13.36096484,52.54829075
8,8100208,2020,7,20,3,3,1,5,1,1,1,0,0,0,0,0,13.43514167,52.47080588
8,8301037,2020,7,4,7,3,5,3,2,0,1,0,0,0,0,0,13.48230459,52.42537883
6,6200420,2020,7,22,4,3,0,7,2,0,0,0,1,0,0,1,13.29905987,52.41216183
4,4300414,2020,7,8,3,3,5,2,0,1,1,0,0,0,0,0,13.28830012,52.51306255
6,6400844,2020,7,13,6,3,1,7,0,1,1,0,0,0,0,0,13.27555913,52.45051305
2,2300316,2020,7,21,4,3,5,3,2,0,1,0,0,0,1,1,13.43006455,52.5034698
6,6100206,2020,7,13,2,3,2,6,0,1,0,0,0,0,1,0,13.33782859,52.45082086
8,8100207,2020,7,17,1,3,5,3,0,1,1,0,1,0,0,0,13.43794748,52.47899072
7,7400823,2020,7,16,4,3,5,3,0,1,1,0,0,0,0,0,13.37745261,52.4648703
4,4501148,2020,7,19,7,3,5,2,0,0,1,0,0,0,1,0,13.32026283,52.47879455
5,5300735,2020,7,15,5,3,5,3,0,0,1,0,0,0,0,0,13.22735264,52.55795116
2,2500833,2020,7,19,4,3,1,5,0,1,1,0,0,0,0,0,13.45955793,52.50909238
9,9200715,2020,7,22,7,3,0,1,2,1,0,0,0,0,0,0,13.52896854,52.42932481
3,3500932,2020,7,14,7,3,5,2,0,1,1,0,0,0,0,0,13.4572244,52.56105891
4,4501041,2020,7,19,3,3,5,2,0,1,1,0,0,0,0,0,13.3165458,52.49951456
8,8100209,2020,7,19,6,3,5,3,0,1,0,0,0,0,1,0,13.44345673,52.46419188
2,2100102,2020,7,19,4,3,5,7,1,1,0,0,0,0,1,0,13.39151251,52.50059502
7,7400721,2020,7,12,6,3,2,7,0,0,1,0,1,0,0,0,13.37846793,52.47805843
6,6200314,2020,7,6,3,3,0,3,0,0,0,0,1,1,0,0,13.33803472,52.43186327
2,2200209,2020,7,12,6,3,5,2,0,0,1,0,1,0,0,0,13.38145058,52.48500178
11,11501340,2020,7,11,6,3,5,3,0,0,1,0,1,0,0,0,13.53576873,52.47779669
12,12200307,2020,7,20,1,3,1,5,0,1,1,0,0,0,0,0,13.33105853,52.57558325
1,1400938,2020,7,10,1,3,1,5,0,0,1,0,0,0,0,0,13.34158036,52.5395734
9,9200510,2020,7,20,6,3,5,2,0,1,1,0,0,0,0,0,13.5142995,52.46873038
4,4300415,2020,7,13,4,3,6,7,0,0,0,1,0,0,1,0,13.28344112,52.5064925
10,10200629,2020,7,19,7,2,5,3,0,0,1,0,0,0,1,0,13.57416146,52.51311308
1,1100207,2020,7,13,3,3,4,6,0,1,0,0,0,0,0,0,13.3993834,52.51233176
9,9100304,2020,7,15,6,3,5,2,0,0,1,0,0,0,0,0,13.48258227,52.46188823
5,5200422,2020,7,19,4,3,1,5,0,0,0,0,1,1,0,0,13.12241635,52.53502035
4,4300624,2020,7,12,2,3,0,3,0,1,0,0,0,0,1,0,13.3217593,52.50597755
11,11401032,2020,7,17,5,3,5,2,0,1,1,0,0,0,0,0,13.51886727,52.51387432
2,2200212,2020,7,10,6,3,0,7,0,1,0,0,0,0,0,0,13.41220762,52.4885088
4,4300413,2020,8,16,3,3,2,3,0,1,1,0,0,0,0,0,13.28724376,52.51754928
1,1401045,2020,7,12,3,3,0,6,0,0,1,0,0,0,1,0,13.37441181,52.55681633
9,9100409,2020,8,13,2,1,9,1,0,0,0,1,0,1,0,0,13.51977058,52.42679955
1,1100416,2020,8,16,7,3,6,4,0,0,1,1,0,0,0,0,13.40355173,52.53235984
9,9501939,2020,8,7,5,3,3,6,0,0,1,0,1,0,1,0,13.56700493,52.45497157
5,5200629,2020,7,10,6,3,2,6,0,0,1,0,0,0,1,0,13.19832292,52.53265088
9,9501941,2020,8,10,2,3,2,2,0,0,1,0,0,0,0,0,13.59316198,52.4516758
1,1200628,2020,7,13,6,2,0,1,0,1,0,0,0,0,0,0,13.35906799,52.52333611
11,11300721,2020,8,15,4,2,1,5,0,0,0,0,1,0,1,0,13.4918576,52.5230393
12,12200310,2020,7,11,3,3,2,6,0,0,1,0,0,0,0,0,13.30143327,52.56934042
2,2400623,2020,7,10,6,3,5,7,0,1,1,0,0,0,0,0,13.43260782,52.51697216
8,8401241,2020,8,7,4,2,5,3,0,0,1,0,1,0,0,0,13.48791228,52.4348648
12,12601031,2020,7,11,3,3,0,1,0,1,0,0,0,0,0,0,13.32593184,52.60384747
7,7300619,2020,7,9,6,3,5,2,0,1,1,0,0,0,0,0,13.35484795,52.45880203
2,2400625,2020,8,10,3,3,2,6,0,0,1,0,0,0,1,0,13.44624218,52.50293861
2,2200208,2020,7,10,3,2,0,2,0,0,0,0,0,0,1,0,13.38801812,52.49297726
9,9401431,2020,8,8,7,3,5,3,0,1,0,0,1,0,0,0,13.58686785,52.44504405
7,7300517,2020,8,13,5,2,5,2,0,1,0,0,0,0,1,0,13.32826008,52.4757761
12,12200309,2020,7,8,6,3,5,3,0,0,1,0,0,0,0,0,13.32267106,52.56810301
10,10200627,2020,8,14,4,3,2,2,0,1,1,0,0,0,0,0,13.59042608,52.52939483
11,11300620,2020,7,5,6,3,5,2,1,1,1,0,0,0,0,0,13.4758591,52.53303745
5,5200629,2020,8,15,4,3,0,6,0,0,0,0,0,1,1,0,13.19907055,52.53404039
12,12200309,2020,7,5,6,3,3,2,1,0,1,0,0,1,0,0,13.32668795,52.56244234
1,1401049,2020,8,19,4,3,3,6,0,0,1,0,1,0,0,0,13.36876457,52.55725661
3,3100102,2020,7,10,3,3,5,3,0,0,1,0,0,0,0,0,13.50550506,52.63684865
11,10100205,2020,8,8,1,3,5,3,0,1,1,0,0,0,0,0,13.54023554,52.56525627
10,10400938,2020,8,17,5,3,5,3,0,1,1,0,0,0,0,0,13.61167,52.51421284
1,1100206,2020,7,1,6,3,5,2,2,1,1,0,0,0,0,0,13.3917655,52.52207705
1,1200519,2020,8,13,3,3,3,6,0,1,1,0,0,0,0,0,13.33111362,52.53281039
7,7200308,2020,7,9,3,3,5,2,0,1,0,0,0,0,0,0,13.34173336,52.48384184
11,11300721,2020,8,11,7,2,0,1,0,1,0,0,0,0,0,0,13.48728946,52.52663496
2,2400625,2020,8,11,5,3,2,2,0,1,1,0,0,0,0,0,13.44664513,52.50281428
7,7100101,2020,7,0,6,3,0,7,2,0,1,1,0,0,0,0,13.34425801,52.50308489
4,4300624,2020,8,22,4,3,0,1,2,0,0,0,1,0,0,0,13.31427767,52.50633782
2,2400625,2020,7,21,6,3,5,2,1,1,0,0,1,0,0,0,13.44670254,52.5026058
7,7400822,2020,8,19,3,3,5,3,0,0,1,0,0,0,0,0,13.366624,52.46103507
9,9501939,2020,7,8,3,2,5,3,0,1,1,0,0,0,0,0,13.56269787,52.45637372
8,8401242,2020,8,19,1,3,2,2,0,0,1,0,0,0,0,1,13.48721571,52.42290533
8,8100208,2020,8,6,7,3,1,7,0,0,1,0,0,0,0,0,13.43946606,52.4700534
12,12200309,2020,8,16,5,3,5,2,0,1,1,0,0,0,0,0,13.33076181,52.56256613
6,6200422,2020,7,23,6,2,0,1,2,1,0,0,0,0,0,0,13.33685656,52.41847779
7,7501029,2020,8,14,2,3,3,6,0,0,1,0,1,0,0,0,13.37875546,52.45028506
1,1401046,2020,7,8,3,3,5,2,0,1,1,0,0,0,0,0,13.34944893,52.54232138
5,5100210,2020,7,22,6,3,5,2,2,1,1,0,0,0,0,0,13.18515499,52.55018955
1,1300731,2020,8,22,3,3,1,5,2,0,1,0,1,0,0,0,13.38155852,52.56647513
11,11300725,2020,7,7,3,3,1,5,0,0,1,0,0,0,0,0,13.49981898,52.51558067
2,2500835,2020,8,6,7,3,1,5,1,0,1,0,0,0,0,0,13.45154078,52.50364484
5,5100316,2020,8,17,5,3,5,3,0,0,1,0,0,1,0,0,13.2025095,52.54047492
4,4100101,2020,7,21,6,2,0,4,2,0,0,1,1,0,0,0,13.29537241,52.53961281
9,9100304,2020,8,11,3,3,2,6,0,0,1,0,0,0,0,0,13.48275861,52.46058168
9,9501939,2020,7,6,3,3,5,7,0,0,1,0,1,0,0,0,13.57209947,52.4510045
11,11200410,2020,7,12,6,2,2,6,0,0,1,0,0,0,0,0,13.50173415,52.56192925
7,7200307,2020,8,9,4,3,1,5,0,1,0,0,0,1,0,0,13.34496094,52.48663808
4,4501043,2020,7,19,6,3,5,2,0,1,1,0,0,0,0,0,13.31262471,52.49926184
3,3701659,2020,8,6,4,3,5,2,0,1,0,0,0,0,1,0,13.41827929,52.52850812
1,1100308,2020,7,18,6,3,3,6,0,1,1,0,0,0,0,0,13.38713902,52.52687936
8,8401243,2020,8,17,3,3,2,7,0,0,1,0,0,0,0,0,13.49540378,52.42395296
12,12601031,2020,7,0,3,2,0,1,2,1,0,0,0,0,0,0,13.33689604,52.60220606
10,10200629,2020,8,19,1,3,2,6,0,0,1,0,0,0,0,0,13.58727845,52.52360926
4,4100101,2020,8,19,7,3,0,6,0,0,1,0,1,0,0,0,13.32616335,52.53821059
10,10100104,2020,8,9,5,2,4,6,0,0,1,0,0,0,0,0,13.58019743,52.56433835
1,1400937,2020,7,18,6,3,2,6,0,0,1,0,0,0,0,0,13.33779965,52.55859064
5,5100104,2020,8,12,2,3,1,5,0,1,1,0,0,0,0,0,13.20912197,52.56153169
1,1200629,2020,7,18,6,2,5,3,0,1,1,0,0,0,0,0,13.3472509,52.52021298
9,9100408,2020,8,23,4,3,2,6,2,0,1,0,0,0,0,0,13.50970721,52.45144011
9,9200715,2020,7,22,3,2,5,2,2,0,1,0,1,0,0,0,13.52669426,52.4287965
3,3601450,2020,7,17,6,3,5,2,0,1,1,0,0,0,0,0,13.45795145,52.52882651
4,4200206,2020,8,13,4,2,0,5,0,1,1,0,0,0,0,0,13.2515399,52.50654213
5,5300841,2020,7,17,6,2,6,7,0,0,0,1,0,1,0,0,13.27272188,52.5369268
7,7400927,2020,8,12,4,3,1,5,0,1,1,0,0,0,0,0,13.38619636,52.46003189
2,2100105,2020,7,16,6,3,5,3,0,1,1,0,0,0,0,0,13.40900267,52.49969659
5,5100313,2020,8,13,4,3,2,7,0,0,1,0,0,0,1,0,13.20886687,52.55264847
7,7601442,2020,7,16,6,3,5,7,0,0,1,0,1,0,0,0,13.40534349,52.40696906
8,8401139,2020,8,14,3,3,5,3,0,0,1,0,0,0,0,0,13.46632978,52.43349673
5,5100314,2020,7,20,3,3,2,2,0,1,1,0,0,0,0,0,13.20075565,52.54871951
10,10200629,2020,8,19,1,2,5,2,0,0,1,0,0,0,0,0,13.58904425,52.5174897
11,11100308,2020,8,13,7,3,0,2,0,1,0,0,0,0,0,0,13.49513899,52.56486451
9,9401635,2020,8,15,5,3,9,1,0,0,0,0,1,0,0,0,13.65714139,52.4148589
2,2300314,2020,7,15,6,3,5,3,0,1,1,0,0,0,0,0,13.41628114,52.5017322
12,12500926,2020,8,9,2,3,6,4,0,0,1,1,0,0,0,0,13.3351988,52.59565772
3,3601245,2020,7,15,6,3,5,3,0,1,1,0,0,0,0,0,13.43640791,52.5485399
3,3300515,2020,8,15,4,3,2,2,0,0,1,0,0,0,0,0,13.44549467,52.5819499
8,8100310,2020,7,20,3,3,5,2,1,0,1,0,1,0,0,0,13.43515144,52.49121046
9,9300920,2020,7,15,6,3,5,2,0,1,1,0,0,0,0,0,13.54425704,52.42466627
4,4400728,2020,8,7,4,3,5,3,0,0,1,0,0,0,1,0,13.28086442,52.47684922
2,2300316,2020,7,20,3,3,5,3,0,1,1,0,0,0,0,0,13.43514041,52.50146359
3,3601140,2020,7,14,6,3,5,2,0,1,1,0,0,0,0,0,13.40252371,52.55430076
9,9100408,2020,8,9,3,3,5,2,0,1,1,0,0,0,0,0,13.51413766,52.44647835
8,8100102,2020,7,20,3,3,6,4,0,1,0,1,0,0,0,0,13.41988297,52.47683927
4,4300622,2020,7,19,3,2,5,2,0,1,1,0,0,0,0,0,13.32262958,52.51125705
4,4200311,2020,7,14,6,3,2,6,0,0,1,0,0,0,0,0,13.27944187,52.50435009
7,7100101,2020,8,18,3,3,1,5,0,1,1,0,0,0,0,0,13.34184143,52.49641702
2,2200208,2020,7,18,3,3,2,6,0,0,1,0,0,0,0,0,13.37983387,52.49266295
5,5100104,2020,8,11,7,3,3,6,0,0,1,0,1,0,0,0,13.2084545,52.56104722
1,1300836,2020,8,14,5,3,5,2,0,1,1,0,0,0,0,0,13.37211728,52.53881057
1,1300733,2020,7,22,5,3,6,2,2,0,1,1,0,0,0,0,13.38180791,52.55221268
1,1300835,2020,8,17,2,3,6,7,0,0,0,1,0,0,1,0,13.39244187,52.54245897
9,9200613,2020,7,21,5,3,0,2,1,0,1,0,1,0,0,0,13.50349184,52.46066761
4,4200308,2020,8,14,4,3,2,6,0,0,1,0,0,0,0,0,13.28098371,52.51836854
12,12200308,2020,7,17,5,3,5,3,0,1,1,0,0,0,0,0,13.32120152,52.57147556
2,2500833,2020,8,18,4,3,0,1,0,1,1,0,0,0,0,0,13.45481486,52.51018153
2,2500834,2020,7,17,3,3,1,5,0,1,1,0,0,0,0,0,13.46337167,52.50536357
4,4500938,2020,8,1,1,2,5,3,2,0,1,0,0,0,0,0,13.29653562,52.49255953
2,2200210,2020,8,19,5,3,2,6,0,0,1,0,0,0,0,0,13.39469593,52.49615826
1,1100308,2020,7,17,5,3,6,4,0,1,0,1,0,0,0,0,13.37904673,52.52592214
5,5100101,2020,8,12,3,3,0,5,0,1,1,0,0,0,0,0,13.20765115,52.56644426
8,8200623,2020,7,16,3,2,5,2,0,0,1,0,0,0,0,0,13.44923259,52.45242956
3,3300516,2020,7,22,6,3,0,7,2,1,0,0,0,0,0,0,13.43307934,52.55833797
8,8200730,2020,8,14,4,3,1,5,0,1,1,0,0,0,0,0,13.4372063,52.4263398
1,1100415,2020,7,17,5,3,2,2,0,1,1,0,0,0,0,0,13.39909391,52.53232567
10,10400938,2020,8,9,4,3,6,2,0,0,1,1,0,0,0,0,13.62179231,52.52475796
8,8401243,2020,8,7,7,3,5,3,0,1,1,0,0,0,0,0,13.50448999,52.42321587
1,1100102,2020,8,12,5,2,5,2,0,1,1,0,0,0,0,0,13.37131771,52.51114467
7,7601442,2020,7,17,5,3,5,2,0,0,1,0,0,0,0,0,13.40105038,52.4145671
1,1100309,2020,8,15,4,2,3,6,0,0,1,0,0,0,1,0,13.40162259,52.52980702
2,2100103,2020,7,16,5,3,5,3,0,0,1,0,0,0,0,0,13.39719524,52.50023476
9,9501737,2020,8,20,3,2,4,6,0,0,1,1,0,0,0,0,13.63256552,52.4567446
8,8100208,2020,7,16,3,3,5,3,0,0,1,0,0,0,0,0,13.43219056,52.47122467
8,8401244,2020,8,23,7,2,1,5,2,1,1,0,0,0,0,0,13.50052606,52.40209205
3,3200205,2020,8,17,5,3,2,7,0,0,0,0,1,0,1,0,13.39664426,52.58464812
10,10200629,2020,7,16,5,3,2,2,0,0,1,0,0,0,0,0,13.58375861,52.51495097
9,9401534,2020,8,12,3,3,0,1,0,1,0,0,0,0,0,0,13.57472987,52.44827451
1,1401044,2020,7,17,2,3,6,4,0,0,1,1,0,0,0,0,13.37249932,52.54842709
9,9200715,2020,7,16,5,2,2,6,0,0,1,0,0,0,0,0,13.53310083,52.44087365
1,1100310,2020,8,11,4,3,5,3,0,1,0,0,0,0,1,0,13.41275246,52.52735117
11,11300617,2020,7,15,5,3,2,6,0,0,1,0,0,0,1,0,13.47574576,52.53285376
10,10200419,2020,8,13,4,3,5,2,0,1,1,0,0,0,0,0,13.59664391,52.54430648
11,11400927,2020,7,15,5,3,4,1,0,0,1,0,1,0,0,0,13.47152165,52.50494242
1,1100312,2020,8,16,3,3,5,2,0,1,1,0,0,0,0,0,13.41713668,52.51244065
1,1100207,2020,7,20,2,3,5,3,1,0,1,0,0,0,0,0,13.39004717,52.5094993
5,5200631,2020,8,18,1,3,5,3,0,1,1,0,0,0,0,0,13.20077065,52.52449705
10,10300734,2020,8,17,7,3,2,6,0,0,1,0,1,0,0,0,13.56157546,52.50231978
10,10100102,2020,8,8,5,2,5,3,0,1,1,0,0,0,0,0,13.5681519,52.57365388
2,2200208,2020,7,14,5,3,5,2,0,1,1,0,0,0,0,0,13.3845655,52.49668965
9,9200715,2020,8,7,3,3,5,2,0,0,1,0,0,0,0,0,13.54520351,52.42574036
7,7100101,2020,7,18,2,3,0,7,0,0,1,0,1,0,0,1,13.34192186,52.4973182
3,3300411,2020,8,18,1,3,0,6,0,0,1,0,1,0,0,0,13.49383954,52.61544228
7,7601544,2020,8,17,5,3,2,6,0,0,1,0,0,0,0,0,13.40679656,52.39376869
11,11401137,2020,8,2,7,2,6,4,2,0,0,1,0,0,1,0,13.51917745,52.50367885
1,1200517,2020,8,17,5,3,3,6,0,1,1,0,0,0,0,0,13.34443142,52.53810623
7,7400928,2020,7,14,5,3,5,3,0,1,1,0,0,0,0,0,13.42202648,52.46251221
11,11300721,2020,8,15,2,3,5,3,0,0,1,0,0,0,0,0,13.49982057,52.53437283
12,12200309,2020,7,14,5,3,0,7,0,1,0,0,0,0,0,0,13.32747526,52.56350052
8,8100416,2020,8,14,4,3,0,7,0,1,0,0,0,0,0,0,13.44363955,52.47378444
1,1100310,2020,8,18,2,2,2,6,0,0,1,0,1,0,0,0,13.41549009,52.52662494
3,3400723,2020,7,13,5,3,5,3,0,1,0,0,0,0,0,0,13.41974387,52.57324299
5,5300737,2020,8,8,4,3,2,6,0,0,1,0,0,0,0,0,13.24786471,52.5451678
8,8401241,2020,7,13,5,3,4,6,0,1,1,0,0,0,1,0,13.48740374,52.43443944
3,3601347,2020,8,15,3,3,3,6,0,1,0,0,1,0,0,0,13.41924529,52.54605943
8,8200725,2020,7,14,2,3,6,4,0,0,1,1,0,0,0,0,13.41224787,52.43914822
5,5300841,2020,8,17,1,3,0,1,0,1,0,0,0,0,0,1,13.27048863,52.53653821
10,10400941,2020,8,13,7,3,5,3,0,1,1,0,0,0,0,0,13.60935434,52.49297974
1,1200517,2020,8,14,5,3,3,6,0,1,1,0,0,0,0,0,13.34441445,52.53831457
11,11501339,2020,7,12,5,3,6,4,0,0,1,1,0,0,0,0,13.51718489,52.48781647
4,4501041,2020,8,8,2,3,5,2,0,1,1,0,0,0,0,0,13.31943934,52.50163547
1,7100101,2020,8,18,2,2,5,3,0,0,1,0,1,0,0,0,13.34278169,52.5045784
6,6300524,2020,7,11,5,3,5,2,0,1,1,0,0,0,0,0,13.23003332,52.43088659
10,10300731,2020,8,12,4,3,5,3,0,0,1,0,0,0,0,0,13.5522077,52.52040157
9,9501941,2020,7,11,5,3,2,6,0,0,1,0,0,0,0,0,13.59316918,52.45183576
2,2500835,2020,8,12,2,3,2,2,0,0,1,0,0,0,0,0,13.46628345,52.50044788
2,2200210,2020,8,18,2,3,2,6,0,0,1,0,0,0,0,0,13.39562762,52.49742834
11,9200512,2020,7,10,5,3,5,3,0,1,0,0,1,0,0,0,13.5205976,52.47421587
4,4100101,2020,8,16,4,3,5,2,0,1,1,0,0,0,0,0,13.30489091,52.54784756
1,1100206,2020,7,10,2,2,3,1,0,1,1,0,0,0,0,1,13.38824423,52.5204527
1,1300731,2020,7,9,5,3,5,3,0,1,1,0,0,0,0,0,13.3881383,52.56567117
1,1200628,2020,8,19,4,3,5,2,0,1,1,0,0,0,0,0,13.36583537,52.52543075
2,2400625,2020,7,16,2,3,5,3,0,1,1,0,0,0,0,0,13.44335349,52.51195587
7,7501030,2020,7,9,5,3,3,2,0,0,1,0,0,1,0,0,13.38566413,52.4455597
6,6100101,2020,8,10,3,3,5,3,0,1,1,0,0,0,0,0,13.3124656,52.46476904
1,1100206,2020,8,10,7,3,1,5,0,1,0,0,0,0,1,0,13.38823173,52.52052411
9,9100304,2020,8,13,5,3,2,6,0,0,1,0,0,0,0,0,13.48484768,52.46374488
9,9501838,2020,8,19,2,3,3,6,1,1,0,0,0,0,0,0,13.69986609,52.43612079
10,10400941,2020,7,9,5,3,5,2,0,1,1,0,0,0,0,0,13.6106626,52.48222357
12,12200515,2020,8,10,4,3,5,3,0,0,1,0,1,0,0,0,13.28107649,52.58547278
5,5400942,2020,7,9,5,2,4,6,0,0,1,0,0,0,1,0,13.17983766,52.49980419
8,8100206,2020,8,12,3,3,1,5,0,1,1,0,0,0,0,0,13.42445036,52.48471878
1,1401043,2020,7,6,2,3,6,4,0,0,1,1,0,0,0,0,13.3616881,52.54790932
4,4300414,2020,8,15,7,3,5,2,0,1,1,0,0,0,0,0,13.3005739,52.51655553
1,1401049,2020,8,17,5,2,4,6,0,1,0,0,0,0,0,0,13.36349305,52.55661831
9,9501736,2020,7,9,5,3,4,6,0,1,0,0,0,0,0,0,13.60299046,52.45094453
6,6300526,2020,8,19,4,3,5,2,0,1,1,0,0,0,0,0,13.25602035,52.43583911
9,9200715,2020,7,18,2,2,5,3,0,0,1,0,0,0,0,1,13.52697603,52.43778236
8,8100206,2020,8,12,1,3,5,3,0,1,1,0,0,0,0,1,13.42536321,52.48076493
12,12500926,2020,8,17,5,3,0,2,0,1,1,0,0,0,0,0,13.3388458,52.58937468
4,4200311,2020,7,8,5,3,0,2,0,1,1,0,0,0,0,0,13.28128126,52.5127801
12,12200310,2020,8,7,3,3,1,5,0,1,1,0,0,0,0,0,13.30061586,52.56968173
4,4500936,2020,7,14,2,3,5,2,0,1,1,0,0,0,0,0,13.29665729,52.50146279
10,10400940,2020,8,14,7,3,8,1,0,0,1,0,0,0,0,0,13.61460574,52.50238355
11,11200512,2020,8,11,5,2,5,3,0,0,1,0,0,0,0,0,13.48601057,52.54958298
1,1100308,2020,8,18,2,3,1,5,0,1,1,0,0,0,0,0,13.38070222,52.53246206
4,4300622,2020,7,7,5,3,2,6,0,0,1,0,0,1,0,0,13.326508,52.50881381
3,3601140,2020,8,9,4,3,0,6,0,1,1,0,0,0,0,0,13.40221965,52.55134723
1,1200517,2020,7,8,5,3,0,2,0,1,0,0,0,0,1,0,13.32824052,52.53292495
1,1100205,2020,8,19,3,3,5,2,0,1,0,0,0,0,1,0,13.3829675,52.51225636
9,9502043,2020,7,12,2,3,5,7,0,1,1,0,0,0,0,0,13.56540227,52.47145205
8,8401241,2020,8,17,1,2,5,3,0,1,0,0,0,0,1,1,13.47826602,52.44006097
6,6300528,2020,8,11,7,3,5,3,0,1,1,0,0,0,0,0,13.26401298,52.42872567
1,1200628,2020,8,16,5,3,5,2,0,0,1,0,0,0,0,0,13.36343355,52.52462426
1,1100308,2020,7,9,4,3,5,7,0,1,0,0,0,0,1,0,13.38016069,52.51966918
6,6300526,2020,8,8,2,3,6,7,0,0,1,1,0,0,0,0,13.25710999,52.42895397
2,2400521,2020,7,9,2,3,0,3,0,0,1,0,0,0,1,0,13.44093735,52.52447585
9,9401534,2020,7,23,4,3,0,1,2,1,0,0,0,0,0,0,13.57528962,52.44754221
5,5300737,2020,8,16,4,3,1,5,0,1,1,0,0,0,0,0,13.2372186,52.54221874
9,9100304,2020,7,22,4,3,5,2,2,0,0,0,1,0,0,0,13.48703541,52.46560932
9,9200510,2020,8,11,3,3,3,6,0,0,1,0,0,0,0,0,13.51225175,52.47086352
7,7400721,2020,7,11,2,3,5,3,0,1,0,0,0,0,1,0,13.38579584,52.4715601
4,4501044,2020,7,12,6,3,5,2,0,1,1,0,0,0,0,0,13.31952983,52.49208954
1,1100103,2020,8,13,4,2,5,2,0,0,1,0,1,0,0,0,13.3621901,52.50497642
2,2300314,2020,7,22,4,3,5,2,2,1,1,0,0,0,0,0,13.41893055,52.49888492
12,12100205,2020,8,13,4,3,0,7,0,1,0,0,0,0,0,0,13.36339865,52.58069579
3,3601449,2020,7,22,4,3,0,7,2,0,0,0,0,0,1,0,13.45431386,52.54018004
8,8200727,2020,8,6,3,3,2,6,0,0,1,0,1,0,0,0,13.43412071,52.44313122
1,1200628,2020,7,11,2,3,6,4,0,1,0,1,0,0,0,0,13.3691772,52.52626849
1,1300731,2020,8,16,1,3,5,2,0,0,1,0,0,0,0,0,13.38437893,52.56754733
10,10100104,2020,8,2,7,3,6,7,2,1,0,1,0,0,0,0,13.5774974,52.56214912
9,9200715,2020,8,9,5,3,5,2,0,1,0,0,0,0,0,0,13.52840896,52.42908882
9,9100304,2020,7,22,4,3,5,2,2,1,1,0,0,0,0,0,13.48121092,52.46092445
5,5200629,2020,8,14,2,3,6,7,0,0,0,1,0,0,1,0,13.1923636,52.52862471
11,11300721,2020,8,18,2,3,2,6,0,0,1,0,0,0,0,0,13.49559271,52.53424139
1,1400937,2020,7,21,4,3,1,5,2,1,1,0,0,0,0,0,13.33876896,52.55372419
9,9200510,2020,8,16,4,3,5,2,0,1,1,0,0,0,0,0,13.51038781,52.46325948
2,2200210,2020,8,20,2,3,5,3,0,0,1,0,0,0,0,0,13.39281655,52.49204349
1,1300836,2020,7,20,4,2,0,3,1,0,1,0,1,0,0,0,13.37936714,52.54049962
6,6100102,2020,8,0,4,3,1,7,2,0,1,0,0,0,0,0,13.32227528,52.45655033
8,8100310,2020,7,20,4,3,3,6,0,1,1,0,0,0,0,0,13.43344987,52.49174795