BEZ,LOR_ab_2021,UJAHR,UMONAT,USTUNDE,UWOCHENTAG,UKATEGORIE,UART,UTYP1,ULICHTVERH,IstRad,IstPKW,IstFuss,IstKrad,IstGkfz,IstSonstige,USTRZUSTAND,XGCSWGS84,YGCSWGS84
12,12500926,2020,8,14,3,3,0,1,0,0,0,0,1,0,0,0,13.33455266,52.58768046
10,10200421,2020,7,18,4,3,5,2,0,0,1,0,1,0,0,0,13.60226503,52.53605588
1,1400938,2020,8,0,4,2,5,7,2,0,1,0,0,0,1,0,13.34095995,52.55155903
6,6400735,2020,7,18,4,2,1,5,0,1,1,0,0,0,0,0,13.18576044,52.42491284
3,3601141,2020,8,16,3,3,2,6,0,0,1,0,1,0,0,1,13.41398456,52.55362907
11,11300616,2020,7,10,2,2,5,3,0,1,1,0,0,0,0,0,13.46827154,52.53431295
12,12500825,2020,8,14,1,3,0,1,0,0,0,0,1,0,0,1,13.31741172,52.58722933
3,3200207,2020,8,15,7,3,5,2,0,1,1,0,0,0,0,0,13.43072101,52.58999616
6,6100102,2020,8,6,5,3,5,2,0,1,0,0,0,0,0,0,13.32391467,52.45614171
4,4501043,2020,7,17,4,3,2,6,0,0,1,0,0,0,0,0,13.31387782,52.49020675
7,7400823,2020,8,10,2,3,5,2,0,1,1,0,0,0,0,0,13.3749511,52.4554523
1,1100205,2020,7,16,4,3,5,2,0,1,1,0,0,0,0,0,13.38412594,52.51012284
12,12601235,2020,8,15,4,3,6,4,0,1,0,1,0,0,0,0,13.35511806,52.59663997
6,6200317,2020,7,10,2,3,2,6,0,0,1,0,0,0,0,0,13.35686427,52.42444288
6,6400844,2020,7,16,4,3,5,3,0,1,1,0,0,0,0,0,13.27533061,52.46091819
5,5300737,2020,8,7,4,3,5,3,0,1,1,0,0,0,0,0,13.23791118,52.54239929
1,1300836,2020,7,10,2,3,9,1,0,0,1,0,0,0,0,0,13.37309849,52.54272313
1,1300733,2020,7,16,4,3,6,4,0,0,1,1,0,0,0,0,13.39215001,52.554302
9,9200819,2020,8,9,3,3,2,6,0,0,1,0,0,0,1,0,13.5610937,52.4361314
1,1100313,2020,7,10,2,3,5,3,0,1,1,0,0,0,0,0,13.41966131,52.50608698
6,6400737,2020,8,7,7,3,5,2,0,1,1,0,0,0,0,0,13.23720928,52.46928208
7,7501029,2020,8,12,5,2,5,3,0,0,1,0,1,0,0,0,13.36894186,52.44546326
1,1100415,2020,8,20,2,3,0,1,0,1,0,0,0,0,0,0,13.39201234,52.53199049
2,2500729,2020,7,10,2,3,2,7,0,1,1,0,0,0,0,0,13.47198814,52.51685415
1,1300835,2020,8,0,7,3,1,7,2,0,1,0,0,0,1,0,13.38754204,52.54366984
12,12400722,2020,8,14,5,3,6,2,0,0,1,1,0,0,0,0,13.30099324,52.61622796
11,11200410,2020,7,16,4,3,5,7,0,1,1,0,0,0,0,0,13.51192543,52.55466092
1,1200628,2020,8,8,2,3,0,3,0,0,1,0,0,0,1,0,13.36843531,52.52252035
4,4501042,2020,7,16,4,3,3,6,0,1,0,0,1,0,0,0,13.34037057,52.50420008
10,10300731,2020,8,12,4,3,5,2,0,1,1,0,0,0,0,0,13.56302982,52.51424479
3,3400828,2020,7,15,4,3,2,6,0,1,1,0,0,0,0,0,13.42730598,52.56054218
5,5200418,2020,8,19,4,2,5,3,0,1,1,0,0,0,0,0,13.13000526,52.5485121
3,3701556,2020,7,9,2,3,0,3,0,1,0,0,0,0,1,0,13.42018814,52.53282018
1,1100102,2020,8,6,1,3,9,1,1,0,1,0,0,0,0,0,13.3708593,52.51862558
1,1100207,2020,8,17,5,3,5,3,0,1,1,0,0,0,0,0,13.39046117,52.5076955
5,5100209,2020,7,15,4,3,2,6,0,0,0,1,0,0,1,0,13.18038842,52.54866544
2,2200212,2020,8,13,3,3,2,6,0,0,1,0,1,0,0,0,13.41449632,52.48820872
8,8200833,2020,7,8,2,3,1,5,0,0,1,0,0,0,1,0,13.43935355,52.4175273
11,11400927,2020,8,9,7,3,0,1,0,0,0,0,1,0,0,0,13.48118279,52.50286199
3,3500934,2020,8,11,5,3,3,6,0,1,0,0,0,0,1,0,13.43476977,52.55672332
11,11200411,2020,7,15,4,3,6,2,0,0,1,1,0,0,0,0,13.49952121,52.54776977
4,4300620,2020,8,9,4,3,5,2,0,1,1,0,0,0,0,0,13.32595264,52.51863837
6,6200420,2020,7,15,4,3,5,3,0,1,1,0,0,0,0,0,13.30737768,52.41984188
12,12500824,2020,8,17,3,3,5,2,0,1,1,0,0,0,0,0,13.28935983,52.59027512
6,6200315,2020,7,8,2,3,9,1,0,0,1,0,0,0,0,0,13.35233534,52.42954061
8,8100209,2020,7,15,4,3,5,2,0,1,1,0,0,0,0,0,13.44279381,52.46508063
8,8100105,2020,8,10,4,3,2,6,0,0,1,0,0,0,0,0,13.43315784,52.46430276
4,4100101,2020,7,15,4,3,5,2,0,1,1,0,0,0,0,0,13.28253941,52.53389196
1,1100207,2020,8,14,3,3,5,2,0,0,1,0,1,0,0,0,13.40582539,52.51399197
2,2300314,2020,7,8,2,3,5,2,0,1,1,0,0,0,0,0,13.42121638,52.50075855
1,1200520,2020,8,3,7,3,0,1,2,1,0,0,0,0,0,0,13.34333799,52.52864594
2,2100102,2020,8,16,5,3,5,2,0,1,1,0,0,0,0,0,13.39466193,52.5021555
11,11300620,2020,7,14,4,3,2,6,0,0,1,0,0,0,0,0,13.47986297,52.52698203
3,3100102,2020,8,12,3,3,0,7,0,1,0,0,0,0,0,0,13.5180153,52.64246154
1,1200626,2020,7,8,2,3,5,2,0,1,1,0,0,0,0,0,13.34675101,52.52489932
2,2300315,2020,7,13,4,3,5,2,0,1,0,0,0,1,0,0,13.42633159,52.49932782
2,2200209,2020,8,18,4,3,6,7,0,1,0,1,0,0,0,0,13.37561695,52.48774974
4,4100101,2020,8,19,2,2,5,2,0,0,1,0,0,0,0,0,13.32610463,52.53837732
3,3100102,2020,7,11,4,3,5,7,0,0,1,0,0,0,0,0,13.51044239,52.63417734
12,12500928,2020,8,21,4,2,0,1,1,0,0,0,1,0,0,0,13.31922762,52.60684444
1,1100207,2020,7,11,4,3,5,3,0,1,1,0,0,0,0,0,13.40462504,52.50896097
9,9200613,2020,8,4,3,2,2,6,1,0,1,0,0,0,0,0,13.49609925,52.46625905
8,8401243,2020,7,7,2,3,5,3,0,1,1,0,0,0,0,0,13.48999486,52.42123711
2,2100104,2020,8,17,1,3,2,7,0,1,1,0,0,0,0,1,13.41421975,52.50267001
12,12100102,2020,8,18,7,2,5,3,0,0,1,0,1,0,0,0,13.37755653,52.5704708
7,7300619,2020,8,9,5,2,5,2,0,1,1,0,0,0,0,0,13.34883089,52.45916432
7,7200413,2020,7,11,4,2,1,5,0,1,0,0,0,0,1,0,13.36142864,52.4826053
7,7601236,2020,8,12,2,3,5,2,0,0,1,0,0,0,0,0,13.37069349,52.42243122
12,12200414,2020,7,10,4,3,2,6,0,0,1,0,0,0,0,0,13.30694042,52.55497871
1,1400937,2020,8,16,4,3,2,6,0,0,1,0,0,0,0,0,13.3358927,52.55428931
2,2100105,2020,8,13,1,3,5,2,0,1,1,0,0,0,0,1,13.41813805,52.49938734
1,1100102,2020,8,18,5,3,5,3,0,0,1,0,0,0,0,0,13.37382585,52.50509571
9,9100101,2020,8,19,7,3,1,5,0,1,1,0,0,0,0,0,13.45593209,52.4956086
2,2400522,2020,8,6,5,3,5,2,0,0,1,0,0,0,1,0,13.44379133,52.52530586
1,1200517,2020,7,10,4,2,5,2,0,1,1,0,0,0,0,0,13.32841729,52.5330648
4,4300518,2020,8,21,2,3,1,5,2,0,1,0,0,0,0,0,13.31449978,52.52259
6,6200313,2020,7,10,4,3,5,2,0,0,1,0,0,0,1,0,13.34361372,52.43913826
9,9401534,2020,8,17,4,3,0,1,0,1,0,0,0,0,0,0,13.57674304,52.44436408
11,11200410,2020,7,9,4,2,5,3,0,1,1,0,0,0,0,0,13.4993172,52.56130504
5,5300841,2020,8,8,4,3,5,2,0,1,0,0,0,0,1,0,13.27327953,52.53692931
1,1200517,2020,7,10,4,2,0,3,0,0,0,0,1,0,1,0,13.33799993,52.53472458
10,10400837,2020,8,15,3,2,5,3,0,1,1,0,0,0,0,0,13.5858029,52.50067671
4,4501041,2020,7,20,2,2,0,5,0,0,1,0,1,0,0,1,13.31681554,52.5013961
3,3601243,2020,8,13,1,3,0,1,0,0,1,0,0,0,0,1,13.41723159,52.55000003
6,6200314,2020,8,13,7,3,0,2,0,1,1,0,0,0,0,0,13.33345651,52.42993561
5,5200528,2020,8,16,5,3,0,1,0,0,0,0,1,0,0,0,13.17756604,52.51695851
6,6300634,2020,7,9,4,1,5,3,0,1,1,0,0,0,0,0,13.30957616,52.43124754
5,5300840,2020,8,8,2,3,2,6,0,0,1,0,0,0,0,0,13.26456756,52.53668773
9,9301025,2020,7,8,4,3,5,3,0,1,0,0,0,0,1,0,13.5563684,52.39978832
1,1100416,2020,8,12,4,3,2,6,0,0,1,0,1,0,0,0,13.3961574,52.53806986
6,6300633,2020,7,7,4,3,6,7,0,1,0,1,0,0,0,0,13.30301413,52.44443502
8,8100521,2020,8,19,4,3,6,4,0,0,0,1,1,0,0,0,13.45284894,52.47036028
3,3200310,2020,7,18,2,2,0,7,0,0,0,0,0,0,1,0,13.42627759,52.60772837
4,4300623,2020,7,19,2,3,0,1,0,0,0,0,1,0,0,1,13.31423072,52.50780265
11,11100101,2020,7,6,4,2,0,7,0,0,1,0,0,0,0,0,13.5205648,52.58028584
5,5100101,2020,8,20,4,3,0,7,1,0,0,0,1,0,0,1,13.17682619,52.58480681
8,8100206,2020,7,18,2,3,1,5,0,1,1,0,0,0,0,1,13.42496368,52.48117017
8,8100415,2020,7,6,4,3,5,3,0,1,0,0,0,0,0,0,13.43548166,52.48073797
8,8401139,2020,8,10,3,3,1,5,0,0,1,0,0,0,0,0,13.46675563,52.43365508
8,8100104,2020,7,18,2,3,4,2,0,1,1,0,0,0,0,1,13.42074484,52.46867068
8,8200725,2020,8,11,7,3,5,3,0,1,1,0,0,0,0,0,13.42541127,52.44199303
7,7100102,2020,8,14,5,3,5,3,0,1,1,0,0,0,0,0,13.35423753,52.49919081
1,1300834,2020,7,1,4,3,5,3,2,1,0,0,0,0,1,0,13.39850052,52.53896403
12,12200310,2020,8,18,2,2,6,4,0,0,1,1,0,0,0,0,13.31521321,52.57678034
1,1401049,2020,7,15,4,3,2,6,0,0,1,0,0,0,0,0,13.36348551,52.55661443
4,4200310,2020,8,14,4,3,2,6,0,0,1,0,1,0,0,0,13.26911063,52.51147822
4,4200308,2020,7,7,3,3,0,2,0,1,0,0,0,1,0,0,13.28041053,52.51833309
6,6300634,2020,8,13,4,3,3,6,0,0,1,0,1,0,0,0,13.29743631,52.44229127
4,4501043,2020,7,18,2,3,5,2,0,1,1,0,0,0,0,1,13.31425783,52.490271
2,2300315,2020,8,15,7,3,5,3,0,1,0,0,1,0,0,0,13.43200363,52.49932633
5,5100313,2020,8,19,5,3,5,2,0,1,1,0,0,0,0,0,13.21075915,52.54770925
9,9501941,2020,7,16,3,3,3,6,0,1,0,0,0,0,0,0,13.58925142,52.4513402
7,7400927,2020,8,12,3,3,0,5,0,0,1,0,1,0,0,0,13.39361399,52.45753791
2,2300314,2020,7,17,2,2,5,2,0,1,1,0,0,0,0,0,13.42304286,52.50024567
3,3601449,2020,7,9,6,3,5,3,0,1,1,0,0,0,0,0,13.44637327,52.54495199
11,11100204,2020,8,16,4,2,0,6,0,0,1,0,1,0,0,0,13.51764901,52.56788484
1,1300733,2020,8,12,1,3,2,6,0,0,1,0,0,0,0,1,13.39693967,52.55472266
5,5100314,2020,8,17,5,3,5,2,0,0,1,0,0,0,1,0,13.20675224,52.54372431
1,1100205,2020,7,11,3,3,5,2,0,1,0,0,0,0,1,0,13.37741456,52.50965939
1,1100207,2020,8,8,3,3,3,6,0,1,1,0,0,0,0,0,13.39962406,52.50914109
10,10200417,2020,7,17,2,3,6,4,0,0,1,1,0,0,0,0,13.59017255,52.54723136
2,2400522,2020,8,9,7,3,5,3,0,0,1,0,0,0,0,0,13.44799252,52.51941144
4,4501041,2020,8,11,5,3,2,6,0,0,1,0,0,0,0,0,13.31576887,52.50095584
6,6300630,2020,7,16,3,3,0,2,0,0,1,0,1,0,0,0,13.3213412,52.44410235
2,2100106,2020,8,9,4,3,5,3,0,1,1,0,0,0,0,0,13.41781091,52.49885528
8,8100206,2020,7,15,3,2,0,6,0,0,1,0,1,0,0,0,13.42527429,52.48011463
3,3601142,2020,8,19,3,3,3,6,0,1,0,0,0,0,0,0,13.4113052,52.54109899
5,5200630,2020,7,16,2,3,6,4,0,0,1,1,0,0,0,0,13.17908921,52.52489083
1,1100415,2020,8,2,7,2,0,1,2,0,0,0,0,0,1,0,13.38683358,52.53141355
12,12400616,2020,8,16,5,3,5,3,0,0,1,0,1,0,0,0,13.22641705,52.58345712
7,7400825,2020,7,15,3,2,2,6,0,0,1,0,1,0,0,0,13.38078116,52.45601407
8,8100310,2020,8,18,2,3,0,1,0,0,0,0,1,0,0,0,13.43143066,52.49238408
4,4100101,2020,7,15,2,3,5,2,0,0,1,0,0,0,0,0,13.29675387,52.54801276
8,8100417,2020,7,15,3,3,6,4,0,0,1,1,0,0,0,0,13.45322728,52.47244243
10,10200421,2020,8,23,4,3,5,3,2,1,1,0,0,0,0,0,13.60215665,52.53608326
2,2100102,2020,7,14,3,3,5,3,0,1,1,0,0,0,0,0,13.39549507,52.49901403
9,9100305,2020,8,8,4,2,2,7,0,0,1,0,1,0,0,0,13.49179419,52.46950419
1,1300733,2020,7,13,3,2,0,1,0,0,0,0,1,0,0,0,13.38194039,52.5521588
3,3601450,2020,8,22,4,3,0,7,2,1,0,1,0,0,0,0,13.46233806,52.53155439
11,11400929,2020,7,13,3,2,5,3,0,0,1,0,0,0,0,0,13.49271178,52.50307232
3,3601140,2020,8,6,3,3,2,6,0,0,1,0,0,0,0,0,13.40426007,52.55447511
3,3400619,2020,7,15,2,2,2,6,0,1,1,0,0,1,0,0,13.36433358,52.58212107
10,10400938,2020,8,13,1,2,2,2,0,0,1,0,0,0,0,1,13.62620389,52.52945797
1,1401047,2020,8,19,7,3,5,3,0,1,1,0,0,0,0,0,13.35923562,52.54652749
4,4500936,2020,8,9,5,3,5,2,0,0,1,0,0,0,0,0,13.30715733,52.50008665
8,8200725,2020,7,13,3,3,5,2,0,1,1,0,0,0,0,0,13.43151392,52.44341395
2,2300315,2020,8,14,2,3,6,4,0,0,0,1,1,0,0,0,13.42542509,52.49958022
3,3200205,2020,8,19,2,2,9,1,0,0,0,0,1,0,0,0,13.39841724,52.59053503
3,3601450,2020,7,11,3,3,0,1,0,1,0,0,0,0,0,0,13.45782455,52.52904196
2,2300418,2020,8,17,4,2,3,6,0,1,1,0,0,0,0,0,13.4359942,52.4920241
4,4501042,2020,8,18,2,3,5,3,0,0,1,0,1,0,0,0,13.34052305,52.50434157
4,4400726,2020,7,12,3,3,3,6,0,1,1,0,0,0,0,0,13.27901462,52.49078629
7,7200308,2020,8,8,4,2,5,3,0,1,0,0,0,0,0,0,13.34220086,52.48249462
9,9401534,2020,7,12,3,3,0,7,0,1,0,0,0,0,0,0,13.58107849,52.44295694
6,6200421,2020,8,14,3,3,5,3,0,1,1,0,0,0,0,0,13.31219709,52.41983928
3,3300412,2020,7,14,2,3,5,3,0,0,1,0,0,0,0,0,13.48146379,52.61788285
2,2100104,2020,8,12,7,3,5,2,0,1,1,0,0,0,0,0,13.41046207,52.50345395
11,11200410,2020,8,14,5,3,5,7,0,0,1,0,0,0,0,0,13.49461316,52.559655
9,9401329,2020,8,18,2,3,1,3,0,1,1,0,0,0,0,0,13.59443462,52.42920897
7,7400927,2020,8,7,2,3,5,3,0,0,1,0,0,0,0,1,13.40019403,52.45913905
2,2400521,2020,8,13,3,3,2,6,0,1,1,0,0,0,0,0,13.44038986,52.5183592
1,1100207,2020,8,6,6,3,5,3,1,0,0,0,0,1,1,1,13.39013257,52.50945519
11,11401137,2020,8,9,4,3,6,4,0,0,1,1,0,0,0,0,13.52356567,52.49711234
9,9502043,2020,8,7,4,2,6,4,0,0,0,1,0,0,1,0,13.58872991,52.46985318
1,1200519,2020,8,19,2,3,0,3,0,0,1,0,0,0,1,0,13.33092469,52.52711543
1,1100416,2020,8,17,1,2,0,1,0,1,0,0,0,0,0,0,13.40270309,52.53148369
10,10100315,2020,8,17,2,2,0,1,0,0,0,0,1,0,0,1,13.57090357,52.54582876
7,7400822,2020,8,15,5,3,5,2,0,1,1,0,0,0,0,0,13.35913653,52.45685651
1,1300836,2020,8,22,2,3,5,3,2,0,1,0,1,0,0,0,13.37572212,52.53812644
6,6200314,2020,8,10,7,3,1,5,0,1,1,0,0,0,0,0,13.33944853,52.43089868
2,2500726,2020,8,8,4,3,5,2,0,1,1,0,0,0,0,0,13.45088573,52.52716683
10,10100210,2020,8,10,2,3,5,3,0,0,1,0,1,0,0,0,13.56255608,52.54727476
5,5100313,2020,8,16,6,3,5,2,0,1,1,0,0,0,0,0,13.21097604,52.54766525
8,8100209,2020,8,7,4,3,5,3,0,0,1,0,0,0,0,0,13.43672079,52.46601245
2,2300316,2020,8,10,2,3,0,5,0,0,1,0,0,0,1,0,13.43948807,52.50057778
1,1200623,2020,8,8,5,3,3,6,0,1,0,0,0,0,0,0,13.35357856,52.53401794
5,5100316,2020,8,8,4,3,5,2,0,0,1,0,0,0,1,0,13.20067374,52.53871333
10,10400941,2020,8,10,2,3,1,5,0,1,1,0,0,0,0,0,13.62416499,52.49409875
8,8100312,2020,8,20,1,3,6,4,2,0,1,1,0,0,0,0,13.43586539,52.48389854
4,4300624,2020,8,12,5,3,2,6,0,0,1,0,0,0,0,0,13.32003692,52.50587933
3,3601449,2020,8,9,2,3,1,5,0,1,1,0,0,0,0,0,13.44287763,52.54271516
4,4300416,2020,8,15,7,3,0,1,0,1,0,0,0,0,0,0,13.29786809,52.51047766
4,4300624,2020,8,15,5,3,2,6,0,1,1,0,0,0,0,0,13.31979439,52.50589295
7,7400720,2020,8,9,2,3,2,6,0,1,1,0,0,0,0,0,13.36689477,52.47460519
2,2400623,2020,8,13,7,3,2,6,0,0,1,0,0,0,0,0,13.43007314,52.51018337
11,11300721,2020,8,8,2,3,5,3,0,1,1,0,0,0,0,0,13.49651098,52.53394945
8,8100207,2020,8,14,6,3,6,4,0,0,1,1,0,0,0,0,13.43052732,52.47808182
3,3400620,2020,8,7,4,3,5,3,0,1,0,0,0,0,0,0,13.38227226,52.5794564
4,4400728,2020,8,8,2,3,1,7,0,0,1,0,0,0,0,0,13.28193421,52.48401264
9,9100407,2020,8,7,2,3,4,6,0,0,1,0,0,0,0,0,13.50696236,52.45351343
4,4300622,2020,8,6,5,3,1,5,0,0,1,0,0,0,1,0,13.32403489,52.51040594
10,10100206,2020,8,8,4,3,2,6,0,1,0,0,0,0,0,0,13.56779316,52.56088355
6,6200422,2020,8,7,2,2,0,1,0,1,0,0,0,0,0,0,13.31551227,52.41925805
10,10100312,2020,8,19,1,2,6,4,0,0,1,1,0,0,0,0,13.53933054,52.53447743
4,4501040,2020,8,16,4,3,1,5,0,1,1,0,0,0,0,0,13.30783975,52.50282058
11,11100203,2020,8,7,2,3,0,1,0,1,0,0,0,0,0,0,13.53151168,52.57012363
1,3701556,2020,8,0,6,2,4,6,2,1,0,0,0,0,0,0,13.40983743,52.52898834
1,1400938,2020,8,16,2,3,2,6,0,0,1,0,0,0,0,1,13.34532151,52.5541498
5,5200629,2020,8,12,6,2,6,2,0,0,1,1,0,0,0,0,13.19454861,52.5337688
12,12100205,2020,8,10,4,3,5,2,0,1,1,0,0,0,0,0,13.34670342,52.56689495
11,11300722,2020,8,7,4,3,0,2,0,0,1,1,0,0,0,0,13.47923653,52.52304517
10,10300734,2020,8,8,2,2,6,4,0,0,1,1,0,0,0,0,13.55925836,52.4748716
12,12100101,2020,8,16,2,3,2,6,0,1,1,0,0,0,0,0,13.36578867,52.56316052
2,2300418,2020,8,15,2,3,5,3,0,1,0,0,0,0,1,0,13.43557655,52.49160611
9,9300920,2020,8,18,5,3,5,2,0,1,1,0,0,0,0,0,13.53867998,52.4203834
1,1100310,2020,8,9,4,3,5,2,0,1,0,0,0,1,0,0,13.41240493,52.51580526
4,4200206,2020,8,15,2,3,0,1,0,1,0,0,0,0,0,0,13.25475914,52.50579874
8,8100206,2020,8,14,6,3,5,2,0,1,1,0,0,0,0,0,13.43188796,52.48063679
3,3601451,2020,8,19,3,3,0,2,0,1,1,0,0,0,0,0,13.43669035,52.53651753
1,1100312,2020,8,15,2,3,5,3,0,1,1,0,0,0,0,0,13.41705948,52.5124436
1,1401049,2020,8,15,2,3,0,2,0,0,1,0,1,0,0,0,13.36570228,52.55683157
9,9200510,2020,8,19,5,2,9,1,0,0,1,0,0,0,0,0,13.51725175,52.47139742
4,4400729,2020,8,14,3,3,5,3,0,1,1,0,0,0,0,0,13.26074231,52.48702667
11,11100204,2020,8,20,2,3,5,2,0,1,1,0,0,0,0,0,13.52563936,52.56408741
2,2500727,2020,8,2,1,3,5,5,2,1,1,0,0,0,0,0,13.46028317,52.51547166
2,2200213,2020,8,19,4,3,6,4,0,1,0,1,0,0,0,0,13.42365914,52.49032195
11,11200513,2020,8,20,2,2,5,2,0,0,1,0,1,0,0,0,13.4923385,52.54402216
7,7300618,2020,8,20,6,3,0,7,1,0,1,0,0,0,0,0,13.33167563,52.46705993
1,1400939,2020,8,15,2,3,5,2,0,1,1,0,0,0,0,0,13.3437165,52.5585868
3,3400721,2020,8,8,6,3,1,5,0,1,1,0,0,0,0,0,13.39650626,52.56290943
6,6100209,2020,8,9,3,3,5,3,0,1,1,0,0,0,0,0,13.33532696,52.45850393
4,4300412,2020,8,6,4,3,2,6,0,0,1,0,0,1,0,0,13.29156079,52.5190992
4,4200309,2020,8,18,2,3,5,3,0,0,1,0,0,0,0,0,13.26245021,52.51961622
5,5200629,2020,8,13,2,3,2,6,0,0,1,0,0,0,0,1,13.19954414,52.53436096
6,6400737,2020,8,17,5,3,2,6,0,0,1,0,0,0,0,0,13.21466083,52.43974259
1,1100312,2020,8,17,2,2,5,3,0,1,1,0,0,0,0,0,13.41747156,52.51386779
5,5100207,2020,8,7,7,3,5,3,0,1,1,0,0,0,0,0,13.13228256,52.55135093
1,1100310,2020,8,18,3,3,6,7,0,1,0,1,0,0,0,0,13.41360088,52.52019945
10,10400941,2020,8,13,2,3,1,7,0,0,1,0,0,0,0,0,13.62254322,52.49825645
9,9501838,2020,8,17,2,3,0,1,0,0,0,0,1,0,0,1,13.68846334,52.44107084
4,4501042,2020,8,20,7,3,5,2,1,0,1,0,1,0,0,0,13.33239581,52.50626539
8,8100105,2020,8,18,4,3,3,6,0,0,1,0,0,0,0,0,13.43304631,52.46445648
4,4501146,2020,8,17,2,3,1,5,0,0,1,0,0,0,0,1,13.31394826,52.48831295
6,6400842,2020,8,18,6,3,3,6,0,1,0,0,0,0,0,0,13.27019181,52.45019924
11,11501238,2020,8,13,2,3,4,6,0,1,0,0,0,0,0,0,13.48076681,52.49919297
4,4500937,2020,8,18,5,3,3,6,0,1,0,0,0,0,1,0,13.29615241,52.49804835
7,7300517,2020,8,22,3,2,0,1,2,1,0,0,0,0,0,0,13.3352873,52.47335036
8,8401243,2020,8,6,4,3,1,5,0,1,1,0,0,0,0,0,13.49552747,52.41783126
5,5200630,2020,8,17,2,3,5,3,0,0,1,0,0,0,0,1,13.18891318,52.52157051
11,11501340,2020,8,16,1,3,2,6,0,0,1,0,0,0,0,0,13.52784241,52.49004601
9,9200510,2020,8,11,2,3,6,7,0,1,0,1,0,0,0,0,13.51316661,52.46043592
1,1300733,2020,8,15,5,3,5,2,0,1,1,0,0,0,0,0,13.39154123,52.55543591
11,11300619,2020,8,17,2,3,0,2,0,1,1,0,0,0,0,1,13.47971944,52.52387116
11,11300725,2020,8,11,7,3,6,4,0,0,1,1,0,0,0,0,13.49782228,52.51268682
1,1300836,2020,8,23,3,3,5,3,2,0,1,0,0,0,1,0,13.37855157,52.55039086
4,4400727,2020,8,16,2,2,5,3,0,1,1,0,0,0,0,0,13.28535755,52.47951249
2,2400521,2020,8,16,6,3,5,2,0,1,1,0,0,0,0,0,13.42966429,52.52105989
7,7100103,2020,8,23,3,3,5,2,2,1,1,0,0,0,0,0,13.35947527,52.49821949
4,4200308,2020,8,16,2,2,2,6,0,0,0,0,0,1,0,1,13.25666108,52.5223391
3,3400721,2020,8,8,5,3,5,3,0,1,1,0,0,0,0,0,13.39418275,52.56508131
5,5100316,2020,8,21,3,3,5,2,1,1,1,0,0,0,0,0,13.19953535,52.53488652
5,5100211,2020,8,17,6,3,5,7,0,1,1,0,0,0,0,0,13.17807743,52.54886142
3,3400723,2020,8,21,3,3,6,2,1,0,1,1,0,0,0,0,13.40662929,52.5654037
7,7601544,2020,8,11,2,3,0,6,0,0,1,0,0,0,1,0,13.40355641,52.38668007
12,12200515,2020,8,10,5,3,5,3,0,0,1,0,0,0,0,0,13.28453065,52.58371484
7,7400822,2020,8,19,3,3,5,3,0,0,1,0,0,0,0,0,13.37056658,52.46890519
12,12500926,2020,8,10,2,3,0,3,0,0,1,0,0,0,0,0,13.32620763,52.59169977
8,8100104,2020,8,21,1,3,2,6,2,0,1,0,0,0,0,0,13.42891906,52.47190952
4,4501041,2020,8,14,1,2,2,6,0,0,1,0,0,0,0,0,13.32264491,52.50217729
7,7300517,2020,8,14,5,3,5,2,0,1,1,0,0,0,0,0,13.3283339,52.47730661
1,1400937,2020,8,10,1,3,5,2,0,0,1,0,1,0,0,0,13.33795649,52.55151264
2,2500832,2020,8,15,7,2,2,6,0,0,1,0,0,0,0,0,13.47137824,52.50733795
9,9100407,2020,8,7,1,3,0,7,0,0,1,1,0,0,0,0,13.50971187,52.45337697
1,1401047,2020,8,14,6,3,5,3,0,1,1,0,0,0,0,0,13.35518605,52.54396745
9,9200511,2020,8,19,3,3,5,3,0,1,1,0,0,0,0,0,13.51931101,52.46440138
2,2500726,2020,8,22,1,3,5,3,2,0,1,0,0,0,0,0,13.45363141,52.52303251
9,9401330,2020,8,22,1,2,0,1,2,1,0,0,0,0,0,1,13.58951344,52.41687698
6,6200317,2020,8,20,5,3,5,3,1,0,1,0,0,0,0,0,13.35670656,52.42460267
1,1200624,2020,8,11,3,3,2,6,0,0,1,0,0,0,0,0,13.35813055,52.53629546
2,2500728,2020,8,21,1,3,1,5,2,0,1,0,0,0,1,0,13.46914988,52.51854783
3,3500934,2020,8,10,1,3,3,6,0,1,1,0,0,0,0,0,13.43443895,52.55348514
5,5300737,2020,8,22,4,3,5,2,2,0,1,0,0,0,0,0,13.23218244,52.5406486
3,3601141,2020,8,18,1,2,5,3,0,1,1,0,0,0,0,0,13.41479093,52.55386288
1,1300730,2020,8,22,6,2,6,4,2,0,1,1,0,0,0,0,13.3729804,52.55728005
7,7100205,2020,8,3,1,2,8,1,2,0,0,0,0,0,1,0,13.36677677,52.49688273
1,1300733,2020,8,10,1,3,2,6,0,0,1,0,0,0,0,0,13.38474326,52.55599316
4,4300622,2020,8,12,5,3,2,6,0,0,1,0,1,0,0,0,13.32863132,52.50802596
9,9301126,2020,8,13,1,3,2,6,0,1,1,0,0,0,0,0,13.58144311,52.41633007
1,1300836,2020,8,20,7,3,0,7,1,1,0,0,0,0,0,0,13.37380836,52.54745008
1,1100311,2020,8,12,1,3,0,7,0,1,0,0,0,0,0,0,13.42301345,52.52386818