BEZ,LOR_ab_2021,UJAHR,UMONAT,USTUNDE,UWOCHENTAG,UKATEGORIE,UART,UTYP1,ULICHTVERH,IstRad,IstPKW,IstFuss,IstKrad,IstGkfz,IstSonstige,USTRZUSTAND,XGCSWGS84,YGCSWGS84
8,8300934,2020,8,13,6,3,0,6,0,0,1,0,0,0,1,0,13.45771142,52.43114109
6,6300629,2020,8,9,3,3,5,3,0,1,1,0,0,0,0,0,13.29962138,52.44763603
7,7100102,2020,8,11,2,3,5,2,0,1,1,0,0,0,0,0,13.34974982,52.49463495
2,2500727,2020,8,13,1,3,0,7,0,0,0,0,0,0,1,0,13.4621558,52.51870789
8,8100418,2020,8,9,1,2,0,3,0,1,1,0,0,0,0,0,13.44508226,52.48232481
9,9401432,2020,8,18,5,3,5,3,0,1,1,0,0,0,0,0,13.59358343,52.4474932
1,1100206,2020,8,8,3,3,1,5,0,1,1,0,0,0,0,0,13.38534996,52.51939971
1,1300836,2020,8,7,1,3,1,5,0,1,1,0,0,0,0,0,13.38256324,52.54784572
4,4501041,2020,8,0,1,3,5,2,2,0,1,0,1,0,0,0,13.31669279,52.49952374
2,2500831,2020,8,19,4,3,2,6,0,1,1,0,0,0,0,0,13.47005997,52.512399
4,4300624,2020,8,2,1,3,1,5,2,1,1,0,0,0,0,0,13.32397597,52.50579508
1,1100308,2020,8,18,6,3,3,6,0,1,0,0,1,0,0,0,13.38426138,52.52960105
1,1200628,2020,8,1,1,3,5,2,2,0,1,0,1,0,0,0,13.3556163,52.51996264
11,11401137,2020,8,7,6,3,5,3,0,1,1,0,0,0,0,0,13.52338884,52.4954396
1,1200522,2020,8,7,3,3,5,2,0,1,1,0,0,0,0,0,13.34298708,52.52544802
2,2500833,2020,8,5,4,3,5,3,1,0,1,0,1,0,0,0,13.46106181,52.5111436
5,5200528,2020,8,16,1,3,5,2,0,0,1,0,0,0,0,0,13.18455378,52.5155368
9,9200715,2020,8,15,1,3,0,1,0,1,0,0,0,0,0,0,13.5413346,52.43528811
9,9501737,2020,8,9,6,2,0,7,0,1,0,0,0,0,0,0,13.63390308,52.4501356
9,9401432,2020,8,7,3,3,2,6,0,1,1,0,0,0,0,0,13.59370051,52.44132237
6,6300528,2020,8,15,4,3,3,6,0,0,1,0,1,0,0,0,13.24957219,52.41912491
6,6100205,2020,8,17,1,2,5,2,0,1,1,0,0,0,0,0,13.36061466,52.44686806
5,5300841,2020,8,15,1,2,5,3,0,0,1,0,1,0,0,0,13.26923342,52.53776824
2,2300315,2020,8,16,1,3,5,3,0,1,1,0,0,0,0,0,13.42799604,52.50118452
9,9100202,2020,8,18,5,2,2,6,0,1,1,0,0,0,0,0,13.46711677,52.47971408
3,3601450,2020,8,14,1,3,0,7,0,0,0,0,1,0,0,1,13.457963,52.52882902
10,10100209,2020,8,13,7,2,6,4,0,0,1,1,0,0,0,0,13.57264071,52.54976753
12,12200309,2020,8,17,4,3,5,2,0,1,0,0,0,0,1,0,13.31731531,52.56662954
6,6300634,2020,8,16,4,3,5,3,0,1,1,0,0,0,0,0,13.30208171,52.43817301
11,11200512,2020,8,14,1,2,5,2,0,1,1,0,0,0,0,0,13.49448748,52.54561642
3,3400725,2020,8,18,6,3,2,3,0,1,1,0,0,0,0,0,13.42588241,52.58257741
4,4100101,2020,8,21,1,3,0,5,1,0,1,0,1,0,0,1,13.30520252,52.54783876
12,12400722,2020,8,11,5,3,5,3,0,0,1,0,0,0,0,0,13.29878621,52.61797135
2,2200208,2020,8,7,3,3,5,2,0,0,1,0,1,0,0,0,13.38456552,52.49668972
7,7400721,2020,8,14,4,3,1,7,0,0,1,0,1,0,0,0,13.38701086,52.48344931
1,1100206,2020,8,13,1,3,5,3,0,1,1,0,0,0,0,0,13.38620008,52.51367539
4,4300416,2020,8,13,1,3,5,2,0,0,1,0,1,0,0,0,13.29873783,52.50797721
2,2500833,2020,8,20,1,3,1,5,1,1,1,0,0,0,0,1,13.459242,52.50916615
6,6100206,2020,8,15,5,3,2,6,0,0,1,0,1,0,0,0,13.33411585,52.45002472
9,9401635,2020,8,16,4,3,5,7,0,0,1,0,0,0,0,0,13.67534196,52.40735346
9,9100304,2020,8,19,1,3,4,6,1,0,1,0,1,0,1,0,13.49139308,52.46254382
3,3200205,2020,8,13,7,3,5,3,0,0,1,0,0,0,0,0,13.3887501,52.59118165
1,1300732,2020,8,17,1,3,3,6,0,0,1,0,1,0,0,0,13.38614955,52.55842149
1,1200623,2020,8,19,1,3,5,7,1,0,1,0,1,0,0,0,13.35861678,52.53461398
10,10300734,2020,8,6,5,3,0,6,0,0,1,0,0,0,1,0,13.56166169,52.50369825
3,3400827,2020,8,16,4,3,5,3,0,0,1,0,0,0,0,0,13.41834489,52.55971414
8,8100312,2020,8,18,1,2,6,4,0,0,1,1,1,0,0,0,13.43258149,52.48518841
4,4501040,2020,8,9,7,3,5,2,0,0,1,0,1,0,0,0,13.30750812,52.50362332
1,1100416,2020,8,4,3,3,8,1,2,0,1,0,0,0,0,0,13.39808384,52.53480919
1,1100309,2020,8,18,1,3,6,4,0,0,1,1,0,0,0,0,13.3968561,52.5239671
5,5100211,2020,8,16,6,3,5,2,0,0,1,0,0,0,0,0,13.17810264,52.54881524
8,8300934,2020,8,13,3,3,2,6,0,0,1,0,0,0,0,0,13.46538268,52.4294829
2,2200212,2020,8,16,1,3,2,7,0,1,1,0,0,0,0,0,13.41494208,52.48937866
12,12500824,2020,8,9,5,2,0,6,0,0,1,0,1,0,0,0,13.29052225,52.59039389
9,9501941,2020,8,13,3,3,5,2,0,1,1,0,0,0,0,0,13.59318986,52.45229515
6,6100206,2020,8,23,7,3,1,5,2,1,1,0,0,0,0,0,13.33391699,52.4497958
10,10100311,2020,8,10,1,2,0,1,0,1,0,0,0,0,0,0,13.53210271,52.52097487
2,2500833,2020,8,23,5,3,0,5,2,1,1,0,0,0,0,0,13.45467462,52.510208
5,5100316,2020,8,15,4,3,2,6,0,0,1,0,0,0,0,0,13.2011145,52.5389256
5,5300841,2020,8,7,7,3,5,3,0,1,1,0,0,0,0,0,13.26923395,52.53776823
4,4501045,2020,8,15,7,3,5,2,0,0,1,0,0,0,1,0,13.32365953,52.49360326
9,9200715,2020,8,0,7,3,9,1,2,0,0,0,1,0,0,0,13.54913252,52.42997908
12,12100205,2020,8,14,6,2,5,2,0,0,1,0,1,0,0,0,13.35162322,52.57238744
1,1400942,2020,8,12,3,3,3,6,0,1,0,0,0,0,0,0,13.34415943,52.54654602
2,2400521,2020,8,19,7,3,3,6,0,0,1,0,1,0,0,0,13.43721055,52.52083869
9,9200715,2020,8,22,7,3,5,2,2,1,1,0,0,0,0,0,13.55171481,52.42849916
7,7400823,2020,8,15,6,2,0,2,0,0,1,0,1,0,0,0,13.37627296,52.45893037
10,10100316,2020,8,12,3,3,0,3,0,0,1,0,0,0,1,0,13.57152985,52.54060466
4,4400834,2020,8,21,7,3,5,3,2,0,1,0,0,0,0,0,13.31087861,52.47219251
7,7300619,2020,8,21,7,2,1,5,2,1,1,0,0,0,0,0,13.35015056,52.46176921
3,3200309,2020,8,7,5,3,5,2,0,1,0,0,0,0,0,0,13.43715653,52.5943969
1,1100309,2020,8,11,3,3,5,2,0,1,1,0,0,0,0,0,13.40266445,52.52802699
4,4400834,2020,8,21,7,3,6,4,2,1,1,1,0,0,0,0,13.31083168,52.47940205
1,1200626,2020,8,19,1,3,9,1,0,0,1,0,0,0,0,0,13.34971513,52.52445454
3,3400722,2020,8,8,4,3,1,5,0,1,1,0,0,0,0,0,13.40880035,52.57134268
3,3601450,2020,8,16,4,2,3,6,0,0,1,0,1,0,0,0,13.45707435,52.52863621
7,7601545,2020,8,21,7,3,0,7,1,1,0,0,0,0,0,0,13.41292417,52.38994159
3,3601142,2020,8,21,6,3,5,2,0,1,1,0,0,0,0,0,13.41275669,52.54439918
1,1100206,2020,8,18,7,3,5,7,0,0,1,0,1,0,0,0,13.39626745,52.5175278
11,11501341,2020,8,13,6,3,5,3,0,0,1,0,0,0,0,0,13.51698563,52.4818241
1,1200522,2020,8,12,3,3,5,2,0,1,1,0,0,0,0,0,13.3299458,52.52378142
7,7501031,2020,8,14,4,3,2,6,0,0,1,0,0,1,1,0,13.40075449,52.44564558
3,3501038,2020,8,9,2,3,5,3,0,0,1,0,0,0,0,0,13.4703727,52.5537186
10,10400835,2020,8,3,7,3,9,1,2,0,1,0,0,0,0,0,13.587896,52.51228304
2,2100104,2020,8,13,7,3,5,3,0,0,1,0,1,0,0,0,13.40415399,52.50388914
2,2500833,2020,8,18,5,3,2,6,0,1,1,0,0,0,0,0,13.45282093,52.51241383
1,1100102,2020,8,12,3,3,0,2,0,0,1,0,1,0,0,0,13.3708754,52.5177793
6,6400737,2020,8,13,7,2,5,2,0,1,1,0,0,0,0,0,13.19309632,52.43379295
5,5300737,2020,8,0,7,2,5,2,2,0,1,0,1,0,0,0,13.24773363,52.53823562
2,2300316,2020,8,18,4,3,0,3,0,1,0,1,0,0,0,0,13.44189408,52.50126515
6,6400844,2020,8,12,7,3,1,5,0,1,1,0,0,0,0,0,13.27661208,52.46108079
3,3601245,2020,8,18,5,3,5,3,0,1,1,0,0,0,0,0,13.43371201,52.54946506
8,8301036,2020,8,11,3,3,2,6,0,0,1,0,0,0,0,0,13.47212586,52.43056329
12,12400722,2020,8,12,7,3,2,6,0,0,1,0,0,0,0,0,13.30263861,52.61802441
6,6300632,2020,8,9,1,3,5,2,0,1,1,0,0,0,0,0,13.29855864,52.42197711
6,6300631,2020,8,14,4,3,1,5,0,0,1,0,0,0,0,0,13.29449647,52.41984394
7,7400825,2020,8,11,7,3,5,2,0,1,1,0,0,0,0,0,13.38418314,52.45818474
8,8100311,2020,8,20,6,3,5,2,0,0,1,0,1,0,0,1,13.42889467,52.48650947
2,2400522,2020,8,11,7,3,2,6,0,1,1,0,0,0,0,0,13.44648522,52.52152071
8,8100521,2020,8,8,6,3,0,7,0,0,1,0,1,0,0,0,13.45315501,52.47004831
12,12100204,2020,8,11,3,3,5,2,0,0,1,0,0,0,0,0,13.35388999,52.56209017
3,3200205,2020,8,13,4,3,5,3,0,0,1,0,1,0,0,0,13.39139636,52.59546956
5,5100105,2020,8,21,7,3,5,3,1,0,1,0,1,0,0,0,13.19836872,52.55568949
6,6200313,2020,8,10,7,3,1,5,0,1,1,0,0,0,0,0,13.34492983,52.43227187
8,8100311,2020,8,17,5,3,5,3,0,1,0,0,0,0,1,0,13.43312215,52.48905504
6,6100102,2020,8,16,4,3,1,5,0,1,1,0,0,0,0,0,13.3213572,52.45875216
12,12500928,2020,8,21,7,3,1,5,1,1,1,0,0,0,0,0,13.3160748,52.6091645
5,5200420,2020,8,7,7,3,3,6,0,0,1,0,0,0,0,0,13.17999719,52.53390857
6,6400839,2020,8,15,4,3,1,5,0,0,1,0,0,0,0,0,13.24105781,52.43580645
1,1100207,2020,8,1,7,3,5,2,2,0,1,0,1,0,0,0,13.39181848,52.51056383
8,8100104,2020,8,17,6,3,5,2,0,1,1,0,0,0,0,0,13.42891792,52.47191131
7,7400720,2020,8,20,7,3,5,2,1,0,1,0,1,0,0,0,13.37781858,52.47245836
8,8300934,2020,8,9,7,3,5,2,0,0,1,0,0,0,0,0,13.46002575,52.43186391
1,1100311,2020,8,1,6,3,7,1,2,1,0,0,0,0,0,1,13.41812558,52.51620114
4,4400726,2020,8,8,7,3,6,4,0,1,0,1,0,0,0,0,13.27867782,52.49543268
1,1400939,2020,8,9,5,3,3,6,0,1,1,0,0,0,0,0,13.35160371,52.55236559
7,7100103,2020,8,10,3,3,2,6,0,1,0,0,0,0,0,0,13.36097819,52.49817606
9,9501939,2020,8,13,4,3,6,7,0,0,0,1,0,0,1,0,13.57860012,52.45773141
3,3601245,2020,8,8,7,3,5,3,0,1,1,0,0,0,0,0,13.44226845,52.54663
7,7300517,2020,8,17,1,3,5,2,0,1,1,0,0,0,0,0,13.32837701,52.47339925
1,1100310,2020,8,13,7,2,3,6,0,1,0,0,0,0,0,0,13.41600445,52.52713088
6,6300634,2020,8,16,5,3,5,3,0,0,1,0,1,0,0,0,13.28278314,52.43289472
1,1100102,2020,8,18,7,3,5,3,0,1,1,0,0,0,0,0,13.34874713,52.51501418
1,1300836,2020,8,11,7,3,5,3,0,1,1,0,0,0,0,0,13.37658807,52.54596758
4,4300416,2020,8,10,3,3,0,7,0,0,1,0,0,0,0,0,13.30250352,52.50654272
1,1200517,2020,8,17,7,3,5,2,0,1,1,0,0,0,0,0,13.32477602,52.53223081
7,7100103,2020,8,16,6,3,5,2,0,1,1,0,0,0,0,0,13.35687931,52.49876538
3,3400618,2020,8,10,3,3,5,3,0,1,1,0,0,0,0,0,13.37308068,52.59383046
6,6400842,2020,8,16,7,2,5,3,0,1,1,0,0,0,0,0,13.26831978,52.45463994
6,6200317,2020,8,8,5,3,5,3,0,0,1,0,1,0,0,0,13.36711402,52.42680017
2,2100106,2020,8,10,3,3,5,3,0,0,1,0,0,0,0,0,13.41413377,52.49857914
11,11100307,2020,8,16,7,2,0,7,0,0,1,0,0,0,0,0,13.51015927,52.56609783
4,4501043,2020,8,20,1,3,2,7,1,0,1,0,0,0,0,0,13.30727805,52.49859857
4,4300416,2020,8,12,5,3,1,5,0,1,0,0,0,1,0,0,13.29970751,52.50548886
1,1100308,2020,8,16,4,2,2,6,0,0,1,0,1,0,0,0,13.38737849,52.52559574
4,4300624,2020,8,10,5,3,5,5,0,0,1,0,1,0,0,0,13.32171547,52.50567107
1,1100206,2020,8,10,3,3,5,3,0,1,1,0,0,0,0,0,13.3932979,52.51411143
4,4400726,2020,8,16,7,3,3,6,0,1,1,0,0,0,0,0,13.27875751,52.49058787
12,12100101,2020,8,13,1,3,0,6,0,0,1,0,1,0,0,0,13.37371291,52.56432144
7,7100101,2020,8,15,7,3,5,2,0,1,1,0,0,0,0,0,13.34357624,52.50151805
11,11300725,2020,8,15,5,3,0,1,0,1,0,0,0,0,0,0,13.49849995,52.51525816
3,3200205,2020,8,15,7,3,5,3,0,0,1,0,0,0,0,0,13.39831743,52.59238812
12,12601236,2020,8,13,7,3,0,6,0,0,0,0,1,0,0,0,13.33894534,52.59582271
7,7100205,2020,8,15,7,3,2,6,0,0,1,0,0,0,0,0,13.36684114,52.49332328
5,5100105,2020,8,15,6,3,2,6,0,0,1,0,0,0,1,0,13.19735004,52.56061665
6,6200314,2020,8,9,3,3,6,4,0,0,1,1,0,0,0,0,13.33672858,52.43112309
9,9401534,2020,8,10,6,3,2,6,0,0,1,0,0,0,1,0,13.58271875,52.44293776
9,9501737,2020,8,3,6,3,1,6,2,1,1,0,0,0,0,0,13.63259341,52.45064867
4,4300624,2020,8,22,5,3,0,7,2,0,0,0,1,0,0,0,13.32234526,52.50641123
3,3501038,2020,8,9,3,3,0,6,0,0,0,0,1,1,0,0,13.46884568,52.55384041
8,8100417,2020,8,17,6,3,0,2,0,0,1,0,0,0,1,0,13.45590125,52.47384511
1,1401049,2020,8,18,1,3,2,6,0,0,1,0,0,0,0,0,13.36179872,52.55574537
2,2200209,2020,8,10,4,3,5,2,0,1,1,0,0,0,0,0,13.38623564,52.49007647
1,1100310,2020,8,23,6,3,5,2,2,1,1,0,0,0,0,0,13.40996608,52.52858848
8,8100311,2020,8,22,6,3,5,3,2,0,0,0,1,0,1,0,13.42870386,52.48657607
2,2200210,2020,8,23,6,3,6,4,2,0,1,1,0,0,0,0,13.39436991,52.49129732
8,8100206,2020,8,11,6,3,0,6,0,0,1,0,1,0,0,0,13.42887873,52.48363413
11,11501340,2020,8,9,3,3,5,3,0,0,1,0,0,0,0,0,13.53195305,52.48414467
11,11200411,2020,8,22,6,3,5,2,2,1,1,0,0,0,0,0,13.50932298,52.54634021
9,9501737,2020,8,16,7,3,2,7,0,0,1,0,1,0,0,0,13.62913543,52.44668003
1,1300730,2020,8,21,6,2,3,2,1,0,0,0,1,0,0,0,13.36998267,52.55976472
4,4100101,2020,8,13,6,2,5,2,0,1,1,0,0,0,0,0,13.28154327,52.53132111
1,1100101,2020,8,18,3,3,2,2,0,1,1,0,0,0,0,0,13.35153622,52.50951404
9,9100409,2020,8,11,2,3,0,3,0,0,1,0,0,0,1,0,13.50095582,52.43528058
2,2500832,2020,8,21,6,3,0,5,1,0,1,0,1,0,0,0,13.46971193,52.50644652
6,4200207,2020,8,20,6,3,8,1,0,0,1,0,0,0,0,0,13.20032253,52.46976965
11,11501339,2020,8,18,5,3,1,5,0,1,1,0,0,0,0,0,13.52342377,52.48301097
1,1300733,2020,8,18,3,3,1,5,0,1,1,0,0,0,0,0,13.38306694,52.55404283
11,11200410,2020,8,14,6,3,2,2,0,0,1,0,0,0,0,0,13.51973312,52.5531615
1,1100308,2020,8,1,1,3,3,6,2,0,1,0,0,0,1,0,13.38607804,52.5281387
1,1100310,2020,8,8,4,3,3,6,0,1,0,0,0,0,0,0,13.4110774,52.52395528
6,6300528,2020,8,14,4,3,5,3,0,1,1,0,0,0,0,0,13.27851455,52.42989115
3,3701658,2020,8,16,6,3,0,7,0,0,0,0,1,0,1,0,13.42618669,52.5369162
11,11300620,2020,8,19,6,3,2,2,0,0,1,0,0,0,0,0,13.47622546,52.53294531
9,9200819,2020,8,7,6,3,0,1,0,1,0,0,0,0,0,0,13.56918674,52.44436027
8,8200726,2020,8,7,6,3,6,4,0,0,1,1,0,0,0,0,13.43382181,52.44388076
6,6100208,2020,8,19,3,3,0,5,0,1,1,0,0,0,0,0,13.32752387,52.4580116
2,2200213,2020,8,12,4,3,6,7,0,1,0,1,0,0,0,0,13.42138656,52.49098666
9,9501737,2020,8,3,6,3,0,1,2,1,0,0,0,0,0,0,13.62869217,52.45053629
2,2200209,2020,8,13,6,3,1,5,0,1,1,0,0,0,0,0,13.38292668,52.49186651
9,9501838,2020,8,9,5,3,3,7,0,1,0,0,0,0,0,0,13.68818987,52.44114484
1,1100104,2020,8,13,6,3,5,3,0,1,1,0,0,0,0,0,13.36688611,52.50281482
2,2400521,2020,8,12,4,2,5,3,0,0,1,0,1,0,0,0,13.44062844,52.51707646
2,2500726,2020,8,13,1,3,2,6,0,0,1,0,0,0,0,0,13.45130617,52.52143063
4,4300412,2020,8,7,6,3,5,2,0,1,1,0,0,0,0,0,13.29973447,52.51939071
1,1100101,2020,8,12,6,2,5,2,0,1,1,0,0,0,0,0,13.35114036,52.50963422
5,5200630,2020,8,18,5,2,0,7,0,0,1,0,0,0,1,0,13.17821934,52.52512701
6,6400838,2020,8,12,6,2,3,6,0,1,0,0,0,0,0,0,13.22564154,52.43744631
2,2200212,2020,8,19,7,3,9,7,0,0,1,1,0,0,0,0,13.41238716,52.49157796
2,2500833,2020,8,18,4,3,5,2,0,1,0,0,1,0,0,0,13.45999872,52.50901323
4,4100102,2020,8,11,6,3,3,6,0,0,1,0,0,1,0,0,13.29386986,52.53365536
5,5100314,2020,8,18,6,3,6,4,0,0,1,1,0,0,0,0,13.20868634,52.54747771
9,9100101,2020,8,11,6,3,0,1,0,1,0,0,0,0,0,0,13.44641063,52.49431118
1,1300834,2020,8,16,5,3,5,3,0,1,1,0,0,0,0,0,13.38822492,52.54820674
9,9200819,2020,8,15,3,3,0,5,0,0,1,0,1,0,0,0,13.56994973,52.44159447
2,2200208,2020,8,11,4,3,0,1,0,1,0,0,0,0,0,0,13.38261297,52.49399215
4,4400835,2020,8,10,6,3,3,6,0,0,1,0,1,0,0,0,13.32015896,52.47367935
5,5100105,2020,8,14,1,2,5,3,0,0,1,0,0,0,0,0,13.1889153,52.55802581
8,8301036,2020,8,10,6,2,2,6,0,0,1,0,0,0,0,0,13.46631681,52.42657282
1,1100102,2020,8,15,5,3,2,2,0,1,1,0,0,0,0,0,13.35478142,52.51706513
9,9200819,2020,8,9,6,3,2,6,0,1,0,0,0,0,0,0,13.57140067,52.43204718
8,8100209,2020,8,12,7,3,2,6,0,0,1,0,0,0,0,0,13.4474073,52.46829466
7,7200414,2020,8,19,6,2,5,7,1,0,1,0,0,0,0,0,13.36806342,52.48507303
3,3100103,2020,8,16,6,3,2,6,0,0,1,0,0,0,1,0,13.4997042,52.63145744
9,9200715,2020,8,18,3,3,5,2,0,0,1,0,1,0,0,0,13.54521658,52.42574319
5,5200528,2020,8,8,7,3,2,2,0,0,1,0,1,0,0,0,13.17734826,52.51554757
6,6400841,2020,8,18,3,3,5,3,0,1,1,0,0,0,0,0,13.26769431,52.44545315
7,7400823,2020,8,19,6,3,5,3,0,1,1,0,0,0,0,0,13.37784433,52.46863217
8,8401241,2020,8,17,6,3,5,3,0,0,1,0,0,0,0,0,13.48189412,52.43193387
7,7400822,2020,8,17,3,2,8,1,0,0,0,0,1,0,0,0,13.36950284,52.45835738
4,4500936,2020,8,19,6,3,6,7,0,1,0,1,0,0,0,0,13.30584182,52.49969681
2,2100104,2020,8,9,5,3,5,3,0,0,1,0,1,0,0,0,13.40810125,52.50438911
9,9100306,2020,8,16,3,3,2,6,0,0,1,0,0,0,0,0,13.47861697,52.44277077
7,7100205,2020,8,18,6,3,3,6,0,0,1,0,1,0,0,0,13.36747444,52.49339229
4,4501045,2020,8,11,1,3,5,2,0,1,1,0,0,0,0,0,13.3272592,52.49470744
4,4500936,2020,8,18,6,3,3,6,0,1,1,0,0,0,0,0,13.30611391,52.49974563
3,3500936,2020,8,14,5,3,0,6,0,0,1,0,1,0,0,0,13.46553101,52.55178755
2,2500832,2020,8,18,6,3,5,2,0,1,1,0,0,0,0,0,13.47534885,52.51188051
2,2400521,2020,8,15,7,3,5,2,0,0,1,0,1,0,0,0,13.44062844,52.51707646
5,5300736,2020,8,17,6,3,2,6,0,0,1,0,0,0,0,0,13.21470665,52.53843783
10,10200417,2020,8,14,6,3,5,2,0,0,1,0,0,0,0,0,13.59290489,52.54843208
7,7501029,2020,8,16,3,3,2,6,0,1,1,0,0,0,0,0,13.37263755,52.44861024
5,5300736,2020,8,16,6,3,5,3,0,1,1,0,0,0,0,0,13.2173249,52.53766039
5,5100317,2020,8,16,6,3,5,2,0,0,1,0,0,0,0,0,13.21376259,52.53178342
12,12200515,2020,8,19,5,3,5,2,0,0,1,0,1,0,0,0,13.28422771,52.59443205
1,1200623,2020,8,16,3,3,5,2,0,1,0,0,1,0,0,0,13.35634707,52.53588676
7,7400927,2020,8,15,6,3,3,6,0,1,0,0,0,1,0,0,13.40120509,52.46366042
6,6200421,2020,8,9,1,3,5,2,0,1,1,0,0,0,0,0,13.31679403,52.42577333
1,1100206,2020,8,15,6,2,6,4,0,1,0,1,0,0,0,0,13.38031685,52.51876719
7,7400927,2020,8,14,6,3,5,1,0,0,1,0,0,0,0,0,13.39439051,52.46410642
7,7601443,2020,8,7,5,3,0,3,0,0,1,0,1,0,0,0,13.41109553,52.40015555
1,1100308,2020,8,15,3,3,3,6,0,1,0,0,0,0,0,0,13.37964017,52.52250275
4,4300622,2020,8,14,6,3,3,6,0,0,1,0,0,0,0,0,13.31849225,52.51386191
3,3500935,2020,8,20,1,3,5,3,1,1,1,0,0,0,0,0,13.44809617,52.54927574
8,8100209,2020,8,14,4,3,5,2,0,1,1,0,0,0,0,0,13.43322448,52.46486173
1,1200626,2020,8,14,6,3,5,2,0,0,1,0,0,0,0,0,13.35092772,52.52431228
1,1100102,2020,8,16,6,3,2,6,0,0,1,0,0,0,0,0,13.3507062,52.5125242
7,7400824,2020,8,13,6,3,2,6,0,0,1,0,0,0,1,0,13.3855146,52.46482072
5,5200629,2020,8,12,6,3,3,6,0,0,1,0,1,0,0,0,13.19900548,52.53352788
11,11300620,2020,8,15,3,3,5,3,0,1,1,0,0,0,0,0,13.48539609,52.53079046
12,12500930,2020,8,11,2,2,5,2,0,0,1,0,0,0,0,0,13.31542523,52.57784057
8,8200624,2020,8,14,5,3,2,6,0,0,1,0,0,0,0,0,13.42108234,52.45232749
12,12100102,2020,8,21,5,3,1,5,1,1,1,0,0,0,0,0,13.36850754,52.56857004
1,1400942,2020,8,8,5,3,5,2,0,1,1,0,0,0,0,0,13.34608087,52.54483775
8,8100415,2020,8,15,3,3,5,3,0,0,1,0,0,0,0,0,13.44598391,52.47639065
4,4501148,2020,8,18,5,3,5,2,0,0,0,0,1,0,0,0,13.3128201,52.48048736
8,8100104,2020,8,17,7,3,1,5,0,1,1,0,0,0,0,0,13.4298385,52.47010361
11,11200513,2020,8,18,4,3,0,7,0,0,1,0,1,0,0,0,13.4966059,52.54629034
5,5300736,2020,8,18,5,3,2,7,0,0,0,0,1,0,1,0,13.22840793,52.54851444
1,1100102,2020,8,14,6,3,4,6,0,1,0,0,0,0,0,0,13.35021786,52.51367814
9,9200511,2020,8,21,4,3,0,1,2,1,0,0,0,0,0,0,13.51720348,52.46172806
12,12200412,2020,8,18,5,2,5,2,0,1,1,0,0,0,0,0,13.29280978,52.57871379
2,2300314,2020,8,22,6,3,2,6,2,0,1,0,0,0,1,0,13.41949539,52.49916143
7,7200411,2020,8,23,5,2,1,5,2,1,1,0,0,0,0,0,13.36242844,52.48690847
1,1100308,2020,8,9,6,3,5,2,0,1,1,0,0,0,0,0,13.38292498,52.53067061
1,1300836,2020,8,15,3,3,0,6,0,0,1,0,1,0,0,0,13.38211049,52.55156068
10,10100209,2020,8,11,4,2,5,3,0,0,1,0,1,0,0,0,13.57263019,52.55009425
4,4200311,2020,8,23,5,2,3,6,2,0,1,0,0,0,0,0,13.27993252,52.50657091
9,9501737,2020,8,22,5,3,4,6,2,1,0,0,0,0,0,0,13.62132435,52.45612757
6,6200313,2020,8,17,5,3,5,2,0,0,1,0,0,0,0,0,13.34573613,52.43633425
8,8100312,2020,8,23,4,3,1,1,2,1,1,0,0,0,0,0,13.43862051,52.48859677
8,8100520,2020,8,18,5,3,5,3,0,0,1,0,1,0,0,0,13.46453317,52.47029322
1,1400942,2020,8,8,7,3,5,2,0,0,1,0,0,0,1,0,13.34393147,52.54642638
9,9200511,2020,8,7,4,3,5,3,0,0,1,0,0,0,0,0,13.52370162,52.46299637
10,10100311,2020,8,18,5,3,5,2,0,1,1,0,0,0,0,0,13.51981423,52.52605038
3,3200205,2020,8,18,6,3,5,3,0,0,1,0,1,0,0,0,13.3882924,52.58344819
1,1300836,2020,8,18,5,3,1,5,0,1,1,0,0,0,0,0,13.38047597,52.55177013
5,5300736,2020,8,11,5,3,5,2,0,1,1,0,0,0,0,0,13.21364865,52.53858511
1,1200628,2020,8,14,3,3,5,2,0,1,0,0,0,0,1,0,13.35945474,52.52329403
9,9200511,2020,8,22,5,3,0,1,2,1,0,0,0,0,0,0,13.52307563,52.45998266
4,4400835,2020,8,13,1,3,5,2,0,1,1,0,0,0,0,0,13.31988556,52.46880617
8,8100209,2020,8,21,5,3,5,2,2,1,1,0,0,0,0,0,13.43351516,52.46661854
1,1100308,2020,8,17,4,3,5,7,0,1,1,0,0,0,0,0,13.37694149,52.52978814
4,4300416,2020,8,12,3,3,0,2,0,0,1,0,1,0,0,1,13.29922278,52.50684306
4,4501149,2020,8,7,3,3,4,7,0,1,1,0,0,0,0,1,13.32656887,52.4912492
4,4300414,2020,8,17,1,2,6,2,0,0,1,1,0,0,0,0,13.30079028,52.51531877
11,11501238,2020,8,15,6,3,4,5,0,0,1,0,1,0,0,0,13.46940714,52.50142013
12,12200412,2020,8,14,4,3,1,5,0,1,1,0,0,0,0,1,13.30489354,52.57452647
4,4501043,2020,8,7,4,3,2,2,0,0,1,0,1,0,0,0,13.31431918,52.49052593
12,12200309,2020,8,8,7,3,0,1,0,0,0,0,1,0,0,1,13.32659304,52.56254506
8,8200730,2020,8,19,5,3,5,3,0,1,1,0,0,0,0,0,13.43492566,52.43696386