BEZ,LOR_ab_2021,UJAHR,UMONAT,USTUNDE,UWOCHENTAG,UKATEGORIE,UART,UTYP1,ULICHTVERH,IstRad,IstPKW,IstFuss,IstKrad,IstGkfz,IstSonstige,USTRZUSTAND,XGCSWGS84,YGCSWGS84
2,2100106,2020,8,22,7,2,5,3,2,0,1,0,1,0,0,0,13.41414087,52.49857963
4,4501040,2020,9,11,2,3,2,2,0,0,1,0,0,0,0,0,13.30796385,52.50304654
11,11300620,2020,9,16,5,3,3,6,0,0,1,0,1,0,0,0,13.48533725,52.53117285
9,9401534,2020,8,6,7,2,5,4,0,0,0,1,0,0,1,0,13.5745041,52.44447958
2,2200210,2020,9,19,4,3,5,2,1,1,1,0,0,0,0,1,13.39797907,52.49104417
7,7400823,2020,8,18,2,3,3,2,0,0,1,0,0,0,0,0,13.37796842,52.46627677
3,3601142,2020,9,16,3,3,5,3,0,1,1,0,0,0,0,0,13.40474729,52.54067646
8,8401243,2020,8,21,7,3,0,7,2,0,0,0,1,0,0,0,13.49580325,52.41763393
12,12601235,2020,8,20,7,3,5,7,2,0,1,0,0,0,0,0,13.35911517,52.59684158
1,1100415,2020,9,12,1,2,5,2,0,1,0,0,0,0,1,0,13.38793692,52.53158028
9,9501939,2020,9,9,4,3,0,7,0,1,0,0,0,0,0,0,13.57684005,52.45540663
1,1100103,2020,8,18,2,2,1,5,2,1,1,0,0,0,0,0,13.36205719,52.50467898
4,4500939,2020,9,15,3,3,0,7,0,0,1,0,0,0,0,0,13.31149418,52.48967443
2,2200212,2020,8,20,7,3,1,5,2,1,1,0,0,0,0,0,13.41558881,52.49022423
9,9501736,2020,9,0,7,3,6,4,2,0,1,1,0,0,0,0,13.60767003,52.45305839
8,8401243,2020,9,7,4,3,2,6,0,0,1,0,1,0,0,0,13.49630139,52.43121218
10,10100205,2020,8,20,7,3,0,1,2,0,0,0,1,0,0,0,13.53799054,52.55554831
10,10100316,2020,9,5,6,3,9,1,2,0,0,0,0,1,0,1,13.58372037,52.5491854
5,5100316,2020,8,19,7,3,5,3,0,1,1,0,0,0,0,0,13.20137959,52.53835368
6,6300632,2020,9,10,4,3,1,5,0,1,1,0,0,0,0,0,13.30234869,52.42678298
7,7501032,2020,9,13,2,3,2,6,0,0,1,0,0,1,1,0,13.40842439,52.45244919
7,7601442,2020,9,8,5,3,2,6,0,0,1,0,0,0,1,0,13.40032106,52.41428573
12,12601134,2020,8,19,7,3,2,6,0,0,1,0,1,0,0,0,13.34634667,52.60201531
7,7400720,2020,9,19,1,2,5,2,0,1,1,0,0,0,0,0,13.37797648,52.47244968
4,4400727,2020,9,17,4,3,0,6,0,0,1,0,1,0,0,1,13.28842151,52.48139624
1,1100102,2020,8,12,2,3,5,2,0,1,1,0,0,0,0,0,13.37181906,52.50927202
11,11300722,2020,9,15,3,3,6,2,0,0,1,1,0,0,0,0,13.47926508,52.52304618
2,2200210,2020,8,19,7,3,4,6,0,1,0,0,0,0,0,0,13.40066591,52.49440361
8,8100314,2020,8,19,7,3,3,6,0,0,1,0,1,0,0,0,13.42417928,52.48663482
11,11300620,2020,9,15,6,3,2,6,0,0,1,0,0,0,0,0,13.4852961,52.53144023
3,3300517,2020,9,9,4,3,5,3,0,0,1,0,0,1,0,0,13.46536053,52.56714365
5,5300841,2020,8,18,7,3,3,6,0,0,1,0,0,0,1,0,13.27083823,52.53670471
9,9501941,2020,9,18,2,3,5,2,0,1,1,0,0,0,0,0,13.59320595,52.45327763
4,4501153,2020,9,22,5,2,5,3,2,1,1,0,0,0,0,1,13.3327829,52.47860866
1,1100206,2020,8,18,7,3,4,6,0,1,0,0,0,0,1,0,13.39704054,52.5194513
8,8401241,2020,8,18,7,3,1,7,0,0,1,0,0,1,0,0,13.48030169,52.42799748
6,6100103,2020,9,14,7,3,5,2,0,1,1,0,0,0,0,0,13.31990138,52.46313366
1,1100308,2020,9,9,4,3,0,5,0,1,1,0,0,0,0,0,13.37894959,52.52638793
4,4501042,2020,8,17,7,3,2,6,0,0,1,0,1,0,0,0,13.32951692,52.50333949
4,4500939,2020,9,16,6,3,5,2,0,1,1,0,0,0,0,0,13.29905684,52.49061909
1,1300730,2020,8,17,7,2,1,5,0,1,1,0,0,0,0,0,13.37214584,52.5579186
8,8100206,2020,8,16,2,3,0,7,0,1,0,0,0,0,0,0,13.42433037,52.48505094
8,8300935,2020,9,12,2,3,5,2,0,0,1,0,0,0,1,0,13.44801749,52.4261831
11,11501340,2020,9,15,5,3,5,3,0,1,1,0,0,0,0,0,13.52557,52.48158779
12,12200309,2020,8,22,2,3,1,5,2,0,1,0,0,0,1,0,13.31650691,52.56708434
6,6300524,2020,8,16,7,2,0,1,0,1,0,0,0,0,0,0,13.24540718,52.42171766
1,1100206,2020,9,16,7,3,0,2,0,0,1,0,1,0,0,0,13.38885276,52.5168947
3,3701554,2020,9,15,4,3,0,1,0,1,0,0,0,0,0,1,13.41029973,52.53911793
2,2500729,2020,8,8,2,3,5,2,0,1,0,0,0,0,1,0,13.46960012,52.51409578
5,5200629,2020,8,17,7,3,2,6,0,0,1,0,0,0,0,0,13.19531818,52.53361262
8,8401139,2020,8,16,7,3,5,2,0,1,1,0,0,0,0,0,13.47127865,52.43332791
7,7501029,2020,9,13,6,3,2,6,0,0,1,0,0,0,0,0,13.3796015,52.44481018
9,9501939,2020,8,7,6,3,2,6,0,0,1,0,0,1,0,1,13.55830908,52.455584
3,3701660,2020,9,14,3,3,2,6,0,0,1,0,0,0,0,0,13.43278047,52.53576421
1,1200628,2020,8,20,6,3,1,5,1,1,1,0,0,0,0,0,13.36335992,52.52460141
8,8100520,2020,9,20,2,3,5,2,2,0,1,0,1,0,0,0,13.46461695,52.47020017
6,6200317,2020,9,19,5,3,5,2,1,1,1,0,0,0,0,0,13.36613555,52.43021205
11,11400928,2020,8,21,6,3,0,7,2,1,0,0,0,0,0,0,13.48644617,52.50204451
7,7501032,2020,9,15,1,3,1,5,0,1,1,0,0,0,0,0,13.41259145,52.45193876
4,4501153,2020,9,12,5,3,2,6,0,0,1,0,0,0,0,0,13.33483409,52.48788008
4,4500936,2020,8,21,2,2,5,2,1,0,1,0,0,0,0,0,13.30184875,52.49904702
11,11401137,2020,8,14,6,3,5,3,0,1,0,0,0,0,1,0,13.51471098,52.49447903
7,7400823,2020,9,17,7,3,6,7,1,0,1,1,0,0,0,0,13.37666704,52.46125463
7,7601340,2020,9,16,1,2,1,5,0,1,1,0,0,0,0,0,13.3582835,52.41114687
1,1400938,2020,9,13,5,3,5,3,0,1,1,0,0,0,0,0,13.3419281,52.55219737
10,10100206,2020,8,21,2,3,9,1,2,0,1,0,0,0,0,1,13.57011632,52.55572147
5,5100211,2020,8,20,6,3,5,2,1,0,1,0,0,0,0,0,13.17809999,52.54881004
2,2100106,2020,9,22,7,2,5,3,2,0,1,0,1,0,0,0,13.4199161,52.49640469
3,3200308,2020,9,14,4,3,2,6,0,0,1,0,0,0,0,0,13.43303379,52.59600358
11,11200513,2020,8,20,2,3,2,7,2,1,1,0,0,0,0,1,13.49048155,52.53916759
10,10300731,2020,8,10,6,3,6,4,0,0,0,1,1,0,0,1,13.55752959,52.52735558
3,11300617,2020,8,10,6,2,6,4,0,0,0,1,1,0,0,0,13.46120912,52.52976015
3,3701660,2020,9,12,6,3,1,5,0,1,0,0,0,0,1,1,13.4356972,52.5328647
6,6200315,2020,8,8,6,2,5,3,0,1,1,0,0,0,0,0,13.34674263,52.43073218
4,4100101,2020,9,14,3,3,2,6,0,0,1,0,0,0,0,0,13.292579,52.53426338
12,12100205,2020,8,8,6,3,5,2,0,1,1,0,0,0,0,0,13.36337583,52.58066113
4,4500936,2020,9,15,2,3,2,2,0,0,1,0,0,0,1,0,13.29658905,52.50148332
11,11200514,2020,9,18,5,3,2,6,0,0,1,0,0,0,0,0,13.47684747,52.53713236
6,6400844,2020,8,7,6,3,2,7,0,0,1,0,0,0,0,1,13.27551313,52.4505166
4,4300517,2020,9,13,1,3,6,4,0,0,1,1,0,0,0,0,13.30199469,52.52341506
2,2400623,2020,9,9,5,3,5,3,0,1,1,0,0,0,0,0,13.4325366,52.51732905
1,1300834,2020,8,19,2,3,5,2,0,0,1,0,0,0,0,0,13.3960308,52.53824367
3,3601244,2020,9,14,3,3,1,5,0,1,1,0,0,0,0,0,13.42679049,52.55254461
9,9401534,2020,8,7,6,3,0,1,0,0,0,0,1,0,0,1,13.57357125,52.44446774
8,8200832,2020,9,11,7,3,5,2,0,0,1,0,1,0,0,1,13.41684575,52.41828451
11,11100204,2020,9,12,4,3,0,7,0,1,0,0,0,0,0,0,13.51481644,52.56745082
8,8100314,2020,8,19,2,3,5,2,0,1,1,0,0,0,0,0,13.4245018,52.48635698
10,10100316,2020,8,7,6,3,5,2,0,0,1,0,0,0,0,1,13.58319719,52.54923089
5,5300737,2020,9,7,6,3,5,2,0,1,0,0,0,0,1,1,13.2474391,52.54147436
12,12200412,2020,8,6,6,3,5,3,0,0,1,0,0,0,1,1,13.29738204,52.57785094
4,4501041,2020,9,13,4,3,0,2,0,1,0,0,0,0,0,1,13.31678075,52.50115389
5,5100316,2020,8,19,2,3,2,6,0,0,1,0,0,0,0,0,13.18770158,52.53748018
10,10400837,2020,8,5,6,3,5,3,1,0,1,0,1,0,0,0,13.57598352,52.49112746
6,6300526,2020,9,10,6,3,2,6,0,0,1,0,1,0,0,1,13.25936213,52.43067379
7,7300619,2020,8,4,6,3,1,5,2,0,1,0,0,0,0,1,13.3477785,52.46559242
4,4501043,2020,9,13,2,3,2,2,0,0,1,0,0,0,0,0,13.31424836,52.49027642
6,6200314,2020,9,17,5,3,6,7,0,1,0,1,0,0,0,0,13.34065759,52.43335797
11,11200513,2020,8,17,6,2,6,4,0,1,0,1,0,0,0,0,13.49024608,52.53902364
2,2100105,2020,9,10,1,2,5,3,0,1,1,0,0,0,0,0,13.40311069,52.4985392
9,9100407,2020,9,15,4,3,5,3,0,1,1,0,0,0,0,1,13.49898595,52.43645706
4,4300416,2020,8,18,2,3,2,6,0,1,1,0,0,0,0,0,13.29552263,52.50334769
5,5100317,2020,9,14,3,3,5,3,0,0,1,0,0,0,0,0,13.20993344,52.53309413
1,1401045,2020,8,17,6,3,5,2,0,1,1,0,0,0,0,0,13.37395639,52.55648523
4,4100101,2020,9,15,7,3,5,3,0,0,1,0,0,0,0,0,13.31099926,52.54756686
4,4501041,2020,9,12,3,3,3,6,0,1,1,0,0,0,0,0,13.32068177,52.49976404
4,4100101,2020,8,17,6,2,5,2,0,0,1,0,0,0,0,0,13.32624894,52.53801288
11,11100102,2020,9,21,6,2,1,5,2,0,1,0,0,0,1,0,13.56122516,52.57956169
3,3200205,2020,8,16,6,3,6,4,0,0,1,1,0,0,0,0,13.3902575,52.58511286
4,4300518,2020,9,7,3,3,5,3,0,1,1,0,0,0,0,0,13.30621591,52.52329042
1,1300835,2020,9,13,2,3,0,1,0,0,0,0,1,0,0,1,13.39127436,52.53620227
2,2500832,2020,9,8,5,3,3,6,0,1,1,0,0,0,0,1,13.47549768,52.51195826
11,11400929,2020,8,16,6,3,1,5,0,1,1,0,0,0,0,0,13.48980458,52.50174558
9,9200715,2020,9,18,1,3,2,6,0,1,1,0,0,0,0,0,13.52063561,52.42837203
7,7200409,2020,9,9,2,3,5,3,0,1,0,0,0,0,0,0,13.35476452,52.48739398
8,8100520,2020,9,15,5,2,6,7,0,0,0,1,1,0,0,0,13.46335291,52.47074908
9,9300920,2020,8,15,6,3,1,5,0,1,1,0,0,0,0,0,13.54508945,52.41706408
2,2100101,2020,9,2,1,2,0,1,2,0,0,0,0,0,1,0,13.3884385,52.49940044
7,7100103,2020,9,18,4,2,2,6,0,1,1,0,0,0,0,1,13.35689892,52.49901891
6,6200311,2020,8,17,2,3,2,2,0,0,1,0,0,0,0,0,13.36383028,52.43486644
8,8200832,2020,9,13,3,3,5,2,0,1,1,0,0,0,0,0,13.42711486,52.42129598
4,4501045,2020,8,14,6,3,5,2,0,1,1,0,0,0,0,0,13.33693583,52.49788854
1,1401049,2020,8,14,6,3,2,6,0,0,1,0,0,0,0,0,13.3657779,52.55654532
3,3500935,2020,9,14,6,3,4,6,0,1,1,0,0,0,0,0,13.44577384,52.54804735
12,12200412,2020,8,14,6,3,2,2,0,0,1,0,0,0,1,0,13.27761614,52.5757352
1,1100206,2020,9,18,2,3,5,3,0,1,1,0,0,0,0,0,13.38892963,52.51562095
4,4300416,2020,9,21,5,3,0,1,2,0,0,0,1,0,0,1,13.29456947,52.50676125
2,2200210,2020,8,14,6,3,5,2,0,1,1,0,0,0,0,0,13.39059156,52.49247877
1,1300733,2020,8,17,2,3,0,6,0,0,1,0,1,0,0,1,13.38484136,52.55078015
6,6100206,2020,9,11,1,3,0,7,0,0,1,0,0,0,0,0,13.33781567,52.45053353
12,12200515,2020,9,15,5,3,5,2,0,1,1,0,0,0,0,0,13.28083204,52.59373812
12,12200515,2020,8,17,2,2,0,1,0,1,0,0,0,0,0,1,13.29048874,52.5819816
3,3400619,2020,8,14,6,3,5,3,0,0,1,0,1,0,0,0,13.36843386,52.58971033
10,10400939,2020,9,22,7,3,5,2,2,0,1,0,0,0,0,0,13.61314286,52.50853402
9,9200512,2020,9,20,4,2,5,7,2,1,1,0,0,0,0,0,13.55433491,52.45570156
6,6200314,2020,8,17,2,3,5,3,0,1,1,0,0,0,0,0,13.34328784,52.43375098
8,8100209,2020,8,13,6,3,5,3,0,1,1,0,0,0,0,0,13.44742082,52.46420692
7,7300517,2020,8,13,6,3,1,5,0,1,1,0,0,0,0,0,13.33365723,52.46985617
8,8200622,2020,9,12,6,3,6,2,0,0,1,1,0,0,0,0,13.43506228,52.46091412
4,4300622,2020,8,13,6,3,2,6,0,0,1,0,0,0,0,1,13.32253473,52.51180564
3,3400721,2020,9,18,3,3,1,5,0,1,1,0,0,0,0,0,13.40265006,52.56498205
1,1100205,2020,8,13,6,3,2,6,0,0,1,0,1,0,0,0,13.38249262,52.51317732
4,4500937,2020,9,16,4,2,6,4,0,0,1,1,0,0,0,1,13.2941354,52.49773341
11,11300725,2020,8,17,2,3,0,4,0,1,0,1,0,0,0,1,13.50572504,52.51785722
11,11300725,2020,8,12,6,3,1,7,0,0,1,0,0,0,1,0,13.49624531,52.5182283
3,3200205,2020,8,12,6,2,5,2,0,0,1,0,1,0,0,0,13.40155758,52.59295857
3,3500934,2020,9,14,6,3,2,7,0,0,1,0,1,0,0,0,13.43560216,52.55649885
8,8100312,2020,8,11,6,3,1,5,0,1,1,0,0,0,0,0,13.4388654,52.48438439
1,1100206,2020,8,11,6,3,5,2,0,1,1,0,0,0,0,0,13.39377486,52.52031021
9,9501939,2020,9,18,2,3,5,7,0,0,1,0,0,0,1,0,13.56965487,52.45280307
1,1100308,2020,9,21,5,3,5,7,2,0,0,0,1,0,1,1,13.38299312,52.53061619
10,10200423,2020,8,10,6,3,0,1,0,0,0,0,1,0,0,1,13.63081263,52.54011607
10,10200417,2020,9,16,1,3,5,3,0,1,1,0,0,0,0,0,13.59067945,52.54706308
1,1100103,2020,9,13,5,3,5,3,0,0,1,0,1,0,0,0,13.35218331,52.50550796
10,10300731,2020,8,17,2,3,5,2,0,1,1,0,0,0,0,1,13.55703334,52.52516636
1,1300732,2020,8,10,6,3,6,4,0,0,1,1,0,0,0,0,13.39109522,52.56332091
1,1100415,2020,9,20,7,3,1,5,2,1,1,0,0,0,0,0,13.40102786,52.52999458
1,1401044,2020,9,14,4,3,5,3,0,0,1,0,0,0,0,1,13.369806,52.55295231
12,12400723,2020,8,17,2,3,5,3,0,0,1,0,0,0,0,1,13.31042982,52.62480103
2,3601452,2020,8,8,5,3,3,6,0,0,1,0,0,0,0,0,13.45233316,52.52774846
1,1100308,2020,8,7,5,3,0,5,0,1,0,0,0,0,1,0,13.38094048,52.52998047
1,1100310,2020,9,11,6,3,1,5,0,1,0,0,0,0,1,1,13.40505285,52.52210384
8,8200623,2020,8,12,5,3,5,2,0,1,1,0,0,0,0,1,13.45559736,52.45311786
1,1400942,2020,9,22,2,3,5,3,2,0,1,0,0,0,1,0,13.34394846,52.54643529
3,3100102,2020,9,17,5,2,6,4,0,0,1,1,0,0,0,0,13.49822528,52.63508183
1,1100103,2020,8,18,5,3,5,2,0,1,1,0,0,0,0,0,13.35087016,52.50438934
4,4200206,2020,9,12,1,2,5,3,0,1,1,0,0,0,0,0,13.22847484,52.50633832
2,2200210,2020,9,8,5,3,5,3,0,1,1,0,0,0,0,0,13.40449403,52.4951633
5,5100105,2020,8,16,2,3,2,6,0,0,1,0,0,0,0,0,13.20326653,52.56218997
1,1100101,2020,9,15,2,3,5,2,0,0,1,0,0,0,0,0,13.35139769,52.50960982
10,10100316,2020,9,18,5,3,5,2,0,1,1,0,0,0,0,0,13.5755737,52.54645435
11,11300722,2020,8,14,5,2,5,3,0,0,1,0,0,0,1,0,13.48178484,52.51371134
9,9100306,2020,9,14,1,3,2,2,0,0,1,0,0,0,0,0,13.46177062,52.4544294
4,4200310,2020,9,11,5,3,5,3,0,0,1,0,0,0,0,0,13.26451915,52.50897028
9,9200715,2020,8,16,2,3,2,6,0,0,1,0,0,0,0,0,13.54032937,52.43598139
6,6200421,2020,8,20,5,3,2,2,1,0,1,0,0,0,0,0,13.31062455,52.42119536
11,11200411,2020,9,12,7,3,0,2,0,1,1,0,0,0,0,1,13.49716123,52.54998249
8,8100520,2020,9,8,4,3,0,2,0,1,1,0,0,0,0,0,13.4647855,52.47029988
3,3701554,2020,8,16,2,3,1,5,0,1,1,0,0,0,0,0,13.40938149,52.53823537
12,12400722,2020,8,20,5,3,0,3,1,0,1,0,1,0,0,0,13.30282081,52.61812305
1,1100206,2020,9,9,6,3,0,1,0,0,0,0,1,0,0,1,13.3918136,52.52106425
6,6300632,2020,8,19,5,3,5,3,0,1,1,0,0,0,0,0,13.2806249,52.42959923
1,1200522,2020,9,18,3,3,3,7,0,1,0,0,0,0,0,0,13.33489804,52.52477457
6,6400838,2020,9,11,2,2,3,6,0,1,0,0,0,0,0,0,13.23671279,52.44038713
3,3400829,2020,9,16,5,3,0,3,0,0,1,0,1,0,0,0,13.42144766,52.56275575
7,7100101,2020,8,19,5,2,5,2,0,1,1,0,0,0,0,0,13.33860409,52.49433784
11,11400927,2020,9,19,4,3,2,6,2,0,1,0,0,0,1,1,13.47403002,52.50297122
7,7400927,2020,8,15,2,3,5,2,0,1,0,0,0,0,1,0,13.40057821,52.45919409
5,5300736,2020,9,21,3,2,5,2,2,0,1,0,0,0,0,0,13.2172733,52.53777903
2,2500831,2020,8,15,5,3,0,1,0,1,0,0,0,0,0,0,13.46502177,52.50952814
1,1100311,2020,9,14,7,3,6,7,0,0,1,1,0,0,0,0,13.41472805,52.51936995
1,1100206,2020,8,11,5,3,0,2,0,1,0,0,0,0,0,0,13.38778622,52.51199887
1,2100101,2020,9,20,3,3,5,3,1,1,1,0,0,0,0,0,13.37771301,52.5078079
6,6400842,2020,8,17,5,3,2,7,0,0,1,0,1,0,0,0,13.26860746,52.45448622
9,9100101,2020,9,3,7,2,1,5,2,0,1,0,1,0,0,0,13.44971808,52.48868402
9,9200819,2020,9,7,4,3,6,4,0,0,1,1,0,0,0,1,13.56731223,52.44035473
11,11401137,2020,8,17,5,3,1,5,0,0,1,0,1,0,0,0,13.52199432,52.49472748
4,4300416,2020,9,6,6,3,5,3,1,1,0,0,1,0,0,1,13.30170476,52.50989021
11,11100204,2020,8,16,5,3,0,2,0,1,1,0,0,0,0,0,13.52744872,52.55750818
3,3601346,2020,9,0,2,2,1,5,2,1,1,0,0,0,0,0,13.41848387,52.54675351
8,8200726,2020,9,15,5,3,5,2,0,1,1,0,0,0,0,0,13.43866738,52.44822823
3,3200207,2020,8,16,5,2,5,3,0,0,1,0,0,0,0,0,13.42166073,52.58838124
7,7400927,2020,9,19,1,3,5,7,1,0,1,0,1,0,0,0,13.39459496,52.46543731
8,8200623,2020,9,17,4,3,2,6,0,0,1,0,0,0,0,1,13.44949995,52.45239159
1,1100310,2020,8,14,2,3,5,2,0,1,0,0,0,1,0,0,13.41575977,52.52669175
1,1100313,2020,9,19,3,3,5,2,1,1,0,0,0,0,0,0,13.4142734,52.50790621
10,10200418,2020,8,16,5,2,6,6,0,1,0,1,0,0,0,0,13.59502566,52.54452696
4,4300622,2020,8,16,5,3,5,7,0,1,0,0,1,0,0,0,13.31729494,52.51393174
1,1100207,2020,9,16,6,3,5,2,0,1,1,0,0,0,0,0,13.40560284,52.51417192
7,7400720,2020,8,16,5,3,5,2,0,1,0,0,1,0,0,0,13.38571966,52.48163831
11,11300722,2020,9,16,2,3,8,1,0,0,1,0,0,0,0,0,13.48032055,52.52100319
12,12400722,2020,9,7,5,3,5,3,0,1,1,0,0,0,0,0,13.30748899,52.6163357
1,1300834,2020,8,16,5,3,0,2,0,1,1,0,0,0,0,0,13.40159182,52.53976
5,5200423,2020,9,16,1,3,5,2,0,0,1,0,0,0,0,0,13.14158548,52.53242747
11,11300620,2020,9,15,5,3,2,6,0,0,1,0,0,0,0,0,13.48517389,52.53227464
12,12200307,2020,8,14,2,3,6,4,0,0,0,1,0,0,1,0,13.32969647,52.57358618
8,8401243,2020,8,7,5,3,0,3,0,0,1,0,1,0,0,1,13.49573807,52.43192499
9,9100304,2020,9,10,6,3,5,2,0,1,1,0,0,0,0,0,13.48572668,52.46447593
2,2200209,2020,8,7,5,3,5,2,0,1,1,0,0,0,0,0,13.38231493,52.48984635
12,12200307,2020,8,12,2,3,5,2,0,0,1,0,1,0,0,0,13.32346463,52.57582242
1,1200627,2020,9,12,2,3,5,2,0,1,1,0,0,0,0,0,13.35644591,52.52556154
2,2200209,2020,9,6,5,3,0,5,0,0,1,0,1,0,0,1,13.38293875,52.48499423
2,2200208,2020,8,12,2,3,5,7,0,1,1,0,0,0,0,0,13.38271524,52.49699083
7,7400928,2020,8,0,5,3,2,2,2,1,1,0,0,0,0,1,13.42146215,52.46527678
12,12500927,2020,9,1,7,3,3,6,2,1,1,0,0,0,0,0,13.32329144,52.60336825
11,11200410,2020,9,15,4,3,4,6,0,1,0,0,0,0,0,0,13.51627137,52.55192897
4,4100101,2020,8,11,2,2,5,2,0,0,1,0,1,0,0,0,13.32610463,52.53837732
5,5100317,2020,8,15,5,3,2,6,0,0,1,0,0,0,1,0,13.23996937,52.52626735
1,1100101,2020,8,7,5,3,6,7,0,0,0,1,0,0,1,0,13.34218959,52.5049337
10,10200627,2020,9,14,6,2,6,4,0,0,1,1,0,0,0,0,13.5888863,52.52675788
3,3400619,2020,8,14,5,3,1,5,0,1,1,0,0,0,0,0,13.3637346,52.58510698
7,7601442,2020,8,0,5,3,5,3,2,0,1,0,0,0,0,1,13.39269657,52.41257641
4,4501042,2020,9,16,2,3,5,3,0,1,1,0,0,0,0,0,13.33090111,52.50041404
1,1200629,2020,9,20,5,3,5,2,2,1,1,0,0,0,0,0,13.33971042,52.51891412
5,5100105,2020,8,14,5,3,2,6,0,0,1,0,0,0,0,1,13.20648593,52.55568973
4,4200311,2020,9,15,1,3,0,1,0,0,1,0,1,0,0,0,13.28096045,52.51281249
3,3200205,2020,9,13,5,3,5,2,0,1,1,0,0,0,0,0,13.39841355,52.59242586
1,1100206,2020,8,11,2,3,5,3,0,0,1,0,0,0,0,0,13.39312432,52.51501402
5,5300839,2020,8,14,5,3,5,3,0,1,1,0,0,0,0,0,13.26234944,52.54132209
1,1100206,2020,9,18,7,3,2,7,0,0,0,0,1,0,1,1,13.39107756,52.52208138
10,10400836,2020,9,9,4,2,5,2,0,1,1,0,0,0,0,0,13.58725653,52.51114364
8,8200831,2020,8,10,2,3,5,3,0,1,1,0,0,0,0,0,13.40606481,52.41576049
1,1200626,2020,8,13,5,3,5,2,0,0,1,0,0,0,0,0,13.3538957,52.52394023
11,11400931,2020,9,10,6,3,6,7,0,0,1,1,0,0,0,1,13.51389786,52.50548884
1,1100415,2020,9,22,7,3,5,2,2,1,0,0,1,0,0,0,13.39743663,52.52965774
6,6400844,2020,9,14,4,3,5,3,0,0,1,0,0,0,0,1,13.28171912,52.46307899
8,8401243,2020,8,10,2,3,5,5,0,1,1,0,0,0,0,0,13.50971225,52.42299248
5,5100101,2020,8,13,5,3,0,1,0,1,0,0,0,0,0,0,13.19189537,52.56752168
6,6300525,2020,8,13,5,3,8,1,0,0,1,0,0,0,0,0,13.25960148,52.41359564
12,12400723,2020,9,12,6,3,0,3,0,1,0,0,1,0,0,1,13.30582574,52.62041454
7,7400826,2020,8,12,5,3,5,2,0,0,1,0,0,0,1,0,13.37669626,52.4541868
8,8100417,2020,8,12,5,3,6,4,0,0,1,1,0,0,0,0,13.45589488,52.473907
6,6300527,2020,9,15,2,3,5,3,0,0,1,0,0,0,0,0,13.27419922,52.4353735
8,8100102,2020,9,18,5,2,2,6,0,0,1,0,0,0,0,0,13.41593834,52.48056941
6,6100103,2020,8,11,5,3,6,2,0,0,0,1,0,1,0,0,13.3250847,52.46169363
4,4501045,2020,9,13,1,2,3,6,0,0,1,0,0,0,1,0,13.33103874,52.49509814
7,7300517,2020,9,9,5,3,5,3,0,1,1,0,0,0,0,0,13.33273003,52.47546945
1,1100313,2020,8,10,2,3,1,5,0,1,1,0,0,0,0,0,13.42394336,52.50902135
12,12601236,2020,8,10,5,3,4,6,0,0,1,0,0,0,0,0,13.34622569,52.59728076
4,4300416,2020,9,12,7,3,2,6,0,1,1,0,0,0,0,1,13.30003207,52.5047467
9,9300920,2020,9,8,4,3,0,1,0,1,0,0,0,0,0,1,13.54108642,52.41954453
1,1300836,2020,8,10,2,2,5,3,0,0,1,0,1,0,0,0,13.37560818,52.5402368
4,4400727,2020,8,9,5,3,2,6,0,0,1,0,0,0,0,0,13.286124,52.4801803
2,2300417,2020,9,8,6,3,3,6,0,0,1,0,1,0,0,1,13.42908351,52.49848967
4,4200308,2020,8,8,5,3,5,2,0,1,1,0,0,0,0,0,13.27188644,52.51944888
8,8100209,2020,9,11,2,3,5,3,0,0,1,0,0,0,0,0,13.43647279,52.46696276
7,7501029,2020,9,16,5,3,2,2,0,0,1,0,0,0,0,0,13.37510004,52.43711952
8,8200832,2020,8,7,5,3,5,2,0,1,0,0,0,1,0,0,13.41680919,52.41816889
2,2200210,2020,8,7,5,2,5,3,0,0,1,0,0,0,0,0,13.39491272,52.49331474
12,12400722,2020,9,13,2,3,5,3,0,1,1,0,0,0,0,0,13.30404562,52.61944762
4,4400833,2020,9,17,5,3,6,4,0,1,0,1,0,0,0,0,13.30281636,52.47285804
1,1100309,2020,8,5,5,3,5,2,2,1,1,0,0,0,0,0,13.40707771,52.52344071
1,1100206,2020,9,11,1,2,5,2,0,1,1,0,0,0,0,0,13.39073323,52.51723131
5,5300737,2020,9,16,4,3,6,4,0,0,1,1,0,0,0,1,13.24721941,52.54236915
11,11300620,2020,8,10,2,3,6,4,0,0,1,1,0,0,0,0,13.47949759,52.52686342
1,1100206,2020,9,12,3,3,5,3,0,1,1,0,0,0,0,0,13.38368886,52.51828695
4,4500937,2020,8,18,4,3,3,6,0,1,1,0,0,0,0,0,13.29179017,52.49720761
1,1200628,2020,9,0,7,3,0,2,2,0,1,0,1,0,0,0,13.36587654,52.52527011
3,3200207,2020,9,11,4,2,5,3,0,0,1,0,0,1,0,1,13.41932797,52.59141739
8,8401243,2020,9,18,3,3,3,6,0,1,0,0,0,0,1,0,13.49627294,52.43253533
1,1100415,2020,8,9,4,3,5,2,0,1,1,0,0,0,0,0,13.39602983,52.53243075