BEZ,LOR_ab_2021,UJAHR,UMONAT,USTUNDE,UWOCHENTAG,UKATEGORIE,UART,UTYP1,ULICHTVERH,IstRad,IstPKW,IstFuss,IstKrad,IstGkfz,IstSonstige,USTRZUSTAND,XGCSWGS84,YGCSWGS84
5,5300736,2020,9,13,6,3,2,6,0,0,1,0,0,0,0,0,13.2217999,52.5369128
2,2500727,2020,8,11,4,3,5,2,0,1,1,0,0,0,0,0,13.46043556,52.51592014
7,7300619,2020,9,18,3,3,2,6,0,0,1,0,0,0,0,0,13.35461722,52.47338224
3,3200310,2020,9,13,2,3,5,2,0,1,1,0,0,0,0,0,13.42463969,52.60741556
6,6200313,2020,9,8,5,3,5,2,0,1,0,0,0,0,1,1,13.34789161,52.4352081
1,1300733,2020,8,16,4,3,5,2,0,1,1,0,0,0,0,1,13.38168117,52.55226423
3,3500936,2020,9,18,1,3,1,5,0,1,1,0,0,0,0,0,13.46637163,52.55030566
4,4300624,2020,9,17,4,3,5,3,0,0,1,0,0,0,0,1,13.31775785,52.50754798
5,5100101,2020,8,16,2,3,1,5,0,0,1,0,1,0,0,1,13.2121228,52.56984376
9,9100407,2020,8,23,4,2,8,1,2,0,0,0,1,0,0,1,13.49977159,52.45700503
8,8300935,2020,8,21,4,3,2,6,2,1,1,0,0,0,0,1,13.45266564,52.42900253
1,1100103,2020,9,13,6,3,5,2,0,0,1,0,0,0,0,0,13.35304186,52.50234929
9,9100202,2020,9,11,4,3,5,2,0,1,1,0,0,0,0,1,13.45830821,52.48581095
2,2300314,2020,9,14,5,2,1,5,0,1,0,0,0,0,1,0,13.41852735,52.50149175
6,6100102,2020,9,17,4,3,2,6,0,0,1,0,0,0,0,0,13.32387375,52.4602578
9,9200715,2020,9,22,5,3,5,2,2,0,1,0,0,0,0,0,13.52690216,52.4377166
6,6200313,2020,9,17,1,3,5,2,0,1,1,0,0,0,0,0,13.34564432,52.4362128
2,2500727,2020,9,9,3,3,2,7,0,0,1,0,0,0,1,0,13.46206138,52.51900778
1,3701554,2020,9,14,7,3,3,6,0,1,1,0,0,0,0,0,13.40831965,52.53448241
3,3300413,2020,9,15,4,3,3,6,0,1,1,0,0,0,0,0,13.47397993,52.60377406
7,7200308,2020,9,14,6,3,5,2,0,1,1,0,0,0,0,0,13.34498562,52.48460621
9,9501939,2020,9,16,4,3,4,6,0,1,0,0,0,0,0,0,13.55848615,52.45464581
1,1100312,2020,9,8,2,2,5,2,0,1,0,0,0,1,0,0,13.41642065,52.51093728
11,11100205,2020,9,16,4,3,5,3,0,1,0,0,1,0,0,0,13.51451857,52.57116228
7,7200409,2020,9,12,1,3,0,7,0,0,1,0,0,0,1,0,13.35538867,52.48668323
4,4500937,2020,9,18,3,3,2,6,0,1,1,0,0,0,0,0,13.28703819,52.49575655
4,4501041,2020,9,21,6,3,0,1,2,0,0,0,1,0,0,0,13.32147212,52.50183451
6,6300525,2020,9,17,2,3,2,6,0,0,1,0,0,0,0,0,13.26878638,52.40490683
8,8200832,2020,9,12,3,3,1,5,0,1,1,0,0,0,0,0,13.43526487,52.42593802
12,12200309,2020,9,9,6,3,5,2,0,1,1,0,0,0,0,0,13.33072481,52.56258789
7,7400720,2020,9,20,2,2,4,6,1,0,1,0,0,0,0,0,13.3711102,52.48404266
3,3701556,2020,9,7,6,3,6,7,0,1,0,1,0,0,0,0,13.41730243,52.53126645
12,12400619,2020,9,15,4,3,4,6,0,0,1,0,0,0,0,0,13.25163291,52.59704534
12,12200515,2020,9,10,2,3,6,3,0,0,1,1,0,0,0,0,13.28580531,52.59242524
9,9200819,2020,9,14,4,3,3,6,0,1,0,0,0,0,0,0,13.57108603,52.44444472
9,9200819,2020,9,7,1,3,1,5,0,0,1,0,0,0,0,0,13.57139514,52.4339037
8,8100208,2020,9,16,3,3,0,7,0,0,1,0,1,0,0,0,13.44164753,52.46969476
5,5300737,2020,9,18,6,2,6,4,0,0,1,1,0,0,0,0,13.23777411,52.54585575
2,2400623,2020,9,18,2,3,1,5,0,1,1,0,0,0,0,0,13.42729987,52.51146496
11,11401136,2020,9,12,5,3,1,5,0,1,1,0,0,0,0,0,13.50970173,52.50166546
7,7300619,2020,9,21,4,2,5,3,2,1,1,0,0,0,0,0,13.35984255,52.47548319
2,2300315,2020,9,20,5,3,5,3,1,0,1,0,1,0,0,0,13.43204847,52.49944118
6,6400838,2020,9,12,1,3,5,3,0,0,1,0,0,0,0,0,13.24188749,52.44438689
8,8401139,2020,9,13,4,3,4,2,0,0,1,0,1,0,0,0,13.45659202,52.43157937
2,2200211,2020,9,2,6,3,1,5,2,0,1,0,0,0,1,0,13.39428492,52.49101103
4,4501042,2020,9,13,4,3,0,2,0,1,1,0,0,0,0,0,13.33247219,52.50605002
11,11200513,2020,9,13,2,3,0,2,0,1,1,0,0,0,0,0,13.48926649,52.54241101
2,2200210,2020,9,13,4,3,5,3,0,0,1,0,1,0,1,0,13.3951457,52.49518129
6,6400735,2020,9,14,7,2,5,3,0,1,1,0,0,0,0,0,13.17594591,52.41955465
7,7400822,2020,9,15,3,2,6,4,0,0,1,1,0,0,0,0,13.36167462,52.45606168
7,7100205,2020,9,13,6,2,2,2,0,0,1,0,1,0,0,0,13.36211667,52.49794559
1,1100207,2020,9,15,2,3,0,3,0,1,0,0,1,0,0,0,13.40592289,52.5139253
1,1100309,2020,9,15,5,3,1,5,0,0,1,0,0,0,1,0,13.3926794,52.52461385
9,9100304,2020,9,20,4,3,5,2,2,0,1,0,0,0,1,0,13.48116515,52.46079448
1,1300732,2020,9,20,5,3,6,4,1,0,1,1,0,0,0,0,13.3919891,52.56379706
2,2200210,2020,9,20,1,3,5,3,2,0,1,0,0,0,0,0,13.40444708,52.49520871
6,6200422,2020,9,9,3,3,5,3,0,0,1,0,0,0,0,0,13.32733839,52.42254718
9,9200512,2020,9,15,7,3,3,6,0,0,1,0,1,0,0,0,13.55105284,52.45643995
3,3701660,2020,9,11,4,3,0,7,0,1,0,0,0,0,0,0,13.42522485,52.52817321
3,3701554,2020,9,7,6,3,5,2,0,1,1,0,0,0,0,0,13.41101761,52.5306177
6,6300526,2020,9,18,7,2,5,3,0,1,1,0,0,0,0,0,13.25600084,52.43586001
3,3601141,2020,9,11,2,3,5,3,0,0,1,0,0,0,1,0,13.41433483,52.55137877
9,9100407,2020,9,14,6,3,0,3,0,0,1,0,0,0,1,0,13.50810026,52.45030605
11,11300826,2020,9,12,2,3,5,2,0,0,1,0,1,0,0,0,13.48776786,52.51090926
1,1100102,2020,9,13,5,3,6,4,0,0,1,1,0,0,0,0,13.35293921,52.51625474
1,1100102,2020,9,11,4,3,2,2,0,1,0,0,0,0,1,0,13.35773141,52.50644328
7,7400927,2020,9,19,5,3,5,7,1,0,1,0,0,0,0,0,13.39644847,52.46532584
12,12601032,2020,9,16,1,3,2,6,0,0,1,0,0,0,0,0,13.33154021,52.6100528
8,8300934,2020,9,11,3,3,2,6,0,0,1,0,0,0,0,0,13.46683484,52.42849981
5,5300735,2020,9,13,7,3,5,3,0,1,1,0,0,0,0,0,13.23391788,52.55141774
10,10100313,2020,9,10,4,3,5,2,0,0,1,0,0,0,1,0,13.54978419,52.54287477
3,3200205,2020,9,5,6,3,5,3,2,1,1,0,0,0,0,0,13.40182787,52.58734022
9,9100203,2020,9,9,4,3,5,2,0,0,1,0,0,0,0,0,13.47875344,52.47759436
8,8401244,2020,9,7,2,3,5,3,0,1,0,0,0,0,1,0,13.49679738,52.41566845
5,5200629,2020,9,9,4,3,6,4,0,0,0,1,0,0,1,0,13.18839522,52.53432244
7,7400720,2020,9,9,4,3,5,7,0,0,1,0,0,0,1,0,13.38434051,52.48410957
7,7300619,2020,9,9,2,3,0,1,0,1,0,0,0,0,0,0,13.34817167,52.4589323
2,2200213,2020,9,11,5,2,1,5,0,1,1,0,0,0,0,0,13.41181679,52.49213314
5,5200423,2020,9,8,4,3,2,2,0,0,1,0,0,0,0,0,13.15856821,52.53153618
2,2300418,2020,9,13,1,3,5,3,0,1,1,0,0,0,0,0,13.4436865,52.49411783
11,11300616,2020,9,17,3,2,0,1,0,1,0,0,0,0,0,0,13.47020435,52.53512894
9,9200819,2020,9,16,6,3,5,2,0,1,1,0,0,0,0,0,13.5697022,52.44201918
3,3300514,2020,9,18,2,2,5,2,0,0,1,0,1,0,0,0,13.46695634,52.5967149
1,1401049,2020,9,14,6,3,0,2,0,1,1,0,0,0,0,0,13.3657224,52.55713266
9,9100408,2020,9,8,4,3,5,3,0,0,1,0,0,0,1,0,13.511433,52.44602792
6,6200312,2020,9,12,2,3,5,2,0,0,1,0,0,0,0,0,13.33881515,52.44437538
4,4300622,2020,9,8,4,2,2,6,0,0,1,0,0,0,1,0,13.31679789,52.51408943
8,8100313,2020,9,15,1,3,1,5,0,1,1,0,0,0,0,0,13.44558844,52.48583108
1,1200518,2020,9,15,3,2,5,2,0,0,1,0,1,0,0,0,13.32859935,52.5311334
5,5100101,2020,9,17,6,3,0,1,1,1,0,0,0,0,0,0,13.20920728,52.58063592
1,1100101,2020,9,11,1,3,0,1,0,1,0,0,0,0,0,0,13.35201237,52.50816137
1,1300835,2020,9,18,3,3,5,3,0,1,1,0,0,0,0,0,13.38006741,52.54053532
4,4501146,2020,9,18,6,3,0,2,0,0,1,0,1,0,0,0,13.32022081,52.48375698
9,9200510,2020,9,16,2,3,1,5,0,1,1,0,0,0,0,0,13.50855787,52.46689405
8,8200624,2020,9,16,5,2,0,7,0,1,0,0,0,0,0,1,13.42489914,52.45791803
2,2100101,2020,9,8,4,3,0,1,0,1,0,0,0,0,0,0,13.38630096,52.50145203
5,5200630,2020,9,13,2,3,1,5,0,0,1,0,0,0,1,0,13.19122689,52.52088667
11,11501340,2020,9,6,4,3,5,2,0,1,1,0,0,0,0,0,13.52546987,52.48155537
1,1100309,2020,9,20,7,3,2,2,1,1,1,0,0,0,0,0,13.39382623,52.52853729
10,10100312,2020,9,15,2,3,0,2,0,1,0,0,0,0,1,0,13.54012811,52.52566483
1,1100308,2020,9,12,6,3,5,7,0,1,1,0,0,0,0,0,13.38056808,52.52844875
3,3500934,2020,9,14,2,3,5,3,0,1,1,0,0,0,0,0,13.43940874,52.55566765
3,3200310,2020,9,14,5,3,5,2,0,1,1,0,0,0,0,0,13.4292066,52.60815207
11,11300617,2020,9,5,4,2,6,4,1,0,0,1,1,0,0,0,13.46211274,52.52973029
7,7300516,2020,9,18,5,3,1,5,0,1,1,0,0,0,0,0,13.33124179,52.4677758
1,1100309,2020,9,20,1,3,5,7,2,0,1,0,0,0,1,0,13.39809522,52.52721603
1,1100207,2020,9,16,2,3,2,6,0,0,1,0,0,0,0,0,13.40070281,52.51012218
9,9200715,2020,9,6,5,2,5,2,0,0,1,0,1,0,0,0,13.52264924,52.42666082
5,5300736,2020,9,14,3,2,1,7,0,0,1,0,0,0,1,0,13.2196161,52.53898422
1,1200518,2020,9,18,5,3,2,6,0,0,1,0,0,0,1,0,13.32855123,52.53095396
2,2200209,2020,9,19,1,3,5,3,0,1,0,0,0,0,1,0,13.38269106,52.49117876
4,4501041,2020,9,18,7,3,5,2,0,1,1,0,0,0,0,0,13.32166963,52.50186486
4,4501042,2020,9,10,5,3,1,5,0,1,1,0,0,0,0,0,13.33785224,52.50505537
2,2300316,2020,9,21,2,3,1,5,2,1,1,0,0,0,0,0,13.42907641,52.50698481
2,2400521,2020,9,11,6,3,5,2,0,1,1,0,0,0,0,0,13.42993047,52.52305143
5,5400943,2020,9,8,2,3,5,3,0,1,1,0,0,0,0,0,13.12854814,52.46581653
5,5100316,2020,9,12,5,3,0,1,0,0,0,0,1,0,0,0,13.20267584,52.53796916
11,11300721,2020,9,12,3,3,5,2,0,1,1,0,0,0,0,0,13.50772105,52.53471192
5,5100316,2020,9,18,5,3,3,6,1,0,1,0,1,0,0,0,13.2041868,52.54054934
1,1100309,2020,9,15,1,2,0,6,0,1,1,0,0,0,0,0,13.4012368,52.52675576
3,3701556,2020,9,9,5,3,5,3,0,0,1,0,1,0,0,0,13.41466458,52.53328552
1,1100310,2020,9,12,3,2,5,3,0,0,1,0,0,0,1,0,13.41058306,52.51601622
10,10100316,2020,9,8,7,2,6,4,0,0,0,1,0,0,1,0,13.58548418,52.54970134
6,6300524,2020,9,10,5,3,6,3,0,0,1,1,0,0,0,0,13.2444827,52.42586437
8,8100417,2020,9,9,3,3,2,2,0,0,1,0,1,0,0,0,13.45584078,52.47382819
8,8401241,2020,9,14,7,3,2,2,0,0,1,0,0,0,0,0,13.48323781,52.42568994
12,12400720,2020,9,12,3,3,1,5,0,1,0,0,0,0,1,0,13.28227126,52.63870088
5,5300737,2020,9,10,6,3,0,6,0,0,1,0,0,0,1,0,13.23836023,52.54251582
1,1100205,2020,9,12,3,3,2,6,0,1,0,0,0,0,0,0,13.38093044,52.51618765
3,3300517,2020,9,9,2,3,5,3,0,1,1,0,0,0,0,0,13.4644384,52.57043241
1,1200522,2020,9,10,5,3,5,2,0,0,1,0,0,0,0,0,13.32968636,52.52377319
7,7400822,2020,9,11,3,2,2,6,0,0,0,0,1,0,1,0,13.36946386,52.45671996
4,4200310,2020,9,13,1,3,6,4,0,0,1,1,0,0,0,0,13.2611542,52.51617614
7,7601544,2020,9,9,5,3,5,2,0,0,1,0,0,0,0,0,13.40677871,52.39376832
2,2100104,2020,9,19,3,3,1,5,0,1,1,0,0,0,0,0,13.41009349,52.50281347
9,9501737,2020,9,21,6,2,7,7,2,0,0,0,1,0,0,0,13.64307585,52.45602324
3,3701555,2020,9,17,2,2,5,2,0,1,1,0,0,0,0,0,13.42013288,52.53818231
4,4300517,2020,9,23,6,3,5,3,2,1,1,0,0,0,0,0,13.30290608,52.53031726
3,3400620,2020,9,11,3,3,3,2,0,1,1,0,0,0,0,0,13.38360893,52.57269488
5,5200420,2020,9,14,2,3,5,3,0,1,1,0,0,0,0,0,13.16274727,52.53346334
2,2100101,2020,9,20,2,2,1,5,2,1,1,0,0,0,0,0,13.38797681,52.50276601
1,1100309,2020,9,9,6,3,0,1,0,1,0,0,0,0,0,0,13.40912632,52.52838274
7,7200409,2020,9,10,3,3,2,7,0,1,1,0,0,0,0,0,13.35358477,52.48881079
4,4300517,2020,9,7,2,3,2,2,0,0,1,0,0,0,0,0,13.30373993,52.52552512
12,12500926,2020,9,10,3,3,5,2,0,0,1,0,0,0,0,0,13.33410806,52.58973891
5,5200629,2020,9,9,1,3,5,3,0,1,0,0,0,0,0,0,13.19381429,52.53368414
2,2400521,2020,9,9,5,3,5,2,0,1,1,0,0,0,0,0,13.42869085,52.51891748
7,7601544,2020,9,17,3,2,5,2,0,0,1,0,0,0,0,0,13.40655073,52.39376359
5,5400942,2020,9,18,6,3,0,2,0,1,1,0,0,0,0,0,13.18286856,52.48574664
5,5200633,2020,9,16,2,3,2,6,0,0,1,0,1,0,0,0,13.18864639,52.52143508
11,11300724,2020,9,8,5,3,5,3,0,1,1,0,0,0,0,0,13.49069934,52.51523176
5,5200420,2020,9,9,3,3,5,3,0,0,1,0,0,0,0,0,13.15698226,52.5392285
2,2400521,2020,9,17,5,3,5,2,0,1,1,0,0,0,0,0,13.42869775,52.51893444
4,4200310,2020,9,12,2,3,0,6,0,0,0,0,1,0,0,0,13.27149901,52.51011787
1,1401046,2020,9,9,3,3,0,6,0,0,1,0,1,0,0,0,13.34796053,52.54130802
4,4501042,2020,9,19,7,2,5,3,1,0,1,0,0,0,1,0,13.33772453,52.50387276
3,3200207,2020,9,10,2,3,5,3,0,0,1,0,0,0,0,0,13.40711292,52.58634127
3,3701554,2020,9,9,3,3,5,2,0,1,1,0,0,0,0,0,13.41105138,52.53064206
9,9200715,2020,9,15,7,2,4,6,0,1,0,0,0,0,0,0,13.55197472,52.42811715
9,9401432,2020,9,15,3,3,2,2,0,0,1,0,0,0,0,0,13.59349829,52.44338441
7,7100102,2020,9,17,6,3,5,2,0,0,1,0,0,0,0,0,13.34624714,52.5010527
12,12200515,2020,9,15,2,3,2,6,0,0,1,0,0,0,0,0,13.28179563,52.59222226
9,9401534,2020,9,15,5,3,5,3,0,1,1,0,0,0,0,0,13.57551195,52.44748283
6,6400840,2020,9,8,3,3,5,2,0,0,1,0,0,0,0,0,13.25407414,52.45082736
4,4300517,2020,9,17,5,3,5,2,0,0,1,0,0,0,0,0,13.29643491,52.52926971
6,6100103,2020,9,22,1,2,2,6,2,0,1,0,0,0,1,0,13.31451704,52.46499973
1,1200628,2020,9,9,5,3,6,4,0,1,0,1,0,0,0,0,13.37060892,52.52339
1,1100206,2020,9,9,3,3,2,6,0,1,1,0,0,0,0,0,13.38645613,52.51191717
1,1100311,2020,9,15,7,3,2,1,0,1,0,0,0,0,0,0,13.42107879,52.51748065
4,4501042,2020,9,8,5,3,5,7,0,1,1,0,0,0,0,0,13.3403497,52.50400254
1,1100312,2020,9,10,6,2,3,6,0,1,1,0,0,0,0,0,13.41419241,52.51131554
1,1400937,2020,9,10,2,3,2,2,0,0,1,0,0,0,1,0,13.33502956,52.56014264
10,10300731,2020,9,12,5,3,3,6,0,0,1,0,0,0,1,0,13.56557971,52.52941797
10,10200423,2020,9,15,6,3,2,2,0,0,1,0,0,0,0,0,13.61980083,52.53942682
10,10100206,2020,9,14,2,3,6,4,0,0,1,1,0,0,0,0,13.56105834,52.55933887
2,2500726,2020,9,13,5,3,6,2,0,0,1,1,0,0,0,0,13.45063775,52.52740477
5,5200528,2020,9,8,3,3,5,3,0,0,1,0,0,0,0,0,13.16243577,52.52012427
5,5100211,2020,9,17,5,3,2,6,0,1,1,0,0,0,0,0,13.17644739,52.53968075
6,6300526,2020,9,17,1,3,5,3,0,0,1,0,1,0,0,0,13.25628834,52.42886606
1,1200629,2020,9,10,3,3,5,2,0,0,1,0,0,0,0,0,13.34204317,52.51790571
4,4300518,2020,9,14,7,3,5,2,0,1,1,0,0,0,0,0,13.30597854,52.52563684
1,1400938,2020,9,8,3,3,6,6,0,1,0,1,0,0,0,0,13.34340052,52.55316603
8,8100102,2020,9,10,6,3,3,6,0,1,1,0,0,0,0,0,13.42638607,52.47702332
5,5100316,2020,9,6,3,3,0,2,0,0,1,0,0,0,1,0,13.20069402,52.53873991
9,9200715,2020,9,8,2,3,5,2,0,1,1,0,0,0,0,0,13.54654619,52.4263639
2,2500729,2020,9,2,3,2,0,1,2,0,0,0,0,0,1,0,13.47252413,52.51504997
4,4400833,2020,9,12,1,3,6,7,0,0,1,1,0,0,0,0,13.30818523,52.47425767
2,2500835,2020,9,8,5,3,8,1,0,0,0,0,1,0,0,0,13.45698657,52.5023304
9,9501737,2020,9,18,3,3,5,2,0,1,1,0,0,0,0,0,13.62430937,52.44684986
7,7100205,2020,9,20,3,2,3,6,1,0,1,0,1,0,0,0,13.367596,52.49337017
12,12200309,2020,9,13,1,3,3,6,0,0,1,0,0,0,1,0,13.32004008,52.56596787
12,12100205,2020,9,12,3,3,0,1,0,0,0,0,1,0,0,0,13.34589709,52.58961122
9,9200819,2020,9,16,6,3,5,2,0,1,1,0,0,0,0,0,13.56970364,52.44201651
2,2400623,2020,9,18,2,3,5,3,0,0,1,0,0,0,1,0,13.4346492,52.50868263
11,11300722,2020,9,3,6,3,0,1,2,1,0,0,0,0,0,0,13.47975122,52.52306578
4,4300619,2020,9,20,3,3,6,4,1,1,0,1,0,0,0,0,13.30725689,52.51712209
1,1200522,2020,9,10,2,3,5,3,0,1,1,0,0,0,0,0,13.330092,52.52257986
2,2400623,2020,9,18,3,3,0,1,0,0,0,0,1,0,0,0,13.42846177,52.51484094
1,1200521,2020,9,0,1,3,0,5,2,0,1,0,0,0,1,0,13.33044401,52.526779
1,1401045,2020,9,16,3,3,5,3,0,0,1,0,0,0,0,0,13.37708685,52.55399506
4,4500937,2020,9,17,6,3,2,7,0,0,1,0,0,0,0,0,13.29754687,52.49813718
2,2100102,2020,9,16,2,3,2,6,0,0,1,0,0,0,0,0,13.3956833,52.49852176
10,10100311,2020,9,16,5,2,5,2,0,1,1,0,0,0,0,0,13.52205644,52.53585818
6,6100206,2020,9,18,3,3,5,3,0,1,0,0,0,0,0,0,13.33526087,52.45131144
1,1100206,2020,9,21,6,3,0,2,2,1,0,0,1,0,0,0,13.38042925,52.51814108
1,1100313,2020,9,16,2,3,5,3,0,1,1,0,0,0,0,0,13.42319646,52.50680107
2,2100105,2020,9,1,6,3,5,2,2,0,1,0,1,0,0,0,13.40787261,52.50003066
12,12200309,2020,9,0,3,3,5,2,2,0,0,0,0,0,1,0,13.31645409,52.56694048
5,5100208,2020,9,13,2,3,5,3,0,0,1,0,0,0,0,0,13.16538035,52.55116515
1,1100313,2020,9,17,3,3,3,6,0,1,0,0,0,0,0,0,13.42798723,52.50744677
9,9301126,2020,9,23,7,2,5,2,2,1,1,0,0,0,0,0,13.57520752,52.42440961
4,4200311,2020,9,8,5,2,2,6,0,0,1,0,1,0,0,0,13.28048857,52.5063603
1,1100102,2020,9,23,2,3,2,6,2,0,1,0,0,1,0,0,13.35676366,52.50636984
9,9401534,2020,9,13,6,3,2,7,0,1,0,0,0,0,1,0,13.5752033,52.44674247
1,1100206,2020,9,15,2,3,2,2,0,1,1,0,0,0,0,0,13.38664992,52.51184393
5,5200634,2020,9,15,5,3,0,2,0,1,1,0,0,0,0,0,13.20092095,52.51210163
3,3300413,2020,9,17,3,3,2,6,0,0,1,0,0,0,0,0,13.48074479,52.60895277
12,12200411,2020,9,16,5,2,5,2,0,0,1,0,0,0,0,0,13.32181125,52.56056258
9,9100304,2020,9,20,1,3,2,6,2,0,1,0,0,1,0,0,13.47882981,52.45879307
11,11200514,2020,9,9,3,3,6,2,0,0,1,1,0,0,0,0,13.47374092,52.53617217
4,4500938,2020,9,15,7,2,5,7,0,0,1,0,1,0,0,0,13.29784772,52.49551812
11,11100203,2020,9,16,5,3,5,2,0,1,1,0,0,0,0,0,13.54015721,52.56528317
1,1400940,2020,9,13,1,3,5,2,0,0,1,0,1,0,0,0,13.36238973,52.55778006
2,2300315,2020,9,18,7,3,5,3,0,0,1,0,0,0,1,0,13.43200863,52.49932717
1,1100102,2020,9,22,2,3,3,6,2,0,1,0,1,0,0,0,13.37160151,52.51118607
1,1300836,2020,9,11,6,3,5,7,0,1,1,0,0,0,0,0,13.37241321,52.53861743
4,4400727,2020,9,7,2,3,1,7,0,1,1,0,0,0,0,0,13.28670746,52.48031065
4,4200311,2020,9,10,5,3,5,2,0,1,1,0,0,0,0,0,13.28199884,52.50873928
11,11100307,2020,9,16,3,3,2,6,0,0,1,0,0,0,0,0,13.50168847,52.57212682
1,1200519,2020,9,18,4,3,2,7,0,1,1,0,0,0,0,0,13.33547673,52.52712959
4,4501042,2020,9,15,1,3,5,2,0,1,1,0,0,0,0,0,13.32488177,52.50006419
4,4200308,2020,9,12,3,3,2,6,0,0,1,0,1,0,0,0,13.27973341,52.51829172
9,9100408,2020,9,10,7,3,5,2,0,1,1,0,0,0,0,0,13.51177717,52.44878869
1,1100206,2020,9,14,6,3,5,3,0,1,1,0,0,0,0,0,13.39157629,52.51216174
9,9200715,2020,9,16,3,3,5,2,0,1,1,0,0,0,0,0,13.5412926,52.43532149
12,12601133,2020,9,15,3,3,7,7,0,0,0,0,1,0,0,0,13.36807509,52.60265911
6,6200317,2020,9,11,6,3,5,3,0,0,1,0,0,0,0,0,13.35194228,52.41855965
10,10100101,2020,9,15,3,3,2,6,0,0,1,0,0,0,0,0,13.55502513,52.56605298
3,3400619,2020,9,9,2,3,1,5,0,0,1,0,1,0,0,0,13.37705508,52.59096947
6,6100102,2020,9,11,5,3,5,2,0,1,1,0,0,0,0,0,13.32402307,52.46041316
1,1401046,2020,9,2,3,3,1,5,2,0,1,0,0,0,1,0,13.35536118,52.53956032
6,6400838,2020,9,13,1,3,6,4,0,1,0,1,0,0,0,0,13.23608367,52.44009725
4,4501148,2020,9,13,3,2,5,2,0,0,1,0,1,0,0,0,13.3127972,52.48047375
9,9301126,2020,9,10,6,3,5,3,0,1,1,0,0,0,0,0,13.55893645,52.42361208
4,4501153,2020,9,17,2,3,5,3,0,1,1,0,0,0,0,0,13.33304352,52.48393442
10,10400940,2020,9,14,6,3,5,3,0,0,1,0,1,0,0,0,13.61433085,52.50307867
1,1100205,2020,9,18,2,3,4,6,0,1,0,0,0,0,1,0,13.37763051,52.50828148
2,2100106,2020,9,14,2,3,5,7,0,0,1,0,0,0,1,0,13.40667614,52.49832752
5,5200632,2020,9,17,2,3,5,2,0,0,1,0,0,0,1,0,13.21607265,52.52699902
5,5200633,2020,9,12,7,3,2,6,0,0,1,0,0,0,1,0,13.18842788,52.51489767
12,12400619,2020,9,7,2,3,0,7,0,0,1,0,0,0,0,0,13.28184359,52.60074694
2,2300316,2020,9,16,2,3,1,5,0,1,1,0,0,0,0,0,13.43859906,52.50282339
4,4200308,2020,9,11,1,2,0,7,0,1,0,0,0,0,0,0,13.26719829,52.51471819
8,8200623,2020,9,17,3,3,2,6,0,0,0,0,1,0,1,0,13.45293848,52.45267626
8,8100312,2020,9,18,6,3,2,6,0,0,1,0,1,0,0,0,13.43514387,52.48406732
2,2400521,2020,9,17,2,3,5,2,0,1,1,0,0,0,0,0,13.42950089,52.52310078
5,5200632,2020,9,15,5,3,0,1,0,1,0,0,0,0,0,0,13.21685317,52.52696036
11,11200512,2020,9,17,2,3,5,3,0,1,1,0,0,0,0,0,13.46746443,52.54794322
3,3400619,2020,9,13,2,2,6,4,0,0,1,1,0,0,0,0,13.37458302,52.58295583
4,4501153,2020,9,17,2,3,5,2,0,1,1,0,0,0,0,0,13.33325292,52.48304997
4,4300413,2020,9,20,7,3,6,6,1,0,1,1,0,0,0,0,13.29379556,52.51757905
7,7200411,2020,9,18,2,3,2,6,1,0,1,0,0,0,0,0,13.35765349,52.48667705
2,2200212,2020,9,12,6,3,5,2,0,1,1,0,0,0,0,0,13.40543568,52.48885695
12,12500824,2020,9,14,2,3,0,1,0,1,1,0,0,0,0,0,13.30088172,52.59947248
8,8100520,2020,9,15,3,3,6,7,0,0,0,1,0,0,1,0,13.46462383,52.47633982
7,7200412,2020,9,13,6,3,5,2,0,0,1,0,1,0,0,0,13.36229052,52.47640689
12,12500926,2020,9,15,2,2,0,4,0,0,0,1,0,0,1,0,13.3328558,52.59542287
3,3601453,2020,9,15,5,2,6,4,0,1,0,1,0,0,0,0,13.46405129,52.52279025
7,7300619,2020,9,17,2,2,0,6,0,0,1,0,1,0,0,0,13.36024151,52.47529548
1,1100205,2020,9,18,4,3,5,2,0,1,0,0,0,0,1,0,13.38421291,52.50996571
2,2300314,2020,9,13,1,3,3,6,0,1,0,0,0,0,0,0,13.42137854,52.49903451
2,2500830,2020,9,6,5,3,0,1,1,0,0,0,1,0,0,1,13.45474285,52.51381771
7,7501031,2020,9,15,7,3,2,6,0,0,1,0,0,0,0,0,13.40769809,52.45239028
3,3601348,2020,9,0,5,3,1,5,2,1,1,0,0,0,0,1,13.42590562,52.54317855
7,7200412,2020,9,14,6,3,6,7,0,1,0,1,0,0,0,0,13.36342444,52.47715397
1,1400938,2020,9,10,2,3,2,7,0,0,1,0,0,0,0,0,13.33570827,52.54196115
3,3601142,2020,9,12,5,3,1,5,0,1,1,0,0,0,0,0,13.39966771,52.54645947
7,7400721,2020,9,17,2,3,5,3,0,0,1,0,0,0,1,0,13.37917949,52.48051353
11,11100102,2020,9,14,1,3,8,1,0,1,0,0,0,0,0,0,13.55833937,52.57500162
1,1100102,2020,9,18,1,3,5,2,0,0,1,0,1,0,0,0,13.3707944,52.51777916
2,2500833,2020,9,19,4,3,0,1,1,1,1,0,0,0,0,0,13.45227722,52.51064275