BEZ,LOR_ab_2021,UJAHR,UMONAT,USTUNDE,UWOCHENTAG,UKATEGORIE,UART,UTYP1,ULICHTVERH,IstRad,IstPKW,IstFuss,IstKrad,IstGkfz,IstSonstige,USTRZUSTAND,XGCSWGS84,YGCSWGS84
9,9100203,2020,9,9,1,3,5,2,0,0,1,0,0,0,0,0,13.47866932,52.47754922
1,1300834,2020,9,17,1,3,7,7,0,0,0,0,1,0,0,0,13.39945181,52.54259795
5,5400943,2020,9,11,2,3,5,3,0,0,1,0,0,0,1,0,13.12301037,52.47193538
9,9200819,2020,9,17,1,3,2,7,0,0,1,0,1,0,0,0,13.55962394,52.44661087
1,1100416,2020,9,18,4,3,0,5,0,1,1,0,0,0,0,0,13.40469826,52.53538832
12,12500930,2020,9,17,1,3,5,2,0,1,1,0,0,0,0,0,13.32373872,52.58750981
3,3601245,2020,9,15,4,3,3,6,0,0,0,0,1,0,0,0,13.43391612,52.54300773
6,6300528,2020,9,17,1,3,5,3,0,0,1,0,0,0,0,0,13.27173792,52.42730196
12,12100204,2020,9,3,4,3,1,5,2,0,1,0,0,0,0,0,13.35541819,52.56212011
6,6200421,2020,9,17,7,3,3,6,0,1,1,0,0,0,0,0,13.32556636,52.43897587
12,12500824,2020,9,15,2,3,2,6,0,0,1,0,1,0,0,0,13.29383243,52.59631052
1,1100310,2020,9,23,7,3,8,1,2,1,0,0,0,0,0,0,13.41820512,52.52567002
12,12200411,2020,9,22,7,3,3,6,2,0,1,0,0,0,0,0,13.32611813,52.5616564
10,10100314,2020,9,15,2,3,0,1,0,0,0,0,1,0,0,0,13.55686658,52.53412078
12,12601134,2020,9,19,7,3,0,1,2,1,1,0,0,0,0,0,13.34967321,52.60386845
4,4300416,2020,9,18,7,3,5,3,0,1,0,0,0,0,0,0,13.30040925,52.50790505
2,2300314,2020,9,17,7,3,2,6,0,1,1,0,0,0,0,0,13.41826295,52.50156599
1,1200520,2020,9,9,4,3,5,2,0,0,1,0,1,0,0,0,13.34316297,52.52623804
3,3400723,2020,9,17,7,3,5,3,0,0,1,0,0,0,0,0,13.42210628,52.57344535
4,4100101,2020,9,8,4,3,1,5,0,0,1,0,0,0,0,0,13.28107008,52.53997649
2,2200212,2020,9,15,7,3,5,2,0,1,1,0,0,0,0,0,13.40763226,52.48892418
9,9200510,2020,9,14,2,3,5,3,0,0,1,0,0,0,0,0,13.5048923,52.46807267
12,12200310,2020,9,15,7,3,2,6,0,0,1,0,0,0,0,0,13.31159999,52.56790371
12,12200309,2020,9,14,7,3,1,5,0,1,1,0,0,0,0,0,13.32450525,52.5649765
1,1100308,2020,9,13,7,3,6,4,0,1,0,1,0,0,0,0,13.38312431,52.5305112
3,3200206,2020,9,8,4,3,5,3,0,0,1,0,0,0,0,0,13.39261872,52.58218627
12,12200515,2020,9,13,1,3,2,7,0,1,0,0,0,0,0,0,13.28315975,52.59141033
1,1200629,2020,9,13,7,3,5,3,0,0,1,0,0,0,1,0,13.34196462,52.51789627
3,3200206,2020,9,7,2,3,0,6,0,1,0,0,0,0,1,0,13.40507743,52.58157298
12,12601235,2020,9,8,4,3,0,3,0,0,1,0,0,0,1,0,13.35489408,52.59662669
3,3300514,2020,9,11,7,3,2,6,0,0,1,0,1,0,0,0,13.46179013,52.59395142
1,1100312,2020,9,8,4,2,6,4,0,1,0,1,0,0,0,0,13.41723356,52.51255233
12,12601031,2020,9,11,7,3,8,1,0,0,0,0,1,0,0,0,13.32653152,52.60465522
10,10100102,2020,9,6,3,3,5,2,0,0,1,0,0,0,0,0,13.56851339,52.56950081
5,5100317,2020,9,8,4,3,5,5,0,0,1,0,1,0,0,0,13.21233593,52.53210878
3,3701555,2020,9,11,7,2,5,2,0,1,1,0,0,0,0,0,13.41589287,52.53652308
1,1100206,2020,9,13,2,3,2,6,0,1,1,0,0,0,0,0,13.39111974,52.51469544
2,2300417,2020,9,10,7,3,5,3,0,1,1,0,0,0,0,0,13.42770468,52.49625403
1,1100416,2020,9,10,7,3,5,3,0,0,1,0,0,0,0,0,13.39995682,52.53786063
11,11200513,2020,9,9,7,3,5,3,0,0,1,0,0,0,0,0,13.49866634,52.54449152
2,2200212,2020,9,8,4,3,5,3,0,1,1,0,0,0,0,0,13.41928649,52.48758968
1,1100309,2020,9,13,1,3,1,7,0,0,1,0,1,0,0,0,13.40318461,52.52473835
7,7200308,2020,9,3,7,3,0,1,2,0,0,0,0,0,1,0,13.33828136,52.48572192
5,5100210,2020,9,12,2,3,5,3,0,0,1,0,0,0,0,0,13.19115778,52.54981704
5,5100316,2020,9,23,7,3,0,6,2,0,1,0,0,0,1,0,13.20205493,52.53955332
6,6200313,2020,9,7,4,2,5,2,0,1,1,0,0,0,0,0,13.34450247,52.43776555
6,6200312,2020,9,8,6,3,1,5,0,1,1,0,0,0,0,0,13.33340178,52.43919794
12,12200411,2020,9,16,6,3,5,2,0,0,1,0,0,0,0,0,13.32191449,52.56051543
4,4300414,2020,9,18,2,3,5,2,0,1,1,0,0,0,0,0,13.29722826,52.51172096
6,6100206,2020,9,16,6,3,5,3,0,1,1,0,0,0,0,0,13.33712832,52.44557056
3,3601243,2020,9,20,6,2,0,1,2,1,0,0,0,0,0,0,13.42426672,52.55211971
1,1100313,2020,9,18,6,3,6,4,1,1,0,1,0,0,0,0,13.4187702,52.50788105
7,7100206,2020,9,6,4,3,5,3,0,1,1,0,0,0,0,0,13.37092847,52.49260063
1,1400939,2020,9,12,1,3,5,3,0,0,1,0,0,0,0,0,13.35293519,52.55325481
3,3500934,2020,9,10,6,2,5,2,0,1,1,0,0,0,0,0,13.43886336,52.555456
6,6400735,2020,9,12,2,2,0,1,0,1,0,0,0,0,0,0,13.18433132,52.42406775
9,9200715,2020,9,9,6,3,6,4,0,0,0,1,0,1,0,0,13.54029417,52.43496216
7,7400927,2020,9,4,4,3,8,7,2,0,1,0,0,0,0,0,13.40163895,52.45934604
9,9301025,2020,9,8,6,3,5,3,0,1,1,0,0,0,0,0,13.57395122,52.4018658
12,12200412,2020,9,14,4,3,5,3,0,1,0,0,0,0,0,0,13.30006829,52.56978739
2,2300315,2020,9,8,6,3,5,3,0,1,1,0,0,0,0,0,13.42642976,52.4993734
2,2500726,2020,9,13,4,3,5,2,0,0,1,0,0,0,1,0,13.45079565,52.52719813
9,9200717,2020,9,13,4,3,2,3,0,0,1,0,0,1,0,0,13.55350714,52.44624098
9,9100304,2020,9,7,6,3,0,1,0,1,0,0,0,0,0,0,13.49419163,52.46056565
5,5100316,2020,9,7,6,3,5,5,0,0,1,0,1,0,0,0,13.19274875,52.53601832
2,2100102,2020,9,15,4,2,5,3,0,1,1,0,0,0,0,0,13.39425865,52.50695281
10,10200627,2020,9,7,6,3,0,6,0,0,1,0,0,0,1,0,13.5904128,52.52975809
7,7501133,2020,9,16,2,3,5,2,0,1,1,0,0,0,0,0,13.38308078,52.43396372
2,2200209,2020,9,8,6,3,2,6,0,0,1,0,0,0,0,0,13.3783134,52.48501903
5,5200629,2020,9,17,6,3,5,2,0,1,1,0,0,0,0,0,13.19547677,52.5291661
12,12400723,2020,9,22,6,3,5,3,2,0,1,0,0,0,0,0,13.31034934,52.62469464
4,4500936,2020,9,13,4,3,3,6,0,0,1,0,1,0,0,0,13.30451748,52.50354539
8,8100310,2020,9,21,6,3,6,4,2,0,1,1,0,0,0,0,13.42239286,52.49534252
4,4501153,2020,9,13,4,3,5,2,0,1,0,0,0,0,0,0,13.32990043,52.4821338
10,10100208,2020,9,22,6,3,5,3,2,1,1,0,0,0,0,0,13.56175255,52.54994788
7,7400826,2020,9,14,2,3,5,2,0,0,1,0,1,0,0,0,13.36583167,52.44916953
11,11100203,2020,9,1,6,3,8,1,2,0,1,0,0,0,0,0,13.52708985,52.56932554
4,4501040,2020,9,18,6,3,0,5,0,1,0,0,0,0,1,0,13.30845045,52.50006732
5,5200630,2020,9,15,2,3,2,6,0,0,1,0,0,0,0,0,13.1889692,52.52176657
5,5200632,2020,9,7,6,2,5,3,0,1,1,0,0,0,0,0,13.20782588,52.52834441
3,3601449,2020,9,1,6,3,8,1,2,0,1,0,0,0,0,0,13.45543422,52.5412883
3,3701556,2020,9,0,6,2,0,1,2,1,0,0,0,0,0,0,13.41545066,52.5339901
4,4501041,2020,9,14,4,3,3,6,0,1,1,0,0,0,0,0,13.32421857,52.50225717
11,11501339,2020,9,14,6,2,2,6,0,0,1,0,0,0,0,0,13.527303,52.49143187
3,3601450,2020,9,2,3,3,8,1,2,0,1,0,0,0,0,0,13.46284434,52.53218693
3,3400831,2020,9,12,4,2,5,2,0,1,1,0,0,0,0,0,13.42679336,52.57181288
7,7200409,2020,9,13,6,3,1,5,0,1,1,0,0,0,1,0,13.34955176,52.48943232
2,2100106,2020,9,20,2,3,5,3,1,1,1,0,0,0,0,0,13.4185562,52.49873933
5,5100316,2020,9,14,6,3,5,3,0,0,1,0,1,0,0,0,13.20059567,52.53427855
2,2200210,2020,9,13,6,3,5,3,0,1,0,0,0,0,0,0,13.40670568,52.49503303
12,12100205,2020,9,13,6,2,6,4,0,0,1,1,0,0,0,0,13.33149908,52.56306712
11,11501339,2020,9,12,4,2,5,3,0,1,1,0,0,0,0,0,13.52601003,52.49346188
9,9300922,2020,9,16,1,2,5,3,0,0,1,0,1,0,0,0,13.53138381,52.40509364
12,12400617,2020,9,13,6,2,5,2,0,1,1,0,0,0,0,0,13.21723959,52.61119603
7,7100102,2020,9,13,6,3,2,6,0,0,1,0,0,0,0,0,13.34965975,52.50257511
1,1401047,2020,9,12,6,3,5,3,0,1,1,0,0,0,0,0,13.36572026,52.54241081
10,10300731,2020,9,11,4,3,5,3,0,1,1,0,0,0,0,0,13.55611112,52.52007803
1,1100101,2020,9,15,1,2,5,2,0,1,1,0,0,0,0,0,13.35111536,52.50963081
6,6200420,2020,9,12,6,3,5,3,0,0,1,0,0,0,0,0,13.30496921,52.41014904
11,11200513,2020,9,13,2,3,0,3,0,0,1,0,0,0,0,0,13.48663575,52.54094376
5,5100314,2020,9,12,6,2,6,4,0,0,1,1,0,0,0,0,13.20236888,52.54653735
8,8100520,2020,9,17,2,3,5,2,0,1,1,0,0,0,0,0,13.46325693,52.47077625
9,9200511,2020,9,17,2,3,2,4,0,0,1,1,0,0,0,0,13.51440249,52.46235677
1,1100206,2020,9,11,6,3,5,2,0,1,1,0,0,0,0,0,13.38091894,52.5163701
1,1401044,2020,9,11,6,3,5,3,0,0,1,0,1,0,0,0,13.36979472,52.55294578
1,1100310,2020,9,11,6,3,5,2,0,1,0,0,0,0,1,0,13.40090489,52.52083929
1,1100311,2020,9,6,4,3,5,2,0,1,1,0,0,0,0,0,13.41808519,52.51566861
5,5200528,2020,9,13,1,3,2,6,0,0,1,0,1,0,0,0,13.17049042,52.51844613
12,12400723,2020,9,10,6,2,5,3,0,0,1,0,0,0,1,0,13.30444592,52.62184783
2,2200209,2020,9,6,2,3,5,2,2,1,1,0,0,0,0,0,13.38582718,52.48503473
11,11401034,2020,9,16,2,2,1,5,0,0,1,0,0,0,0,0,13.53151358,52.5093862
11,11300721,2020,9,10,6,3,5,2,0,0,1,0,0,0,1,0,13.4917368,52.5341706
3,3601142,2020,9,12,2,3,0,1,0,1,0,0,0,0,0,0,13.41246617,52.54525403
6,6100101,2020,9,16,2,2,1,5,0,1,1,0,0,0,0,0,13.31386626,52.45936948
4,4300619,2020,9,15,6,3,5,3,0,1,1,0,0,0,0,0,13.31355449,52.51528413
9,9200613,2020,9,15,4,2,6,4,0,0,1,1,0,0,0,0,13.51136186,52.45788663
5,5200423,2020,9,15,6,3,5,3,0,1,1,0,0,0,0,0,13.15930846,52.52965849
6,6100102,2020,9,17,4,3,0,4,0,0,0,1,0,0,1,0,13.32372047,52.45619197
1,1401047,2020,9,15,6,3,5,2,0,0,1,0,0,0,0,0,13.35713501,52.5451552
3,3400620,2020,9,15,6,2,0,6,0,1,0,0,0,0,1,0,13.38184012,52.5736725
4,4100101,2020,9,17,4,3,5,7,0,0,1,0,1,0,0,0,13.29663268,52.54817676
9,9100407,2020,9,16,6,3,2,6,0,1,1,0,0,0,0,0,13.50050075,52.44735697
3,3701657,2020,9,15,2,3,5,3,0,1,1,0,0,0,0,0,13.42623543,52.54304896
1,1200626,2020,9,23,2,3,5,2,2,1,0,0,1,0,0,0,13.35095673,52.52438487
1,1300733,2020,9,16,6,3,3,6,0,1,0,0,0,0,1,0,13.38535436,52.55030194
12,12100204,2020,9,15,6,3,5,2,0,0,1,0,1,0,0,0,13.35387526,52.56209047
1,1100206,2020,9,16,6,3,1,5,0,1,1,0,0,0,0,0,13.39115165,52.51448566
9,9200716,2020,9,16,4,3,5,2,0,1,1,0,0,0,0,0,13.54503014,52.43683208
4,4200309,2020,9,17,6,3,2,6,0,0,1,0,0,0,0,0,13.25828841,52.51824852
1,1100104,2020,9,15,6,3,5,2,0,0,1,0,0,0,1,0,13.37110824,52.5012069
2,2200213,2020,9,17,6,3,5,2,0,1,0,0,1,0,0,0,13.41969942,52.49552391
1,1100207,2020,9,16,4,3,0,2,0,1,1,0,0,0,0,0,13.39418569,52.50791873
11,11300619,2020,9,17,6,3,5,2,0,1,1,0,0,0,0,0,13.47946036,52.52321522
4,4501041,2020,9,15,4,3,5,2,0,0,1,0,0,0,1,0,13.31992723,52.50175674
5,5200423,2020,9,17,6,2,5,3,0,0,1,0,1,0,0,0,13.15868278,52.53313611
1,1100309,2020,9,14,2,2,6,4,0,1,0,1,0,0,0,0,13.4005034,52.52364693
9,9501941,2020,9,9,2,2,5,3,0,1,1,0,0,0,0,0,13.58355995,52.45158286
1,1200520,2020,9,14,6,3,3,6,0,1,1,0,0,0,0,0,13.33670265,52.52658411
4,4300620,2020,9,14,6,2,6,4,0,0,1,1,0,0,0,0,13.32214337,52.52108866
1,1100312,2020,9,19,6,3,6,7,2,0,1,1,0,0,0,0,13.40731628,52.51297599
11,11300618,2020,9,15,4,3,5,2,0,1,1,0,0,0,0,0,13.45904486,52.52610547
12,12200309,2020,9,12,1,3,5,2,0,1,1,0,0,0,0,0,13.31651046,52.5668233
4,4500937,2020,9,19,6,3,5,3,0,1,1,0,0,0,0,0,13.28667832,52.49589282
1,1100310,2020,9,21,2,2,6,4,2,0,1,1,0,0,0,0,13.40595243,52.5192298
3,3200206,2020,9,14,3,3,6,7,0,1,0,1,0,0,0,0,13.39656902,52.58026967
11,11501339,2020,9,18,6,3,5,3,0,1,1,0,0,0,0,0,13.51949653,52.48734149
1,1100104,2020,9,19,2,3,5,3,1,1,0,0,1,0,0,0,13.3637418,52.50078193
1,1400942,2020,9,7,3,2,0,1,0,0,0,0,1,0,0,0,13.34701137,52.54391081
2,2200213,2020,9,18,3,3,2,6,1,0,1,0,0,0,0,0,13.42234319,52.49276495
4,4400835,2020,9,8,6,3,0,3,0,1,0,0,0,0,0,0,13.31983026,52.46880718
10,10200629,2020,9,13,2,3,5,2,0,0,1,0,0,0,0,0,13.58791724,52.52077754
1,1100308,2020,9,18,6,3,5,3,0,1,1,0,0,0,0,0,13.379669,52.52131941
1,1100207,2020,9,18,6,3,0,3,0,1,1,0,0,0,0,0,13.40583785,52.51047949
6,6200421,2020,9,17,6,2,5,3,0,0,1,0,1,0,0,0,13.32170953,52.4356671
12,12500928,2020,9,13,3,3,2,6,0,1,1,0,0,0,0,0,13.31046117,52.60387609
4,4501152,2020,9,1,1,2,9,1,2,1,0,0,0,0,0,0,13.33103068,52.48930867
5,5400944,2020,9,17,6,2,1,5,0,1,1,0,0,0,0,0,13.1447701,52.45247824
9,9200819,2020,9,12,2,3,2,6,0,1,1,0,0,0,0,0,13.56918446,52.44435517
4,4300620,2020,9,9,2,3,5,2,0,1,1,0,0,0,0,0,13.33578065,52.51369902
11,11300826,2020,9,9,5,3,0,6,0,1,0,0,0,0,1,0,13.48282131,52.50634232
9,9200512,2020,9,9,2,3,5,2,0,0,0,0,0,1,1,0,13.55437701,52.45569575
4,4100101,2020,9,12,5,3,5,3,0,1,1,0,0,0,0,0,13.31137982,52.54686119
10,10300731,2020,9,15,5,3,3,6,0,1,1,0,0,0,0,0,13.55090172,52.51510996
2,2100105,2020,9,15,5,3,5,3,0,1,1,0,0,0,0,0,13.41452431,52.50012217
3,3400725,2020,9,17,5,3,5,3,0,1,1,0,0,0,0,0,13.42882999,52.58450672
3,3500936,2020,9,13,5,3,4,5,0,0,0,0,0,0,1,0,13.46241794,52.54997646
8,8100314,2020,9,19,5,3,5,2,1,1,0,0,0,0,1,0,13.42401752,52.48652401
9,9200715,2020,9,10,3,3,0,2,0,1,1,0,0,0,0,0,13.5445093,52.43314083
9,9401329,2020,9,23,1,2,8,1,2,1,0,0,0,0,0,0,13.65565803,52.42054554
12,12500926,2020,9,23,5,3,1,5,2,0,1,0,0,0,0,0,13.33209536,52.59019136
8,8100209,2020,9,17,2,3,2,7,0,0,1,0,0,1,0,0,13.442969,52.4678221
1,1401047,2020,9,22,5,3,5,3,2,0,1,0,0,0,0,0,13.35708407,52.54506056
3,3500932,2020,9,7,3,3,5,2,0,0,1,0,0,0,1,0,13.45719298,52.56099331
1,1400937,2020,9,21,5,3,0,1,2,0,0,0,1,0,0,0,13.34160889,52.55376868
11,11200513,2020,9,7,3,3,1,6,0,1,1,0,0,0,0,0,13.49021661,52.53900561
9,9200818,2020,9,20,5,3,2,6,2,0,1,0,0,0,0,0,13.55908146,52.4485181
5,5400942,2020,9,7,3,3,0,1,0,0,0,0,1,0,0,0,13.18206802,52.48697878
8,8100415,2020,9,20,5,3,2,6,2,0,1,0,0,0,0,0,13.44609321,52.47883351
12,12100205,2020,9,15,2,3,2,6,0,0,1,0,0,0,0,0,13.34459351,52.58917631
9,9502043,2020,9,7,2,2,5,3,0,1,1,0,0,0,0,0,13.55328761,52.46958191
2,2400625,2020,9,7,3,3,5,3,0,1,1,0,0,0,0,0,13.44054237,52.51349144
4,4400832,2020,9,19,5,3,6,2,1,0,1,1,0,0,0,0,13.29055785,52.47522807
4,4200308,2020,9,16,2,3,3,6,0,0,1,0,1,0,0,0,13.28007213,52.51847611
2,2500832,2020,9,19,5,3,5,2,1,1,1,0,0,0,0,0,13.47178602,52.50777016
11,11100203,2020,9,18,5,3,5,2,0,1,1,0,0,0,0,0,13.54007038,52.56527258
3,3601141,2020,9,18,5,3,1,6,0,1,1,0,0,0,0,0,13.41435733,52.55209279
10,10100102,2020,9,7,3,2,5,2,0,0,1,0,1,0,0,0,13.56562399,52.57043807
1,1401044,2020,9,16,5,3,5,2,0,1,1,0,0,0,0,0,13.36925825,52.54619484
11,11300619,2020,9,7,3,3,3,6,0,1,0,0,0,0,0,0,13.47924934,52.52531568
7,7200412,2020,9,18,5,3,5,3,0,0,1,0,1,0,0,0,13.36360398,52.47671923
7,7400823,2020,9,14,2,3,5,3,0,1,1,0,0,0,0,0,13.37222948,52.45571701
3,3400721,2020,9,17,5,3,5,3,0,0,1,0,1,0,0,0,13.40037011,52.56920634
8,8100103,2020,9,17,5,3,5,3,0,1,1,0,0,0,0,0,13.4280662,52.47355407
7,7200307,2020,9,17,5,3,6,4,0,1,0,1,0,0,0,0,13.34041202,52.48785156
6,6400844,2020,9,7,3,3,5,2,0,1,1,0,0,0,0,0,13.30608077,52.46587695
2,2100106,2020,9,16,5,3,2,6,0,1,1,0,0,0,0,0,13.41551347,52.4959374
1,1100308,2020,9,12,5,3,5,3,0,0,1,0,0,0,0,0,13.37869191,52.52819948
4,4400835,2020,9,11,5,3,0,6,0,1,1,0,0,0,0,0,13.31442998,52.47333369
2,2400623,2020,9,23,3,3,5,2,2,1,1,0,0,0,0,0,13.42627778,52.51588907
2,2200210,2020,9,11,5,3,5,2,0,1,0,0,0,0,1,0,13.40285454,52.49403916
4,4200308,2020,9,6,3,2,5,2,0,0,1,0,1,0,0,0,13.27991659,52.52059777
1,1200623,2020,9,23,3,3,5,2,2,1,1,0,0,0,0,0,13.35066131,52.53244618
2,2200208,2020,9,11,5,3,5,3,0,1,1,0,0,0,0,0,13.38743896,52.4928489
2,2500833,2020,9,21,2,3,2,7,2,1,1,0,0,0,0,0,13.46133889,52.51174685
1,1300834,2020,9,7,2,3,0,2,0,1,1,0,0,0,0,0,13.40039885,52.53949949
2,2300315,2020,9,10,5,3,5,3,0,0,1,0,0,0,1,0,13.43577576,52.49987827
1,1400942,2020,9,10,5,3,2,3,0,1,1,0,0,0,0,0,13.34787969,52.54850083
6,6400844,2020,9,10,5,2,5,2,0,1,1,0,0,0,0,0,13.272083,52.45345607
8,8200623,2020,9,21,3,3,0,2,2,0,1,0,1,0,0,0,13.4521609,52.4526015
5,5100316,2020,9,20,1,3,6,2,1,0,1,1,0,0,0,0,13.19928821,52.53480898
6,6300632,2020,9,9,5,3,5,2,0,0,1,0,0,0,1,0,13.28694437,52.42249638
1,1100103,2020,9,12,2,3,6,4,0,1,0,1,0,0,0,0,13.3569884,52.50470161
3,3701554,2020,9,8,5,3,5,2,0,0,1,0,1,0,0,0,13.41042474,52.53923918
1,1100308,2020,9,20,1,3,1,5,1,0,1,0,0,0,1,0,13.37942237,52.5334826
7,7100103,2020,9,8,5,3,1,5,0,1,1,0,0,0,0,0,13.36107569,52.4978923
4,4501150,2020,9,19,2,3,6,2,1,0,1,1,0,0,0,0,13.32274741,52.48643806
5,5200629,2020,9,8,5,3,3,2,0,0,1,0,1,0,0,0,13.19862049,52.53280469
1,1300834,2020,9,18,2,3,5,3,0,0,1,0,0,0,1,0,13.39431822,52.54741344
2,2500832,2020,9,15,5,3,0,3,0,0,1,0,1,0,0,0,13.47009853,52.50629302
1,1100102,2020,9,15,5,3,2,6,0,0,1,0,0,0,0,0,13.35059064,52.51225784
5,5100314,2020,9,14,5,2,5,3,0,0,1,0,1,0,0,0,13.20555103,52.54167994
3,3601245,2020,9,18,3,3,6,4,0,1,0,1,0,0,0,0,13.43866207,52.54799116
5,5100209,2020,9,18,1,2,5,2,1,0,1,0,0,0,0,0,13.18459307,52.54750687
12,12400616,2020,9,14,5,2,5,3,0,0,1,0,0,0,0,0,13.229096,52.5732058
4,4200308,2020,9,11,2,3,2,2,0,0,1,0,0,0,0,0,13.28036817,52.51825952
12,12400619,2020,9,14,5,2,5,3,0,0,1,0,0,0,0,0,13.23714134,52.61161771
4,4500939,2020,9,14,5,3,5,2,0,1,1,0,0,0,0,0,13.30476531,52.49343104
6,6200422,2020,9,20,3,3,2,6,2,1,1,0,0,0,0,0,13.33225643,52.4178613
1,1401048,2020,9,14,3,3,2,6,0,1,0,0,0,0,0,0,13.35887335,52.5542336
6,6100101,2020,9,13,5,3,6,2,0,0,0,1,0,0,1,0,13.32088501,52.45681926
7,7601442,2020,9,7,3,3,5,3,0,1,1,0,0,0,0,0,13.40210311,52.41313752
7,7400927,2020,9,13,5,3,1,5,0,0,1,0,0,0,0,0,13.38930879,52.45698429
4,4100101,2020,9,12,5,2,5,3,0,0,1,0,0,0,0,0,13.29493386,52.53962644
1,1100104,2020,9,6,3,3,5,7,1,1,1,0,0,0,0,0,13.37118123,52.50392947
12,12100205,2020,9,13,5,2,5,2,0,1,0,0,0,1,0,0,13.36098923,52.57703522
11,11100309,2020,9,13,2,3,6,4,0,0,1,1,0,0,0,0,13.5048631,52.56338934
1,1100207,2020,9,8,5,3,3,2,0,1,0,0,1,0,0,0,13.39203867,52.50958029
1,1100310,2020,9,7,5,3,0,6,0,0,1,0,1,0,0,0,13.40977616,52.52862844
4,4501153,2020,9,7,5,3,2,6,0,1,1,0,0,0,0,0,13.33326966,52.48111078
1,1100206,2020,9,6,3,2,5,3,0,0,1,0,1,0,0,0,13.39079144,52.51573857
11,11400931,2020,9,7,5,3,5,3,0,0,1,0,0,0,0,0,13.51644768,52.50562212
4,4200310,2020,9,7,3,3,5,2,0,1,1,0,0,0,0,0,13.26372065,52.51463401
3,3400619,2020,9,5,3,3,2,6,0,0,1,0,0,0,1,0,13.38503586,52.5912075
6,6200421,2020,9,6,5,3,2,2,0,0,1,0,1,0,0,0,13.316803,52.4257572
3,3601243,2020,9,6,5,3,2,6,0,0,1,0,0,0,0,0,13.41506104,52.55383425
9,9100101,2020,9,0,3,2,8,1,2,1,0,0,0,0,0,0,13.45499802,52.49699649
12,12200515,2020,9,15,4,3,2,7,0,0,1,0,0,0,0,0,13.28656657,52.59138511
7,7601341,2020,9,14,2,3,2,6,0,0,1,0,0,0,0,0,13.38219296,52.39932926
1,1300835,2020,9,15,4,3,0,3,0,1,0,0,0,0,1,0,13.3862471,52.53874
11,11401135,2020,9,10,4,2,6,7,0,1,0,1,0,0,0,0,13.50951004,52.4961343
1,1100308,2020,9,21,4,3,2,6,2,0,1,0,0,0,1,0,13.38714754,52.526834
1,1100206,2020,9,8,3,3,1,5,0,1,0,0,0,0,1,0,13.38899772,52.51598071
8,8100104,2020,9,14,4,3,4,6,0,0,0,0,1,0,1,0,13.42131757,52.46738921
9,9200613,2020,9,0,3,3,2,6,2,0,1,0,1,0,0,0,13.50334431,52.46059052
2,2400623,2020,9,7,3,3,5,2,0,1,1,0,0,0,0,0,13.43027202,52.51535903
5,5300840,2020,9,8,4,3,6,7,0,1,0,1,0,0,0,0,13.26687156,52.53236604
4,4300623,2020,9,20,2,3,5,2,1,0,1,0,0,0,0,0,13.30796791,52.50656675
12,12400721,2020,9,20,4,2,7,7,0,1,0,0,0,0,0,0,13.29551446,52.64246198
9,9401329,2020,9,11,4,3,2,6,0,0,1,0,0,0,0,0,13.59630244,52.43710802
12,12100101,2020,9,14,2,3,3,6,0,0,1,0,1,0,0,0,13.36575824,52.56289383
12,12400618,2020,9,11,4,3,5,2,0,0,1,0,1,0,0,0,13.2356592,52.62073911
4,4300622,2020,9,23,4,3,1,5,2,0,1,0,0,0,0,0,13.32476033,52.51011342
8,8100207,2020,9,22,4,3,0,1,2,1,0,0,0,0,0,0,13.43787704,52.47828009
4,4300416,2020,9,8,3,3,5,3,0,1,1,0,0,0,0,0,13.30010137,52.50976583
9,9100101,2020,9,18,1,3,2,6,0,0,1,0,0,0,0,0,13.45405621,52.494042
12,12200309,2020,9,22,4,2,5,2,2,1,1,0,0,0,0,0,13.3297256,52.56316391
12,12200515,2020,9,13,2,3,3,6,0,0,1,0,1,0,0,0,13.28445461,52.59450403
11,11501340,2020,9,7,2,3,5,2,0,1,1,0,0,0,0,0,13.52546575,52.48152865
1,1100309,2020,9,21,4,3,1,5,2,1,1,0,0,0,0,0,13.4081816,52.52894472
1,3701556,2020,9,16,1,3,1,5,0,1,1,0,0,0,0,0,13.41589741,52.52742098
4,4501042,2020,9,20,4,3,1,5,2,1,1,0,0,0,0,0,13.33903036,52.50335605
4,4501147,2020,9,20,4,3,5,2,2,0,1,0,1,0,0,0,13.32165816,52.49171356
4,4501149,2020,9,20,4,3,5,3,2,1,1,0,0,0,0,0,13.32307679,52.49155304
11,11400931,2020,9,8,3,3,5,2,0,1,1,0,0,0,0,0,13.51914416,52.50979792
4,4501042,2020,9,17,2,3,5,2,0,1,1,0,0,0,0,0,13.33838414,52.50522156
6,6300633,2020,9,18,4,2,5,2,0,0,1,0,0,0,0,0,13.31328308,52.43540188
12,12200309,2020,9,5,6,3,5,2,2,1,1,0,0,0,0,1,13.32970261,52.56317708
3,3400722,2020,9,14,4,2,6,4,0,1,0,1,0,0,0,0,13.40656321,52.57579121
7,7200308,2020,9,5,2,3,0,1,2,0,0,0,1,0,0,1,13.34480605,52.48558128
12,12200309,2020,9,9,4,3,2,6,0,0,1,0,1,0,0,0,13.32971982,52.5689647