BEZ,LOR_ab_2021,UJAHR,UMONAT,USTUNDE,UWOCHENTAG,UKATEGORIE,UART,UTYP1,ULICHTVERH,IstRad,IstPKW,IstFuss,IstKrad,IstGkfz,IstSonstige,USTRZUSTAND,XGCSWGS84,YGCSWGS84
1,1100308,2020,9,19,5,3,2,6,2,1,1,0,0,0,0,0,13.3873247,52.52589957
9,9100304,2020,9,17,7,2,2,6,0,0,1,0,0,0,0,1,13.48033859,52.46035625
7,7400721,2020,9,7,3,3,5,3,0,1,1,0,0,0,0,0,13.37722897,52.47558889
5,5200629,2020,9,10,4,3,3,6,0,0,1,0,0,1,0,0,13.1921619,52.53412671
3,3400618,2020,9,10,4,3,0,2,0,1,1,0,0,0,0,0,13.36914047,52.59737037
7,7400823,2020,9,14,6,3,2,6,0,0,1,0,0,0,1,1,13.37391713,52.46876366
1,1300834,2020,9,15,2,3,5,3,0,0,1,0,1,0,0,0,13.39380564,52.5411181
5,5100314,2020,9,18,4,3,5,3,0,0,1,0,0,0,0,0,13.20567006,52.54162341
6,6100205,2020,9,6,5,3,6,2,1,0,1,1,0,0,0,0,13.34701412,52.45009229
9,9401329,2020,9,17,2,3,1,5,0,1,1,0,0,0,0,0,13.59458518,52.42904375
1,1300733,2020,9,17,3,3,1,5,0,1,1,0,0,0,0,0,13.38358312,52.55118074
3,3500936,2020,9,8,5,3,2,7,0,1,1,0,0,0,0,0,13.45791361,52.54674243
7,7300619,2020,9,13,7,3,5,3,0,0,1,0,0,0,0,1,13.35940517,52.47502833
5,5300737,2020,9,19,3,3,2,2,0,0,1,0,0,0,0,0,13.23987967,52.54295919
11,11501339,2020,9,14,5,2,0,7,0,1,0,0,0,1,0,0,13.52701016,52.49207539
11,11501238,2020,9,10,7,3,9,1,0,0,1,0,0,0,0,1,13.47593991,52.50113501
11,11300722,2020,9,12,3,3,5,3,0,1,1,0,0,0,0,0,13.4732607,52.52299149
1,1400940,2020,9,17,4,3,5,3,0,1,1,0,0,0,0,0,13.35604741,52.55955525
5,5400942,2020,9,10,6,3,2,6,0,0,1,0,0,0,1,1,13.15845508,52.4625741
8,8401246,2020,9,10,2,3,5,2,0,0,1,0,0,0,0,0,13.50578613,52.41849633
10,10400938,2020,9,12,4,2,0,1,0,0,0,0,1,0,0,0,13.64506089,52.52494459
6,6100206,2020,9,9,4,3,5,2,0,1,1,0,0,0,0,0,13.33876334,52.44895796
3,3200205,2020,9,17,5,3,5,3,0,1,1,0,0,0,0,0,13.40271169,52.58550442
6,6200421,2020,9,21,1,3,8,1,2,0,1,0,0,0,0,1,13.31220254,52.43043396
8,8200622,2020,9,16,3,2,0,6,0,0,1,0,1,0,0,0,13.43462288,52.46218325
9,9502043,2020,9,20,6,3,3,6,2,1,1,0,0,0,0,0,13.55411473,52.46714216
2,2400522,2020,9,9,3,3,1,5,0,1,1,0,0,0,0,0,13.44373245,52.5252878
2,2300417,2020,9,18,4,3,5,2,0,1,1,0,0,0,0,0,13.42005857,52.49645399
3,3300413,2020,9,8,6,3,2,6,0,0,1,0,0,0,0,1,13.48219615,52.61060875
4,4400832,2020,9,14,4,3,6,4,0,0,1,1,0,0,0,0,13.29445453,52.4740409
4,4501041,2020,9,11,2,3,0,4,0,0,1,1,0,0,0,0,13.31966783,52.50171628
12,12200309,2020,9,13,4,2,1,5,0,1,1,0,0,0,0,0,13.32436919,52.56500984
3,3500934,2020,9,8,4,3,5,3,0,1,1,0,0,0,0,0,13.44169272,52.55003083
7,7400720,2020,9,17,4,2,5,3,0,0,1,0,0,0,0,0,13.37460173,52.48123344
4,4200308,2020,9,8,6,3,2,6,0,0,1,0,0,1,1,1,13.25715248,52.52225078
1,1100416,2020,9,14,2,3,1,5,0,1,1,0,0,0,0,0,13.40631439,52.5365636
8,8401241,2020,9,7,4,3,0,3,0,0,1,0,1,0,0,0,13.47986872,52.42838706
4,4501146,2020,9,8,4,3,1,5,0,1,1,0,0,0,0,0,13.31965984,52.48410913
9,9200510,2020,9,14,5,3,5,2,0,1,1,0,0,0,0,0,13.50859548,52.46371106
3,3601142,2020,9,13,1,3,0,7,0,0,1,0,1,0,0,0,13.40444062,52.54061599
6,6100204,2020,9,10,3,3,1,5,0,1,1,0,0,0,0,0,13.34988147,52.45172776
9,9200512,2020,9,23,6,2,0,1,2,0,0,0,1,0,0,0,13.5422783,52.45775337
2,2100104,2020,9,8,3,3,0,2,0,1,1,0,0,0,0,0,13.41044621,52.50379668
3,3400725,2020,9,8,4,3,4,6,0,1,0,0,0,0,0,0,13.42944969,52.5863733
10,10100315,2020,9,5,6,3,9,1,2,0,1,0,0,0,1,1,13.57134071,52.54592196
2,2200210,2020,9,14,4,3,6,7,0,0,1,1,0,0,0,0,13.38875137,52.49256694
9,9300920,2020,9,6,2,3,1,7,1,0,1,0,0,0,0,0,13.54393486,52.41731996
2,2500727,2020,9,12,4,3,5,7,0,1,1,0,0,0,0,0,13.46079722,52.51649484
5,5100316,2020,9,15,5,3,3,6,0,0,1,0,0,0,0,0,13.20417183,52.54051103
3,3601244,2020,9,20,7,3,5,3,2,0,1,0,0,0,0,1,13.42622018,52.54855656
5,5200423,2020,9,8,3,3,2,6,0,0,1,0,1,0,0,0,13.15833665,52.5330563
3,3300517,2020,9,8,4,3,1,3,0,1,1,0,0,0,0,0,13.47191461,52.57079334
10,10400938,2020,9,12,5,3,5,3,0,1,1,0,0,0,0,0,13.63029337,52.52444613
8,8200831,2020,9,6,1,3,1,7,1,0,1,0,0,0,1,0,13.40825964,52.42667382
2,2500832,2020,9,14,3,2,6,4,0,0,1,1,0,0,0,0,13.47384965,52.51009021
1,1100102,2020,9,18,6,3,5,2,0,1,1,0,0,0,0,1,13.37134482,52.51114867
3,3701554,2020,9,7,3,3,5,2,0,1,1,0,0,0,0,0,13.41229827,52.53114757
2,2200208,2020,9,8,4,3,5,2,0,1,1,0,0,0,0,0,13.38867884,52.49418264
10,10200423,2020,9,13,6,3,0,7,0,0,0,0,1,0,0,1,13.62640254,52.53955647
8,8100521,2020,9,14,4,2,5,2,0,0,1,0,1,1,0,0,13.46738337,52.46278449
11,11300620,2020,9,5,2,3,2,2,1,0,1,0,0,0,0,1,13.47611958,52.53288927
4,4400727,2020,9,9,4,3,1,7,0,0,1,0,0,0,0,0,13.29908674,52.4872158
7,7601443,2020,9,18,5,3,5,3,1,0,1,0,0,0,0,0,13.41607663,52.39834972
1,1300836,2020,9,12,7,3,5,3,0,1,1,0,0,0,0,1,13.37937199,52.54016654
7,7100102,2020,9,23,3,2,6,4,2,1,0,1,0,0,0,0,13.35268547,52.4992448
7,7200414,2020,9,7,4,3,3,6,0,1,1,0,0,0,0,0,13.36471561,52.48509298
4,4500937,2020,9,7,4,2,5,3,0,0,1,0,0,0,0,0,13.2913398,52.49713812
2,2100102,2020,9,14,6,3,1,5,0,1,1,0,0,0,0,1,13.39465498,52.5069775
1,1100308,2020,9,9,2,3,2,6,0,1,1,0,0,0,0,0,13.38160304,52.52384105
9,9301228,2020,9,6,4,2,7,7,1,0,0,0,1,0,0,0,13.67434993,52.37132157
1,1100102,2020,9,17,5,3,5,7,0,1,1,0,0,0,0,0,13.37196275,52.51956951
3,3100101,2020,9,16,4,1,5,2,0,0,1,0,1,0,0,0,13.47948793,52.64369854
4,4501149,2020,9,16,6,3,1,7,0,0,1,0,0,0,0,0,13.3226357,52.48796075
11,11401137,2020,9,10,2,2,5,3,0,1,1,0,0,0,0,0,13.51653696,52.50554915
7,7300619,2020,9,7,3,3,0,2,0,1,0,0,0,0,1,0,13.35974568,52.47528489
6,6300629,2020,9,12,6,3,5,3,0,0,1,0,0,0,0,1,13.3077104,52.44968125
3,3500934,2020,9,18,2,3,1,5,0,1,0,0,0,0,1,0,13.43149029,52.55403521
1,1200628,2020,9,7,3,3,2,6,1,1,0,0,0,0,1,0,13.35988864,52.52352043
1,1100103,2020,9,13,5,3,5,3,0,0,1,0,0,0,0,0,13.35219677,52.50549995
5,5300736,2020,9,8,7,3,9,1,0,0,1,0,0,0,0,1,13.22159787,52.53704473
4,4400835,2020,9,11,3,2,0,7,0,1,0,0,0,0,0,0,13.31496666,52.47205669
2,2200210,2020,9,9,3,3,5,2,0,1,1,0,0,0,0,0,13.40199482,52.49258507
12,12100204,2020,9,9,6,3,5,2,0,1,0,0,0,0,1,1,13.3514951,52.56207756
9,9200511,2020,9,7,4,3,5,2,0,1,1,0,0,0,0,0,13.52103678,52.46081456
8,8200623,2020,9,14,3,3,5,2,0,1,1,0,0,0,0,0,13.45195771,52.45253175
7,7100205,2020,9,17,5,3,6,6,0,1,0,1,0,0,0,0,13.36728254,52.49342721
9,9501939,2020,9,20,1,3,1,5,2,0,1,0,0,0,0,1,13.57578915,52.45415635
7,7601547,2020,9,16,3,3,5,3,0,0,1,0,0,0,0,0,13.40603186,52.38196853
8,8100418,2020,9,16,1,3,3,6,0,1,1,0,0,0,0,0,13.4481258,52.47811749
12,12400723,2020,9,17,3,3,5,3,0,0,1,0,0,0,1,0,13.31034431,52.62471133
2,2500830,2020,9,13,5,3,5,3,0,0,1,0,1,0,0,0,13.45781905,52.51276575
4,4300412,2020,9,13,7,3,6,4,0,0,1,1,0,0,0,1,13.28642003,52.518793
11,11501341,2020,9,16,3,3,2,3,0,1,0,0,1,0,0,0,13.52164353,52.47520989
6,6200421,2020,9,17,3,3,0,5,1,0,1,0,0,0,0,0,13.31811906,52.43391626
2,2100101,2020,9,7,6,3,5,3,0,0,1,0,1,0,0,1,13.38660341,52.50094709
8,8100312,2020,9,14,2,3,6,7,0,0,1,1,0,0,0,0,13.43164501,52.48591096
4,4501040,2020,9,8,4,3,5,3,0,1,0,0,1,0,0,0,13.31178811,52.50040821
6,6400844,2020,9,16,3,2,5,2,0,1,1,0,0,0,0,0,13.28851453,52.45804163
5,5100316,2020,9,16,5,2,6,7,0,0,1,1,0,0,0,0,13.19723914,52.54099406
4,4500939,2020,9,12,1,2,5,3,0,0,1,0,0,0,0,0,13.31067537,52.48920432
6,6200423,2020,9,15,3,3,3,6,0,0,1,0,0,1,0,0,13.32078328,52.41155693
10,10400941,2020,9,15,6,2,0,3,0,1,1,0,0,0,0,1,13.614672,52.4936406
8,8100104,2020,9,8,3,3,5,3,0,1,1,0,0,0,0,0,13.43112515,52.46782598
6,6100208,2020,9,15,3,3,3,6,0,0,1,0,0,0,0,0,13.33235431,52.45494046
4,4300416,2020,9,5,6,3,5,3,2,1,1,0,0,0,0,1,13.30310144,52.50552375
3,3400620,2020,9,14,4,3,5,3,0,0,1,0,0,0,0,0,13.3897306,52.57430792
1,1100415,2020,9,7,6,3,0,1,0,1,0,0,0,0,0,1,13.39900144,52.53243679
10,10200420,2020,9,9,3,3,5,2,0,0,1,0,1,0,0,0,13.60133095,52.53575939
4,4400727,2020,9,15,3,3,1,5,0,0,1,0,0,0,0,0,13.28649815,52.48019605
9,9502043,2020,9,7,6,2,5,3,1,0,1,0,1,0,0,1,13.55329528,52.46960049
5,5100101,2020,9,13,4,3,5,3,0,1,1,0,0,0,0,0,13.19682226,52.56296434
1,1200522,2020,9,15,2,3,6,7,0,1,0,1,0,0,0,0,13.33602572,52.52278839
1,1100310,2020,9,13,4,3,0,4,0,0,0,1,1,0,0,0,13.40894564,52.5241718
9,9200717,2020,9,16,5,3,5,3,0,0,0,0,1,0,0,0,13.55294184,52.43959072
1,1200522,2020,9,23,7,3,5,2,2,1,1,0,0,0,0,1,13.33937581,52.52572468
6,6400838,2020,9,13,3,3,2,6,0,0,1,0,0,0,0,0,13.23015336,52.43821133
11,11400927,2020,9,10,5,3,3,6,0,0,1,0,1,0,0,0,13.47551781,52.50263989
11,11200514,2020,9,17,6,3,6,4,2,0,1,1,0,0,0,1,13.49542101,52.53602226
4,4300623,2020,9,15,2,3,5,2,0,1,1,0,0,0,0,0,13.31405449,52.50635011
4,4200308,2020,9,14,3,2,0,7,0,1,0,0,0,0,0,0,13.27235307,52.52835523
4,4500937,2020,9,13,6,3,5,2,0,0,1,0,0,0,0,1,13.30024659,52.49880501
6,6100205,2020,9,13,4,3,5,3,0,1,1,0,0,0,0,0,13.33991223,52.45095368
11,11300721,2020,9,19,2,2,5,3,1,1,1,0,0,0,0,0,13.49649848,52.53402266
1,1300834,2020,9,12,3,3,5,3,0,0,1,0,0,0,0,0,13.39289025,52.54532901
11,11200410,2020,9,10,5,3,5,3,0,0,1,0,0,0,0,0,13.50034734,52.56142559
7,7601544,2020,9,18,5,2,5,2,0,0,1,0,0,0,0,0,13.4067778,52.39376831
1,1100102,2020,9,12,7,3,0,1,0,0,0,0,0,0,1,1,13.36813436,52.50896871
7,7400823,2020,9,12,3,3,2,7,0,0,0,0,1,0,1,0,13.37365582,52.46029858
2,2200213,2020,9,20,2,3,2,2,2,0,1,0,0,0,1,0,13.41732433,52.49072083
7,7100205,2020,9,11,4,3,0,2,0,0,1,0,0,0,1,0,13.36120643,52.49423039
1,1100311,2020,9,9,5,3,5,2,0,1,1,0,0,0,0,0,13.41822809,52.51735578
3,3500934,2020,9,22,5,3,5,3,2,0,1,0,1,0,0,0,13.43163183,52.55215202
4,4501148,2020,9,19,7,2,5,2,2,0,1,0,0,0,0,1,13.32024058,52.47879894
1,1100309,2020,9,21,3,3,3,6,2,1,1,0,0,0,0,0,13.40136704,52.52958586
7,7601545,2020,9,14,3,3,6,2,0,0,1,1,0,0,0,0,13.41232936,52.39005524
3,3601449,2020,9,13,3,2,5,3,0,1,0,0,0,0,1,0,13.44521378,52.54245834
1,1100101,2020,9,12,6,3,5,3,0,0,1,0,1,0,0,1,13.34963787,52.50854517
12,12400721,2020,9,16,2,3,5,3,0,1,1,0,0,0,0,0,13.28652783,52.64129739
8,8301036,2020,9,14,3,3,5,3,0,0,1,0,0,0,0,0,13.46217919,52.42242277
1,1200517,2020,9,12,6,3,2,6,0,0,1,0,0,0,0,0,13.33191522,52.53997831
1,1100308,2020,9,17,2,3,2,6,0,0,1,0,0,0,1,0,13.37647365,52.53584982
2,2100106,2020,9,20,3,2,6,4,2,0,1,1,0,0,0,0,13.40093059,52.49829636
9,9100203,2020,9,8,5,3,5,2,0,0,1,0,0,0,0,0,13.47494902,52.47412564
7,7601545,2020,9,7,5,3,5,2,0,1,1,0,0,0,0,0,13.41247231,52.39214181
11,11400927,2020,9,14,7,2,5,1,0,0,1,0,1,0,0,1,13.47280082,52.50492648
11,11501340,2020,9,9,3,3,3,6,0,1,1,0,0,0,0,0,13.52540242,52.48211237
1,1100206,2020,9,14,3,2,5,3,0,1,1,0,0,0,0,0,13.38665082,52.51183818
1,1100102,2020,9,8,6,3,2,6,0,0,1,0,0,0,0,1,13.35111883,52.51516548
6,6400838,2020,9,13,3,3,5,3,0,0,1,0,0,0,0,0,13.23378131,52.4387094
9,9200818,2020,9,14,6,3,2,6,0,0,1,0,0,1,0,1,13.55849187,52.45279653
6,6400737,2020,9,10,2,3,5,2,0,1,1,0,0,0,0,0,13.22409543,52.42949203
3,3400722,2020,9,13,4,3,1,5,0,1,1,0,0,0,0,0,13.40862627,52.57169896
9,9501941,2020,9,13,3,3,5,2,0,1,1,0,0,0,0,0,13.5935192,52.45294458
8,8100521,2020,9,17,5,3,0,4,0,1,0,1,0,0,0,0,13.47210285,52.46025504
8,8100419,2020,9,17,1,2,1,5,0,1,1,0,0,0,0,0,13.45555922,52.48372501
1,1200629,2020,9,11,3,3,1,5,0,1,1,0,0,0,0,0,13.34691496,52.5197205
8,8200832,2020,9,8,5,3,6,4,0,0,1,1,0,0,0,0,13.43815461,52.4176219
2,2200209,2020,9,12,5,2,5,2,0,1,1,0,0,0,0,0,13.38662037,52.49007815
9,9501940,2020,9,12,7,3,5,2,0,0,1,0,0,0,0,1,13.58062187,52.45674634
4,4501042,2020,9,9,3,3,2,6,0,0,1,0,1,0,0,1,13.33143035,52.50435708
7,7601544,2020,9,12,3,3,1,7,0,0,1,0,0,0,0,0,13.40529045,52.38666231
12,12200307,2020,9,14,6,3,3,6,0,0,1,0,0,0,0,1,13.32982821,52.56926852
6,6200421,2020,9,13,4,3,5,2,0,0,1,0,1,0,0,0,13.31435179,52.42397604
6,6300525,2020,9,7,2,3,6,4,0,1,0,1,0,0,0,0,13.26833649,52.40631058
7,7501032,2020,9,13,4,3,5,3,0,1,1,0,0,0,0,0,13.40694662,52.44455332
8,8100419,2020,9,12,3,3,5,3,0,1,1,0,0,0,0,0,13.45415082,52.4826686
5,5100316,2020,9,22,5,3,1,5,2,0,1,0,0,0,1,0,13.20819406,52.53871796
8,8200833,2020,9,6,1,3,5,2,0,0,1,0,0,0,0,0,13.44248161,52.42319314
1,1200520,2020,9,14,3,3,5,2,0,0,1,0,0,0,0,0,13.34334827,52.53174473
10,10400837,2020,9,15,2,3,5,3,0,0,1,0,0,0,0,0,13.5813508,52.50440864
10,10200629,2020,9,7,4,3,2,2,0,1,1,0,0,0,0,0,13.5872049,52.52059019
12,12200515,2020,9,11,3,2,5,2,0,1,1,0,0,0,0,0,13.28037797,52.59425446
1,1400938,2020,9,17,5,3,5,3,0,0,1,0,0,0,1,0,13.34224865,52.55005925
1,1300732,2020,9,16,1,3,6,4,0,0,1,1,0,0,0,0,13.38748429,52.56020656
9,9200819,2020,9,16,3,3,5,3,0,1,1,0,0,0,0,0,13.56347379,52.44563502
2,2200208,2020,9,23,6,3,5,3,2,0,1,0,0,0,0,0,13.38472659,52.49671831
7,7100205,2020,9,8,3,3,4,6,0,1,0,0,0,0,0,0,13.36106973,52.49443423
1,1200628,2020,9,11,3,3,5,2,0,1,1,0,0,0,0,0,13.35709624,52.52354578
4,4300622,2020,9,6,6,3,5,2,2,1,0,0,0,0,1,1,13.31729952,52.51216158
2,2100104,2020,9,17,4,3,6,7,0,0,0,1,0,0,1,0,13.411618,52.50337787
7,7100205,2020,9,6,2,3,6,2,0,0,1,1,0,0,0,0,13.36116722,52.49442586
4,4300622,2020,9,12,4,3,2,6,0,0,1,0,0,0,0,0,13.32233901,52.51317442
9,9501737,2020,9,17,4,3,2,6,0,0,1,0,0,0,0,0,13.62549999,52.45719771
6,6300526,2020,9,16,5,3,2,2,0,1,1,0,0,0,0,0,13.25918156,52.4308065
3,3601142,2020,9,20,7,3,0,3,2,0,1,0,1,0,0,1,13.40814901,52.54143966
11,11200514,2020,9,15,3,2,1,5,0,0,1,0,0,0,1,0,13.49065809,52.53641541
2,2500830,2020,9,16,4,2,5,2,0,1,1,0,0,0,0,0,13.4577648,52.51275789
2,2100106,2020,9,16,6,3,6,7,0,0,1,1,0,0,0,0,13.41616057,52.4968695
10,10100206,2020,9,17,2,2,2,6,0,0,1,0,1,0,0,0,13.57147461,52.55545553
3,3601141,2020,9,18,6,2,9,1,1,1,0,0,0,0,0,0,13.40734094,52.55429152
6,6400841,2020,9,7,3,3,5,3,0,1,1,0,0,0,0,0,13.26263727,52.43926905
8,8200730,2020,9,10,3,2,6,2,0,0,1,1,0,0,0,0,13.44763438,52.43695119
4,4501042,2020,9,13,6,3,5,2,0,0,1,0,1,0,0,1,13.33236379,52.50628088
1,1300836,2020,9,13,4,3,5,3,0,0,1,0,0,0,0,0,13.37938317,52.54019568
5,5100316,2020,9,5,2,3,6,7,2,1,0,1,0,0,0,1,13.18281273,52.53837541
2,2400625,2020,9,9,4,3,5,2,0,1,0,0,1,0,0,0,13.44085291,52.51331556
6,6100103,2020,9,14,5,3,1,5,0,1,1,0,0,0,0,0,13.32130139,52.46419645
1,1401043,2020,9,15,7,3,6,2,0,0,1,1,0,0,0,1,13.36798167,52.54629626
8,8100520,2020,9,7,3,3,3,6,0,0,0,0,1,1,0,1,13.46655904,52.4713593
6,6200423,2020,9,10,3,3,0,1,0,1,0,0,0,0,0,0,13.33775272,52.41145924
1,1200520,2020,9,10,3,3,0,2,0,0,1,0,0,0,1,0,13.34308579,52.52624092
2,2500834,2020,9,10,6,3,5,2,0,1,1,0,0,0,0,1,13.45882062,52.50654194
8,8401246,2020,9,15,2,3,5,3,0,1,1,0,0,0,0,0,13.50508414,52.41220595
7,7501031,2020,9,9,3,3,5,2,0,1,0,0,0,0,1,0,13.40779014,52.45251408
1,1100205,2020,9,6,5,3,5,3,1,1,1,0,0,0,0,0,13.37644274,52.51009282
6,6100205,2020,9,19,1,3,6,2,2,0,1,1,0,0,0,1,13.34698009,52.45007447
1,1200521,2020,9,17,3,3,6,4,0,1,0,1,0,0,0,0,13.3305009,52.5270142
12,12200414,2020,9,16,4,3,5,2,0,1,1,0,0,0,0,0,13.30671947,52.55517033
1,1200522,2020,9,13,5,2,6,7,0,1,0,1,0,0,0,0,13.33650062,52.52014442
4,4300619,2020,9,17,3,3,0,7,0,1,1,0,0,0,0,0,13.31618931,52.51595899
2,2200210,2020,9,12,6,3,5,2,0,1,0,0,0,0,0,1,13.40193931,52.49261944
1,1300733,2020,9,18,2,3,2,6,1,0,1,0,0,0,0,0,13.38539894,52.55027533
7,7501029,2020,9,18,3,3,3,6,0,1,1,0,0,0,0,0,13.37569826,52.44378231
3,3601244,2020,9,14,5,3,5,3,0,0,1,0,0,0,1,0,13.42741554,52.55241015
9,9200819,2020,9,8,7,3,0,1,0,0,0,0,1,0,0,1,13.57048169,52.44068313
5,5100316,2020,9,19,3,3,0,6,2,0,1,0,1,0,0,0,13.20313931,52.53990046
1,1100102,2020,9,17,3,3,5,3,0,0,1,0,0,0,0,0,13.37446124,52.50637833
10,10300733,2020,9,10,6,3,2,7,0,0,1,0,1,0,0,1,13.55300855,52.50859815
6,6400842,2020,9,8,2,3,5,3,0,1,1,0,0,0,0,0,13.27811538,52.46848298
9,9200715,2020,9,0,4,3,9,7,2,0,1,0,0,0,0,0,13.53882755,52.43432742
2,2100101,2020,9,17,3,3,5,2,0,1,1,0,0,0,0,0,13.38771116,52.50327601
7,7200409,2020,9,17,5,3,5,3,0,1,0,0,0,0,0,0,13.34805298,52.48540007
8,8200622,2020,9,21,1,2,2,6,2,0,1,0,0,0,0,0,13.43489413,52.46140495
1,1200628,2020,9,16,3,2,5,3,0,0,1,0,0,0,0,0,13.35969358,52.52344828
6,6400843,2020,9,9,6,3,2,6,0,0,1,0,0,0,0,1,13.30002278,52.45506432
2,2200210,2020,9,10,3,3,0,5,0,1,1,0,0,0,0,0,13.40299386,52.48999042
4,4300416,2020,9,17,3,3,3,6,0,0,0,0,0,0,1,0,13.3018854,52.50995471
8,8100314,2020,9,13,7,3,2,6,0,1,1,0,0,0,0,1,13.4375418,52.48121823
3,3500933,2020,9,19,3,2,5,3,2,1,0,0,1,0,0,0,13.45997075,52.55695127
9,9200819,2020,9,17,3,3,5,2,0,1,0,0,1,0,0,0,13.56193585,52.43675796
1,1100205,2020,9,8,6,3,5,3,0,1,1,0,0,0,0,1,13.37643871,52.51009258
4,4501150,2020,9,7,2,3,6,4,0,1,0,1,0,0,0,1,13.32919973,52.48624698
3,3200207,2020,9,7,4,3,5,3,0,1,1,0,0,0,0,0,13.40628687,52.58834981
7,6100210,2020,9,1,3,2,9,1,2,0,1,0,0,0,0,0,13.34775077,52.45921508
8,8100416,2020,9,16,5,3,2,6,0,0,1,0,1,0,0,0,13.43985588,52.47591437
11,11200411,2020,9,14,1,2,5,3,0,1,1,0,0,0,0,0,13.5118283,52.55064087
1,1200626,2020,9,15,3,3,5,2,0,1,1,0,0,0,0,0,13.3423218,52.52418741
4,4100102,2020,9,15,4,3,5,3,0,1,1,0,0,0,0,0,13.30397554,52.53949017
1,1100311,2020,9,13,6,3,1,5,0,1,1,0,0,0,0,1,13.42007527,52.51730162
12,12400616,2020,9,8,3,3,5,3,0,0,1,0,0,0,0,0,13.22609696,52.58721663
2,2100106,2020,9,17,3,3,6,4,0,0,1,1,0,0,0,0,13.4176417,52.49885366
3,3100103,2020,9,14,6,3,0,7,0,0,0,0,0,0,1,1,13.50021481,52.63284933
2,2300417,2020,9,13,4,3,6,2,0,0,1,1,0,0,0,0,13.42874262,52.49387285
6,6100209,2020,9,11,2,3,1,5,0,0,1,0,0,0,0,0,13.33464452,52.46092459
1,1401049,2020,9,11,4,3,5,2,0,1,0,0,0,0,1,0,13.36571346,52.55713205
7,7200308,2020,9,15,5,3,4,5,0,1,1,0,0,0,0,0,13.35057346,52.47958092
1,1100205,2020,9,7,6,2,5,2,0,1,1,0,0,0,0,1,13.37703864,52.5124555
2,2400623,2020,9,12,4,3,6,4,0,0,1,1,0,0,0,0,13.43168449,52.51518043
4,4501042,2020,9,12,2,3,2,6,0,0,1,0,0,0,0,0,13.33183994,52.50400172
4,4300622,2020,9,13,4,3,3,6,0,1,1,0,0,0,0,0,13.32818403,52.50555305
9,9301126,2020,9,16,5,3,5,2,0,0,1,0,0,0,0,0,13.57432305,52.41386541
1,1200522,2020,9,23,7,3,6,2,2,0,1,1,0,0,0,1,13.32976393,52.52392817
5,5100317,2020,9,14,3,3,2,6,0,0,1,0,0,0,0,0,13.22750089,52.52854436
11,11300617,2020,9,17,6,3,5,3,0,0,1,0,0,0,0,0,13.47151001,52.53208058
10,10200418,2020,9,15,2,3,5,7,0,0,1,0,0,0,1,0,13.5849008,52.53953473
6,6400844,2020,9,16,3,3,2,6,0,1,0,0,0,0,1,0,13.28844601,52.45822003
6,6200421,2020,9,13,6,3,2,6,0,0,1,0,0,0,1,0,13.31101361,52.42140922
12,12601235,2020,9,12,4,3,2,6,0,0,1,0,0,0,1,0,13.36274023,52.59703244
9,9100409,2020,9,20,2,3,9,1,2,0,0,0,1,0,0,0,13.50385824,52.43669611
7,7100103,2020,9,8,4,3,3,5,0,1,1,0,0,0,0,0,13.35686933,52.49452475
11,11100204,2020,9,18,5,3,5,3,0,1,1,0,0,0,0,0,13.52416549,52.56460487
1,1100311,2020,9,18,7,3,3,6,1,0,1,0,1,0,0,1,13.41561356,52.52059838
5,5200629,2020,9,12,3,3,6,2,0,0,1,1,0,0,0,0,13.19818734,52.53303587
8,8200831,2020,9,16,3,3,5,2,0,1,1,0,0,0,0,0,13.40696283,52.41584725
1,1100416,2020,9,10,6,3,2,6,0,0,1,0,0,0,0,1,13.39669193,52.53736754
10,10100209,2020,9,11,2,3,5,5,0,0,1,0,0,0,0,0,13.5693927,52.55058674
4,4300517,2020,9,19,7,3,5,3,2,0,1,0,0,0,0,1,13.30371471,52.52560613
1,1200520,2020,9,8,3,3,0,6,0,1,0,0,0,0,0,0,13.34322467,52.53181786
1,1100207,2020,9,16,3,3,0,3,0,1,1,0,0,0,0,0,13.40021877,52.50950305
2,2200208,2020,9,14,3,3,5,2,0,1,1,0,0,0,0,0,13.38783859,52.49276699
2,2100106,2020,9,14,6,3,3,6,0,1,0,0,0,0,0,1,13.41215034,52.49871256
11,11200513,2020,9,7,2,3,6,4,0,0,1,1,0,0,0,0,13.48699242,52.53797818
2,2300419,2020,9,16,3,3,5,7,0,0,1,0,0,0,0,0,13.44718327,52.49825219
12,12100102,2020,9,12,6,2,5,3,0,0,1,0,1,0,0,1,13.37741486,52.57130574
4,4501042,2020,9,17,2,3,5,2,0,0,1,0,1,0,0,0,13.33921964,52.50313903
1,1401045,2020,9,20,3,3,5,7,2,0,1,0,0,0,0,0,13.37964395,52.55293861
2,2500830,2020,9,12,5,3,0,1,0,1,1,0,0,0,0,0,13.45602898,52.51337719
8,8100314,2020,9,15,7,3,2,6,0,0,1,0,0,0,0,1,13.43754256,52.48121835
1,1100311,2020,9,9,3,2,2,2,0,0,1,0,0,0,0,0,13.42054011,52.51764064
9,9200512,2020,9,16,3,3,2,6,0,0,1,0,0,0,0,0,13.54523245,52.45715172
3,3400828,2020,9,9,6,3,5,3,0,0,1,0,1,0,0,1,13.42223513,52.55988278