BEZ,LOR_ab_2021,UJAHR,UMONAT,USTUNDE,UWOCHENTAG,UKATEGORIE,UART,UTYP1,ULICHTVERH,IstRad,IstPKW,IstFuss,IstKrad,IstGkfz,IstSonstige,USTRZUSTAND,XGCSWGS84,YGCSWGS84
7,7601443,2020,9,6,4,3,5,3,0,0,1,0,0,0,0,0,13.41109754,52.40015541
1,1100102,2020,9,18,3,3,2,6,0,0,1,0,0,0,0,0,13.35180585,52.50962617
2,2400623,2020,9,17,5,3,6,4,0,0,1,1,0,0,0,0,13.43173558,52.51517382
6,6300526,2020,9,14,4,3,0,4,0,0,0,1,0,0,1,0,13.26001226,52.43411694
1,1300733,2020,9,18,3,3,5,3,0,0,1,0,1,0,0,0,13.39212961,52.55420547
4,4300622,2020,9,18,5,3,3,6,0,1,1,0,0,0,0,0,13.32607653,52.50920497
8,8200832,2020,9,13,1,3,0,5,0,1,0,0,0,0,1,0,13.42872502,52.42110045
8,8100415,2020,9,17,3,3,2,6,0,0,1,0,1,0,0,0,13.44350494,52.48010992
1,1300834,2020,9,13,5,3,5,7,0,0,0,0,1,0,1,0,13.39526162,52.53911282
1,1401049,2020,9,13,7,3,2,6,0,0,1,0,0,0,0,1,13.36387096,52.55640775
8,8401243,2020,9,17,3,3,1,5,0,1,1,0,0,0,0,0,13.49258499,52.42001046
6,6400840,2020,9,15,3,3,5,2,0,0,1,0,0,0,0,0,13.25110649,52.44998683
1,1300836,2020,9,7,6,3,2,6,0,0,1,0,0,0,0,1,13.37931396,52.54053369
1,1300733,2020,9,13,2,2,6,4,0,0,0,1,0,0,1,0,13.38545156,52.55024393
4,4300623,2020,9,2,4,3,5,3,2,1,1,0,0,0,0,0,13.31385456,52.50615836
8,8200624,2020,9,18,3,3,2,2,0,0,1,0,1,0,0,0,13.43705627,52.45267464
2,2200209,2020,9,16,5,3,2,6,0,0,1,0,0,0,0,0,13.37660046,52.48572695
6,6300633,2020,9,10,1,3,5,3,0,1,1,0,0,0,0,0,13.31562781,52.44163655
2,2300316,2020,9,15,3,3,5,3,0,1,0,0,0,0,0,0,13.44434773,52.50075298
1,1100102,2020,9,19,6,3,2,6,2,0,1,0,0,0,0,1,13.3660029,52.50582142
4,4300518,2020,9,8,3,3,5,2,0,1,0,0,0,1,0,0,13.30653204,52.52879239
1,1100102,2020,9,18,1,3,5,2,1,1,1,0,0,0,0,1,13.37190639,52.50899952
9,9100101,2020,9,16,3,3,5,2,0,1,1,0,0,0,0,0,13.4565736,52.48711554
4,4200311,2020,9,9,6,3,5,2,0,1,0,0,0,1,0,1,13.27344124,52.49997271
7,7300517,2020,9,8,3,3,2,6,0,0,1,0,0,1,0,0,13.32887112,52.47157953
9,9200613,2020,9,18,3,2,0,1,0,0,0,0,1,0,0,0,13.50273092,52.46032716
1,1200629,2020,9,6,6,3,5,3,1,0,1,0,0,0,0,1,13.33971761,52.51891102
1,1100206,2020,9,21,4,2,2,2,2,1,0,0,0,0,0,0,13.38043848,52.51808883
12,12200309,2020,9,12,2,2,5,7,0,0,1,0,1,0,0,0,13.32862075,52.56242066
1,1300834,2020,9,12,4,3,3,6,0,0,0,0,1,0,1,0,13.39739274,52.53865497
7,7100102,2020,9,15,4,3,2,6,0,0,1,0,1,0,0,0,13.34748445,52.50131179
4,4501043,2020,9,12,5,3,5,3,0,1,1,0,0,0,0,0,13.3148964,52.49419585
1,1100101,2020,9,21,7,3,2,5,2,0,1,0,0,0,0,1,13.33964059,52.50525611
8,8200726,2020,9,15,3,3,5,3,0,1,1,0,0,0,0,0,13.43330933,52.44490376
1,1300835,2020,9,15,4,3,2,7,0,1,1,0,0,0,0,0,13.38377402,52.53653046
2,2500831,2020,9,16,6,2,6,4,0,0,1,1,0,0,0,0,13.46748023,52.5096296
5,5300841,2020,9,20,2,3,0,7,2,1,0,0,0,0,0,0,13.2716733,52.53599761
4,4300412,2020,9,17,3,3,1,5,0,1,1,0,0,0,0,0,13.28451582,52.51858751
1,1400938,2020,9,13,6,3,5,2,0,1,1,0,0,0,0,1,13.3424521,52.54524727
4,4501042,2020,9,18,2,3,1,5,1,1,1,0,0,0,0,0,13.33407337,52.50431777
3,3500934,2020,9,7,3,3,0,7,0,1,0,1,0,0,0,0,13.44347229,52.55437456
6,6100208,2020,10,21,6,3,5,7,2,0,1,0,0,0,0,0,13.33842439,52.45282445
11,11400929,2020,10,16,4,3,0,1,0,1,0,0,0,0,0,1,13.49121518,52.50133204
1,1400942,2020,10,18,3,2,5,2,0,0,1,0,0,0,1,0,13.34385028,52.54633449
8,8100314,2020,10,18,3,3,5,3,2,0,1,0,0,0,1,1,13.42905465,52.48539214
2,2100101,2020,10,16,6,3,2,6,0,0,1,0,0,0,0,0,13.38602532,52.50651884
10,10200418,2020,10,17,4,3,1,5,0,0,1,0,0,0,1,0,13.58873399,52.5451481
6,6100101,2020,10,16,6,3,4,6,0,0,1,0,1,0,0,0,13.31875307,52.45760447
1,1100308,2020,10,13,3,2,5,3,0,0,0,0,1,0,0,0,13.38764487,52.52397279
1,1100101,2020,10,19,7,3,0,1,2,0,0,0,0,0,1,0,13.35155569,52.5094323
3,3100101,2020,10,17,3,3,5,2,1,1,1,0,0,0,0,0,13.45044528,52.64683587
9,9100409,2020,10,20,6,2,0,1,2,1,0,0,0,0,0,0,13.51495655,52.44591331
7,7501134,2020,10,13,6,3,6,4,0,0,1,1,0,0,0,0,13.40457627,52.43950863
3,3400725,2020,10,12,4,3,6,4,0,0,1,1,0,0,0,0,13.41166742,52.58230649
3,3701554,2020,10,13,3,3,5,7,0,1,1,0,0,0,0,0,13.41110822,52.53805404
3,3501037,2020,10,15,6,3,5,3,0,1,1,0,0,0,0,0,13.47152233,52.55967763
9,9502043,2020,10,7,4,3,5,3,0,0,1,0,1,0,0,0,13.55329268,52.46959418
12,12100205,2020,10,14,6,3,5,3,0,1,1,0,0,0,0,0,13.3514229,52.5693655
8,8100105,2020,10,7,4,3,2,6,0,0,1,0,0,0,1,1,13.43188121,52.46653754
8,8100314,2020,10,9,6,3,5,3,0,0,1,0,0,0,1,0,13.42404307,52.48640172
4,4200309,2020,10,14,7,2,2,6,0,1,0,0,1,0,0,0,13.2596274,52.51691273
8,8200624,2020,10,13,3,3,5,3,0,1,1,0,0,0,0,0,13.43294746,52.45245865
1,1401048,2020,10,2,6,3,0,7,2,0,1,0,0,0,0,0,13.35934089,52.54775831
8,8200832,2020,10,6,6,3,5,2,0,0,1,0,0,0,0,0,13.41686175,52.41825878
7,7501031,2020,10,11,4,3,1,7,0,0,1,0,0,0,0,0,13.39279773,52.44754654
9,9200717,2020,10,17,3,2,3,6,0,0,1,0,1,0,0,0,13.55259997,52.43045613
1,1100207,2020,10,8,6,3,5,2,0,1,1,0,0,0,0,0,13.39670904,52.51100544
1,1400937,2020,10,0,4,3,9,1,2,0,0,0,0,0,1,1,13.33764846,52.5587087
7,7100102,2020,10,7,6,3,0,1,0,0,0,0,1,0,0,0,13.34761215,52.50140417
3,3100101,2020,10,9,7,2,5,3,0,0,1,0,0,0,0,0,13.47937622,52.64360175
8,8300934,2020,10,19,5,3,8,1,1,0,1,0,0,0,0,1,13.46216594,52.43064752
1,1300731,2020,10,14,3,2,6,4,0,0,1,1,0,0,0,0,13.38681033,52.56735854
4,4500936,2020,10,18,3,3,1,5,1,1,1,0,0,0,0,0,13.30500765,52.50274197
11,11100102,2020,10,10,6,3,5,2,0,1,1,0,0,0,0,0,13.55642211,52.5703895
6,6100209,2020,10,19,4,3,2,2,2,0,1,0,0,0,1,1,13.3393324,52.46165562
2,2200210,2020,10,17,3,3,6,4,0,0,1,1,0,0,0,0,13.40378063,52.4951421
12,12100102,2020,10,13,7,3,5,3,0,0,1,0,1,0,0,0,13.36558775,52.56793409
11,11401032,2020,10,21,5,2,0,4,2,0,0,1,1,0,0,1,13.51885641,52.51328855
10,10100311,2020,10,6,3,3,0,2,0,1,1,0,0,0,0,0,13.51927827,52.53060642
5,5200632,2020,10,14,6,3,2,6,0,0,1,0,0,0,0,0,13.20517792,52.5300495
12,12100102,2020,10,8,4,3,1,5,0,1,1,0,0,0,0,0,13.37697259,52.57120324
4,4200206,2020,10,14,3,3,2,6,0,0,1,0,1,0,0,0,13.21771488,52.50872996
5,5300840,2020,10,14,6,3,5,2,0,0,1,0,0,0,0,0,13.26485675,52.53673842
8,8100313,2020,10,16,4,3,3,6,0,1,1,0,0,0,0,1,13.44806218,52.48760183
2,2400521,2020,10,19,1,3,6,4,2,0,1,1,0,0,0,0,13.43110955,52.52313954
7,7300517,2020,10,14,6,3,5,3,0,1,1,0,0,0,0,0,13.32826263,52.47715341
1,1300733,2020,10,20,6,3,1,5,2,1,1,0,0,0,0,0,13.38518342,52.55040397
6,6200311,2020,10,18,5,2,5,3,2,1,1,0,0,0,0,1,13.35951828,52.43426394
9,9502042,2020,10,17,3,3,0,1,0,1,0,0,0,0,0,1,13.5890015,52.45970189
11,11200513,2020,10,20,3,2,6,4,2,0,1,1,0,0,0,0,13.49296914,52.54435689
3,3500936,2020,10,14,6,3,5,2,0,1,1,0,0,0,0,0,13.45899364,52.55014431
7,7100101,2020,10,17,4,3,2,6,0,1,1,0,0,0,0,1,13.3418122,52.50227062
2,2400623,2020,10,14,6,3,2,6,0,0,1,0,0,0,1,0,13.42796128,52.51762033
8,8100418,2020,10,6,3,3,4,2,0,1,0,0,0,0,1,0,13.45509038,52.47924681
4,4300620,2020,10,4,1,3,5,3,2,0,1,0,0,0,0,0,13.33576482,52.51367022
2,2500833,2020,10,1,1,3,0,1,2,0,0,0,0,0,1,0,13.46029936,52.50891721
3,3400722,2020,10,13,6,3,0,3,0,1,1,0,0,0,0,0,13.40849572,52.57214427
3,3200205,2020,10,15,4,3,2,6,0,1,1,0,0,0,0,0,13.3856432,52.58312425
2,2300417,2020,10,13,1,3,0,1,0,0,0,0,1,0,0,0,13.43182533,52.49714822
2,2300419,2020,10,17,1,3,6,4,1,0,0,1,1,0,0,0,13.44533475,52.49930604
8,8100102,2020,10,13,6,3,5,7,0,0,1,0,0,0,0,0,13.41624816,52.48050321
1,1200623,2020,10,20,6,3,2,7,2,1,1,0,0,0,0,0,13.35858993,52.53464634
1,1200522,2020,10,16,4,3,3,6,0,0,1,0,1,0,0,1,13.33931177,52.52568103
9,9200819,2020,10,6,3,3,2,6,2,0,1,0,0,0,0,1,13.55925756,52.44652984
1,1100102,2020,10,9,3,3,3,6,0,0,1,0,1,0,0,0,13.34902078,52.51474176
11,11300721,2020,10,13,6,3,5,3,0,1,1,0,0,0,0,0,13.49122286,52.52654828
5,5100105,2020,10,17,4,2,2,6,1,0,1,0,0,0,0,1,13.19804653,52.5577104
7,7400824,2020,10,13,6,2,0,7,0,0,1,0,1,0,0,0,13.38554042,52.46858785
3,3601244,2020,10,17,3,3,3,6,0,1,1,0,0,0,0,0,13.42697548,52.54592649
4,4501148,2020,10,17,7,3,5,2,1,1,1,0,0,0,0,0,13.31271356,52.48042507
4,4300416,2020,10,16,3,3,4,2,1,1,1,0,0,0,0,0,13.29549635,52.5058913
11,11300721,2020,10,13,6,3,2,6,0,0,1,0,0,0,0,0,13.4970953,52.53413157
11,11501341,2020,10,16,6,3,0,7,0,1,0,0,0,0,0,0,13.50541809,52.48413362
6,6400844,2020,10,8,4,3,3,6,0,1,1,0,0,0,0,0,13.29342951,52.46730146
1,1400942,2020,10,15,3,3,5,3,0,1,1,0,0,0,0,0,13.34611386,52.54492906
2,2200208,2020,10,23,2,3,5,3,2,1,0,0,0,0,0,0,13.3892461,52.49605599
10,10400836,2020,10,12,6,3,1,7,0,0,1,0,0,0,0,0,13.58977396,52.50774954
1,1100102,2020,10,16,6,3,2,6,0,0,1,0,0,0,0,0,13.35068091,52.51262295
2,2200207,2020,10,14,4,3,0,6,0,0,0,0,1,1,0,1,13.37397193,52.50362005
5,5300736,2020,10,11,2,2,5,2,0,0,0,0,1,0,1,0,13.22882072,52.53788549
1,1100205,2020,10,12,6,3,0,1,0,0,0,1,1,0,0,0,13.37726235,52.50841237
1,1400937,2020,10,8,4,3,5,7,0,1,1,0,0,0,0,1,13.32573504,52.55853285
12,12500926,2020,10,11,6,3,1,5,0,0,1,0,0,0,0,0,13.32550164,52.59048952
2,2100106,2020,10,14,7,3,3,6,0,1,0,0,0,0,0,0,13.40440611,52.49831249
7,7200409,2020,10,7,5,3,0,7,0,1,1,0,0,0,0,0,13.34564276,52.48474859
1,1200522,2020,10,0,2,3,5,2,2,1,1,0,0,0,0,0,13.34299207,52.525463
4,4200308,2020,10,11,6,3,5,2,0,1,1,0,0,0,0,0,13.27993568,52.52048354
2,2300314,2020,10,9,4,3,5,2,0,1,1,0,0,0,0,0,13.41665462,52.50201758
1,1300733,2020,10,18,2,3,5,2,1,1,1,0,0,0,0,1,13.39024897,52.55555111
7,7100204,2020,10,21,5,3,5,3,2,1,0,0,0,0,0,0,13.35339267,52.49242007
3,3601449,2020,10,16,4,2,6,4,0,0,1,1,0,0,0,1,13.45270038,52.53924113
6,6100101,2020,10,8,5,3,0,1,0,0,0,0,1,0,0,0,13.30877398,52.46344487
11,11200411,2020,10,6,4,3,5,2,1,0,1,0,0,0,0,1,13.51000724,52.55038685
1,1400938,2020,10,13,5,3,6,7,0,0,1,1,0,0,0,0,13.34800944,52.55126719
2,2200210,2020,10,15,7,3,5,3,0,1,1,0,0,0,0,0,13.39547957,52.49686236
8,8100105,2020,10,20,5,3,2,6,2,0,1,0,0,0,0,1,13.43124144,52.46763813
9,9200717,2020,10,19,2,3,0,4,2,0,0,1,1,0,0,1,13.55456659,52.43449358
3,3500936,2020,10,17,5,3,5,3,0,1,1,0,0,0,0,0,13.4663402,52.5512732
1,1401049,2020,10,20,4,3,5,3,2,0,1,0,0,0,0,1,13.36547062,52.55681716
2,2400521,2020,10,16,2,3,5,2,0,1,0,0,0,0,1,1,13.43288304,52.51782642
9,9100409,2020,10,17,5,2,5,3,0,0,1,0,1,0,0,0,13.49840047,52.43382166
4,4300414,2020,10,15,4,3,1,5,0,1,1,0,0,0,0,0,13.29704685,52.51414589
6,6400840,2020,10,17,1,3,1,1,0,1,1,0,0,0,0,0,13.26009129,52.4450039
2,2300419,2020,10,17,5,3,1,5,0,1,1,0,0,0,0,0,13.44373088,52.4974932
4,4501042,2020,10,10,6,3,0,6,0,0,1,0,0,0,1,0,13.33201053,52.50645172
9,9401432,2020,10,9,5,1,5,2,0,1,0,0,0,1,0,0,13.59324592,52.44129326
8,8301036,2020,10,8,2,3,5,2,0,1,0,0,0,0,1,0,13.46811074,52.42763426
2,2400624,2020,10,9,3,3,1,5,0,1,1,0,0,0,0,0,13.44354902,52.51502676
5,5300737,2020,10,17,5,3,6,7,0,0,1,1,0,0,0,0,13.24060012,52.54310203
8,8100415,2020,10,22,7,3,5,3,2,1,1,0,0,0,0,0,13.43912316,52.48045416
2,2500832,2020,10,18,5,3,0,1,2,0,0,0,1,0,0,1,13.46850706,52.50697586
7,7200412,2020,10,15,2,3,0,7,0,1,0,0,0,0,0,1,13.36019656,52.47893543
9,9501939,2020,10,11,3,3,2,2,0,0,1,0,0,0,0,0,13.57215953,52.45085835
12,12500930,2020,10,16,5,2,5,2,0,0,1,0,1,0,0,0,13.33407106,52.58239596
5,5300737,2020,10,18,4,3,0,6,1,0,0,0,1,0,1,1,13.2471715,52.54258216
2,2500835,2020,10,15,5,3,6,7,0,0,0,1,0,0,1,0,13.46591486,52.49958161
1,1100102,2020,10,19,3,3,5,2,2,1,1,0,0,0,0,1,13.37189203,52.5090436
1,1100309,2020,10,7,3,3,2,6,0,1,1,0,0,0,0,0,13.3975286,52.52948533
2,2100102,2020,10,11,1,3,5,3,0,1,1,0,0,0,0,0,13.39584269,52.49902478
1,1100102,2020,10,16,1,3,5,2,0,1,1,0,0,0,0,0,13.37190349,52.50900843
5,5200632,2020,10,15,5,3,5,3,0,0,1,0,1,0,0,0,13.21169703,52.52741227
5,5100312,2020,10,19,6,3,0,2,1,0,1,0,0,0,1,0,13.20056972,52.54940286
2,2500835,2020,10,15,4,3,0,2,0,0,1,0,0,0,0,0,13.46468478,52.49748047
9,9401432,2020,10,14,2,3,0,5,0,1,1,0,0,0,0,0,13.59734733,52.44154094
1,1100205,2020,10,9,3,3,5,2,0,1,1,0,0,0,0,0,13.37657449,52.51005478
7,7200409,2020,10,15,5,3,5,2,0,1,1,0,0,0,0,0,13.34919459,52.48883732
6,6100102,2020,10,13,4,2,0,1,0,1,0,0,0,0,0,1,13.32394715,52.45616981
8,8200624,2020,10,8,3,3,2,6,0,0,1,0,0,1,0,0,13.43261686,52.45272519
12,12100204,2020,10,14,5,3,5,3,0,0,1,0,1,0,0,0,13.35976475,52.56194737
3,3400723,2020,10,14,5,3,2,6,0,0,1,0,0,0,0,0,13.42208862,52.57338742
7,7200410,2020,10,17,4,3,6,4,0,0,1,1,0,0,0,0,13.35449639,52.48192319
8,8100105,2020,10,22,3,3,1,5,2,0,1,0,1,0,0,1,13.42840998,52.46601583
3,3200204,2020,10,14,5,3,5,2,0,1,1,0,0,0,0,0,13.40216569,52.60286816
7,7200307,2020,10,16,2,3,5,2,0,1,1,0,0,0,0,1,13.34515952,52.48887572
11,11200513,2020,10,20,1,3,0,1,2,1,0,0,0,0,0,0,13.49200577,52.54165571
1,1401049,2020,10,2,7,3,5,2,2,1,1,0,0,0,0,0,13.36574275,52.55713404
9,9501939,2020,10,19,2,3,0,3,2,0,1,0,1,0,0,1,13.57342365,52.4591399
9,9401432,2020,10,14,5,3,5,3,0,0,1,0,0,0,0,0,13.59375888,52.44814691
5,5200423,2020,10,19,6,2,5,2,2,0,1,0,1,0,0,0,13.15801076,52.53316558
1,1300836,2020,10,12,4,3,5,2,0,1,1,0,0,0,0,1,13.37602481,52.54881322
7,7501030,2020,10,16,2,3,4,2,0,0,1,0,0,0,0,1,13.38261673,52.44377334
11,11401137,2020,10,14,5,3,5,3,0,1,1,0,0,0,0,0,13.51449169,52.49479216
3,3601245,2020,10,8,4,2,5,2,0,1,1,0,0,0,0,0,13.43033322,52.55093429
1,2100104,2020,10,23,3,3,5,5,2,0,1,0,1,0,0,1,13.41150716,52.50461624
8,8200832,2020,10,13,5,3,6,2,0,0,1,1,0,0,0,0,13.41672026,52.41828974
3,3400826,2020,10,17,7,2,0,7,0,1,0,0,0,0,0,0,13.40820292,52.56362816
12,12200309,2020,10,22,5,3,0,3,2,0,1,0,1,0,0,1,13.32928861,52.56341418
3,3300517,2020,10,14,2,3,5,3,0,0,1,0,0,0,1,0,13.46536031,52.56714473
5,5200524,2020,10,15,7,2,5,3,0,0,1,0,0,0,0,0,13.12861635,52.52878245
11,11200513,2020,10,19,2,3,1,5,2,1,1,0,0,0,0,1,13.49156325,52.54182667
6,6100101,2020,10,11,5,2,0,1,0,1,0,0,0,0,0,0,13.3055894,52.4589652
4,4500937,2020,10,12,5,3,5,3,0,0,1,0,1,0,0,0,13.28949908,52.49480277
7,7601442,2020,10,11,4,3,5,2,0,1,0,0,0,1,0,0,13.39276523,52.41270943
1,3701556,2020,10,16,2,3,5,3,1,1,1,0,0,0,0,1,13.40984557,52.52897467
10,10100104,2020,10,12,5,3,5,3,0,1,1,0,0,0,0,0,13.57500293,52.56407029
6,6300528,2020,10,6,4,3,2,6,2,0,1,0,0,0,0,1,13.2787204,52.4309553
1,1300732,2020,10,21,3,3,1,5,2,0,1,0,0,0,0,1,13.39017324,52.56277107
4,4501153,2020,10,15,5,3,5,2,0,1,1,0,0,0,0,0,13.33316061,52.48597105
1,1200628,2020,10,9,7,3,2,6,0,0,1,0,0,0,1,0,13.36848195,52.5260562
1,1200623,2020,10,19,5,2,6,4,1,0,0,1,0,0,1,0,13.35524266,52.52690427
4,4400835,2020,10,15,2,3,5,2,0,1,1,0,0,0,0,0,13.31965426,52.47158859
1,1100416,2020,10,11,3,3,2,6,0,0,1,0,0,0,0,0,13.39646782,52.53765992
8,8100312,2020,10,10,5,3,5,2,0,1,0,0,0,0,0,0,13.44395475,52.48459258
12,12500824,2020,10,20,4,3,1,5,2,1,1,0,0,0,0,1,13.30174707,52.59159456
4,4300623,2020,10,16,2,2,0,6,0,1,1,0,0,0,0,1,13.30935001,52.50698267
9,9501736,2020,10,7,5,3,5,3,1,1,1,0,0,0,0,1,13.60745002,52.45311944
3,3400721,2020,10,15,4,3,0,3,0,1,1,0,0,0,0,1,13.39878248,52.56928078
7,7501029,2020,10,11,5,3,9,1,0,0,1,0,0,0,0,0,13.37572775,52.44373321
11,11501238,2020,10,9,4,2,5,2,0,1,0,0,0,1,0,0,13.47521791,52.50161188
6,6100209,2020,10,18,2,3,5,3,2,0,1,0,0,0,0,1,13.33532693,52.45845888
7,7601548,2020,10,10,5,2,1,5,0,0,1,0,0,0,0,0,13.42073675,52.38550861
10,10200629,2020,10,16,4,3,5,3,0,0,1,0,0,0,1,1,13.58622422,52.51674866
3,3400725,2020,10,10,5,3,5,2,0,0,1,0,1,0,0,0,13.41263398,52.58258412
1,1300835,2020,10,20,7,3,2,6,2,0,1,0,0,0,0,0,13.39345862,52.54102732
12,12100205,2020,10,18,5,2,2,6,0,0,1,0,0,0,0,1,13.34515613,52.58931295
6,6300526,2020,10,12,2,3,5,3,0,1,1,0,0,0,0,0,13.25721204,52.43365993
2,2100103,2020,10,9,3,2,5,2,0,1,0,0,0,1,0,0,13.40171911,52.50617868
1,1200517,2020,10,9,5,3,1,5,0,1,1,0,0,0,0,0,13.32245946,52.52563637
9,9501838,2020,10,17,4,2,1,5,1,0,1,0,0,0,0,1,13.69292369,52.45666953
2,2300315,2020,10,19,3,3,5,2,2,1,1,0,0,0,0,1,13.42638539,52.49926792
11,11400931,2020,10,9,5,3,0,7,0,1,0,0,0,0,1,0,13.50752883,52.50842667
4,4501042,2020,10,19,3,3,5,3,2,0,1,0,1,0,0,1,13.33082631,52.50046873
5,5300737,2020,10,7,1,3,5,2,0,0,1,0,0,0,0,0,13.24778927,52.53987819
12,12200310,2020,10,2,1,3,5,3,2,0,1,0,0,0,0,1,13.31425958,52.57668922
3,3701657,2020,10,23,5,3,0,4,2,0,0,1,0,0,1,0,13.42530224,52.54094885
2,2100102,2020,10,17,6,3,3,6,0,1,1,0,0,0,0,0,13.39432566,52.50107056
4,4200203,2020,10,13,1,3,2,6,0,0,1,0,1,0,0,0,13.23953353,52.51123091
2,2200211,2020,10,18,1,3,0,1,1,1,0,0,0,0,0,0,13.3879842,52.4899325
1,1200623,2020,10,22,5,3,1,7,2,0,1,0,0,0,0,0,13.36323684,52.52911304
12,12200310,2020,10,20,6,3,5,2,2,0,1,0,1,0,0,0,13.31191067,52.57160933
7,7200414,2020,10,6,4,3,0,6,2,0,1,0,1,0,0,1,13.37077762,52.48506681
10,10400941,2020,10,18,2,3,4,5,1,1,1,0,0,0,0,1,13.62002278,52.49574972
3,3601245,2020,10,9,3,3,5,3,0,0,1,0,0,0,1,0,13.43804659,52.54636675
12,12200307,2020,10,20,5,3,3,6,2,0,1,0,0,0,0,0,13.33065044,52.57159059
2,2100102,2020,10,16,4,3,2,6,0,0,1,0,1,0,0,1,13.39813752,52.50688898
1,1100205,2020,10,19,5,2,5,2,2,1,1,0,0,0,0,0,13.38546063,52.5074133
8,8200727,2020,10,17,2,3,0,7,0,0,1,0,1,0,0,1,13.44685442,52.4396014
2,2100102,2020,10,18,7,3,5,2,1,1,1,0,0,0,0,0,13.39575902,52.499006
2,2500726,2020,10,17,2,3,5,2,1,0,1,0,0,0,1,1,13.45079575,52.52719798
4,4200308,2020,10,18,5,2,5,3,1,1,1,0,0,0,0,0,13.26953494,52.51971546
11,11400927,2020,10,16,6,3,0,6,0,0,0,0,1,0,0,0,13.47985916,52.5041692
1,1100207,2020,10,12,4,3,5,3,0,1,1,0,0,0,0,1,13.39023961,52.50768269
7,7300619,2020,10,17,2,3,2,6,0,0,1,0,1,0,0,1,13.35548609,52.45752016
1,1200628,2020,10,8,5,3,1,5,0,1,1,0,0,0,0,0,13.36398025,52.5227659
9,9200715,2020,10,6,4,3,5,3,1,1,1,0,0,0,0,0,13.53509874,52.43972091
3,3200308,2020,10,20,3,3,2,6,2,0,1,0,0,0,0,1,13.4194548,52.60595015
12,12100103,2020,10,14,4,2,0,2,0,1,0,0,0,1,0,1,13.36076391,52.57033124
7,7400826,2020,10,17,2,3,1,7,0,1,1,0,0,0,0,0,13.37515068,52.45286872
2,2500834,2020,10,18,5,3,5,3,0,1,1,0,0,0,0,0,13.45104511,52.50854929
3,3501037,2020,10,8,4,3,5,3,0,0,1,0,1,0,0,0,13.46095834,52.5638824
3,3400721,2020,10,7,5,3,5,3,0,1,0,0,0,0,0,0,13.40153211,52.56907534
7,7501134,2020,10,14,7,3,2,6,0,0,1,0,0,0,0,0,13.40217863,52.43970845
12,12200309,2020,10,7,5,3,5,2,0,1,1,0,0,0,0,0,13.32538341,52.56467115
6,6300527,2020,10,17,2,3,0,2,0,0,1,0,1,0,0,1,13.27247213,52.43725397
11,11100203,2020,10,7,5,2,6,4,0,0,0,1,0,0,1,1,13.52510964,52.56907664
5,5300840,2020,10,17,5,3,2,6,0,0,1,0,0,0,0,0,13.26651156,52.53352879
10,10100315,2020,10,9,4,2,5,2,0,1,1,0,0,0,0,0,13.56907939,52.54535956
6,6200312,2020,10,11,2,3,5,3,0,1,1,0,0,0,0,0,13.331274,52.44350166
12,12100103,2020,9,19,4,3,1,5,1,1,1,0,0,0,0,0,13.35965874,52.5750015
9,9200511,2020,10,16,4,2,6,4,0,0,1,1,0,0,0,1,13.525822,52.45940513
1,1401046,2020,9,13,4,3,5,2,0,1,1,0,0,0,0,0,13.34946839,52.5420787
2,2300417,2020,10,19,7,3,0,7,2,1,0,0,0,0,0,0,13.42023374,52.49662279
9,9100407,2020,10,18,5,3,5,2,2,1,1,0,0,0,0,1,13.50885229,52.45252914
2,2300418,2020,10,9,2,3,5,3,0,1,0,0,0,0,0,0,13.43901844,52.49498849
4,4400728,2020,9,14,4,3,3,6,0,1,1,0,0,0,0,0,13.27432619,52.47865474
6,6300528,2020,10,11,7,3,5,2,0,1,1,0,0,0,0,0,13.27450753,52.41989104
6,6400838,2020,10,20,5,3,1,5,2,0,1,0,0,0,0,1,13.2421574,52.44454725
1,1100310,2020,10,9,2,3,6,7,0,0,1,1,0,0,0,0,13.40932121,52.52275572
4,4300620,2020,9,7,4,3,0,2,0,1,1,0,0,0,0,0,13.33578441,52.51370586
5,5300736,2020,10,21,4,2,1,5,2,0,1,0,0,0,0,0,13.2200887,52.53702059
2,2200209,2020,10,8,2,3,5,2,0,1,1,0,0,0,0,0,13.3866254,52.49007779
2,2300316,2020,9,6,4,3,5,7,1,1,1,0,0,0,0,0,13.44449691,52.50100023
3,3200206,2020,10,15,4,3,2,6,0,1,0,0,0,0,0,1,13.39823609,52.58325631
4,4400835,2020,10,19,3,3,0,5,2,1,1,0,0,0,0,1,13.32027199,52.47694165
11,11300722,2020,10,19,1,3,2,3,2,0,1,0,0,0,0,0,13.47977377,52.52306691
12,12500825,2020,9,7,4,3,7,7,0,1,0,0,0,0,0,0,13.29849061,52.58436742
1,1100310,2020,10,14,6,3,0,2,0,1,0,0,0,0,1,0,13.41012878,52.52259066