BEZ,LOR_ab_2021,UJAHR,UMONAT,USTUNDE,UWOCHENTAG,UKATEGORIE,UART,UTYP1,ULICHTVERH,IstRad,IstPKW,IstFuss,IstKrad,IstGkfz,IstSonstige,USTRZUSTAND,XGCSWGS84,YGCSWGS84
7,7400824,2020,10,18,5,3,6,2,0,0,1,1,0,0,0,1,13.3827513,52.46566013
7,7200308,2020,10,8,2,3,5,2,0,1,0,0,0,0,0,0,13.34534171,52.4845669
1,1100205,2020,10,9,3,3,0,1,0,0,0,0,1,0,0,0,13.384208,52.50997506
1,1100311,2020,9,17,4,3,3,6,0,1,1,0,0,0,0,0,13.41749529,52.51879546
12,12400722,2020,10,17,4,3,5,7,1,0,1,0,1,0,0,0,13.30351393,52.61891086
5,5100316,2020,10,12,3,3,3,6,0,0,1,0,0,0,1,0,13.20030052,52.53765184
4,4501044,2020,9,14,4,3,5,2,0,1,1,0,0,0,0,0,13.31982132,52.49604158
11,11100204,2020,10,18,4,3,0,3,2,0,1,0,0,0,0,1,13.51781833,52.56384086
1,1100101,2020,9,21,4,3,0,6,2,0,1,0,1,0,0,0,13.3440416,52.50622885
6,6400844,2020,10,7,3,2,5,3,0,1,1,0,0,0,0,0,13.28007114,52.45941489
6,6200422,2020,10,13,1,3,4,6,0,1,1,0,0,0,0,0,13.32215381,52.42172621
4,4200308,2020,10,17,1,3,1,5,0,1,1,0,0,0,0,0,13.28028873,52.51873472
4,4300623,2020,9,20,4,3,5,7,2,0,1,0,1,0,0,0,13.31453569,52.51040586
1,1100308,2020,10,20,6,3,3,6,2,1,0,0,0,0,0,0,13.37786045,52.52904548
3,3501038,2020,10,16,4,3,0,3,0,0,1,0,1,0,0,1,13.47022277,52.55356274
4,4300415,2020,10,8,2,3,0,7,0,1,0,0,0,0,0,0,13.28926146,52.50934477
4,4500937,2020,10,12,3,3,6,4,0,0,0,1,1,0,0,0,13.29633306,52.49881244
11,11300618,2020,9,20,4,2,6,4,1,1,1,1,0,0,0,0,13.46050907,52.52753159
5,5100317,2020,10,15,4,3,5,3,0,0,1,0,0,0,1,1,13.21168858,52.52807412
2,2200213,2020,9,19,4,3,6,4,2,1,0,1,0,0,0,0,13.42339908,52.4884988
3,3501038,2020,10,17,7,3,2,2,0,1,1,0,0,0,0,0,13.47044101,52.55371431
4,4400835,2020,10,7,2,3,5,2,0,1,1,0,0,0,0,0,13.31964697,52.47158449
9,9200512,2020,9,19,4,3,6,7,1,0,1,1,0,0,0,0,13.54951899,52.45649009
3,3701659,2020,9,19,4,3,1,5,1,0,1,0,1,0,0,0,13.4178425,52.52847521
2,2500833,2020,10,7,2,3,0,1,0,1,0,0,0,0,0,0,13.45883333,52.51142852
4,4400727,2020,10,13,1,3,5,2,0,1,1,0,0,0,0,0,13.28874143,52.48142419
1,1300836,2020,10,21,7,3,6,4,2,1,0,1,0,0,0,0,13.37265185,52.54672746
11,11501340,2020,10,6,2,3,5,3,0,0,1,0,0,0,0,0,13.52754722,52.48427155
7,7501029,2020,9,18,4,3,0,3,1,1,1,0,0,0,0,0,13.37996544,52.44409926
6,6100208,2020,10,17,6,3,0,3,0,1,1,0,0,0,0,0,13.33029998,52.45816188
2,2400623,2020,10,13,4,3,2,6,0,0,1,0,0,0,0,1,13.43960414,52.51370271
6,6200420,2020,10,2,2,3,1,5,2,0,1,0,0,0,0,0,13.30103381,52.41318145
4,4200206,2020,9,18,4,3,2,2,0,1,1,0,0,0,0,0,13.21849721,52.50887299
1,1100311,2020,10,8,4,3,5,2,0,1,1,0,0,0,0,0,13.41800302,52.51802239
6,6400844,2020,9,18,4,2,6,4,0,0,1,1,0,0,0,0,13.30454868,52.46152178
4,4400729,2020,10,14,7,3,2,6,0,0,1,0,0,0,0,0,13.27844067,52.4735291
7,7601544,2020,10,6,5,3,5,2,0,0,1,0,0,0,0,0,13.40656495,52.39376388
3,3601141,2020,10,0,2,3,0,7,2,1,1,0,0,0,0,0,13.41260564,52.55371339
12,12100101,2020,9,18,4,3,2,6,0,0,1,0,1,0,0,0,13.3770867,52.56096031
1,1300730,2020,10,9,4,2,6,4,0,0,1,1,0,0,0,0,13.37699854,52.55674708
7,7501029,2020,10,15,1,2,2,6,0,0,1,0,0,0,0,0,13.38010864,52.44380616
8,8100105,2020,9,17,4,3,1,5,0,0,1,0,0,0,1,0,13.4309642,52.46631615
4,4501148,2020,10,12,4,3,5,3,0,0,1,0,0,0,0,1,13.31873931,52.48145902
7,7300516,2020,10,15,1,3,1,5,0,1,1,0,0,0,0,0,13.32463517,52.47030128
11,11300725,2020,9,16,4,2,0,1,0,1,0,0,0,0,0,0,13.49917957,52.51788117
5,5200527,2020,10,6,4,2,5,2,1,1,1,0,0,0,0,0,13.17403838,52.52329956
5,5200630,2020,9,16,4,2,5,3,0,0,1,0,0,0,0,0,13.18411855,52.52353866
6,6200421,2020,10,10,7,3,0,1,0,1,0,0,0,0,0,0,13.31370635,52.42716408
2,2500727,2020,10,19,5,3,0,1,2,0,0,0,1,0,0,1,13.45899573,52.52048929
8,8100104,2020,10,15,1,3,5,2,0,1,1,0,0,0,0,0,13.42077107,52.46855124
3,3400721,2020,9,16,4,2,5,3,0,1,1,0,0,0,0,0,13.39421177,52.56497721
10,10100313,2020,10,5,4,3,6,4,2,0,0,1,0,0,1,1,13.54981322,52.54288343
4,4400729,2020,10,14,1,3,5,7,0,1,1,0,0,0,0,0,13.27852016,52.47409884
9,9200819,2020,9,16,4,2,5,2,0,0,1,0,0,0,1,0,13.56483886,52.44543111
4,4300416,2020,10,15,4,3,0,1,0,1,0,0,0,0,0,1,13.29560363,52.5061041
4,4100101,2020,10,19,1,3,0,6,2,0,1,0,0,0,0,0,13.2953463,52.53956458
11,11200514,2020,9,16,4,3,6,4,0,0,1,1,0,0,0,0,13.49815033,52.53857831
7,7400823,2020,9,14,4,2,5,2,0,0,1,0,1,0,0,0,13.37191545,52.46990709
9,9401534,2020,10,16,4,3,5,3,0,1,1,0,0,0,0,1,13.58053377,52.44304545
6,6100102,2020,9,14,4,3,2,7,0,0,1,0,0,0,0,0,13.31886528,52.46235756
9,9200819,2020,10,20,7,3,5,2,1,0,1,0,0,0,0,0,13.56224065,52.4372412
1,1100308,2020,10,18,5,3,5,2,1,1,1,0,0,0,0,1,13.38537146,52.52351054
10,10100104,2020,10,13,1,3,1,5,0,0,1,0,1,0,0,0,13.57696496,52.56458542
4,4501043,2020,10,13,3,3,2,2,0,1,1,0,0,0,0,0,13.31448352,52.49033101
1,1100206,2020,9,14,4,3,6,4,0,1,0,1,0,0,0,0,13.38977655,52.51567459
1,1200628,2020,10,18,4,3,5,3,0,1,0,0,1,0,0,1,13.36281296,52.52455405
4,4501041,2020,10,19,3,3,6,2,2,0,1,1,0,0,0,1,13.31472915,52.49962936
12,12100204,2020,9,14,4,2,5,2,0,1,1,0,0,0,0,0,13.35360857,52.56209425
6,6300632,2020,10,20,3,2,6,2,2,0,1,1,0,0,0,1,13.29837049,52.42200838
1,1100313,2020,10,11,1,3,5,3,0,0,0,0,1,0,0,0,13.41963345,52.50609485
8,8100312,2020,10,2,1,2,1,5,2,1,1,0,0,0,0,0,13.4320827,52.48553198
3,3501038,2020,9,14,4,3,0,5,0,1,1,0,0,0,0,0,13.46892644,52.55220738
2,2500831,2020,10,18,6,3,5,3,1,1,1,0,0,0,0,0,13.46999112,52.51240551
5,5300736,2020,10,14,4,3,2,7,0,1,0,0,0,0,1,1,13.22496538,52.54253917
8,8100312,2020,10,14,1,3,5,3,0,0,1,0,0,0,1,0,13.43794241,52.48809274
12,12500825,2020,10,17,3,3,2,6,0,0,1,0,0,0,1,0,13.316306,52.58706732
2,2500833,2020,10,20,4,3,6,4,2,0,1,1,0,0,0,1,13.45865936,52.5105056
11,11100308,2020,10,10,6,3,1,5,0,1,1,0,0,0,0,0,13.49310885,52.56785379
8,8100311,2020,10,12,6,3,6,4,0,0,0,1,1,0,0,0,13.43210777,52.48800319
9,9501838,2020,10,18,6,2,5,3,1,1,1,0,0,0,0,1,13.69749939,52.43641428
10,10300731,2020,10,14,3,3,2,6,0,0,1,0,0,0,0,0,13.56230479,52.5293513
8,8100521,2020,10,13,5,3,2,2,0,1,1,0,0,0,0,1,13.47385129,52.46408364
4,4200310,2020,10,19,2,2,6,4,2,0,1,1,0,0,0,0,13.2721728,52.50892066
5,5300737,2020,10,7,2,3,0,1,0,1,0,0,0,0,0,0,13.24778315,52.54729127
3,3500932,2020,10,9,6,3,5,2,0,1,1,0,0,0,0,1,13.45709134,52.56103697
9,9501737,2020,10,6,4,3,5,3,2,0,1,0,0,0,0,1,13.63684743,52.45071803
12,12400721,2020,10,9,6,3,1,5,0,1,1,0,0,0,0,1,13.30303819,52.63646463
1,1100415,2020,10,11,7,2,0,1,0,1,0,0,0,0,0,0,13.39964578,52.53166253
1,1401049,2020,10,15,7,3,5,2,0,1,1,0,0,0,0,0,13.3668655,52.55215135
10,10200422,2020,10,14,3,3,0,3,0,0,1,0,0,0,0,0,13.60828216,52.53959837
10,10400941,2020,10,7,6,3,0,3,0,0,1,0,1,0,0,1,13.60063596,52.47641148
1,1300733,2020,10,18,6,3,6,4,0,1,0,1,0,0,0,1,13.39412472,52.55052941
4,4300414,2020,10,8,3,3,5,3,0,1,1,0,0,0,0,0,13.28680916,52.51296987
1,1300732,2020,10,21,5,3,2,6,2,0,1,0,0,0,0,1,13.38620489,52.55849941
11,11200411,2020,10,11,1,2,5,2,0,0,1,0,0,0,0,0,13.50996592,52.55039675
2,2500726,2020,10,18,1,2,6,4,1,0,1,1,0,0,0,1,13.45095373,52.52696573
3,3500934,2020,10,12,5,3,6,4,0,0,0,1,0,0,1,1,13.43599126,52.55646291
11,11300620,2020,10,20,1,3,5,2,2,0,1,0,0,0,0,1,13.4762151,52.5330955
12,12100103,2020,10,15,1,3,1,5,0,1,1,0,0,0,0,0,13.3646935,52.57194162
6,6200313,2020,10,15,4,3,0,1,0,1,0,0,0,0,0,1,13.34502372,52.43713585
12,12500930,2020,10,23,6,3,5,2,2,1,1,0,0,0,0,1,13.32408826,52.58771762
4,4300619,2020,10,13,6,3,0,4,0,0,0,1,0,0,1,0,13.30619227,52.51745378
8,8100416,2020,10,16,6,3,2,6,0,1,1,0,0,0,0,0,13.44366921,52.47564388
6,6400841,2020,10,13,3,3,0,3,0,1,1,0,0,0,0,0,13.26796221,52.44544012
1,1200623,2020,10,21,6,3,1,5,2,1,1,0,0,0,0,1,13.36085935,52.53192787
6,6100205,2020,10,12,5,3,1,7,0,0,1,0,0,0,0,1,13.33961444,52.45090154
4,4100101,2020,10,19,2,3,6,4,2,0,1,1,0,0,0,0,13.31598335,52.54742897
5,5100211,2020,10,15,1,3,5,3,0,1,1,0,0,0,0,1,13.17816175,52.54893376
1,1100205,2020,10,19,1,3,5,2,2,1,1,0,0,0,0,0,13.38420371,52.50998322
1,1100416,2020,10,17,4,3,5,3,1,1,1,0,0,0,0,1,13.40313743,52.53362567
1,1100313,2020,10,21,6,3,6,2,2,0,1,1,0,0,0,1,13.42126905,52.5097426
6,6400737,2020,10,11,6,3,6,4,0,0,1,1,0,0,0,1,13.20148899,52.43606706
2,2200210,2020,10,17,6,3,5,2,1,1,1,0,0,0,0,0,13.40038364,52.49051543
6,6300526,2020,10,16,3,3,0,6,0,0,1,0,1,0,0,0,13.25992931,52.43392735
4,4400729,2020,10,8,6,3,0,1,0,0,0,0,1,0,0,1,13.25271852,52.47155844
1,1300732,2020,10,14,4,2,2,6,0,0,1,0,1,0,0,1,13.39106168,52.56330304
1,1100310,2020,10,6,6,3,5,2,1,0,1,0,0,0,1,1,13.41178791,52.52396655
8,8100104,2020,10,15,6,3,5,3,0,0,1,0,0,0,0,0,13.42994652,52.46988804
1,1300836,2020,10,18,3,3,5,2,0,1,0,0,0,0,1,0,13.37039523,52.54464512
5,5300736,2020,10,21,6,3,1,1,2,0,1,0,1,0,0,1,13.21069801,52.53828434
2,2500728,2020,10,19,5,3,0,5,2,1,1,0,0,0,0,1,13.46890241,52.52033498
2,2300419,2020,10,11,2,3,2,6,0,1,1,0,0,0,0,0,13.44916077,52.49707525
10,10400835,2020,10,12,4,3,0,6,0,0,1,0,0,0,1,1,13.58946028,52.51314792
10,10200421,2020,10,13,7,3,2,6,0,0,1,0,0,0,0,0,13.6048033,52.53758249
4,4300623,2020,10,14,7,3,5,3,0,1,1,0,0,0,0,0,13.30961539,52.51033475
4,4300517,2020,10,18,4,3,5,3,1,0,1,0,0,0,0,1,13.30373904,52.52552292
1,1200522,2020,10,21,6,3,3,6,2,1,0,0,0,0,0,1,13.33924929,52.5257287
8,8200831,2020,10,10,6,2,2,6,0,0,1,0,0,0,0,0,13.41819718,52.41188267
10,10100315,2020,10,15,6,3,6,2,0,0,1,1,0,0,0,0,13.57178831,52.54606466
8,8200624,2020,10,12,3,3,5,2,0,1,1,0,0,0,0,0,13.43309053,52.45234175
11,11300620,2020,10,9,5,3,2,2,0,0,1,0,0,0,0,1,13.48498004,52.53358555
11,11100308,2020,10,14,2,2,6,7,0,0,0,1,0,1,0,0,13.50168411,52.56596079
12,12601235,2020,10,6,2,3,5,2,1,1,1,0,0,0,0,0,13.35613,52.59672865
9,9501737,2020,10,5,6,2,6,4,2,0,0,1,0,0,1,1,13.61830128,52.45545319
1,1100309,2020,10,0,5,3,0,1,2,0,0,0,0,0,1,1,13.39433979,52.52461908
1,1200522,2020,10,9,4,3,5,3,0,1,1,0,0,0,0,1,13.3300952,52.52258291
1,1300731,2020,10,13,5,3,8,1,0,0,1,0,0,0,0,1,13.39062606,52.56586013
7,7400928,2020,10,13,2,3,5,3,0,0,1,0,0,0,0,1,13.41812508,52.46247566
9,9100409,2020,10,11,2,3,2,6,0,0,1,0,0,0,0,0,13.51345379,52.42768006
3,3400829,2020,10,9,5,3,1,5,0,1,1,0,0,0,0,1,13.41908229,52.5622646
3,3400721,2020,10,10,4,3,5,3,0,1,1,0,0,0,0,1,13.39420959,52.56497606
12,12400722,2020,10,19,7,3,1,5,2,1,1,0,0,0,0,0,13.30349185,52.61888857
1,1300733,2020,10,1,7,3,1,5,2,1,1,0,0,0,0,1,13.3952387,52.55062874
8,8401139,2020,10,19,4,3,6,7,2,0,1,1,0,0,0,1,13.45661039,52.43148983
3,3601141,2020,10,9,6,2,0,7,0,1,0,0,0,0,0,1,13.41157366,52.55404555
10,10200418,2020,10,9,6,2,0,3,0,0,0,0,0,0,1,0,13.58880259,52.53932872
5,5100316,2020,10,16,6,3,2,4,0,0,1,1,0,0,1,1,13.19638009,52.53527641
1,1401045,2020,10,14,3,3,1,5,0,1,1,0,0,0,0,0,13.37597312,52.55638296
3,3601142,2020,10,13,5,3,0,1,0,0,0,0,1,0,0,1,13.40493695,52.54071386
7,7100205,2020,10,18,1,3,5,3,2,1,1,0,0,0,0,1,13.36737098,52.49341112
3,3200205,2020,10,16,1,3,5,3,0,0,1,0,1,0,0,0,13.3984637,52.59238988
5,5200629,2020,10,8,6,3,6,2,0,0,1,1,0,0,0,1,13.19460443,52.53362587
7,7200414,2020,10,15,4,3,6,2,0,0,1,1,0,0,0,1,13.36351664,52.48508116
2,2200210,2020,10,10,6,2,2,6,0,0,1,0,1,0,0,1,13.39883257,52.49053851
1,1100205,2020,10,11,7,3,5,2,0,1,1,0,0,0,0,0,13.3842378,52.50991836
1,1100308,2020,10,23,6,3,0,7,2,0,1,0,0,0,0,1,13.37732153,52.53516174
2,2300315,2020,10,13,3,3,5,2,0,0,1,0,1,0,0,0,13.42639849,52.49930917
11,11300618,2020,10,8,6,3,1,5,0,0,1,0,1,0,0,1,13.46434951,52.5244959
7,7200411,2020,10,19,6,3,0,2,1,0,1,0,0,0,1,1,13.36015605,52.49045671
4,4300415,2020,10,11,6,3,0,7,0,1,0,0,0,0,0,1,13.28949194,52.50941449
4,4200310,2020,10,20,7,3,5,3,2,0,1,0,0,0,0,0,13.27390367,52.50968098
1,1100416,2020,10,17,7,2,0,1,0,1,0,0,0,0,0,0,13.40442412,52.5332585
8,8100520,2020,10,20,3,3,0,4,2,0,0,1,1,0,0,0,13.46560377,52.46975276
11,11200411,2020,10,11,6,3,5,2,0,1,0,0,0,1,0,0,13.4997379,52.54776191
11,11200513,2020,10,18,6,3,0,3,0,0,1,0,1,0,0,1,13.48154822,52.53880124
1,1200626,2020,10,10,3,3,6,2,0,0,1,1,0,0,0,0,13.35104036,52.52427783
12,12200309,2020,10,11,5,3,0,6,0,0,0,0,1,0,1,1,13.32977733,52.56313428
4,4400728,2020,10,17,1,2,1,1,1,0,1,0,1,0,0,1,13.26684261,52.48218507
1,1200625,2020,10,10,1,3,3,6,0,1,1,0,0,0,0,0,13.35159832,52.52696968
4,4500939,2020,10,16,4,3,2,6,0,0,1,0,0,0,0,1,13.30950618,52.4920273
6,6300528,2020,10,12,6,3,0,3,0,0,1,0,1,0,0,0,13.26015275,52.42721588
1,1100309,2020,10,9,6,3,6,4,0,1,0,1,0,0,0,0,13.39462441,52.52795616
2,2200213,2020,10,9,3,3,0,1,0,0,0,0,1,0,0,1,13.41630623,52.4910054
3,3300413,2020,10,6,6,3,5,3,0,1,1,0,0,0,0,1,13.4791394,52.60769478
8,8100102,2020,10,18,5,3,3,6,1,1,1,0,0,0,0,1,13.42554105,52.47930123
1,1100206,2020,10,17,2,3,5,3,0,1,1,0,0,0,0,0,13.38561187,52.52023662
11,11200410,2020,10,19,2,3,5,3,2,0,1,0,0,0,0,0,13.51769388,52.55644252
6,6200423,2020,10,10,5,3,2,6,0,0,1,0,0,0,0,1,13.3148956,52.41732417
11,11100204,2020,10,13,1,3,5,2,0,0,1,0,0,0,0,1,13.51529797,52.5670547
7,7100102,2020,10,22,1,3,5,2,2,0,1,0,0,0,0,0,13.34707599,52.50107585
4,4100101,2020,10,17,4,3,2,6,0,0,1,0,0,0,0,1,13.29254119,52.53969883
8,8100102,2020,10,6,6,3,0,1,1,0,0,0,1,0,0,1,13.42533291,52.47994
8,8401139,2020,10,14,6,3,5,3,0,1,1,0,0,0,0,0,13.45874457,52.44030125
1,1100312,2020,10,19,3,3,1,5,2,1,1,0,0,0,0,0,13.41213486,52.50542839
11,11401032,2020,10,13,6,3,1,5,0,1,0,0,1,0,0,0,13.518856,52.51327129
1,1100207,2020,10,15,5,3,3,6,0,1,0,0,0,0,0,1,13.38985941,52.51058209
6,6200423,2020,10,14,2,2,1,5,0,0,1,0,0,0,0,0,13.3158384,52.41621152
1,1100313,2020,10,15,2,2,5,2,0,1,1,0,0,0,0,0,13.42113249,52.50973595
3,3500934,2020,10,12,4,3,5,2,0,1,1,0,0,0,0,1,13.44265268,52.55111413
6,6100209,2020,10,15,7,2,0,1,0,0,0,0,1,0,0,1,13.33191228,52.46059486
11,11200410,2020,10,13,7,3,2,6,0,0,1,0,0,0,0,0,13.50172083,52.56192446
2,2200210,2020,10,20,4,3,5,7,2,0,1,0,0,0,0,1,13.40339027,52.4938346
6,6300631,2020,10,13,6,3,2,6,0,0,1,0,0,0,0,0,13.2866875,52.41776647
1,1200626,2020,10,9,6,3,5,2,0,1,1,0,0,0,0,1,13.3423007,52.52412702
10,10200418,2020,10,19,6,3,2,6,1,0,1,0,0,0,0,1,13.58436092,52.53960626
1,1100311,2020,10,0,7,3,5,2,2,1,0,0,0,0,0,0,13.41808246,52.51543786
7,7300517,2020,10,10,7,3,2,6,0,1,1,0,0,0,0,0,13.33345972,52.46988932
11,11100307,2020,10,18,4,3,1,5,1,1,1,0,0,0,0,1,13.50265483,52.56654032
10,10300731,2020,10,14,6,3,6,4,0,0,1,1,0,0,0,1,13.55978005,52.53408323
3,3200308,2020,10,13,6,3,5,2,0,0,1,0,0,0,0,1,13.43274213,52.59621808
10,10400938,2020,10,19,6,2,6,4,2,0,1,1,0,0,0,1,13.61715113,52.51992072
4,4501041,2020,10,15,3,3,1,7,0,0,1,0,0,0,0,0,13.32253603,52.49987011
2,2300316,2020,10,19,5,3,2,6,2,0,1,0,0,0,0,1,13.44188114,52.5008138
1,1100308,2020,10,17,2,3,1,5,0,1,1,0,0,0,0,0,13.38088006,52.53231873
7,7400928,2020,10,8,2,3,1,5,0,0,1,0,0,0,1,0,13.41519768,52.46458903
1,1401048,2020,10,6,6,3,3,6,0,1,1,0,0,0,0,1,13.35892858,52.55108401
1,1100103,2020,10,8,5,2,5,2,0,0,1,0,1,0,0,1,13.36433444,52.50334422
10,10100313,2020,10,9,4,3,5,3,0,0,1,0,0,0,0,1,13.55019086,52.54279871
6,6300524,2020,10,12,7,2,5,2,0,1,1,0,0,0,0,0,13.24829522,52.41984343
2,2300314,2020,10,18,7,3,5,2,2,1,1,0,0,0,0,0,13.42210169,52.49904172
11,11300721,2020,10,7,4,2,5,2,0,0,1,0,0,0,1,1,13.491734,52.53419883
3,3400827,2020,10,14,6,3,6,4,0,0,1,1,0,0,0,0,13.42218071,52.55507989
1,1200623,2020,10,8,6,3,0,1,0,1,0,0,0,0,0,0,13.35323977,52.53162653
1,1300834,2020,10,14,6,3,0,1,0,0,0,0,1,0,0,0,13.39380669,52.54120451
1,1100102,2020,10,23,3,3,8,1,2,1,0,0,0,0,0,0,13.35921881,52.50987359
1,1300836,2020,10,9,6,2,5,3,0,1,1,0,0,0,0,0,13.3793288,52.54049274
4,4500939,2020,10,12,5,3,5,7,0,1,1,0,0,0,0,1,13.29900245,52.49073332
2,2400623,2020,10,19,1,3,3,6,2,0,1,0,1,0,0,1,13.43344339,52.50989717
2,2500833,2020,10,16,1,3,5,3,0,0,1,0,0,0,0,1,13.45882674,52.51149716
1,1300733,2020,10,11,3,3,5,7,0,1,1,0,0,0,0,0,13.38750997,52.55576559
1,1300732,2020,10,16,6,3,6,7,1,1,0,1,0,0,0,0,13.38649487,52.55862316
7,7501134,2020,10,13,5,3,5,3,0,0,1,0,0,0,0,1,13.40243795,52.43968714
12,12100204,2020,10,18,2,2,6,7,1,0,1,1,0,0,0,0,13.35530693,52.56211769
8,8100312,2020,10,0,2,3,1,5,2,1,1,0,0,0,0,0,13.43758726,52.48285432
3,3400828,2020,10,14,6,3,5,3,0,1,1,0,0,0,0,0,13.42770795,52.55389214
8,8100314,2020,10,8,4,3,1,5,0,1,1,0,0,0,0,1,13.43603195,52.48097886
9,9200715,2020,10,8,4,3,5,3,0,0,1,0,0,0,1,1,13.54124277,52.43535977
8,8200623,2020,10,6,6,3,5,3,1,0,1,0,0,0,1,1,13.43839326,52.4526924
5,5200524,2020,10,2,7,2,1,1,2,0,1,0,1,0,0,1,13.13698957,52.52854082
11,11300725,2020,10,15,7,2,5,3,0,0,1,0,0,0,0,0,13.49656182,52.51578254
10,10100311,2020,10,14,3,3,5,3,0,0,1,0,0,0,0,0,13.51949214,52.51943632
7,7100205,2020,10,14,6,3,5,3,0,0,1,0,1,0,0,0,13.36243836,52.49403403
2,2500834,2020,10,7,6,3,6,2,2,0,1,1,0,0,0,1,13.45869837,52.50658632
9,9100203,2020,10,9,3,3,6,3,0,0,1,1,0,0,0,0,13.47901408,52.47128404
1,1200628,2020,10,15,6,3,5,2,0,0,1,0,0,0,0,1,13.36784913,52.52610668
2,2500830,2020,10,10,5,3,2,6,0,0,1,0,1,0,0,1,13.4586964,52.51367108
11,11100206,2020,10,10,1,3,5,3,0,0,1,0,1,0,0,0,13.50587989,52.5726177
6,6100102,2020,10,17,1,3,2,6,0,0,1,0,1,0,0,0,13.32231414,52.45844834
5,5200420,2020,10,14,4,2,2,7,0,0,1,0,0,0,1,1,13.16908855,52.53345258
8,8200624,2020,10,6,6,3,5,2,1,1,1,0,0,0,0,1,13.43462092,52.45091265
4,4400834,2020,10,9,6,3,0,1,0,1,0,0,0,0,0,0,13.30832826,52.46770985
12,12500824,2020,10,15,4,3,2,6,0,0,1,0,0,0,0,1,13.28511327,52.59550041
1,1200628,2020,10,5,6,2,5,2,2,1,1,0,0,0,0,1,13.35946883,52.52329222
5,5200419,2020,10,12,7,3,8,1,0,0,1,0,0,0,0,0,13.14335455,52.5396117
4,4400830,2020,10,18,6,3,5,7,1,0,1,0,0,0,0,1,13.30004855,52.48059447
2,2400623,2020,10,13,3,3,2,6,0,0,1,0,0,0,0,0,13.4292452,52.51054569
7,7100102,2020,10,5,6,3,5,2,2,0,1,0,0,0,0,1,13.34625672,52.50103001
3,3400828,2020,10,19,6,2,5,3,1,0,1,0,0,0,1,1,13.42247465,52.55980954
2,2100105,2020,10,23,2,2,5,3,2,0,1,0,1,0,0,0,13.41405123,52.50040285
1,1300732,2020,10,15,6,3,5,2,0,1,0,0,0,0,1,0,13.38628504,52.55861226
8,8100520,2020,10,5,5,3,9,1,2,0,1,0,0,0,0,1,13.46138313,52.47131839
2,2400623,2020,10,14,1,3,2,2,0,0,1,0,1,0,0,1,13.42688142,52.51173786
1,1100308,2020,10,20,1,3,0,5,2,1,1,0,0,0,0,0,13.36939608,52.53515398
2,2400521,2020,10,17,4,3,0,1,1,0,0,0,1,0,0,1,13.44083341,52.51775153
10,10400837,2020,10,14,5,3,6,7,0,0,1,1,0,0,0,0,13.57545115,52.48714114
12,12500926,2020,10,13,6,3,6,4,0,0,1,1,0,0,0,1,13.33412431,52.59559903
2,2200208,2020,10,15,6,3,5,3,0,1,1,0,0,0,0,0,13.38959241,52.49606603
7,7501029,2020,10,19,3,3,5,2,2,1,1,0,0,0,0,0,13.37378942,52.44506767
10,10100316,2020,10,17,5,3,6,4,1,0,0,1,0,0,1,1,13.58294618,52.54921619
2,2500835,2020,10,14,5,3,5,2,0,1,1,0,0,0,0,1,13.46609503,52.49999592
1,1300836,2020,10,12,2,3,1,5,0,1,1,0,0,0,0,1,13.37720684,52.53884795
7,7100102,2020,10,13,2,2,5,2,0,0,1,0,1,0,0,0,13.34621551,52.5010075
6,6200312,2020,10,17,3,3,2,6,0,0,1,0,0,0,0,0,13.3431651,52.43978074
8,8100104,2020,10,18,5,3,2,6,2,0,1,0,0,0,0,1,13.43008974,52.46961994
10,10400940,2020,10,19,5,3,5,2,2,0,1,0,0,0,1,1,13.60044482,52.47638389
4,4500936,2020,10,15,2,3,5,2,0,0,1,0,1,0,0,0,13.30429633,52.50360154
7,7601544,2020,10,13,7,3,6,4,0,0,1,1,0,0,0,0,13.40235244,52.3866839
1,1401044,2020,10,16,7,3,5,7,0,1,1,0,0,0,0,0,13.36814417,52.55004991
5,5200528,2020,10,18,4,2,5,2,1,0,1,0,1,0,0,1,13.16988792,52.51857432
9,9501941,2020,10,9,5,3,5,2,0,1,1,0,0,0,0,0,13.59306489,52.4516056
6,6100103,2020,10,10,6,3,2,6,0,1,0,0,0,0,0,0,13.3253542,52.46161891
2,2500833,2020,10,15,6,3,5,2,0,1,1,0,0,0,0,0,13.45203057,52.51068857
10,10200417,2020,10,15,3,3,5,2,0,1,1,0,0,0,0,0,13.59254624,52.54743983
1,1401049,2020,10,17,6,3,5,2,0,1,1,0,0,0,0,0,13.36539096,52.5571092
9,9401534,2020,10,12,5,2,5,3,0,0,1,0,0,0,1,0,13.58241329,52.44245614
3,3601245,2020,10,17,2,3,5,3,0,1,1,0,0,0,0,0,13.44227985,52.54662105
8,8100310,2020,10,12,2,3,1,5,0,1,1,0,0,0,0,0,13.42722215,52.49143868