BEZ,LOR_ab_2021,UJAHR,UMONAT,USTUNDE,UWOCHENTAG,UKATEGORIE,UART,UTYP1,ULICHTVERH,IstRad,IstPKW,IstFuss,IstKrad,IstGkfz,IstSonstige,USTRZUSTAND,XGCSWGS84,YGCSWGS84
6,6300528,2020,10,7,4,3,2,6,0,0,1,0,1,0,0,1,13.26511414,52.41839596
4,4100102,2020,10,11,2,3,0,1,0,0,0,0,1,0,0,1,13.29666393,52.53953344
7,7400825,2020,10,17,6,3,5,7,1,0,1,0,0,0,0,1,13.38416135,52.45818765
6,4200207,2020,10,17,7,2,0,6,1,1,1,0,0,0,0,0,13.1968535,52.48333446
9,9501939,2020,10,16,7,2,6,4,0,0,1,1,0,0,0,0,13.57904441,52.45822006
3,3601451,2020,10,8,3,3,5,3,0,0,1,0,0,0,0,0,13.43681201,52.53658096
4,4501153,2020,10,16,4,2,5,3,0,0,1,0,1,0,0,0,13.33522097,52.48580566
2,2200208,2020,10,11,2,3,2,6,0,0,1,0,0,0,0,1,13.3839645,52.49375304
11,11501339,2020,10,16,6,3,5,2,1,1,1,0,0,0,0,1,13.52778907,52.49038183
1,1300733,2020,10,15,7,2,0,1,0,0,0,0,1,0,0,0,13.38902655,52.55012585
3,3601140,2020,10,14,3,3,6,7,0,0,1,1,0,0,0,0,13.40278782,52.55428544
4,4300412,2020,10,8,5,3,0,3,1,1,1,0,0,0,0,1,13.29009091,52.51890273
12,12200413,2020,10,14,7,3,5,5,0,0,1,0,0,0,0,0,13.28038468,52.57845983
4,4501040,2020,10,9,3,3,0,7,0,1,1,0,0,0,0,1,13.30903484,52.50207139
9,9100306,2020,10,18,7,1,3,6,2,0,1,0,1,0,0,0,13.48382143,52.45203431
6,6300631,2020,10,9,6,3,5,2,0,1,1,0,0,0,0,0,13.27933802,52.4145629
4,4300412,2020,10,8,4,3,5,2,0,1,1,0,0,0,0,1,13.28667154,52.51874215
7,7400823,2020,10,18,6,2,6,4,2,0,1,1,0,0,0,1,13.3709032,52.47044815
7,7400822,2020,10,16,6,3,2,6,0,0,1,0,0,0,0,1,13.37008205,52.46445013
1,1100313,2020,10,8,3,2,5,3,0,1,1,0,0,0,0,0,13.41967947,52.50608184
4,4501042,2020,10,12,3,2,6,2,0,0,0,1,0,0,1,0,13.33181458,52.5052258
2,2200208,2020,10,11,2,3,2,7,0,0,0,0,1,0,1,1,13.38350427,52.49360873
1,1401044,2020,10,6,6,3,5,2,1,1,1,0,0,0,0,1,13.36935671,52.55283884
1,1100103,2020,10,23,6,3,0,1,2,0,0,0,1,0,0,1,13.35320276,52.50226828
3,3300413,2020,10,22,3,3,5,2,2,0,1,0,0,0,0,0,13.47254492,52.60269913
1,1100309,2020,10,13,5,3,0,3,0,1,0,0,1,0,0,1,13.40191701,52.52892564
2,2200213,2020,10,22,6,3,2,5,2,0,1,0,1,0,0,1,13.42285137,52.48885608
8,8100415,2020,10,22,6,3,0,3,2,0,1,0,1,0,0,1,13.44753744,52.47605918
2,2400520,2020,10,6,3,2,4,6,2,1,1,0,0,0,0,1,13.42880127,52.52147003
10,10300734,2020,10,15,5,2,3,6,0,1,0,0,0,0,0,0,13.56206307,52.50034587
4,4501146,2020,10,21,6,3,2,6,2,0,1,0,0,0,0,1,13.30822303,52.48835816
9,9200819,2020,10,7,3,3,1,5,0,1,0,0,0,0,1,0,13.57147841,52.43524929
4,4501042,2020,10,20,6,3,9,1,2,0,1,1,0,0,0,1,13.3253271,52.50305575
1,1100309,2020,10,20,6,3,0,1,2,1,0,0,0,0,0,1,13.40172505,52.52915599
12,12200515,2020,10,17,3,3,5,3,0,0,1,0,0,0,1,0,13.28435343,52.5944018
11,11100204,2020,10,21,4,3,5,3,2,0,1,0,0,0,0,0,13.52811066,52.55690107
6,6200314,2020,10,19,6,3,6,2,2,0,1,1,0,0,0,1,13.33583436,52.43322671
7,7200413,2020,10,19,6,3,6,2,2,0,1,1,0,0,0,1,13.36037559,52.47971826
10,10200422,2020,10,17,3,3,0,2,0,0,1,0,0,0,1,0,13.60425655,52.54030191
5,5100313,2020,10,13,3,3,0,4,0,0,0,1,0,0,1,0,13.2091206,52.54672075
2,2500727,2020,10,9,6,3,5,7,0,0,1,0,1,0,0,1,13.45633336,52.51794688
1,1100206,2020,10,19,6,3,5,3,2,1,1,0,0,0,0,1,13.39076724,52.51573705
11,11200513,2020,10,19,3,3,5,2,2,1,0,0,1,0,0,0,13.4969307,52.54641735
8,8200727,2020,10,19,5,3,5,3,2,1,1,0,0,0,0,0,13.43422486,52.4422823
7,7200409,2020,10,15,5,3,1,5,0,1,1,0,0,0,0,0,13.35563529,52.4901355
11,11501341,2020,10,14,6,3,6,2,0,0,1,1,0,0,0,1,13.51945187,52.48073358
1,1100311,2020,10,14,6,3,2,6,0,0,1,0,0,0,0,1,13.42175531,52.51422773
7,7400823,2020,10,16,3,3,1,5,0,1,1,0,0,0,0,0,13.37742435,52.46456648
4,4300412,2020,10,14,4,3,0,1,0,0,0,0,1,0,0,1,13.28572077,52.52208197
4,4100101,2020,10,13,6,3,4,6,0,0,1,0,0,0,0,0,13.32254696,52.54350338
11,11501340,2020,10,16,3,3,3,6,0,0,1,0,0,1,0,0,13.52701245,52.48661673
10,10200629,2020,10,11,4,3,0,7,0,1,0,0,0,0,0,1,13.57863093,52.51325784
10,10300731,2020,10,11,6,3,0,6,0,0,1,0,0,0,1,0,13.56408461,52.51915588
6,6300632,2020,10,10,6,3,3,6,0,1,1,0,0,0,0,0,13.30277329,52.42677107
1,1300836,2020,10,16,3,3,5,3,0,0,1,0,0,0,0,0,13.36991148,52.54287995
3,3300411,2020,10,18,3,3,5,3,2,0,1,0,1,0,0,0,13.48855166,52.61889586
7,7400825,2020,10,7,6,3,5,7,0,0,1,0,0,0,1,1,13.37811121,52.45623031
8,8200730,2020,10,9,6,3,0,6,0,0,1,0,0,0,0,1,13.45082899,52.43685134
1,1300835,2020,10,7,3,3,5,3,0,1,1,0,0,0,0,0,13.3800675,52.54053537
2,2400521,2020,10,10,5,3,0,2,0,1,1,0,0,0,0,1,13.43544671,52.52173519
11,11100204,2020,10,9,5,2,5,3,0,0,1,0,0,0,0,1,13.52811453,52.55690313
2,2500831,2020,10,9,6,3,2,7,0,1,1,0,0,1,0,1,13.4667697,52.51085353
4,4501045,2020,10,9,6,3,1,5,0,1,1,0,0,0,0,0,13.33188331,52.49943012
12,12500824,2020,10,16,3,3,0,1,0,1,0,0,0,0,0,0,13.28940728,52.59027997
7,7400927,2020,10,7,4,3,1,5,0,1,0,0,0,1,0,0,13.38474842,52.45593168
5,5100315,2020,10,10,2,3,5,2,0,0,1,0,0,0,0,0,13.19838653,52.5428507
3,3300516,2020,10,19,6,3,5,2,2,0,1,0,0,0,0,1,13.4295141,52.57187364
1,1200522,2020,10,7,6,2,0,7,0,1,0,0,0,0,0,1,13.33624403,52.52467598
4,4300624,2020,10,15,3,3,2,6,0,0,1,0,0,0,0,0,13.3180247,52.50612669
5,5400942,2020,10,15,3,2,4,6,0,0,1,0,0,0,0,0,13.18326324,52.48489969
5,5100315,2020,10,14,6,3,2,6,0,0,1,0,0,0,0,1,13.20211259,52.5408045
4,4300415,2020,10,7,6,3,0,2,1,1,0,0,0,0,1,1,13.28405,52.5051778
2,2100105,2020,10,6,6,3,2,6,1,0,1,0,0,0,0,0,13.41829666,52.49933459
8,8100521,2020,10,14,3,3,2,2,0,0,1,0,0,0,0,0,13.46381612,52.46646492
9,9100407,2020,10,17,3,3,0,3,2,1,0,0,0,0,1,0,13.50999795,52.45356884
5,5300735,2020,10,12,6,3,5,2,0,0,1,0,0,0,0,1,13.2271767,52.54945001
6,6100209,2020,10,5,6,3,0,7,2,0,0,0,1,0,0,1,13.33217732,52.45847149
8,8200623,2020,10,17,5,3,5,3,2,1,1,0,0,0,0,0,13.43679975,52.45694928
3,3200205,2020,10,7,5,3,5,3,0,1,1,0,0,0,0,1,13.38800344,52.58879083
7,7501031,2020,10,0,6,3,2,7,2,0,1,0,0,0,0,1,13.40770591,52.45252442
3,3500934,2020,10,11,6,3,1,5,0,0,1,0,0,0,0,0,13.43184831,52.55730379
7,7200308,2020,10,14,3,3,6,4,0,0,1,1,0,0,0,0,13.34199702,52.47914503
1,1100206,2020,10,17,4,3,6,2,1,0,1,1,0,0,0,0,13.3918939,52.52007124
12,12100205,2020,10,9,2,3,5,2,0,1,0,0,0,1,0,1,13.36100257,52.57705549
2,2300314,2020,10,18,6,2,5,3,2,1,1,0,0,0,0,1,13.42155071,52.50448023
10,10200420,2020,10,11,6,3,2,6,0,0,0,0,1,0,1,0,13.58891877,52.5377114
2,2400522,2020,10,6,3,3,2,3,0,0,1,0,0,0,0,0,13.4427349,52.52499017
1,1100312,2020,10,8,5,3,5,2,0,1,1,0,0,0,0,1,13.41655691,52.51098106
3,3500936,2020,10,12,6,3,0,3,0,1,0,0,0,0,1,0,13.45274314,52.54876561
12,12500824,2020,10,18,2,3,2,6,2,0,1,0,0,0,0,1,13.29236339,52.59601021
1,1200626,2020,10,13,6,3,2,6,0,0,1,0,0,0,0,0,13.35630657,52.52364203
12,12601236,2020,10,14,6,2,5,3,0,0,1,0,0,0,1,1,13.34594565,52.59155982
12,12200310,2020,10,16,4,3,2,6,1,0,1,0,1,0,0,0,13.31346145,52.57207086
1,1200628,2020,10,14,6,3,5,2,0,0,1,0,1,0,0,1,13.3570628,52.52354933
8,8200832,2020,10,14,6,3,2,2,0,0,1,0,0,0,1,1,13.43048533,52.42156154
5,5100316,2020,10,15,6,3,2,6,0,0,1,0,0,0,0,0,13.20054437,52.53852184
2,2300314,2020,10,15,6,3,0,5,1,0,1,0,1,0,0,1,13.4170996,52.50189264
12,12500927,2020,10,6,5,3,5,2,1,0,1,0,0,1,0,1,13.32130665,52.59357001
5,5300841,2020,10,16,6,3,2,7,0,0,1,0,1,0,0,1,13.27406389,52.53614627
8,8100521,2020,10,16,6,3,5,3,0,0,1,0,1,0,0,1,13.44716737,52.46571089
5,5300737,2020,10,13,3,3,6,2,0,0,1,1,0,0,0,0,13.23219549,52.54054458
9,9200511,2020,10,6,4,3,1,5,0,1,1,0,0,0,0,1,13.53109817,52.46242416
2,2500833,2020,10,9,2,3,5,3,0,1,1,0,0,0,0,1,13.46336477,52.50813015
2,2400522,2020,10,17,6,3,5,7,2,1,0,0,0,0,1,1,13.44402412,52.5190853
4,4400832,2020,10,17,6,3,0,3,1,1,1,0,0,0,0,1,13.29000374,52.47016063
10,10200629,2020,10,13,5,3,1,5,0,0,1,0,0,0,0,1,13.58726265,52.51733046
3,3300516,2020,10,17,6,2,4,1,0,0,1,0,0,0,0,1,13.44224808,52.5697865
2,2100102,2020,10,12,3,3,1,5,0,1,1,0,0,0,0,0,13.39622831,52.50451372
1,1100415,2020,10,15,5,3,6,7,0,0,0,1,0,0,1,0,13.40010162,52.53111285
8,8100209,2020,10,23,3,3,5,3,2,0,1,0,0,0,0,1,13.43744474,52.46360009
1,1100310,2020,10,7,4,3,5,2,1,1,1,0,0,0,0,0,13.41561431,52.52722939
7,7601339,2020,10,18,5,3,1,5,1,1,1,0,0,0,0,0,13.34692658,52.41492025
4,4300416,2020,10,12,5,3,2,6,0,0,1,0,0,0,0,0,13.30325134,52.50528864
9,9501737,2020,10,21,3,2,0,1,2,0,0,0,1,0,0,1,13.62045522,52.45593392
4,4501043,2020,10,11,3,3,5,2,0,1,1,0,0,0,0,0,13.31388612,52.49050436
2,2100102,2020,10,20,6,2,6,2,2,0,1,1,0,0,0,1,13.39820954,52.50699055
1,1300834,2020,10,19,5,3,3,5,2,0,1,0,1,0,0,0,13.39923487,52.54392162
6,6200312,2020,10,23,2,3,3,6,2,1,1,0,0,0,0,0,13.33410385,52.44287798
9,9200717,2020,10,20,3,3,9,1,2,0,1,0,0,0,0,1,13.55869744,52.44676653
3,3601245,2020,10,11,3,3,2,6,0,0,1,0,0,0,0,0,13.43220407,52.55054993
7,7200307,2020,10,9,6,3,5,3,0,1,1,0,0,0,0,1,13.34520476,52.48679087
3,3400826,2020,10,13,5,3,0,7,0,0,1,0,0,0,0,0,13.40324514,52.55888449
3,3400620,2020,10,13,5,2,4,6,0,0,1,0,0,0,0,1,13.38184868,52.5736662
7,7300515,2020,10,13,5,3,5,3,0,1,0,0,0,0,0,0,13.3241537,52.47506681
4,4300622,2020,10,12,5,3,5,3,0,0,1,0,0,0,0,0,13.32098126,52.51305028
11,11401032,2020,10,18,2,3,5,3,2,0,1,0,0,0,0,0,13.51910845,52.51346681
1,1100205,2020,10,13,4,3,2,2,0,1,1,0,0,0,0,0,13.37662758,52.50938487
9,9200613,2020,10,12,5,3,2,2,0,0,1,0,0,0,0,0,13.51732803,52.45443271
10,10100205,2020,10,12,5,3,5,3,0,0,1,0,1,0,0,0,13.53734421,52.54030871
12,12200310,2020,10,23,2,3,5,3,2,0,1,0,0,0,0,0,13.31511319,52.57651539
4,4300623,2020,10,10,3,3,5,7,0,1,1,0,0,0,0,1,13.31400579,52.50703626
7,7400721,2020,10,6,6,3,5,2,2,0,1,0,0,0,0,1,13.38563207,52.47192676
1,1100102,2020,10,12,5,3,0,2,0,1,0,0,1,0,0,0,13.35007608,52.51377419
5,5100317,2020,10,10,5,3,2,7,0,0,1,0,0,0,0,1,13.23995132,52.52627102
1,1100308,2020,10,8,5,3,3,6,0,1,1,0,0,0,0,1,13.38475888,52.52920178
11,11200514,2020,10,12,5,2,5,2,0,1,1,0,0,0,0,0,13.47364932,52.53608975
2,2200210,2020,10,12,5,3,5,3,0,0,1,0,0,0,0,0,13.3964304,52.49135032
8,8100314,2020,10,22,2,3,5,2,2,1,1,0,0,0,0,0,13.43367078,52.48193336
3,3601451,2020,10,15,4,3,2,6,0,0,1,0,0,0,0,1,13.44368088,52.53338895
9,9200715,2020,10,18,5,3,5,3,2,1,1,0,0,0,0,0,13.54132534,52.43529547
8,8100416,2020,10,15,5,2,0,7,0,1,0,0,0,0,0,1,13.44654425,52.47408182
7,7601237,2020,10,10,5,2,2,2,0,0,1,0,1,0,0,0,13.37732961,52.41845741
4,4300416,2020,10,10,5,3,5,7,0,1,1,0,0,0,0,0,13.29623987,52.50885689
10,10400837,2020,10,17,2,3,5,3,1,1,1,0,0,0,0,0,13.57596189,52.49113689
6,6200316,2020,10,14,4,3,5,2,0,0,1,0,1,0,0,0,13.35520048,52.42765873
5,5100313,2020,10,15,6,3,2,6,0,0,1,0,0,0,0,1,13.21025136,52.54912014
3,3701554,2020,10,10,5,3,1,5,0,1,1,0,0,0,0,0,13.4102503,52.53638026
4,4300413,2020,10,8,2,3,6,7,0,1,0,1,0,0,0,1,13.28973224,52.51662346
2,2100105,2020,10,21,3,3,5,3,2,1,1,0,0,0,0,0,13.41404601,52.50039535
4,4200311,2020,10,14,6,3,2,6,0,0,1,0,0,0,0,1,13.27487642,52.50093908
6,6100206,2020,10,9,5,3,1,6,0,0,1,0,0,0,0,0,13.3380544,52.44945605
7,7300619,2020,10,18,2,3,5,2,1,0,1,0,0,0,0,1,13.33753609,52.46715322
6,6300633,2020,10,15,5,2,0,7,0,1,1,0,0,0,0,1,13.30066207,52.43998726
7,7400823,2020,10,8,5,3,1,5,0,1,1,0,0,0,0,0,13.37665079,52.46043248
5,5200629,2020,10,7,5,3,5,2,0,1,1,0,0,0,0,1,13.19251709,52.528621
8,8200622,2020,10,23,5,3,1,5,2,0,1,0,1,0,0,0,13.44092714,52.4603745
1,1300733,2020,10,22,5,3,2,6,2,0,1,0,0,0,0,0,13.38436288,52.55602381
2,2100102,2020,10,11,2,3,5,2,0,1,0,0,0,0,1,0,13.39581881,52.49891565
3,3601245,2020,10,18,4,2,5,2,2,1,1,0,0,0,0,0,13.42794121,52.54550727
1,1300834,2020,10,9,2,3,2,6,0,0,0,0,0,0,1,1,13.39549859,52.5390414
1,1100101,2020,10,17,6,3,0,2,1,1,0,0,1,0,0,1,13.3511246,52.50963207
8,8100209,2020,10,20,5,3,5,3,2,0,0,0,1,0,1,0,13.43464976,52.46594424
6,6400839,2020,10,15,5,3,6,7,0,1,0,1,0,0,0,0,13.24735567,52.4482626
2,2500832,2020,10,9,2,3,2,6,0,0,1,0,0,0,0,0,13.46847179,52.50699962
5,5400942,2020,10,19,6,2,2,6,2,0,1,0,0,0,0,1,13.18180909,52.48731859
1,1300834,2020,10,19,5,3,0,1,2,1,0,0,0,0,0,0,13.40136536,52.53977079
4,4300622,2020,10,15,3,3,3,6,0,0,1,0,0,0,0,0,13.32299774,52.51113713
3,3300412,2020,10,16,6,3,5,3,0,0,1,0,0,0,0,1,13.47397452,52.60982511
9,9100306,2020,10,20,5,3,3,6,2,1,1,0,0,0,0,0,13.48119598,52.44501754
6,6300528,2020,10,19,5,2,5,2,2,1,0,0,0,0,0,0,13.25159635,52.42388892
2,2200209,2020,10,10,5,2,6,4,0,1,1,1,0,0,0,0,13.3858689,52.48738458
1,1100309,2020,10,11,4,3,5,2,0,1,1,0,0,0,0,0,13.39380154,52.52853222
11,11300826,2020,10,19,5,3,4,6,2,0,1,0,0,0,1,0,13.47939107,52.50795763
2,2300316,2020,10,17,5,3,2,6,0,0,1,0,0,0,0,0,13.43935855,52.50242042
4,4200311,2020,10,11,2,2,0,6,0,0,1,0,1,0,0,0,13.2701103,52.49929684
9,9502043,2020,10,6,4,3,2,6,2,0,1,0,0,0,0,1,13.55327095,52.46954159
1,1200517,2020,10,9,2,3,5,3,0,0,1,0,1,0,0,1,13.31488818,52.52952449
12,12100103,2020,10,9,6,3,5,3,0,1,1,0,0,0,0,1,13.37361261,52.57462325
3,3500932,2020,10,16,5,3,5,3,0,1,1,0,0,0,0,0,13.44873459,52.55972662
4,4300619,2020,10,13,5,3,0,6,0,1,1,0,0,0,0,0,13.30841111,52.51831747
11,11501340,2020,10,15,5,3,5,3,0,1,1,0,0,0,0,0,13.53022489,52.48662803
9,9100304,2020,10,16,5,3,5,2,0,1,1,0,0,0,0,0,13.48894252,52.46421978
12,12601235,2020,10,11,2,3,5,3,0,1,1,0,0,0,0,0,13.36319717,52.59690724
2,2100105,2020,10,11,4,3,2,7,0,1,1,0,0,0,0,0,13.4163087,52.49967069
7,7200308,2020,10,16,5,3,5,5,0,1,1,0,0,0,0,0,13.34302798,52.48261598
4,4501153,2020,10,15,5,3,1,5,0,1,1,0,0,0,0,0,13.3365405,52.47999561
7,7300619,2020,10,9,2,3,0,7,0,0,1,0,0,1,0,1,13.3485612,52.46080205
11,11400931,2020,10,15,5,3,6,3,0,0,1,1,0,0,0,0,13.51489821,52.50558066
10,10100102,2020,10,15,5,3,5,3,0,1,1,0,0,0,0,0,13.56915459,52.57022599
1,1100308,2020,10,9,2,3,5,2,0,1,1,0,0,0,0,1,13.38018045,52.53288195
6,6100101,2020,10,22,4,3,6,4,2,0,1,1,0,0,0,0,13.31790427,52.45420959
1,1400940,2020,10,15,5,3,6,4,0,0,1,1,0,0,0,0,13.35897149,52.56032889
3,3601245,2020,10,8,5,3,2,6,0,0,1,0,1,0,0,0,13.4272836,52.54486636
12,12400619,2020,10,9,2,3,5,3,0,0,1,0,0,0,0,1,13.24067438,52.60194672
4,4200310,2020,10,13,3,3,2,2,0,0,1,0,1,0,0,0,13.27163631,52.51007911
5,5200629,2020,10,19,6,3,5,3,2,0,1,0,0,0,0,1,13.19854196,52.53289702
7,7501029,2020,10,7,5,2,6,4,1,1,0,1,0,0,0,0,13.38044173,52.44315216
6,6300527,2020,10,20,5,3,5,3,2,1,1,0,0,0,0,0,13.27618428,52.43853763
6,6100103,2020,10,15,5,3,6,2,0,0,1,1,0,0,0,0,13.32482954,52.46124981
6,6300633,2020,10,0,5,2,5,3,2,0,1,0,0,0,1,0,13.31559681,52.44317623
10,10100210,2020,10,9,2,3,5,3,0,0,1,0,1,0,0,1,13.5445744,52.5449284
2,2400521,2020,10,13,4,3,5,2,0,1,1,0,0,0,0,0,13.43288256,52.51782483
3,3601244,2020,10,13,5,3,5,2,0,1,1,0,0,0,0,0,13.42575826,52.55266805
1,1300835,2020,10,8,2,2,0,1,0,0,0,0,1,0,0,1,13.3924674,52.53696179
4,4400830,2020,10,14,3,3,5,2,0,1,1,0,0,0,0,0,13.29596889,52.48199094
2,2200210,2020,10,12,6,3,2,6,0,0,1,0,0,0,0,1,13.38993054,52.49602416
3,3601453,2020,10,13,5,3,5,2,0,1,0,0,1,0,0,0,13.45814609,52.52560274
8,8200832,2020,10,8,2,3,5,3,0,0,1,0,0,0,0,1,13.43815534,52.41742231
12,12200310,2020,10,19,3,3,5,3,2,1,1,0,0,0,0,1,13.31048084,52.56795493
10,10300734,2020,10,7,6,3,5,3,1,1,1,0,0,0,0,1,13.55843257,52.49399034
8,8100521,2020,10,13,5,3,5,3,0,0,1,0,0,0,0,1,13.46647893,52.46819407
4,4400832,2020,10,18,5,3,3,6,2,0,1,0,1,0,0,1,13.29439278,52.47411891
1,1300836,2020,10,9,5,3,2,6,0,0,1,0,0,0,0,0,13.37843886,52.54465276
12,12400721,2020,10,13,5,3,0,3,0,0,1,0,1,0,0,0,13.30216201,52.64509936
12,12100204,2020,10,14,4,3,3,6,0,0,1,0,0,0,0,0,13.35264775,52.56421921
3,3300413,2020,10,7,2,3,2,6,1,0,1,0,0,0,0,0,13.48154659,52.60963822
1,1401045,2020,10,8,4,3,2,6,0,0,1,0,0,0,0,1,13.37354018,52.55658105
4,4501042,2020,10,5,6,3,1,5,2,1,0,0,0,1,0,1,13.33844707,52.50358618
5,5300736,2020,10,11,4,3,2,6,0,0,1,0,0,0,0,1,13.22908528,52.53792313
1,1400938,2020,10,5,2,3,2,2,2,0,1,0,0,0,0,1,13.33575823,52.54180816
12,12200413,2020,10,16,3,3,5,3,0,0,1,0,0,0,0,0,13.28408254,52.57862805
1,1200522,2020,10,14,6,3,2,6,0,0,1,0,1,0,0,1,13.33625737,52.52479313
10,10100311,2020,10,10,4,3,5,2,0,0,1,0,0,0,0,1,13.51751155,52.53540723
1,1300733,2020,10,18,4,3,5,2,2,1,1,0,0,0,0,0,13.38166344,52.55227145
1,1200625,2020,10,6,5,3,0,2,1,0,1,0,1,0,0,1,13.35143799,52.52782963
2,2500832,2020,10,19,4,3,2,6,2,0,1,0,0,0,0,1,13.47507095,52.51148138
11,11300620,2020,10,17,4,2,5,7,1,0,0,0,1,0,1,0,13.48543454,52.52667746
4,4501043,2020,10,9,5,3,0,6,0,1,1,0,0,0,0,1,13.31223633,52.49848842
12,12500930,2020,10,8,5,3,2,6,0,0,1,0,0,0,0,0,13.32114552,52.5842675
8,8100312,2020,10,15,4,3,6,4,0,0,1,1,0,0,0,1,13.43586269,52.48377773
2,2200209,2020,10,17,4,3,2,6,1,0,1,0,0,0,0,0,13.3761534,52.48772415
9,9200510,2020,10,1,2,3,8,1,2,0,1,0,0,0,0,1,13.50547681,52.47680079
12,12400720,2020,10,9,4,3,5,3,0,0,1,0,0,0,1,0,13.28030439,52.63013571
1,1200517,2020,10,7,2,3,5,3,0,1,1,0,0,0,0,1,13.3190759,52.53109205
6,6200421,2020,10,16,6,3,5,3,2,0,1,0,0,0,0,1,13.31243276,52.43042679
1,1100309,2020,10,15,4,3,6,2,0,0,1,1,0,0,0,0,13.39839794,52.52655368
8,8200831,2020,10,17,2,2,5,3,2,0,1,0,0,0,0,1,13.41049786,52.41403571
8,8100102,2020,10,9,3,3,5,3,0,1,1,0,0,0,0,0,13.42024805,52.47676938
6,6400841,2020,10,14,5,3,1,5,0,0,1,0,0,0,0,0,13.26369607,52.43903551
10,10300731,2020,10,15,4,3,6,4,0,0,0,1,0,0,1,0,13.5580272,52.52960515
10,10100315,2020,10,14,2,3,6,2,0,0,1,1,0,0,0,0,13.5698893,52.54084148
1,1401045,2020,10,12,4,3,9,1,0,0,1,0,0,0,0,1,13.37564172,52.55640962
12,12100204,2020,10,14,4,3,5,2,0,1,1,0,0,0,0,0,13.36228983,52.56793218
1,1200521,2020,10,16,4,3,0,5,1,0,0,0,1,0,1,0,13.33535654,52.52619928
11,11300620,2020,10,13,4,3,0,1,0,1,0,0,0,0,0,1,13.47639637,52.53312093
3,3200207,2020,10,12,4,2,5,3,0,1,1,0,0,0,0,1,13.42457504,52.58981512
4,4300623,2020,10,14,2,3,6,7,0,0,0,1,0,0,1,0,13.30674156,52.50646276
2,2300314,2020,10,16,3,3,6,4,0,1,0,1,0,0,0,0,13.42298674,52.50009771
7,7601443,2020,10,9,6,3,3,6,0,1,1,0,0,0,0,1,13.41066787,52.40948054
1,1200520,2020,10,13,3,3,5,3,0,1,0,0,0,0,1,0,13.33929438,52.53390668
4,4300622,2020,11,15,6,3,1,5,0,1,1,0,0,0,0,0,13.32980814,52.50731827
4,4501045,2020,11,8,2,3,2,6,0,0,1,0,0,0,0,1,13.33069024,52.498644
10,10400941,2020,11,6,3,3,0,3,2,1,1,0,0,0,0,1,13.60858084,52.49187549
7,7300517,2020,11,19,2,3,5,3,2,0,1,0,0,0,0,0,13.33272105,52.4689643
1,1200522,2020,11,2,7,3,0,1,2,0,0,0,1,0,0,1,13.32968901,52.52281459
11,11300618,2020,11,10,5,3,5,3,0,1,1,0,0,0,0,0,13.45892641,52.5259918
7,7601339,2020,11,13,2,3,5,3,0,1,1,0,0,0,0,0,13.34691019,52.41204307
7,7400822,2020,11,14,6,3,5,2,0,1,1,0,0,0,0,0,13.35924957,52.45680998
10,10200524,2020,11,16,3,3,0,2,1,1,1,0,0,0,0,0,13.62110836,52.53685863
2,2100106,2020,11,22,1,3,2,7,2,1,0,0,0,0,1,0,13.41687289,52.49895451
6,6200312,2020,11,11,7,2,5,3,0,1,1,0,0,0,0,0,13.33135704,52.4421196
4,4100101,2020,11,14,1,2,5,3,0,0,1,0,1,0,0,0,13.29696246,52.54801065
11,11300724,2020,11,12,4,3,6,4,0,0,1,1,0,0,0,0,13.49007363,52.51442763
7,7400721,2020,11,7,2,3,5,2,0,0,1,0,0,0,1,1,13.3844986,52.47157142
3,3601450,2020,11,6,6,3,2,2,1,0,1,0,0,0,0,0,13.45761259,52.528753
8,8401243,2020,11,12,1,3,0,1,0,1,0,0,0,0,0,1,13.4957606,52.43215128
7,7400720,2020,11,11,3,2,5,2,0,1,0,0,0,1,0,0,13.38104532,52.48256708
12,12500825,2020,11,10,6,3,0,3,0,0,1,0,0,0,1,0,13.30394113,52.58323904
4,4500936,2020,11,19,4,3,6,4,2,1,0,1,0,0,0,0,13.29645285,52.50226337
4,4501150,2020,11,11,2,3,5,2,0,1,0,0,0,0,1,1,13.32226307,52.4864286
1,1300733,2020,11,17,5,3,5,2,2,1,1,0,0,0,0,0,13.3816479,52.55227777
9,9300923,2020,11,14,3,3,0,1,0,0,0,0,1,0,0,0,13.53739184,52.40391658
3,3500936,2020,11,15,2,3,2,2,0,1,1,0,0,0,0,0,13.45273509,52.54879478
1,1401045,2020,11,14,5,3,5,2,0,1,1,0,0,0,0,0,13.37393985,52.55649968
2,2300314,2020,11,10,3,3,2,6,0,1,1,0,0,0,0,0,13.41841315,52.50005969
5,5100104,2020,11,10,7,3,6,7,0,0,1,1,0,0,0,0,13.21820746,52.55658942
6,6100102,2020,11,18,1,3,5,2,2,0,1,0,1,0,0,0,13.31910613,52.45448144