BEZ,LOR_ab_2021,UJAHR,UMONAT,USTUNDE,UWOCHENTAG,UKATEGORIE,UART,UTYP1,ULICHTVERH,IstRad,IstPKW,IstFuss,IstKrad,IstGkfz,IstSonstige,USTRZUSTAND,XGCSWGS84,YGCSWGS84
3,3701555,2020,11,16,4,3,0,1,1,1,0,0,0,0,0,0,13.41920187,52.53824027
8,8401241,2020,11,8,2,3,5,3,0,0,1,0,0,0,0,1,13.48810093,52.43488973
2,2100106,2020,11,0,6,3,5,3,2,0,1,0,0,0,0,0,13.41216808,52.49873686
10,10200418,2020,11,13,1,3,5,2,0,0,1,0,0,0,0,0,13.5916184,52.54492803
8,8100102,2020,11,12,3,3,6,2,0,0,1,1,0,0,0,0,13.42588615,52.47824825
3,3601141,2020,11,13,6,3,0,2,0,1,1,0,0,0,0,0,13.41471565,52.55357069
8,8200730,2020,11,15,4,3,5,2,0,1,1,0,0,0,0,0,13.43469529,52.44030302
4,4200308,2020,11,7,5,3,5,3,0,1,1,0,0,0,0,0,13.28039594,52.51833219
9,9200715,2020,11,13,3,3,2,6,0,0,1,0,0,0,0,0,13.5287576,52.42636971
1,1300732,2020,11,20,6,3,0,4,2,0,0,1,1,0,0,1,13.39426155,52.56277848
9,9301126,2020,11,12,1,3,0,1,0,1,0,0,0,0,0,1,13.58044236,52.41754736
4,4400835,2020,11,8,4,3,1,5,0,1,1,0,0,0,0,0,13.31235581,52.46856278
2,2500830,2020,11,17,2,3,5,3,2,1,1,0,0,0,0,0,13.45929779,52.51243591
6,6300526,2020,11,8,1,3,0,1,0,0,1,0,0,0,0,0,13.26001095,52.43173892
10,10100311,2020,11,5,5,3,5,2,2,1,1,0,0,0,0,0,13.51973228,52.52610791
1,1400938,2020,11,12,1,3,0,1,0,0,0,0,1,0,0,1,13.33994461,52.53981853
1,1300836,2020,11,21,7,3,5,2,2,1,1,0,0,0,0,0,13.37696448,52.54573835
12,12100205,2020,11,12,1,3,1,5,0,0,1,0,0,0,0,1,13.34362432,52.56986176
2,2200212,2020,11,10,4,3,2,3,0,1,0,0,0,0,0,0,13.40653143,52.48948079
10,10200627,2020,11,14,1,3,0,1,0,0,0,0,0,0,1,0,13.58939471,52.52776462
8,8401244,2020,11,10,5,2,0,1,0,0,0,0,1,0,0,0,13.49046719,52.41344979
6,6300633,2020,11,10,1,3,1,1,0,1,0,0,1,0,0,1,13.31547547,52.44432029
12,12100204,2020,11,14,3,3,0,6,0,0,1,0,0,0,0,0,13.35349672,52.56244007
6,6100101,2020,11,7,6,3,1,5,0,0,1,0,0,0,0,1,13.30886098,52.45943966
2,2200213,2020,11,14,4,3,2,6,0,0,1,0,0,0,0,0,13.41536104,52.4911657
4,4501042,2020,11,5,1,3,3,6,2,0,1,0,1,0,0,0,13.3343555,52.50437694
10,10200418,2020,11,13,5,2,5,3,0,0,1,0,0,0,0,0,13.59173088,52.5449802
1,1100104,2020,11,15,3,3,5,2,1,1,1,0,0,0,0,0,13.36379355,52.50077593
6,6100101,2020,11,18,6,3,6,7,2,1,0,1,0,0,0,0,13.31971971,52.45724467
1,1100103,2020,11,4,1,3,0,1,2,0,0,0,0,0,1,0,13.35346958,52.50220342
12,12200413,2020,11,12,3,3,0,1,0,1,0,0,0,0,0,0,13.28388089,52.57877317
10,10100315,2020,11,16,2,3,5,7,1,0,1,0,0,0,0,0,13.57048142,52.54329319
7,7100103,2020,11,22,7,3,6,4,2,0,1,1,0,0,0,0,13.3594495,52.4984865
3,3601243,2020,11,18,5,3,5,2,2,1,1,0,0,0,0,0,13.42054115,52.54865808
6,6400838,2020,11,17,2,3,5,3,2,0,1,0,0,0,0,0,13.22642075,52.43882016
3,3601245,2020,11,16,6,3,5,3,1,1,1,0,0,0,0,0,13.44655213,52.54665819
10,10300731,2020,11,12,3,3,0,2,0,1,1,0,0,0,0,1,13.56302918,52.51424485
4,4300623,2020,11,17,1,3,5,7,2,0,1,0,0,0,0,0,13.31399377,52.50621709
11,11200513,2020,11,12,1,2,1,5,0,1,0,0,0,0,1,0,13.4958984,52.54257633
9,9501941,2020,11,13,7,3,5,2,0,1,1,0,0,0,0,0,13.59347856,52.45294522
10,10200420,2020,11,8,2,3,5,2,0,0,1,0,0,0,0,0,13.60136181,52.53580599
7,7400823,2020,11,19,6,3,5,2,2,0,1,0,0,0,0,0,13.37202369,52.46984379
12,12200515,2020,11,10,4,3,5,2,0,1,1,0,0,0,0,0,13.28838301,52.58410802
12,12200309,2020,11,15,1,3,0,2,0,0,1,0,1,0,0,0,13.32871414,52.56241515
6,6100101,2020,11,17,7,3,2,6,2,0,1,0,0,0,0,0,13.32007137,52.4571125
3,3400723,2020,11,11,5,3,5,3,0,1,1,0,0,0,0,0,13.41045246,52.5712941
5,5100317,2020,11,18,3,3,2,6,2,0,1,0,0,0,0,0,13.23720598,52.52694888
1,1100308,2020,11,22,6,2,6,2,2,0,0,1,1,0,0,0,13.38284242,52.53052241
12,12200310,2020,11,17,1,3,5,3,2,0,1,0,0,0,0,0,13.31137099,52.5697886
12,12400618,2020,11,7,3,3,5,2,0,1,0,0,1,0,0,0,13.25550266,52.60978187
8,8401241,2020,11,16,2,3,2,6,1,0,1,0,0,0,0,0,13.46983099,52.43479975
10,10100312,2020,11,8,7,3,5,3,0,0,1,0,0,0,0,1,13.53863194,52.52463574
9,9200715,2020,11,15,5,3,5,2,0,1,0,0,0,0,1,0,13.52665017,52.42636803
1,1300835,2020,11,16,2,3,3,2,1,1,1,0,0,0,0,1,13.37991795,52.5405295
10,10300731,2020,11,13,6,3,2,6,0,0,1,0,0,0,0,0,13.56624861,52.53443014
11,11100309,2020,11,12,3,3,6,4,0,0,0,1,0,0,1,0,13.50425431,52.56304833
6,6100207,2020,11,17,1,3,6,2,2,0,1,1,0,0,0,0,13.32074649,52.45185652
5,5100105,2020,11,10,7,3,2,6,0,0,1,0,1,0,0,0,13.20695937,52.55569708
11,11100204,2020,11,16,1,3,5,3,1,0,1,0,0,0,0,0,13.52812648,52.55698414
1,1200623,2020,11,18,4,3,5,3,2,1,1,0,0,0,0,0,13.34946194,52.53176394
11,11400927,2020,11,10,2,3,0,1,0,0,0,0,1,0,0,1,13.47766568,52.5046934
8,8100521,2020,11,8,6,3,0,7,0,1,0,0,0,0,0,1,13.46754471,52.46848961
4,4200308,2020,10,23,7,1,6,4,2,0,1,1,1,0,0,0,13.27227181,52.5195821
7,7601340,2020,11,12,3,3,2,6,0,0,1,0,1,0,0,0,13.36062131,52.41272289
12,12200310,2020,10,18,7,3,2,6,2,0,1,0,0,0,1,1,13.3146422,52.57663473
3,3601142,2020,11,8,5,3,0,6,0,1,1,0,0,0,0,0,13.41176795,52.54755662
4,4300623,2020,11,8,3,3,2,6,0,0,1,0,0,0,0,0,13.30894247,52.50649903
2,2200208,2020,11,13,6,3,5,2,0,1,1,0,0,0,0,0,13.38942513,52.49595538
12,12100206,2020,10,17,7,3,4,5,2,0,1,0,1,0,0,1,13.3375582,52.57130198
2,2500726,2020,11,9,3,3,0,1,0,1,0,0,0,0,0,0,13.45337084,52.5234166
2,2500835,2020,11,12,7,3,5,2,0,1,1,0,0,0,0,0,13.46474518,52.49736628
2,2400623,2020,11,13,5,3,5,3,0,0,1,0,0,0,1,0,13.43037543,52.51042906
8,8100416,2020,11,14,2,3,5,3,0,1,1,0,0,0,0,0,13.44173493,52.47860885
2,2200210,2020,11,22,5,2,5,2,2,1,0,0,1,0,0,0,13.39578101,52.49788188
12,12500930,2020,11,9,3,3,5,7,0,0,1,0,1,0,0,1,13.34124117,52.58260961
1,1200520,2020,11,9,7,3,6,4,0,1,0,1,0,0,0,0,13.34337108,52.53191041
8,8100105,2020,10,17,7,3,5,3,2,0,1,0,0,0,0,0,13.43184809,52.46642006
8,8100104,2020,11,14,4,3,1,5,0,0,1,0,0,0,0,0,13.42965759,52.47047684
10,10200420,2020,11,12,6,3,0,7,0,0,1,0,0,0,0,0,13.60112807,52.53684324
12,12200309,2020,10,16,7,3,0,2,1,1,0,0,0,0,1,1,13.32627901,52.56445527
5,5200420,2020,11,13,3,3,2,7,0,0,1,1,0,0,0,0,13.17987169,52.52955611
1,1100309,2020,11,11,6,3,6,7,0,0,0,1,0,1,0,0,13.40341036,52.52520156
1,1300835,2020,11,14,4,3,5,3,0,0,1,0,1,0,0,1,13.39022546,52.53540593
2,2200211,2020,11,8,6,3,5,2,0,1,0,0,0,0,0,0,13.40771813,52.48850583
7,7300619,2020,11,18,4,3,2,6,2,0,1,0,0,0,0,0,13.35597556,52.45736126
3,3400828,2020,11,19,1,3,5,3,2,0,1,0,0,0,0,0,13.42247807,52.55979951
1,1100309,2020,11,16,5,3,0,3,1,1,0,0,0,0,0,0,13.39732857,52.52868406
9,9200717,2020,11,20,3,3,1,5,2,1,0,0,0,0,1,0,13.55524767,52.43834758
7,7400927,2020,11,7,6,3,5,3,1,1,1,0,0,0,0,1,13.38774522,52.46037131
10,10400941,2020,10,16,7,3,5,3,2,0,1,0,0,0,0,1,13.61141659,52.4779122
9,9501737,2020,11,9,4,3,5,2,0,1,1,0,0,0,0,0,13.62507109,52.45381648
1,1100415,2020,11,12,1,3,3,6,0,1,1,0,0,0,0,0,13.38331246,52.53064927
4,4400834,2020,11,5,5,3,6,2,2,0,1,1,0,0,0,1,13.30963423,52.47626805
11,11200512,2020,10,16,7,3,1,5,1,1,1,0,0,0,0,1,13.4780516,52.54754161
1,1100308,2020,11,16,3,3,0,5,1,0,1,0,1,0,0,0,13.38518797,52.52885446
9,9200715,2020,11,7,6,2,5,2,0,0,1,0,0,1,0,0,13.53515491,52.4323095
9,9501838,2020,11,13,4,3,5,3,0,1,1,0,0,0,0,0,13.70660912,52.43408339
2,2200210,2020,11,0,1,3,5,3,2,1,1,0,0,0,0,0,13.39539702,52.49775686
5,5100316,2020,11,13,5,3,6,4,0,0,0,1,0,0,1,0,13.20048127,52.53868659
12,12200307,2020,11,15,3,3,5,7,0,0,1,0,0,0,1,0,13.33270642,52.57760047
10,10100311,2020,11,16,6,3,5,3,1,0,1,0,0,0,0,0,13.53075603,52.51969579
2,2200209,2020,10,16,7,3,0,2,1,1,0,0,0,0,1,1,13.38609801,52.48736477
9,9100304,2020,11,10,3,3,0,3,0,1,1,0,0,0,0,1,13.48894716,52.46436998
7,7601340,2020,11,15,2,3,5,7,0,0,1,0,1,0,0,0,13.35754757,52.41311376
7,7300516,2020,11,16,5,3,5,3,2,1,1,0,0,0,0,0,13.32448499,52.46586298
9,9502043,2020,11,13,3,3,4,7,0,0,1,0,1,0,0,0,13.56019889,52.47034715
9,9502043,2020,11,19,6,3,0,3,2,0,1,0,1,0,0,0,13.57288204,52.47039069
8,8100206,2020,10,14,7,3,1,5,0,1,1,0,0,0,0,1,13.42648307,52.48100635
10,10300731,2020,11,7,4,3,5,3,0,0,1,0,0,0,0,0,13.56182235,52.53044625
2,2400623,2020,11,15,2,3,3,6,0,1,1,0,0,0,0,0,13.42973424,52.50975555
5,5300735,2020,11,13,7,3,0,7,0,0,1,0,0,0,0,0,13.22553864,52.55455873
2,2300316,2020,11,20,5,3,6,7,2,1,0,1,0,0,0,0,13.44158236,52.50058852
10,10100206,2020,11,9,2,3,0,1,0,0,0,0,1,0,0,1,13.57502747,52.56019044
1,1401043,2020,11,18,6,3,5,3,2,1,1,0,0,0,0,0,13.36298478,52.54880852
1,1400942,2020,11,6,4,3,2,6,2,0,1,0,0,0,0,0,13.34755682,52.54350628
11,11401137,2020,11,21,2,2,5,5,2,0,1,0,1,0,0,1,13.51908909,52.49456237
5,5300736,2020,11,13,1,3,5,2,0,0,1,0,0,0,0,0,13.21920676,52.53716982
4,4200310,2020,11,13,7,3,6,7,0,0,1,1,0,0,0,0,13.27003538,52.51092733
1,1400938,2020,11,10,5,3,0,5,0,1,1,0,0,0,0,1,13.33332289,52.54652702
11,11100307,2020,11,16,3,3,3,5,1,0,1,0,0,0,0,0,13.50753855,52.56575688
10,10400938,2020,11,15,6,3,5,3,0,0,1,0,0,0,0,0,13.64454862,52.52624293
12,12100103,2020,10,15,7,3,0,2,0,1,1,0,0,0,0,1,13.36098418,52.57041324
4,4501040,2020,11,8,3,2,5,2,0,1,1,0,0,0,0,0,13.31326594,52.50218133
6,6300528,2020,11,15,2,3,0,6,0,1,0,0,0,1,0,0,13.25185621,52.42099483
4,4400835,2020,11,11,7,3,0,2,0,0,1,0,1,0,0,1,13.31995632,52.46705554
3,11300617,2020,11,14,5,2,6,6,0,0,1,1,0,0,0,0,13.46131697,52.52955461
6,6300632,2020,11,18,2,3,2,6,2,0,1,0,0,0,0,0,13.30683911,52.42892662
6,6200317,2020,11,15,2,3,5,3,0,0,1,0,0,0,0,0,13.3465424,52.41828446
5,5200631,2020,11,13,6,3,0,6,0,0,1,0,0,0,1,0,13.19595936,52.5272513
9,9501939,2020,11,10,3,3,5,3,0,1,1,0,0,0,0,0,13.57525307,52.45384059
8,8100314,2020,11,0,7,3,0,7,2,0,0,0,0,0,1,0,13.42415872,52.48647954
12,12500930,2020,11,16,5,3,5,2,1,0,1,0,1,0,0,0,13.31542523,52.57784057
1,1300733,2020,11,14,2,3,6,7,0,1,0,1,0,0,0,0,13.38977684,52.55528545
1,1300733,2020,11,17,2,3,5,3,2,1,1,0,0,0,0,0,13.38383428,52.55501384
1,1100415,2020,11,15,6,3,2,6,0,0,1,0,0,0,0,0,13.38865002,52.53259029
5,5100104,2020,11,10,3,3,2,2,0,0,1,0,0,0,0,0,13.20836981,52.56163202
10,10100205,2020,10,15,7,3,9,6,0,0,1,0,0,0,0,1,13.53596124,52.54360549
2,2200209,2020,11,9,1,3,5,3,0,1,1,0,0,0,0,0,13.38642246,52.49007462
3,3500934,2020,11,12,7,2,5,3,0,1,1,0,0,0,0,0,13.44115365,52.54945547
6,6300524,2020,10,15,7,2,9,1,0,0,1,0,0,0,0,1,13.24203842,52.42508349
9,9200511,2020,11,22,4,3,5,2,2,1,0,0,0,0,0,0,13.52155643,52.46380077
4,4400830,2020,11,9,3,3,0,1,0,1,0,0,0,0,0,1,13.29038863,52.48207061
7,7400826,2020,11,12,6,3,5,3,0,0,1,0,0,1,0,0,13.36676498,52.44970282
3,3501038,2020,10,15,7,3,5,3,0,0,1,0,0,0,1,1,13.47025285,52.5536469
1,1200629,2020,11,18,3,3,2,2,2,1,1,0,0,0,0,0,13.33631442,52.51474243
8,8200624,2020,11,7,6,3,5,3,0,1,1,0,0,0,0,0,13.42510517,52.45799306
7,7300516,2020,11,18,4,3,5,2,1,1,1,0,0,0,0,0,13.32845512,52.46481668
5,5400943,2020,11,14,2,3,1,5,0,1,1,0,0,0,0,0,13.14251245,52.45305861
6,6300526,2020,11,12,2,3,6,4,0,1,0,1,0,0,0,0,13.25831314,52.43558356
6,6100206,2020,11,18,5,3,2,6,2,0,1,0,0,0,0,0,13.3393911,52.44847355
4,4200311,2020,11,14,3,3,5,3,0,0,1,0,0,0,0,0,13.28133677,52.50819896
1,1100310,2020,11,0,7,3,5,2,2,1,1,0,0,0,0,0,13.41168066,52.5239631
5,5100105,2020,10,13,7,3,4,2,0,0,1,0,0,0,0,1,13.18861801,52.55641923
5,5300839,2020,11,12,4,2,6,7,0,0,0,1,0,0,1,0,13.25914959,52.54342669
11,11100308,2020,11,10,7,3,6,4,0,0,1,1,0,0,0,0,13.49193895,52.56517103
3,3601245,2020,10,20,7,3,2,6,2,0,1,0,0,0,0,1,13.43492804,52.542812
3,3601245,2020,11,16,4,3,5,3,1,1,1,0,0,0,0,0,13.43054909,52.55119956
7,7400927,2020,11,8,2,3,6,7,0,1,0,1,0,0,0,1,13.41109209,52.45660188
3,3601245,2020,11,8,6,3,5,2,0,1,0,0,0,1,0,0,13.42999734,52.55141849
2,2500727,2020,10,17,7,3,2,6,2,0,1,0,0,0,0,1,13.4546199,52.51582806
7,7200409,2020,11,12,3,3,1,5,0,1,1,0,0,0,0,0,13.35399334,52.48724423
8,8401242,2020,11,13,6,3,6,7,0,0,1,1,0,0,0,0,13.47498052,52.4082551
1,1100101,2020,11,15,4,3,5,2,0,1,1,0,0,0,0,0,13.35114189,52.50963442
6,6300629,2020,11,14,2,3,2,6,0,0,1,0,0,0,0,0,13.29420108,52.44524751
12,12400723,2020,11,18,1,3,0,7,2,1,0,0,0,0,0,0,13.31222979,52.6186573
7,8200831,2020,11,7,5,3,2,3,0,0,1,0,0,0,0,0,13.40144883,52.41466887
1,1200520,2020,11,22,3,3,5,3,2,1,1,0,0,0,0,0,13.34340976,52.52623033
6,6100103,2020,11,20,6,3,1,5,2,0,1,0,1,0,0,0,13.32260473,52.46481829
8,8300934,2020,10,18,7,3,2,6,2,0,1,0,0,0,0,1,13.45518408,52.43025686
4,4501148,2020,11,8,4,3,6,4,0,1,0,1,0,0,0,0,13.31173693,52.48102142
11,11300617,2020,11,15,2,3,6,4,0,1,0,1,0,0,0,1,13.47885173,52.52646761
6,6400843,2020,11,10,1,3,5,2,0,0,1,0,0,0,0,0,13.28404743,52.44567215
8,8200727,2020,11,13,5,2,5,3,0,0,1,0,1,0,0,0,13.45193906,52.43829759
11,11200410,2020,10,5,7,3,0,1,2,0,1,0,0,0,0,1,13.51596959,52.55184394
2,2500833,2020,11,17,3,3,1,5,2,1,1,0,0,0,0,0,13.46078548,52.50880053
2,2300314,2020,11,0,6,3,6,4,2,0,1,1,0,0,0,0,13.41937831,52.49916065
4,4300623,2020,11,9,4,3,1,5,0,1,1,0,0,0,0,0,13.3052467,52.50994385
6,6100209,2020,11,14,1,3,2,2,0,1,1,0,0,0,0,0,13.33507067,52.4642815
3,3501038,2020,11,12,5,3,5,3,0,1,1,0,0,0,0,0,13.47572763,52.55031908
11,11100203,2020,10,0,7,3,0,1,2,0,1,0,0,0,0,1,13.52680037,52.56928866
3,3601142,2020,11,14,3,3,2,7,0,0,1,0,0,0,0,0,13.40129371,52.54660112
5,5100211,2020,11,8,6,3,0,1,0,1,0,0,0,0,0,0,13.17628342,52.53972294
2,2200209,2020,11,14,4,3,1,5,0,1,1,0,0,0,0,0,13.38053804,52.48971016
7,7400721,2020,11,15,5,3,2,7,0,0,1,0,0,0,0,0,13.37965651,52.48113136
9,9401432,2020,11,15,3,3,0,7,0,1,0,1,0,0,0,1,13.59353063,52.44346378
6,6400838,2020,11,18,6,3,0,6,2,1,0,0,0,0,1,0,13.21837905,52.44085434
4,4100102,2020,10,0,7,3,5,2,2,0,1,0,1,0,0,1,13.29844533,52.53507869
8,8200624,2020,11,19,3,2,9,1,2,0,1,0,1,0,0,0,13.42668544,52.4568005
2,2300417,2020,11,10,2,3,5,3,0,1,1,0,0,0,0,1,13.42470077,52.49737502
2,2300315,2020,11,21,7,3,3,6,2,1,0,0,0,0,1,0,13.43719876,52.50024285
2,2200209,2020,11,19,5,3,5,2,2,0,1,0,1,0,0,0,13.38404221,52.48498897
5,5100208,2020,11,14,2,3,5,3,0,0,1,0,0,0,0,0,13.16539236,52.55118842
11,11300724,2020,11,17,2,3,2,2,2,0,1,0,0,0,0,0,13.48960553,52.5120984
3,3200205,2020,11,16,6,3,5,2,2,1,1,0,0,0,0,0,13.39112449,52.58376213
6,6400838,2020,11,12,4,3,8,1,0,0,1,0,0,0,0,0,13.22817523,52.43906894
9,9401534,2020,11,14,2,3,2,2,0,0,1,0,0,0,0,0,13.58621862,52.4408712
8,8100419,2020,11,12,1,2,5,3,0,0,1,0,1,0,0,0,13.4488269,52.48503376
10,10400938,2020,11,13,7,3,5,3,0,0,1,0,0,0,0,0,13.61645582,52.51928469
3,3501037,2020,11,8,5,2,4,6,0,1,0,0,0,0,0,0,13.4684348,52.55798637
1,1100308,2020,11,8,3,3,5,2,0,1,1,0,0,0,0,0,13.38313275,52.53060205
10,10100312,2020,11,14,6,3,5,2,0,1,1,0,0,0,0,0,13.54012811,52.52566462
5,5100316,2020,11,15,1,3,3,6,0,0,1,0,1,0,0,0,13.20411742,52.54038291
10,10200629,2020,11,19,7,3,5,2,2,0,1,0,0,0,0,0,13.58379681,52.52426662
8,8100206,2020,11,11,5,3,6,4,0,1,0,1,0,0,0,0,13.42755384,52.48112023
12,12200412,2020,11,17,3,3,5,2,2,1,0,0,0,0,0,0,13.29180512,52.58035598
10,10100312,2020,11,15,6,2,5,7,0,0,1,0,0,0,1,0,13.55044785,52.53353438
7,7300618,2020,10,0,7,3,0,1,2,1,0,0,0,0,0,1,13.34349983,52.47209299
9,9200716,2020,11,7,3,3,3,6,1,1,0,0,0,0,1,1,13.54610511,52.43718597
8,8200726,2020,11,10,2,3,0,4,0,0,0,1,1,0,0,1,13.43851465,52.45216398
5,5200423,2020,11,4,7,2,1,1,2,0,1,0,0,0,0,1,13.15989854,52.53324071
7,7200308,2020,11,15,5,3,6,4,0,1,0,1,0,0,0,0,13.33999318,52.48338592
10,10400940,2020,11,16,2,3,5,2,2,0,1,0,0,0,1,0,13.60704748,52.49011029
9,9501939,2020,11,14,6,3,4,6,0,1,0,0,0,0,0,0,13.57461452,52.45308663
11,11400930,2020,11,9,3,3,2,2,0,1,1,0,0,0,0,0,13.51147792,52.50433678
9,9501737,2020,10,10,7,3,2,7,0,0,1,0,0,0,0,1,13.62500967,52.45333069
4,4400728,2020,11,11,7,2,2,2,0,0,1,0,0,0,0,0,13.28096969,52.47683055
5,5200423,2020,10,12,7,3,0,7,0,0,1,0,0,0,0,1,13.1513855,52.5328077
1,1200517,2020,11,19,4,3,5,2,2,1,1,0,0,0,0,0,13.32837189,52.53293613
11,11401135,2020,11,11,2,3,5,3,0,1,1,0,0,0,0,1,13.50920747,52.49139041
4,4300619,2020,11,10,6,3,5,2,0,1,1,0,0,0,0,1,13.31209148,52.51557918
5,5100316,2020,10,12,7,3,4,6,0,1,0,0,0,0,1,1,13.19615554,52.53731223
8,8401242,2020,11,12,3,3,5,3,0,1,1,0,0,0,0,0,13.48820269,52.41926367
10,10200422,2020,11,22,6,2,5,2,2,1,1,0,0,0,0,0,13.60351929,52.54410964
11,11400929,2020,11,19,4,3,2,2,2,0,1,0,1,0,0,0,13.49303585,52.50097775
10,10300731,2020,11,13,2,3,5,3,0,0,1,0,0,0,0,1,13.55086305,52.52342067
4,4200310,2020,11,9,2,3,3,2,0,0,1,0,1,0,0,0,13.27285124,52.50879842
4,4400727,2020,10,11,7,3,1,7,0,0,1,0,0,0,1,1,13.28212643,52.47769621
12,12100101,2020,11,9,3,3,5,3,0,0,1,0,0,0,0,0,13.36456043,52.5626953
7,7100102,2020,11,12,7,3,6,4,0,0,1,1,0,0,0,0,13.34804171,52.50065851
12,12500926,2020,11,14,5,2,5,2,0,0,1,0,1,0,0,0,13.33431041,52.58970383
4,4200308,2020,11,14,2,3,2,2,0,0,0,0,1,0,1,0,13.28032503,52.51853525
9,9301025,2020,11,8,5,3,0,7,0,1,0,0,0,0,0,0,13.57470992,52.39795843
5,5200423,2020,11,9,3,3,6,2,0,0,1,1,0,0,0,0,13.15780235,52.53315654
1,1200628,2020,11,10,7,3,0,6,0,0,1,0,0,0,1,0,13.36935397,52.52632246
4,4200311,2020,10,12,7,3,3,2,0,0,1,0,1,0,0,1,13.27993657,52.50615941
7,7400826,2020,11,15,4,3,4,6,0,0,1,0,0,0,0,0,13.35986667,52.45444868
9,9200819,2020,11,6,2,3,0,7,2,1,1,0,0,0,0,1,13.56766528,52.44500779
12,12200309,2020,11,8,6,3,0,2,0,0,1,0,0,0,1,0,13.33045435,52.56257311
3,3601243,2020,10,12,7,3,5,7,0,0,1,0,0,0,0,1,13.41712155,52.5498638
5,5100105,2020,11,12,3,3,6,7,0,0,1,1,0,0,0,0,13.19242873,52.5566832
9,9401329,2020,11,12,6,3,0,2,0,0,1,0,1,0,0,0,13.58735465,52.43905266
2,2400522,2020,11,14,4,3,2,6,0,1,0,0,0,0,0,0,13.44271166,52.52498324
7,7601442,2020,11,7,5,3,6,4,1,0,1,1,0,0,0,0,13.40633967,52.4043977
1,1200628,2020,11,13,3,3,5,7,0,1,1,0,0,0,0,0,13.35702034,52.51965127
3,3300412,2020,11,14,6,3,5,3,0,1,1,0,0,0,0,0,13.47921409,52.61944576
2,2400521,2020,10,13,7,2,5,3,0,1,0,0,0,0,0,1,13.43804294,52.52029657
2,2400521,2020,11,16,5,2,5,2,2,1,0,0,0,0,0,0,13.4333158,52.52309726
9,9501838,2020,11,14,3,3,1,5,0,1,1,0,0,0,0,0,13.70769752,52.43531774
6,6100103,2020,11,18,6,3,5,3,1,0,1,0,0,0,0,0,13.32315542,52.46462111
1,1100415,2020,10,13,7,3,0,1,0,1,0,0,0,0,0,1,13.39901035,52.53242608
1,1100414,2020,11,9,4,2,2,6,0,0,1,0,0,0,0,0,13.3853997,52.53250779
5,5200528,2020,11,22,1,3,2,6,2,0,1,0,1,0,0,0,13.18257105,52.51247505
7,7400927,2020,11,10,5,3,5,3,0,0,0,0,0,0,1,0,13.40670039,52.45643507
12,12200310,2020,10,14,7,3,0,7,0,0,1,0,1,0,0,1,13.30807265,52.57321517
11,11401137,2020,11,15,3,3,5,2,1,1,1,0,0,0,0,0,13.52475974,52.49528656
5,5200420,2020,11,7,6,3,5,3,0,0,1,0,0,0,0,1,13.16514518,52.53344254
5,5300840,2020,11,13,4,3,3,6,0,0,1,0,1,0,0,0,13.24861807,52.53820364
7,7501030,2020,11,13,2,3,5,3,0,1,1,0,0,0,0,1,13.37963974,52.45156808
8,8200831,2020,11,0,1,3,1,5,2,0,1,0,0,0,0,0,13.42021562,52.41287025
1,1200626,2020,11,13,5,3,0,2,0,1,0,0,1,0,0,0,13.34908855,52.52335233
3,3300517,2020,11,15,3,3,2,2,0,0,1,0,0,0,0,0,13.46535514,52.56717002
9,9301126,2020,11,15,6,2,5,3,0,0,1,0,1,0,0,0,13.57962028,52.41847077
6,6200422,2020,10,10,7,3,5,3,0,0,1,0,0,0,0,1,13.33480735,52.42096254
12,12500825,2020,11,10,3,3,0,1,0,0,0,0,1,0,0,0,13.30148264,52.5805209
3,3300514,2020,11,10,2,3,2,6,0,0,1,0,0,1,0,1,13.4591077,52.59343271
4,4100102,2020,11,7,7,3,1,5,0,0,0,0,0,1,1,1,13.29814719,52.53495259
1,1100206,2020,11,18,5,3,6,6,2,1,0,1,0,0,0,0,13.38809192,52.52132283
6,6400737,2020,11,17,2,3,5,2,1,1,1,0,0,0,0,0,13.22394966,52.42969706
3,3601243,2020,11,7,4,3,5,3,0,1,1,0,0,0,0,0,13.41843783,52.55355051
2,2200209,2020,11,10,2,3,2,6,0,0,1,0,0,0,1,1,13.37665965,52.48801242
1,1401049,2020,11,23,7,3,1,5,2,1,1,0,0,0,0,0,13.36707768,52.55217556
4,4500937,2020,11,15,5,3,1,5,0,0,1,0,0,0,0,0,13.28887543,52.49927916
11,11501341,2020,11,2,2,3,4,6,2,0,1,0,0,0,0,0,13.52287549,52.47635881
1,1100207,2020,11,18,6,3,2,3,2,1,1,0,0,0,0,0,13.40114142,52.51132644
10,10200629,2020,11,11,4,3,6,4,0,0,1,1,0,0,0,0,13.581978,52.51422262
1,1100205,2020,11,14,1,3,5,2,0,1,1,0,0,0,0,0,13.3842378,52.50991836