BEZ,LOR_ab_2021,UJAHR,UMONAT,USTUNDE,UWOCHENTAG,UKATEGORIE,UART,UTYP1,ULICHTVERH,IstRad,IstPKW,IstFuss,IstKrad,IstGkfz,IstSonstige,USTRZUSTAND,XGCSWGS84,YGCSWGS84
11,11501340,2020,11,15,7,3,5,3,0,0,1,0,0,0,0,1,13.5302348,52.48663043
5,5200528,2020,11,15,5,2,0,7,1,1,0,0,0,0,0,1,13.1671068,52.51915202
2,2300316,2020,11,16,3,3,5,2,2,1,0,0,0,0,1,0,13.43206575,52.50571461
8,8301036,2020,11,8,6,3,6,4,0,1,0,1,0,0,0,0,13.47080707,52.42293677
4,4500939,2020,10,10,7,3,5,3,0,0,1,0,0,0,0,1,13.30930482,52.49197868
9,9200510,2020,11,8,3,3,5,3,0,1,1,0,0,0,0,1,13.51198967,52.47070359
12,12100101,2020,11,4,2,3,5,3,2,0,1,0,0,0,0,1,13.37786102,52.56361249
1,1200520,2020,11,11,7,3,5,3,0,1,1,0,0,0,0,1,13.33918927,52.53275801
10,10100311,2020,11,14,5,3,5,2,0,0,1,0,1,0,0,0,13.52868816,52.52373309
7,7400927,2020,11,15,2,3,6,4,1,1,0,1,0,0,0,0,13.38787026,52.45906963
4,4200207,2020,11,0,6,2,0,1,2,1,0,0,0,0,0,1,13.2231803,52.50052604
12,12200309,2020,11,11,3,3,5,3,0,0,1,0,0,0,0,0,13.32765547,52.56407631
10,10200524,2020,11,10,7,3,5,2,0,0,1,0,0,0,1,0,13.60979827,52.53299106
7,7400822,2020,10,10,7,2,6,2,0,0,1,1,0,0,0,1,13.35944088,52.45671124
2,2100101,2020,11,16,4,3,8,1,1,0,1,0,0,0,0,0,13.38367665,52.50333822
12,12200515,2020,11,9,2,3,5,2,0,1,1,0,0,0,0,1,13.28303382,52.59421146
5,5200629,2020,11,15,6,3,0,1,0,0,0,0,0,0,1,0,13.18217601,52.53409635
8,8100312,2020,11,8,3,3,2,6,0,1,1,0,0,0,0,0,13.43274672,52.48529845
12,12400723,2020,10,10,7,3,5,2,0,1,1,0,0,0,0,1,13.30411822,52.62213275
12,12601235,2020,11,12,1,3,5,3,0,0,1,0,0,0,0,0,13.35508694,52.59663813
9,9502043,2020,11,13,7,2,6,4,0,1,0,1,0,0,0,0,13.57957824,52.45904318
1,2400520,2020,10,9,7,3,6,4,0,0,1,1,0,0,0,1,13.42564366,52.52345723
5,5100211,2020,11,12,5,3,5,3,0,0,1,0,0,0,0,0,13.17886877,52.54094986
6,6100102,2020,11,7,3,3,2,7,0,1,1,0,0,0,0,0,13.32084362,52.45714731
7,7300517,2020,11,13,6,3,6,4,0,1,0,1,0,0,0,0,13.32863428,52.47661426
1,1100205,2020,10,11,7,3,0,1,0,0,0,0,1,0,0,1,13.377395,52.51456955
2,2200212,2020,11,9,3,3,1,5,0,1,1,0,0,0,0,0,13.41889996,52.48763926
2,2400522,2020,11,13,7,3,6,4,0,0,1,1,0,0,0,0,13.44618997,52.52108536
2,2300314,2020,11,16,5,3,3,6,1,1,0,0,0,0,1,0,13.41914199,52.50106723
1,1100414,2020,11,13,2,3,2,7,0,0,0,0,1,0,1,0,13.38697464,52.53320468
4,4500938,2020,11,18,5,3,2,6,2,0,1,0,1,0,0,0,13.29622389,52.49251143
2,2300316,2020,11,9,3,3,2,6,0,1,0,1,0,0,0,0,13.43832428,52.50024911
12,12100101,2020,11,8,7,3,5,3,0,0,1,0,0,0,1,0,13.37403549,52.56760865
2,2500833,2020,10,11,7,3,1,5,0,1,1,0,0,0,0,1,13.45593899,52.50995815
5,5100211,2020,11,13,4,2,1,5,0,0,1,0,0,0,1,0,13.17590908,52.54795463
1,1100309,2020,11,2,6,3,9,1,2,0,0,0,0,0,1,0,13.39447012,52.52458597
7,7601341,2020,10,12,7,3,5,2,0,0,1,0,0,0,0,1,13.37620095,52.40925635
5,5200632,2020,11,14,3,3,2,2,0,0,1,0,0,0,0,0,13.21596851,52.52691474
1,1200624,2020,11,9,6,3,5,2,0,1,1,0,0,0,0,0,13.36034106,52.53724347
11,11100102,2020,10,0,7,2,9,1,2,0,1,0,0,0,0,1,13.54576535,52.56791513
12,12200515,2020,11,12,3,3,6,2,0,0,0,1,0,0,1,0,13.28552397,52.58770262
10,10400938,2020,11,13,6,3,5,3,0,0,1,0,0,0,0,0,13.61383201,52.51639699
6,6200312,2020,11,16,4,3,5,3,2,0,1,0,0,0,0,0,13.33267059,52.44025765
3,3501038,2020,11,0,1,3,9,1,2,0,1,0,0,0,0,0,13.46944007,52.55366685
7,7300619,2020,11,16,5,2,0,6,1,0,1,0,1,0,0,0,13.35750746,52.47644782
5,5100316,2020,11,22,3,3,5,3,2,1,1,0,0,0,0,0,13.18983449,52.53691651
2,2200211,2020,11,21,6,3,5,2,2,1,1,0,0,0,0,0,13.39302919,52.4892165
7,7601236,2020,10,0,7,3,1,5,2,0,1,0,0,0,0,1,13.35321537,52.41669955
1,1300732,2020,11,9,4,3,2,6,0,0,1,0,0,0,0,0,13.387036,52.55964753
9,9200818,2020,11,11,1,3,2,2,0,1,1,0,0,0,0,0,13.5627536,52.44618384
2,2300315,2020,11,14,5,3,5,2,0,1,1,0,0,0,0,0,13.42277777,52.49905241
4,4501041,2020,10,14,6,3,5,3,0,1,1,0,0,0,0,1,13.31503076,52.50089247
12,12500927,2020,11,15,3,3,5,3,0,0,1,0,0,0,0,0,13.32376196,52.59849594
1,1200624,2020,11,7,6,3,5,2,1,1,1,0,0,0,0,1,13.36899146,52.5296292
2,2400624,2020,11,7,4,3,5,3,0,1,1,0,0,0,0,0,13.44946978,52.50781437
4,4400728,2020,11,12,5,3,0,2,0,1,1,0,0,0,0,0,13.28047694,52.47742959
10,10300732,2020,11,15,3,3,5,3,0,1,1,0,0,0,0,1,13.57408698,52.53172171
5,5200527,2020,11,8,6,3,1,5,0,0,1,0,0,0,0,0,13.17446529,52.52628758
9,9200819,2020,11,14,4,2,5,2,0,1,1,0,0,0,0,0,13.55879631,52.44675266
3,3400725,2020,11,15,5,3,6,4,0,0,1,1,0,0,0,0,13.42888337,52.58504086
7,7400720,2020,11,16,3,3,3,1,0,0,1,0,1,0,0,1,13.38533866,52.48430213
12,12100205,2020,11,19,6,2,1,7,2,0,1,0,0,0,0,0,13.35241814,52.58083105
2,2500727,2020,10,16,6,3,2,6,0,1,1,0,0,0,0,1,13.45794925,52.52067832
9,9100407,2020,11,7,4,3,8,1,0,0,1,0,0,0,0,0,13.50203902,52.44269276
6,6100102,2020,11,6,2,2,5,2,2,0,1,0,0,0,1,1,13.31862628,52.45416933
12,12200308,2020,11,12,7,3,5,3,0,0,1,0,0,0,0,1,13.31870693,52.57401427
1,1300732,2020,11,20,5,2,1,5,2,0,1,0,0,0,0,0,13.39658186,52.5595569
3,3701659,2020,11,12,2,3,1,5,0,1,1,0,0,0,0,1,13.42388845,52.53032201
2,2100104,2020,11,17,2,3,6,4,2,0,1,1,0,0,0,0,13.40986628,52.50389827
6,6100209,2020,11,17,6,3,6,7,2,0,1,1,0,0,0,0,13.32953827,52.46404599
1,1100308,2020,11,10,4,2,0,1,0,1,0,0,0,0,0,0,13.38728024,52.52614246
2,2400623,2020,11,12,2,3,2,6,0,0,1,0,0,0,0,1,13.42967373,52.51035816
8,8100416,2020,11,13,1,3,1,5,0,1,1,0,0,0,0,0,13.4474425,52.47572113
11,11100203,2020,11,13,7,3,5,2,0,1,1,0,0,0,0,0,13.54015559,52.56528373
7,7300619,2020,11,9,5,3,2,6,0,0,1,0,0,0,0,0,13.34879598,52.47037347
7,7100103,2020,11,8,3,2,5,2,0,1,1,0,0,0,0,0,13.3570515,52.49889272
12,12400723,2020,11,14,6,3,5,2,0,1,0,0,0,0,1,0,13.30408018,52.62216582
9,9501737,2020,10,9,6,2,5,7,0,0,1,0,0,0,1,1,13.6253828,52.45627599
4,4501150,2020,11,8,3,3,0,6,0,0,1,0,1,0,0,0,13.32261889,52.48612339
9,9301126,2020,11,11,7,3,5,2,0,1,1,0,0,0,0,0,13.57562295,52.42378513
4,4501044,2020,11,14,5,2,5,2,0,0,1,0,1,0,0,0,13.31947042,52.49225348
2,2300418,2020,12,17,3,3,6,4,2,1,0,1,0,0,0,0,13.43787521,52.49393264
9,9300920,2020,11,20,6,3,0,7,2,0,1,0,0,0,1,1,13.52782753,52.41111525
1,1100310,2020,11,3,3,3,2,6,2,0,1,0,0,0,0,0,13.41513615,52.52707102
1,1100207,2020,11,9,3,3,0,3,0,1,0,0,0,0,1,0,13.40325311,52.51676615
2,2300417,2020,11,22,5,3,5,2,2,1,0,0,0,0,1,1,13.43192824,52.49740061
7,7501031,2020,11,8,2,3,2,6,0,0,1,0,0,0,0,0,13.39863898,52.44337744
11,11300723,2020,11,10,6,1,5,2,0,1,0,0,0,1,0,0,13.4993166,52.51896737
10,10400837,2020,11,17,4,3,5,3,2,1,1,0,0,0,0,0,13.57658588,52.49343992
7,7400822,2020,11,13,7,3,2,6,0,0,1,0,0,0,1,0,13.36028279,52.45634673
11,11100204,2020,11,16,6,3,5,3,0,1,1,0,0,0,0,0,13.52272767,52.56514751
2,2100101,2020,11,12,3,3,0,1,0,1,0,0,0,0,0,0,13.3888401,52.49951416
6,6200311,2020,11,17,6,3,5,2,2,1,1,0,0,0,0,0,13.35884638,52.43713804
3,3100101,2020,11,17,2,3,5,2,2,0,1,0,0,0,0,0,13.4423773,52.63695807
2,2400522,2020,11,9,6,3,0,5,0,1,1,0,0,0,0,1,13.44503076,52.52000286
4,4100101,2020,11,17,6,3,5,2,2,0,1,0,1,0,0,0,13.28661937,52.53516673
8,8100209,2020,12,13,3,3,1,5,0,1,0,0,0,0,1,0,13.43677515,52.46699934
11,11200513,2020,11,15,6,2,6,4,0,0,1,1,0,0,0,1,13.49140957,52.54353819
11,11200410,2020,11,5,2,2,6,7,2,0,1,1,0,0,0,1,13.50007114,52.56156667
10,10100314,2020,11,11,5,2,6,4,0,0,1,1,0,0,0,1,13.55988799,52.53759746
4,4300619,2020,11,11,1,3,5,3,0,0,1,0,0,0,0,0,13.31046955,52.51598391
2,2300419,2020,11,20,6,3,2,6,2,1,1,0,0,0,0,0,13.44494483,52.49951028
3,3400826,2020,11,13,4,2,5,3,0,0,1,0,0,0,0,0,13.40819844,52.56362563
2,2200211,2020,11,14,6,3,2,7,0,1,1,0,0,0,0,0,13.39432157,52.48653226
1,1100312,2020,12,17,4,3,5,3,2,1,1,0,0,0,0,0,13.41771556,52.51385144
4,4400832,2020,11,14,4,3,6,7,0,0,1,1,0,0,0,0,13.29074403,52.47527709
11,11300721,2020,11,16,7,3,5,3,1,1,1,0,0,0,0,0,13.49650607,52.5339782
4,4500936,2020,11,14,6,2,2,6,0,0,1,0,0,0,0,0,13.30517643,52.49957444
5,5200527,2020,11,13,6,3,3,6,0,0,1,0,0,0,0,0,13.17706555,52.52515295
2,2100106,2020,11,18,2,3,5,2,2,1,1,0,0,0,0,0,13.40664405,52.49832726
12,12100205,2020,11,6,6,3,5,2,2,0,1,0,0,0,1,1,13.35110198,52.56759431
6,6400844,2020,11,13,6,3,2,6,0,0,1,0,0,0,0,0,13.28588347,52.45292822
1,1300733,2020,12,10,3,3,2,6,0,0,1,0,1,0,0,0,13.38428072,52.55607043
4,4200310,2020,11,12,6,3,1,5,0,0,1,0,0,0,0,0,13.26096769,52.50972877
1,1100101,2020,11,8,2,3,0,1,1,1,0,0,0,0,0,0,13.35199455,52.50824647
3,3500934,2020,11,10,5,3,6,4,0,0,1,1,0,0,0,0,13.43934277,52.55216604
4,4200308,2020,11,4,1,3,0,1,2,0,1,0,0,0,1,1,13.26701582,52.51993334
5,5300737,2020,11,11,6,3,2,6,0,0,1,0,0,0,0,0,13.23244089,52.53839413
2,2500835,2020,11,11,4,3,0,1,0,0,0,0,1,0,0,0,13.45680608,52.50244509
2,2300315,2020,11,10,5,3,5,2,0,1,1,0,0,0,0,0,13.43122552,52.49916773
3,3601243,2020,11,15,5,3,0,1,0,1,0,0,0,0,0,1,13.42441075,52.55229626
1,1401045,2020,11,8,2,3,5,3,0,1,0,0,0,0,1,0,13.37732588,52.5565841
7,7400823,2020,11,16,3,3,3,6,1,1,1,0,0,0,0,0,13.3756184,52.45655292
5,5400943,2020,11,14,6,2,6,4,0,0,1,1,0,0,0,0,13.13325015,52.46195893
11,11400929,2020,11,11,2,3,6,4,0,1,0,1,0,0,0,0,13.48706792,52.50241939
7,7100205,2020,11,22,5,3,5,2,2,0,1,0,0,0,0,1,13.36098307,52.49425769
2,2200209,2020,11,13,2,3,5,2,0,1,1,0,0,0,0,0,13.37676766,52.48503307
1,1100310,2020,11,12,5,3,5,2,0,0,1,0,0,0,0,1,13.41175633,52.52396553
5,5100313,2020,11,12,2,3,0,5,0,0,1,0,1,0,0,0,13.2100435,52.54839218
2,2500834,2020,11,14,6,2,0,1,0,1,0,0,0,0,0,0,13.44996641,52.50752281
1,1200628,2020,11,0,2,3,6,4,2,0,1,1,0,0,0,0,13.36895585,52.5262009
2,2200210,2020,11,8,5,3,0,1,0,1,0,0,0,0,0,1,13.39483706,52.49615426
3,3500932,2020,11,12,2,3,5,3,0,1,1,0,0,0,0,0,13.44247042,52.55718276
11,11401032,2020,11,9,4,3,2,6,0,0,1,0,0,0,0,1,13.51913763,52.51067561
7,7601236,2020,11,4,7,3,1,5,2,0,1,0,0,0,1,1,13.3523011,52.41625923
3,3500934,2020,11,7,5,3,5,2,0,1,1,0,0,0,0,0,13.43886336,52.555456
9,9200819,2020,11,16,5,3,2,6,1,0,1,0,0,0,1,0,13.56967127,52.4444755
3,3601245,2020,11,18,5,3,6,7,2,1,0,1,0,0,0,1,13.42750438,52.54587241
9,9200717,2020,11,21,5,3,5,3,2,0,1,0,1,0,0,0,13.55821083,52.43483646
1,1100416,2020,11,10,2,3,1,5,0,0,1,0,1,0,0,1,13.4048109,52.53550348
1,2100101,2020,11,9,3,3,5,3,0,1,1,0,0,0,0,0,13.37773049,52.50783781
12,12200309,2020,11,16,6,3,6,4,0,1,0,1,0,0,0,0,13.3227678,52.5653939
7,7400826,2020,11,14,2,2,6,4,0,0,1,1,0,0,0,0,13.3765771,52.4534175
1,1300834,2020,11,21,5,3,6,2,2,0,0,1,0,0,1,1,13.39117075,52.54472054
2,2400625,2020,11,20,4,3,5,3,2,0,1,0,0,0,0,0,13.44333884,52.51196491
5,5100208,2020,11,11,7,2,5,3,0,0,1,0,0,0,0,0,13.16114832,52.54846747
4,4300414,2020,11,20,5,3,5,2,2,0,1,0,0,0,0,1,13.30058986,52.5171155
1,1300733,2020,11,11,2,3,5,2,0,0,1,0,0,0,0,0,13.39137856,52.55518642
11,11300721,2020,11,18,5,2,4,7,2,0,1,0,0,0,0,0,13.50378991,52.53445997
9,9100202,2020,11,18,5,3,2,6,2,0,1,0,0,0,0,1,13.46399912,52.48192463
9,9100407,2020,11,8,4,3,2,6,0,0,1,0,0,0,0,1,13.50870892,52.4521228
4,4200310,2020,11,21,7,3,2,6,2,0,1,0,0,0,0,0,13.27356137,52.50885186
5,5100208,2020,11,17,5,3,3,6,2,0,1,0,0,0,0,1,13.15958865,52.55233124
4,4500937,2020,11,8,5,3,2,6,0,1,1,0,0,0,0,0,13.30127416,52.49899731
8,8100311,2020,11,17,5,3,3,6,2,1,0,0,0,1,0,1,13.42872518,52.48656862
3,3601244,2020,11,8,5,3,0,1,0,1,0,0,0,0,0,0,13.42716132,52.55216812
7,7200308,2020,12,16,3,3,1,5,2,1,1,0,0,0,0,0,13.34100644,52.48543027
10,10100311,2020,11,17,5,3,5,3,2,0,1,0,0,0,0,1,13.52189435,52.52594938
3,3601142,2020,11,19,2,3,5,2,2,1,1,0,0,0,0,0,13.41315591,52.54768283
3,3501038,2020,11,9,3,3,9,1,0,0,1,0,0,0,0,0,13.46846305,52.55387128
6,6400841,2020,11,18,5,3,5,3,2,0,0,0,0,0,1,1,13.2630969,52.43916254
11,11300721,2020,11,7,2,2,2,7,0,0,1,0,0,1,0,0,13.49221128,52.53407086
1,1200517,2020,11,7,5,3,5,3,0,0,1,0,0,0,0,0,13.31927196,52.52840147
2,3601452,2020,11,15,4,3,2,6,0,0,1,0,0,0,0,0,13.45246986,52.52759341
5,5200633,2020,11,12,7,2,5,2,0,0,1,0,0,0,0,0,13.19686402,52.51309325
12,12100204,2020,11,6,5,3,2,2,2,0,1,0,1,0,0,0,13.35269335,52.56437266
7,7400927,2020,11,17,2,3,5,3,2,0,1,0,0,0,0,0,13.40314897,52.46342935
8,8200730,2020,11,0,5,2,9,1,2,0,1,0,0,0,0,0,13.43514248,52.43693416
5,5100317,2020,11,16,2,3,2,2,1,0,1,0,0,0,0,0,13.24757847,52.52452058
5,5100315,2020,11,15,6,3,1,5,0,0,1,0,0,0,0,1,13.20177219,52.54114776
3,3400828,2020,11,17,5,3,6,4,1,0,1,1,0,0,0,1,13.4229086,52.55850003
12,12400618,2020,12,19,3,3,1,5,2,0,1,0,0,0,0,0,13.24509647,52.62140713
3,3200309,2020,11,16,5,3,3,6,2,1,0,0,0,1,0,1,13.4365376,52.59265893
5,5300737,2020,11,16,2,3,5,2,0,1,1,0,0,0,0,0,13.24785463,52.53826461
3,3100102,2020,11,7,5,2,1,1,0,0,1,0,0,0,0,1,13.50481434,52.64354493
5,5200631,2020,11,10,2,3,5,3,0,1,1,0,0,0,0,0,13.19830236,52.52104983
1,1300835,2020,11,9,6,3,6,7,0,0,1,1,0,0,0,0,13.38355844,52.54146585
5,5100209,2020,11,16,5,3,0,2,2,0,1,1,0,0,0,1,13.18449527,52.54763498
4,4501040,2020,12,14,3,3,1,5,0,1,1,0,0,0,0,0,13.30721779,52.50101061
5,5100208,2020,11,16,5,3,0,1,2,1,0,0,0,0,0,1,13.15346835,52.55343756
12,12200412,2020,11,9,2,3,2,6,0,0,1,0,0,0,0,1,13.29442561,52.57614149
1,1300733,2020,11,15,5,3,6,4,1,1,0,1,0,0,0,1,13.38439552,52.55087752
2,2500832,2020,11,19,2,3,4,7,2,1,1,0,0,0,0,0,13.47253446,52.50850413
5,5100315,2020,11,15,5,3,5,3,1,0,1,0,1,0,0,0,13.19842452,52.54281217
5,5100316,2020,11,15,4,3,3,6,0,0,1,0,0,0,0,0,13.20110397,52.53917166
4,4200206,2020,11,14,7,3,0,1,0,1,0,0,0,0,0,0,13.25442026,52.50662213
7,7601442,2020,11,14,5,3,5,2,0,0,1,0,0,0,0,0,13.39537712,52.41315647
8,8100521,2020,12,13,4,3,5,3,0,0,1,0,0,0,0,0,13.4594586,52.46720918
6,6100207,2020,11,14,5,3,3,6,0,0,1,0,0,0,0,1,13.32467968,52.44880424
8,8401242,2020,11,9,2,3,5,3,0,0,1,0,0,0,0,0,13.47948845,52.41038461
9,9200613,2020,11,7,6,2,6,4,1,0,1,1,0,0,0,1,13.51941791,52.4541021
5,5400943,2020,12,8,3,3,6,4,0,0,1,1,0,0,0,0,13.12956839,52.472529
1,1100312,2020,11,8,5,3,1,5,0,1,1,0,0,0,0,1,13.4119576,52.51243572
2,2200210,2020,11,16,2,3,1,5,1,1,1,0,0,0,0,1,13.40262876,52.49217912
8,8401241,2020,11,15,4,3,6,6,0,0,0,1,0,0,1,0,13.47753853,52.43856322
1,1300733,2020,11,16,1,3,0,5,2,0,1,0,1,0,0,0,13.38543447,52.55399096
1,1100206,2020,11,9,5,3,6,2,0,0,0,1,0,0,1,0,13.39694473,52.51432844
3,3601141,2020,11,9,1,3,5,3,0,0,1,0,0,0,0,1,13.40751425,52.55432351
8,8100209,2020,11,10,5,3,0,7,0,0,1,1,0,0,0,0,13.43589097,52.46702433
5,5300840,2020,11,12,4,3,5,7,0,0,1,0,0,0,1,1,13.26736081,52.53111545
1,1100310,2020,11,12,5,2,0,4,0,1,0,1,0,0,0,0,13.4180596,52.52435455
8,8100521,2020,12,8,4,3,5,3,0,0,1,0,0,0,1,0,13.47263471,52.46114172
1,1400942,2020,11,12,5,3,0,3,0,0,1,0,1,0,0,1,13.34837392,52.54276495
6,6300634,2020,11,9,2,3,6,4,0,1,0,1,0,0,0,0,13.29661529,52.44303612
10,10200418,2020,11,16,6,3,5,3,2,1,1,0,0,0,0,0,13.59405298,52.54442535
5,5200524,2020,11,11,2,3,2,6,0,0,1,0,0,0,0,0,13.12869256,52.52729429
1,1300835,2020,11,10,5,3,0,1,0,0,0,0,1,0,0,1,13.39092079,52.53597751
2,2300419,2020,11,9,2,3,5,3,0,1,0,0,0,0,0,0,13.43599387,52.49801696
1,1100416,2020,11,8,4,2,0,1,0,1,0,0,0,0,0,0,13.40041434,52.53296388
8,8100312,2020,11,12,7,3,0,5,0,1,1,0,0,0,0,0,13.4364924,52.48358895
1,1100101,2020,11,13,5,3,0,7,0,1,0,0,0,0,0,0,13.34529288,52.50659698
4,4500938,2020,11,19,4,3,5,2,2,1,1,0,0,0,0,0,13.30539684,52.49851497
1,1100103,2020,11,7,4,3,2,2,1,1,1,0,0,0,0,0,13.35220221,52.5054565
2,2300315,2020,12,17,3,2,7,7,2,0,0,0,1,0,0,0,13.43551709,52.49999901
3,3200205,2020,11,6,4,2,5,2,2,0,1,0,0,0,0,1,13.39662895,52.59363245
10,10200420,2020,11,13,2,3,6,4,0,0,1,1,0,0,0,0,13.59141535,52.53469184
4,4200308,2020,11,15,3,3,5,3,0,0,1,0,0,0,0,0,13.2716436,52.51707791
6,6100102,2020,11,18,6,3,6,4,2,0,1,1,0,0,0,0,13.32491419,52.46116532
9,9501941,2020,11,15,4,3,5,2,0,1,1,0,0,0,0,0,13.59340602,52.45252451
1,1100313,2020,11,11,4,3,5,3,0,1,1,0,0,0,0,0,13.42863371,52.50877489
3,3400721,2020,11,8,2,3,4,6,0,0,1,0,0,0,1,0,13.40227884,52.56558992
3,3701554,2020,11,8,3,3,3,6,0,1,0,0,0,0,0,0,13.41200108,52.53135216
2,2200208,2020,11,20,6,3,5,2,2,1,1,0,0,0,0,0,13.38791666,52.49299591
4,4400729,2020,11,15,2,2,0,7,1,1,0,0,0,0,0,0,13.27868796,52.47405006
1,1200628,2020,11,13,4,3,3,6,0,0,1,0,1,0,0,0,13.35477796,52.51745526
4,4300619,2020,11,12,4,3,2,3,0,1,1,0,0,0,0,0,13.30442399,52.51830221
1,1100207,2020,11,17,7,3,5,3,2,0,1,0,0,0,1,1,13.39027034,52.50859219
8,8401241,2020,11,12,4,3,5,3,0,0,1,0,0,0,0,0,13.48359867,52.4312228
1,1401047,2020,11,10,4,3,6,7,0,0,1,1,0,0,0,0,13.35956258,52.54411417
3,3501038,2020,11,12,4,2,1,5,0,0,1,0,0,0,0,1,13.47726385,52.56200477
5,5100317,2020,11,12,4,3,3,6,0,1,1,0,0,0,0,0,13.20733902,52.53293557
4,4300412,2020,11,11,4,3,6,7,0,1,0,1,0,0,0,0,13.2890556,52.51895075
9,9300920,2020,12,15,3,2,6,7,0,0,0,1,0,0,1,0,13.52183632,52.40205488
12,12200307,2020,11,11,4,2,4,6,0,0,1,0,0,0,1,1,13.32961206,52.56924249
11,11300722,2020,11,8,2,3,5,2,0,1,1,0,0,0,0,0,13.47788274,52.51461365
4,4501152,2020,11,15,3,3,6,4,0,0,1,1,0,0,0,0,13.33086438,52.48944185
8,8200623,2020,11,16,5,3,5,7,2,0,1,0,0,0,0,1,13.45702627,52.45335791
11,11501339,2020,11,7,2,3,2,6,0,0,1,0,0,0,0,0,13.525568,52.4941558
1,1100102,2020,11,10,4,3,6,4,0,0,1,1,0,0,0,0,13.35284884,52.51621628
2,2200213,2020,11,10,4,3,5,3,0,1,1,0,0,0,0,0,13.41247686,52.49195314
8,8100417,2020,11,14,4,3,5,2,0,1,1,0,0,0,0,0,13.45582703,52.47380857
12,12601031,2020,11,17,7,3,6,2,2,0,1,1,0,0,0,0,13.33431042,52.59897501
4,4200308,2020,11,19,4,3,5,2,2,0,1,0,1,1,0,0,13.26289724,52.52108146
10,10100312,2020,11,6,2,3,2,2,2,0,0,0,1,1,0,0,13.54165877,52.5257766
5,5200629,2020,11,21,4,3,2,6,2,0,1,0,0,0,1,0,13.1989258,52.53286501
5,5100316,2020,11,14,3,3,5,2,0,0,1,0,0,0,1,0,13.2042337,52.54064092
2,2300315,2020,11,17,4,3,5,2,2,1,1,0,0,0,0,1,13.43029583,52.49929611
4,4300414,2020,11,14,7,3,5,2,0,1,1,0,0,0,0,0,13.28828553,52.51306164
1,1100206,2020,11,22,4,3,5,2,2,1,1,0,0,0,0,0,13.38090971,52.51636966
3,3601245,2020,11,6,2,3,5,2,1,1,1,0,0,0,0,1,13.43376469,52.54957813
1,1100206,2020,11,9,4,3,6,4,0,0,0,1,0,0,1,0,13.38880605,52.51716089
4,4300624,2020,11,18,4,3,0,1,2,1,0,0,0,0,0,0,13.32048754,52.50585362
3,3400830,2020,11,7,2,3,5,3,0,0,1,0,0,0,0,0,13.420279,52.56700443
12,12400722,2020,11,12,6,3,0,6,0,0,1,0,1,0,0,1,13.31016707,52.61388174
9,9300920,2020,11,8,4,3,0,1,0,0,0,0,1,0,0,1,13.54649015,52.41877632
12,12400721,2020,12,13,3,3,5,3,0,1,1,0,0,0,0,0,13.29499959,52.63715157
3,3601451,2020,11,18,4,3,6,7,2,1,0,1,0,0,0,0,13.44776919,52.53619844
11,11300721,2020,11,0,2,3,9,1,2,0,1,0,0,0,0,1,13.51510789,52.53533161
5,5300736,2020,11,12,5,3,2,6,0,0,1,0,0,0,0,1,13.22735682,52.53768271
1,1100308,2020,11,10,2,3,2,6,0,1,1,0,0,0,0,0,13.37161761,52.53322385
12,12200307,2020,11,17,4,3,6,2,2,0,1,1,0,0,0,0,13.33007542,52.56996322
4,4400833,2020,11,19,3,3,6,2,2,0,0,1,0,0,1,0,13.30343465,52.47521583
12,12200515,2020,11,13,4,2,6,2,0,0,0,1,0,0,1,0,13.28339738,52.58996132
7,7300619,2020,11,8,4,2,5,3,0,0,1,0,1,0,0,0,13.34416677,52.46739933
5,5300735,2020,12,12,4,2,5,2,0,0,1,0,0,0,0,0,13.22579595,52.55444005
5,5400943,2020,11,7,4,3,5,3,0,0,1,0,0,1,0,0,13.12214668,52.45316126
8,8100415,2020,11,20,1,3,5,3,2,0,1,0,0,0,0,1,13.44141142,52.48082448
3,3500934,2020,11,0,6,2,5,3,2,0,1,0,0,0,0,1,13.44110381,52.54955279
3,3400721,2020,11,7,4,3,5,3,0,1,1,0,0,0,0,1,13.39176374,52.56810915
8,8401242,2020,11,17,1,3,5,3,2,0,1,0,0,0,0,0,13.49012574,52.41999011
3,3601245,2020,11,8,6,2,5,3,1,0,1,0,1,0,0,1,13.43224372,52.5438666
6,6300528,2020,11,17,4,3,5,3,2,1,1,0,0,0,0,0,13.27408207,52.43083213
5,5300839,2020,12,13,3,3,5,7,0,1,1,0,0,0,0,0,13.26066871,52.54387824
3,3501037,2020,11,16,4,3,5,2,2,0,1,0,0,0,0,0,13.46708936,52.55997854
8,8100314,2020,11,17,1,3,5,2,2,1,1,0,0,0,0,1,13.42887105,52.48465072
12,12601236,2020,11,7,5,2,6,2,2,0,1,1,0,0,0,0,13.34756711,52.5963494