BEZ,LOR_ab_2021,UJAHR,UMONAT,USTUNDE,UWOCHENTAG,UKATEGORIE,UART,UTYP1,ULICHTVERH,IstRad,IstPKW,IstFuss,IstKrad,IstGkfz,IstSonstige,USTRZUSTAND,XGCSWGS84,YGCSWGS84
4,4300622,2020,11,22,1,3,2,6,2,0,1,0,0,0,0,0,13.32598838,52.50925916
11,11200513,2020,11,15,4,3,1,5,0,1,1,0,0,0,0,0,13.49634669,52.54402569
9,9200715,2020,11,18,3,3,5,3,2,0,1,0,0,0,0,0,13.52392584,52.42855345
1,1100310,2020,11,12,4,3,1,5,0,0,1,0,0,1,0,0,13.40843064,52.52434883
4,4501041,2020,11,15,4,3,5,3,0,0,1,0,0,0,0,0,13.31974414,52.50291451
8,8100521,2020,11,14,4,3,1,5,0,1,1,0,0,0,0,0,13.45735827,52.46908554
7,7200307,2020,11,20,1,3,1,5,2,0,1,0,0,0,0,1,13.34505491,52.49306998
12,12400722,2020,11,8,3,2,5,3,0,0,1,0,1,0,0,1,13.29668518,52.6095876
12,12100204,2020,11,15,6,3,4,6,0,1,1,0,0,0,0,0,13.36354623,52.56111502
8,8100105,2020,11,10,2,3,3,6,0,1,1,0,0,0,0,0,13.4328379,52.46477784
4,4300518,2020,11,19,3,1,3,6,2,1,1,0,0,0,0,1,13.30623586,52.52084908
1,1300730,2020,11,20,1,3,6,2,2,0,1,1,0,0,0,1,13.36975967,52.55968982
8,8100314,2020,11,8,4,3,2,6,0,0,1,0,0,0,0,1,13.42428555,52.48643809
11,11300618,2020,11,17,7,3,2,6,2,0,1,0,0,0,0,0,13.45883325,52.52594082
1,1300730,2020,11,17,3,3,4,6,2,1,0,0,0,0,0,1,13.37349966,52.55706219
2,2100102,2020,11,18,2,3,1,5,2,1,1,0,0,0,0,1,13.39508329,52.49970748
5,5100314,2020,11,13,3,3,6,7,0,0,0,1,0,0,1,0,13.20832647,52.5485261
1,1200628,2020,11,15,1,3,3,6,0,0,1,0,0,0,0,0,13.36819141,52.52568349
11,11300721,2020,11,10,4,3,2,6,0,0,1,0,0,0,0,0,13.49987003,52.53437572
3,3601245,2020,11,14,1,3,5,2,0,1,1,0,0,0,0,0,13.42995959,52.55143349
6,6300631,2020,11,17,3,3,2,2,2,0,1,0,0,0,1,1,13.28700616,52.41785096
1,1100207,2020,11,23,3,3,1,1,2,0,1,0,0,0,0,1,13.39961938,52.50914115
6,6100102,2020,11,19,3,3,5,2,2,1,1,0,0,0,0,1,13.31774631,52.4611532
1,1100311,2020,11,17,1,3,5,2,2,1,1,0,0,0,0,1,13.41821181,52.51741853
2,2200213,2020,11,14,3,3,0,6,0,0,1,0,0,0,1,0,13.41822284,52.49035453
8,8100311,2020,11,20,6,3,0,3,2,0,0,0,0,0,1,0,13.42893449,52.48645738
3,3400618,2020,11,14,2,3,5,3,0,0,1,0,1,0,0,0,13.37720554,52.59910082
3,3400828,2020,11,18,3,3,1,5,2,0,1,0,1,0,0,1,13.42439063,52.55509908
6,6400843,2020,11,17,3,3,2,6,2,0,1,0,0,0,0,0,13.29265536,52.44656238
8,8301037,2020,11,22,4,2,8,1,2,0,1,0,0,0,0,0,13.48281544,52.42556005
2,2500834,2020,11,2,7,2,1,5,2,1,1,0,0,0,0,0,13.45339858,52.50812615
6,6200421,2020,11,18,3,3,2,6,2,0,1,0,0,0,0,1,13.31566004,52.43067544
5,5100211,2020,11,14,3,3,9,1,0,0,1,0,0,0,0,0,13.16321064,52.54187825
7,7100102,2020,11,18,3,3,0,1,2,0,0,0,1,0,0,1,13.35255676,52.49956934
8,8200832,2020,11,16,3,3,0,2,2,0,1,0,1,0,0,1,13.41517801,52.42111426
1,1200522,2020,11,16,3,3,6,2,2,0,1,1,0,0,0,1,13.34256464,52.52541497
8,8100313,2020,12,14,3,2,5,3,0,0,1,0,0,0,0,0,13.44009746,52.48957409
4,4400728,2020,11,16,3,3,6,2,2,0,1,1,0,0,0,1,13.28091977,52.48212383
4,4400831,2020,11,16,3,3,5,3,2,0,1,0,0,0,0,1,13.28491659,52.46962711
3,3400721,2020,11,16,3,3,5,2,0,1,1,0,0,0,0,1,13.39792196,52.56740182
10,10100312,2020,11,15,3,3,0,6,0,0,1,0,1,0,0,1,13.53858069,52.52462423
5,5100314,2020,12,16,3,3,5,3,2,0,1,0,0,0,0,0,13.20135823,52.54769674
8,8300934,2020,11,14,3,3,5,3,0,0,1,0,0,0,1,1,13.46594023,52.42893589
5,5400943,2020,11,16,1,2,5,3,2,0,1,0,0,0,0,1,13.12998093,52.46432827
10,10100313,2020,11,7,3,3,5,2,0,1,1,0,0,0,0,0,13.55042184,52.54292336
12,12200412,2020,11,21,5,3,0,5,2,1,1,0,0,0,0,0,13.27796814,52.57446928
12,12400723,2020,11,7,2,2,5,3,0,1,0,0,1,0,0,0,13.3154598,52.61415138
11,11200513,2020,11,13,3,3,0,1,0,0,0,0,1,0,0,1,13.48457928,52.53995654
8,8200730,2020,11,17,4,3,6,2,2,0,1,1,0,0,0,0,13.43469618,52.44029312
2,2200210,2020,11,0,7,3,0,7,2,0,0,0,0,0,1,0,13.3951387,52.49693039
6,6100103,2020,11,13,3,3,0,7,0,0,0,0,1,0,0,1,13.32141894,52.46515298
10,10100205,2020,11,15,1,3,6,7,1,0,1,1,0,0,0,0,13.54154743,52.54458975
7,7300619,2020,11,8,3,3,2,6,0,0,1,0,0,0,1,0,13.35556282,52.4734859
6,6300632,2020,11,15,1,3,5,3,0,1,1,0,0,0,0,0,13.30332976,52.43136567
7,7601544,2020,11,16,6,3,5,2,2,0,1,0,0,0,0,0,13.4095861,52.38735118
9,9501736,2020,11,12,3,3,5,3,0,1,1,0,0,0,0,1,13.595672,52.45311934
10,10100316,2020,12,13,3,3,5,3,0,0,1,0,0,0,0,0,13.57588623,52.54602795
2,2100105,2020,11,11,3,3,5,3,0,1,1,0,0,0,0,1,13.40427673,52.49976179
3,3601243,2020,11,13,1,3,5,3,0,0,1,0,0,0,0,1,13.42310224,52.55116075
2,2200211,2020,11,9,5,3,5,3,0,1,1,0,0,0,0,0,13.39935689,52.48888202
6,6100103,2020,11,11,1,3,2,7,0,0,1,0,0,0,0,0,13.32683867,52.46336661
10,10400940,2020,11,10,3,3,0,7,0,0,1,0,0,0,0,0,13.59449216,52.48604846
10,10100312,2020,11,17,3,2,4,6,2,1,1,0,0,0,0,0,13.54535943,52.52585645
6,6400841,2020,11,12,4,3,2,6,0,0,1,0,0,0,0,0,13.26798774,52.44541994
7,7400825,2020,11,23,7,3,5,2,2,0,1,0,0,0,0,0,13.38385963,52.4558087
6,6200314,2020,11,14,5,3,0,5,0,1,0,0,0,0,1,0,13.33321126,52.42993152
3,3300516,2020,11,20,2,3,5,3,2,0,1,0,0,0,1,0,13.4413191,52.56855816
8,8100418,2020,11,10,3,3,1,5,0,1,1,0,0,0,0,0,13.44813379,52.47812292
4,4200311,2020,11,15,4,3,5,3,0,1,0,0,0,0,1,0,13.28523788,52.51287298
1,1100206,2020,11,15,7,3,0,1,0,1,0,0,0,0,0,0,13.38038663,52.51837901
1,1200626,2020,11,10,3,3,5,2,0,1,0,0,0,0,1,0,13.34253244,52.52420128
5,5300736,2020,11,10,3,3,5,7,0,0,1,0,0,0,0,0,13.23160781,52.545245
8,8200726,2020,11,20,7,2,0,1,2,0,1,0,1,0,0,0,13.44982222,52.44573643
11,11300617,2020,11,8,6,3,5,2,0,1,1,0,0,0,0,0,13.46900717,52.53129584
1,1200517,2020,11,8,3,3,5,2,0,1,1,0,0,0,0,0,13.32749998,52.52444115
9,9502043,2020,12,16,3,3,2,6,2,0,1,0,0,0,0,0,13.55293354,52.4684797
12,12100102,2020,11,8,3,3,5,3,0,1,1,0,0,0,0,0,13.37740937,52.57132176
2,2400623,2020,11,20,7,3,0,6,2,0,1,0,1,0,0,0,13.43186288,52.51491417
1,1100313,2020,11,8,4,3,7,7,0,1,0,0,0,0,0,0,13.42300188,52.50927706
5,5200420,2020,11,18,1,2,5,2,2,0,1,0,1,0,0,0,13.18095826,52.5277819
12,12200515,2020,11,7,3,3,5,2,0,0,1,0,0,0,0,0,13.28078567,52.59379083
6,6300524,2020,11,16,3,3,5,2,1,1,1,0,0,0,0,1,13.24439571,52.42583655
5,5100317,2020,11,7,3,3,5,3,0,0,1,0,1,0,0,1,13.20408779,52.53224936
12,12500930,2020,11,16,7,3,5,2,1,1,1,0,0,0,0,0,13.33971428,52.58810779
7,7400823,2020,11,6,3,3,5,3,1,0,0,0,0,1,1,1,13.37222401,52.45567535
9,9200716,2020,12,11,4,3,0,3,0,0,1,0,0,0,1,0,13.55324769,52.43399007
8,8100314,2020,11,18,2,3,1,5,2,1,1,0,0,0,0,0,13.43927876,52.48147968
12,12200413,2020,11,14,7,3,1,5,0,1,1,0,0,0,0,0,13.29130484,52.57827811
4,4501151,2020,11,17,6,3,2,6,2,0,1,0,1,0,0,0,13.32424184,52.47871423
3,3500934,2020,11,11,2,2,5,2,0,1,1,0,0,0,0,0,13.43049892,52.55177053
2,2300315,2020,11,13,2,3,5,3,0,1,1,0,0,0,0,0,13.43042467,52.49919601
5,5100316,2020,11,13,7,3,0,3,0,0,1,0,0,0,1,0,13.18866472,52.53719618
7,7501031,2020,11,9,4,3,2,6,0,0,1,0,0,0,0,0,13.40249351,52.44730051
10,10400835,2020,11,12,7,3,5,3,0,0,1,0,0,0,0,0,13.59664363,52.52129342
4,4300622,2020,11,10,2,3,1,5,0,1,1,0,0,0,0,1,13.32390651,52.51049669
1,1400937,2020,11,12,3,3,2,2,0,0,1,0,0,0,0,0,13.33323262,52.56092894
2,2200212,2020,11,14,2,3,1,5,0,1,0,0,0,0,1,0,13.41240438,52.48848308
7,7601236,2020,11,18,2,3,5,3,2,1,0,0,0,0,1,1,13.3699647,52.42601726
4,4501040,2020,11,16,2,3,0,1,2,0,0,0,1,0,0,1,13.31332104,52.5025691
4,4100102,2020,11,11,7,3,6,4,0,0,1,1,0,0,0,0,13.30092541,52.53565873
1,1100205,2020,11,13,3,3,5,2,0,1,1,0,0,0,0,0,13.37683002,52.50941648
2,2200211,2020,11,18,6,3,0,3,2,0,1,0,1,0,0,0,13.3872452,52.48996252
6,6400839,2020,11,14,2,3,5,3,0,1,1,0,0,0,0,0,13.24422454,52.43635669
2,2500831,2020,11,16,2,3,4,2,1,1,1,0,0,0,0,0,13.46245544,52.51315904
2,2400623,2020,11,17,4,3,5,2,2,1,1,0,0,0,0,0,13.43049076,52.51102151
10,10200524,2020,11,7,3,2,5,3,2,1,1,0,0,0,0,0,13.61973158,52.53343832
2,2300417,2020,11,12,6,3,2,6,0,1,1,0,0,0,1,0,13.41997685,52.49860168
7,7200308,2020,11,15,2,3,2,6,1,1,1,0,0,0,0,0,13.33964727,52.48164606
11,11501238,2020,11,15,2,3,5,2,0,1,0,0,0,0,1,0,13.49790003,52.48608354
5,5100317,2020,11,8,4,3,5,3,0,1,1,0,0,0,0,0,13.24599229,52.52471288
7,7200307,2020,11,21,7,3,0,3,2,0,1,0,0,0,0,0,13.3452025,52.48591202
1,1300834,2020,11,23,2,2,0,1,2,1,0,0,0,0,0,1,13.40273067,52.54015835
5,5200629,2020,11,15,2,3,2,6,0,0,1,0,0,0,0,0,13.19762839,52.53314814
4,4100101,2020,11,14,2,3,5,2,0,0,1,0,0,0,1,0,13.32625114,52.5380082
3,3200310,2020,11,14,2,3,5,3,0,1,1,0,0,0,0,0,13.42456496,52.60723685
7,7400721,2020,12,16,3,2,1,5,2,1,1,0,0,0,0,0,13.38014528,52.4751216
12,12500824,2020,11,12,2,3,5,7,0,0,1,0,0,0,0,1,13.29260847,52.58948049
9,9100407,2020,11,11,7,3,6,2,0,0,1,1,0,0,0,0,13.50036346,52.44123711
5,5300736,2020,11,6,3,3,6,2,2,0,1,1,0,0,0,0,13.21734903,52.53786271
7,7601544,2020,11,17,5,3,5,3,2,0,1,0,0,0,0,1,13.39014538,52.39869541
3,3100103,2020,11,7,2,3,5,3,0,1,0,0,0,0,1,0,13.49900722,52.63345436
4,7300515,2020,11,12,2,3,2,6,0,0,1,0,0,0,0,0,13.32033254,52.47224411
1,1400942,2020,11,15,4,3,5,2,0,0,1,0,1,0,0,0,13.34592334,52.54483512
12,12200515,2020,11,12,7,3,2,7,0,0,1,0,0,0,0,0,13.28298668,52.58363828
4,4501042,2020,11,12,2,3,5,2,0,1,1,0,0,0,0,0,13.33950048,52.50320039
7,7501030,2020,11,12,2,3,4,2,0,0,1,0,0,0,1,0,13.38373817,52.44661936
5,5100103,2020,11,17,6,1,6,4,2,0,1,1,0,0,0,0,13.21325658,52.56183689
1,1100207,2020,11,13,6,3,5,3,0,0,1,0,0,0,0,0,13.39020965,52.50854844
1,1401046,2020,11,11,2,3,0,2,0,1,1,0,0,0,0,1,13.34944384,52.54232518
5,5200528,2020,11,10,7,2,4,6,0,0,1,0,0,0,0,0,13.17943404,52.50751448
3,11300618,2020,11,11,2,3,2,6,0,0,1,0,0,0,0,0,13.45784105,52.52866036
8,8100416,2020,11,17,6,3,5,3,2,1,1,0,0,0,0,0,13.44237352,52.47626754
12,12200515,2020,11,7,2,3,0,2,0,1,1,0,0,0,0,1,13.28088453,52.59391237
8,8100417,2020,11,7,2,3,6,2,1,0,0,1,0,0,1,1,13.45227253,52.47097976
4,4300623,2020,11,18,6,3,2,3,2,0,1,0,0,0,0,0,13.30661491,52.51003507
11,11400929,2020,11,12,6,3,5,3,0,0,1,0,0,0,0,0,13.50032335,52.50496253
12,12500928,2020,11,7,2,3,2,2,1,0,1,0,0,0,0,1,13.31987481,52.60688863
4,4500939,2020,12,14,3,3,5,2,0,0,1,0,1,0,0,0,13.29775137,52.49166469
3,3200205,2020,11,7,2,2,0,3,2,0,1,0,1,0,0,1,13.40283035,52.60054663
10,10100104,2020,11,9,6,2,5,2,0,1,1,0,0,0,0,0,13.5749913,52.57357826
3,3601142,2020,11,14,5,3,0,3,0,1,1,0,0,0,0,1,13.40556425,52.54083699
2,2300315,2020,11,18,2,3,5,3,1,1,1,0,0,0,0,0,13.43220476,52.49927913
5,5200631,2020,11,6,2,3,5,3,2,0,1,0,1,0,1,1,13.20271289,52.52374593
12,12100204,2020,11,13,4,2,6,4,0,0,0,1,0,1,0,0,13.36216934,52.56789788
9,9200819,2020,11,9,2,3,4,7,0,1,0,0,0,0,0,1,13.56993054,52.44162692
1,1401046,2020,12,17,4,3,6,7,2,0,1,1,0,0,0,0,13.34822089,52.54134283
12,12601031,2020,11,9,2,3,5,3,0,0,1,0,0,0,0,0,13.33898923,52.60116476
10,10200418,2020,11,11,6,2,6,2,0,0,1,1,0,0,0,0,13.5914929,52.54501341
8,8200832,2020,11,7,6,3,6,2,2,0,1,1,0,0,0,1,13.43676025,52.42355017
12,12400618,2020,11,6,2,3,0,6,2,1,1,0,0,0,0,1,13.22965461,52.62517349
1,1200626,2020,11,9,2,3,0,1,0,0,0,0,1,0,0,1,13.3491264,52.52459361
4,4200310,2020,11,7,6,3,5,7,1,1,1,0,0,0,0,0,13.27426897,52.51041719
1,1100207,2020,11,8,4,3,5,3,0,0,1,0,0,0,0,0,13.39211356,52.50874674
7,7501031,2020,12,19,3,2,1,5,2,0,1,0,0,0,0,0,13.39759211,52.44262644
8,8100312,2020,11,9,2,3,2,6,0,0,1,0,1,0,0,1,13.43563436,52.48401224
4,4300412,2020,11,9,6,3,5,3,0,1,1,0,0,0,0,1,13.28529918,52.52349687
4,4300416,2020,11,7,5,3,5,3,2,1,1,0,0,0,0,0,13.29738819,52.51059732
11,11300725,2020,11,1,1,3,6,4,2,0,1,1,0,0,0,1,13.49770053,52.51222056
1,1100207,2020,11,8,2,3,1,5,0,1,1,0,0,0,0,1,13.400133,52.50961134
9,9200819,2020,11,12,4,3,5,2,0,1,1,0,0,0,0,0,13.56168212,52.44469236
3,3400618,2020,11,8,2,3,5,2,0,0,1,0,1,0,0,1,13.3766493,52.59844802
5,5200524,2020,12,18,3,2,2,6,2,0,1,0,0,0,0,0,13.12182072,52.52878022
6,6100207,2020,11,8,2,3,0,1,0,0,0,0,1,0,0,1,13.32116625,52.45149635
3,3601141,2020,11,8,6,3,2,2,0,1,1,0,0,0,0,0,13.41099415,52.55374308
1,1401045,2020,11,16,6,3,0,2,1,0,1,0,0,0,1,0,13.37702632,52.55653512
12,12100204,2020,11,10,2,3,5,2,0,1,1,0,0,0,0,0,13.36227785,52.56792854
1,1300733,2020,11,4,2,3,5,3,2,0,1,0,0,0,0,1,13.38418884,52.55565153
12,12100102,2020,11,8,6,3,1,5,0,0,1,0,0,0,0,0,13.37055815,52.56997936
1,1100308,2020,11,8,4,3,1,5,0,1,1,0,0,0,0,0,13.37945265,52.52363663
5,5100101,2020,11,10,7,3,5,3,0,1,1,0,0,0,0,1,13.17711761,52.58508443
1,1100310,2020,11,6,2,2,0,1,2,0,0,0,0,0,1,1,13.41680998,52.52384645
2,2500830,2020,11,9,2,3,0,1,0,1,1,0,0,0,0,1,13.45624684,52.51330199
10,10400941,2020,11,10,2,3,5,3,0,1,1,0,0,0,0,0,13.60067471,52.47640667
3,3601142,2020,11,14,1,3,5,2,0,1,1,0,0,0,0,0,13.41287864,52.54676224
1,1100416,2020,11,10,2,3,0,3,0,1,1,0,0,0,0,1,13.40433472,52.5331626
4,4300622,2020,11,11,2,3,2,6,0,0,1,0,0,1,0,1,13.32233499,52.51316519
6,6100208,2020,11,11,2,3,2,6,0,0,1,0,0,0,0,0,13.33903489,52.45608906
4,4300624,2020,11,7,6,3,5,2,0,1,1,0,0,0,0,1,13.31995496,52.50588393
3,3400721,2020,11,13,3,3,5,2,0,1,1,0,0,0,0,0,13.39435825,52.56494563
5,5100316,2020,11,13,6,3,2,6,0,0,1,0,0,0,0,0,13.20774089,52.5387073
5,5200420,2020,11,15,2,3,1,5,0,0,1,0,1,0,0,0,13.1768337,52.53568142
4,4300622,2020,11,11,2,3,3,6,0,0,0,0,1,0,1,0,13.31687493,52.51406499
1,1100205,2020,11,12,3,2,6,4,0,1,0,1,0,0,0,0,13.37664674,52.51010423
4,4501150,2020,11,8,4,2,5,3,0,1,1,0,0,0,0,0,13.32260252,52.48556035
9,9300920,2020,11,13,7,2,1,5,0,0,1,0,0,1,0,0,13.52759533,52.41076602
1,1401049,2020,11,11,2,2,8,1,0,0,1,0,0,0,0,0,13.3678628,52.55697777
4,4300619,2020,11,11,3,3,6,7,0,0,1,1,0,0,0,0,13.30786323,52.51709972
7,7200409,2020,11,11,2,3,0,3,0,0,1,0,1,0,0,1,13.34754117,52.4861438
2,2500833,2020,11,16,1,3,0,6,0,1,1,0,0,0,0,0,13.45504568,52.51013797
11,11400929,2020,11,14,1,2,6,4,0,0,1,1,0,0,0,0,13.4946437,52.50387395
9,9100305,2020,12,15,3,3,5,2,1,1,1,0,0,0,0,0,13.48974422,52.46787019
2,2500834,2020,11,16,1,3,5,2,1,1,1,0,0,0,0,0,13.45876698,52.50643194
11,11300721,2020,11,1,6,2,4,6,2,0,1,0,0,0,0,0,13.49997001,52.52952029
2,2300316,2020,11,16,5,3,5,3,0,1,1,0,0,0,0,1,13.42998554,52.50350255
5,5200633,2020,11,11,4,2,0,1,0,0,0,0,1,0,0,0,13.18632293,52.51762044
11,11300620,2020,11,6,2,3,0,2,1,1,1,0,0,0,0,0,13.47996028,52.52661402
3,3400723,2020,12,10,4,2,0,7,0,0,0,0,1,0,1,1,13.41641462,52.57083894
11,11300722,2020,12,11,7,3,5,3,0,0,1,0,0,0,1,0,13.47934745,52.52304909
1,1300733,2020,12,5,5,3,0,7,2,0,0,0,0,1,0,0,13.39231266,52.55507632
1,1200517,2020,12,18,3,3,2,6,2,0,0,0,1,0,1,0,13.32750222,52.53568204
9,9100101,2020,12,13,1,3,0,1,0,0,0,0,1,0,0,1,13.44684007,52.49154477
5,5100103,2020,12,13,3,3,2,6,0,0,1,0,0,0,0,0,13.20845483,52.56235469
4,4501044,2020,12,6,2,3,6,2,2,0,1,1,0,0,0,0,13.31952157,52.49208671
6,4400729,2020,12,16,7,3,2,6,0,0,1,0,0,0,0,0,13.24782176,52.46771526
3,3400827,2020,12,8,7,2,1,5,0,0,1,0,0,0,0,0,13.41577374,52.55989848
9,9100304,2020,12,6,7,3,9,1,1,0,1,0,0,0,0,2,13.47801038,52.46177603
7,7300516,2020,12,11,7,3,5,2,0,1,1,0,0,0,0,0,13.33081515,52.46741772
11,11200410,2020,12,19,3,3,1,5,2,0,1,0,0,0,0,0,13.51514795,52.55259735
1,1300836,2020,12,17,5,3,5,2,2,1,1,0,0,0,0,1,13.37934109,52.5402552
9,9501838,2020,12,9,6,3,6,4,0,0,1,1,0,0,0,0,13.69290189,52.43894641
3,3601449,2020,12,19,3,2,5,3,2,1,0,0,0,0,1,0,13.44587662,52.54463715
1,1100101,2020,12,17,2,3,2,6,2,0,1,0,0,0,0,0,13.34929776,52.50317135
2,2200210,2020,12,16,3,3,5,3,2,1,1,0,0,0,0,0,13.39279696,52.4921276
6,6200419,2020,12,10,7,2,5,3,0,1,1,0,0,0,0,0,13.31712508,52.41413311
10,10100311,2020,12,12,4,3,2,6,0,0,1,0,0,0,1,1,13.51899285,52.51609312
1,1100308,2020,12,19,3,3,0,3,2,1,0,0,0,0,1,0,13.37741485,52.52216959
4,4400830,2020,12,15,7,3,5,3,1,0,1,0,1,0,0,1,13.29574186,52.4811967
8,8100521,2020,12,16,2,3,5,2,1,0,1,0,1,0,0,0,13.46524207,52.4645615
3,3300516,2020,12,10,7,3,0,1,0,0,0,0,1,0,0,0,13.45675899,52.56781362
2,2200210,2020,12,9,6,3,5,2,0,1,1,0,0,0,0,1,13.39777283,52.49530497
4,4400729,2020,12,12,7,3,2,6,0,0,1,0,0,0,0,0,13.26233285,52.48006201
2,2400521,2020,12,7,5,3,5,3,1,1,1,0,0,0,0,0,13.42869,52.5189154
6,6300528,2020,12,9,6,3,5,2,0,1,1,0,0,0,0,1,13.27680581,52.42630113
4,4300622,2020,12,16,7,3,2,6,1,0,1,0,0,0,1,0,13.3286242,52.50802926
10,10100313,2020,12,10,7,2,3,6,0,0,1,0,0,0,0,1,13.54082139,52.54024652
4,4300619,2020,12,14,5,3,6,2,0,0,0,1,0,0,1,0,13.3150868,52.51455037
11,11100102,2020,12,19,5,3,3,6,2,1,0,0,0,0,1,0,13.53518815,52.57062249
2,2200209,2020,12,20,3,3,5,2,2,1,0,0,0,0,1,0,13.38611267,52.48486973
9,9401329,2020,12,6,2,3,5,2,1,1,1,0,0,0,0,1,13.58655123,52.44096833
3,3501037,2020,12,15,3,3,5,3,0,1,1,0,0,0,0,0,13.46095353,52.56390824
1,1300836,2020,12,14,7,3,5,3,0,0,1,0,0,0,0,0,13.37842723,52.55042768
8,8100206,2020,12,10,4,3,6,4,0,0,1,1,0,0,0,1,13.42605717,52.4809413
8,8100521,2020,12,21,3,3,5,3,2,0,1,0,0,0,1,0,13.47206553,52.46162583
4,4500938,2020,12,9,7,3,0,1,0,1,0,0,0,0,0,1,13.29974521,52.49508314
10,10200524,2020,12,11,2,3,6,4,0,1,0,1,0,0,0,1,13.60957439,52.53332821
9,9200819,2020,12,13,7,3,5,3,0,1,0,0,0,0,0,0,13.56958907,52.4444883
8,8100418,2020,12,19,6,3,5,2,2,1,1,0,0,0,0,0,13.4496053,52.47907276
7,7300517,2020,12,9,7,3,0,1,0,0,0,0,1,0,0,2,13.3291079,52.47144723
1,1100415,2020,12,8,4,3,0,1,1,1,0,0,0,0,0,1,13.39855031,52.53255359
6,6200423,2020,12,11,5,2,5,2,0,1,0,0,0,1,0,0,13.31483653,52.41751055
6,6100206,2020,12,7,2,2,0,5,2,1,1,0,0,0,0,0,13.33401273,52.44990601
5,5200632,2020,12,11,2,3,2,6,0,0,1,0,0,0,0,0,13.20436496,52.53027998
12,12601031,2020,12,12,3,2,6,2,0,0,1,1,0,0,0,0,13.32653152,52.60465522
11,11100205,2020,12,6,3,3,0,3,2,0,0,0,1,0,1,1,13.51336525,52.56800571
10,10400836,2020,12,12,7,3,0,1,0,1,0,0,0,0,0,2,13.5870581,52.51171518
12,12500824,2020,12,18,4,3,3,6,2,0,1,0,0,0,0,1,13.28575263,52.59524869
10,10100311,2020,12,12,2,3,2,7,0,0,1,0,0,0,1,0,13.51790729,52.53552598
5,5100210,2020,12,13,7,3,1,5,0,1,1,0,0,0,0,0,13.18392417,52.54366957
8,8100314,2020,12,18,5,3,6,4,2,0,1,1,0,0,0,0,13.42449743,52.48622622
11,11501238,2020,12,17,2,3,5,2,2,1,1,0,0,0,0,0,13.48080827,52.49910081
10,10100312,2020,12,12,2,3,2,2,0,0,1,0,0,0,0,1,13.53843175,52.52459493
10,10400837,2020,12,12,3,2,5,3,0,0,1,0,0,0,0,0,13.57576589,52.49120313
4,4300518,2020,12,12,7,3,5,7,0,0,1,0,1,0,0,0,13.31300447,52.52577219
10,10100205,2020,12,7,4,3,2,6,2,0,1,0,0,0,0,1,13.53690057,52.54582088
1,1100311,2020,12,22,2,3,5,3,2,1,1,0,0,0,0,1,13.4233168,52.52018631
3,3200308,2020,12,18,7,3,0,1,2,1,0,0,0,0,0,0,13.43298616,52.59605327
4,5300840,2020,12,7,2,3,2,6,0,0,1,0,0,0,0,0,13.28204272,52.53380779
4,4501041,2020,12,12,7,3,1,5,0,1,1,0,0,0,0,0,13.32286996,52.50221198
6,6400841,2020,12,14,6,3,1,7,0,0,1,0,0,0,0,0,13.26338306,52.4396661
2,2400623,2020,12,20,6,3,2,6,2,1,0,0,0,0,1,0,13.43022042,52.51037883
3,3300516,2020,12,14,4,3,5,3,0,0,1,0,0,0,0,0,13.42939465,52.57191114
11,11200512,2020,12,10,5,3,5,2,0,0,1,0,0,0,0,0,13.470341,52.53998365
11,11501238,2020,12,15,2,3,2,6,1,0,1,0,0,0,0,1,13.47567188,52.50140652
6,6400844,2020,12,10,2,3,5,3,0,1,1,0,0,0,0,1,13.28607321,52.45300871
8,8100102,2020,12,12,3,3,5,2,0,1,1,0,0,0,0,0,13.42550548,52.47978529
8,8300935,2020,12,18,2,3,0,1,2,1,0,0,0,0,0,1,13.45975282,52.42441168
6,6200312,2020,12,15,6,3,5,3,0,0,1,0,0,0,0,0,13.33210985,52.43683452
8,8200729,2020,12,10,7,3,0,1,0,1,0,0,0,0,0,2,13.41178954,52.43847492
12,12601031,2020,12,16,1,3,2,6,1,0,1,0,0,0,0,0,13.33994094,52.60068857
7,7400927,2020,12,5,6,3,6,2,1,0,1,1,0,0,0,0,13.40208431,52.46334021
3,3400828,2020,12,14,2,3,5,3,0,1,1,0,0,0,0,1,13.42334924,52.55617941
1,1100310,2020,12,18,5,3,4,2,2,1,1,0,0,0,0,1,13.4087456,52.52297546
10,10100311,2020,12,12,1,3,5,3,0,0,1,0,0,0,0,1,13.52191324,52.53572583
2,2300315,2020,12,22,6,3,6,4,2,0,0,1,0,0,1,0,13.43411632,52.49963642
2,2500728,2020,12,10,5,3,1,5,0,1,1,0,0,0,0,0,13.46523102,52.51736289
5,5300735,2020,12,5,6,2,6,2,2,0,1,1,0,0,0,0,13.22585857,52.55448575