BEZ,LOR_ab_2021,UJAHR,UMONAT,USTUNDE,UWOCHENTAG,UKATEGORIE,UART,UTYP1,ULICHTVERH,IstRad,IstPKW,IstFuss,IstKrad,IstGkfz,IstSonstige,USTRZUSTAND,XGCSWGS84,YGCSWGS84
10,10100315,2020,12,12,4,3,2,6,0,0,1,0,0,0,1,0,13.57039061,52.54302007
4,4300622,2020,12,9,4,3,0,3,0,0,1,0,1,0,0,0,13.31976478,52.51716524
9,9300920,2020,12,22,6,3,5,3,2,1,1,0,0,0,0,0,13.53092431,52.41563739
1,1100207,2020,12,1,5,3,5,3,2,0,1,0,0,0,0,1,13.39210012,52.5095841
10,10400941,2020,12,14,2,3,9,1,0,0,1,0,0,0,0,1,13.62215063,52.49090653
3,3601346,2020,12,23,1,3,0,1,2,0,0,0,1,0,0,1,13.41738302,52.54680803
2,2300314,2020,12,11,3,3,5,2,0,1,1,0,0,0,0,0,13.41933766,52.501339
4,4500936,2020,12,20,2,3,1,5,2,1,1,0,0,0,0,0,13.29861415,52.50083388
3,3400725,2020,12,7,6,3,2,2,0,0,1,0,0,0,0,0,13.4301095,52.58831954
7,7300618,2020,12,17,6,2,5,3,2,0,1,0,1,0,0,0,13.33286245,52.46873468
2,2200213,2020,12,20,7,3,1,5,2,1,1,0,0,0,0,0,13.41963697,52.49567188
1,1401045,2020,12,16,6,3,0,3,2,0,0,0,0,0,1,0,13.37700194,52.55664241
12,12500824,2020,12,7,2,3,2,2,1,0,1,0,0,0,1,0,13.28915878,52.5902545
10,10200524,2020,12,16,5,3,2,6,0,0,1,0,0,0,0,0,13.6142689,52.53205725
1,1300732,2020,12,11,6,3,0,6,0,0,1,0,0,0,1,0,13.38762065,52.56037659
3,3701660,2020,12,7,2,3,5,2,0,1,1,0,0,0,0,1,13.43678548,52.52954731
12,12500926,2020,12,16,2,3,5,2,2,1,1,0,0,0,0,1,13.33886672,52.58937333
9,9200717,2020,12,16,3,3,1,5,2,1,1,0,0,0,0,0,13.54917088,52.43830719
12,12100206,2020,12,12,6,3,0,1,0,0,0,0,1,0,0,1,13.33327792,52.57681399
1,1200624,2020,12,11,4,3,5,2,0,1,1,0,0,0,0,1,13.36034106,52.53724347
9,9200715,2020,12,7,2,3,5,3,0,0,1,0,0,0,0,1,13.53559245,52.43043349
9,9501939,2020,12,12,7,3,1,5,0,0,1,0,0,0,1,0,13.57948926,52.45558452
3,3601141,2020,12,8,6,3,5,2,0,1,1,0,0,0,0,0,13.41165455,52.55377155
6,6300634,2020,12,12,2,3,5,2,0,1,1,0,0,0,0,1,13.3074533,52.43333931
7,7601238,2020,12,15,3,3,2,6,1,0,1,0,0,0,0,1,13.38794325,52.4118858
3,3100102,2020,12,19,3,3,2,2,2,0,1,0,0,0,0,0,13.49924755,52.6352753
4,4501042,2020,12,9,6,3,2,2,0,0,1,0,0,0,0,0,13.33244718,52.50624138
4,4501150,2020,12,12,4,3,5,2,0,1,1,0,0,0,0,0,13.32573939,52.48653938
12,12500926,2020,12,11,2,3,5,7,0,1,1,0,0,0,0,0,13.33724197,52.59576593
1,1100312,2020,12,13,1,3,0,6,0,1,0,0,0,0,0,0,13.41603267,52.51045006
3,3500934,2020,12,17,2,3,5,3,2,0,1,0,0,0,0,0,13.44182651,52.55033888
7,7100103,2020,12,9,6,3,1,5,0,1,1,0,0,0,0,0,13.36103602,52.49790041
3,3601450,2020,12,11,6,3,5,2,0,0,1,0,0,0,0,0,13.45289593,52.53379937
1,1300836,2020,12,14,7,3,5,3,0,1,1,0,0,0,0,0,13.38334566,52.5485822
9,9501939,2020,12,8,6,2,2,6,0,0,1,0,0,0,1,0,13.56882966,52.45331555
4,4400830,2020,12,13,5,3,1,5,0,1,1,0,0,0,0,0,13.29009861,52.47574968
2,2200212,2020,12,4,5,3,9,1,2,0,1,0,0,0,0,0,13.40558973,52.48927226
3,3500933,2020,12,11,2,3,5,3,0,0,1,0,0,0,0,0,13.46197636,52.55897673
7,7200308,2020,12,15,2,2,6,2,0,0,1,1,0,0,0,1,13.34958094,52.48086066
4,4501041,2020,12,14,3,3,5,3,0,1,1,0,0,0,0,0,13.31911473,52.49957391
1,1200517,2020,12,7,6,3,2,2,0,0,1,0,0,0,0,0,13.32842574,52.53295879
9,9300923,2020,12,7,4,3,5,3,0,1,1,0,0,0,0,1,13.53410962,52.40841793
5,5100317,2020,12,7,2,3,6,2,2,0,1,1,0,0,0,1,13.22739874,52.52841328
8,8100311,2020,12,20,7,3,1,5,2,1,1,0,0,0,0,0,13.43132628,52.48719706
11,11200410,2020,12,10,2,3,6,7,0,0,1,1,0,0,0,1,13.49945427,52.56223243
6,6300633,2020,12,7,6,3,6,4,0,0,1,1,0,0,0,0,13.31606936,52.44067187
7,7100101,2020,12,17,6,2,6,4,2,1,0,1,0,0,0,1,13.34047213,52.49748284
3,3400723,2020,12,7,7,3,6,2,2,0,1,1,0,0,0,1,13.40644535,52.56538152
7,7400826,2020,12,15,2,2,5,3,1,1,1,0,0,0,0,0,13.37219363,52.45543957
12,12200310,2020,12,2,6,3,5,3,2,0,1,0,0,0,1,0,13.31421336,52.57678088
8,8200832,2020,12,7,6,3,5,3,1,0,1,0,1,0,0,1,13.43324137,52.42458242
1,1200522,2020,12,11,7,3,2,2,0,0,1,0,0,0,0,0,13.33928524,52.52570997
8,8100312,2020,12,6,4,3,2,1,2,1,1,0,0,0,0,0,13.43942343,52.48410803
12,12601031,2020,12,16,5,3,3,2,2,1,1,0,0,0,0,0,13.32646749,52.60456917
8,8100415,2020,12,10,2,3,1,5,0,1,1,0,0,0,0,1,13.44175767,52.47965889
9,9200715,2020,12,11,2,3,2,6,0,0,1,0,0,1,0,1,13.52704437,52.42644635
1,1200626,2020,12,12,3,3,5,5,0,0,1,0,0,0,0,0,13.34908634,52.52334685
1,1100416,2020,12,15,6,3,0,1,1,1,0,0,0,0,0,1,13.39998087,52.53286323
2,2100104,2020,12,21,4,3,6,4,2,0,0,1,0,0,1,0,13.41386069,52.50038258
11,11200514,2020,12,10,2,3,3,6,0,1,1,0,0,0,0,0,13.4972562,52.539111
12,12601236,2020,12,15,7,2,5,3,0,0,1,0,0,0,0,1,13.3461204,52.59157796
8,8100418,2020,12,22,1,2,0,1,2,1,0,0,0,0,0,1,13.45552657,52.47956086
10,10400939,2020,12,15,6,3,6,7,0,0,1,1,0,0,0,0,13.61507956,52.51068329
2,2500834,2020,12,16,5,3,6,2,2,0,1,1,0,0,0,0,13.45115055,52.50853023
7,7601236,2020,12,15,6,2,5,2,1,0,1,0,0,0,0,0,13.37163322,52.42359268
4,4400830,2020,12,13,4,3,2,7,0,1,1,0,0,0,0,1,13.30038187,52.48054555
8,8200833,2020,12,14,6,3,5,2,0,1,1,0,0,0,0,0,13.44204018,52.42500088
6,6100205,2020,12,7,5,2,2,6,1,0,1,0,1,0,0,1,13.35683654,52.44872624
7,7300619,2020,12,10,2,2,5,3,0,0,1,0,0,1,0,1,13.34745947,52.47053465
4,4300414,2020,12,19,1,3,5,3,2,1,1,0,0,0,0,1,13.29702719,52.51180515
12,12200412,2020,12,10,3,3,2,6,0,0,1,0,0,0,0,0,13.29663371,52.57719596
9,9401329,2020,12,21,4,2,8,1,2,0,1,0,0,0,0,1,13.6533923,52.41687446
4,4400830,2020,12,8,5,3,5,3,0,1,1,0,0,0,0,0,13.28362355,52.47830025
8,8100415,2020,12,9,2,3,2,7,0,0,1,0,1,0,0,0,13.44172131,52.47882719
1,1300732,2020,12,19,2,3,5,3,2,1,1,0,0,0,0,0,13.39195679,52.56392841
6,6300633,2020,12,15,3,3,5,3,1,1,0,0,0,0,0,0,13.31069197,52.44177683
2,2300315,2020,12,1,3,2,0,1,2,0,0,0,0,0,1,1,13.43413468,52.50059913
3,3601245,2020,12,14,6,3,5,2,0,1,1,0,0,0,0,0,13.43449771,52.54961858
1,1200628,2020,12,17,4,3,6,4,1,1,0,1,0,0,0,1,13.36375952,52.52472488
12,12500929,2020,12,12,7,2,1,1,0,0,0,0,1,0,1,0,13.35160442,52.61686358
1,1401048,2020,12,19,1,3,2,6,2,0,1,0,0,0,1,0,13.35626611,52.55247741
5,5200420,2020,12,12,6,3,5,2,0,0,1,0,0,0,0,0,13.15774515,52.53354504
1,1401046,2020,12,9,5,3,5,2,0,1,1,0,0,0,0,0,13.3451677,52.53912239
2,2300418,2020,12,15,4,3,2,7,0,1,1,0,0,0,1,1,13.43723549,52.49328429
7,7300517,2020,12,14,6,3,6,4,0,0,0,1,0,0,1,0,13.33122242,52.46976997
10,10300731,2020,12,17,3,2,5,3,2,0,1,0,1,0,0,1,13.55268788,52.52318311
1,1401045,2020,12,12,6,3,2,6,0,0,1,0,0,0,0,0,13.37741627,52.55626636
6,6400840,2020,12,15,5,3,0,1,1,1,0,0,0,0,0,0,13.24798932,52.44861461
8,8100521,2020,12,9,2,3,6,7,0,0,0,1,0,0,1,0,13.46930512,52.46318364
1,1300733,2020,12,17,1,3,6,2,2,0,1,1,0,0,0,0,13.38642927,52.54938786
4,4501044,2020,12,6,3,3,2,6,2,0,1,0,0,0,0,1,13.3172103,52.491482
4,4501043,2020,12,18,2,3,2,6,2,0,1,0,0,0,0,0,13.30941615,52.49412046
6,6200421,2020,12,21,6,2,0,1,2,0,0,0,1,0,0,0,13.31204275,52.430457
10,10100103,2020,12,16,6,3,5,3,2,0,1,0,0,0,0,0,13.56936689,52.5689171
12,12200515,2020,12,14,4,3,6,2,0,0,1,1,0,0,0,1,13.28484877,52.58856241
1,1100312,2020,12,16,7,3,1,6,2,0,1,0,0,0,0,0,13.41323288,52.50848316
2,2100102,2020,12,20,6,3,6,2,2,0,1,1,0,0,0,0,13.39821234,52.50699451
10,10100315,2020,12,10,2,3,2,6,0,0,1,0,0,0,0,1,13.56974983,52.54571491
9,9200715,2020,12,19,6,3,5,2,2,0,1,0,0,0,0,0,13.5266538,52.42644867
6,6300526,2020,12,8,7,3,5,2,0,1,1,0,0,0,0,2,13.25992107,52.42925998
11,11400929,2020,12,14,4,3,1,7,0,0,1,1,0,0,0,1,13.50045781,52.50924386
4,4500937,2020,12,13,7,3,5,3,0,0,1,0,0,0,0,0,13.28684044,52.49583666
5,5300736,2020,12,19,6,3,2,6,2,0,1,0,0,0,0,0,13.22908676,52.53807729
3,3601245,2020,12,8,2,3,3,6,1,1,1,0,0,0,0,1,13.43631955,52.54825638
5,5100313,2020,12,17,5,3,2,6,2,0,1,0,1,0,0,1,13.2086148,52.55296217
1,1100312,2020,12,9,6,3,0,1,0,1,0,0,0,0,0,0,13.40824181,52.51183702
1,1200628,2020,12,8,2,3,5,3,0,1,1,0,0,0,0,1,13.3627582,52.52275425
6,6200312,2020,12,17,2,3,2,2,2,0,1,0,0,0,0,1,13.32757051,52.44017692
7,7601547,2020,12,17,3,2,5,2,2,1,0,0,0,1,0,0,13.40975836,52.38723344
4,4501045,2020,12,19,6,3,6,2,2,0,1,1,0,0,0,0,13.33501321,52.4980938
1,1100415,2020,12,14,4,3,4,6,0,0,1,0,1,0,0,1,13.39757457,52.53249836
1,1401043,2020,12,19,2,3,5,7,2,0,1,0,0,0,1,0,13.36284861,52.54656445
9,9301024,2020,12,15,7,3,5,3,0,0,1,0,0,0,0,0,13.56007867,52.40508198
11,11300618,2020,12,13,2,2,1,1,0,0,1,1,0,0,1,0,13.46583752,52.52631705
2,2500830,2020,12,19,6,3,1,5,2,1,1,0,0,0,0,0,13.45528798,52.51363296
4,4300517,2020,12,10,6,3,0,3,0,0,1,0,0,0,1,1,13.29920865,52.52386561
9,9501737,2020,12,7,4,3,6,4,2,0,1,1,0,0,0,1,13.61839658,52.4554746
4,4300412,2020,12,13,7,3,6,4,0,0,1,1,0,0,0,0,13.29627054,52.51936421
8,8100415,2020,12,13,5,3,5,2,0,1,1,0,0,0,0,0,13.43664452,52.47989777
11,11300721,2020,12,21,5,2,5,3,2,0,1,0,0,0,0,0,13.51420848,52.53529282
3,3601141,2020,12,18,2,3,2,6,2,0,1,0,0,0,0,0,13.40771841,52.55426843
10,10100315,2020,12,13,2,3,2,6,0,0,1,0,0,0,1,0,13.57128308,52.5461435
5,5100102,2020,12,13,3,3,1,5,0,1,0,0,0,0,1,0,13.20353201,52.56338601
6,6300526,2020,12,14,5,3,5,2,0,0,1,0,0,0,0,0,13.2507353,52.43505917
2,2100104,2020,12,12,6,3,5,7,0,0,1,0,0,0,0,0,13.40484978,52.50304683
1,1401045,2020,12,17,2,3,3,6,2,0,1,0,0,0,0,1,13.38326526,52.55611156
8,8100105,2020,12,16,2,3,5,3,2,0,1,0,0,0,0,1,13.43246026,52.46578012
12,12601133,2020,12,15,3,2,6,7,1,0,1,1,0,0,0,0,13.35588389,52.5985031
7,7400823,2020,12,18,6,3,2,6,2,0,1,0,0,0,0,0,13.37357963,52.46895614
1,1401046,2020,12,11,4,3,2,6,0,0,1,0,0,0,0,1,13.34982533,52.54236524
1,1400942,2020,12,17,2,3,0,2,2,0,0,1,0,0,1,0,13.35906241,52.54655278
1,1200517,2020,12,11,7,3,2,6,0,0,1,0,0,0,0,1,13.31717825,52.53086754
12,12500825,2020,12,11,2,3,5,2,0,1,1,0,0,0,0,0,13.30298146,52.58068623
4,4200308,2020,12,9,5,3,9,7,0,0,1,0,0,0,0,0,13.2827991,52.51864159
7,7601442,2020,12,21,6,3,2,2,2,0,1,0,0,0,0,0,13.40670229,52.39851238
4,4501041,2020,12,18,3,2,6,4,2,0,0,1,0,0,1,0,13.32025625,52.50164767
9,9100203,2020,12,10,7,3,5,2,0,1,1,0,0,0,0,1,13.47378207,52.47494868
7,7501032,2020,12,8,4,3,5,3,0,0,1,0,0,0,0,0,13.41080052,52.44471502
5,5100104,2020,12,14,5,3,5,3,0,1,1,0,0,0,0,1,13.20768471,52.55576419
2,2500830,2020,12,17,2,3,0,3,2,1,0,0,0,0,0,1,13.45712634,52.51299839
5,5400943,2020,12,11,2,3,5,3,0,1,1,0,0,0,0,1,13.1221904,52.47318469
8,8100311,2020,12,16,3,3,3,6,1,1,1,0,0,0,0,0,13.42866136,52.48673702
12,12500930,2020,12,7,3,3,5,2,0,0,1,0,0,1,0,0,13.31541508,52.57792777
4,4500936,2020,12,18,5,3,0,7,2,0,0,0,1,0,1,0,13.30706748,52.50007263
7,7200307,2020,12,19,4,3,5,3,2,0,1,0,0,0,0,1,13.33902164,52.49222057
1,1100310,2020,12,14,2,3,5,2,0,0,1,0,0,0,0,1,13.41554899,52.52707728
2,2200210,2020,12,13,7,2,6,2,0,0,1,1,0,0,0,0,13.3963126,52.49134605
7,7601544,2020,12,13,1,3,6,7,0,0,1,1,0,0,0,1,13.40187264,52.38668397
5,5100210,2020,12,16,5,3,2,6,2,0,1,0,0,0,0,0,13.19055095,52.54637045
2,2100102,2020,12,17,5,3,1,5,2,1,1,0,0,0,0,1,13.39061203,52.50617045
1,1401045,2020,12,10,5,3,6,7,0,1,0,0,0,0,1,0,13.37597435,52.55638286
9,9200715,2020,12,7,4,3,6,2,2,0,0,1,0,0,1,1,13.5384837,52.43455129
4,4501042,2020,12,22,1,3,2,6,2,0,1,0,1,0,0,1,13.33780937,52.50380487
7,7601236,2020,12,18,7,3,1,1,2,0,1,0,0,0,1,1,13.35521577,52.41527077
12,12200411,2020,12,14,2,3,0,6,0,0,1,0,0,0,1,0,13.32595884,52.56172818
2,2400625,2020,12,22,5,2,0,7,2,1,0,0,0,0,0,0,13.44657761,52.50272507
7,7501135,2020,12,14,6,3,3,7,0,0,1,0,0,0,1,1,13.39838527,52.41953921
6,6300632,2020,12,11,6,3,2,6,0,0,1,0,0,1,0,0,13.2819758,52.43261274
8,8100312,2020,12,18,4,3,1,5,2,1,1,0,0,0,0,0,13.43957887,52.48188169
1,1100310,2020,12,19,5,3,0,3,2,0,1,0,1,0,0,0,13.41558296,52.52670508
11,11300826,2020,12,21,1,3,5,3,2,0,1,0,0,0,0,1,13.48134317,52.50664652
12,12500929,2020,12,10,2,3,1,5,0,1,1,0,0,0,0,1,13.34806968,52.61539322
1,1100308,2020,12,6,3,3,5,3,2,1,1,0,0,0,0,1,13.38789709,52.52340934
1,1100309,2020,12,13,2,3,5,3,0,1,0,0,0,0,1,0,13.40084232,52.52686314
9,9200512,2020,12,22,5,3,0,1,2,0,0,0,1,0,0,0,13.54295986,52.45757274
2,2500835,2020,12,12,7,3,2,6,0,0,1,0,0,0,0,0,13.45888998,52.50129715
6,6100208,2020,12,18,3,3,2,6,2,0,1,0,0,0,0,0,13.33129523,52.45336555
7,7400927,2020,12,15,1,3,5,2,1,0,1,0,0,0,0,0,13.40400511,52.46346801
2,2100106,2020,12,21,5,3,5,3,2,0,1,0,0,0,0,0,13.39941683,52.49828755
5,5200423,2020,12,18,5,3,6,4,2,0,0,1,0,0,1,1,13.15467957,52.53190284
3,3601245,2020,12,15,3,3,5,3,0,0,1,0,1,0,0,0,13.43157439,52.5507971
9,9100409,2020,12,12,6,3,5,3,0,0,1,0,0,0,1,0,13.49786408,52.43371521
11,11401032,2020,12,21,3,3,1,7,2,0,1,0,0,0,0,1,13.50363422,52.51207628
8,8401241,2020,12,19,5,2,5,2,2,0,1,0,1,0,0,0,13.47072704,52.43546457
11,11400929,2020,12,15,6,3,5,7,2,1,1,0,0,0,0,0,13.49775556,52.50917921
7,7501134,2020,12,10,4,3,0,1,0,1,0,0,0,0,0,1,13.38930531,52.43928731
5,5100211,2020,12,13,4,3,5,3,0,1,1,0,0,0,0,0,13.17794618,52.54874685
4,4300621,2020,12,9,5,3,0,1,0,0,1,0,1,0,0,0,13.30213171,52.51695609
3,3400620,2020,12,5,5,2,5,2,2,0,1,0,1,0,0,0,13.38018259,52.57495226
8,8301037,2020,12,14,1,3,5,3,0,0,1,0,0,0,0,0,13.48134362,52.4256126
11,11400929,2020,12,4,1,3,1,5,2,0,1,0,0,0,1,1,13.502973,52.50820275
9,9100407,2020,12,16,3,3,5,2,2,1,1,0,0,0,0,0,13.49739394,52.45812546
3,3500935,2020,12,5,2,3,5,3,2,0,1,0,0,0,1,1,13.44741181,52.54848154
8,8100417,2020,12,19,5,3,1,5,2,1,1,0,0,0,0,0,13.44262172,52.47052404
8,8100209,2020,12,2,7,3,1,5,2,0,1,0,0,0,1,1,13.44018578,52.46740271
1,1100102,2020,12,20,7,3,5,2,2,1,1,0,0,0,0,0,13.35115678,52.51521269
4,4501041,2020,12,18,5,3,5,3,2,0,1,0,0,0,0,0,13.31509784,52.50100805
12,12400720,2020,12,16,1,3,1,5,1,0,1,0,0,0,0,0,13.28722279,52.62750611
1,1100308,2020,12,16,5,2,6,4,1,0,1,1,0,0,0,1,13.3838591,52.529923
3,3601140,2020,12,10,6,3,6,2,0,0,1,1,0,0,0,0,13.40396279,52.551311
7,7400823,2020,12,15,1,3,6,2,0,0,1,1,0,0,0,0,13.37825344,52.46625506
1,1300733,2020,12,17,2,3,1,5,2,0,1,0,0,0,1,1,13.39282781,52.55500132
12,12400723,2020,12,16,3,3,0,5,2,0,1,0,0,0,1,0,13.31568149,52.62241098
6,6100205,2020,12,17,5,2,6,4,2,0,1,1,0,0,0,0,13.34293842,52.44730787
11,2500832,2020,12,12,4,3,2,6,0,0,1,0,0,0,0,1,13.47120303,52.50529304
4,4501042,2020,12,14,1,3,0,6,0,0,1,0,0,0,1,0,13.33860586,52.50525572
10,10100101,2020,12,9,7,3,0,1,0,0,0,0,1,0,0,2,13.55325851,52.56837163
7,7300619,2020,12,12,2,3,5,2,0,1,0,0,0,0,1,1,13.34842997,52.45891993
5,5100103,2020,12,16,5,3,5,3,1,1,1,0,0,0,0,0,13.21010244,52.56683483
11,11200515,2020,12,8,6,3,2,6,0,0,1,0,0,0,1,1,13.51175671,52.53857469
7,7200308,2020,12,14,3,3,2,6,0,0,1,0,0,0,0,0,13.34513577,52.48181232
10,10200629,2020,12,16,5,3,6,2,0,0,1,1,0,0,0,0,13.58793734,52.52068391
10,10100102,2020,12,14,1,3,2,6,0,0,1,0,0,0,0,0,13.56817147,52.57366103
2,2200210,2020,12,13,1,3,6,7,0,0,0,1,0,0,1,0,13.39706543,52.49567114
2,2300316,2020,12,13,2,3,5,3,0,0,1,0,1,0,0,0,13.43008374,52.50346175
2,2200211,2020,12,15,5,2,1,5,1,1,1,0,0,0,0,0,13.39102453,52.48950507
2,2400625,2020,12,12,6,2,3,6,0,1,0,0,0,0,1,1,13.44137022,52.51301243
4,4501041,2020,12,15,7,3,6,7,1,0,0,1,0,0,1,0,13.31961948,52.50154981
3,3400829,2020,12,14,5,3,2,6,0,1,1,0,0,0,0,0,13.41611142,52.56071612
5,5100208,2020,12,14,5,3,6,7,0,0,0,1,0,0,1,0,13.16491262,52.55045245
9,9200511,2020,12,15,5,3,6,4,0,0,1,1,0,0,0,0,13.52347401,52.46286336
12,12200515,2020,12,12,1,3,5,3,0,0,1,0,0,0,0,1,13.28302134,52.59420841
6,6300527,2020,12,15,2,3,2,6,1,0,1,0,0,0,0,1,13.26543073,52.4322016
4,4501045,2020,12,14,3,3,5,2,1,1,1,0,0,0,0,0,13.32376889,52.49465429
4,4300622,2020,12,14,5,3,6,4,0,0,1,1,0,0,0,0,13.32902388,52.50539097
2,2200209,2020,12,10,4,3,0,1,0,1,0,0,0,0,0,1,13.37371683,52.48793037
11,11200514,2020,12,12,1,3,5,2,0,1,0,0,0,0,1,0,13.47328143,52.53616808
1,1401045,2020,12,10,7,3,5,2,0,0,1,0,0,0,0,1,13.3741553,52.55651063
9,9200715,2020,12,15,2,3,5,2,1,1,1,0,0,0,0,0,13.55064593,52.42919872
12,12400722,2020,12,13,5,3,6,7,0,0,1,1,0,0,0,0,13.30613233,52.61769035
6,6200422,2020,12,18,6,3,3,6,2,0,1,0,0,0,0,0,13.3259625,52.42793162
7,7501030,2020,12,8,7,3,0,1,0,0,0,0,1,0,0,2,13.37980241,52.44522774
6,6200317,2020,12,7,4,3,5,3,1,0,1,0,0,0,0,1,13.35204567,52.4184292
12,12500927,2020,12,10,5,3,5,3,0,1,0,0,0,0,1,0,13.32617565,52.59171011
5,5100103,2020,12,9,1,2,6,2,0,0,1,1,0,0,0,0,13.20947355,52.56542864
11,11501339,2020,12,11,2,3,2,6,0,0,1,0,0,0,0,1,13.5262791,52.49340834
3,3400619,2020,12,12,7,3,2,7,0,0,1,0,0,0,0,0,13.37456438,52.58301744
2,2100102,2020,12,11,4,3,5,7,0,0,1,0,0,0,0,0,13.39488863,52.50376065
4,4300415,2020,12,17,5,3,0,7,2,1,1,0,0,0,0,0,13.28366715,52.50625629
12,12500824,2020,12,9,1,3,5,3,0,0,1,0,0,0,0,1,13.30121602,52.59952179
8,8100415,2020,12,11,2,2,6,2,0,0,1,1,0,0,0,0,13.43904638,52.48050077
12,12100204,2020,12,12,3,3,6,4,0,0,1,1,0,0,0,1,13.36248491,52.5622045
1,1300834,2020,12,12,5,3,5,2,0,1,1,0,0,0,0,0,13.39108701,52.54468047
2,2300316,2020,12,6,4,3,6,2,2,0,1,1,0,0,0,1,13.44152077,52.50130961
9,9100306,2020,12,7,1,3,6,7,2,0,1,1,0,0,0,1,13.48409499,52.44759883
8,8100312,2020,12,16,7,3,6,7,1,0,1,1,0,0,0,0,13.44155954,52.4830436
10,10300733,2020,12,23,1,3,8,1,2,0,1,0,0,0,0,1,13.55292917,52.50750615
7,7400927,2020,12,12,5,2,5,2,0,1,0,0,0,1,0,0,13.4020804,52.46332805
1,1100310,2020,12,14,6,3,1,5,0,1,1,0,0,0,0,0,13.40905535,52.52414255
3,3701657,2020,12,14,3,3,0,1,0,1,0,0,0,0,0,0,13.42646116,52.54297072
4,4300622,2020,12,19,6,3,5,7,2,0,1,0,0,0,0,0,13.31728337,52.51393541
2,2500726,2020,12,14,4,3,5,2,0,0,1,0,0,0,1,0,13.45079361,52.52720122
7,7400824,2020,12,8,5,3,1,5,0,1,1,0,0,0,0,0,13.3786387,52.46138508
12,12200309,2020,12,20,7,3,6,7,2,0,1,1,0,0,0,0,13.31743065,52.56957
5,5100312,2020,12,23,2,3,1,1,2,0,1,0,0,0,1,1,13.19416022,52.55107406
7,7601341,2020,12,17,3,3,2,6,2,0,1,0,0,1,0,1,13.36747007,52.41034514
8,8100311,2020,12,11,2,3,0,2,0,0,1,0,0,0,1,0,13.43026401,52.48611251
4,4500937,2020,12,11,5,3,6,2,0,0,1,1,0,0,0,0,13.29882182,52.49854083
5,5200632,2020,12,9,7,3,0,7,0,1,0,0,0,0,0,2,13.21619771,52.52672072
1,1100206,2020,12,17,3,3,5,2,2,1,1,0,0,0,0,0,13.38917016,52.51483533
5,5100105,2020,12,3,3,3,1,7,2,0,1,0,0,0,1,1,13.19258234,52.55225501
3,3701659,2020,12,10,5,3,0,3,0,0,1,0,1,0,0,1,13.41840193,52.52851736
1,1100207,2020,12,17,4,2,5,3,1,1,1,0,0,0,0,0,13.39348577,52.51223504
3,3500934,2020,12,13,7,3,5,3,0,0,1,0,1,0,0,0,13.4356113,52.55087462
2,2500832,2020,12,20,1,3,2,6,2,0,1,0,0,0,0,1,13.47126694,52.50721998
8,8100208,2020,12,9,5,3,5,3,0,0,1,0,0,0,0,0,13.43522254,52.4705625
7,7200414,2020,12,10,5,3,2,6,0,0,1,0,0,0,0,0,13.36958718,52.48506973
12,12500930,2020,12,14,6,3,5,2,0,0,1,0,0,0,0,0,13.31543218,52.57793717
3,3400830,2020,12,11,4,3,1,5,0,1,1,0,0,0,0,1,13.41503479,52.56651876
5,5100101,2020,12,21,3,2,9,1,2,0,1,0,0,0,0,1,13.1685746,52.5619695
7,7601339,2020,12,12,5,3,5,3,0,1,1,0,0,0,0,0,13.3479264,52.4146242
6,6100205,2020,12,15,5,2,0,7,1,0,1,0,0,0,0,0,13.35295054,52.44916625
2,2200210,2020,12,19,7,3,2,7,2,0,1,0,0,0,0,0,13.39521587,52.49476236
6,6200313,2020,12,13,1,3,5,2,0,1,0,0,0,0,1,0,13.34590686,52.43628448
4,4501153,2020,12,17,3,3,2,6,2,0,1,0,0,0,0,0,13.32907303,52.48124518
3,3400619,2020,12,19,2,3,2,6,2,0,1,0,0,0,0,1,13.368514,52.58804415
9,11501341,2020,12,7,5,3,5,3,0,1,1,0,0,0,0,0,13.50780221,52.47496511
11,11401136,2020,12,22,6,3,1,5,2,0,1,0,0,0,0,1,13.49984378,52.49900517
1,1100102,2020,12,16,7,3,5,3,2,0,1,0,0,0,0,0,13.35051424,52.51382237
6,6100205,2020,12,14,4,3,6,3,0,0,1,1,0,0,0,0,13.35412463,52.44911297
4,4400831,2020,12,15,5,3,6,7,1,0,1,1,0,0,0,0,13.2856835,52.47597115
2,2100104,2020,12,12,6,3,0,1,0,1,0,0,0,0,0,0,13.41172873,52.50334603
8,8100314,2020,12,15,7,3,2,7,0,1,1,0,0,0,1,0,13.42892893,52.48626028
2,2200208,2020,12,16,2,3,6,4,2,0,1,1,0,0,0,0,13.38378354,52.49377921
10,10400941,2020,12,12,7,3,5,3,0,0,1,0,0,0,0,1,13.6150275,52.49488899
4,4501153,2020,12,18,4,3,5,2,2,1,1,0,0,0,0,0,13.32882866,52.47887113