BEZ,LOR_ab_2021,UJAHR,UMONAT,USTUNDE,UWOCHENTAG,UKATEGORIE,UART,UTYP1,ULICHTVERH,IstRad,IstPKW,IstFuss,IstKrad,IstGkfz,IstSonstige,USTRZUSTAND,XGCSWGS84,YGCSWGS84
4,4200308,2020,12,0,7,3,2,6,2,0,1,0,0,0,0,0,13.28060706,52.51850579
1,1100415,2020,12,17,5,3,1,5,2,1,1,0,0,0,0,1,13.3979594,52.53251808
5,5100312,2020,12,7,6,3,6,4,1,0,1,1,0,0,0,0,13.2004636,52.54975805
8,8401139,2020,12,19,7,3,5,3,2,0,1,0,0,0,0,0,13.45873305,52.44031181
11,11400930,2020,12,22,2,3,5,3,2,0,1,0,1,0,0,1,13.51148509,52.50560547
4,4501042,2020,12,18,3,3,2,6,2,0,1,0,0,0,0,0,13.33150298,52.50536335
10,10300734,2020,12,15,4,3,6,4,1,0,1,1,0,0,0,0,13.56189363,52.50062473
10,10400941,2020,12,7,4,3,5,3,0,1,1,0,0,0,0,0,13.61201393,52.49664457
12,12200412,2020,12,19,7,2,5,3,2,0,1,0,1,0,0,0,13.2925461,52.57550167
9,9501737,2020,12,13,7,3,0,1,0,1,0,0,0,0,0,1,13.62417814,52.44707216
3,11300618,2020,12,17,2,3,6,2,2,0,1,1,0,0,0,0,13.45782711,52.52868577
4,4500937,2020,12,23,4,3,2,6,2,0,1,0,0,0,0,0,13.29983889,52.49857082
10,10400837,2020,12,11,6,3,2,2,0,0,1,0,0,1,0,1,13.58624542,52.48199139
5,4200308,2020,12,13,7,3,2,6,0,0,1,0,0,0,0,0,13.2477852,52.52446778
1,1100310,2020,12,13,5,3,5,2,0,1,1,0,0,0,0,0,13.41525913,52.52683188
7,7200308,2020,12,22,5,3,5,3,2,1,1,0,0,0,0,0,13.34435666,52.48557552
1,1100103,2020,12,18,7,3,5,3,2,0,1,0,0,0,0,0,13.35219695,52.50544958
10,10100312,2020,12,13,2,3,5,2,0,0,1,0,0,0,1,1,13.54412481,52.52583258
8,8200833,2020,12,14,3,3,0,6,0,0,0,0,0,0,1,0,13.44299788,52.42539018
12,12200310,2020,12,20,4,3,5,2,2,0,1,0,0,0,0,0,13.31251636,52.56954668
5,5100313,2020,12,7,4,2,6,4,1,0,0,1,0,0,1,1,13.20984214,52.54801353
3,3100102,2020,12,12,7,2,5,2,0,1,1,0,0,0,0,1,13.51496736,52.63275178
9,9200715,2020,12,19,7,3,5,3,2,0,1,0,0,0,1,0,13.52721764,52.43204138
7,7400823,2020,12,8,2,3,5,3,0,0,1,0,0,0,0,1,13.37655403,52.46001969
11,11100205,2020,12,15,3,3,8,1,0,0,1,0,0,0,0,0,13.51181096,52.56810984
12,12400619,2020,12,18,4,3,2,2,2,1,1,0,0,0,0,0,13.24061715,52.60889301
8,8100314,2020,12,11,4,3,5,2,0,1,1,0,0,0,0,0,13.42445404,52.48624628
8,8401245,2020,12,12,7,3,5,7,0,0,1,0,0,0,1,0,13.50816597,52.40360278
4,4300619,2020,12,11,7,3,2,6,0,0,1,0,0,0,0,0,13.31033634,52.51631759
12,12200515,2020,12,12,2,3,6,7,0,0,1,1,0,0,0,0,13.28450258,52.58888497
5,5300737,2020,12,17,4,3,2,6,2,0,1,0,0,0,0,0,13.24742236,52.54153516
1,1100310,2020,12,6,6,3,5,2,2,0,1,0,0,0,1,1,13.41162407,52.52396127
8,8401243,2020,12,11,7,3,2,6,0,0,1,0,0,0,0,1,13.49708743,52.43293999
2,2300315,2020,12,9,4,3,5,3,0,1,0,0,1,0,0,1,13.42672608,52.49928531
10,10400836,2020,12,16,5,3,1,5,2,0,1,0,0,0,0,0,13.60161456,52.51053918
5,5200632,2020,12,17,7,3,5,2,2,1,0,0,0,0,1,0,13.21174045,52.52740216
11,11300721,2020,12,11,2,3,2,6,0,0,1,0,0,0,0,1,13.49215378,52.53406751
8,8200726,2020,12,9,3,3,6,3,1,0,1,1,0,0,0,0,13.43768966,52.45091882
5,5100101,2020,12,13,4,3,8,1,0,0,1,1,0,0,0,0,13.21185661,52.57487957
10,10100206,2020,12,21,4,2,5,3,2,0,1,0,0,0,1,0,13.56942736,52.56081336
3,3501037,2020,12,17,7,3,2,6,1,0,1,0,0,0,0,0,13.45744631,52.5612362
2,3601453,2020,12,14,7,2,6,7,0,0,1,1,0,0,0,0,13.45602852,52.52257204
4,4501042,2020,12,14,1,3,2,6,0,0,1,0,0,0,0,0,13.32639464,52.50282827
9,9401635,2020,12,16,4,2,5,2,0,0,1,0,1,0,0,0,13.65676168,52.41507616
4,4501152,2020,12,15,5,3,5,2,1,1,1,0,0,0,0,0,13.33100928,52.49319115
7,7200307,2020,12,15,6,3,5,3,1,1,1,0,0,0,0,0,13.34493555,52.49042637
1,1200519,2020,12,1,4,2,9,1,2,0,1,0,0,0,0,0,13.3354124,52.52685877
1,1100102,2020,12,17,4,3,5,2,2,1,1,0,0,0,0,0,13.37194872,52.51940137
5,5100315,2020,12,16,6,3,5,3,2,0,1,0,0,0,1,1,13.20363243,52.54438758
4,4200311,2020,12,15,6,3,5,3,0,0,1,0,1,0,0,0,13.27349077,52.49995048
2,2200208,2020,12,19,4,3,0,2,2,1,1,0,0,0,0,0,13.38763937,52.49631987
1,1100207,2020,12,19,5,3,5,2,2,1,1,0,0,0,0,0,13.40122065,52.51112889
12,12400618,2020,12,11,7,3,5,3,0,0,1,0,0,0,0,0,13.24438213,52.61435194
3,3601451,2020,12,10,2,3,0,1,0,0,0,0,1,0,0,1,13.44234416,52.53274215
9,9300923,2020,12,18,3,3,0,3,2,1,1,0,0,0,0,0,13.53569903,52.4001402
2,2400522,2020,12,0,3,2,0,1,2,1,0,0,0,0,0,0,13.44462718,52.52556231
7,7601339,2020,12,7,4,3,6,2,1,0,1,1,0,0,0,0,13.35019648,52.41420364
3,3601245,2020,12,15,4,2,5,2,1,1,1,0,0,0,0,1,13.43457061,52.54962015
12,12500926,2020,12,12,7,3,6,2,0,0,1,1,0,0,0,1,13.33878244,52.58937879
10,10100206,2020,12,13,3,2,2,3,0,0,1,0,1,0,0,0,13.56948932,52.56081055
5,5400942,2020,12,16,1,3,8,1,2,0,0,0,1,0,0,0,13.18131014,52.48147904
5,5100208,2020,12,14,4,2,3,6,0,0,1,0,0,0,0,0,13.16346567,52.55145812
3,3601245,2020,12,13,5,3,6,7,0,0,1,1,0,0,0,0,13.43516537,52.55035815
4,4200308,2020,12,15,3,2,2,6,0,0,0,0,1,1,0,0,13.28230462,52.51845022
3,3601244,2020,12,14,6,3,5,3,0,0,1,0,0,0,0,0,13.42643307,52.54858377
5,5300736,2020,12,20,3,3,5,3,2,0,1,0,0,0,0,1,13.22265076,52.540122
10,10200524,2020,12,11,4,3,6,4,0,0,1,1,0,0,0,0,13.60925443,52.53310202
11,11501341,2020,12,16,5,3,0,3,2,0,1,0,0,0,1,0,13.52173878,52.47529872
12,12100204,2020,12,11,7,3,6,4,0,0,1,1,0,0,0,0,13.352439,52.56529483
5,5200629,2020,12,13,1,3,2,6,1,0,1,0,0,0,0,0,13.19498668,52.53367989
6,6100206,2020,12,17,2,3,0,6,2,0,0,0,0,0,1,1,13.33913649,52.44864865
6,6400737,2020,12,13,4,2,6,7,0,0,1,1,0,0,0,0,13.21534257,52.43851852
7,7501031,2020,12,19,1,3,9,1,2,0,1,0,0,0,0,0,13.40187079,52.44670297
6,6200423,2020,12,14,3,3,3,6,0,0,1,0,0,0,0,0,13.31440216,52.41771446
6,6200315,2020,12,6,4,3,5,2,2,1,0,0,0,0,0,0,13.34709649,52.42843727
8,8401241,2020,12,19,1,3,5,3,2,0,1,0,0,0,0,0,13.47757253,52.43008645
2,2400522,2020,12,18,1,3,0,1,2,0,0,0,1,0,0,0,13.44819489,52.52175847
6,6100205,2020,12,13,5,3,5,3,0,0,1,0,0,0,0,0,13.3403982,52.45070677
3,3200204,2020,12,15,1,3,0,1,0,0,0,0,1,0,0,1,13.39461511,52.61513018
4,4200206,2020,12,12,1,2,0,1,0,1,0,0,0,0,0,0,13.25790443,52.50816693
8,8401139,2020,12,13,5,3,5,3,0,0,1,0,0,0,0,0,13.45614045,52.43693357
3,3400723,2020,12,11,1,3,1,5,0,1,1,0,0,0,0,0,13.40962533,52.56658304
8,8300935,2020,12,11,7,2,5,2,0,0,1,0,0,0,0,1,13.45741447,52.4227659
9,9301228,2020,12,14,3,2,5,2,0,1,1,0,0,0,0,1,13.64348804,52.3781629
8,8100104,2020,12,11,4,3,2,6,0,0,1,0,0,0,1,1,13.42931325,52.47115806
7,7100103,2020,12,19,7,3,1,7,2,0,1,0,0,0,0,1,13.35555839,52.49903352
3,3100103,2020,12,16,7,2,4,6,2,0,1,0,0,0,0,1,13.49585453,52.62609618
2,2300316,2020,12,14,4,3,2,6,0,0,1,0,0,0,0,1,13.43928521,52.50038736
2,2200209,2020,12,17,7,3,0,2,2,0,1,0,1,0,0,1,13.38582741,52.48494731
9,9200510,2020,12,11,7,2,5,3,0,1,1,0,0,0,0,0,13.51728927,52.47143288
4,4400834,2020,12,8,3,3,0,1,0,1,0,0,0,0,0,1,13.31153342,52.47956269
8,8100314,2020,12,16,4,3,5,7,1,0,1,0,1,0,0,1,13.42660246,52.485404
3,3400619,2020,12,21,6,3,2,6,2,0,1,0,0,0,1,0,13.3651501,52.59025306
12,12601133,2020,12,13,6,3,5,3,0,0,1,0,0,0,0,1,13.36027732,52.5989977
7,7501134,2020,12,11,3,3,2,6,0,0,1,0,0,0,0,1,13.39700176,52.42367666
9,9100304,2020,12,17,4,3,5,3,2,0,1,0,0,0,0,1,13.48125577,52.46079553
7,7501029,2020,12,13,6,3,5,3,0,0,1,0,0,0,0,1,13.37268059,52.4459632
4,4100101,2020,12,20,5,3,6,7,2,0,1,0,0,0,1,1,13.27299291,52.54374567
1,1200628,2020,12,14,5,2,5,3,0,0,1,0,1,0,0,0,13.36721577,52.52333622
2,2200210,2020,12,23,5,3,6,2,2,0,1,1,0,0,0,1,13.39510724,52.49626102
1,1401049,2020,12,15,5,3,5,2,1,0,1,0,0,0,0,1,13.36569682,52.55713092
6,6200421,2020,12,19,5,2,6,4,2,0,1,1,0,0,0,1,13.32521372,52.42793798
6,6100102,2020,12,14,5,3,2,6,1,0,1,0,0,0,0,1,13.32385031,52.45608775
6,6200422,2020,12,12,4,2,0,7,0,0,1,0,0,0,1,0,13.32342791,52.41866185
9,9200510,2020,12,11,5,3,2,6,0,1,1,0,0,0,0,1,13.5119579,52.46405599
2,2200210,2020,12,11,5,3,5,3,0,0,1,0,0,0,0,1,13.39858172,52.49629782
8,8200730,2020,12,10,5,3,6,7,0,0,1,1,0,0,0,0,13.43469707,52.44028323
5,5300736,2020,12,9,5,3,5,2,1,0,1,0,0,0,0,1,13.21726337,52.53776666
8,8401242,2020,12,11,4,3,5,3,0,0,1,0,0,0,0,1,13.47799309,52.41781475
1,1400942,2020,12,6,5,3,2,6,2,0,1,0,0,0,1,1,13.344133,52.54612803
12,12200515,2020,12,14,4,3,1,5,0,0,1,0,0,0,1,1,13.28583354,52.59099739
7,7200307,2020,12,8,3,2,0,1,0,1,0,0,0,0,0,1,13.34037706,52.48825915
8,8401244,2020,12,17,4,3,6,2,2,0,1,1,0,0,0,1,13.4963863,52.41582611
2,2200213,2020,12,18,2,3,2,3,2,1,1,0,0,0,0,1,13.41189601,52.49377058
4,4300416,2020,12,9,4,3,1,5,0,1,1,0,0,0,0,0,13.2951664,52.50396761
9,9100305,2020,12,9,3,3,6,2,0,0,1,1,0,0,0,1,13.49138676,52.46916577
4,4300622,2020,12,17,4,2,6,4,2,0,0,1,0,0,1,1,13.32576404,52.50940716
8,8100312,2020,12,17,2,3,2,7,2,1,1,0,0,0,0,1,13.43102102,52.4859085
9,9200510,2020,12,14,4,3,5,3,0,1,1,0,0,0,0,0,13.51198076,52.47070179
6,6200317,2020,12,8,3,3,0,1,0,1,0,0,0,0,0,2,13.34618746,52.41899631
4,4300518,2020,12,16,4,3,5,3,2,1,1,0,0,0,0,1,13.3147516,52.5257184
11,11401135,2020,12,9,3,2,0,1,0,1,0,0,0,0,0,2,13.50179065,52.49824545
12,12200309,2020,12,17,4,3,0,7,2,1,0,0,0,0,0,1,13.33176068,52.56183841
2,2200207,2020,12,17,4,3,1,5,2,1,1,0,0,0,0,1,13.37919736,52.49246224
10,10100209,2020,12,19,5,3,4,6,2,0,1,0,0,0,0,1,13.57211398,52.54824342
4,4300517,2020,12,12,4,3,1,5,0,0,1,0,1,0,0,0,13.30129978,52.52287414
9,9502042,2020,12,9,3,3,1,1,0,1,1,0,0,0,0,2,13.58810804,52.461819
8,8301037,2020,12,12,4,3,6,7,0,0,0,1,0,0,1,0,13.47531611,52.42259316
9,9501941,2020,12,13,4,3,5,3,0,0,1,0,0,0,0,0,13.58526792,52.45158909
4,4100101,2020,12,13,5,3,0,5,0,0,1,0,1,0,0,1,13.28423599,52.53818279
1,1401045,2020,12,20,4,3,6,4,2,0,1,1,0,0,0,1,13.37699866,52.55407075
6,6100101,2020,12,8,3,3,0,1,0,1,0,0,0,0,0,2,13.31837262,52.45445887
3,3400723,2020,12,11,4,3,2,6,0,0,1,0,0,0,1,0,13.42422611,52.57462912
11,11300722,2020,12,14,2,3,2,6,0,0,1,0,0,0,0,0,13.4791536,52.52038054
5,5100315,2020,12,11,4,2,5,2,0,1,1,0,0,0,0,0,13.19349093,52.54884779
7,7300517,2020,12,19,4,3,6,2,2,0,1,1,0,0,0,1,13.3324301,52.46890585
8,8100415,2020,12,0,5,2,1,5,2,0,1,0,0,0,1,1,13.44257522,52.47828668
3,3400724,2020,12,11,4,3,0,3,0,1,0,0,1,0,0,0,13.42266821,52.57581491
6,6100102,2020,12,19,4,3,5,3,2,1,1,0,0,0,0,1,13.31911257,52.45451613
9,9401635,2020,12,10,2,3,3,6,0,1,1,0,0,0,0,1,13.66180627,52.41207166
9,9100203,2020,12,15,4,2,6,7,0,0,1,1,0,0,0,0,13.4820782,52.48163178
3,3300514,2020,12,8,3,3,5,2,0,1,1,0,0,0,0,1,13.45055834,52.5982806
7,7601238,2020,12,1,3,3,0,7,2,0,1,0,0,0,0,1,13.38737764,52.41180332
1,1401045,2020,12,9,4,3,3,6,0,1,0,0,0,0,0,0,13.37624367,52.55636119
1,1200623,2020,12,19,2,3,6,2,2,0,1,1,0,0,0,1,13.34568246,52.53314583
8,8200624,2020,12,17,4,3,6,4,2,0,1,1,0,0,0,1,13.43274373,52.45241395
11,11300620,2020,12,18,4,3,6,2,2,0,1,1,0,0,0,1,13.47658328,52.53299157
2,2200211,2020,12,17,4,3,6,4,2,0,1,1,0,0,0,1,13.39633713,52.48644978
7,7400720,2020,12,18,5,3,5,2,2,0,1,0,0,0,0,0,13.38118205,52.48258267
11,11300617,2020,12,17,4,3,2,6,2,0,1,0,0,0,0,1,13.46934288,52.53159906
7,7100102,2020,12,22,3,3,0,2,2,0,1,0,1,0,0,0,13.35418848,52.49863174
7,7100101,2020,12,17,4,3,5,2,2,0,1,0,0,0,0,1,13.34577832,52.49435431
9,9200717,2020,12,13,4,3,5,3,0,0,1,0,1,0,0,0,13.55325828,52.43399411
2,2400625,2020,12,16,3,2,7,7,2,0,0,0,1,0,0,1,13.44511949,52.50134284
1,1400937,2020,12,12,5,3,5,3,0,0,1,0,0,0,0,0,13.3347927,52.55639768
10,10100102,2020,12,13,3,3,3,2,0,0,1,0,0,0,0,1,13.57185353,52.56831634
4,4200310,2020,12,14,3,3,5,2,0,1,1,0,0,0,0,0,13.26631828,52.51311784
5,5100316,2020,12,11,3,3,2,6,0,0,1,0,0,0,0,1,13.2061201,52.53515164
12,12601134,2020,12,16,4,3,6,4,2,0,1,1,0,0,0,0,13.34346971,52.59881398
9,9100306,2020,12,11,3,3,2,2,0,0,1,0,0,0,1,1,13.4958285,52.44893919
8,8100520,2020,12,18,3,3,6,2,2,0,1,1,0,0,0,1,13.46436448,52.4702069
2,2100101,2020,12,10,3,3,5,3,0,0,1,0,1,0,0,1,13.38240477,52.50452427
9,9501838,2020,12,17,2,3,0,7,2,0,1,0,0,0,0,1,13.72950078,52.43029103
1,1100312,2020,12,16,4,3,5,3,2,1,1,0,0,0,0,1,13.40440734,52.50790059
10,10400837,2020,12,13,2,3,0,1,0,1,0,0,0,0,0,0,13.57562252,52.48995017
1,1300836,2020,12,11,4,2,5,3,0,1,1,0,0,0,0,1,13.37932044,52.5405158
1,1401045,2020,12,9,3,3,2,6,0,0,1,0,0,0,0,1,13.37676238,52.55403337
9,9100409,2020,12,1,2,3,9,1,2,0,1,0,0,0,0,1,13.51348352,52.42764457
6,6300527,2020,12,17,4,3,5,2,2,1,0,0,0,0,1,0,13.27241086,52.43727181
6,6400844,2020,12,8,3,2,6,2,2,0,1,1,0,0,0,1,13.27049951,52.45102048
8,8401241,2020,12,2,3,3,0,1,2,0,0,0,1,0,0,1,13.48311808,52.43091543
3,3300516,2020,12,19,3,3,6,4,2,0,1,1,0,0,0,1,13.44431917,52.56523593
1,1100206,2020,12,22,5,3,1,5,2,1,0,0,0,0,1,1,13.39038233,52.51815265
11,11300620,2020,12,19,3,2,2,6,2,0,1,0,0,0,0,1,13.48464443,52.53347544
4,4501041,2020,12,11,3,3,2,6,0,1,1,0,0,0,0,1,13.32200696,52.50208035
6,6200317,2020,12,17,3,3,0,6,2,0,1,0,1,0,0,0,13.35893893,52.42033316
3,3300413,2020,12,9,5,3,5,2,0,1,1,0,0,0,0,1,13.47906961,52.60763999
7,7100205,2020,12,17,3,3,5,3,2,0,1,0,0,0,0,1,13.36634709,52.49526718
3,3501038,2020,12,13,5,3,5,3,0,1,1,0,0,0,0,0,13.47862205,52.55595603
3,3200308,2020,12,17,3,3,6,2,2,0,1,1,0,0,0,1,13.41980974,52.60621955
10,10200422,2020,12,16,3,2,0,7,2,0,1,0,0,0,0,1,13.60310714,52.54572302
7,7400823,2020,12,11,4,3,5,2,0,0,1,0,0,0,1,1,13.37827367,52.46700306
1,3701556,2020,12,16,3,3,2,6,2,0,1,0,0,0,0,1,13.40983818,52.52898708
2,2100106,2020,12,16,3,3,6,4,2,0,1,1,0,0,0,1,13.41779604,52.49904396
2,2200209,2020,12,3,1,3,5,2,2,0,1,0,0,0,0,0,13.38226078,52.48499784
7,7400823,2020,12,7,4,3,6,2,1,0,1,1,0,0,0,1,13.37794126,52.46644169
12,12400722,2020,12,17,3,3,5,3,2,0,1,0,0,0,0,1,13.31091476,52.61301792
1,1100313,2020,12,14,3,3,5,3,0,0,1,0,0,0,1,0,13.41964879,52.50609051
1,1100207,2020,12,16,3,3,6,2,2,0,1,1,0,0,0,1,13.39181741,52.51057
1,1300732,2020,12,14,4,3,2,2,0,0,1,0,0,1,0,0,13.38671399,52.5592837
3,3701658,2021,11,18,2,3,0,3,2,0,1,0,1,0,0,1,13.42689483,52.53393955
7,7501134,2021,12,19,7,3,6,2,2,0,1,1,0,0,0,1,13.39209027,52.43995086
4,4100101,2021,12,17,4,3,5,2,2,0,1,0,0,0,0,0,13.32624193,52.53802784
4,4501041,2021,12,15,7,3,5,2,1,0,1,0,1,0,0,1,13.31652064,52.49953417
11,11501339,2021,12,9,5,3,3,6,0,0,1,0,0,0,1,2,13.52575163,52.49386714
1,1100308,2021,12,22,5,3,1,5,2,0,1,0,0,0,0,1,13.37353829,52.53096213
10,10200524,2021,12,5,1,3,1,5,2,0,1,0,0,0,0,2,13.60523023,52.53584537
7,7200409,2021,12,20,7,2,5,7,2,0,1,0,0,0,0,2,13.34961395,52.48943851
1,1300733,2021,11,22,3,3,2,6,2,0,1,0,0,0,0,1,13.38378941,52.55124558
2,2200208,2021,12,7,2,3,6,4,2,0,1,1,0,0,0,0,13.38345801,52.49378526
11,11100204,2021,12,19,3,3,2,2,2,0,1,0,0,0,0,1,13.51520192,52.56713943
7,7100205,2021,12,13,7,3,3,6,0,0,1,0,1,0,0,1,13.36775616,52.49334102
7,7200307,2021,12,10,3,3,6,7,0,0,0,1,0,0,1,0,13.34496711,52.49113688
7,7100101,2021,12,19,4,3,6,2,2,0,1,1,0,0,0,0,13.34076867,52.49993372
1,1100205,2021,12,19,4,3,5,7,2,0,1,0,0,0,0,0,13.37680527,52.50951959
7,7300516,2021,12,18,5,3,6,7,2,0,0,1,0,0,1,0,13.3283651,52.46621546
6,6400841,2021,12,7,5,3,6,2,2,0,1,1,0,0,0,0,13.26178321,52.4417447
6,6400839,2021,11,15,2,3,5,3,1,0,1,0,0,0,1,1,13.24116591,52.43849547
4,4500939,2021,12,18,4,3,5,2,1,1,1,0,0,0,0,0,13.30791309,52.48845278
9,9100306,2021,12,21,4,2,8,1,2,0,1,0,0,0,0,0,13.4619448,52.454468
7,7300619,2021,12,17,2,3,5,2,2,0,1,0,1,0,0,1,13.34366241,52.47121631
4,4501042,2021,12,17,7,3,6,4,2,0,0,1,0,0,1,0,13.33266585,52.5063255
1,1100102,2021,11,18,3,3,0,6,2,0,1,0,1,0,0,1,13.3492624,52.51506335
9,9200715,2021,12,11,2,2,6,2,0,0,1,1,0,0,0,0,13.55057965,52.42904384
1,1100102,2021,12,9,2,3,0,5,0,1,1,0,0,0,0,1,13.37669957,52.50827479
3,3500934,2021,12,18,2,3,6,4,2,0,1,1,0,0,0,1,13.4384967,52.5524347
8,8100105,2021,12,19,4,3,2,6,2,0,1,0,0,0,0,0,13.43148363,52.46721899
11,11400929,2021,12,13,5,3,5,3,0,0,1,0,0,0,0,1,13.4971528,52.50790264
8,8300934,2021,12,18,5,3,5,2,2,0,1,0,0,0,1,1,13.45578997,52.43034887
10,10400835,2021,12,16,2,2,6,4,2,0,1,1,0,0,0,1,13.59823297,52.52839961
12,12601134,2021,12,15,2,3,0,7,1,0,1,0,0,0,1,0,13.35829309,52.60526073
12,12200308,2021,12,14,5,3,5,3,0,0,1,0,0,0,0,0,13.32196238,52.57588428
2,2300417,2021,12,13,3,3,3,6,0,0,1,0,0,0,1,0,13.43092335,52.49777612
5,5200629,2021,12,10,5,3,0,3,0,0,1,0,1,0,0,0,13.19477295,52.53430707
5,5200629,2021,12,11,6,3,5,2,0,0,1,0,0,0,0,0,13.19451794,52.53370424
1,1200522,2021,12,8,6,3,2,6,0,0,1,0,0,0,0,2,13.33042363,52.52385335
4,4501153,2021,12,17,2,3,6,4,2,0,1,1,0,0,0,0,13.3333858,52.48598039
6,6300524,2021,12,9,3,2,1,5,0,0,1,0,0,0,0,0,13.24111798,52.43200998
5,5100209,2021,12,18,4,3,5,2,2,1,1,0,0,0,0,0,13.17922829,52.54864203
12,12500930,2021,12,21,2,3,5,3,2,0,1,0,0,0,0,1,13.33996856,52.58816769
1,1100310,2021,12,12,6,3,1,5,0,1,1,0,0,0,0,0,13.40872126,52.52639286
3,3601451,2021,12,17,5,2,5,3,2,1,1,0,0,0,0,0,13.44403463,52.53383903
7,7300516,2021,12,18,3,3,5,2,2,1,1,0,0,0,0,0,13.32854151,52.46490792
6,6200311,2021,12,7,4,3,2,6,2,0,1,0,0,0,0,1,13.35169293,52.43355284
8,8200832,2021,12,18,6,3,5,2,2,0,1,0,1,0,0,0,13.43664219,52.42367063
8,8100102,2021,12,17,7,3,2,1,2,0,1,0,0,0,0,2,13.42571004,52.4787843
5,5100316,2021,12,16,3,3,0,1,2,1,0,0,0,0,0,0,13.20053294,52.53665496
9,9501940,2021,12,8,4,3,1,1,1,0,1,0,0,0,0,1,13.58889101,52.45551823
9,9300920,2021,12,17,3,3,6,4,2,0,1,1,0,0,0,0,13.53851982,52.42013462
6,6100102,2021,12,14,6,3,2,6,0,0,1,0,0,0,0,0,13.32225692,52.45655345
3,3501038,2021,12,14,5,2,6,4,0,1,0,1,0,0,0,0,13.47948842,52.55588825
1,1300836,2021,12,16,1,3,2,6,2,0,1,0,0,0,0,1,13.37813184,52.54178429
1,1401046,2021,11,20,3,2,6,2,2,0,0,1,0,0,1,1,13.34525341,52.53918465
8,8100208,2021,12,11,3,3,6,2,0,0,1,1,0,0,0,2,13.4416576,52.46964673
11,11200512,2021,12,16,2,3,5,3,1,1,1,0,0,0,0,1,13.4865488,52.5520336
2,2100106,2021,12,11,1,3,2,6,0,0,1,0,0,0,0,0,13.41780063,52.49885518
11,11501340,2021,12,12,5,3,1,5,0,1,1,0,0,0,0,0,13.5301684,52.49432263
8,8100521,2021,12,0,3,3,3,6,2,0,1,0,0,1,0,1,13.44815509,52.46472947
12,12500929,2021,12,13,7,3,0,7,0,0,1,0,0,0,1,1,13.344169,52.6136691
6,6200422,2021,11,15,3,3,5,3,0,1,1,0,0,0,0,1,13.33468927,52.41726546
10,10100208,2021,12,5,2,3,6,2,2,0,1,1,0,0,0,1,13.5516257,52.5543062
2,2300417,2021,12,16,2,3,6,4,2,0,1,1,0,0,0,1,13.42870657,52.49394608
1,1100103,2021,12,15,3,3,2,1,0,0,1,0,0,0,0,1,13.34977341,52.50318662
6,6300527,2021,12,23,5,3,1,6,2,0,1,0,0,0,0,1,13.26843715,52.43070585
6,6300525,2021,12,11,2,2,2,6,0,0,1,0,0,0,0,1,13.2489789,52.41909731
1,1100207,2021,12,22,3,2,5,3,2,0,1,0,1,0,0,1,13.39034694,52.50775837
8,8100415,2021,12,7,4,2,6,2,2,0,1,1,0,0,0,1,13.44818781,52.47762415
9,9200716,2021,12,18,2,3,2,6,2,1,1,0,0,0,0,0,13.54559048,52.43699986
9,9100407,2021,12,7,5,3,1,5,1,0,1,0,0,0,1,1,13.48641003,52.45962671
1,1300835,2021,12,15,5,3,0,2,0,1,0,0,0,0,1,0,13.3876178,52.53337631
10,10100103,2021,12,8,6,3,5,3,0,0,1,0,0,0,0,2,13.56195362,52.56652227
1,1100310,2021,12,19,3,3,5,2,2,0,1,0,0,0,0,0,13.41177151,52.52396602
11,11300620,2021,12,8,5,3,5,7,1,0,1,0,0,0,1,0,13.47775586,52.53079698
8,8100521,2021,12,6,2,3,5,2,2,0,1,0,0,0,0,1,13.47106376,52.46606634
2,2100101,2021,12,9,4,3,6,2,0,0,1,1,0,0,0,0,13.38240017,52.5043678
9,9100306,2021,12,14,2,3,2,6,0,0,1,0,0,0,1,1,13.47258349,52.45440678
6,6300528,2021,12,14,5,3,6,4,0,0,1,1,0,0,0,0,13.26676539,52.41211822
12,12200412,2021,12,11,7,3,6,2,0,0,1,1,0,0,0,0,13.29463366,52.57612526
1,1100207,2021,11,19,2,3,2,6,1,0,1,0,0,0,0,1,13.39768443,52.51536861
11,11400930,2021,12,18,1,3,5,2,2,0,1,0,0,0,0,1,13.51147743,52.50433651
8,8401241,2021,12,19,4,3,5,3,2,0,1,0,0,0,1,1,13.48093551,52.43815343
11,11400929,2021,12,8,6,2,2,2,1,1,0,0,0,0,1,1,13.4961473,52.50021673
11,11300722,2021,12,16,2,3,6,4,2,0,1,1,0,0,0,1,13.48593464,52.5209323
1,1100308,2021,12,14,6,3,2,6,0,1,1,0,0,0,0,0,13.38720431,52.52653176
11,11300620,2021,12,18,6,3,6,2,2,0,1,1,0,0,0,1,13.47827589,52.53097938
2,2200210,2021,12,1,7,3,5,3,2,0,1,0,0,0,0,1,13.40449375,52.49516294
1,1300732,2021,12,22,7,3,2,6,2,0,1,0,0,0,1,0,13.38538757,52.55734983