BEZ,LOR_ab_2021,UJAHR,UMONAT,USTUNDE,UWOCHENTAG,UKATEGORIE,UART,UTYP1,ULICHTVERH,IstRad,IstPKW,IstFuss,IstKrad,IstGkfz,IstSonstige,USTRZUSTAND,XGCSWGS84,YGCSWGS84
11,11300722,2021,11,9,3,3,5,7,0,0,1,0,0,0,1,1,13.47100199,52.52308982
11,11400928,2021,12,16,2,3,6,7,2,1,0,1,0,0,0,0,13.48328963,52.50047683
1,1200623,2021,12,9,1,3,6,4,0,0,0,1,0,0,1,2,13.35034674,52.53239077
11,11300721,2021,11,7,3,2,3,6,2,0,0,0,1,0,1,1,13.50936762,52.53495511
10,10300733,2021,12,10,3,3,2,7,0,0,0,0,0,0,1,0,13.54613779,52.50524328
3,3200308,2021,12,12,1,2,0,7,0,0,1,0,0,0,0,1,13.41530801,52.60499612
1,1400938,2021,12,20,5,3,8,1,2,0,1,0,0,0,0,2,13.33223014,52.54585781
12,12601133,2021,12,17,6,3,0,4,2,0,0,1,0,0,1,1,13.35592679,52.59819378
3,3601245,2021,12,16,6,3,5,2,1,1,1,0,0,0,0,0,13.43649048,52.54846501
9,9501939,2021,12,13,7,3,6,4,0,0,1,1,0,0,0,0,13.57406078,52.45686124
4,4100102,2021,12,18,4,2,5,2,2,0,1,0,0,0,0,0,13.29750767,52.53458142
4,4200310,2021,12,14,2,3,6,7,0,0,1,1,0,0,0,0,13.27028079,52.51078164
1,1100101,2021,12,12,4,3,5,2,0,1,1,0,0,0,0,1,13.3413303,52.50519316
5,5100316,2021,12,11,7,3,2,6,0,0,1,0,0,0,0,1,13.19595622,52.53695567
1,1200522,2021,12,14,5,3,5,3,0,0,0,0,0,0,1,2,13.33777783,52.525187
2,2300314,2021,12,5,2,2,6,4,2,0,1,1,0,0,0,1,13.42221822,52.50048862
1,1100102,2021,12,16,3,3,2,6,1,0,1,0,0,0,1,1,13.35074302,52.51166314
2,2500831,2021,12,19,4,3,5,3,2,1,1,0,0,0,0,1,13.46440441,52.50991559
6,6200316,2021,12,16,2,3,2,6,1,0,1,0,0,0,0,1,13.35498438,52.42852319
2,2200208,2021,12,14,5,3,1,5,0,1,1,0,0,0,0,0,13.38428038,52.4958187
2,2200212,2021,12,7,5,3,5,2,1,1,1,0,0,0,0,1,13.4077683,52.48889641
2,2400521,2021,12,22,7,3,2,2,2,0,1,0,0,0,0,1,13.44065024,52.5171527
7,7200413,2021,12,13,3,3,2,6,0,1,1,0,0,0,0,2,13.36349874,52.47828799
8,8401243,2021,12,17,4,3,5,3,1,0,1,0,0,0,1,1,13.49036022,52.42794209
1,1100103,2021,12,14,7,3,2,6,0,1,1,0,0,0,0,1,13.35770887,52.50115514
11,11100308,2021,12,19,6,3,0,1,2,0,0,0,1,0,0,1,13.48373716,52.5661524
4,4501148,2021,12,15,7,3,5,2,1,0,1,0,0,0,0,1,13.31276605,52.48045524
1,1400939,2021,12,16,6,2,6,4,1,0,1,1,0,0,0,0,13.35607778,52.55532798
3,3601450,2021,11,17,2,2,2,1,1,0,1,0,0,0,0,1,13.45574569,52.5308907
10,10400940,2021,12,11,2,3,2,6,0,0,1,0,0,0,1,0,13.59763953,52.5025639
1,1100103,2021,12,17,3,3,1,5,2,1,1,0,0,0,0,0,13.36139663,52.50012696
9,9502043,2021,12,23,1,3,1,5,2,0,1,0,0,0,0,1,13.57494331,52.46690759
4,4501146,2021,12,16,7,3,5,2,1,0,1,0,0,0,0,0,13.32021327,52.48366392
6,6100205,2021,12,18,3,3,5,2,2,0,1,0,0,0,1,1,13.34230935,52.45052458
10,10100311,2021,12,9,5,2,4,1,0,0,1,0,0,1,0,2,13.52685607,52.53216223
11,11400931,2021,12,14,5,3,5,3,0,0,1,0,0,0,0,1,13.51592723,52.50570196
3,3601245,2021,12,8,2,3,6,2,0,0,1,1,0,0,0,0,13.43401815,52.54983167
9,9100304,2021,12,21,1,3,5,2,2,1,1,0,0,0,0,0,13.48138962,52.46080819
1,1401046,2021,11,7,3,3,6,2,0,0,1,1,0,0,0,1,13.34486166,52.53913834
2,2400521,2021,12,17,2,3,0,2,2,1,0,0,0,0,1,0,13.43294346,52.51806404
11,11400927,2021,12,16,5,3,5,3,1,1,1,0,0,0,0,0,13.47440847,52.50448
1,1300732,2021,12,19,7,3,6,2,2,0,1,1,0,0,0,0,13.386403,52.55864843
9,9100306,2021,12,18,3,3,2,6,2,0,1,0,0,0,0,1,13.47566899,52.45637597
1,1100416,2021,12,23,4,2,3,6,2,0,1,0,0,0,0,1,13.39623921,52.53795755
3,3200204,2021,12,18,4,3,5,2,2,0,1,0,0,0,0,0,13.40210555,52.60285746
12,12601235,2021,12,21,5,3,6,2,2,0,1,1,0,0,0,0,13.36053212,52.5968058
8,8100310,2021,12,10,6,3,6,4,0,0,1,1,0,0,0,0,13.42115794,52.49554755
2,2500727,2021,12,13,5,3,5,3,0,1,1,0,0,0,0,0,13.4587347,52.52048014
4,4501045,2021,12,16,5,3,6,4,2,0,1,1,0,0,0,2,13.33427807,52.49859044
1,1100206,2021,12,14,1,3,2,7,0,1,1,0,0,0,0,0,13.3935253,52.51233654
4,4501153,2021,12,20,4,2,6,2,2,0,1,1,0,0,0,1,13.3308363,52.48601886
10,10200629,2021,12,15,5,3,6,4,0,0,1,1,0,0,0,0,13.584013,52.52420984
8,8401242,2021,12,10,3,3,6,2,0,0,1,1,0,0,0,0,13.48995252,52.42013961
1,1200522,2021,12,7,5,2,6,4,1,0,0,1,0,0,1,0,13.33403436,52.52354894
3,3601348,2021,12,19,5,3,1,5,2,1,1,0,0,0,0,1,13.42349506,52.54316133
1,1300836,2021,12,17,7,3,5,2,1,0,1,0,0,0,0,0,13.37860392,52.5447804
2,2500728,2021,12,21,3,3,5,2,2,0,1,0,1,0,0,0,13.46687475,52.52016894
6,6300527,2021,12,19,4,3,6,2,2,0,1,1,0,0,0,1,13.27780476,52.43192471
4,4400833,2021,12,16,6,3,5,3,2,0,1,0,0,0,0,1,13.30764028,52.46823373
10,10100208,2021,12,13,6,3,5,3,0,1,1,0,0,0,0,0,13.55827873,52.55399136
2,2300316,2021,11,14,2,3,2,6,0,0,1,0,0,0,0,0,13.43944436,52.50237489
9,9300920,2021,12,23,7,3,0,4,2,0,0,1,0,0,1,1,13.54274072,52.42387048
6,6200311,2021,12,17,4,3,2,6,2,0,1,0,0,0,0,0,13.35238934,52.44088187
4,4501149,2021,12,16,2,3,5,2,2,1,1,0,0,0,0,1,13.32314189,52.49109312
4,4500939,2021,12,7,3,3,5,7,2,0,1,0,1,0,0,1,13.29781005,52.49162104
2,2300314,2021,12,21,5,3,5,3,2,1,1,0,0,0,0,1,13.42486148,52.50202525
3,3400725,2021,12,12,5,2,2,1,0,0,1,0,0,0,0,1,13.4302741,52.58879105
4,4501041,2021,12,14,2,3,0,7,0,1,1,0,0,0,0,0,13.3206747,52.5018733
5,5200632,2021,12,17,2,3,3,6,2,0,1,0,0,0,1,2,13.21699489,52.52698787
7,7400823,2021,12,18,4,3,1,5,2,1,1,0,0,0,0,1,13.37351766,52.45552642
3,3601243,2021,12,19,2,3,0,1,2,1,0,0,0,0,0,0,13.42028321,52.54841869
8,8100417,2021,12,17,3,3,6,7,1,0,1,1,0,0,0,1,13.44627095,52.47108579
6,6300526,2021,12,15,6,3,5,2,1,1,1,0,0,0,0,1,13.25779733,52.43461527
1,1200628,2021,12,8,2,3,2,6,0,0,1,0,0,0,0,1,13.36169483,52.52408755
5,5300737,2021,12,5,4,3,5,2,2,0,1,0,0,0,1,1,13.24708127,52.54413835
1,1100102,2021,12,12,7,3,6,6,0,1,0,1,0,0,0,1,13.35797064,52.51696876
12,12200412,2021,12,23,4,3,6,2,2,0,1,1,0,0,0,0,13.29953349,52.57918639
11,11200514,2021,12,18,5,3,6,2,2,0,1,1,0,0,0,0,13.47362914,52.53578324
4,4300622,2021,12,13,5,2,0,1,0,0,0,0,1,0,0,1,13.32098283,52.51303103
4,4300619,2021,11,9,2,3,2,2,0,0,1,0,0,0,0,1,13.30661969,52.51749233
4,4400728,2021,12,16,4,3,0,7,2,0,1,0,0,0,1,0,13.28107408,52.48054789
1,1300835,2021,12,20,4,3,2,6,2,0,1,0,0,0,0,1,13.38730539,52.53361407
6,6100209,2021,12,18,2,3,6,4,2,0,1,1,0,0,0,1,13.33942537,52.46027704
4,4200310,2021,12,17,6,3,0,1,2,0,0,0,1,0,0,0,13.27431025,52.50806916
8,8100208,2021,11,8,3,3,5,3,0,0,1,0,0,0,0,1,13.43251731,52.46938213
9,9501737,2021,12,15,2,3,5,3,0,1,1,0,0,0,0,0,13.6244641,52.45051063
11,11300619,2021,12,18,2,3,2,2,1,0,1,0,0,0,1,1,13.47976164,52.52489422
7,7601339,2021,11,16,2,2,6,4,2,0,1,1,0,0,0,1,13.34802773,52.41483607
4,4400835,2021,12,11,3,3,5,2,0,1,1,0,0,0,0,0,13.32009451,52.47165101
4,4501045,2021,12,20,5,3,2,6,2,1,1,0,0,0,0,1,13.33479288,52.49941212
10,10400940,2021,12,0,7,3,3,6,2,0,1,0,0,0,0,1,13.60717712,52.49028905
8,8100415,2021,11,12,3,3,5,7,0,0,1,0,0,0,0,1,13.4480023,52.47749893
2,2400521,2021,12,8,2,3,0,1,0,1,0,0,0,0,0,2,13.44116839,52.51819032
2,2200208,2021,12,12,2,3,2,6,0,0,1,0,0,0,0,1,13.38451516,52.49653589
1,1300730,2021,12,17,3,3,6,2,2,0,1,1,0,0,0,1,13.36986399,52.55985498
6,6200419,2021,12,18,4,2,5,3,2,0,1,0,0,0,0,0,13.31535703,52.4164792
2,2100106,2021,12,0,5,3,5,2,2,0,1,0,0,0,0,0,13.4065982,52.49836166
8,8200726,2021,12,15,2,3,2,7,1,0,1,0,0,0,0,0,13.44001154,52.44785426
7,7501031,2021,12,14,7,3,2,2,0,0,1,0,0,0,0,0,13.39277389,52.44754823
11,11501341,2021,12,18,4,3,2,6,2,0,1,0,0,0,0,1,13.5245864,52.47828593
1,1100207,2021,12,15,3,3,5,2,0,1,1,0,0,0,0,0,13.40561863,52.51415956
11,11100309,2021,12,19,5,3,6,4,2,0,1,1,0,0,0,0,13.50485518,52.56339623
4,4300623,2021,12,12,6,3,0,1,0,0,0,0,1,0,0,2,13.31418103,52.50804329
6,6200315,2021,12,17,3,3,2,6,2,0,1,0,0,0,0,0,13.34343517,52.42786182
4,4501042,2021,12,16,7,3,3,6,1,0,1,0,0,0,0,1,13.3322354,52.50105575
11,11200411,2021,12,12,4,3,5,2,0,1,1,0,0,0,0,1,13.50158734,52.54896429
7,7501030,2021,12,18,3,3,3,6,0,0,1,0,0,1,0,0,13.38571653,52.44556296
3,3200308,2021,12,11,6,3,5,2,0,0,1,0,0,0,0,0,13.43278839,52.59582126
7,7601442,2021,12,18,1,3,5,2,2,0,1,0,0,0,0,1,13.40103031,52.41456157
7,7601341,2021,11,18,3,3,2,6,2,0,1,0,0,1,0,1,13.38140471,52.41079047
2,2200208,2021,12,14,3,3,6,2,0,0,1,1,0,0,0,0,13.38802391,52.4929762
9,9200614,2021,12,3,1,3,0,7,2,0,1,0,0,0,0,2,13.53952056,52.44896273
11,11100308,2021,12,14,5,2,6,4,0,0,0,1,0,0,1,0,13.50387385,52.56424175
7,7400823,2021,12,16,6,3,5,2,2,0,1,0,1,0,0,0,13.37213552,52.46977923
4,4400833,2021,12,11,6,3,2,2,0,0,1,0,0,0,0,1,13.30642029,52.47699618
9,9401432,2021,12,9,6,3,3,6,0,1,1,0,0,0,0,1,13.59604549,52.44376719
12,12100205,2021,12,10,4,3,5,2,0,0,1,0,0,0,0,1,13.35183421,52.57375464
8,8200726,2021,12,17,7,3,6,4,1,1,0,1,0,0,0,1,13.43791625,52.44837392
2,2100102,2021,12,23,3,3,5,3,2,0,1,0,0,0,0,1,13.39550025,52.49900531
3,3601141,2021,12,12,5,3,3,6,0,1,0,0,0,0,0,1,13.40665644,52.55406253
4,4200308,2021,12,15,2,3,5,2,2,0,1,0,0,0,0,0,13.28005592,52.51831441
10,10200629,2021,12,0,3,3,5,2,2,0,1,0,0,0,0,0,13.58910456,52.51754415
4,4501041,2021,12,16,4,3,5,3,1,0,1,0,0,0,0,1,13.31690614,52.50129975
6,6400735,2021,12,14,2,3,5,3,0,1,1,0,0,0,0,0,13.14369614,52.39756849
1,1100309,2021,12,19,4,3,5,7,2,1,1,0,0,0,0,1,13.40314693,52.52899714
5,5100316,2021,12,7,5,3,5,2,2,0,1,0,0,0,0,1,13.18243909,52.53842276
11,11200410,2021,12,12,6,3,5,7,0,0,1,0,0,0,0,1,13.49471718,52.55965952
1,1100309,2021,12,14,3,3,5,3,0,0,1,0,0,0,0,0,13.4037886,52.52603213
6,6200317,2021,12,12,5,3,5,3,0,0,1,0,0,0,0,1,13.36683956,52.43494404
4,4200308,2021,12,14,4,3,1,5,0,1,1,0,0,0,0,0,13.27624817,52.51461338
5,5300736,2021,12,7,7,2,1,1,1,0,1,0,0,0,0,1,13.20953484,52.53854176
10,10200627,2021,12,7,4,3,5,7,0,1,0,0,0,0,1,0,13.58568851,52.52912098
4,4501042,2021,12,21,5,3,2,6,2,0,1,0,0,0,0,1,13.3370146,52.50392529
11,11300618,2021,12,17,2,3,2,6,2,0,1,0,0,0,0,1,13.45841796,52.52758647
8,8200624,2021,12,0,7,3,5,3,2,0,1,0,0,0,0,2,13.43312661,52.45243365
11,11100205,2021,12,6,4,2,6,4,2,0,1,1,0,0,0,1,13.51053177,52.56908191
4,4501043,2021,12,9,3,3,1,5,0,1,1,0,0,0,0,0,13.30832325,52.49636544
1,1200623,2021,12,13,2,3,5,3,0,1,0,0,0,0,1,1,13.35664123,52.53566567
7,7400927,2021,12,17,5,3,2,6,2,0,1,0,0,0,0,0,13.39155018,52.46571973
5,5100316,2021,12,22,6,3,5,3,2,1,1,0,0,0,0,1,13.20544905,52.53950932
9,9200819,2021,12,20,2,3,0,1,2,1,0,0,0,0,0,1,13.57170627,52.4378023
6,6200311,2021,12,17,7,3,2,6,1,0,1,0,0,0,0,1,13.35277452,52.43334401
3,3601453,2021,12,10,3,3,5,3,0,0,1,0,0,0,0,0,13.4642109,52.52355107
5,5300735,2021,12,8,4,2,5,2,0,0,1,0,0,0,0,0,13.22580616,52.55513503
1,1400937,2021,12,16,7,3,6,2,1,0,1,1,0,0,0,1,13.33321436,52.56091056
8,8100314,2021,12,14,5,3,5,3,0,1,1,0,0,0,0,0,13.43115172,52.48460068
4,4400835,2021,11,14,2,3,1,5,0,1,1,0,0,0,0,1,13.31783007,52.47389584
1,1100207,2021,12,6,3,3,5,3,2,0,1,0,0,0,1,1,13.39196012,52.50964191
3,3501038,2021,12,15,1,3,1,5,1,1,1,0,0,0,0,0,13.47604856,52.54911976
1,1300733,2021,12,17,6,3,5,3,2,0,1,0,0,0,0,1,13.39143965,52.55031033
7,7200411,2021,12,13,3,3,5,2,0,1,0,0,0,0,1,1,13.35763943,52.48668166
5,5200629,2021,12,18,6,3,6,4,2,0,1,1,0,0,0,1,13.19819687,52.53303395
6,6300632,2021,12,19,1,3,1,5,2,0,1,0,0,0,0,1,13.3024551,52.42512168
7,7601339,2021,12,19,1,3,6,2,2,0,1,1,0,0,0,0,13.35030304,52.41440182
1,1300733,2021,11,22,3,3,6,4,2,0,0,1,0,0,1,1,13.38417318,52.55479786
9,9200510,2021,12,10,2,3,5,2,0,1,1,0,0,0,0,0,13.50270483,52.47009671
12,12601235,2021,12,8,5,3,6,2,0,0,0,1,0,0,1,1,13.36053001,52.5968209
10,10100311,2021,12,5,5,3,3,6,2,0,1,0,0,0,1,0,13.52998839,52.53803281
7,7601237,2021,12,16,1,3,6,2,2,0,1,1,0,0,0,1,13.37259307,52.42180841
6,6400843,2021,12,20,3,3,1,7,2,0,1,0,0,0,0,1,13.30226885,52.45721334
4,4100101,2021,12,13,7,3,5,2,0,0,1,0,0,0,0,1,13.29671589,52.54806585
1,1100308,2021,12,8,5,3,1,5,0,1,1,0,0,0,0,0,13.38066213,52.53249437
1,1200625,2021,12,6,4,3,5,3,2,1,0,0,0,0,1,2,13.35158885,52.52702046
8,8100521,2021,12,17,5,3,2,2,2,0,1,0,0,0,1,0,13.47264494,52.46115329
4,4200205,2021,12,9,5,3,2,2,0,0,1,0,0,0,0,1,13.24680383,52.51381783
1,1200623,2021,12,16,6,3,6,2,1,0,1,1,0,0,0,1,13.35069439,52.53240497
1,1100205,2021,12,11,2,3,5,2,0,1,1,0,0,0,0,0,13.38149942,52.51509311
10,10200630,2021,12,16,4,3,6,4,1,0,1,1,0,0,0,1,13.59296027,52.51841804
8,8100415,2021,12,16,2,3,3,6,1,0,1,0,0,1,0,1,13.44063496,52.48152322
2,2500727,2021,12,23,4,2,1,5,2,0,1,0,0,0,1,0,13.45625893,52.52098829
1,1300730,2021,12,17,6,2,5,5,2,0,1,0,0,0,0,0,13.37698001,52.5573166
4,4200308,2021,11,10,2,3,5,2,0,0,1,0,0,0,0,0,13.27817856,52.51849006
9,9301126,2021,12,23,1,3,5,3,2,0,1,0,0,0,1,1,13.57666942,52.42225815
3,3400830,2021,12,8,4,3,0,5,0,1,1,0,0,0,0,0,13.4186537,52.56880549
1,1200520,2021,12,20,7,3,6,4,2,0,0,1,0,0,1,1,13.34082403,52.52630305
1,1400937,2021,12,15,2,3,5,3,0,1,1,0,0,0,0,1,13.33412993,52.55724691
12,12100205,2021,12,12,4,3,1,5,0,0,1,0,0,0,1,0,13.35080935,52.56843976
1,1100309,2021,12,15,7,3,0,1,1,1,0,0,0,0,0,1,13.4019915,52.52364536
10,10200629,2021,12,12,5,3,5,2,0,0,1,0,0,0,0,0,13.58328113,52.52373193
3,3701555,2021,11,9,2,3,5,3,0,0,1,0,0,0,1,1,13.41842277,52.53665953
12,12500926,2021,12,19,1,3,6,4,2,0,1,1,0,0,0,1,13.33627696,52.59554936
2,2200208,2021,12,16,4,3,5,2,2,1,1,0,0,0,0,0,13.38408398,52.49521875
7,7100101,2021,12,16,6,3,6,2,2,0,1,1,0,0,0,1,13.34570532,52.49424853
10,10100206,2021,12,18,3,2,6,2,2,0,1,1,0,0,0,1,13.57459431,52.55529761
1,1401049,2021,12,22,6,2,0,1,2,0,1,0,0,1,0,1,13.36387724,52.55681625
4,4100101,2021,12,9,6,3,5,2,0,0,1,0,0,0,0,0,13.32623697,52.53803842
7,7400720,2021,12,13,2,3,6,7,0,0,0,1,0,0,1,1,13.38059476,52.48341059
4,4200310,2021,11,11,3,3,5,3,0,0,1,0,0,0,1,1,13.26175953,52.51050792
5,5100209,2021,12,13,2,3,6,7,0,0,1,1,0,0,0,0,13.18291028,52.54793771
6,6300633,2021,12,13,4,3,5,7,0,1,0,0,0,0,1,0,13.31558307,52.44330574
1,1100207,2021,12,12,4,3,5,3,0,1,1,0,0,0,0,0,13.4037139,52.50823998
5,5100316,2021,12,8,2,3,2,6,0,0,1,0,1,0,0,0,13.19429344,52.53569237
1,1300834,2021,12,23,4,3,1,5,2,1,1,0,0,0,0,1,13.40061328,52.54107529
6,6100103,2021,12,15,7,3,6,7,0,0,1,1,0,0,0,1,13.32430681,52.46179723
1,1100103,2021,12,12,4,3,2,6,0,0,1,0,0,0,0,0,13.35159799,52.50521482
2,2500832,2021,12,14,5,3,3,6,0,1,1,0,0,0,0,1,13.47224289,52.50826935
1,1100312,2021,12,6,6,3,2,2,2,0,1,0,0,0,0,0,13.41646091,52.51098784
6,6100204,2021,11,12,2,3,1,1,0,0,1,0,0,0,1,1,13.35533803,52.45233594
9,9200613,2021,12,13,3,2,6,7,0,1,0,1,0,0,0,0,13.53464084,52.45243946
1,1401047,2021,12,15,5,3,6,2,2,0,1,1,0,0,0,1,13.35894465,52.54634556
6,6100102,2021,12,16,6,3,6,7,2,0,1,1,0,0,0,1,13.32237021,52.45625263
8,8300934,2021,12,16,6,3,0,2,2,0,1,0,0,0,1,0,13.45349107,52.42942265
5,5100315,2021,12,18,4,3,5,2,2,0,1,0,0,0,1,1,13.19454104,52.54569884
3,3601141,2021,12,15,1,3,2,6,1,0,1,0,0,0,0,1,13.40667483,52.55433414
2,2100104,2021,12,18,2,3,0,6,2,0,1,0,1,0,0,1,13.40830631,52.50433162
6,6200421,2021,12,16,3,3,1,5,1,1,1,0,0,0,0,1,13.32177882,52.43347564
1,1200517,2021,12,21,5,3,0,7,2,0,0,0,0,0,1,0,13.3535667,52.53675692
5,5400943,2021,12,10,5,3,5,3,0,1,1,0,0,0,0,1,13.12546826,52.45361618
12,12601235,2021,12,10,2,3,5,3,0,0,1,0,0,0,0,1,13.35399433,52.59234772
1,1300733,2021,12,7,2,3,6,2,1,0,1,1,0,0,0,1,13.38168604,52.55235831
12,12100205,2021,12,17,5,3,5,2,2,0,1,0,0,0,0,0,13.35108515,52.5674797
5,5200524,2021,12,18,3,3,2,6,2,0,1,0,0,0,0,0,13.13734726,52.52545703
7,7100103,2021,12,14,4,3,2,2,0,0,1,0,0,0,0,0,13.35580024,52.49692243
5,5200423,2021,12,17,7,3,2,6,1,0,1,0,0,0,0,0,13.1572011,52.53313198
3,3701660,2021,12,10,3,1,3,6,0,1,0,0,0,1,0,1,13.42507767,52.5281482
10,10100104,2021,12,13,4,2,6,4,0,0,1,1,0,0,0,1,13.57964629,52.5673496
7,7501133,2021,12,19,4,3,5,3,2,0,1,0,0,0,0,0,13.38215284,52.43602429
12,12200515,2021,12,11,6,3,5,2,0,0,1,0,0,0,0,0,13.28250015,52.59088742
11,11501238,2021,12,23,1,2,8,1,2,0,1,0,0,0,0,1,13.4861008,52.49664695
5,5200527,2021,12,22,6,2,6,4,2,0,1,1,0,0,0,1,13.16248451,52.52189405
1,1200517,2021,12,7,4,3,6,4,1,0,1,1,0,0,0,1,13.32825336,52.53292604
7,7300516,2021,12,15,3,2,0,6,0,0,1,0,0,0,1,0,13.32978622,52.46636423
5,5200629,2021,12,12,3,3,6,4,0,0,1,1,0,0,0,0,13.18784882,52.53430259
4,4501041,2021,12,23,7,3,5,2,2,0,1,0,0,0,0,0,13.31683989,52.50128991
1,1300834,2021,12,6,3,3,2,2,2,0,1,0,0,0,0,0,13.39598543,52.53826009
2,2200211,2021,12,23,3,3,0,1,2,0,0,0,1,0,0,2,13.40559029,52.48554722
2,2400520,2021,12,20,3,3,4,6,2,1,1,0,0,0,0,0,13.43259573,52.52381837
12,12200309,2021,12,14,2,3,2,6,0,0,1,0,0,1,0,1,13.32816514,52.56456166
2,2200213,2021,12,13,6,2,0,1,0,1,1,0,0,0,0,0,13.42127491,52.49308586
8,8100312,2021,12,21,5,3,3,6,2,1,0,0,0,0,1,0,13.43637251,52.48345923
11,11300620,2021,12,18,5,3,3,6,2,0,1,0,0,0,1,0,13.47670696,52.53315575
1,1400937,2021,11,17,2,3,1,5,2,0,1,0,0,0,0,1,13.33677877,52.5554894
4,4100102,2021,12,7,4,3,2,6,0,0,1,0,0,0,0,0,13.29410394,52.53420445
1,1100313,2021,12,8,5,3,6,2,0,0,1,1,0,0,0,1,13.42122764,52.50986843
5,5100209,2021,12,2,7,3,5,2,2,0,1,0,0,0,0,1,13.18476197,52.54751179
11,11400931,2021,11,5,3,3,6,2,2,0,1,1,0,0,0,1,13.50342264,52.50971262
1,1401045,2021,12,18,7,2,2,1,2,0,1,0,0,0,1,1,13.38265749,52.55615955
6,6200421,2021,12,14,2,3,5,3,0,0,1,0,0,0,0,0,13.31491702,52.43048991
3,3601449,2021,12,17,4,2,5,2,2,0,1,0,0,0,0,0,13.44954936,52.5371906
9,9401534,2021,12,9,4,3,3,6,0,0,1,0,0,0,1,0,13.58170469,52.44103731
11,11400928,2021,12,17,5,3,5,2,2,0,1,0,1,0,0,1,13.48734506,52.50136598
1,1401048,2021,12,7,2,3,2,6,1,0,1,0,0,0,0,1,13.35870252,52.55373507
5,5100314,2021,12,3,7,2,5,7,2,0,1,0,0,0,1,2,13.20648957,52.54328567
2,2500833,2021,12,20,4,3,5,7,2,1,1,0,0,0,0,1,13.4603846,52.50889675
3,3400620,2021,12,5,3,3,5,2,1,0,1,0,0,0,1,0,13.38023233,52.5749532
10,10100311,2021,12,17,5,2,9,1,2,0,0,0,1,0,0,1,13.51918423,52.53157929
2,2300419,2021,12,14,6,3,5,3,0,0,1,0,0,0,0,1,13.44044866,52.4966704
9,9501939,2021,12,17,2,3,1,5,2,1,1,0,0,0,0,0,13.57783394,52.45680071
3,3601245,2021,12,17,3,3,5,3,2,1,1,0,0,0,0,1,13.44225232,52.54679393
9,9401534,2021,12,16,4,3,2,2,2,0,1,0,0,0,0,0,13.58226378,52.44255516
12,12500928,2021,12,16,5,3,2,2,2,0,1,0,0,0,0,0,13.31231014,52.60453689
2,2200210,2021,12,5,1,3,5,3,2,0,1,0,0,0,0,1,13.40197659,52.492472
9,9200715,2021,11,14,3,3,6,4,0,0,0,1,0,0,1,1,13.53407828,52.43141756
12,12601134,2021,12,7,4,3,2,6,1,0,1,0,0,0,0,0,13.3391524,52.59733433
11,11400931,2021,12,19,1,3,2,6,2,0,1,0,0,0,0,1,13.51952676,52.50648211
1,1400937,2021,12,19,5,3,2,1,2,0,1,0,0,0,0,2,13.33780641,52.55858678
7,7300619,2021,12,12,3,3,2,6,0,0,1,0,0,0,0,0,13.34780692,52.4668176
3,3300517,2021,12,5,5,3,8,1,2,0,0,0,1,0,0,1,13.46417028,52.56666028
4,4300518,2021,12,14,1,3,1,7,0,0,1,0,0,0,0,1,13.30700856,52.52327792
10,10200417,2021,12,19,1,3,5,2,2,0,1,0,0,0,1,0,13.58703309,52.54925586
7,7601544,2021,12,17,4,3,6,2,2,0,1,1,0,0,0,1,13.40639647,52.39376273
1,1401045,2021,12,6,6,3,6,4,2,0,1,1,0,0,0,0,13.37944605,52.55610619
1,1100311,2021,12,7,5,3,0,6,2,0,1,0,1,0,0,1,13.41714373,52.52191317
4,4300623,2021,11,16,2,3,6,4,2,0,1,1,0,0,0,1,13.3142922,52.50779892
1,1200625,2021,12,7,3,3,0,7,0,0,1,0,1,1,0,1,13.34549035,52.52631312
2,2400521,2021,12,20,5,3,2,1,2,0,1,0,0,0,0,2,13.42845664,52.51919899
6,6300634,2021,12,6,3,3,5,3,1,0,1,0,0,0,0,0,13.30981664,52.43133264
5,5300839,2021,12,14,6,3,0,1,0,0,0,0,1,0,0,0,13.26241737,52.54842579
3,3200205,2021,12,8,7,2,5,3,0,1,0,0,0,0,0,0,13.3940032,52.59163818
11,11100204,2021,11,5,3,3,6,2,2,0,1,1,0,0,0,1,13.52084779,52.56854309
1,1300733,2021,12,16,1,2,6,4,2,0,1,1,0,0,0,1,13.38883497,52.55011119
10,10200629,2021,12,19,2,3,6,2,2,0,1,1,0,0,0,1,13.58701779,52.52360471
6,6400844,2021,12,15,4,3,5,7,1,0,1,0,0,0,0,0,13.27487853,52.46043587
8,8100206,2021,12,17,6,3,2,4,2,1,1,1,0,0,0,0,13.42959607,52.48135183
3,3200207,2021,12,8,5,3,4,6,0,0,1,0,0,0,1,2,13.41969604,52.59110471
5,5100316,2021,12,17,5,3,6,4,1,0,1,1,0,0,0,1,13.19900173,52.53486787