BEZ,LOR_ab_2021,UJAHR,UMONAT,USTUNDE,UWOCHENTAG,UKATEGORIE,UART,UTYP1,ULICHTVERH,IstRad,IstPKW,IstFuss,IstKrad,IstGkfz,IstSonstige,USTRZUSTAND,XGCSWGS84,YGCSWGS84
7,7400928,2021,12,15,2,3,6,4,0,0,1,1,0,0,0,0,13.4158648,52.45940996
11,11100308,2021,12,20,1,3,2,6,2,0,1,0,0,0,1,2,13.4989711,52.56829016
1,1300733,2021,12,21,4,3,6,7,2,0,1,1,0,0,0,1,13.38995614,52.55527181
10,10200524,2021,12,11,3,3,5,3,0,0,1,0,0,0,0,0,13.62322031,52.53496789
4,4100101,2021,12,11,5,3,5,3,0,1,0,0,0,0,1,0,13.30223816,52.54789185
1,1300834,2021,12,19,5,3,5,2,2,1,1,0,0,0,0,0,13.39902001,52.53908174
4,4500936,2021,12,19,6,2,5,3,2,1,1,0,0,0,0,0,13.30056107,52.50315602
9,9401635,2021,12,22,6,2,0,1,2,0,1,0,0,0,0,2,13.64888233,52.40172462
9,9300923,2021,12,17,3,3,4,3,2,0,1,0,0,0,0,0,13.53945031,52.40318809
1,1100309,2021,12,20,5,3,5,7,2,1,1,0,0,0,0,1,13.39547438,52.52893898
4,4400835,2021,12,7,4,3,1,5,0,1,0,0,0,0,1,0,13.31378039,52.47642556
1,1100206,2021,12,18,5,3,3,2,2,1,1,0,0,0,0,0,13.37689139,52.51776014
5,5200629,2021,12,0,1,3,6,4,2,0,1,1,0,0,0,0,13.19960463,52.53445739
7,7400720,2021,11,20,2,3,6,4,2,0,0,1,0,0,1,0,13.38063723,52.48226185
5,5100314,2021,12,16,1,3,6,4,2,0,1,1,0,0,0,1,13.20387243,52.54515399
10,10100311,2021,12,14,4,3,5,3,0,0,1,0,0,0,0,0,13.5215949,52.52574526
1,1100308,2021,12,21,1,3,6,4,2,0,0,1,0,0,1,1,13.38656389,52.52370593
5,5100209,2021,12,16,6,2,6,4,2,0,1,1,0,0,0,1,13.18049088,52.55292715
4,4200308,2021,12,14,3,3,6,2,1,0,1,1,0,0,0,1,13.28333287,52.51866735
3,3701554,2021,12,16,6,3,1,5,1,1,1,0,0,0,0,1,13.40898608,52.53512985
7,7100102,2021,12,16,6,3,8,1,1,0,0,0,0,0,1,2,13.35452865,52.49721121
4,4300416,2021,12,9,2,3,0,3,0,1,0,0,0,0,1,2,13.29737556,52.51060047
12,12500926,2021,11,7,3,2,6,4,1,0,1,1,0,0,0,1,13.32495477,52.5886721
6,6300527,2021,12,19,2,3,6,2,2,0,1,1,0,0,0,0,13.26652813,52.43059086
1,1100309,2021,12,15,3,3,0,2,1,0,1,0,0,0,1,1,13.4094782,52.52881493
8,8200624,2021,12,10,7,3,5,7,0,0,1,0,0,0,0,1,13.43574555,52.45264855
5,5200629,2021,12,16,5,3,6,2,1,0,1,1,0,0,0,1,13.19816983,52.53282077
8,8100417,2021,12,8,1,3,5,3,0,1,0,0,0,0,1,1,13.44934237,52.47412765
10,10400938,2021,12,18,4,2,5,3,2,0,1,0,0,0,0,1,13.64083154,52.52808698
8,8100102,2021,12,13,5,3,0,4,0,0,1,1,0,0,1,0,13.42141541,52.48036449
1,1100207,2021,12,16,4,3,2,6,2,0,1,0,0,0,0,0,13.40525831,52.51443639
6,6400843,2021,11,8,3,2,5,2,0,1,0,0,0,1,0,1,13.29200511,52.45451395
1,1300733,2021,12,21,7,3,5,7,2,0,1,0,1,0,0,1,13.38151893,52.55223968
1,1400942,2021,12,8,4,3,5,3,0,0,1,0,0,0,0,0,13.34841483,52.54286198
5,5100210,2021,12,10,7,3,6,2,0,0,1,1,0,0,0,1,13.18554196,52.55157
4,4500939,2021,12,9,5,3,2,6,0,0,1,0,0,0,0,2,13.30255371,52.48846141
6,6100102,2021,12,15,2,3,5,3,1,0,1,0,0,0,1,1,13.31910985,52.45450146
4,4300622,2021,12,2,3,3,0,6,2,0,1,0,0,0,1,2,13.32988972,52.51032466
4,4300622,2021,12,20,4,3,6,2,2,0,1,1,0,0,0,1,13.33024391,52.51324344
12,12200307,2021,12,12,2,3,0,1,0,0,1,0,1,0,0,1,13.32740138,52.57565899
6,6300528,2021,12,12,5,2,5,2,0,1,1,0,0,0,0,0,13.27854121,52.42994806
11,11200512,2021,12,7,5,3,5,3,0,1,1,0,0,0,0,0,13.46779069,52.54633364
12,12200412,2021,12,13,6,3,6,2,0,0,1,1,0,0,0,1,13.28506416,52.57573195
1,1100103,2021,12,13,3,3,1,5,0,0,1,0,0,0,1,0,13.36155827,52.50008068
9,9300920,2021,12,12,5,3,6,4,0,0,1,1,0,0,0,1,13.52447222,52.40603115
7,7601544,2021,12,7,3,3,1,5,1,1,1,0,0,0,0,1,13.40085093,52.38690776
5,5100316,2021,12,12,6,3,2,6,0,0,1,0,0,0,0,0,13.20162753,52.53445885
3,3601449,2021,12,14,5,3,2,6,0,0,1,0,0,0,0,0,13.45095422,52.53819143
10,10200629,2021,11,15,2,3,5,3,0,1,1,0,0,0,0,1,13.57440999,52.51311761
4,4501146,2021,12,9,2,3,6,2,0,0,1,1,0,0,0,0,13.32034547,52.48638491
7,7300619,2021,12,16,4,3,2,6,1,0,1,0,0,0,0,0,13.34394332,52.47112885
2,2100104,2021,12,16,7,3,6,2,0,0,1,1,0,0,0,0,13.40910342,52.50179348
3,3601243,2021,12,14,1,3,2,6,0,0,1,0,0,0,0,0,13.41506086,52.55383427
10,10100313,2021,12,9,3,3,5,3,0,0,1,0,0,0,1,0,13.54141523,52.53458443
6,6400736,2021,12,7,5,2,5,3,0,1,1,0,0,0,0,2,13.22909101,52.42586787
4,4501042,2021,12,18,5,3,6,2,2,0,1,1,0,0,0,1,13.33171559,52.50547089
6,6300527,2021,12,14,1,2,5,2,0,1,1,0,0,0,0,1,13.27776985,52.43191556
2,2400623,2021,12,16,1,3,9,1,2,0,1,0,0,0,0,1,13.44055239,52.51683879
1,1100311,2021,12,15,4,3,0,5,1,0,1,0,1,0,0,1,13.41968493,52.5185203
1,1300730,2021,12,18,2,2,1,5,2,0,1,0,0,0,0,0,13.3769668,52.55772243
2,2200212,2021,12,15,3,3,5,3,0,1,1,0,0,0,0,1,13.42295865,52.48684089
1,1300834,2021,12,17,7,2,5,2,1,0,1,0,0,0,0,2,13.39603266,52.53824111
10,10200418,2021,12,12,3,3,5,2,0,1,1,0,0,0,0,1,13.59176221,52.54497586
7,7400824,2021,12,11,3,3,5,7,0,0,1,0,0,0,0,0,13.37836314,52.46618849
10,10100205,2021,12,18,4,3,5,3,2,0,1,0,0,0,0,0,13.5486519,52.55794221
5,5300737,2021,12,4,6,2,5,2,2,1,1,0,0,0,0,0,13.23259903,52.53942847
8,8100415,2021,12,10,6,3,1,5,0,1,1,0,0,0,0,0,13.44756486,52.47793213
6,6200422,2021,11,18,2,3,3,6,2,0,1,0,1,0,0,1,13.32596088,52.42793218
5,5100312,2021,12,11,4,3,5,3,0,0,1,0,0,0,0,0,13.19900579,52.55345452
8,8100314,2021,12,18,6,3,2,6,2,0,1,0,0,0,0,1,13.43372691,52.48205059
3,3300411,2021,12,6,6,3,0,1,1,0,0,0,1,0,0,2,13.48548027,52.62136015
1,1100308,2021,12,9,5,3,5,3,0,1,0,0,0,0,1,0,13.36967575,52.53491083
7,7400927,2021,12,17,5,3,4,6,1,0,1,0,0,0,1,0,13.39170641,52.46571415
1,1100206,2021,12,12,7,3,0,1,0,0,0,0,1,0,0,1,13.38832085,52.51995172
6,6200421,2021,12,17,3,3,5,3,2,0,1,0,0,0,0,1,13.31935109,52.4265516
6,6200311,2021,12,16,4,3,6,2,2,0,1,1,0,0,0,1,13.36265897,52.43659251
8,8401244,2021,12,9,6,3,6,2,0,0,0,1,0,0,1,1,13.49620299,52.4157517
1,1300733,2021,12,19,6,3,5,3,2,1,1,0,0,0,0,1,13.39116386,52.55028939
1,1100311,2021,11,16,2,3,6,4,1,0,1,1,0,0,0,1,13.42382724,52.51662243
4,4500939,2021,12,23,1,1,9,1,2,0,1,0,0,1,0,1,13.30800605,52.48898078
10,10100311,2021,12,7,4,3,2,2,0,0,1,0,0,0,0,0,13.51930631,52.52877791
11,11300617,2021,12,10,2,2,6,4,0,0,1,1,0,0,0,1,13.46549424,52.53073876
4,4501042,2021,12,16,2,3,6,4,2,0,0,1,0,0,1,1,13.32936923,52.50346903
6,6200422,2021,12,18,5,3,5,2,2,0,1,0,0,0,0,2,13.32747132,52.4183584
9,9401329,2021,12,11,5,2,6,4,0,0,1,1,0,0,0,1,13.58621993,52.42540688
8,8401245,2021,12,14,1,3,5,3,0,0,1,0,1,0,0,1,13.50912465,52.40277595
12,12200411,2021,12,9,2,3,8,1,0,0,1,0,0,0,0,2,13.326485,52.56205354
1,1100102,2021,11,14,3,3,3,6,1,0,1,0,0,0,1,1,13.35085803,52.51123438
1,1100206,2021,12,12,2,2,6,2,0,0,1,1,0,0,0,0,13.38070528,52.51662691
4,4501042,2021,12,16,3,2,6,4,1,0,1,1,0,0,0,1,13.33092654,52.50106998
12,12500825,2021,12,13,7,3,5,3,0,0,1,0,0,0,0,1,13.2952539,52.586953
2,2500728,2021,12,13,3,3,5,2,0,0,1,0,1,0,0,0,13.46957162,52.52038926
6,6200420,2021,12,16,3,3,2,6,2,0,1,0,0,0,0,2,13.29919075,52.41224032
2,2500727,2021,12,17,3,3,6,4,2,0,1,1,0,0,0,0,13.45704827,52.51634359
9,9401534,2021,12,16,5,3,9,1,0,0,1,1,0,0,0,0,13.57441949,52.44433931
9,9301126,2021,12,10,5,3,6,7,0,0,1,1,0,0,0,0,13.58009862,52.41642267
8,8100104,2021,11,6,2,3,5,3,2,1,1,0,0,0,0,1,13.42118011,52.4673739
12,12500824,2021,12,16,4,3,2,6,2,0,1,0,0,0,0,0,13.29586315,52.59720324
7,7400721,2021,12,17,7,3,2,6,1,0,1,0,0,0,0,1,13.39396975,52.48399318
5,5100316,2021,12,15,6,3,9,1,0,0,1,0,0,0,0,1,13.20870562,52.53849861
7,7400822,2021,12,18,2,3,6,2,2,0,1,1,0,0,0,1,13.36800821,52.45965892
10,10300731,2021,12,18,7,3,5,2,2,0,1,0,0,0,1,0,13.56617361,52.5342278
5,5400942,2021,11,7,3,2,6,4,2,0,1,1,0,0,0,1,13.1802995,52.49261987
4,4501146,2021,12,15,2,3,5,2,0,1,1,0,0,0,0,0,13.32030756,52.4843298
3,3400620,2021,12,16,2,3,5,3,2,1,1,0,0,0,0,1,13.39244,52.57252736
6,6300631,2021,12,9,4,3,8,1,0,0,0,0,1,0,0,1,13.29994739,52.42118825
2,2300316,2021,12,20,4,3,5,3,2,1,1,0,0,0,0,1,13.43005877,52.50347222
1,1100310,2021,12,19,5,3,5,2,2,0,1,0,0,0,0,1,13.4097017,52.52260864
9,9200715,2021,12,14,2,3,2,6,0,0,1,0,0,0,0,1,13.54089381,52.43560137
7,7400823,2021,12,18,2,3,2,6,2,0,1,0,0,0,0,0,13.37661482,52.46028022
9,9200819,2021,12,17,5,2,5,3,2,1,0,0,0,0,1,0,13.571845,52.43025279
3,3300516,2021,12,14,3,3,5,2,0,0,1,0,0,0,0,0,13.42955282,52.57186148
9,9200511,2021,11,9,3,3,6,4,0,1,0,1,0,0,0,1,13.52566811,52.45885405
5,5200631,2021,12,6,1,3,1,5,1,0,1,0,0,0,0,0,13.19737422,52.51598153
1,1100308,2021,12,1,2,3,1,5,2,0,1,0,0,0,1,1,13.36996568,52.53465876
9,9100409,2021,12,5,3,3,5,3,2,0,1,0,0,0,1,1,13.51010202,52.45365481
1,1400942,2021,12,5,6,3,5,3,2,0,1,0,0,0,0,1,13.34949466,52.54494706
2,2300419,2021,12,18,5,3,5,3,2,1,1,0,0,0,0,1,13.44384546,52.50008567
4,4300622,2021,12,11,2,3,5,3,0,0,1,0,0,0,0,0,13.32218932,52.51456905
1,1100309,2021,12,23,2,3,1,5,2,0,1,0,0,0,1,0,13.40318955,52.52474836
1,1100102,2021,12,17,4,3,6,7,1,0,1,1,0,0,0,0,13.37326068,52.50856863
1,1400939,2021,12,13,2,3,5,3,0,0,1,0,1,0,0,0,13.34316556,52.5565338
1,1300836,2021,12,7,5,3,0,1,0,1,0,0,0,0,0,1,13.37057085,52.54550672
10,10100206,2021,12,19,6,2,0,7,2,0,0,0,1,0,0,1,13.57504806,52.56020675
12,12500825,2021,12,21,7,3,3,2,2,1,1,0,0,0,0,1,13.30960036,52.58387487
2,2400520,2021,12,18,2,3,2,6,2,0,1,0,0,0,0,0,13.42917116,52.52309156
9,9100101,2021,12,0,3,3,0,1,2,0,0,0,0,0,1,2,13.45200695,52.48642973
10,10200418,2021,12,13,7,2,5,2,0,0,1,0,0,0,0,1,13.59158109,52.54482503
1,1401048,2021,12,8,4,3,5,2,0,1,1,0,0,0,0,1,13.35857368,52.55416487
2,2400623,2021,12,16,5,3,6,2,2,0,1,1,0,0,0,0,13.43532705,52.51471203
1,1100415,2021,12,4,7,3,3,6,2,1,1,0,0,0,0,1,13.39904874,52.53237996
5,5100313,2021,11,17,2,3,6,4,1,0,1,1,0,0,0,1,13.20961566,52.55154162
2,2300417,2021,12,19,3,3,0,1,2,0,0,0,1,0,0,2,13.42007376,52.49646117
11,11400927,2021,12,18,1,3,0,7,2,0,1,0,0,0,0,1,13.48044224,52.50590173
9,9300920,2021,12,8,4,3,5,3,0,0,1,0,0,0,0,0,13.54658961,52.41872177
3,3100101,2021,12,7,2,3,2,6,1,0,1,0,0,0,0,1,13.48521553,52.64861734
12,12200309,2021,12,16,6,2,6,4,2,0,1,1,0,0,0,1,13.32199917,52.56549173
1,1100309,2021,12,18,6,3,6,7,2,0,0,1,0,0,1,0,13.39817002,52.52705235
2,2200210,2021,11,17,3,3,5,2,2,0,1,0,0,0,1,1,13.39498797,52.49614997
1,1200519,2021,12,15,1,3,6,2,2,0,1,1,0,0,0,1,13.3303259,52.52727814
1,1100102,2021,12,20,3,3,5,2,2,0,1,0,0,0,0,1,13.37121575,52.51112858
6,6400843,2021,12,17,6,2,6,4,2,0,1,1,0,0,0,0,13.30229768,52.45724106
7,7601237,2021,12,16,5,2,6,4,2,0,1,1,0,0,0,1,13.3743894,52.42327908
1,1200517,2021,12,15,2,3,5,2,0,1,1,0,0,0,0,0,13.3498684,52.53598641
3,3701556,2021,12,13,4,3,1,5,0,0,0,0,0,1,1,1,13.41632159,52.53476816
5,5300736,2021,12,9,4,3,3,6,0,0,1,0,0,0,0,1,13.22654265,52.53756992
6,6200422,2021,12,15,3,3,6,4,1,0,0,1,0,0,1,0,13.32742995,52.42834256
4,4500939,2021,12,17,4,3,2,6,1,0,1,0,0,0,0,0,13.30834532,52.48875141
11,11300620,2021,12,14,5,3,5,3,0,0,1,0,0,0,1,0,13.47957946,52.52667724
6,6400843,2021,12,15,7,3,0,4,0,0,1,1,0,0,0,0,13.29400801,52.44824917
6,6100101,2021,12,8,3,3,5,3,0,1,1,0,0,0,0,0,13.31866902,52.45442049
9,9200818,2021,12,17,5,3,2,6,2,0,1,0,0,0,0,1,13.55914642,52.44837426
9,9200716,2021,12,9,4,3,5,3,0,1,1,0,0,0,0,0,13.5428179,52.43598944
10,10400940,2021,12,15,2,3,5,2,1,0,0,0,0,0,1,1,13.60705006,52.49011384
6,6200423,2021,12,20,6,3,5,2,2,0,1,0,0,0,0,0,13.31568466,52.41656171
2,2200213,2021,12,8,5,3,0,7,0,1,0,0,0,0,0,1,13.41826684,52.49574194
1,1100206,2021,12,4,7,3,6,7,2,0,1,1,0,0,0,0,13.39058686,52.51484718
12,12100205,2021,11,16,2,2,6,2,1,0,0,1,0,1,0,1,13.35180821,52.57362826
6,6300524,2021,12,14,1,3,5,2,0,0,1,0,0,0,0,1,13.22982575,52.43102984
7,7400721,2021,12,15,4,3,1,7,1,0,1,0,0,0,0,0,13.38458439,52.47248736
1,2400623,2021,12,11,1,3,5,3,0,0,1,0,0,0,0,1,13.42438646,52.51353179
2,2100103,2021,12,15,5,3,2,6,0,0,1,0,0,0,0,1,13.39830882,52.49840118
8,8200623,2021,12,10,7,3,5,3,0,0,1,0,1,0,0,1,13.43672645,52.45711647
5,5100211,2021,12,14,3,3,1,5,0,1,1,0,0,0,0,2,13.17736162,52.54730308
12,12200411,2021,12,13,3,3,2,2,0,0,1,0,0,0,0,0,13.31176939,52.558766
4,4200203,2021,12,8,4,2,1,5,0,0,1,0,0,0,0,0,13.242435,52.51255151
8,8100312,2021,12,13,6,3,5,3,0,1,1,0,0,0,0,0,13.43794513,52.48287124
1,1300733,2021,12,21,7,3,2,6,2,0,1,0,0,0,0,1,13.38347617,52.55143275
6,6100205,2021,11,7,3,3,6,7,0,0,1,1,0,0,0,1,13.35597741,52.44887108
12,12500928,2021,12,18,3,3,2,6,2,0,1,0,0,0,0,0,13.30427867,52.60105559
11,11200410,2021,12,9,1,3,5,2,0,0,1,0,0,0,1,0,13.51242569,52.55509281
2,2100101,2021,12,13,5,3,5,2,0,1,1,0,0,0,0,0,13.38283137,52.50418125
8,8100104,2021,12,18,2,3,1,5,2,1,1,0,0,0,0,1,13.43000879,52.4697683
7,7601544,2021,12,10,6,3,5,3,0,0,1,0,0,0,1,1,13.39587788,52.3970078
5,5100317,2021,12,20,7,3,5,3,2,0,1,0,1,0,0,0,13.2075691,52.53259532
9,9100306,2021,12,11,1,3,6,7,0,0,1,1,0,0,0,0,13.47874948,52.45181122
12,12400722,2021,12,15,4,3,2,6,0,0,1,0,0,0,0,1,13.30235065,52.61772651
4,4300624,2021,12,17,2,3,2,6,2,0,1,0,0,0,0,0,13.31742125,52.50544537
4,4100101,2021,12,7,5,3,2,6,2,0,1,0,0,0,1,1,13.29731627,52.54800264
10,10400939,2021,12,11,7,3,5,3,0,0,1,0,0,0,0,1,13.61271831,52.51047907
1,1401045,2021,12,0,4,3,6,2,2,0,1,1,0,0,0,0,13.37725714,52.55363858
6,6100209,2021,12,6,2,3,4,6,1,1,0,0,0,0,1,1,13.33869228,52.46624791
6,6200421,2021,12,21,3,2,6,2,2,0,1,1,0,0,0,1,13.32505788,52.42805957
5,5100104,2021,12,10,5,3,9,1,0,0,0,0,1,0,0,0,13.20756891,52.55570389
7,7400824,2021,12,11,4,3,5,3,0,0,1,0,0,0,1,0,13.3853906,52.46712283
12,12200412,2021,12,16,5,3,5,2,2,0,1,0,0,0,0,0,13.29794475,52.57818881
3,3701556,2021,12,9,6,3,2,2,0,0,1,0,0,0,1,0,13.41901192,52.53053264
7,7400927,2021,12,12,6,3,1,5,0,0,1,0,0,0,0,1,13.39861994,52.46493662
4,4501042,2021,12,2,3,3,2,6,2,0,1,0,0,0,0,1,13.33371932,52.50424352
4,4200311,2021,12,11,5,3,5,2,0,1,1,0,0,0,0,1,13.27344992,52.49996881
11,11300721,2021,12,18,5,3,8,1,2,0,1,0,0,0,0,2,13.51427163,52.535184
6,6300528,2021,12,9,6,3,6,7,0,0,1,1,0,0,0,0,13.26481146,52.41926765
2,2500831,2021,11,15,2,2,0,1,0,0,0,0,1,0,0,1,13.46373072,52.51068661
7,7400822,2021,12,18,7,3,6,2,2,0,1,1,0,0,0,1,13.37060939,52.47042042
1,1401044,2021,12,10,3,3,5,3,0,0,1,0,0,0,0,0,13.37723259,52.55118807
1,1100308,2021,12,14,1,3,0,1,0,1,0,0,0,0,0,0,13.38358985,52.53013849
2,2200210,2021,12,16,7,2,5,2,1,1,1,0,0,0,0,1,13.39642275,52.49132395
11,11200411,2021,12,16,6,2,5,3,2,0,1,0,1,0,0,0,13.50570761,52.54644525
12,12500927,2021,12,10,5,3,5,3,0,0,1,0,0,0,0,2,13.3180961,52.58936114
1,1100313,2021,12,19,5,3,2,6,2,0,1,0,0,0,0,1,13.41474699,52.50764849
12,12200412,2021,12,9,2,3,0,1,0,0,0,0,0,0,1,0,13.29400554,52.57600679
11,11200411,2021,12,10,7,3,5,2,0,0,1,0,0,0,1,0,13.50564836,52.54878281
8,8100416,2021,11,16,3,3,2,7,2,1,1,0,0,0,0,1,13.43998737,52.47769015
3,3701556,2021,12,11,3,3,0,2,0,1,0,0,1,0,0,0,13.41711296,52.53287417
5,5200528,2021,12,17,3,3,2,6,1,0,1,0,0,0,0,0,13.18082878,52.50998421
11,11400929,2021,12,1,6,3,9,1,2,0,1,0,0,0,0,1,13.49334284,52.50159778
8,8100415,2021,12,18,2,3,6,2,2,0,0,1,0,0,1,1,13.44800532,52.47788289
8,8300934,2021,12,15,6,3,0,6,1,0,1,0,0,0,1,0,13.45585054,52.43037328
11,11400931,2021,12,14,5,3,5,2,0,0,1,0,0,0,0,1,13.51914709,52.50973892
1,1100206,2021,12,7,6,3,0,7,0,1,0,0,0,0,0,2,13.38528932,52.52014868
1,1400942,2021,12,20,2,2,6,2,2,0,1,1,0,0,0,1,13.35906251,52.54655273
8,8100208,2021,12,10,4,3,5,2,0,1,1,0,0,0,0,1,13.4324246,52.47014968
7,7100102,2021,12,16,2,2,5,3,1,1,1,0,0,0,0,1,13.34628313,52.49607774
9,9501737,2021,12,15,5,3,2,6,1,0,1,0,0,0,1,1,13.62597572,52.45916079
1,1300835,2021,12,17,6,3,5,2,2,1,1,0,0,0,0,0,13.38745344,52.53350142
2,2500832,2021,12,18,4,3,5,2,2,1,1,0,0,0,0,0,13.47259981,52.50866037
7,7100101,2021,12,19,1,3,6,2,2,0,1,1,0,0,0,1,13.340801,52.49931519
1,1100102,2021,12,17,3,3,2,6,2,0,1,0,0,0,0,1,13.34893186,52.51510609
12,12500824,2021,12,9,4,3,5,3,0,1,1,0,0,0,0,0,13.28592983,52.59513228
9,9200715,2021,12,17,5,3,5,3,2,0,1,0,0,0,0,0,13.53253629,52.42889421
1,1200517,2021,12,0,6,2,5,3,2,0,1,0,0,0,0,0,13.31599219,52.52588453
1,1100312,2021,12,15,7,3,6,4,1,1,0,1,0,0,0,1,13.41305236,52.50858393
4,4500936,2021,12,17,3,3,5,2,2,1,1,0,0,0,0,0,13.30073375,52.50321002
9,9200510,2021,12,10,5,3,2,2,0,0,1,0,0,0,1,1,13.51436245,52.46872474
2,2500833,2021,12,8,5,3,5,2,0,0,1,0,0,0,1,0,13.45232676,52.51249379
6,6400841,2021,12,18,6,3,6,4,2,1,0,1,0,0,0,1,13.26110303,52.43632537
4,4400835,2021,12,9,7,3,5,7,0,0,1,0,0,0,0,1,13.31443214,52.47340507
4,4100101,2021,11,6,3,3,2,6,2,0,1,0,0,0,0,1,13.2932244,52.53686995
1,1200520,2021,12,16,1,3,5,3,2,1,0,0,0,0,0,1,13.34331093,52.52641805
12,12100204,2021,12,16,4,3,1,5,2,0,0,0,1,0,1,0,13.3404565,52.56389391
2,2400522,2021,12,17,2,3,2,6,2,0,1,0,0,0,0,1,13.45327344,52.51581084
4,4501045,2021,12,16,3,3,6,2,1,0,1,1,0,0,0,1,13.32693229,52.49878934
9,9502043,2021,12,17,6,3,4,2,2,0,1,0,0,0,0,0,13.55322526,52.46969115
10,10200421,2021,12,16,5,3,2,6,1,0,1,0,0,0,0,2,13.60518377,52.53653211
12,12601134,2021,12,14,5,3,6,2,0,0,1,1,0,0,0,1,13.34128582,52.60001443
2,2300315,2021,12,8,2,3,2,6,0,0,1,0,0,0,0,0,13.42681458,52.49928979
10,10400835,2021,12,23,2,3,5,3,2,0,1,0,0,0,0,2,13.5910495,52.51413653
6,6300634,2021,12,21,4,2,6,2,2,0,1,1,0,0,0,1,13.30957101,52.43124315
6,6200422,2021,12,16,3,3,5,2,2,1,1,0,0,0,0,0,13.32637385,52.42772768
4,4300416,2021,12,17,4,3,6,7,2,0,1,1,0,0,0,1,13.29612754,52.50865342
11,11300725,2021,12,14,7,3,0,5,1,0,1,0,0,0,0,1,13.49395047,52.51441121
4,4501152,2021,12,15,3,3,0,1,0,1,0,0,0,0,0,2,13.33306479,52.49288181
7,7400721,2021,12,18,4,2,0,1,2,1,0,0,0,0,0,1,13.39721504,52.48387914
4,4501152,2021,12,19,4,3,2,6,2,0,1,0,0,0,0,0,13.33130044,52.49316082
7,7200409,2021,12,22,6,2,0,7,2,0,0,0,0,0,1,1,13.35309714,52.48990757
2,2100104,2021,12,14,5,2,6,4,0,0,1,1,0,0,0,0,13.40784989,52.50427249
12,12500930,2021,12,14,5,3,5,3,0,1,1,0,0,0,0,1,13.33485298,52.58706692
4,4400728,2021,11,19,2,3,6,2,2,0,1,1,0,0,0,1,13.28118044,52.4768698
8,8100521,2021,12,16,3,3,2,6,2,0,1,0,0,0,0,0,13.47274032,52.46483316
7,7100102,2021,12,8,6,3,4,1,1,1,1,0,0,0,0,2,13.35453629,52.49718296
4,4300412,2021,12,17,2,2,6,4,2,0,1,1,0,0,0,0,13.28850749,52.51891763
9,9401534,2021,12,15,3,3,5,3,1,1,1,0,0,0,0,2,13.57552638,52.44550501
4,4501041,2021,12,17,3,3,3,6,2,1,1,0,0,0,0,0,13.31953099,52.49969897
1,1100207,2021,12,6,6,3,5,3,2,0,1,0,0,0,0,0,13.39210135,52.50779465
8,8200623,2021,12,22,5,3,5,3,2,0,1,0,0,0,0,1,13.44216991,52.45645139
6,6300629,2021,11,19,2,3,0,1,2,1,0,0,0,0,0,1,13.28896465,52.44375054
8,8100417,2021,12,12,4,3,5,3,0,0,1,0,0,0,0,0,13.45239681,52.47280317
12,12400721,2021,12,11,6,3,5,3,0,0,1,0,0,0,0,1,13.29028564,52.65584592
5,5200527,2021,12,15,2,3,6,6,0,0,1,1,0,0,0,1,13.1652329,52.52148094
8,8100521,2021,12,9,6,3,2,2,0,0,1,0,0,0,0,0,13.47263898,52.46114939
1,1401048,2021,11,13,3,3,6,7,0,0,0,1,0,0,1,1,13.35626805,52.54898951
11,11200411,2021,12,21,1,2,8,1,2,0,1,0,0,0,0,1,13.51189127,52.5507771
2,2200212,2021,12,17,2,3,6,7,2,0,1,1,0,0,0,1,13.42318123,52.48674198
9,9200512,2021,12,12,4,3,1,5,0,0,1,0,0,1,0,0,13.55077033,52.45622631
2,2500835,2021,12,17,6,3,2,1,2,0,1,0,0,0,0,0,13.45755197,52.50393875
7,7400927,2021,12,8,5,3,0,2,0,1,0,0,0,0,1,2,13.41670876,52.45518697
3,3200308,2021,12,18,5,3,5,2,2,0,1,0,0,0,1,1,13.43274978,52.59624131
8,8200832,2021,12,12,2,3,5,2,0,0,1,0,0,0,0,1,13.41687705,52.41823199
4,4100102,2021,12,14,7,2,9,1,0,0,1,0,0,0,0,0,13.29367435,52.53391344
9,9100304,2021,12,14,5,3,5,3,0,0,1,0,0,0,0,0,13.48138146,52.46080962
7,7300619,2021,12,17,3,3,1,5,2,0,1,0,0,0,0,0,13.34004641,52.46766249
12,12200309,2021,12,20,5,3,2,6,2,0,1,0,0,0,0,0,13.32077477,52.56587168
1,1300733,2021,12,16,6,3,6,4,2,0,1,1,0,0,0,1,13.39159082,52.55173775
3,3300516,2021,12,17,2,2,6,4,2,0,1,1,0,0,0,0,13.437668,52.57087055
12,12500930,2021,12,18,3,3,5,3,2,0,1,0,0,0,0,2,13.33519173,52.58164566
10,10200417,2021,12,16,3,3,6,4,1,0,1,1,0,0,0,0,13.59272914,52.54844754