BEZ,LOR_ab_2021,UJAHR,UMONAT,USTUNDE,UWOCHENTAG,UKATEGORIE,UART,UTYP1,ULICHTVERH,IstRad,IstPKW,IstFuss,IstKrad,IstGkfz,IstSonstige,USTRZUSTAND,XGCSWGS84,YGCSWGS84
12,12200411,2021,12,13,5,3,3,6,0,0,1,0,0,0,1,0,13.32457347,52.56097145
2,2400521,2021,12,1,1,2,5,2,2,0,1,0,0,0,0,1,13.43549303,52.52177821
3,3200205,2021,11,17,3,2,5,3,1,1,1,0,0,0,0,1,13.39022253,52.58517742
8,8100311,2021,12,21,3,3,1,5,2,1,1,0,0,0,0,0,13.42970068,52.48636552
9,9100304,2021,12,15,1,3,0,7,1,0,1,0,0,0,0,1,13.48188632,52.46665636
8,8200730,2021,12,19,5,2,8,1,2,0,1,0,0,0,0,2,13.43518647,52.43606043
7,7400927,2021,12,12,3,3,0,3,0,0,1,0,1,0,0,1,13.39801757,52.46515994
1,1200623,2021,12,18,6,3,2,6,2,0,1,0,0,0,0,1,13.35482036,52.52742051
6,6200311,2021,12,1,1,3,8,1,2,0,1,0,0,0,0,2,13.35273929,52.44112325
3,3200206,2021,12,10,4,2,0,7,0,1,0,0,0,0,0,1,13.3972856,52.57972658
1,1200625,2021,12,14,1,2,5,3,0,0,1,0,1,0,0,1,13.34534706,52.53002639
10,10200629,2021,12,9,4,3,5,2,0,1,1,0,0,0,0,1,13.58740363,52.52262449
7,7400822,2021,12,9,7,3,1,3,0,0,1,0,0,0,0,1,13.37006083,52.46533206
4,4500938,2021,12,8,5,3,2,6,0,0,1,0,0,0,0,2,13.29618309,52.49249125
5,5100313,2021,12,17,2,3,3,6,2,0,1,0,0,0,1,0,13.20979917,52.54793274
11,11200512,2021,12,14,3,3,5,2,0,0,1,0,0,0,0,1,13.46787706,52.54647723
7,7400928,2021,12,15,5,3,5,7,1,0,1,0,0,0,1,0,13.41346209,52.46442287
11,11400930,2021,12,6,3,3,5,3,2,1,1,0,0,0,0,1,13.51317761,52.50524061
5,5100315,2021,12,14,7,3,5,2,0,0,1,0,0,0,0,1,13.19849137,52.54285381
9,9200715,2021,11,15,3,3,2,6,0,0,1,0,0,0,0,1,13.53746245,52.43521638
6,6200420,2021,12,17,2,2,6,4,2,0,1,1,0,0,0,0,13.29929766,52.41236077
4,4501043,2021,12,15,2,3,6,2,1,0,1,1,0,0,0,1,13.31428247,52.49033399
9,9200819,2021,12,15,4,3,6,4,1,0,1,1,0,0,0,1,13.56770712,52.44061838
1,1200521,2021,12,13,4,3,1,5,0,1,1,0,0,0,0,1,13.32989113,52.52453981
9,9100203,2021,12,16,5,3,2,2,1,0,1,0,0,0,0,1,13.47880373,52.47762135
7,7100205,2021,12,12,2,3,0,2,0,0,1,0,0,0,1,0,13.36091848,52.49443961
9,9200715,2021,12,15,7,3,2,1,0,0,1,0,0,0,0,0,13.54672885,52.42647716
8,8401246,2021,12,7,4,3,6,2,1,0,1,1,0,0,0,1,13.50180403,52.4180801
6,6300632,2021,12,11,3,3,6,4,0,0,1,1,0,0,0,0,13.30302488,52.42725425
1,1100206,2021,12,17,4,3,5,7,1,1,1,0,0,0,0,1,13.39114199,52.51454916
11,11100309,2021,12,17,5,3,6,2,2,0,1,1,0,0,0,0,13.50862698,52.56476865
6,6100208,2021,12,19,6,2,1,1,2,0,1,0,0,0,0,0,13.33842816,52.45258487
1,1100309,2021,12,21,6,2,5,2,2,0,1,0,0,0,0,1,13.40957161,52.52884681
6,6400843,2021,12,17,3,3,5,3,2,1,1,0,0,0,0,0,13.29857707,52.45764913
4,4400727,2021,12,11,3,3,2,6,0,0,1,0,0,0,0,0,13.28992792,52.4820586
11,11501341,2021,12,9,4,2,6,4,0,0,1,1,0,0,0,0,13.51935885,52.47713538
4,4400834,2021,12,19,5,3,5,3,2,1,1,0,0,0,0,1,13.31411359,52.4721202
7,7100102,2021,12,20,7,3,6,7,2,0,0,1,0,0,1,0,13.35251798,52.49790241
8,8100521,2021,11,16,2,3,6,2,1,0,1,1,0,0,0,1,13.47663288,52.46253889
4,4300622,2021,12,10,1,3,3,2,0,0,1,0,0,1,0,1,13.33027211,52.51313237
6,6300629,2021,12,9,4,3,6,4,0,0,0,1,1,0,0,0,13.29513047,52.44440102
7,7300619,2021,12,20,1,3,5,3,2,0,1,0,0,0,0,1,13.34448689,52.46493122
9,9401329,2021,12,12,5,3,0,7,0,0,1,0,0,0,0,0,13.59467099,52.42864275
2,2200208,2021,12,14,3,3,5,2,0,1,1,0,0,0,0,1,13.38937697,52.49596341
1,1100312,2021,12,13,5,3,2,6,0,0,1,0,0,0,0,1,13.41543359,52.50968728
3,3601450,2021,12,21,6,3,2,6,2,0,1,0,0,0,0,1,13.44974324,52.53700167
12,12500824,2021,12,21,2,3,5,3,2,0,1,0,1,0,0,2,13.30279717,52.5908717
11,11300826,2021,11,16,3,3,5,3,2,1,0,0,0,0,0,1,13.47786412,52.51018936
7,7601442,2021,12,10,2,2,6,2,0,0,1,1,0,0,0,0,13.4043081,52.403946
9,9502043,2021,12,14,4,3,6,4,0,0,1,1,0,0,0,0,13.57985373,52.45924201
10,10100207,2021,12,10,5,3,2,1,0,0,1,0,0,0,0,2,13.57590431,52.56088498
6,6300633,2021,12,14,2,3,0,7,0,0,0,0,1,0,0,1,13.31548524,52.44589248
9,9502043,2021,12,18,4,3,6,4,2,0,0,1,0,0,1,0,13.57985063,52.459236
12,12500825,2021,12,10,5,3,5,3,0,0,0,0,0,0,1,0,13.30927614,52.57872739
3,3400721,2021,12,6,4,2,2,7,2,1,0,0,0,0,0,0,13.39813671,52.56755109
10,10400940,2021,12,17,5,3,5,3,2,0,1,0,0,0,1,0,13.60136279,52.48258001
11,11400931,2021,12,14,5,3,5,2,0,1,1,0,0,0,0,0,13.51965164,52.5058593
6,6300632,2021,12,14,6,2,5,3,0,0,1,0,0,0,0,1,13.29444007,52.42701371
8,8200727,2021,12,16,3,3,5,7,2,0,1,0,0,0,0,1,13.43416736,52.4428048
12,12200307,2021,12,8,5,3,3,6,0,0,1,0,0,0,0,0,13.33262676,52.57736993
7,7501133,2021,12,11,5,3,5,2,0,0,1,0,0,0,0,0,13.39422345,52.42667041
5,5100315,2021,12,7,4,3,5,3,1,1,1,0,0,0,0,1,13.1934463,52.54905891
1,1100416,2021,12,14,3,3,1,5,0,1,1,0,0,0,0,0,13.40491439,52.53408772
1,1300834,2021,12,4,5,3,2,6,2,0,1,0,1,0,0,1,13.39286081,52.54244071
6,6100103,2021,12,18,5,3,1,5,2,1,1,0,0,0,0,1,13.32363504,52.46498199
4,4501042,2021,12,19,6,3,2,6,2,0,1,0,0,0,0,0,13.33276338,52.50404303
2,2200211,2021,12,15,7,3,6,7,1,0,1,1,0,0,0,1,13.39434303,52.49120677
1,1100308,2021,12,17,2,3,6,2,2,1,0,1,0,0,0,0,13.37974976,52.52261416
6,6300527,2021,12,8,5,1,6,7,1,0,0,1,0,1,0,1,13.27390024,52.43569101
1,1400938,2021,12,9,4,3,5,7,1,0,1,0,0,0,0,0,13.3424787,52.54734416
4,4501147,2021,12,12,5,3,5,7,0,1,1,0,0,0,0,0,13.31784132,52.48800935
11,11300722,2021,11,7,2,3,5,2,1,1,0,0,0,0,1,1,13.47975866,52.51621366
4,4501150,2021,12,19,7,3,6,2,2,0,1,1,0,0,0,0,13.32254572,52.48662087
3,3300413,2021,12,0,3,3,1,5,2,0,1,0,0,0,1,0,13.48404804,52.61340642
7,7100102,2021,12,22,1,3,2,6,2,0,1,0,0,0,0,1,13.34622937,52.49691264
2,2200209,2021,12,16,4,3,5,2,1,0,1,0,1,0,0,0,13.37928278,52.48964423
2,2200211,2021,12,8,6,3,5,7,0,1,1,0,0,0,0,0,13.38902943,52.48978784
2,2400623,2021,12,13,7,3,2,1,0,0,1,0,0,0,0,0,13.44013503,52.51549145
10,10300731,2021,12,22,4,3,0,1,2,0,0,0,0,0,1,1,13.55754883,52.52744117
1,1300732,2021,12,8,2,2,2,6,0,0,1,0,0,0,0,0,13.3862103,52.55850703
6,6200314,2021,12,15,5,2,1,5,0,0,1,0,0,0,1,0,13.34054375,52.43329309
1,1200627,2021,12,16,7,2,6,4,2,0,1,1,0,0,0,0,13.35770343,52.52595087
1,1200629,2021,12,18,3,3,2,6,2,0,1,0,0,0,0,0,13.3399292,52.51892671
4,4501045,2021,12,0,3,3,1,5,2,0,1,0,0,0,0,2,13.33272375,52.49924601
1,1400940,2021,12,14,4,3,6,4,0,0,1,1,0,0,0,0,13.35069274,52.55803189
7,7300619,2021,12,18,5,3,2,6,2,0,1,0,1,0,0,0,13.33767273,52.4670776
10,10200420,2021,12,10,6,3,5,3,0,0,1,0,0,0,0,0,13.6007886,52.53841232
11,11300721,2021,11,18,3,3,5,2,2,0,1,0,0,0,1,1,13.49173592,52.53417948
10,10400938,2021,12,13,4,3,5,3,0,0,1,0,0,1,0,0,13.6393231,52.52585541
3,3500934,2021,12,17,5,3,5,3,2,1,1,0,0,0,0,1,13.43255313,52.55771837
7,7400823,2021,12,17,6,3,1,5,2,1,1,0,0,0,0,1,13.37685555,52.4620702
10,10200422,2021,12,14,6,3,6,7,0,1,0,1,0,0,0,0,13.60343529,52.54243405
10,10400835,2021,12,16,6,3,5,3,2,1,1,0,0,0,0,0,13.59899829,52.52825262
11,11100204,2021,12,5,4,3,5,2,2,1,1,0,0,0,0,1,13.52806849,52.55687855
4,4200308,2021,12,15,1,2,5,3,1,0,1,0,0,0,0,1,13.28330744,52.5185124
5,5100210,2021,12,15,2,3,2,6,0,0,1,0,0,0,0,1,13.19193419,52.54624533
1,1300834,2021,12,11,3,3,5,3,0,1,1,0,0,0,0,0,13.39885781,52.54247391
1,1401049,2021,12,9,7,2,6,2,0,0,0,1,0,0,1,1,13.3653438,52.55710505
12,12601235,2021,12,7,6,3,6,2,1,0,1,1,0,0,0,2,13.36067023,52.59692238
9,9501737,2021,12,10,6,3,5,3,0,0,1,0,0,0,0,1,13.62218267,52.44655803
1,1100310,2021,12,8,2,2,0,1,0,0,0,0,0,0,1,1,13.41679552,52.52383491
6,6100206,2021,12,16,1,3,0,3,2,0,1,0,0,0,1,0,13.34158073,52.44736527
12,12400616,2021,10,8,7,2,9,1,0,0,0,0,1,0,0,1,13.22632176,52.58302376
8,8100417,2021,10,14,7,3,5,2,0,1,1,0,0,0,0,0,13.45459483,52.47455955
8,8100415,2021,11,9,3,3,5,3,0,1,1,0,0,0,0,1,13.44258075,52.48040159
3,3601142,2021,11,18,5,3,5,2,1,1,0,0,1,0,0,1,13.41315591,52.54768283
11,11100102,2021,10,16,6,3,5,3,0,1,1,0,0,0,0,0,13.55596081,52.57028005
4,4100102,2021,10,22,6,3,5,3,2,0,1,0,0,0,1,0,13.29850485,52.53510386
2,2500831,2021,10,11,3,3,5,3,0,0,1,0,1,0,0,0,13.4649341,52.50959497
8,8100311,2021,10,21,3,3,6,7,2,0,1,1,0,0,0,0,13.42669492,52.48743613
6,6200419,2021,10,20,2,3,1,5,2,0,1,0,0,0,0,0,13.31231889,52.41426285
11,11501339,2021,11,12,3,2,5,2,0,1,1,0,0,0,0,1,13.52708647,52.49214567
4,4400835,2021,10,8,4,3,6,2,0,0,1,1,0,0,0,1,13.31392035,52.46718252
3,3601450,2021,11,12,6,3,0,2,0,1,1,0,0,0,0,1,13.45904596,52.52929441
9,9301126,2021,11,11,1,3,0,7,0,0,0,0,1,0,0,1,13.57288133,52.42790855
9,9502042,2021,11,10,4,3,1,5,0,1,1,0,0,0,0,0,13.59232889,52.46185771
1,1300733,2021,11,16,7,3,5,3,2,1,1,0,0,0,0,1,13.38479407,52.55074534
5,5200423,2021,10,3,5,3,9,1,2,0,0,0,0,0,1,0,13.1476825,52.53275557
2,2200209,2021,10,11,2,2,5,5,0,0,1,0,1,0,0,0,13.38208041,52.48499872
1,1100313,2021,10,7,1,3,5,3,0,0,1,0,1,0,0,0,13.41961536,52.50615338
10,10200417,2021,11,16,4,2,5,3,2,0,1,0,1,0,0,0,13.59258545,52.54754977
7,7300517,2021,11,17,6,3,3,6,2,1,1,0,0,0,0,0,13.33306642,52.46929333
7,7400823,2021,10,8,2,3,5,3,0,0,1,0,1,0,0,1,13.37595863,52.45769177
12,12500926,2021,10,7,4,3,2,6,0,0,0,0,1,1,0,1,13.3337088,52.59557157
6,6100103,2021,11,13,4,3,1,5,0,0,0,0,1,0,1,1,13.31857699,52.46360396
1,1300733,2021,11,8,4,3,2,6,0,1,1,0,0,0,0,1,13.38533092,52.55031593
4,4300624,2021,10,19,4,3,1,5,2,1,1,0,0,0,0,0,13.31607743,52.50623803
5,5100208,2021,10,13,5,3,0,4,0,1,0,1,0,0,0,1,13.16022606,52.54857861
4,4200308,2021,10,10,6,3,0,7,0,0,1,0,1,0,0,0,13.27986912,52.52088162
11,11401034,2021,11,9,2,3,5,2,0,1,1,0,0,0,0,0,13.52339093,52.50952456
5,5100210,2021,11,18,5,3,5,3,2,0,1,0,0,0,1,1,13.19155902,52.5461404
3,3601141,2021,11,7,3,3,2,6,0,0,1,0,0,0,0,0,13.41399953,52.55362816
11,11200411,2021,10,16,7,3,5,3,0,1,0,0,1,0,0,0,13.50582435,52.54650541
2,2400623,2021,10,13,5,3,5,3,0,0,1,0,1,0,0,0,13.4266977,52.5157232
6,6200313,2021,10,17,3,2,5,2,0,0,1,0,0,0,0,1,13.34256796,52.43446929
10,10400940,2021,11,17,2,3,6,2,2,0,0,1,0,0,1,1,13.59987684,52.47515514
1,1100205,2021,11,10,5,3,5,3,0,1,1,0,0,0,0,0,13.37643947,52.51009263
3,3601450,2021,11,21,1,3,2,6,2,0,1,0,0,0,0,1,13.45737199,52.5287008
1,1300733,2021,10,10,3,3,2,6,0,0,1,0,0,0,0,1,13.38620355,52.54962354
3,3100101,2021,11,18,7,3,1,5,2,0,1,0,0,0,0,1,13.49551879,52.64380711
10,10100314,2021,10,15,5,3,5,7,0,0,1,0,0,0,0,0,13.55701205,52.53439955
11,11300620,2021,10,13,6,3,2,6,0,0,1,0,0,0,0,1,13.47625163,52.53310086
1,1300834,2021,10,16,6,3,0,7,0,0,1,0,1,0,0,1,13.39461445,52.54585171
1,1100309,2021,10,16,6,3,6,7,0,0,0,1,0,0,1,0,13.39995388,52.52956532
1,1401049,2021,11,14,2,3,5,2,0,0,1,0,0,0,1,0,13.36540567,52.55711049
9,9100203,2021,11,8,6,3,5,2,0,0,1,0,0,0,0,1,13.48623552,52.47522627
3,3400725,2021,11,8,4,3,6,4,0,0,0,1,0,0,1,1,13.41159065,52.58228444
5,5200524,2021,10,15,6,3,2,6,0,0,1,0,0,0,0,0,13.12869533,52.52729371
7,7601341,2021,10,11,3,3,5,2,0,0,1,0,0,0,1,0,13.37092637,52.4092807
5,5100314,2021,10,6,4,3,5,3,1,1,1,0,0,0,0,0,13.2053531,52.54177811
12,12200309,2021,11,9,2,3,6,4,0,0,1,1,0,0,0,1,13.32831681,52.56544439
4,4501040,2021,10,11,3,3,0,6,0,1,0,0,0,0,1,1,13.30833082,52.50021352
3,3601449,2021,10,12,4,3,2,6,0,1,0,0,0,0,0,0,13.44370802,52.53954104
8,8100209,2021,11,16,7,3,5,3,2,1,1,0,0,0,0,0,13.43427703,52.46318898
8,8100209,2021,11,16,2,3,5,3,2,1,1,0,0,0,0,1,13.43815504,52.46707035
8,8100419,2021,11,6,3,2,5,3,1,0,1,0,0,0,0,1,13.45236899,52.48121275
11,11200512,2021,11,15,2,3,2,6,0,0,1,0,0,0,0,0,13.47148395,52.53814206
10,10100313,2021,10,10,7,3,5,3,0,0,1,0,0,0,0,0,13.53977651,52.53982701
9,9200819,2021,10,10,7,2,6,4,0,0,1,1,0,0,0,0,13.56622931,52.44515095
4,4400835,2021,11,14,3,3,2,2,0,0,1,0,0,0,0,0,13.3195374,52.47168472
12,12200414,2021,11,18,5,3,5,2,1,1,1,0,0,0,0,1,13.3066448,52.55522514
8,8100417,2021,10,0,1,3,2,6,2,0,1,0,0,0,0,0,13.45241784,52.47114171
7,7300619,2021,10,12,4,3,2,6,0,0,1,0,0,0,0,1,13.3480451,52.4650319
4,4500939,2021,10,4,3,3,0,2,2,0,0,0,1,1,0,0,13.30790372,52.48860706
7,7100103,2021,10,16,2,2,7,7,0,1,0,0,0,0,0,0,13.35899668,52.49832157
12,12200515,2021,11,18,4,3,0,2,2,1,1,0,0,0,0,0,13.28384485,52.58297666
4,4300619,2021,11,18,3,3,6,4,1,0,1,1,0,0,0,0,13.30907791,52.51654154
3,3501037,2021,10,15,4,3,5,3,0,1,1,0,0,0,0,0,13.47800545,52.55568763
8,8401139,2021,10,13,6,3,1,1,0,0,1,0,0,0,1,1,13.46740459,52.43373719
12,12200411,2021,11,15,6,3,2,6,0,0,1,0,0,0,0,0,13.32140327,52.56038815
2,2500728,2021,11,13,2,3,0,6,0,1,1,0,0,0,0,0,13.46692237,52.52014127
2,2200209,2021,11,14,4,3,3,6,0,1,1,0,0,0,0,0,13.37567937,52.48503702
4,4501149,2021,11,9,3,3,5,2,0,1,1,0,0,0,0,0,13.32266058,52.48817396
6,6300528,2021,10,11,7,3,5,3,0,1,1,0,0,0,0,0,13.25291639,52.42585741
11,11300620,2021,10,8,4,3,2,6,0,0,1,0,1,0,0,0,13.47659825,52.53270194
3,3601450,2021,10,11,2,3,1,1,0,0,1,0,0,0,0,0,13.45117267,52.53555284
12,12100204,2021,11,7,2,3,5,3,0,1,1,0,0,0,0,0,13.35823008,52.56938718
7,7200307,2021,11,17,4,3,2,6,2,0,1,0,0,0,0,0,13.34485788,52.48914047
8,8100521,2021,11,13,6,3,2,6,0,0,1,0,0,0,0,0,13.46246208,52.46921973
4,4300412,2021,10,15,3,2,5,3,0,0,1,0,0,0,1,1,13.29955554,52.51940771
2,2500832,2021,10,16,5,3,0,1,0,1,1,0,0,0,0,1,13.46715949,52.5079638
5,5300841,2021,11,14,6,2,6,4,0,0,1,1,0,0,0,0,13.27260029,52.53693046
10,10200629,2021,11,6,3,3,1,5,1,0,1,0,0,1,0,1,13.58452532,52.51531071
1,1100310,2021,10,9,5,3,2,2,0,0,1,0,1,0,0,0,13.40884968,52.52420214
1,1100205,2021,10,20,7,3,5,7,2,0,1,0,1,0,0,0,13.37778564,52.5079322
5,5100105,2021,10,12,1,2,4,1,0,0,1,0,0,0,0,0,13.20513542,52.55566875
5,5100317,2021,10,6,6,3,2,6,1,0,1,0,1,0,0,0,13.22933917,52.52809962
4,4501042,2021,11,15,2,3,2,2,0,0,1,0,1,0,0,0,13.32524138,52.50245154
3,3400827,2021,11,13,5,3,5,3,0,0,1,0,0,0,0,1,13.41842557,52.55500541
8,8100103,2021,11,10,5,3,0,5,0,0,1,0,0,0,1,1,13.4272378,52.47510983
1,1100309,2021,10,23,1,3,5,3,2,1,0,0,0,0,0,0,13.40007279,52.52882024
4,4200309,2021,10,13,5,3,5,3,0,0,1,0,0,0,0,0,13.2581635,52.52057784
8,8200623,2021,10,13,3,2,2,7,0,0,1,0,0,0,0,0,13.45692195,52.45333793
4,4300416,2021,11,19,2,3,0,2,2,1,1,0,0,0,0,1,13.30241225,52.50686257
3,3400619,2021,11,9,5,3,5,2,0,1,1,0,0,0,0,0,13.36872494,52.58798055
3,3701660,2021,11,18,7,3,5,7,2,0,1,0,0,0,0,0,13.43031023,52.52878907
8,8401241,2021,10,7,3,2,5,3,1,1,1,0,0,0,0,1,13.48357462,52.43127338
3,3701554,2021,10,7,4,3,2,6,0,1,0,0,0,0,0,0,13.4120663,52.53111379
5,5100104,2021,11,17,7,3,6,2,2,0,1,1,0,0,0,1,13.20828984,52.56150633
2,2200209,2021,11,20,1,3,6,4,2,0,1,1,0,0,0,1,13.38226704,52.48997906
4,4300623,2021,10,19,5,3,1,5,2,1,1,0,0,0,0,0,13.30942772,52.51115016
1,1100309,2021,10,12,6,3,5,3,0,1,1,0,0,0,0,1,13.39496255,52.52804734
8,8200623,2021,10,9,4,3,1,5,0,1,1,0,0,0,1,1,13.4449174,52.45297464
1,1200623,2021,11,20,6,3,6,4,2,1,0,1,0,0,0,0,13.35908649,52.53404817
7,7601236,2021,11,17,3,3,2,6,2,1,1,0,0,0,0,0,13.35963683,52.41906254
11,11501340,2021,10,15,5,3,5,2,0,1,1,0,0,0,0,0,13.52546916,52.48155078
2,2400624,2021,10,8,6,3,5,7,0,0,1,0,0,0,0,0,13.44158966,52.51579785
11,11300620,2021,10,10,1,3,2,6,0,0,1,0,1,0,0,0,13.48535039,52.53108746
3,3601245,2021,10,9,6,3,5,3,0,1,1,0,0,0,0,0,13.43460346,52.54960693
1,1300834,2021,11,11,2,2,3,6,0,0,1,0,1,0,0,0,13.3989748,52.53913891
11,11501238,2021,11,13,5,3,3,6,0,0,1,0,0,0,0,1,13.49178089,52.4919501
3,3200206,2021,11,8,3,3,5,3,0,0,1,0,1,0,0,0,13.40021258,52.58043003
5,5400942,2021,10,16,1,2,8,1,0,1,1,0,0,0,0,0,13.18203255,52.4823519
1,1400938,2021,10,17,5,3,2,7,1,0,0,0,1,0,1,0,13.33876917,52.54370908
10,10400836,2021,10,11,2,2,6,7,0,0,1,1,0,0,0,0,13.59163099,52.50684848
9,9100304,2021,11,16,2,3,2,6,2,0,1,0,0,0,0,1,13.4790129,52.45894416
4,4200308,2021,11,20,5,3,2,6,2,0,1,0,0,0,0,1,13.27976179,52.51829372
1,1300733,2021,11,16,1,3,2,6,1,0,1,0,0,0,0,1,13.39553789,52.55505696
1,1401046,2021,10,9,2,3,5,2,0,0,1,0,0,0,1,1,13.34673971,52.5402642
6,6300632,2021,10,16,1,3,5,3,0,0,1,0,0,0,0,0,13.29456643,52.42707201
9,9100203,2021,11,20,7,3,6,2,2,0,1,1,0,0,0,1,13.478569,52.4774961
7,7601341,2021,11,19,1,2,5,3,2,0,1,0,0,0,0,1,13.37090027,52.40917205
10,10300731,2021,10,7,5,3,5,3,0,0,1,0,0,0,1,0,13.55612261,52.52007708
3,3601450,2021,10,12,6,3,6,4,0,0,1,1,0,0,0,0,13.45637575,52.53024568
11,11300721,2021,10,7,2,3,5,3,0,0,0,0,0,1,1,0,13.49965943,52.52444851
8,8100312,2021,10,18,6,3,2,7,1,0,1,0,0,0,1,0,13.43815179,52.48257301
10,10100209,2021,11,9,3,3,2,7,0,0,1,0,0,0,0,1,13.56191578,52.54975614
6,6300633,2021,11,8,4,3,0,7,0,1,0,0,0,0,0,1,13.30852417,52.4441729
4,4501040,2021,10,12,6,3,2,7,0,0,1,0,1,0,0,0,13.30764046,52.49998457
9,9200715,2021,10,14,3,3,5,3,0,0,1,0,0,0,0,0,13.53311015,52.43376102
8,8100102,2021,10,6,4,3,5,7,1,0,1,1,0,0,0,0,13.42117876,52.48020349
1,1100309,2021,10,10,3,2,5,2,0,1,0,0,0,1,0,1,13.40946721,52.52886778
4,4501045,2021,10,9,2,3,5,3,0,1,1,0,0,0,0,0,13.32552833,52.49806809
12,12200310,2021,11,16,2,3,5,2,1,1,1,0,0,0,0,0,13.31395729,52.57673185
8,8100209,2021,10,20,3,3,2,6,2,1,1,0,0,0,0,0,13.43846093,52.46720179
11,11200514,2021,10,16,4,3,2,2,0,0,0,0,1,0,1,0,13.47370386,52.53602738
12,12200414,2021,11,14,1,3,3,6,0,0,1,0,0,0,0,0,13.30691665,52.55495332
12,12100204,2021,11,7,3,3,5,3,0,0,1,0,0,0,0,1,13.33948659,52.56398355
11,11100203,2021,11,16,7,2,0,1,2,0,0,0,1,0,0,1,13.52708985,52.56932554
5,5300735,2021,10,22,7,3,5,2,2,0,1,0,0,0,0,0,13.22724605,52.54947433
10,10100312,2021,10,15,7,2,5,2,0,0,1,0,0,0,0,0,13.53714809,52.5344868
4,4300415,2021,11,17,4,3,6,2,2,0,1,1,0,0,0,0,13.28930439,52.50650463
10,10300734,2021,11,8,7,3,0,1,0,0,0,0,1,0,0,1,13.57238447,52.5053555
1,1100309,2021,10,22,1,3,6,4,2,0,1,1,0,0,0,1,13.40362705,52.52565476
4,4400728,2021,10,14,4,3,3,6,0,0,1,0,0,0,1,0,13.28103969,52.47696757
9,9501737,2021,10,8,3,3,0,1,0,0,1,0,1,0,0,1,13.62499647,52.44682349
4,4501148,2021,11,19,3,3,6,2,2,0,1,1,0,0,0,1,13.31302029,52.48027672
2,2100102,2021,10,16,5,3,5,3,0,1,1,0,0,0,0,0,13.39505167,52.50306522
8,8100102,2021,10,12,5,3,5,3,0,0,1,0,1,0,0,1,13.42456264,52.47583143
7,7200413,2021,11,17,6,3,2,6,1,0,1,0,0,0,0,1,13.3685892,52.48435537
5,5100315,2021,11,12,2,3,2,2,0,0,1,0,0,0,0,1,13.19836232,52.54286565
9,9401431,2021,11,18,4,3,0,1,2,1,0,0,0,0,0,0,13.58803638,52.44543781
3,3601142,2021,11,18,2,3,5,2,2,1,1,0,0,0,0,0,13.41355387,52.5476486
1,1200627,2021,10,9,7,3,0,1,0,0,0,0,1,0,0,0,13.35711628,52.52458328
7,7400721,2021,10,14,4,3,2,6,0,0,1,0,0,0,1,0,13.37679563,52.477039
4,4200309,2021,10,8,2,3,5,3,0,0,1,0,0,0,0,0,13.26181026,52.51875196
1,1100311,2021,10,16,1,3,4,6,0,1,0,0,0,0,1,1,13.41831032,52.51683091
1,1100206,2021,11,2,5,3,5,3,2,0,1,0,0,0,0,0,13.39099207,52.51565129
11,11300722,2021,11,15,7,3,5,3,1,0,1,0,1,0,0,0,13.47340154,52.52304327
7,7400824,2021,10,21,2,3,5,2,2,0,1,0,0,0,1,0,13.38544545,52.46609599
5,5300841,2021,10,11,5,1,6,4,0,0,0,1,0,1,0,0,13.26726524,52.53677704
5,5200633,2021,11,12,6,3,2,7,0,0,1,0,1,0,0,0,13.183132,52.51831104
3,3400725,2021,11,15,4,3,5,2,0,0,1,0,0,0,0,1,13.43019683,52.58857029
3,11300617,2021,10,18,5,3,5,3,1,1,1,0,0,0,0,0,13.46114425,52.52974526
1,1100310,2021,10,18,4,3,1,5,2,1,1,0,0,0,0,1,13.40858975,52.52428863
8,8300935,2021,10,22,7,3,2,6,2,0,1,0,0,0,0,0,13.44672174,52.42685806
3,3601450,2021,10,8,6,3,5,2,0,1,1,0,0,0,0,0,13.45781029,52.52903901
1,1300733,2021,11,19,2,2,2,6,2,0,1,0,1,0,0,0,13.38562127,52.55014295
6,6200313,2021,11,17,5,3,6,4,2,0,1,1,0,0,0,1,13.34388691,52.43520243
2,2500835,2021,11,6,3,3,0,2,1,0,1,0,1,0,0,0,13.45818524,52.49957546
11,11100203,2021,10,10,1,3,5,2,0,0,1,0,1,0,0,0,13.52975006,52.56989719
8,8401243,2021,10,14,5,3,5,2,0,0,1,0,1,0,0,0,13.49040982,52.42783928
12,12500927,2021,10,14,3,3,5,2,0,1,1,0,0,0,0,1,13.31139652,52.59304624
3,3400721,2021,10,8,3,3,0,1,0,0,0,0,1,0,0,1,13.40089973,52.5695053
5,5200629,2021,11,15,2,3,6,7,0,0,0,1,0,0,1,0,13.1913532,52.53230585
3,3500932,2021,11,19,7,3,0,5,2,1,0,0,0,0,1,0,13.44029522,52.55603207