BEZ,LOR_ab_2021,UJAHR,UMONAT,USTUNDE,UWOCHENTAG,UKATEGORIE,UART,UTYP1,ULICHTVERH,IstRad,IstPKW,IstFuss,IstKrad,IstGkfz,IstSonstige,USTRZUSTAND,XGCSWGS84,YGCSWGS84
4,4300620,2021,11,8,2,3,5,2,0,1,1,0,0,0,0,0,13.33602753,52.51421852
3,3300514,2021,10,11,3,3,5,3,0,0,1,0,0,0,0,1,13.46057699,52.59363209
6,6100209,2021,10,8,4,3,5,2,0,1,1,0,0,0,0,0,13.33740531,52.46259332
6,6200314,2021,11,18,7,3,1,5,2,0,1,0,0,0,0,1,13.34093095,52.43351378
3,3601245,2021,11,14,1,3,1,5,0,1,1,0,0,0,0,0,13.43560483,52.54255903
8,8100416,2021,11,8,3,3,0,7,0,1,1,0,0,0,0,1,13.44203254,52.47391151
12,12100101,2021,11,13,7,3,1,5,0,1,1,0,0,0,0,0,13.36656166,52.56392208
11,11200410,2021,10,11,6,3,5,2,0,0,1,0,1,0,0,0,13.50192926,52.55810131
2,2200210,2021,10,2,6,2,0,1,2,0,0,0,1,0,0,1,13.39968482,52.49393012
3,3300514,2021,10,14,2,3,6,4,0,0,1,1,0,0,0,0,13.44227365,52.59104849
3,3601346,2021,10,23,6,3,1,5,2,1,1,0,0,0,0,0,13.4137951,52.5423837
11,11200410,2021,11,9,3,3,2,6,0,0,1,0,0,0,0,1,13.51655786,52.55200968
10,10100316,2021,11,8,5,3,5,2,0,1,1,0,0,0,0,0,13.57350027,52.54652869
9,9100304,2021,10,14,6,3,5,2,0,1,1,0,0,0,0,0,13.48700389,52.46552381
4,4300623,2021,10,14,6,3,2,6,0,1,1,0,0,0,0,0,13.31205674,52.50632134
5,5100316,2021,10,16,3,2,5,2,0,1,1,0,0,0,0,0,13.19953227,52.53488008
11,11200512,2021,10,16,3,3,1,5,0,1,0,0,0,0,1,0,13.493281,52.54485322
1,1100310,2021,11,8,3,3,0,3,0,1,0,0,1,0,0,1,13.41574317,52.52669911
8,8100105,2021,10,21,4,3,6,4,2,0,1,1,0,0,0,0,13.43049149,52.46432957
12,12100205,2021,10,8,4,3,2,6,0,0,1,0,0,0,0,0,13.34784239,52.57849934
4,4100102,2021,10,20,1,3,5,2,2,0,1,0,0,0,0,1,13.29312735,52.53453253
8,8100415,2021,11,14,6,3,6,4,0,0,1,1,0,0,0,0,13.43922814,52.48037888
10,11200515,2021,11,21,7,3,6,4,2,0,1,1,0,0,0,0,13.51693025,52.53570218
7,7300619,2021,11,9,4,3,1,5,0,1,1,0,0,0,0,0,13.33873132,52.46743925
11,11401137,2021,11,14,7,3,2,6,0,0,1,0,0,0,0,0,13.52158287,52.50152252
7,7501031,2021,10,16,1,3,2,1,0,0,1,0,0,0,0,0,13.39687626,52.4416982
10,10100104,2021,10,4,1,3,9,1,2,0,1,0,0,0,0,0,13.57832561,52.56624903
12,12100101,2021,11,7,5,3,6,4,0,0,1,1,0,0,0,1,13.37816924,52.56520394
1,1100414,2021,11,14,6,3,0,6,0,1,0,0,0,0,1,1,13.38493317,52.53230241
12,12100101,2021,10,19,1,3,5,2,2,0,1,0,0,0,0,0,13.36457493,52.56269862
6,6100209,2021,10,13,4,3,0,3,0,0,1,0,1,0,0,1,13.33934775,52.46152904
4,4501149,2021,11,21,5,3,5,2,2,0,1,0,1,0,0,0,13.32268216,52.48835897
6,6400838,2021,10,12,2,3,5,2,0,1,1,0,0,0,0,0,13.23240479,52.43764858
1,1200628,2021,10,14,6,3,2,2,0,0,1,0,0,0,0,0,13.3570834,52.52354714
9,9501736,2021,11,7,4,3,5,3,0,0,1,0,0,0,0,1,13.6044026,52.45243554
8,8100206,2021,11,14,5,3,6,7,0,0,0,1,0,0,1,0,13.43015349,52.48142012
7,7100102,2021,10,7,7,3,0,7,1,0,1,0,0,0,1,0,13.34799814,52.5022838
2,2500832,2021,10,18,3,3,6,7,0,1,0,1,0,0,0,0,13.46997986,52.50634014
8,8100314,2021,10,15,4,3,4,6,0,0,1,0,0,0,0,0,13.43122135,52.48456313
5,5200524,2021,10,18,2,3,2,6,1,0,1,0,0,0,0,0,13.12193661,52.52875771
6,6100210,2021,11,14,2,3,1,5,0,0,1,0,1,0,0,0,13.34361488,52.4588665
7,7601236,2021,10,13,4,2,6,4,0,1,0,1,0,0,0,0,13.35972414,52.41890838
3,3501037,2021,11,17,1,3,2,6,1,0,1,0,0,0,0,1,13.45746045,52.5612475
4,4300619,2021,11,15,4,3,5,2,0,1,1,0,0,0,0,0,13.31881632,52.51920785
9,9301025,2021,11,13,7,3,2,6,0,1,1,0,0,0,0,0,13.57123625,52.40151287
3,3400721,2021,10,11,7,2,1,5,0,1,1,0,0,0,0,0,13.40232939,52.56672751
5,5300736,2021,10,14,7,3,4,6,0,1,0,0,0,0,0,0,13.22798217,52.53792556
4,4500939,2021,11,19,5,3,1,5,2,1,1,0,0,0,0,1,13.30505126,52.49581389
1,1200628,2021,11,6,6,3,0,7,1,0,1,0,0,0,1,1,13.37053492,52.52677163
11,11300721,2021,10,13,1,3,1,5,0,1,1,0,0,0,0,0,13.49093223,52.52655399
3,3400620,2021,10,16,4,3,5,3,0,1,1,0,0,0,0,1,13.37867873,52.57492395
1,1100415,2021,11,11,5,3,2,2,0,0,0,0,1,1,0,0,13.38978625,52.53175407
11,11400931,2021,11,23,3,3,1,5,2,0,1,0,0,0,0,1,13.50565423,52.50901053
8,8100415,2021,10,14,5,3,5,3,0,1,1,0,0,0,0,0,13.43554468,52.48069031
2,2500833,2021,10,9,5,3,0,1,0,0,0,0,1,0,0,1,13.45238404,52.51248438
10,10100209,2021,10,4,2,3,5,3,2,0,1,0,0,0,0,1,13.57278714,52.55018203
7,7300619,2021,11,10,6,3,6,4,0,0,0,1,0,0,1,0,13.34473315,52.46265523
8,8100105,2021,11,17,1,3,2,6,2,0,1,0,0,0,0,1,13.43275018,52.46494905
1,1401048,2021,11,13,5,3,2,6,0,0,0,0,0,0,1,1,13.35675868,52.55313693
10,10400941,2021,11,15,2,3,5,3,0,0,1,0,0,0,1,0,13.60145897,52.48186428
2,2100106,2021,10,15,7,3,5,3,0,0,1,0,0,0,1,0,13.39941554,52.49828752
4,4200308,2021,10,12,5,3,5,2,0,1,1,0,0,0,0,0,13.28013138,52.51976111
11,11401032,2021,10,6,2,3,5,3,2,1,1,0,0,0,0,2,13.51173038,52.51314073
12,12601235,2021,11,6,2,3,5,2,0,1,1,0,0,0,0,0,13.35875652,52.59682299
11,11100204,2021,11,11,5,2,5,3,0,0,1,0,0,0,1,0,13.52811113,52.55699601
2,2100102,2021,11,11,7,2,5,2,0,1,1,0,0,0,0,0,13.39440272,52.50691914
4,4300622,2021,10,19,3,3,1,1,2,0,1,0,0,0,0,0,13.3167378,52.51428215
1,1200623,2021,10,1,5,3,1,5,2,1,1,0,0,0,0,0,13.34866832,52.53498653
5,5100208,2021,11,17,6,2,5,3,1,0,1,0,1,0,1,0,13.16796744,52.55075914
2,2100104,2021,10,20,5,3,5,3,2,1,1,0,0,0,0,0,13.41029524,52.50378415
9,9501838,2021,10,15,4,3,2,6,0,0,1,0,0,0,0,1,13.71941115,52.43137866
5,5100101,2021,10,10,7,3,2,6,0,0,1,0,0,0,0,1,13.20873701,52.56536304
6,6300632,2021,10,8,5,3,5,3,0,0,1,0,0,0,0,0,13.29455596,52.42693942
2,2400623,2021,11,13,2,2,5,3,0,1,1,0,0,0,0,0,13.43752333,52.51105933
8,8200831,2021,11,16,5,3,2,6,2,0,1,0,0,0,0,1,13.41035633,52.41677544
2,2500833,2021,11,22,4,3,1,5,2,1,1,0,0,0,0,1,13.46122677,52.50869461
11,11100101,2021,10,13,7,2,3,6,0,0,1,0,1,0,0,0,13.48603509,52.57728863
1,1300834,2021,10,8,5,3,2,6,0,0,1,0,0,0,0,0,13.39292217,52.54236051
9,9300920,2021,10,14,3,2,5,3,0,0,1,0,1,0,0,0,13.5269814,52.42457145
8,8200730,2021,11,15,3,3,5,7,0,0,1,0,0,0,1,0,13.44806489,52.43696283
3,3601245,2021,11,10,6,3,0,7,0,1,0,0,0,0,0,1,13.43434827,52.54970556
11,11100204,2021,11,14,2,3,6,4,0,0,0,1,0,0,1,0,13.51325201,52.56644973
1,1100101,2021,10,9,2,3,0,1,0,1,0,0,0,0,0,0,13.34240298,52.50589065
9,9301228,2021,10,7,4,3,8,1,0,0,1,0,0,0,0,1,13.64790515,52.35265845
4,4501152,2021,10,18,2,3,0,1,1,0,0,0,0,0,1,0,13.3310275,52.49490148
7,7601237,2021,11,14,7,3,6,4,0,0,1,1,0,0,0,1,13.37570229,52.41489587
1,1200520,2021,11,18,2,3,2,2,2,0,1,0,1,0,0,1,13.34154288,52.53225699
5,5300737,2021,11,21,3,3,8,7,2,0,1,0,0,0,0,0,13.24777131,52.54726278
1,1100101,2021,11,9,6,3,2,6,0,0,1,0,0,0,1,1,13.34926497,52.50317947
8,8401244,2021,10,18,6,2,5,2,1,0,1,0,1,0,0,0,13.50345017,52.41162323
8,8200832,2021,10,12,1,3,5,5,0,0,1,0,1,0,0,0,13.43693558,52.41741798
10,10300734,2021,10,12,7,3,0,7,0,0,1,0,0,0,0,0,13.55866767,52.48130723
3,3601243,2021,11,9,3,3,4,6,0,1,1,0,0,0,0,1,13.41884704,52.55115178
3,3400830,2021,11,12,5,3,5,3,0,1,1,0,0,0,0,0,13.42671293,52.56502994
7,7400823,2021,10,9,7,3,5,3,0,0,1,0,0,0,1,0,13.37221997,52.4697315
3,3501038,2021,10,22,6,3,6,4,2,0,0,1,0,0,1,0,13.48687539,52.55646368
9,9300920,2021,10,12,3,3,0,2,0,0,1,0,1,0,0,0,13.52641724,52.42460177
1,1401046,2021,10,8,4,3,5,2,0,1,1,0,0,0,0,0,13.34492472,52.53907704
2,2500726,2021,10,19,2,3,1,5,1,1,1,0,0,0,0,1,13.4523427,52.52491756
8,8401241,2021,11,10,3,3,5,3,0,0,1,0,1,0,0,1,13.4791665,52.43675718
1,1300834,2021,10,6,4,3,6,4,1,0,0,1,1,0,0,1,13.39356313,52.54128315
1,1100310,2021,10,9,4,3,6,7,0,0,0,1,0,0,1,0,13.40959991,52.51952192
5,5200527,2021,11,17,6,2,6,4,1,0,1,1,0,0,0,0,13.17500298,52.52393129
9,9200512,2021,11,10,1,2,5,2,0,0,1,0,0,0,1,1,13.55438171,52.45569511
4,4300412,2021,11,14,4,3,5,3,0,1,1,0,0,0,0,0,13.28503043,52.51872139
11,11400927,2021,11,1,1,3,0,1,2,1,0,0,0,0,0,0,13.47552167,52.50262243
6,6200313,2021,10,15,4,2,6,4,0,0,1,1,0,0,0,0,13.34346646,52.4349573
10,10400835,2021,10,16,2,3,5,2,0,1,1,0,0,0,0,0,13.58687057,52.51231843
1,1200517,2021,10,19,1,3,5,3,2,0,1,0,0,0,0,0,13.31440897,52.53025517
12,12500930,2021,11,7,4,3,1,5,0,0,1,0,0,0,1,0,13.33009012,52.58689417
3,3601142,2021,11,9,6,3,6,4,0,0,1,1,0,0,0,1,13.40951853,52.54735414
1,1100103,2021,10,9,2,3,5,2,0,0,1,0,0,0,0,1,13.34970019,52.5030746
1,1100308,2021,10,12,4,3,5,3,0,1,0,0,0,0,1,1,13.379491,52.52340233
4,4100101,2021,11,16,5,3,6,4,2,0,1,1,0,0,0,1,13.28675244,52.53671815
2,2100106,2021,11,14,4,2,0,3,0,0,1,0,1,0,0,1,13.41983134,52.49639067
8,8100314,2021,10,9,5,2,6,2,0,0,0,1,1,0,0,0,13.43548543,52.48088961
9,9100101,2021,10,6,5,2,6,4,2,1,0,1,0,0,0,1,13.44860032,52.48813053
1,1100102,2021,10,11,6,2,0,1,0,0,0,0,1,0,0,0,13.3718762,52.50909365
1,1300836,2021,11,19,2,3,1,5,1,1,1,0,0,0,0,0,13.37273847,52.53840513
4,4300518,2021,11,17,5,3,6,2,2,0,1,1,0,0,0,1,13.3065373,52.52874877
1,1100102,2021,11,7,2,3,0,2,1,1,1,0,0,0,0,1,13.37668647,52.50840008
11,11400931,2021,10,17,7,3,5,7,0,1,1,0,0,0,0,0,13.5188032,52.50933317
7,7200413,2021,10,8,5,3,5,3,0,1,1,0,0,0,0,0,13.36343586,52.47862837
2,2400624,2021,10,8,3,2,0,2,0,0,1,0,1,0,0,1,13.44989447,52.51289388
4,4501044,2021,11,17,2,3,6,7,2,0,1,1,0,0,0,1,13.3205333,52.4992207
2,2100103,2021,11,19,5,3,0,4,2,0,0,1,1,0,0,1,13.40223951,52.50381189
12,12400616,2021,11,10,7,3,5,3,0,0,1,0,0,0,0,1,13.22610274,52.587207
1,1100415,2021,10,10,3,3,6,4,0,0,1,1,0,0,0,1,13.40060993,52.53049905
8,8100209,2021,11,13,5,3,5,3,0,1,1,0,0,0,0,0,13.4368387,52.46516285
10,10100315,2021,10,19,5,2,6,4,2,0,0,1,0,0,1,0,13.56803984,52.54527309
6,6200313,2021,10,18,6,3,6,2,1,0,1,1,0,0,0,1,13.34560149,52.43618837
4,4300412,2021,10,16,6,3,2,6,0,0,1,0,0,0,0,1,13.29538675,52.51931257
2,2300316,2021,10,20,6,3,5,2,2,1,1,0,0,0,0,0,13.43768295,52.50034193
4,4501043,2021,11,16,3,3,0,1,0,0,0,0,1,0,0,0,13.31240657,52.4915879
2,2300417,2021,11,18,5,3,8,1,2,0,1,0,0,0,0,1,13.4315377,52.49685089
5,5200629,2021,11,17,4,3,5,3,2,0,1,0,1,0,0,0,13.18477039,52.52697096
5,5100104,2021,10,18,1,3,2,7,0,1,0,0,1,0,0,0,13.20795482,52.5576881
1,1100308,2021,11,8,4,3,5,2,0,1,1,0,0,0,0,1,13.37375783,52.52418594
1,1100308,2021,10,16,5,3,3,6,0,0,1,0,0,0,1,0,13.38799844,52.52187829
1,1100103,2021,10,14,5,3,2,6,0,0,1,0,0,0,0,1,13.35122572,52.50466472
1,1100310,2021,10,12,6,3,2,6,0,1,0,0,0,0,0,0,13.411013,52.52787424
11,11200410,2021,11,9,2,3,2,6,0,0,1,0,0,0,1,1,13.51656345,52.55201126
5,5100316,2021,11,18,5,3,5,2,2,0,1,0,0,0,1,1,13.19704577,52.53832298
4,4500939,2021,11,10,2,3,5,3,0,1,1,0,0,0,0,0,13.30155862,52.49450269
9,9401330,2021,10,17,7,3,0,1,0,1,0,0,0,0,0,0,13.5883239,52.41858218
1,1200520,2021,10,11,5,3,6,4,0,0,1,1,0,0,0,0,13.34320618,52.53202683
5,5300840,2021,10,7,2,3,5,3,0,0,1,0,1,0,0,0,13.26492522,52.53666072
9,9100304,2021,11,10,2,2,6,4,0,0,0,1,1,0,0,0,13.4846966,52.46361854
11,11300616,2021,11,12,5,3,5,3,0,1,1,0,0,0,0,1,13.47143742,52.53549986
9,9501940,2021,11,21,7,3,5,2,2,0,1,0,0,0,0,0,13.58308838,52.45536006
10,10100311,2021,10,9,3,3,5,2,0,0,0,0,0,1,1,1,13.5366765,52.5396342
4,4300622,2021,10,17,5,3,1,3,0,0,1,0,0,0,0,1,13.32348504,52.51586753
6,6100207,2021,11,15,7,3,5,3,2,0,1,0,0,0,1,1,13.32239085,52.45064055
1,1200522,2021,10,8,6,3,1,5,0,1,0,0,0,1,0,0,13.33809646,52.51960817
2,2100102,2021,10,18,6,3,3,2,1,0,0,0,0,0,1,1,13.39445719,52.50112152
10,10400939,2021,10,16,6,3,5,3,0,0,1,0,0,0,1,1,13.61288436,52.50616805
4,4501040,2021,10,17,7,3,5,3,0,0,1,0,1,0,0,0,13.31316453,52.50141493
2,2300316,2021,11,7,3,3,5,3,0,1,1,0,0,0,0,1,13.44189408,52.50126515
11,11300620,2021,11,6,6,1,6,4,2,0,0,1,0,0,1,1,13.48512573,52.5335046
5,5100211,2021,11,16,4,3,5,2,1,0,1,0,0,0,0,0,13.17184121,52.54994827
3,3601451,2021,10,12,1,2,6,4,0,0,0,1,1,0,0,0,13.44160629,52.53227121
3,3601346,2021,10,16,5,3,0,1,0,1,0,0,0,0,0,0,13.41807035,52.54637038
9,9100407,2021,10,16,3,3,6,4,0,0,0,1,0,0,1,1,13.50243452,52.44374089
8,8100104,2021,11,19,6,3,2,6,1,0,1,0,0,0,1,0,13.43065027,52.46863511
3,3500933,2021,11,20,2,2,6,7,2,0,1,1,0,0,0,0,13.46538812,52.55755225
2,2400521,2021,10,9,3,3,2,7,0,0,1,0,0,0,1,0,13.43024187,52.52329511
2,2200213,2021,11,20,7,3,5,2,2,0,1,1,0,0,0,1,13.42209391,52.49298978
12,12500926,2021,11,12,1,2,5,3,0,1,1,0,0,0,0,1,13.33111867,52.59481643
1,1401048,2021,11,16,4,3,5,3,0,0,1,0,0,0,0,0,13.36217995,52.55200887
6,6300524,2021,11,16,6,3,5,2,0,1,1,0,0,0,0,0,13.22978282,52.43076047
8,8100314,2021,10,11,6,3,1,5,0,1,0,0,0,1,0,0,13.43965167,52.48153529
3,3300413,2021,10,11,7,2,5,3,0,0,1,0,1,0,0,0,13.47607997,52.60545825
4,4300416,2021,10,18,7,3,5,2,1,1,1,0,0,0,0,0,13.29522835,52.5068658
4,4501042,2021,11,18,3,3,2,6,2,0,1,0,0,0,0,0,13.33739043,52.50377876
10,10100311,2021,11,18,5,3,6,4,1,0,1,1,0,0,0,1,13.52700336,52.51620061
3,3601142,2021,10,12,7,3,5,3,0,0,1,0,0,0,0,0,13.41348286,52.54765484
7,7601546,2021,10,14,6,3,5,2,0,0,1,0,0,0,0,0,13.3891474,52.39847583
11,11300721,2021,10,15,3,3,2,6,0,0,1,0,0,1,0,0,13.51423234,52.53514613
11,11200410,2021,10,4,4,2,5,2,2,0,1,0,1,0,0,0,13.50296938,52.55442785
1,1100415,2021,10,8,3,3,0,1,0,1,0,0,0,0,0,1,13.38512094,52.53113123
2,2100105,2021,11,17,5,3,3,6,2,1,1,0,0,0,0,1,13.40909382,52.50154896
8,8100312,2021,11,18,3,3,5,3,2,1,1,0,0,0,0,1,13.43794409,52.48809399
5,5200527,2021,10,7,4,3,5,2,0,1,1,0,0,0,0,1,13.17711955,52.52542344
2,2500834,2021,10,18,4,3,1,5,0,0,1,0,0,0,0,0,13.46593307,52.50491261
8,8401242,2021,11,23,6,3,2,6,2,0,1,0,0,0,0,0,13.47785428,52.4100837
9,9200717,2021,11,16,7,3,3,7,1,0,1,0,0,0,0,0,13.55204881,52.43000047
7,7601340,2021,11,15,4,3,5,2,0,1,0,0,0,1,0,0,13.3615403,52.41241146
12,12100101,2021,11,21,1,3,5,3,2,0,1,0,0,0,0,0,13.36438302,52.56265206
8,8401243,2021,10,8,7,2,5,2,0,0,1,0,0,0,0,0,13.49529859,52.43165729
2,2500728,2021,10,17,4,3,5,3,1,0,1,0,0,0,0,0,13.46690205,52.52009893
4,4300517,2021,10,5,1,3,8,1,2,0,1,0,0,0,0,0,13.3003909,52.5225986
5,5200423,2021,10,20,1,3,2,6,2,0,1,0,0,0,0,0,13.14800759,52.53281781
5,5200423,2021,11,15,5,3,2,2,0,0,1,0,0,0,0,0,13.15805007,52.53316738
10,10100311,2021,11,15,6,3,5,2,0,0,1,0,0,0,0,0,13.5171384,52.53547129
2,2200210,2021,10,18,7,3,2,2,1,0,1,0,0,0,0,0,13.40209357,52.4925227
3,3400723,2021,10,18,5,3,6,2,2,0,1,1,0,0,0,1,13.40663536,52.56540543
3,3400829,2021,11,18,5,2,5,2,2,1,0,0,0,0,0,0,13.42698872,52.56433822
1,1401045,2021,11,5,3,3,2,6,2,0,1,0,0,0,0,1,13.38359147,52.55577974
4,4300622,2021,10,14,5,3,5,2,0,1,1,0,0,0,0,0,13.31729591,52.51216606
10,10400941,2021,10,14,5,3,5,3,0,1,1,0,0,0,0,1,13.60555366,52.48780172
3,3100101,2021,10,15,5,3,2,6,0,1,1,0,0,0,0,0,13.45951335,52.64604121
1,1200624,2021,11,7,2,3,2,6,0,0,1,0,0,0,0,1,13.36002814,52.5371801
7,7300517,2021,11,16,5,3,1,5,1,1,1,0,0,0,0,1,13.33529722,52.4737629
7,7601340,2021,11,12,3,3,5,7,0,0,1,0,0,1,0,0,13.36049041,52.41050147
11,11300722,2021,10,12,2,3,5,7,0,0,1,0,0,0,1,0,13.47790292,52.51463855
12,12500930,2021,10,8,5,3,5,2,0,0,1,0,1,0,0,0,13.34514037,52.58129556
11,11300620,2021,10,7,3,3,6,4,0,0,1,1,0,0,0,0,13.47949415,52.52687124
4,4200204,2021,11,16,3,3,2,7,1,0,1,0,0,0,0,0,13.22327074,52.51023274
10,10200423,2021,11,12,5,3,5,3,0,1,1,0,0,0,0,0,13.61992887,52.53953529
3,3400619,2021,11,16,1,3,5,3,1,0,1,0,0,0,0,1,13.36995187,52.58934391
1,1100101,2021,10,8,2,3,6,4,0,1,0,1,0,0,0,0,13.34759624,52.50699081
2,2400521,2021,10,19,2,3,5,3,1,0,1,0,0,0,1,0,13.44064035,52.51711811
1,2100101,2021,11,16,7,3,6,4,2,0,1,1,0,0,0,1,13.37774713,52.50786628
6,6400843,2021,10,18,5,3,6,2,1,0,1,1,0,0,0,0,13.29079102,52.44829785
4,4300619,2021,10,0,7,2,8,1,2,0,1,0,0,0,0,0,13.31360417,52.51534384
12,12500928,2021,10,20,6,3,0,3,2,0,1,0,1,0,0,1,13.32626982,52.60861904
1,1200629,2021,10,15,6,3,6,4,0,1,0,1,0,0,0,0,13.34670603,52.51942919
5,5100316,2021,11,15,2,3,5,2,0,0,1,0,0,0,0,1,13.19955568,52.53468017
4,4300416,2021,11,7,6,3,1,5,0,1,1,0,0,0,0,1,13.30094947,52.50509562
9,9200510,2021,11,17,4,3,6,4,2,0,0,1,0,0,1,0,13.51352629,52.46256485
4,4501042,2021,10,0,6,3,0,1,2,1,0,0,0,0,0,0,13.33886339,52.50268646
11,11300721,2021,10,10,3,3,5,3,0,0,1,0,0,0,0,0,13.49982712,52.53437321
8,8100312,2021,10,19,3,3,1,5,2,1,1,0,0,0,0,1,13.43834645,52.48267346
12,12500929,2021,11,12,3,3,5,3,0,0,1,0,1,0,0,1,13.33774443,52.6114735
4,4501044,2021,10,7,3,3,1,5,1,1,1,0,0,0,0,1,13.31852361,52.49192894
1,1300732,2021,10,13,4,3,4,1,0,0,1,0,1,0,0,0,13.39172821,52.55563195
1,1100313,2021,11,12,1,3,5,3,0,0,1,0,0,0,0,1,13.42199267,52.50510059
7,7601236,2021,11,6,2,2,5,5,2,0,1,0,1,0,0,1,13.35118196,52.41548354
3,3300514,2021,11,14,4,3,8,1,0,0,1,0,0,0,0,0,13.45218475,52.59976551
5,5200629,2021,11,15,7,3,6,4,0,0,1,1,0,0,0,0,13.19545722,52.53338794
1,1100206,2021,10,9,7,3,5,3,0,1,1,0,0,0,0,0,13.38827762,52.52027791
12,12500926,2021,10,10,7,2,5,2,0,0,1,0,0,0,0,0,13.33294433,52.59544761
3,3601142,2021,11,15,3,3,0,6,0,1,0,0,0,0,1,0,13.39940977,52.54643621
10,10100315,2021,11,13,5,3,5,3,0,0,1,0,0,0,0,0,13.5687763,52.54461708
4,4100101,2021,10,20,7,3,0,7,2,1,0,0,0,0,0,0,13.2735327,52.54174174
6,6400840,2021,10,9,4,3,1,5,0,0,1,0,0,0,0,0,13.25438428,52.45085501
1,1100207,2021,10,8,3,2,5,3,0,0,1,0,0,0,1,1,13.3989326,52.50822652
6,6200421,2021,11,16,4,3,5,2,2,1,1,0,0,0,0,1,13.312288,52.43034985
4,4100101,2021,11,20,3,2,5,2,2,0,1,0,0,0,0,1,13.32610691,52.53836698
4,4200311,2021,10,16,4,3,3,6,0,0,1,0,0,1,0,0,13.27612951,52.50734265
7,7400822,2021,10,14,3,3,2,6,0,0,1,0,0,0,0,0,13.36992491,52.46711642
2,2200213,2021,10,13,4,3,1,5,0,1,1,0,0,0,0,0,13.41747697,52.49056775
7,7400720,2021,11,10,2,3,6,2,0,0,1,1,0,0,0,0,13.38440213,52.48167226
6,6200311,2021,10,7,3,3,6,2,2,0,1,1,0,0,0,1,13.36199819,52.43465051
12,12200412,2021,11,4,7,2,1,5,2,1,1,0,0,0,0,0,13.25828718,52.56839333
4,4300622,2021,11,13,2,3,5,2,0,1,1,0,0,0,0,1,13.31729575,52.51216626
8,8200832,2021,11,6,3,3,2,6,2,0,1,0,0,0,0,1,13.43569401,52.42327547
8,8401243,2021,11,8,6,3,2,6,0,1,1,0,0,0,0,0,13.49507671,52.42101
8,8100102,2021,10,2,7,3,0,1,2,0,0,0,0,0,1,0,13.42077881,52.48028557
7,7601442,2021,10,11,7,3,5,3,0,0,1,0,0,0,1,0,13.39646306,52.39698537
11,11300721,2021,11,10,3,3,0,2,0,1,1,0,0,0,0,1,13.50536912,52.53455646
1,1100308,2021,11,18,5,3,5,7,2,0,1,0,0,0,1,1,13.38793835,52.52218069
1,1300733,2021,10,14,7,2,6,7,0,0,0,1,0,0,1,0,13.38203567,52.55292317
10,10200526,2021,10,15,6,3,6,2,0,0,1,1,0,0,0,0,13.60465709,52.53215762
7,7100103,2021,10,21,3,3,0,7,2,1,0,0,0,0,0,1,13.36149085,52.49780742
9,9200717,2021,10,6,3,2,6,4,2,0,1,1,0,0,0,1,13.55961057,52.43550581
2,2300314,2021,11,19,4,3,0,6,2,0,1,0,1,0,0,1,13.41761383,52.50174826
6,6100103,2021,11,20,3,3,0,7,2,0,0,0,0,0,1,1,13.32260945,52.46374572
7,7601238,2021,10,11,4,2,5,2,0,0,1,0,1,0,0,0,13.39155478,52.41942585
4,4100101,2021,10,9,6,3,2,6,0,0,1,0,0,0,1,1,13.2833939,52.53381083
3,3200207,2021,11,21,6,2,2,6,2,0,1,0,0,0,0,0,13.42419582,52.59403018
2,2100102,2021,11,10,7,3,5,2,0,0,1,0,0,0,0,0,13.39438846,52.50111736
12,12200309,2021,11,18,4,3,0,7,1,0,1,0,0,0,1,0,13.32243623,52.56538485
7,7200307,2021,11,16,2,3,6,2,0,0,1,1,0,0,0,0,13.34519262,52.49037761
3,3400826,2021,10,10,7,3,0,2,0,1,1,0,0,0,0,0,13.41092805,52.56117488
1,1200522,2021,10,17,4,2,6,4,0,0,0,1,0,0,1,0,13.33412148,52.52438474
6,6400838,2021,10,17,2,3,0,1,1,1,0,0,0,0,0,0,13.23224473,52.43752978
2,2500726,2021,11,9,2,3,5,2,0,0,1,0,0,0,1,0,13.44902719,52.52432225
3,3300514,2021,11,8,4,3,5,2,0,1,0,0,0,0,1,0,13.4598737,52.59353666
11,11300617,2021,11,10,6,3,5,3,0,0,1,0,0,0,0,1,13.46687958,52.52840521
2,2200210,2021,10,13,1,3,5,3,0,0,1,0,1,0,0,0,13.39957858,52.49387807
7,7100102,2021,10,23,4,3,0,1,2,0,0,0,0,0,1,0,13.3496985,52.49561053
2,2500726,2021,11,14,6,3,0,7,0,0,0,0,1,0,0,0,13.45094471,52.5269789
1,1100102,2021,11,9,4,3,5,2,0,1,1,0,0,0,0,1,13.35467776,52.5170378
2,2300314,2021,10,18,4,3,6,4,2,0,1,1,0,0,0,0,13.41534915,52.50313183
10,10100104,2021,10,8,7,3,5,3,0,0,1,0,0,0,0,1,13.57871987,52.56610806
11,11200514,2021,10,14,6,3,5,2,0,0,0,0,0,0,1,0,13.47343365,52.53600213