BEZ,LOR_ab_2021,UJAHR,UMONAT,USTUNDE,UWOCHENTAG,UKATEGORIE,UART,UTYP1,ULICHTVERH,IstRad,IstPKW,IstFuss,IstKrad,IstGkfz,IstSonstige,USTRZUSTAND,XGCSWGS84,YGCSWGS84
11,11401032,2021,11,6,3,3,5,3,1,0,1,0,1,0,0,1,13.5055096,52.51138924
1,1300834,2021,11,19,5,2,6,2,1,0,1,1,0,0,0,1,13.39103733,52.5445628
2,2100102,2021,11,9,4,3,5,2,0,1,1,0,0,0,0,1,13.39438668,52.50701462
2,2200210,2021,10,5,7,2,1,5,2,1,1,0,0,0,0,0,13.40243485,52.49230361
8,8401243,2021,10,16,5,3,6,7,0,0,1,1,0,0,0,0,13.48868743,52.42672121
6,6200313,2021,10,9,3,3,0,2,0,1,1,0,0,0,0,1,13.35020817,52.43420167
7,7400826,2021,10,22,2,3,5,7,2,0,0,0,1,0,1,0,13.36931014,52.45095059
11,11100309,2021,11,16,2,3,3,6,1,1,0,0,0,0,0,1,13.50525509,52.56303169
6,6400737,2021,11,15,6,3,9,1,0,0,1,0,0,0,0,1,13.1907742,52.45431283
3,3200205,2021,11,5,7,3,0,6,2,0,1,0,0,0,0,0,13.38770016,52.58953163
10,10400940,2021,10,13,3,3,1,5,0,0,1,0,0,0,0,1,13.59457879,52.48233674
1,1300834,2021,11,16,7,3,3,6,2,0,1,0,1,0,0,1,13.38761823,52.54878044
2,2200209,2021,11,17,2,3,6,2,2,0,1,1,0,0,0,1,13.37665252,52.48781982
10,10100311,2021,10,6,5,3,5,2,0,0,1,0,0,0,0,0,13.53262606,52.52177576
2,2400522,2021,10,7,6,3,1,5,2,1,1,0,0,0,0,0,13.44701828,52.52077451
1,1300733,2021,10,16,2,3,6,4,0,1,0,1,0,0,0,0,13.38320282,52.55423838
4,4501148,2021,10,14,6,3,1,5,0,0,1,0,1,0,0,0,13.31416252,52.48122118
1,1100207,2021,11,9,4,3,3,6,0,0,0,0,1,0,1,0,13.39376448,52.51072974
8,8100416,2021,11,17,5,3,1,5,2,0,1,0,0,0,0,1,13.44683538,52.47410979
4,4300416,2021,10,14,6,3,2,6,0,0,1,0,0,0,0,0,13.30221574,52.50685731
7,7400824,2021,10,8,3,2,5,2,0,1,1,0,0,0,0,0,13.38541881,52.46712304
4,4501153,2021,10,23,3,3,2,6,2,0,1,0,0,0,0,0,13.33534068,52.48806683
1,1100312,2021,10,10,2,3,1,5,0,1,0,0,0,0,1,1,13.41364978,52.50737212
9,9301126,2021,11,16,2,2,5,3,1,0,1,0,1,0,0,0,13.5727726,52.42779302
7,7601544,2021,10,18,4,2,0,7,1,0,1,0,0,0,0,0,13.40352625,52.38668045
1,1100309,2021,10,2,1,3,0,1,2,1,0,0,0,0,0,0,13.40445982,52.52332854
7,7100206,2021,11,18,7,3,2,6,2,0,1,0,1,0,0,0,13.37168522,52.49250577
11,11200411,2021,11,11,3,3,5,3,0,0,1,0,0,0,0,1,13.50787178,52.54445385
6,6100102,2021,11,21,2,3,5,7,2,0,1,0,1,0,0,0,13.32391896,52.45611229
11,11300721,2021,10,0,1,1,5,2,2,0,1,0,0,0,1,0,13.4996975,52.53449667
8,8401244,2021,10,20,7,3,2,6,2,0,1,0,0,0,0,0,13.48325329,52.40610958
1,1401046,2021,11,11,4,3,5,2,0,0,1,0,0,1,0,0,13.34500605,52.5391522
8,8100417,2021,11,12,7,3,2,6,0,0,1,0,1,0,0,0,13.44241222,52.46979173
3,3601450,2021,10,4,2,3,0,1,2,0,0,0,1,0,0,1,13.46300615,52.53234742
1,1100206,2021,10,10,4,3,1,7,0,0,1,0,1,0,0,0,13.39009166,52.51303986
1,1401049,2021,11,8,4,3,5,2,0,1,1,0,0,0,0,1,13.36683149,52.55720856
7,7601341,2021,11,16,3,3,5,3,2,1,1,0,0,0,0,1,13.38271249,52.40435201
7,7200307,2021,10,10,5,3,2,7,0,0,0,0,1,0,1,0,13.33974795,52.48820568
11,11300620,2021,10,15,5,3,2,6,1,0,1,0,1,0,0,1,13.47654925,52.53277345
7,7400823,2021,11,14,6,3,5,3,0,0,1,0,0,0,1,0,13.37788635,52.46585479
10,10400938,2021,11,7,2,3,5,3,0,1,1,0,0,0,0,1,13.64688936,52.52148421
11,11200513,2021,11,8,4,3,6,4,0,1,0,1,0,0,0,0,13.4930884,52.54441911
7,7601442,2021,11,13,2,3,5,3,0,0,1,0,0,0,1,0,13.4013617,52.41464814
8,8200831,2021,10,10,7,3,2,6,0,0,1,0,0,0,0,0,13.40599355,52.41561493
7,7300517,2021,10,9,4,3,5,3,0,0,0,0,0,0,1,0,13.33258177,52.46905031
5,5300737,2021,10,3,1,2,8,1,2,0,1,0,0,0,0,0,13.24772988,52.53847769
9,9300920,2021,11,7,2,2,6,4,0,0,0,1,0,0,1,0,13.53641478,52.41243222
2,2400521,2021,11,14,5,3,3,6,0,0,1,0,1,0,0,0,13.43172685,52.52332947
8,8100415,2021,11,16,7,3,5,2,2,1,1,0,0,0,0,0,13.43985456,52.47939464
3,3601141,2021,10,11,2,3,2,2,0,1,1,0,0,0,0,1,13.41431752,52.55389755
7,7100101,2021,10,15,5,3,1,5,0,1,1,0,0,0,0,0,13.3450327,52.49577354
2,2200208,2021,11,17,6,3,6,7,1,1,0,1,0,0,0,0,13.383425,52.49337219
4,4500939,2021,11,16,4,3,2,7,2,0,1,0,0,0,0,1,13.30771035,52.48840553
4,4200310,2021,10,10,5,3,1,5,0,1,1,0,0,0,0,0,13.2743807,52.51066249
1,1100415,2021,10,20,4,3,6,7,2,0,1,1,0,0,0,0,13.39893891,52.53253371
1,1400942,2021,10,10,7,3,2,6,0,0,1,0,0,0,1,1,13.34645787,52.54734719
11,11300722,2021,10,7,6,3,3,6,0,0,1,0,0,1,0,0,13.48004208,52.51787728
7,7100102,2021,11,11,3,3,0,3,0,1,1,0,0,0,0,0,13.35190339,52.49481148
12,12100101,2021,11,17,5,3,6,4,2,0,0,1,0,0,1,1,13.37759089,52.56465779
9,9100407,2021,11,19,3,2,0,1,2,0,1,0,0,0,0,0,13.48852332,52.45906091
12,12100102,2021,10,23,1,2,1,5,2,1,1,0,0,0,0,0,13.37711955,52.57219016
7,7100102,2021,10,8,5,3,6,2,0,0,1,1,0,0,0,0,13.35369669,52.49992095
1,1100207,2021,10,14,3,3,5,3,0,1,1,0,0,0,0,0,13.39019445,52.50863689
2,2400625,2021,10,9,6,2,2,7,0,0,1,0,0,0,1,0,13.43508703,52.5087295
2,2100102,2021,10,8,2,3,5,2,0,1,1,0,0,0,0,0,13.39838032,52.50705543
8,8100206,2021,11,15,6,3,5,2,0,1,1,0,0,0,0,0,13.42495357,52.48062893
5,5300737,2021,11,20,2,3,2,6,2,0,1,0,0,0,0,1,13.23825089,52.54519236
1,1100308,2021,11,12,5,3,1,5,0,1,1,0,0,0,0,1,13.38740747,52.52542008
1,1100102,2021,11,22,3,2,3,2,2,0,1,0,1,0,0,0,13.34945463,52.51508855
7,7601341,2021,10,11,7,3,6,4,0,1,0,1,0,0,0,0,13.37944503,52.40657925
7,7501031,2021,10,12,5,3,2,6,0,0,1,0,0,0,0,0,13.40083522,52.44548868
11,11300620,2021,10,10,2,3,6,2,0,0,1,1,0,0,0,0,13.48548825,52.52328251
8,8100104,2021,10,11,1,3,2,6,0,1,1,0,0,0,0,0,13.42105586,52.46720957
1,1100309,2021,11,17,4,3,5,2,2,0,1,0,0,0,1,0,13.38835101,52.52615028
7,7300618,2021,11,0,7,3,1,5,2,1,1,0,0,0,0,0,13.34333848,52.47309715
1,1100205,2021,10,8,2,3,1,5,0,1,0,0,0,0,1,1,13.37775623,52.50788184
3,3601453,2021,10,11,5,3,5,2,0,0,1,0,0,0,1,1,13.46055332,52.52345542
3,3100103,2021,10,4,4,3,0,1,2,0,0,0,1,0,0,1,13.49787248,52.62836044
2,2100106,2021,11,18,5,3,2,6,2,0,1,0,0,0,0,0,13.41820738,52.49878642
10,10300734,2021,11,1,3,3,9,1,2,0,1,0,0,0,0,0,13.56061271,52.48936094
10,10100311,2021,10,13,5,3,5,2,0,1,1,0,0,0,0,0,13.52479973,52.53627875
3,3501038,2021,10,14,6,3,5,2,0,0,0,0,0,1,1,1,13.4791978,52.55331308
12,12500926,2021,10,8,6,3,0,4,0,0,0,1,1,0,0,0,13.335774,52.59568913
1,1100102,2021,11,6,3,3,2,6,1,0,1,0,0,0,0,0,13.35111563,52.51516149
2,2300419,2021,11,18,5,3,1,5,2,1,1,0,0,0,0,1,13.44567964,52.4991143
3,3601141,2021,11,18,3,3,2,6,2,0,1,0,0,0,0,0,13.40826573,52.55396802
11,11400929,2021,10,17,1,2,5,2,0,1,0,0,1,0,0,0,13.48820744,52.50216514
3,3601142,2021,10,8,5,3,5,3,0,1,1,0,0,0,0,0,13.41326952,52.54870044
2,2400521,2021,10,18,2,3,1,5,2,1,1,0,0,0,0,0,13.43832435,52.5187765
4,4501042,2021,10,19,2,3,5,2,1,0,1,0,1,0,0,0,13.33158955,52.50527022
5,5200528,2021,11,18,2,3,5,2,2,1,1,0,0,0,0,1,13.18496766,52.51553923
3,3601450,2021,11,9,5,3,6,2,0,0,1,1,0,0,0,0,13.45589963,52.53073331
1,1100415,2021,11,21,1,2,0,1,2,1,0,0,0,0,0,1,13.39869632,52.53257287
6,6100209,2021,10,19,3,3,0,7,2,0,1,0,1,0,0,1,13.33365222,52.4653569
8,8100520,2021,10,18,2,3,6,2,2,0,1,1,0,0,0,0,13.46458015,52.4703169
1,1300733,2021,11,18,7,3,6,4,2,0,0,1,1,0,0,1,13.38345521,52.55491653
4,4300621,2021,11,14,2,3,6,7,0,0,1,1,0,0,0,0,13.30652985,52.51666392
7,4501153,2021,11,15,2,3,0,1,1,1,0,0,0,0,0,1,13.32840339,52.4775249
10,10200630,2021,10,7,6,3,5,2,0,1,1,0,0,0,0,0,13.59322011,52.52179381
1,1100312,2021,10,12,6,3,5,3,0,0,1,0,1,0,0,0,13.41710177,52.51244199
5,5200528,2021,10,23,6,2,0,6,2,0,1,0,0,0,0,0,13.18007276,52.50493066
5,5100104,2021,11,7,4,2,5,2,0,0,1,0,1,0,0,0,13.21758886,52.5604061
1,1100308,2021,11,8,5,3,2,6,0,1,1,0,0,0,0,0,13.37968987,52.5296076
3,3400721,2021,10,1,7,2,0,1,2,0,0,0,0,0,1,0,13.39601109,52.56596548
5,5100313,2021,10,1,2,2,1,7,2,0,1,0,0,0,1,1,13.20779457,52.55375015
2,2100102,2021,10,18,3,3,0,1,2,0,0,0,1,0,0,1,13.39221915,52.49797391
7,7501029,2021,10,14,2,3,2,6,0,0,0,0,1,0,1,0,13.3761038,52.43726075
8,8200624,2021,11,20,3,2,5,3,2,0,1,0,0,0,0,1,13.43314131,52.45243393
1,1400939,2021,10,21,4,3,5,3,2,0,1,0,0,0,1,0,13.34112905,52.55688905
7,7501030,2021,10,18,4,3,2,6,2,0,1,0,0,0,0,0,13.38395299,52.45014787
7,7501031,2021,11,16,1,3,2,2,2,0,1,0,0,0,0,1,13.39124533,52.44666893
4,4400728,2021,11,16,4,3,5,2,1,1,1,0,0,0,0,0,13.26618832,52.4827535
12,12601235,2021,11,16,7,3,5,2,2,0,1,0,0,0,0,0,13.36051697,52.59691423
7,7400826,2021,10,13,1,3,5,3,0,0,1,0,1,0,0,0,13.35955021,52.45474819
2,2200210,2021,10,20,7,3,5,3,2,0,1,0,0,0,0,0,13.40384177,52.49529257
1,1401048,2021,11,18,5,3,4,6,1,1,0,0,0,0,1,1,13.3573383,52.553032
7,7300619,2021,11,15,6,3,5,3,0,0,1,0,0,0,0,0,13.34778921,52.46502436
11,11400929,2021,10,7,2,3,6,4,0,1,0,1,0,0,0,1,13.49464139,52.50387002
6,6300528,2021,10,14,4,3,2,6,0,0,1,0,0,0,0,0,13.26606639,52.41533645
7,7300517,2021,11,14,5,3,0,7,0,0,1,0,0,0,0,0,13.33235862,52.46909488
4,4501044,2021,11,8,4,3,5,2,0,1,1,0,0,0,0,1,13.3195814,52.49210723
6,6300525,2021,10,16,5,3,5,3,0,0,1,0,0,0,0,0,13.26768412,52.40713221
2,2400521,2021,10,17,5,3,5,2,0,1,1,0,0,0,0,1,13.44061142,52.51702327
2,2500836,2021,10,15,6,2,0,7,0,1,0,0,0,0,0,0,13.46675101,52.49736666
10,10400835,2021,11,11,1,3,8,1,0,0,1,0,0,0,0,1,13.60086681,52.52795746
1,1100310,2021,11,16,5,3,3,6,2,0,0,0,1,0,1,1,13.41635424,52.5217107
12,12601235,2021,11,18,3,3,2,2,1,0,1,0,0,0,0,0,13.36303273,52.59704798
5,5100317,2021,10,17,7,3,5,2,0,1,1,0,0,0,0,0,13.24756105,52.52452466
2,2400520,2021,10,11,5,3,5,3,0,1,1,0,0,0,0,0,13.42560919,52.5275187
2,2200208,2021,10,6,2,3,5,2,1,1,0,0,0,0,1,0,13.38975201,52.49590982
7,9100306,2021,11,10,2,3,2,6,0,0,1,0,0,0,0,0,13.45825024,52.45869581
9,9100407,2021,11,12,5,3,6,3,0,0,1,1,0,0,0,0,13.50657515,52.44762434
1,1100103,2021,11,23,7,3,5,7,2,0,1,0,1,0,0,0,13.36072569,52.50031905
6,6300634,2021,10,16,2,2,6,4,0,0,1,1,0,0,0,0,13.29816673,52.44163155
11,11401135,2021,10,15,3,3,5,3,0,1,1,0,0,0,0,1,13.50177149,52.49820518
1,1100310,2021,10,13,5,3,3,6,0,0,0,0,1,0,1,1,13.41579419,52.52133172
8,8100311,2021,11,14,6,2,0,6,0,0,1,0,0,0,1,0,13.42706299,52.487305
5,5300737,2021,10,19,5,2,0,3,0,0,1,0,1,0,0,0,13.23203373,52.5392745
10,10200629,2021,10,15,6,3,5,3,0,1,1,0,0,0,0,1,13.57656296,52.51314652
4,4100101,2021,10,17,7,3,5,2,0,0,1,0,0,0,0,0,13.32610937,52.53835585
1,1100102,2021,10,14,6,3,5,3,0,1,1,0,0,0,0,0,13.37394759,52.52092284
10,10100205,2021,11,14,3,3,0,7,0,0,0,0,1,1,0,1,13.53747341,52.54032763
1,1401045,2021,11,7,6,3,2,6,0,0,1,0,0,0,1,1,13.38228275,52.55588528
12,12500928,2021,11,7,5,3,6,4,0,0,1,1,0,0,0,1,13.31367264,52.60816562
6,6300632,2021,10,10,1,3,5,3,0,1,1,0,0,0,0,0,13.28926249,52.41863603
1,1100103,2021,10,10,5,3,2,6,0,0,1,0,1,0,0,0,13.35109407,52.50416273
1,1200628,2021,10,0,2,3,5,3,2,0,1,0,0,0,1,0,13.36616409,52.52452927
7,7200409,2021,10,9,3,3,1,5,0,0,1,0,0,0,1,1,13.3581144,52.49039005
8,8200832,2021,11,17,2,3,5,2,2,0,1,0,0,0,0,1,13.41683949,52.41829458
8,8100102,2021,11,12,7,3,3,6,0,0,1,0,1,0,0,0,13.41891028,52.48003899
11,11401136,2021,11,21,2,3,1,5,2,0,1,0,0,0,1,0,13.50762821,52.4983326
3,3601243,2021,10,14,3,3,5,3,0,0,1,0,0,0,0,1,13.41856358,52.55124703
6,6100101,2021,11,16,7,3,5,3,2,0,1,0,0,0,0,1,13.31868479,52.45445892
12,12100101,2021,11,0,2,3,3,6,2,0,1,0,0,0,1,1,13.36462923,52.56271096
11,11300721,2021,11,7,3,2,6,4,0,0,1,1,0,0,0,1,13.49688696,52.53412905
2,2500833,2021,11,2,7,3,5,3,2,0,1,0,1,0,0,0,13.45882798,52.51149961
4,4300414,2021,10,16,6,3,3,6,0,1,1,0,0,0,1,0,13.29145177,52.51149333
5,5100104,2021,10,15,1,2,0,7,0,1,0,0,0,0,0,0,13.21428777,52.55885494
2,2500833,2021,10,2,1,3,0,1,2,0,0,0,0,0,1,0,13.45446299,52.51024734
11,11100205,2021,11,17,3,3,5,3,2,1,1,0,0,0,0,0,13.51305281,52.56798157
1,1300732,2021,11,16,5,3,2,4,2,0,1,1,1,0,0,1,13.39341324,52.55664552
1,1400940,2021,10,12,7,3,0,7,0,0,0,0,1,0,0,0,13.35688797,52.56032856
3,3400831,2021,10,11,6,3,2,6,0,1,1,0,0,0,0,0,13.41381244,52.56669519
9,9501939,2021,10,6,3,2,6,2,2,0,1,1,0,0,0,0,13.57820641,52.45712584
9,9200613,2021,10,11,4,2,5,3,0,0,1,0,0,0,0,0,13.5036627,52.46074847
1,1200520,2021,10,16,2,3,5,2,0,1,0,0,0,0,1,0,13.34334331,52.52718291
3,3300516,2021,11,12,3,3,5,3,0,0,1,0,0,0,0,1,13.44128282,52.56855908
4,4501045,2021,10,8,4,3,1,5,0,1,1,0,0,0,0,1,13.32571375,52.49809143
7,7300517,2021,10,9,4,2,5,3,0,1,1,0,0,0,0,0,13.33272845,52.47533819
2,2300418,2021,11,17,6,3,0,6,1,1,1,0,0,0,0,0,13.43441683,52.49633223
6,6200317,2021,11,10,1,2,0,3,0,1,1,0,0,0,0,1,13.35385171,52.41985739
1,1200517,2021,11,8,4,3,2,2,0,1,1,0,0,0,0,0,13.32748998,52.52441566
1,1400940,2021,11,17,7,2,6,4,1,0,1,1,0,0,0,0,13.35510266,52.55917824
9,9100101,2021,11,15,3,3,3,6,0,1,1,0,0,0,0,0,13.45369849,52.48874599
1,1401045,2021,11,3,7,3,2,6,2,0,1,0,0,0,0,0,13.3762123,52.55474556
8,8100419,2021,11,20,1,2,5,3,2,0,1,0,1,0,0,1,13.45217592,52.48131252
1,1300835,2021,10,15,3,3,5,2,0,1,1,0,0,0,0,0,13.38760043,52.53338954
1,1100313,2021,10,20,2,3,5,2,2,1,1,0,0,0,0,0,13.42225691,52.50547597
7,7100205,2021,11,18,7,3,5,2,2,1,1,0,0,0,0,1,13.36705253,52.49328964
4,4501042,2021,11,9,2,3,3,6,0,1,1,0,0,0,0,1,13.32532538,52.50304506
7,7400823,2021,11,19,3,3,5,2,2,1,1,0,0,0,0,0,13.37780061,52.46863264
12,12500930,2021,11,10,6,3,2,6,0,0,1,0,0,0,0,1,13.33146636,52.58728918
4,4501043,2021,10,14,6,3,3,6,0,1,1,0,0,0,0,0,13.31249857,52.49925468
11,11300721,2021,10,15,6,3,2,6,0,0,1,0,0,0,0,1,13.49005777,52.533799
3,3601141,2021,10,19,6,3,2,7,2,0,1,0,0,0,0,0,13.40902815,52.55419194
3,3500936,2021,11,15,4,3,6,4,0,0,1,1,0,0,0,0,13.46567392,52.55208759
1,1100310,2021,11,11,5,3,2,6,0,0,1,0,0,0,0,0,13.41231101,52.52435497
11,11401136,2021,10,16,6,3,5,3,0,1,1,0,0,0,0,0,13.50386022,52.49791396
12,12100103,2021,10,16,6,3,5,3,0,1,1,0,0,0,0,0,13.36248124,52.56886359
8,8401243,2021,10,19,3,3,2,2,2,0,1,0,0,0,0,0,13.49527723,52.43157719
9,9200715,2021,10,18,3,3,2,6,2,0,1,0,1,0,0,1,13.54297296,52.43419615
5,5200423,2021,11,7,3,3,6,4,0,0,1,1,0,0,0,1,13.15930889,52.52965743
2,2200208,2021,10,22,4,3,2,6,2,1,1,0,0,0,0,0,13.38353201,52.49368968
2,2500833,2021,10,23,4,3,5,3,2,0,1,0,0,0,1,0,13.45161397,52.51076869
6,6100205,2021,11,11,7,3,6,4,0,0,1,1,0,0,0,0,13.3416704,52.45060305
1,1300733,2021,11,9,1,3,0,6,0,0,1,0,1,0,0,1,13.38686285,52.54939264
1,1401046,2021,11,7,4,3,5,7,0,0,1,0,1,0,0,0,13.34517661,52.53912887
9,9100407,2021,11,23,7,3,9,1,2,0,1,0,0,0,0,0,13.50997151,52.45355111
12,12500929,2021,10,18,7,3,1,5,2,0,1,0,0,0,1,0,13.35183335,52.6169592
2,2100104,2021,10,0,7,3,2,6,2,0,1,0,0,0,0,0,13.41000461,52.50386147
4,4300517,2021,11,18,5,3,3,6,1,0,0,0,1,0,1,0,13.29695124,52.52939781
11,11300721,2021,11,20,5,2,2,6,2,0,1,0,1,0,1,1,13.49125234,52.53387028
8,8100207,2021,10,18,7,3,0,3,1,0,0,0,1,0,1,0,13.43093312,52.47813254
5,5100316,2021,10,13,4,3,0,6,0,0,0,0,0,0,1,0,13.2001,52.53629177
1,1100310,2021,11,22,5,3,1,5,2,0,1,0,0,0,1,0,13.40675415,52.5182206
10,10400835,2021,11,15,3,3,5,3,0,0,1,0,0,0,0,1,13.59899769,52.52825085
6,6200421,2021,10,17,5,3,2,6,0,0,1,0,0,0,0,0,13.31558935,52.43066859
5,5200629,2021,10,15,5,3,5,3,0,1,1,0,0,0,0,1,13.19449165,52.53364893
11,11100101,2021,10,7,6,3,5,3,0,0,1,0,0,0,0,0,13.51805179,52.5748835
7,7501133,2021,11,6,2,3,5,2,2,0,1,0,0,0,1,1,13.38985787,52.4343256
12,12400720,2021,11,16,5,2,5,3,2,1,1,0,0,0,0,1,13.28046123,52.63004866
7,7400721,2021,11,12,3,3,3,6,0,0,1,0,1,0,0,0,13.39336576,52.48418075
9,9100306,2021,10,7,6,3,6,7,1,0,0,1,0,0,1,0,13.47834448,52.44631203
10,10100311,2021,10,11,5,3,2,1,0,0,1,0,0,0,0,0,13.51913411,52.52898123
8,8100314,2021,10,18,2,3,5,2,2,0,0,0,1,0,0,0,13.42434531,52.48629139
5,5100315,2021,10,15,1,3,2,6,0,0,1,0,0,0,1,0,13.19400969,52.54682145
1,1300733,2021,11,1,5,3,5,2,2,0,1,0,0,0,0,0,13.38435404,52.55590292
1,1100416,2021,11,13,1,3,5,3,0,0,1,0,0,0,0,1,13.40818547,52.53435278
4,4501042,2021,10,17,2,2,5,2,0,1,1,0,0,0,0,0,13.33219632,52.50617777
6,6200311,2021,10,17,3,3,2,6,0,0,1,0,0,0,0,1,13.36395349,52.43491792
1,1100102,2021,11,18,5,3,2,6,2,0,1,0,1,0,0,0,13.35130351,52.51019733
4,4100101,2021,10,8,5,3,5,2,0,1,1,0,0,0,0,0,13.32628004,52.5379432
10,10100312,2021,10,16,6,2,5,3,0,0,1,0,0,0,0,1,13.53864424,52.5246385
1,1100101,2021,10,10,7,3,5,3,0,0,1,0,0,0,1,0,13.35220021,52.50632342
1,1100308,2021,10,15,6,3,0,2,0,1,1,0,0,0,0,0,13.37940488,52.52943118
6,6400737,2021,11,19,2,3,5,2,2,0,0,0,0,1,1,1,13.18901364,52.41920553
10,10400837,2021,11,16,5,3,2,2,1,1,1,0,0,0,0,1,13.57199561,52.49569537
9,9301025,2021,11,10,4,3,6,7,0,0,1,1,0,0,0,0,13.57737269,52.40702284
4,4501043,2021,10,2,1,3,1,5,2,0,1,0,0,0,1,0,13.30940404,52.49907915
1,1200520,2021,10,8,2,2,0,1,0,1,0,0,0,0,0,1,13.34318804,52.53167245
7,7400927,2021,10,3,4,3,5,3,2,1,1,0,0,0,0,0,13.39460309,52.46559125
10,10200421,2021,11,11,6,3,5,2,0,0,1,0,0,0,0,1,13.60434311,52.53866616
5,5100101,2021,11,12,2,3,6,7,0,0,0,1,0,0,1,1,13.21072273,52.56758388
11,11100203,2021,10,23,3,2,9,7,2,0,1,0,0,0,0,1,13.54126303,52.56607121
4,4200311,2021,11,19,7,2,6,4,2,0,1,1,0,0,0,1,13.2718238,52.49846156
1,1300733,2021,11,19,1,3,5,2,1,1,1,0,0,0,0,1,13.38428419,52.55607501
11,11501341,2021,11,15,4,2,0,1,0,1,0,0,0,0,0,0,13.51256724,52.48370645
7,7100103,2021,11,14,6,3,6,7,0,1,0,1,0,0,0,0,13.35601886,52.49458443
8,8301036,2021,10,16,6,3,0,5,0,0,1,0,0,0,1,0,13.46552583,52.42610478
4,4300623,2021,10,14,7,2,0,1,0,1,0,0,0,0,0,0,13.31275145,52.50628417
9,9300922,2021,10,21,7,3,5,3,2,0,1,0,0,0,0,0,13.53126996,52.40508178
2,2200208,2021,11,20,3,3,5,3,2,1,0,0,0,0,1,0,13.3878123,52.49277285
9,9200511,2021,11,19,5,3,6,2,2,0,1,1,0,0,0,1,13.51429061,52.46238818
8,8100104,2021,10,13,7,3,2,6,0,1,1,0,0,0,0,0,13.42966273,52.47046646
4,4300415,2021,10,15,6,2,4,2,0,1,1,0,0,0,0,0,13.28539912,52.50736909
6,6200313,2021,10,14,4,3,2,6,0,0,1,0,0,0,0,0,13.34612564,52.43607237
9,9401329,2021,10,12,3,2,3,6,0,1,0,0,0,0,1,0,13.61516734,52.42984967
5,5100313,2021,11,17,4,3,2,6,2,0,1,0,0,1,0,0,13.20896272,52.5464457
5,5100104,2021,11,15,3,3,5,2,1,0,1,0,1,0,0,1,13.20778607,52.55648614
10,10400939,2021,10,12,4,3,5,3,0,0,1,0,0,0,0,0,13.60248054,52.51022899
9,9501736,2021,10,18,4,2,5,3,1,1,1,0,0,0,0,0,13.5998891,52.45223713
8,8100311,2021,11,20,6,3,1,5,2,1,1,0,0,0,0,1,13.42746001,52.48831908
1,1100206,2021,11,3,7,2,0,7,2,0,1,0,0,0,0,0,13.38570865,52.51667112
3,3300514,2021,11,15,4,3,1,5,0,1,0,0,0,0,1,1,13.4535673,52.59199158
12,12200308,2021,11,17,1,3,5,3,2,0,1,0,0,0,0,0,13.31800399,52.57074527
9,9100408,2021,10,9,7,2,0,3,0,1,0,0,0,0,1,0,13.51281196,52.44764903
8,8401241,2021,10,12,5,3,2,6,0,0,1,0,0,0,0,0,13.47376289,52.43814827
5,5100312,2021,10,15,2,3,5,2,0,0,1,0,0,0,1,0,13.19871059,52.5540503
4,4200206,2021,10,15,1,3,0,6,0,1,1,0,0,0,0,0,13.21182052,52.50509928
10,10100315,2021,11,9,5,3,5,3,0,1,1,0,0,0,0,0,13.57139954,52.54450181
2,2100104,2021,11,13,6,3,2,6,0,0,1,0,0,0,0,1,13.40728956,52.50599152
7,7501029,2021,10,15,1,2,5,2,0,0,1,0,1,0,0,0,13.37931331,52.4464997
8,8100102,2021,10,17,5,3,0,4,0,1,0,1,0,0,0,1,13.42552566,52.4793492
4,4200308,2021,11,15,5,2,5,7,0,0,1,0,0,0,0,0,13.27967749,52.52202464
6,6400842,2021,11,8,4,3,5,3,0,0,1,0,0,0,1,0,13.2627194,52.45140179
11,11300721,2021,10,9,5,3,2,6,0,0,1,0,0,0,0,0,13.48532184,52.53366415
12,12500926,2021,10,14,5,3,5,3,0,0,1,0,1,0,0,1,13.33308317,52.59548061
1,1200517,2021,10,10,6,3,5,3,0,1,1,0,0,0,0,0,13.32825216,52.53292594
11,11501341,2021,11,3,2,2,0,1,2,0,0,0,1,0,0,1,13.52511307,52.48065852
6,6400737,2021,11,14,5,3,5,3,0,0,1,0,0,0,0,1,13.22193481,52.43081364
1,1100207,2021,11,9,3,3,0,6,0,1,1,0,0,0,0,0,13.40503839,52.50935039
10,10400837,2021,10,12,1,3,5,3,0,1,1,0,0,0,0,0,13.57635319,52.49234074
9,9100306,2021,10,7,5,2,5,3,0,0,1,0,0,0,0,0,13.46145778,52.45435959
4,4200309,2021,10,15,3,3,5,2,0,0,1,0,1,0,0,0,13.25979222,52.51484808
8,8200832,2021,11,15,3,2,5,2,0,0,1,0,0,0,0,0,13.41685143,52.41832111
5,5200631,2021,11,13,5,3,6,7,0,0,0,1,0,0,1,1,13.20046364,52.52332331