BEZ,LOR_ab_2021,UJAHR,UMONAT,USTUNDE,UWOCHENTAG,UKATEGORIE,UART,UTYP1,ULICHTVERH,IstRad,IstPKW,IstFuss,IstKrad,IstGkfz,IstSonstige,USTRZUSTAND,XGCSWGS84,YGCSWGS84
1,1100313,2021,11,16,1,3,5,3,1,1,1,0,0,0,0,1,13.41955557,52.50606651
1,1100206,2021,10,22,2,3,0,4,2,0,0,1,0,0,1,0,13.38834675,52.51977285
7,7100205,2021,10,10,5,3,5,3,0,1,1,0,0,0,0,0,13.3654905,52.49738973
10,10200524,2021,10,11,2,1,6,7,0,0,0,1,0,0,1,0,13.6071628,52.53364474
4,4500937,2021,11,8,2,2,5,2,0,0,1,0,0,0,0,0,13.2868209,52.49582737
1,1300836,2021,11,17,4,3,1,5,1,1,1,0,0,0,0,0,13.37302284,52.53821953
12,12200412,2021,11,8,6,3,0,1,0,0,0,0,1,0,0,1,13.26967846,52.57587984
12,12400723,2021,10,17,2,3,5,3,0,1,1,0,0,0,0,1,13.30587649,52.62051649
11,11501340,2021,10,7,4,3,5,2,0,1,1,0,0,0,0,0,13.52705605,52.48656998
12,12500824,2021,11,13,4,3,6,4,0,0,0,1,1,0,0,1,13.30260012,52.5915956
1,1100312,2021,11,17,3,3,5,2,2,1,1,0,0,0,0,1,13.40996824,52.51070032
1,1200627,2021,10,21,4,2,0,1,2,0,0,0,0,0,1,0,13.35885116,52.52610694
5,5100208,2021,10,5,5,3,2,6,2,0,1,0,0,0,0,1,13.14798209,52.55450941
1,1200628,2021,10,15,6,3,0,2,0,0,1,0,0,0,1,0,13.36785047,52.52586337
4,4200308,2021,11,8,2,3,0,1,0,0,0,0,1,0,0,1,13.27889808,52.52603842
12,12601236,2021,11,18,5,3,6,2,2,0,1,1,0,0,0,1,13.34761279,52.59610669
11,11300722,2021,11,17,2,3,1,5,2,1,1,0,0,0,0,0,13.48129786,52.52073347
10,10100205,2021,10,9,6,3,0,2,0,1,1,0,0,0,0,0,13.53829067,52.55432327
9,9300920,2021,10,9,5,3,5,3,0,1,0,0,0,1,0,0,13.5220062,52.40231126
3,3200308,2021,10,22,2,3,5,3,2,1,1,0,0,0,0,0,13.41729228,52.60537847
5,5300736,2021,11,14,2,3,5,2,0,1,1,0,0,0,0,1,13.21921239,52.53716831
2,2500833,2021,11,22,6,3,5,3,2,0,1,0,0,0,0,0,13.46332154,52.50829662
4,4300624,2021,11,23,7,3,0,5,2,0,1,0,0,0,1,0,13.31510593,52.50615248
7,7400720,2021,10,4,3,3,1,7,2,0,1,0,0,0,0,0,13.36942653,52.48119524
10,10200421,2021,10,8,4,3,3,6,0,0,1,0,0,1,0,0,13.60463427,52.53843646
11,11300722,2021,10,15,1,3,5,2,0,0,1,0,0,0,0,0,13.48550249,52.52318653
7,7601339,2021,11,11,6,3,1,5,0,0,1,0,0,0,0,0,13.34741156,52.4148362
5,5100314,2021,10,15,5,3,6,4,0,0,1,1,0,0,0,0,13.20617561,52.54229641
8,8200833,2021,10,15,6,2,5,3,0,1,1,0,0,0,0,1,13.44939541,52.41777603
8,8200726,2021,10,14,6,3,5,3,0,0,1,0,0,0,0,1,13.43366003,52.44537687
9,9200510,2021,10,15,6,3,0,1,0,1,0,0,0,0,0,0,13.50203374,52.48217748
4,4500938,2021,11,16,2,3,0,4,0,1,0,1,0,0,0,0,13.29981862,52.4962007
9,9100407,2021,11,9,5,2,0,7,0,0,0,0,0,0,1,0,13.50987393,52.45348566
2,2100104,2021,11,10,5,3,5,2,0,1,1,0,0,0,0,1,13.41045956,52.50380558
12,12200309,2021,10,14,1,2,5,3,0,1,1,0,0,0,0,0,13.32688346,52.56252305
9,9100306,2021,10,18,3,3,2,2,2,0,1,0,0,0,0,0,13.48118834,52.44501071
1,1100102,2021,10,11,4,3,5,5,0,1,1,0,0,0,0,0,13.36761603,52.51053921
7,7601238,2021,11,14,2,3,6,2,0,0,1,1,0,0,0,0,13.37462248,52.42630215
5,5300840,2021,10,8,3,3,5,3,0,0,1,0,1,0,0,1,13.2608883,52.53444377
6,6300630,2021,11,16,7,3,2,7,1,0,1,0,0,0,0,0,13.31557716,52.43472875
8,8100103,2021,11,12,2,3,5,3,0,0,1,0,0,0,1,0,13.42710095,52.47539904
2,2200213,2021,11,10,3,3,5,7,0,1,1,0,0,0,0,1,13.41728287,52.49240112
7,7601339,2021,11,16,1,3,5,2,1,0,1,0,0,0,0,0,13.35024548,52.41430368
7,7601443,2021,10,12,7,3,5,3,0,0,1,0,0,0,0,0,13.41069939,52.41041683
3,3701554,2021,10,2,1,3,0,7,2,1,0,0,0,0,0,0,13.41239279,52.53815466
8,8100417,2021,11,14,3,3,5,3,0,0,1,0,0,0,1,0,13.4509748,52.47373815
5,5100312,2021,11,16,5,3,6,2,2,0,1,1,0,0,0,1,13.1988329,52.55419733
12,12400723,2021,10,23,1,2,1,1,2,0,1,0,0,0,0,0,13.31368593,52.62240885
2,2300316,2021,10,14,6,3,5,2,0,1,1,0,0,0,0,0,13.43189047,52.50578948
8,8200730,2021,10,8,4,3,5,2,0,1,1,0,0,0,0,1,13.43499839,52.43927952
3,3601449,2021,10,15,3,3,3,6,0,1,0,0,0,0,0,0,13.44238496,52.53987036
4,4501153,2021,11,15,4,3,5,3,0,1,1,0,0,0,0,1,13.33322134,52.48374419
1,1400938,2021,11,11,3,3,2,6,0,0,1,0,0,0,0,1,13.34882019,52.55217783
6,6300629,2021,10,9,4,3,2,2,0,0,1,1,0,0,0,0,13.29359348,52.44580593
2,2300315,2021,10,12,6,3,3,5,0,1,1,0,0,0,0,1,13.42510363,52.49966973
1,1300835,2021,11,13,6,3,5,3,0,0,1,0,0,0,0,1,13.38273144,52.54213611
8,8100209,2021,11,9,2,3,0,3,0,1,1,0,0,0,0,0,13.44278161,52.46509517
4,4501043,2021,11,10,5,3,5,2,0,1,1,0,0,0,0,1,13.31445041,52.49038611
1,1100310,2021,11,8,2,3,5,2,0,1,0,0,1,0,0,0,13.40281311,52.52136298
6,6300631,2021,10,15,6,3,5,2,0,1,1,0,0,0,0,0,13.28697622,52.41784302
3,3400829,2021,10,12,5,3,5,3,0,1,1,0,0,0,0,0,13.42336766,52.56265021
9,9502043,2021,10,7,2,3,5,3,1,1,1,0,0,0,0,1,13.5886446,52.46993315
6,6100210,2021,11,8,2,3,5,3,0,0,1,0,1,0,0,0,13.34484162,52.46174437
7,7601546,2021,11,17,4,3,0,1,2,0,0,0,1,0,0,0,13.38889937,52.39842508
1,1200522,2021,11,19,6,3,5,2,2,1,1,0,0,0,0,0,13.34272054,52.52532858
1,1100308,2021,10,12,2,3,6,4,0,0,1,1,0,0,0,0,13.3744148,52.52800122
2,2200210,2021,10,19,5,3,2,6,2,0,1,0,0,0,0,1,13.39531085,52.49755986
10,10100312,2021,11,6,6,3,5,2,1,0,1,0,0,0,0,0,13.53713536,52.5344873
5,5100315,2021,11,13,4,3,5,2,0,0,1,0,0,0,1,1,13.19425757,52.54568344
3,3701556,2021,10,18,4,3,6,4,0,0,1,1,0,0,0,0,13.41410405,52.53044426
5,5200420,2021,10,14,6,3,5,3,0,0,1,0,0,0,1,1,13.1705073,52.53366029
8,8100311,2021,10,20,5,3,1,5,2,0,1,0,1,0,0,0,13.43197551,52.48786616
6,6100205,2021,11,18,2,2,5,2,2,0,1,0,1,0,0,0,13.34669615,52.45001478
1,1401043,2021,11,18,5,3,6,2,2,0,1,1,0,0,0,1,13.36143774,52.54792692
1,1401048,2021,11,10,4,3,5,2,0,1,0,0,0,1,0,0,13.35958335,52.55419174
2,2500833,2021,10,20,7,3,5,3,2,0,1,0,1,0,0,0,13.46331332,52.50828445
7,7400720,2021,10,5,5,3,5,2,2,0,0,0,1,0,1,0,13.37797642,52.47243769
1,1200520,2021,10,11,3,3,1,6,0,0,1,0,1,0,0,0,13.34317201,52.53082965
4,4501148,2021,11,14,2,3,5,2,0,0,1,0,0,0,0,1,13.32034406,52.47880304
9,9401534,2021,11,15,5,3,5,2,1,1,1,0,0,0,0,0,13.58167423,52.4407839
10,10200629,2021,11,16,7,3,5,2,2,0,1,0,0,0,0,0,13.58910456,52.51754415
5,5200632,2021,10,15,3,3,0,1,0,0,0,0,1,0,0,1,13.2033895,52.53076658
8,8100310,2021,11,18,7,3,6,2,2,0,1,1,0,0,0,1,13.4352669,52.49117337
1,1100102,2021,11,13,1,2,6,4,0,0,1,1,0,0,0,1,13.35737127,52.50989007
2,2300314,2021,10,17,5,3,3,5,0,1,1,0,0,0,0,0,13.41673538,52.50223606
8,8100312,2021,10,16,6,3,2,6,0,0,1,0,0,0,0,1,13.43545733,52.49111191
10,10100206,2021,10,16,2,2,6,4,0,0,1,1,0,0,0,0,13.56401832,52.55630527
9,9200512,2021,10,17,6,3,1,5,0,0,1,0,0,0,0,0,13.55256345,52.45614923
8,8401242,2021,11,11,4,3,5,3,0,0,1,0,0,0,0,0,13.48979277,52.42005651
7,7501029,2021,11,19,5,3,2,2,2,0,1,0,0,0,0,1,13.37515294,52.43712696
2,2100106,2021,10,22,6,3,5,3,2,0,1,0,0,0,0,0,13.41409943,52.49857675
7,7400927,2021,10,10,3,3,0,6,0,0,1,0,1,0,0,0,13.40066943,52.46340294
7,7300619,2021,10,21,3,3,5,3,2,1,1,0,0,0,0,0,13.33929188,52.46689659
10,10100311,2021,10,17,2,2,5,2,0,1,1,0,0,0,0,0,13.51704782,52.53554578
1,1100312,2021,11,14,2,3,6,4,0,1,0,1,0,0,0,0,13.41419034,52.50807516
2,2100105,2021,10,15,4,3,6,7,0,0,1,1,0,0,0,0,13.40464476,52.50039706
2,2100102,2021,10,14,4,3,6,2,0,0,1,1,0,0,0,0,13.39559396,52.49834675
5,5100316,2021,11,15,1,3,2,6,0,0,1,0,0,0,0,1,13.200023,52.5360173
10,10300734,2021,11,22,3,3,5,3,2,0,1,0,0,0,1,0,13.5591718,52.47385441
10,10400940,2021,11,9,2,3,5,2,0,0,1,0,0,0,1,0,13.60143294,52.48256369
7,7400824,2021,10,11,7,3,5,3,0,0,1,0,0,0,1,0,13.38544054,52.46573434
8,8100418,2021,11,17,7,2,5,2,2,0,1,0,0,0,1,1,13.45501523,52.47648921
6,6400844,2021,10,17,5,3,1,5,0,0,1,0,0,0,1,0,13.28712151,52.45946095
5,5300737,2021,10,1,7,3,0,1,2,0,0,0,0,0,1,1,13.23767458,52.54599422
11,11200514,2021,10,18,6,3,0,7,1,0,1,0,1,0,0,1,13.4739588,52.53623772
1,1100310,2021,10,19,6,3,6,7,2,0,0,1,0,0,1,0,13.40612501,52.51910899
4,4100102,2021,11,21,2,3,3,6,2,0,1,0,1,0,0,1,13.29423401,52.53430162
6,6100101,2021,11,14,3,3,0,7,0,0,1,0,0,0,0,0,13.31388027,52.46435396
2,2200213,2021,10,4,7,3,0,1,2,0,0,0,0,0,1,0,13.4132711,52.49181115
4,4200308,2021,10,14,3,2,2,6,0,0,1,0,1,0,0,0,13.2805982,52.51850524
10,10100314,2021,10,13,3,3,3,6,0,1,1,0,0,0,0,0,13.54899573,52.5342256
10,10200629,2021,11,15,2,3,2,2,0,0,1,0,0,0,0,0,13.58362258,52.51499397
4,4200311,2021,10,5,3,3,2,6,2,0,1,0,0,0,0,1,13.27533529,52.50099147
1,1400937,2021,10,8,5,3,2,6,0,0,1,0,0,0,0,1,13.33309531,52.56108617
6,6200312,2021,10,18,1,3,2,6,1,0,1,0,0,0,0,0,13.34131745,52.44251723
5,5200528,2021,11,16,7,3,6,4,2,0,1,1,0,0,0,0,13.17972941,52.50307049
2,2200210,2021,11,21,3,3,5,3,2,1,1,0,0,0,0,0,13.40403413,52.49129411
7,7400822,2021,11,11,7,3,0,3,0,0,1,0,1,0,0,0,13.36946548,52.45652187
2,2200210,2021,10,12,7,3,2,2,0,1,1,0,0,0,0,0,13.39449934,52.49175679
1,1401047,2021,10,14,7,3,5,2,0,1,1,0,0,0,0,0,13.35489984,52.54397929
1,1100206,2021,11,23,4,3,8,1,2,0,0,0,0,0,1,0,13.39529754,52.52041209
2,2200211,2021,11,13,5,3,1,5,0,1,1,0,0,0,0,0,13.39439795,52.48611616
4,4200311,2021,10,16,1,3,2,2,0,0,1,0,0,0,0,0,13.2799759,52.50605924
2,2500835,2021,10,7,4,3,0,3,1,0,1,0,1,0,0,1,13.46546005,52.49875155
1,1100309,2021,10,11,3,3,0,1,0,0,0,0,1,0,0,1,13.40022102,52.52258746
12,12200309,2021,11,17,4,3,2,6,2,0,1,0,0,0,0,1,13.32833259,52.56394609
1,1300733,2021,11,15,3,3,6,7,0,1,0,1,0,0,0,1,13.38359693,52.55480556
5,5100313,2021,10,14,4,3,0,1,0,0,0,0,0,0,1,0,13.20959254,52.54756051
4,4100101,2021,10,15,5,3,5,2,0,1,1,0,0,0,0,1,13.2948258,52.53963087
8,8200725,2021,10,14,2,3,0,1,0,0,0,0,1,0,0,0,13.43227983,52.44369904
8,8300935,2021,11,1,7,2,5,2,2,0,1,0,0,0,0,0,13.44690395,52.42698361
6,6400840,2021,11,13,2,3,5,3,0,0,1,0,0,0,0,0,13.25114838,52.45010322
10,10100311,2021,11,13,4,3,0,4,0,0,0,1,0,0,1,0,13.53349467,52.52571598
4,4501040,2021,11,10,3,3,6,7,0,0,1,1,0,0,0,0,13.3090119,52.50012467
9,9401534,2021,10,11,7,3,2,3,0,0,1,0,0,0,0,0,13.58052509,52.44316703
12,12400618,2021,10,14,4,3,2,1,0,0,1,0,0,0,0,0,13.23074777,52.62450344
4,4300412,2021,10,2,2,3,0,7,2,1,0,0,0,0,0,0,13.28503731,52.52486412
2,2300419,2021,10,16,1,3,5,3,0,1,1,0,0,0,1,0,13.44397632,52.50013256
1,1100207,2021,11,18,5,3,1,5,2,0,1,0,1,0,0,1,13.39127238,52.50774454
7,7601236,2021,11,10,7,2,6,4,0,0,1,1,0,0,0,0,13.36131747,52.41633683
6,6200313,2021,10,17,3,3,1,1,0,0,1,0,0,0,1,1,13.34349088,52.43497154
2,2400623,2021,10,20,4,3,5,2,2,1,1,0,0,0,0,0,13.43049074,52.51102145
2,2400521,2021,11,19,5,3,6,4,2,0,1,1,0,0,0,0,13.43436274,52.52319722
12,12400618,2021,11,10,4,3,5,2,0,1,1,0,0,0,0,0,13.24664808,52.61347232
5,5300840,2021,10,8,6,3,2,2,0,0,1,0,0,0,0,0,13.24791985,52.53651317
2,2500833,2021,10,8,5,3,5,3,0,0,1,0,0,0,0,0,13.46138709,52.50875283
11,11200410,2021,10,13,6,3,5,7,0,0,0,0,0,1,1,1,13.49474233,52.55963684
1,1401046,2021,10,20,1,3,2,2,2,0,1,0,0,0,0,1,13.34948677,52.54229314
7,7601339,2021,10,13,6,3,2,6,0,0,1,0,1,0,0,0,13.35005473,52.41430548
8,8100102,2021,11,16,2,3,5,2,2,0,1,0,1,0,0,1,13.42598355,52.47818115
11,11501339,2021,11,13,5,3,5,2,0,0,1,0,0,0,1,1,13.52686776,52.49213228
7,7400927,2021,11,20,3,3,5,2,2,0,1,0,0,0,0,0,13.40319114,52.46343
2,2100101,2021,10,11,1,3,2,6,0,1,0,0,0,0,0,0,13.38886754,52.4991767
11,11501238,2021,10,18,5,2,5,7,2,0,1,0,0,0,1,0,13.49441121,52.48943326
2,2500835,2021,10,9,3,3,5,3,0,0,1,0,0,0,0,0,13.46650865,52.50126846
2,2400623,2021,11,11,2,3,0,1,0,0,0,0,1,0,0,1,13.42695308,52.5118665
4,4501041,2021,11,11,7,3,0,2,0,1,1,0,0,0,0,1,13.31933651,52.50150633
9,9401329,2021,11,8,2,3,6,4,0,0,1,1,0,0,0,0,13.59127395,52.43762965
5,5300735,2021,10,21,3,3,5,2,2,0,1,0,0,0,0,0,13.22723383,52.54947005
7,7601443,2021,11,17,7,3,6,4,2,0,1,1,0,0,0,1,13.41266076,52.40264272
4,4501042,2021,11,2,1,3,1,5,2,0,1,0,0,0,1,1,13.3314298,52.50435364
2,2200209,2021,11,7,3,3,5,7,0,0,1,0,1,0,0,0,13.37840084,52.48501823
7,7400721,2021,10,13,6,3,5,5,0,0,0,0,1,0,1,0,13.40292319,52.48334347
11,11501339,2021,10,18,6,3,6,3,1,0,1,1,0,0,0,1,13.5188367,52.48701454
1,1100207,2021,10,15,2,3,2,2,0,0,1,0,1,0,0,0,13.39711252,52.50810891
11,11300617,2021,10,12,6,3,0,3,0,0,1,0,0,0,1,0,13.4774461,52.52655584
2,2500834,2021,11,19,3,3,5,3,2,1,0,0,1,0,0,0,13.45648575,52.50752684
4,4501146,2021,11,8,5,3,5,2,0,1,1,0,0,0,0,1,13.3138242,52.48680895
5,5200527,2021,10,11,7,2,6,2,0,0,1,1,0,0,0,0,13.17120541,52.52015189
11,11300721,2021,10,11,3,3,9,1,0,0,1,0,0,0,0,0,13.49956714,52.53435863
7,7601339,2021,10,19,3,3,5,7,2,0,1,0,0,0,0,1,13.34973406,52.41256219
4,4501040,2021,10,9,2,3,1,5,0,0,1,0,1,0,0,0,13.31312862,52.5011645
6,6200317,2021,11,18,3,3,5,3,0,0,1,0,0,0,0,1,13.35212695,52.41854265
1,1100415,2021,10,12,4,3,0,1,0,1,0,0,0,0,0,0,13.39847558,52.5325491
5,5100316,2021,10,13,4,3,2,6,0,0,1,0,1,0,0,0,13.19110218,52.53640375
10,10200421,2021,11,15,6,3,5,2,0,0,1,0,0,0,1,0,13.60475931,52.53653712
7,7100101,2021,11,16,7,3,3,6,0,0,1,0,1,0,0,0,13.34169097,52.50205483
4,4100101,2021,11,13,5,2,5,3,0,0,1,0,0,1,0,1,13.31100702,52.54760673
1,1300836,2021,11,17,7,3,5,3,0,0,1,0,1,0,0,0,13.37844099,52.55050113
9,9401534,2021,10,16,1,3,5,7,0,1,1,0,0,0,0,0,13.57804165,52.44730387
8,8100521,2021,10,20,7,3,6,2,2,0,1,1,0,0,0,0,13.46082552,52.46816818
7,7601238,2021,11,15,4,3,5,3,1,0,1,0,0,0,0,0,13.38808921,52.41200374
1,1100102,2021,11,16,6,3,2,6,2,0,1,0,0,0,0,0,13.35549748,52.50711319
2,2500834,2021,10,3,1,2,5,3,2,1,0,0,0,0,1,0,13.45613832,52.50979138
1,1200627,2021,10,9,4,3,0,7,0,1,0,0,0,0,0,0,13.36078843,52.52690506
12,12100204,2021,11,18,4,3,1,5,2,0,1,0,0,0,1,1,13.35595677,52.56212873
2,2500830,2021,11,8,3,3,0,1,0,1,0,0,0,0,0,1,13.45959461,52.51245246
7,7601340,2021,10,16,5,3,6,2,0,0,1,1,0,0,0,0,13.36124844,52.41260336
7,7400822,2021,10,17,5,3,5,5,1,0,1,0,0,0,0,1,13.36811218,52.45576593
4,4100101,2021,10,11,2,3,5,2,0,0,1,0,1,0,0,0,13.28701747,52.54015844
4,4300622,2021,10,13,6,3,2,6,0,0,1,0,1,0,0,0,13.32233499,52.51316519
11,11200411,2021,11,9,2,3,2,6,0,0,1,0,0,0,1,1,13.51182852,52.5506334
2,2300315,2021,11,18,5,3,5,2,2,1,0,0,0,1,0,1,13.42683416,52.49912849
10,10300731,2021,11,10,3,3,5,2,0,0,1,0,0,1,0,0,13.56640231,52.53428095
7,7601341,2021,10,1,7,3,8,7,2,0,1,0,0,0,0,0,13.38105876,52.41068323
1,1300731,2021,10,2,5,3,0,7,2,1,0,0,0,0,0,0,13.38646532,52.56740138
2,2200209,2021,10,3,1,3,0,1,2,0,0,0,0,0,1,1,13.37678339,52.48942277
8,8200832,2021,11,10,2,3,5,3,0,0,1,0,0,0,0,0,13.43070981,52.42428075
1,1300835,2021,11,5,5,3,6,2,2,0,1,1,0,0,0,1,13.38059749,52.54350078
7,7400721,2021,11,0,1,3,5,3,2,0,1,0,0,0,0,0,13.37892752,52.48062073
6,6200315,2021,10,8,2,3,0,7,0,1,0,0,0,0,0,0,13.34265841,52.42581325
1,1100416,2021,10,1,6,3,5,3,2,1,1,0,0,0,0,1,13.40429691,52.53312272
6,6200313,2021,11,7,6,3,3,6,1,1,1,0,0,0,0,0,13.34184864,52.43488301
9,9200511,2021,10,17,7,3,6,4,0,0,0,1,1,0,0,0,13.51475981,52.46227671
2,2500835,2021,11,19,4,2,6,4,2,0,1,1,0,0,0,0,13.46730378,52.50270227
7,7200412,2021,11,19,6,3,5,2,2,1,1,0,0,0,0,1,13.36314427,52.47610054
1,1200518,2021,10,15,7,2,6,7,0,0,0,1,0,0,1,0,13.32863647,52.52883332
2,2100106,2021,10,19,4,3,5,3,2,1,1,0,0,0,0,1,13.39967654,52.49841434
5,5400943,2021,11,18,4,3,5,2,2,1,1,0,0,0,0,1,13.1300011,52.46430286
1,1100102,2021,11,18,3,3,5,3,2,1,1,0,0,0,0,1,13.36394343,52.50618886
1,1100206,2021,10,14,5,3,3,6,0,1,1,0,0,0,0,0,13.39629793,52.51739687
1,1100313,2021,10,14,5,3,5,2,0,1,1,0,0,0,0,1,13.42122594,52.50986604
1,1400938,2021,10,14,2,3,5,7,0,0,1,0,1,0,0,0,13.34102379,52.55160112
5,5200629,2021,11,11,7,3,2,7,0,1,0,0,0,0,1,0,13.19695499,52.52830542
4,4400728,2021,11,10,2,3,2,6,0,0,1,0,0,0,0,1,13.28098704,52.47931678
12,12500927,2021,11,11,5,3,5,3,0,0,1,0,0,0,0,1,13.31812548,52.58934551
9,9200819,2021,11,18,3,3,5,2,1,1,0,0,0,0,1,0,13.56205527,52.43676466
2,2500834,2021,10,12,7,2,5,3,0,0,1,0,1,0,0,0,13.45001074,52.50751052
7,7300619,2021,10,18,4,3,5,2,1,1,1,0,0,0,0,0,13.33808226,52.46683907
2,2300314,2021,10,8,2,3,5,3,0,0,1,0,0,0,0,0,13.41677506,52.50431004
1,1100416,2021,10,16,1,2,0,1,1,1,0,0,0,0,0,0,13.40335406,52.53215748
9,9200818,2021,11,13,5,3,2,6,0,0,1,0,0,0,0,0,13.55861683,52.45142761
4,4200308,2021,11,18,7,3,1,5,2,0,1,0,0,0,0,1,13.25564838,52.5225174
7,7100102,2021,10,18,3,3,5,2,2,0,1,0,0,0,1,1,13.34964399,52.49462594
5,5200524,2021,10,20,4,3,2,6,2,0,1,0,0,0,0,1,13.12894991,52.52876259
10,10400940,2021,11,16,7,3,6,4,2,0,1,1,0,0,0,1,13.60054613,52.4768847
1,1400938,2021,10,18,5,3,0,1,0,0,0,0,1,0,0,0,13.33576297,52.54180466
12,12100205,2021,10,12,4,2,2,6,0,0,1,0,0,0,0,0,13.36536533,52.57661633
11,11300618,2021,10,12,7,3,5,2,0,1,1,0,0,0,0,0,13.45907271,52.52605765
11,11300620,2021,10,12,6,3,5,2,0,0,1,0,0,0,1,0,13.47775896,52.53079148
5,5300839,2021,11,18,2,2,0,1,2,1,0,0,0,0,0,0,13.26309017,52.54029923
1,1401043,2021,11,18,5,3,6,2,2,0,0,1,0,0,1,1,13.36172425,52.54793161
2,2200210,2021,11,19,4,3,5,2,1,1,1,0,0,0,0,0,13.40028232,52.49026926
5,5100105,2021,10,16,1,3,6,4,0,0,0,1,1,0,0,0,13.19880968,52.55534734
7,7400721,2021,10,15,5,3,5,7,0,0,1,0,1,0,0,0,13.4023452,52.48343461
3,3400725,2021,10,15,3,3,5,3,0,0,1,0,1,0,0,0,13.4293,52.58593037
9,9501939,2021,11,15,3,3,2,6,0,0,1,0,0,0,0,0,13.55943641,52.45592631
2,2200209,2021,11,16,6,3,2,6,1,0,1,0,0,0,0,0,13.37746601,52.48947678
3,3300516,2021,11,6,2,3,0,7,1,0,1,0,1,0,0,1,13.44254641,52.57022964
4,4400830,2021,10,10,3,3,6,4,0,0,1,1,0,0,0,1,13.29545527,52.4788972
1,1300733,2021,10,0,1,3,2,6,2,0,1,0,0,0,0,0,13.38345525,52.55129994
12,12100205,2021,11,16,7,2,6,2,2,0,1,1,0,0,0,1,13.35114157,52.56736638
1,1100309,2021,11,16,2,2,0,1,2,1,0,0,0,0,0,1,13.38852716,52.52603913
3,3701556,2021,11,18,3,3,3,6,2,1,0,0,0,0,0,0,13.42072255,52.53347934
3,3500933,2021,11,9,6,3,5,3,0,0,1,0,0,0,0,1,13.45538052,52.55600179
5,5200423,2021,10,17,6,3,5,3,0,1,1,0,0,0,0,0,13.14799212,52.53258105
4,4400835,2021,10,11,6,3,0,1,0,0,0,0,0,0,1,1,13.31180487,52.46823969
9,9300920,2021,10,23,6,3,5,3,2,0,1,0,0,0,0,0,13.53683149,52.41296244
10,10400941,2021,11,12,3,2,5,3,0,1,1,0,0,0,0,0,13.60207584,52.47447473
12,12500927,2021,11,7,5,3,5,2,0,0,1,0,0,0,0,1,13.32340559,52.59775576
9,9200613,2021,10,13,6,3,0,1,0,0,0,0,1,0,0,0,13.51927997,52.4540241
2,2300419,2021,10,18,6,3,1,5,2,1,1,0,0,0,0,0,13.43958283,52.4995511
10,10100312,2021,10,7,3,3,5,3,0,0,1,0,0,0,0,0,13.53866315,52.52464275
4,4501149,2021,10,18,3,3,3,6,2,1,1,0,0,0,0,1,13.32623648,52.49119157
5,5100208,2021,10,14,2,3,5,2,0,0,1,0,0,0,0,0,13.15352222,52.55343124
8,8100209,2021,11,10,3,2,8,1,0,0,1,0,0,0,0,1,13.44358056,52.46428013
1,1100309,2021,10,1,4,3,8,1,2,0,0,0,0,0,1,0,13.40304663,52.52451683
7,7601340,2021,10,16,4,2,5,2,0,1,1,0,0,0,0,0,13.35526872,52.41325916
7,7400826,2021,11,18,6,3,5,2,1,0,1,0,1,0,0,0,13.36397938,52.44824127
4,4200309,2021,11,15,7,3,5,3,0,0,1,0,0,0,0,0,13.2598643,52.51617776
1,1300834,2021,11,8,4,3,5,2,0,1,1,0,0,0,0,0,13.39586876,52.53822634
1,1100308,2021,11,15,7,3,1,5,0,1,1,0,0,0,0,0,13.38053237,52.52985879
8,8100415,2021,10,14,4,3,5,3,0,1,1,0,0,0,0,0,13.44054116,52.47950414
6,6400839,2021,10,10,2,2,5,2,0,1,1,0,0,0,0,0,13.24124407,52.44217291
11,11300723,2021,11,12,2,3,0,2,0,1,1,0,0,0,0,1,13.48671735,52.52072618
1,1100310,2021,11,11,4,3,0,1,0,1,0,0,0,0,0,0,13.40175543,52.52101142
6,6200316,2021,11,10,6,2,4,6,0,1,0,0,0,0,0,1,13.35893197,52.4318274
8,8401244,2021,10,23,1,3,1,5,2,1,1,0,0,0,0,0,13.4997981,52.40679479
3,3200308,2021,10,16,4,3,2,6,0,1,0,0,0,1,0,0,13.43267077,52.59601194
5,5100313,2021,11,16,5,3,6,2,2,0,1,1,0,0,0,0,13.20990788,52.54788194
4,4200308,2021,11,15,3,3,5,3,0,1,1,0,0,0,0,1,13.2761239,52.51434363
2,2500726,2021,10,19,4,3,5,2,2,0,1,0,1,0,0,0,13.44891149,52.52429251
7,7501134,2021,10,8,6,3,5,3,0,0,1,0,1,0,0,0,13.39645656,52.44002923
4,4300412,2021,10,15,6,2,5,2,0,0,1,0,0,0,1,0,13.28667395,52.51873557
2,2100102,2021,11,19,2,3,5,3,2,1,1,0,0,0,0,0,13.39585879,52.49902832
7,7601544,2021,11,17,5,3,0,1,2,0,0,0,1,0,0,1,13.39852033,52.3878718