BEZ,LOR_ab_2021,UJAHR,UMONAT,USTUNDE,UWOCHENTAG,UKATEGORIE,UART,UTYP1,ULICHTVERH,IstRad,IstPKW,IstFuss,IstKrad,IstGkfz,IstSonstige,USTRZUSTAND,XGCSWGS84,YGCSWGS84
10,10400941,2021,11,15,3,3,5,3,0,1,1,0,0,0,0,0,13.60111714,52.47923918
5,5300839,2021,10,20,7,2,0,1,2,0,0,0,0,0,1,0,13.2623557,52.54172582
6,6200420,2021,10,16,5,2,3,6,0,0,1,0,0,0,1,0,13.30503302,52.41756799
8,8200832,2021,10,14,3,3,2,6,0,0,1,0,0,0,0,1,13.42809041,52.42358404
10,10400940,2021,11,16,2,3,5,2,2,1,1,0,0,0,0,1,13.60207818,52.48331294
11,11300722,2021,11,17,5,2,5,2,2,0,1,0,1,0,0,0,13.47333406,52.52298975
4,4501148,2021,11,16,7,3,5,2,2,0,1,0,0,0,0,1,13.32022715,52.47876309
9,9501838,2021,10,15,3,3,5,3,0,0,1,0,1,0,0,1,13.70643064,52.43384325
1,1200522,2021,11,17,6,3,5,3,2,1,0,0,0,0,1,0,13.33960672,52.52406361
2,2500836,2021,10,18,5,3,0,1,2,0,1,0,1,0,0,0,13.46901793,52.49585818
7,7300619,2021,10,20,6,3,5,5,2,0,1,0,1,0,0,1,13.34218877,52.46748831
4,4300416,2021,10,20,7,3,6,7,0,0,1,1,0,0,0,0,13.29945567,52.50606963
8,8100418,2021,10,17,6,3,5,3,2,0,1,0,0,0,0,0,13.44318847,52.48225085
4,4501045,2021,11,19,2,3,6,4,2,1,0,1,0,0,0,1,13.3269857,52.49943968
3,3601243,2021,11,8,6,3,5,2,0,1,1,0,0,0,0,1,13.41847201,52.55347237
3,3601450,2021,11,16,4,3,0,2,2,0,1,0,0,0,1,1,13.45802349,52.52884213
11,11300722,2021,10,16,1,3,5,2,0,0,1,0,0,0,0,0,13.47943545,52.51625698
2,2400521,2021,10,11,3,3,3,6,0,1,1,0,0,0,0,0,13.43360957,52.52290318
12,12500824,2021,10,13,4,2,6,4,0,0,1,1,0,0,0,0,13.29792022,52.59119417
3,3200205,2021,11,6,2,3,5,3,2,0,1,0,0,0,0,0,13.40297487,52.5955747
5,5100105,2021,10,7,4,3,2,3,0,1,1,0,0,0,0,1,13.19812472,52.55549708
10,10300733,2021,11,18,7,3,5,2,2,0,1,0,0,0,0,1,13.56150217,52.50716052
7,7400720,2021,11,13,2,3,5,3,0,0,1,0,0,0,0,0,13.36676155,52.47451894
9,9100101,2021,11,11,4,3,5,3,0,1,0,0,1,0,0,0,13.45256449,52.48993715
5,5200629,2021,11,12,6,3,5,2,0,0,1,0,0,0,0,1,13.19550394,52.53347744
12,12200412,2021,10,14,1,2,1,5,0,0,1,0,1,0,0,0,13.26964588,52.57588016
7,7501135,2021,10,1,1,3,1,5,2,1,1,0,0,0,0,0,13.3921113,52.42161887
3,3601245,2021,11,9,4,3,5,3,0,1,1,0,0,0,0,0,13.43965445,52.54774954
5,5200423,2021,11,10,5,2,5,3,0,0,1,0,0,0,0,0,13.14168924,52.53250614
12,12200412,2021,10,17,6,3,5,2,0,0,1,0,0,0,0,0,13.29792098,52.57811959
9,9301227,2021,10,15,6,3,1,5,0,1,1,0,0,0,0,0,13.64087694,52.38978173
1,1400938,2021,10,8,6,2,5,3,0,1,1,0,0,0,0,0,13.33434381,52.54114469
1,1300733,2021,10,18,6,3,6,2,1,0,1,1,0,0,0,1,13.38411262,52.55604464
2,2200209,2021,10,8,7,3,5,3,0,1,0,0,0,0,0,1,13.38622122,52.49007634
3,3400619,2021,10,16,6,3,5,3,0,1,1,0,0,0,0,0,13.36977934,52.58939386
3,3400725,2021,11,17,3,3,5,2,2,0,1,0,1,0,0,0,13.42940192,52.58623194
4,4501043,2021,11,19,5,3,5,2,2,1,1,0,0,0,0,1,13.31394509,52.49040801
1,1100416,2021,11,8,3,3,5,7,0,1,1,0,0,0,0,0,13.40532113,52.53852233
4,4300621,2021,10,18,1,3,5,7,1,0,1,0,0,0,1,0,13.30955031,52.5131648
1,1300732,2021,10,20,5,3,5,2,2,1,0,0,0,0,1,0,13.39304236,52.56455017
2,2500727,2021,10,14,3,3,0,1,0,1,0,0,0,0,0,0,13.45488828,52.51914635
4,4300621,2021,11,10,2,3,1,5,0,1,0,0,0,0,1,0,13.30359868,52.51286188
4,4400835,2021,11,17,6,3,6,7,1,0,1,1,0,0,0,0,13.31207075,52.46846437
12,12400723,2021,11,16,2,3,0,7,2,0,0,0,1,0,0,1,13.32189195,52.62430329
5,5100317,2021,10,7,3,3,0,1,2,0,0,0,1,0,0,1,13.24556487,52.52493887
6,6400838,2021,11,19,7,3,6,2,2,0,1,1,0,0,0,1,13.24037191,52.44261149
10,10300731,2021,11,16,2,3,6,2,1,0,1,1,0,0,0,1,13.55877115,52.53184197
6,6100207,2021,11,12,4,3,5,2,0,0,1,0,1,0,0,0,13.31873355,52.45065631
7,7100206,2021,11,17,6,3,6,7,2,0,1,1,0,0,0,0,13.36104079,52.49133012
8,8100310,2021,10,15,6,3,6,7,0,1,1,1,0,0,0,0,13.43142333,52.49238639
4,4200310,2021,10,16,7,3,5,2,0,0,1,0,1,0,0,0,13.26605805,52.51299404
4,4300412,2021,10,12,7,3,2,6,0,0,1,0,0,0,0,0,13.29945023,52.51998987
2,2200209,2021,11,12,3,2,1,5,0,1,0,0,0,0,1,1,13.38290715,52.4918075
1,1100313,2021,11,17,5,3,5,3,1,0,1,0,0,0,0,1,13.41780394,52.50658889
4,4501040,2021,10,11,7,3,5,7,0,1,1,0,0,0,0,0,13.30725375,52.50479605
10,10300732,2021,10,16,6,3,6,6,2,0,1,1,0,0,0,0,13.5753562,52.53130774
10,10200524,2021,10,8,2,3,5,3,0,1,1,0,0,0,0,0,13.62585628,52.52931276
4,4300622,2021,10,11,4,3,6,4,0,0,0,1,1,0,0,0,13.32842778,52.5083921
4,4501150,2021,10,17,3,3,5,7,1,0,1,0,1,0,0,0,13.322368,52.48558452
4,4501042,2021,11,10,3,3,2,6,0,0,1,0,1,0,0,1,13.33340208,52.50417699
7,7601442,2021,10,11,4,2,6,2,0,0,0,1,0,1,0,0,13.40087607,52.41452446
11,11300721,2021,10,13,4,3,3,6,0,0,1,0,0,1,0,0,13.50560819,52.53464035
1,1200626,2021,11,15,6,2,5,3,0,0,1,0,0,0,0,0,13.35390274,52.52389717
6,6100208,2021,11,2,7,3,6,4,2,0,0,1,0,0,1,0,13.32861513,52.4563609
1,1300730,2021,11,14,4,3,5,3,0,0,1,0,1,0,0,0,13.37066407,52.55870646
12,12200309,2021,11,23,2,3,5,3,2,1,1,0,0,0,0,0,13.32686885,52.56252391
7,7300618,2021,10,14,4,3,5,3,0,1,1,0,0,0,0,0,13.33518949,52.46927124
6,6300528,2021,10,11,2,3,5,3,0,0,1,0,1,0,0,0,13.25023283,52.42129445
10,10200420,2021,10,14,1,3,5,2,0,0,1,0,0,0,0,0,13.60132576,52.53578521
4,4100102,2021,11,13,4,3,5,2,0,0,1,0,0,0,0,0,13.29753619,52.53460531
1,1100206,2021,11,21,6,3,6,2,2,0,1,1,0,0,0,0,13.39098579,52.51487471
3,3601348,2021,10,15,1,3,5,7,0,1,0,0,0,0,0,0,13.42347227,52.54311252
9,9301227,2021,10,18,4,3,5,3,2,1,1,0,0,0,0,1,13.63147753,52.39484495
2,2100102,2021,11,12,6,3,5,3,0,0,1,0,0,0,0,0,13.39461248,52.50455968
8,8100312,2021,11,15,3,3,6,2,0,0,1,1,0,0,0,0,13.43532201,52.48607363
10,10400835,2021,10,12,5,3,5,3,0,1,1,0,0,0,0,0,13.61183172,52.520973
11,11300723,2021,10,18,5,2,0,1,0,1,0,0,0,0,0,1,13.49945868,52.52137667
5,5100314,2021,10,18,5,3,0,5,2,0,1,0,1,0,0,0,13.20821813,52.54444036
6,6300633,2021,11,8,2,3,6,2,0,0,1,1,0,0,0,1,13.31579097,52.44319527
5,5100208,2021,11,12,5,2,2,6,0,0,1,0,0,1,0,1,13.16570464,52.55118898
9,9301025,2021,11,9,3,3,6,7,0,0,1,1,0,0,0,0,13.5619573,52.3889378
3,3500934,2021,10,15,1,3,5,3,0,0,0,0,1,0,0,0,13.44408832,52.55272702
3,3400828,2021,10,10,5,3,1,5,0,1,1,0,0,0,0,0,13.42577367,52.56038635
7,7400721,2021,10,13,2,3,2,6,0,0,1,0,0,0,0,0,13.39472856,52.483927
11,11200514,2021,11,8,2,3,2,6,0,1,0,0,0,0,0,0,13.47584562,52.53680533
1,1100310,2021,11,9,5,3,2,6,0,0,1,0,0,0,0,0,13.41911166,52.52568806
3,3300516,2021,11,0,1,3,0,1,2,0,0,0,0,0,1,0,13.44474275,52.57985728
10,10300732,2021,10,12,2,3,9,1,0,0,1,0,0,0,0,0,13.5689546,52.53250279
9,9200510,2021,11,17,7,3,5,3,2,1,1,0,0,0,0,1,13.51201073,52.47070783
9,9501939,2021,10,19,5,3,1,5,2,1,1,0,0,0,0,0,13.5736468,52.45418988
1,1100309,2021,10,18,6,3,6,2,2,0,1,1,0,0,0,1,13.40171035,52.52962803
12,12100205,2021,10,14,6,3,5,3,0,0,1,0,0,0,0,1,13.35156167,52.57816165
10,10200526,2021,10,18,6,3,9,1,2,0,0,0,1,0,0,0,13.60222168,52.5321607
4,4300622,2021,11,16,3,3,2,6,2,0,1,0,1,0,0,0,13.31552583,52.51466238
1,1400937,2021,11,7,6,3,5,3,0,0,1,0,0,0,0,1,13.33495002,52.56027363
7,7100102,2021,11,17,4,3,5,3,2,0,1,0,1,0,0,0,13.34604083,52.49882784
5,5100315,2021,10,17,6,2,5,3,0,0,1,0,0,0,1,0,13.194531,52.54571447
9,9200715,2021,10,15,3,2,5,2,0,0,1,0,0,0,1,0,13.5266829,52.42879475
5,5200629,2021,10,23,3,2,5,3,2,0,1,0,0,0,0,0,13.1880984,52.53250055
4,4300619,2021,10,16,2,3,5,2,0,1,1,0,0,0,0,0,13.31525387,52.51457927
8,8401244,2021,11,0,3,2,9,1,2,0,1,0,0,0,0,0,13.50575919,52.40952007
6,6100103,2021,10,12,3,3,5,2,0,0,1,0,0,0,0,1,13.32224619,52.46252633
2,2400625,2021,10,17,4,3,2,6,0,0,1,0,0,0,0,0,13.44658885,52.5027249
2,2500833,2021,11,10,1,3,0,1,0,1,0,0,0,0,0,1,13.45673769,52.50977655
1,1100309,2021,11,10,2,3,5,3,0,1,1,0,0,0,0,1,13.39750825,52.52873101
9,9401534,2021,11,20,3,3,9,1,2,0,0,0,0,0,1,0,13.58054443,52.44315991
6,6200313,2021,11,9,2,3,2,6,0,0,1,0,0,0,0,0,13.34733163,52.43545828
12,12400618,2021,10,14,7,2,0,7,0,0,0,0,1,0,0,1,13.24349651,52.62480889
7,7400721,2021,10,0,7,2,2,1,2,0,1,0,0,0,0,0,13.38585817,52.47819764
9,9200819,2021,11,17,3,3,5,2,1,1,1,0,0,0,0,0,13.56946997,52.44450685
1,1100308,2021,11,8,5,3,2,6,0,1,1,0,0,0,0,1,13.37752135,52.52223958
1,1200628,2021,10,19,7,3,1,5,2,1,1,0,0,0,0,0,13.36825168,52.52352723
3,3400619,2021,10,7,4,3,0,2,0,1,1,0,0,0,0,1,13.36110256,52.58969898
8,8200831,2021,10,14,3,3,0,5,0,0,1,0,0,0,0,0,13.40862008,52.4265393
7,7200413,2021,11,14,5,3,5,7,0,0,1,0,0,0,0,1,13.36122763,52.47941153
7,7501133,2021,11,8,3,3,0,2,0,1,1,0,0,0,0,1,13.3831005,52.43403915
1,1100310,2021,10,15,4,3,5,7,0,0,1,0,1,0,0,0,13.40929712,52.52353575
4,4200308,2021,10,6,6,2,4,6,2,0,1,0,0,1,0,0,13.27174677,52.52838859
3,3500934,2021,11,18,6,3,1,5,1,1,1,0,0,0,0,0,13.43338326,52.55302078
10,10400941,2021,11,12,2,2,5,3,0,1,1,0,0,0,0,1,13.60356326,52.47893317
3,3400620,2021,11,6,5,3,5,3,2,1,1,0,0,0,0,0,13.38976021,52.57429667
2,2500835,2021,11,10,3,2,0,1,0,0,0,0,1,0,0,0,13.46665027,52.50244643
11,11501238,2021,10,11,7,3,5,2,0,0,1,0,1,0,0,0,13.48059043,52.49907208
1,1100310,2021,10,15,4,3,0,2,0,1,1,0,0,0,0,0,13.41576152,52.52727298
11,11300722,2021,10,14,2,3,5,2,0,1,1,0,0,0,0,0,13.47795918,52.52300265
7,7601339,2021,10,12,1,3,0,2,0,0,1,0,1,0,0,0,13.34398391,52.41180851
4,4501042,2021,11,15,4,3,0,2,0,0,1,0,0,0,1,0,13.33260171,52.50616923
5,5200525,2021,11,14,6,2,6,4,0,0,1,1,0,0,0,1,13.14571815,52.52398053
11,11200513,2021,10,17,2,3,5,2,0,1,1,0,0,0,0,0,13.48125326,52.53869518
8,8100417,2021,10,13,5,2,5,3,0,1,1,0,0,0,0,1,13.44810258,52.47054774
8,8100418,2021,11,14,6,3,6,4,0,0,1,1,0,0,0,0,13.44883197,52.4786292
9,9501737,2021,11,7,4,3,1,5,0,1,1,0,0,0,0,1,13.6371038,52.44860768
1,1300834,2021,10,9,5,3,0,2,0,1,1,0,0,0,0,0,13.40014167,52.53942658
4,4501152,2021,10,13,4,3,0,7,0,1,0,0,0,1,0,1,13.33101817,52.49473819
4,4100101,2021,10,6,3,2,2,7,2,0,1,0,1,0,0,1,13.3145418,52.54750081
11,11300620,2021,11,18,4,3,5,2,2,0,1,0,0,0,0,0,13.47888783,52.53329345
11,11501341,2021,11,18,3,3,0,7,2,0,1,0,0,0,0,1,13.51392086,52.48326108
5,5100317,2021,10,2,4,2,0,7,2,0,0,0,0,0,1,1,13.24752389,52.52470553
4,4400729,2021,10,17,4,3,0,1,0,1,0,0,0,0,0,0,13.26135261,52.47914255
8,8200832,2021,11,10,6,2,6,4,0,0,1,1,0,0,0,1,13.43536634,52.42313341
12,12500824,2021,11,15,7,3,5,2,0,1,1,0,0,0,0,1,13.28539402,52.59482019
10,10100208,2021,11,19,4,3,2,7,2,1,1,0,0,0,0,1,13.55959809,52.55239434
8,8401242,2021,11,21,7,3,5,3,2,0,1,0,0,0,0,0,13.48299994,52.41608672
6,6400735,2021,10,10,7,2,5,3,0,0,1,0,0,0,0,0,13.16156795,52.41989932
3,3501038,2021,10,20,4,3,5,7,2,1,1,0,0,0,0,0,13.47024945,52.55363618
2,2100106,2021,10,17,1,3,5,2,0,1,1,0,0,0,0,0,13.40666144,52.49844446
12,12200309,2021,11,12,2,2,5,3,0,0,1,0,1,0,0,1,13.33169687,52.5620193
4,4300621,2021,11,10,4,3,1,5,0,1,1,0,0,0,0,0,13.3050707,52.51255492
8,8200623,2021,11,13,7,3,3,6,0,0,1,0,0,0,0,0,13.44510229,52.45232249
8,8100102,2021,10,23,7,3,6,7,2,0,1,1,0,0,0,0,13.42421887,52.4773324
7,7200307,2021,10,22,4,3,0,1,2,0,0,0,0,0,1,0,13.34056195,52.49118567
9,9100407,2021,11,10,6,2,0,7,0,1,0,0,0,0,0,0,13.50257624,52.44719625
4,4501042,2021,11,16,3,3,6,4,2,0,1,1,0,0,0,1,13.3252232,52.5023211
12,12601031,2021,10,22,4,3,5,3,2,0,1,0,0,0,1,0,13.33424351,52.59894209
3,3400828,2021,10,16,6,3,5,3,0,0,1,0,0,0,0,1,13.42769074,52.5530979
2,2500833,2021,10,22,1,2,6,2,2,0,1,1,0,0,0,0,13.46546986,52.50776627
12,12500928,2021,10,8,6,3,2,6,0,0,1,0,0,0,0,0,13.30930566,52.60347515
10,10200418,2021,11,18,2,3,5,2,1,0,1,0,0,0,1,1,13.59168902,52.544986
4,4300416,2021,11,21,5,3,5,7,2,0,1,0,1,0,0,1,13.29983085,52.50520442
7,7400823,2021,11,8,3,2,5,3,0,0,0,0,1,0,1,0,13.37639803,52.46009845
9,9200715,2021,10,12,2,3,6,2,0,0,1,1,0,0,0,1,13.53414227,52.43295769
4,4100102,2021,10,5,5,3,2,2,2,0,1,0,0,0,1,0,13.29417528,52.53433944
5,5200420,2021,10,20,2,2,2,2,2,0,1,0,1,0,1,0,13.15713954,52.53915916
3,3400831,2021,11,13,2,3,6,4,0,0,0,1,0,0,1,1,13.42684901,52.57182246
8,8300934,2021,11,20,6,3,0,2,2,1,1,0,0,0,0,0,13.46010575,52.43179426
1,1100205,2021,11,19,1,3,5,2,2,1,1,0,0,0,0,1,13.37658503,52.51016658
1,1300733,2021,10,16,2,3,2,6,0,0,1,0,0,0,1,0,13.39165935,52.55541594
10,10400836,2021,10,11,2,3,5,3,0,1,1,0,0,0,0,0,13.58550709,52.50525497
12,12601235,2021,11,2,7,3,2,7,2,0,1,0,0,0,0,0,13.34794001,52.59625044
1,1100311,2021,11,14,1,3,1,7,0,0,1,0,0,0,0,1,13.42057406,52.51790827
11,11200513,2021,10,7,5,2,0,2,1,0,1,0,0,0,1,0,13.48929353,52.54242473
12,12200309,2021,10,14,6,3,0,6,0,0,1,0,1,0,0,0,13.33144393,52.56216499
9,9501737,2021,10,16,2,3,5,3,0,1,1,0,0,0,0,0,13.6369516,52.45080528
9,9100304,2021,10,14,6,3,0,4,0,0,0,1,1,0,0,0,13.48466697,52.46359376
1,1200519,2021,11,12,4,3,0,5,0,1,1,0,0,0,0,1,13.33317954,52.53288097
10,10200421,2021,11,15,5,3,5,2,0,1,1,0,0,0,0,0,13.60211684,52.536015
2,2300315,2021,10,12,6,3,5,2,0,1,1,0,0,0,0,0,13.42722266,52.49914508
1,1100416,2021,10,7,3,3,5,3,0,1,1,0,0,0,0,0,13.40309469,52.53371271
6,6300526,2021,10,13,4,3,2,3,0,0,1,0,1,0,0,0,13.25807074,52.43513747
2,2400521,2021,10,12,2,2,5,3,0,0,1,0,1,0,0,0,13.44067446,52.51723693
5,5100104,2021,11,9,1,3,5,3,0,0,1,0,0,0,0,1,13.21643265,52.56056795
2,2300315,2021,10,17,4,3,5,3,0,1,0,0,0,0,1,0,13.42961433,52.50301622
9,9100101,2021,10,15,4,3,1,5,0,1,1,0,0,0,0,0,13.44415345,52.49059558
6,7300619,2021,11,13,7,3,0,7,0,0,0,0,1,0,0,1,13.34064454,52.46467876
8,8100314,2021,11,19,3,3,2,6,2,0,1,0,0,0,0,0,13.42422462,52.48669018
1,1401043,2021,11,12,7,3,2,2,0,0,1,0,1,0,0,0,13.36161102,52.54803632
5,5200631,2021,10,12,1,3,2,6,0,0,1,0,1,0,0,0,13.20272739,52.52364939
4,4501041,2021,10,13,7,3,5,7,0,0,1,0,0,0,0,0,13.31952001,52.50153453
1,1200624,2021,11,18,4,3,5,2,2,1,1,0,0,0,0,0,13.36034021,52.5372443
6,6100103,2021,11,6,5,3,6,4,2,0,0,1,0,0,1,0,13.3277286,52.4640587
6,6400838,2021,10,18,7,3,2,6,0,0,1,0,0,0,0,0,13.24698873,52.46759078
3,3701554,2021,10,10,4,3,5,5,0,0,1,0,0,0,1,0,13.40869159,52.53758213
10,10100315,2021,11,17,4,2,2,7,2,0,1,0,0,0,0,0,13.56866832,52.53790517
12,12500824,2021,11,16,3,3,1,5,1,0,1,0,0,1,1,1,13.29986444,52.60193548
9,9401329,2021,10,10,5,3,2,6,0,0,1,0,0,0,0,0,13.59671971,52.43695222
1,1100102,2021,10,3,5,3,9,1,2,0,0,0,1,0,0,0,13.35023554,52.51364795
7,7400721,2021,10,15,2,3,5,3,0,0,1,0,1,0,0,0,13.38564328,52.47156279
6,6100205,2021,11,11,6,2,0,1,0,0,0,0,1,0,0,1,13.34504914,52.4468437
4,4200311,2021,11,18,1,2,5,2,2,0,1,0,0,0,0,1,13.28032171,52.5063766
8,8100103,2021,11,12,5,3,2,6,0,0,1,0,0,0,0,1,13.42800306,52.47366808
6,6100101,2021,11,16,2,3,1,5,1,1,1,0,0,0,0,0,13.3164454,52.45666755
2,2100106,2021,10,19,7,3,5,2,2,1,1,0,0,0,0,0,13.39936879,52.4982864
3,3400724,2021,10,16,4,3,2,6,1,0,1,0,0,0,0,0,13.42878314,52.58152576
9,9501939,2021,10,9,2,3,5,2,0,1,0,0,0,0,1,0,13.57714515,52.4558427
9,9502043,2021,11,9,2,3,5,3,0,0,1,0,0,0,0,0,13.55330587,52.46962613
7,7601341,2021,11,13,5,3,5,2,0,1,0,0,0,0,1,0,13.3819707,52.39771026
6,6200317,2021,11,11,7,2,6,4,0,0,1,1,0,0,0,0,13.35751082,52.42302453
11,11300722,2021,10,17,3,3,5,2,0,1,1,0,0,0,0,0,13.48463403,52.51397351
9,9501940,2021,10,21,5,3,5,2,2,1,0,0,0,0,1,1,13.58054915,52.45549845
12,12601032,2021,11,7,6,3,1,5,0,0,1,0,0,0,1,0,13.3354741,52.60841119
10,10200629,2021,11,15,4,3,6,2,1,0,1,1,0,0,0,1,13.5852889,52.52127439
1,1200627,2021,10,22,5,3,3,6,2,0,1,0,0,0,0,0,13.35679578,52.5250106
12,12200309,2021,10,0,5,3,5,7,2,0,1,0,0,0,1,0,13.32884603,52.56594973
11,11200513,2021,10,8,7,3,5,3,0,0,1,0,0,0,0,1,13.49096126,52.5419958
2,2200208,2021,10,3,6,2,0,1,2,0,0,0,0,0,1,0,13.37997938,52.49243028
6,6300524,2021,11,15,2,3,5,2,0,1,0,0,0,1,0,1,13.22982201,52.42773211
10,10100210,2021,11,16,5,2,6,4,2,0,1,1,0,0,0,1,13.55613683,52.54825778
4,4300619,2021,11,12,3,3,2,6,0,0,1,0,0,0,0,0,13.30194174,52.5188101
7,7400822,2021,10,3,1,3,5,3,2,1,1,0,0,0,0,0,13.363324,52.45592642
1,1100312,2021,10,19,5,2,4,6,2,1,1,0,0,0,1,0,13.41337354,52.50701314
2,2200212,2021,10,14,3,3,2,6,0,0,1,0,0,0,0,0,13.41376861,52.48818286
4,4501153,2021,11,17,3,3,5,2,2,1,1,0,0,0,0,0,13.32825099,52.47883054
4,4300624,2021,11,8,6,3,6,4,0,0,1,1,0,0,0,1,13.31599379,52.50725282
2,2300315,2021,11,22,1,2,6,2,2,0,1,1,0,0,0,0,13.4292642,52.5008749
3,3500934,2021,10,7,3,3,6,4,0,0,0,1,0,0,1,1,13.43962792,52.55542172
1,1100309,2021,10,8,4,3,5,3,0,1,1,0,0,0,0,0,13.39300642,52.5275198
1,1100313,2021,10,15,1,3,1,5,0,0,1,0,1,0,0,0,13.42021809,52.51001968
7,7601340,2021,11,17,7,3,6,4,2,0,1,1,0,0,0,1,13.35047739,52.41422371
1,1100207,2021,11,10,1,3,5,3,0,0,1,0,0,0,0,0,13.39224245,52.50870809
9,9401330,2021,11,12,4,3,6,2,0,0,1,1,0,0,0,0,13.58781749,52.42204947
10,10400938,2021,11,16,6,3,6,7,1,0,1,1,0,0,0,0,13.62102702,52.52600686
3,3501038,2021,10,13,6,3,6,7,0,0,0,1,0,0,1,0,13.48077134,52.55307551
1,1100205,2021,10,17,6,3,6,4,1,0,1,1,0,0,0,1,13.37742967,52.50958069
3,3500932,2021,10,6,2,3,5,2,2,0,0,0,0,0,1,0,13.45704236,52.56105761
5,5300737,2021,10,14,6,3,2,6,0,0,1,0,0,0,0,0,13.23839928,52.54457651
6,6200422,2021,11,1,3,2,8,1,2,0,1,0,0,0,0,1,13.32669191,52.42775726
6,6200312,2021,11,7,5,3,2,6,2,0,1,0,0,0,0,1,13.33084643,52.44460291
1,1100103,2021,10,17,6,3,3,2,0,0,1,0,1,0,0,0,13.35123727,52.50451731
1,1300733,2021,10,9,6,3,0,1,0,1,0,0,0,0,0,0,13.384653,52.55600058
1,1300834,2021,10,14,3,3,5,3,0,0,1,0,0,0,1,0,13.39285668,52.54258196
4,4300623,2021,10,17,3,3,1,5,0,1,1,0,0,0,0,0,13.30279742,52.50984068
11,11400931,2021,10,19,2,3,6,4,1,1,0,1,0,0,0,1,13.50515629,52.50916616
4,4200206,2021,10,17,7,2,5,3,1,1,1,0,0,0,0,0,13.24178119,52.50645689
3,3400725,2021,10,13,6,3,2,6,0,0,1,0,0,0,1,0,13.42896441,52.58493146
6,6200312,2021,11,19,2,3,2,2,2,0,1,0,0,0,0,0,13.3311702,52.44402734
4,4501150,2021,11,17,5,3,1,5,2,0,1,0,0,0,0,1,13.3251321,52.48647451
6,6400842,2021,11,17,3,3,1,5,2,0,1,0,0,0,0,0,13.26750332,52.45108733
1,1100206,2021,10,23,7,3,5,3,2,1,1,0,0,0,0,0,13.39148401,52.52208359
12,12500825,2021,10,14,5,3,2,2,0,0,1,0,0,1,0,0,13.30407403,52.58131232
1,1300733,2021,10,14,3,3,6,7,0,0,1,1,0,0,0,0,13.38373783,52.55127689
7,7501029,2021,11,13,2,3,5,3,0,0,1,0,0,0,0,1,13.37905738,52.4481772
4,4501149,2021,11,9,5,3,5,7,0,1,0,0,0,0,1,0,13.32333336,52.49216447
4,4501042,2021,11,14,7,3,0,5,0,1,0,0,0,0,1,1,13.32588455,52.50001841
7,7400927,2021,10,8,3,2,5,7,0,0,1,0,0,0,0,1,13.40024062,52.45999112
4,4501043,2021,11,17,7,2,6,2,2,0,1,1,0,0,0,1,13.31390418,52.4903956
5,5200632,2021,11,18,2,2,1,1,1,0,1,0,0,1,0,1,13.20576114,52.52497573
4,4501041,2021,10,14,5,3,5,2,0,1,1,0,0,0,0,0,13.32505162,52.50255299
7,7100206,2021,10,11,6,3,0,2,0,0,1,0,0,1,1,1,13.36077082,52.49131838
4,4300620,2021,10,19,2,3,5,3,1,1,1,0,0,0,0,1,13.33575209,52.51348847
4,4200310,2021,10,20,6,3,5,7,2,0,1,0,0,0,0,0,13.2639597,52.51429547
4,4300412,2021,11,19,3,3,2,6,2,0,1,0,0,0,0,0,13.29463226,52.51926922
8,8100311,2021,11,19,5,3,5,2,2,1,1,0,0,0,0,1,13.42872195,52.48671554
1,1100309,2021,10,18,6,3,1,5,1,1,0,0,0,0,1,0,13.40822092,52.52725232
6,6200422,2021,10,14,3,3,3,2,0,0,1,0,1,0,0,0,13.32651821,52.427782
6,6400841,2021,10,14,3,3,0,6,0,0,0,0,0,0,1,0,13.26536484,52.44199511
2,2100105,2021,10,16,2,3,5,3,0,0,1,0,0,0,1,0,13.4145051,52.50019274
1,1300835,2021,11,7,3,3,1,7,0,0,0,0,0,1,1,1,13.38104575,52.54112687
11,11300616,2021,10,16,4,3,5,2,0,0,1,0,1,0,0,0,13.46740009,52.53390261
1,1100309,2021,10,20,4,3,5,2,2,1,0,1,0,0,1,0,13.39290603,52.52749272
7,7501031,2021,11,11,7,2,5,3,0,0,0,0,1,0,0,0,13.40307084,52.44766074
7,7400927,2021,11,13,3,3,0,1,0,0,0,0,1,0,0,1,13.38942163,52.45701138
2,2300419,2021,11,18,7,3,6,7,2,0,0,1,0,0,1,0,13.43890897,52.49784636
3,3200207,2021,10,11,1,2,5,3,0,0,1,0,1,0,0,0,13.4070968,52.58636762
5,5200630,2021,10,13,7,3,5,3,0,1,1,0,0,0,0,0,13.19416659,52.52210589
5,5100208,2021,11,17,4,3,5,2,2,0,1,0,0,0,1,0,13.15352222,52.55343124
11,11400931,2021,11,12,6,3,5,2,0,0,1,0,0,0,0,0,13.5198106,52.50583195
5,5100101,2021,10,5,2,3,1,1,2,0,1,0,0,0,0,1,13.20448715,52.56530885