BEZ,LOR_ab_2021,UJAHR,UMONAT,USTUNDE,UWOCHENTAG,UKATEGORIE,UART,UTYP1,ULICHTVERH,IstRad,IstPKW,IstFuss,IstKrad,IstGkfz,IstSonstige,USTRZUSTAND,XGCSWGS84,YGCSWGS84
5,5100316,2021,10,15,4,3,6,4,0,0,1,1,0,0,0,0,13.20558023,52.5396425
1,1100310,2021,11,15,5,3,2,2,0,0,1,0,0,0,0,0,13.41030796,52.52852694
8,8200726,2021,11,17,4,3,2,6,1,0,1,0,0,0,0,1,13.43764042,52.45085167
1,1401048,2021,10,14,5,3,5,2,0,1,1,0,0,0,0,0,13.35637821,52.55248195
3,3601347,2021,10,8,5,3,1,5,0,1,1,0,0,0,0,1,13.41713075,52.54122768
2,2500835,2021,10,13,2,3,1,5,0,0,1,0,0,0,0,0,13.4650109,52.50023037
3,3200309,2021,11,6,6,3,6,4,1,0,1,1,0,0,0,1,13.43533014,52.59396949
1,1401045,2021,11,10,2,3,0,1,0,1,0,0,0,0,0,1,13.37366753,52.55657113
7,7501029,2021,11,17,4,2,2,6,2,0,1,0,0,0,0,0,13.37884917,52.44966061
8,8301037,2021,11,18,2,3,1,5,2,0,1,0,0,0,0,0,13.48025704,52.42229363
3,3601245,2021,10,20,7,3,5,2,2,1,1,0,0,0,0,0,13.42792824,52.54551304
7,7100206,2021,10,14,4,3,5,2,0,1,0,0,0,0,1,0,13.36903454,52.49305197
1,1100205,2021,10,8,2,3,2,6,0,0,1,0,0,0,0,0,13.37659398,52.50980472
10,10100313,2021,11,6,2,2,5,2,1,1,1,0,0,0,0,0,13.55046922,52.54293752
11,11100102,2021,11,14,5,3,2,6,0,0,1,0,0,0,0,0,13.54537854,52.56766392
9,9501737,2021,11,9,1,2,8,1,0,0,0,0,1,0,0,1,13.64917469,52.44961383
5,5300735,2021,10,19,3,3,5,2,2,0,1,0,0,0,0,1,13.22724823,52.5494751
3,3500933,2021,10,15,5,3,5,2,0,0,1,0,0,0,0,1,13.4620424,52.55896854
1,1100309,2021,11,22,6,3,1,5,2,1,1,0,0,0,0,0,13.40208927,52.52871956
8,8100312,2021,10,19,5,3,1,5,2,0,1,0,0,1,0,0,13.43278194,52.48511634
3,3701660,2021,10,12,6,3,1,7,0,1,1,0,0,0,0,0,13.4356788,52.53249035
5,5200420,2021,10,10,7,3,5,3,0,0,1,0,0,0,0,0,13.16003096,52.52787096
5,5400944,2021,10,14,6,2,5,2,0,0,1,0,1,0,0,0,13.14946353,52.45738337
5,5100101,2021,11,14,3,2,8,1,0,0,1,0,0,0,0,0,13.20712514,52.58443029
7,7200308,2021,11,7,6,3,2,6,0,0,1,0,0,0,0,1,13.3449496,52.48016716
1,1100309,2021,11,23,5,3,6,6,2,0,1,1,0,0,0,1,13.40272894,52.5240381
4,4501153,2021,10,14,1,2,1,5,0,0,1,0,1,0,0,0,13.33203601,52.48606158
3,3501037,2021,10,14,5,3,1,5,0,0,1,0,0,0,1,0,13.47158879,52.55932351
4,4501043,2021,10,17,3,3,5,2,0,1,1,0,0,0,0,0,13.31627577,52.49868503
8,8100206,2021,11,14,2,3,5,3,0,1,0,0,0,0,1,1,13.42869573,52.47900869
5,5300735,2021,11,11,7,3,4,6,0,0,1,0,1,0,0,0,13.22982801,52.5551521
2,2300315,2021,11,15,2,3,5,3,0,0,1,0,0,0,0,0,13.43206196,52.49933615
11,11200410,2021,10,6,3,2,0,1,0,0,0,0,1,0,0,1,13.50053136,52.56142836
4,4200308,2021,11,14,7,3,2,6,0,0,1,0,0,0,0,1,13.27965194,52.51828599
3,3601245,2021,11,17,2,3,5,2,2,1,0,0,0,1,0,1,13.42791883,52.54569971
1,1300731,2021,11,21,3,3,1,5,2,1,1,0,0,0,0,1,13.38899162,52.56689922
4,4300518,2021,11,6,6,3,1,5,1,1,1,0,0,0,0,1,13.29706399,52.53057703
9,9501737,2021,10,19,6,3,5,2,2,0,1,0,1,0,0,0,13.63292072,52.45672363
7,7400720,2021,10,15,1,3,5,3,0,0,1,0,1,0,0,0,13.37135413,52.47463792
7,7501134,2021,10,19,7,3,1,5,2,0,1,0,0,0,0,0,13.38917499,52.4392649
3,3100103,2021,11,22,3,2,0,1,2,0,0,0,1,0,0,1,13.49522878,52.63550934
2,2200208,2021,11,14,5,3,5,2,0,1,1,0,0,0,0,1,13.38929028,52.4960476
1,1100309,2021,10,11,7,3,0,1,0,1,0,0,0,0,0,0,13.40075759,52.52364119
2,2300316,2021,10,16,6,3,5,3,0,1,1,0,0,0,0,0,13.43188928,52.50565695
2,2100102,2021,10,12,3,3,2,6,0,0,1,0,0,0,0,0,13.39581175,52.50359743
8,8200832,2021,10,6,4,3,5,2,2,0,1,0,1,0,0,0,13.42764463,52.42082909
10,10300734,2021,10,17,2,3,5,2,1,1,1,0,0,0,0,0,13.55017018,52.49960842
8,8200726,2021,11,10,3,3,5,2,0,0,1,0,0,0,0,1,13.44993079,52.44560238
12,12100102,2021,10,13,4,3,2,6,0,0,1,0,1,0,0,0,13.37943185,52.57069453
1,1300835,2021,10,19,1,3,8,1,2,0,1,0,0,0,0,1,13.39303887,52.53732558
4,4500937,2021,11,16,6,3,2,6,1,0,1,0,0,0,0,1,13.29486905,52.49768317
1,1401044,2021,11,6,7,3,1,7,2,0,1,0,0,0,0,0,13.3753097,52.55379151
2,2100104,2021,11,12,4,3,5,2,0,1,0,0,1,0,0,0,13.4089589,52.50414866
4,4501043,2021,11,7,1,3,1,5,0,0,1,0,0,0,1,0,13.31775148,52.49460461
1,1401048,2021,10,13,5,3,1,5,0,0,1,0,0,1,0,0,13.35663799,52.55307434
8,8100417,2021,10,15,2,3,3,6,0,0,1,0,0,0,0,0,13.45393697,52.47494469
8,8100102,2021,11,8,2,3,3,6,0,1,1,0,0,0,0,0,13.42620752,52.47741067
6,6100207,2021,11,12,4,3,5,3,0,1,0,0,1,0,0,0,13.32046957,52.44805
9,9200715,2021,11,8,6,3,2,6,0,0,1,0,0,0,0,1,13.54699172,52.43147373
7,7501029,2021,10,16,2,3,0,2,0,1,1,0,0,0,0,0,13.37840534,52.43759604
2,2500726,2021,10,19,3,3,0,2,1,1,1,0,0,0,0,1,13.45148034,52.52038771
4,4501040,2021,11,22,4,3,3,2,2,0,1,0,0,0,0,0,13.31316064,52.50055965
7,7501135,2021,11,7,4,3,0,2,0,0,1,0,0,0,1,1,13.39853058,52.41956871
9,9100203,2021,10,11,5,2,6,7,0,0,1,1,0,0,0,0,13.47511683,52.47994351
12,12500824,2021,10,23,5,3,0,1,2,1,0,0,0,0,0,0,13.30034921,52.59144918
8,8100417,2021,10,15,6,3,3,6,0,0,1,0,0,0,1,0,13.45535646,52.47410447
8,8100103,2021,11,18,1,3,1,5,2,1,1,0,0,0,0,1,13.42785691,52.4739352
1,1401048,2021,11,21,5,3,5,3,2,1,0,0,0,0,1,1,13.35468102,52.55205942
8,8100312,2021,11,9,2,3,5,7,0,0,1,0,1,0,0,0,13.43862541,52.48988017
10,10100101,2021,10,9,7,3,6,4,0,0,1,1,0,0,0,0,13.5552844,52.56821043
3,3200309,2021,11,12,3,3,0,6,0,0,0,0,0,0,1,0,13.43206493,52.60420109
9,9200819,2021,10,22,4,3,5,2,2,1,1,0,0,0,0,0,13.55931983,52.44658336
1,1100207,2021,10,6,4,2,5,2,1,0,1,0,0,0,0,0,13.40571738,52.51407912
6,6200313,2021,10,19,1,3,6,2,2,0,1,1,0,0,0,0,13.34273187,52.4345337
7,7300619,2021,11,11,7,3,2,2,0,1,1,0,0,0,0,0,13.34889069,52.45886847
8,8100209,2021,11,15,7,3,2,3,0,1,1,0,0,0,0,0,13.44046812,52.46737088
7,7200307,2021,11,13,4,3,6,7,0,0,1,1,0,0,0,0,13.3378787,52.48827708
4,4501042,2021,11,14,7,3,0,2,0,0,1,0,0,0,1,0,13.33235686,52.50628423
12,12200310,2021,10,12,1,3,5,2,0,0,1,0,0,0,0,0,13.31250857,52.56952518
8,8401242,2021,10,12,7,3,5,3,0,0,1,0,0,0,0,0,13.4789406,52.41418399
10,10200629,2021,11,8,5,3,2,6,0,0,1,0,0,0,0,0,13.57842036,52.51325509
2,2300314,2021,11,18,6,3,6,2,2,0,1,1,0,0,0,1,13.41534903,52.50301969
4,4400834,2021,10,8,2,3,0,7,0,0,0,0,1,0,0,1,13.30948581,52.4723224
9,9301228,2021,10,15,4,3,8,1,0,0,1,0,0,0,0,1,13.68379492,52.37050652
2,2200208,2021,11,8,4,3,5,2,0,0,0,0,0,1,1,1,13.37945357,52.49254185
10,10400835,2021,11,11,4,3,5,3,0,0,1,0,0,0,0,1,13.61074617,52.52689593
3,3601449,2021,10,16,5,3,5,2,1,1,1,0,0,0,0,0,13.44049365,52.54069706
10,10300733,2021,10,12,5,3,3,6,0,0,1,0,0,0,1,1,13.55759995,52.50730171
7,7400824,2021,10,10,2,3,1,5,0,1,1,0,0,0,0,0,13.38540244,52.46712292
10,10300731,2021,10,9,6,3,5,7,0,1,0,0,0,0,0,0,13.56566499,52.52889357
8,8100313,2021,11,7,2,3,6,2,0,0,1,1,0,0,0,1,13.44641562,52.48635823
1,1300836,2021,11,16,5,3,5,2,2,0,1,0,0,0,0,1,13.37045251,52.54529961
1,1100312,2021,11,9,3,3,5,3,0,1,0,0,1,0,0,0,13.40537584,52.50826494
11,11400927,2021,10,19,7,3,0,7,2,1,0,0,0,0,0,0,13.47480431,52.50282232
2,2300316,2021,10,13,5,3,5,2,0,1,1,0,0,0,0,0,13.44230446,52.5008819
4,4400833,2021,10,8,2,3,0,2,0,0,1,0,1,0,0,0,13.30783413,52.4724882
4,4100101,2021,10,22,1,3,5,2,2,0,1,0,1,0,0,0,13.32610463,52.53837732
2,2200213,2021,11,16,5,3,0,3,0,1,1,0,0,0,0,0,13.41966232,52.48983879
9,9200715,2021,11,17,1,3,2,6,1,0,1,0,0,0,0,1,13.52009845,52.4267839
9,9200512,2021,10,11,2,3,2,6,0,0,1,0,0,0,0,1,13.53995833,52.45860996
8,8301037,2021,11,17,7,3,6,2,1,0,1,1,0,0,0,1,13.47386282,52.42581847
6,6100209,2021,10,9,6,3,3,2,0,0,1,0,1,0,0,0,13.33886718,52.46551071
4,4501041,2021,10,16,6,3,5,7,0,1,1,0,0,0,0,1,13.31503289,52.50090722
10,10200421,2021,10,16,7,3,3,6,0,0,1,0,0,0,0,0,13.60464893,52.5383624
1,1100206,2021,10,16,6,3,2,2,0,1,1,0,0,0,0,0,13.38392496,52.51688557
10,10400939,2021,11,15,3,3,5,3,0,0,1,0,1,0,0,0,13.61236695,52.51124058
5,5100208,2021,11,12,5,3,2,6,0,0,1,0,0,1,0,1,13.16570317,52.55118926
11,11400929,2021,11,20,4,3,6,4,2,0,1,1,0,0,0,1,13.49923775,52.51037168
7,7601442,2021,10,21,1,2,6,2,2,0,0,1,0,0,1,1,13.40131325,52.41463747
2,2100102,2021,10,20,5,3,5,3,2,0,1,0,0,0,0,0,13.39696249,52.50531291
2,2400625,2021,10,13,3,3,1,5,0,1,1,0,0,0,0,0,13.44032249,52.50488452
1,1200520,2021,11,19,6,3,1,5,2,0,1,0,0,0,1,0,13.34334765,52.52737023
3,3501038,2021,11,13,2,3,5,3,0,1,1,0,0,0,0,0,13.47586414,52.55042898
10,10300733,2021,10,7,4,3,0,1,0,1,0,0,0,0,0,0,13.55350079,52.50251989
11,11501340,2021,10,12,1,3,2,6,0,0,1,0,0,0,0,0,13.53601411,52.47784738
7,7400721,2021,11,17,7,3,6,4,2,0,0,1,0,0,1,1,13.38691116,52.48324688
12,12100102,2021,11,15,7,3,1,5,0,1,1,0,0,0,0,0,13.37009652,52.56891547
6,6300524,2021,11,21,3,3,0,2,2,0,1,0,1,0,0,0,13.24755555,52.42682355
3,3400619,2021,11,6,6,2,5,2,2,1,0,0,0,0,1,1,13.36985077,52.58937295
5,5100209,2021,10,15,6,1,6,4,0,0,0,1,1,0,0,0,13.1829182,52.54787408
10,10100315,2021,10,13,7,3,2,6,0,0,1,0,0,0,0,0,13.56520116,52.54479108
12,12200412,2021,10,12,7,3,2,6,0,0,1,0,0,0,1,0,13.28997981,52.57554501
7,7300516,2021,11,15,4,3,6,7,0,1,0,1,0,0,0,0,13.32824523,52.46721977
1,1300733,2021,11,19,5,2,6,2,2,0,1,1,0,0,0,1,13.38447685,52.55607608
10,10300734,2021,10,13,7,3,2,2,0,0,1,0,1,0,0,0,13.56177053,52.49364367
3,3100103,2021,10,11,6,3,6,4,0,0,1,1,0,0,0,0,13.49316029,52.63636739
2,2500835,2021,10,16,4,3,2,6,0,0,0,0,1,0,1,1,13.46880546,52.50247095
1,1100416,2021,10,14,4,2,1,5,0,1,0,0,0,0,1,0,13.40243074,52.53115218
4,4500937,2021,10,13,3,3,2,6,0,1,0,0,0,0,0,0,13.29335649,52.49744872
4,4100102,2021,11,15,4,2,5,3,0,0,1,0,0,0,0,1,13.29397589,52.53348357
11,11501340,2021,11,14,3,2,3,6,0,1,0,0,0,1,0,1,13.52774151,52.489569
6,6300634,2021,10,10,4,2,5,2,0,1,1,0,0,0,0,0,13.29228978,52.44141714
9,9200715,2021,10,17,4,3,5,2,1,1,0,0,0,0,1,0,13.52947007,52.42960666
5,5100105,2021,10,8,2,3,1,5,0,0,0,0,0,0,1,0,13.20514375,52.56087677
6,6200314,2021,11,23,6,2,0,1,2,0,0,0,0,0,1,1,13.34123085,52.43368472
1,1200628,2021,11,13,7,3,2,2,0,0,1,0,0,0,0,0,13.36803271,52.52591902
3,3601451,2021,11,7,4,3,1,5,0,1,1,0,0,0,0,0,13.4372886,52.53626528
11,11200514,2021,11,10,1,2,0,6,0,0,1,0,0,0,1,0,13.47582724,52.53324591
1,1401046,2021,10,14,7,3,0,6,0,0,1,0,0,0,1,0,13.35224978,52.54299156
12,12200307,2021,10,13,5,3,0,6,0,1,1,0,0,0,0,0,13.3322879,52.57636079
2,2400625,2021,10,9,2,3,8,1,0,0,1,0,0,0,0,1,13.43782762,52.50614152
2,2500830,2021,11,13,2,3,0,1,0,1,0,0,1,0,0,1,13.45828519,52.51268276
5,5200423,2021,11,13,5,3,5,3,0,0,1,0,0,0,0,0,13.14169045,52.5325062
12,12500825,2021,11,14,6,3,5,2,0,1,1,0,0,0,0,0,13.31513214,52.58637805
1,1300733,2021,10,17,7,3,5,2,0,1,1,0,0,0,0,0,13.39209606,52.55404984
1,1100312,2021,10,9,5,3,0,7,0,1,0,0,0,0,0,0,13.41742984,52.51297807
3,3601452,2021,11,15,6,3,2,6,0,0,1,0,0,0,0,0,13.45611601,52.52842833
1,1100102,2021,11,16,4,3,2,6,2,0,1,0,0,0,0,1,13.35613128,52.50980622
1,1100312,2021,10,16,4,3,0,1,0,1,1,0,0,0,0,0,13.41051805,52.51245795
2,2500727,2021,10,8,5,3,0,7,0,0,0,0,1,0,1,1,13.45557803,52.51808654
9,9200510,2021,10,12,6,3,5,2,0,1,1,0,0,0,0,0,13.51404492,52.46234673
3,3501037,2021,11,7,2,3,5,2,0,1,1,0,0,0,0,1,13.45942158,52.56281635
1,1100310,2021,11,16,5,3,5,2,1,1,0,0,0,0,1,1,13.40977994,52.52401536
11,11400927,2021,11,7,3,3,5,3,0,1,1,0,0,0,0,0,13.47433443,52.50463933
1,1100102,2021,10,22,7,3,2,6,2,0,1,0,0,0,0,0,13.36874994,52.50890357
5,5100209,2021,10,14,5,3,4,6,0,1,0,0,0,0,1,0,13.18365776,52.5476613
12,12500824,2021,10,15,2,3,3,6,0,0,0,0,1,0,1,0,13.28911397,52.59579144
12,12500930,2021,11,12,2,3,0,7,0,0,0,1,0,0,1,0,13.33426115,52.58237851
1,1100310,2021,11,17,5,3,5,3,2,0,0,0,0,0,1,1,13.41067065,52.52797787
2,2500836,2021,11,15,1,3,6,4,0,0,1,1,0,0,0,1,13.46757797,52.49585509
3,3400830,2021,10,15,2,3,4,6,0,1,0,0,0,0,0,0,13.42756038,52.56794173
12,12200309,2021,10,17,1,3,2,6,0,0,1,0,0,0,0,0,13.33083615,52.56235753
4,4300517,2021,11,21,7,3,1,5,2,0,1,0,0,0,1,1,13.29711083,52.52845497
12,12400722,2021,10,7,6,3,2,6,0,0,1,0,0,0,0,0,13.29225239,52.60778586
6,6100209,2021,10,14,7,3,5,2,0,0,1,0,0,0,1,0,13.33935659,52.45864442
8,8100104,2021,10,21,6,3,3,6,2,1,1,0,0,0,0,1,13.43062699,52.46867582
6,6400838,2021,10,18,6,3,1,5,2,0,1,0,0,0,0,0,13.24136702,52.44382681
4,4501041,2021,11,11,3,3,2,6,0,1,1,0,0,0,0,0,13.3176479,52.50140992
5,5100104,2021,11,18,5,3,5,7,1,1,1,0,0,0,0,1,13.20846131,52.56161857
1,1300835,2021,10,9,7,3,1,6,0,1,1,0,0,0,1,0,13.38187285,52.53820816
1,1200623,2021,10,5,3,3,6,2,2,0,0,1,0,0,1,0,13.35754749,52.53590203
4,4500936,2021,10,1,4,3,0,1,2,0,0,0,0,0,1,0,13.30514661,52.50255628
7,7200307,2021,11,16,1,3,0,6,2,1,0,0,0,0,0,1,13.34526929,52.49199442
8,8100416,2021,10,8,3,3,0,7,0,0,0,0,0,0,1,0,13.43981824,52.47590909
8,8300935,2021,10,13,5,3,6,4,0,0,1,1,0,0,0,0,13.45469658,52.42346367
12,12500926,2021,10,11,3,3,6,4,0,0,1,1,0,0,0,0,13.33510872,52.5956528
1,1100101,2021,11,18,2,3,5,2,2,1,1,0,0,0,0,1,13.35153634,52.50951353
4,4300624,2021,11,14,5,3,2,6,0,1,1,0,0,0,0,0,13.31746088,52.51196124
8,8401241,2021,11,13,7,3,5,3,0,0,1,0,0,0,0,0,13.47239822,52.43680941
6,6100209,2021,10,18,3,3,2,6,1,0,1,0,0,0,0,0,13.33333789,52.45833579
11,11200513,2021,11,7,6,3,5,3,1,1,1,0,0,0,0,0,13.49483432,52.54543035
11,11200411,2021,10,17,5,2,5,3,0,1,1,0,0,0,0,0,13.50830363,52.55007688
2,2300314,2021,10,20,6,3,4,6,2,0,1,0,0,0,0,1,13.42113818,52.50390149
10,10100205,2021,10,15,6,2,0,3,0,0,1,0,1,0,0,1,13.54318643,52.55362377
1,1100415,2021,10,23,6,2,5,3,2,0,1,0,0,0,0,0,13.3936544,52.53218607
12,12500930,2021,11,5,3,3,5,2,2,1,1,0,0,0,0,1,13.32380143,52.58738793
2,2500830,2021,11,8,6,3,0,1,0,0,0,0,1,0,0,1,13.45358853,52.51412975
5,5100317,2021,11,6,4,3,2,6,1,0,1,0,0,0,0,1,13.2291311,52.52827494
8,8100521,2021,10,22,1,3,6,7,2,0,1,1,0,0,0,0,13.46702844,52.46864763
2,2500832,2021,10,14,2,2,5,3,0,0,1,0,1,0,0,0,13.46751502,52.50961503
11,11200411,2021,10,5,3,3,5,3,2,1,1,0,0,0,0,0,13.51182803,52.55065032
8,8100417,2021,11,16,2,3,6,2,0,1,0,1,0,1,0,0,13.45582152,52.47380072
6,6100208,2021,10,12,3,3,2,6,0,0,1,0,0,0,0,1,13.33908259,52.45656957
1,1401046,2021,10,9,4,3,5,3,0,1,1,0,0,0,0,0,13.35411019,52.54168197
1,1300834,2021,11,18,7,3,6,2,2,0,1,1,0,0,0,1,13.39601806,52.53837546
3,3400619,2021,11,18,2,3,0,3,2,0,1,0,1,0,0,1,13.36842016,52.58969315
1,1200520,2021,11,11,3,3,2,3,0,1,1,0,0,0,0,1,13.3385488,52.53026199
6,6400842,2021,11,14,6,3,6,4,0,1,0,1,0,0,0,0,13.26633684,52.45199047
5,5200423,2021,10,13,7,3,6,7,0,0,1,1,0,0,0,0,13.15574691,52.53307724
11,11401033,2021,10,11,7,3,6,4,0,0,0,1,0,0,1,0,13.53277387,52.51278604
2,2100101,2021,11,17,3,3,5,2,2,0,1,0,0,0,1,0,13.38871708,52.4993236
6,6400838,2021,11,13,5,3,6,4,0,0,0,1,0,0,1,0,13.24032604,52.44278047
5,5100105,2021,10,15,6,3,2,6,0,0,1,0,0,0,0,0,13.20100099,52.55542828
5,5100315,2021,10,11,6,2,2,4,0,0,1,1,0,0,0,0,13.19876085,52.54281209
2,2400521,2021,10,21,3,3,5,2,2,0,1,0,0,0,1,1,13.42993233,52.52317177
12,12500928,2021,10,18,3,3,0,3,2,0,1,0,1,0,0,0,13.31229529,52.60454956
11,11501238,2021,11,9,4,3,5,3,0,1,1,0,0,0,0,0,13.48509138,52.49596802
12,12200309,2021,11,18,3,3,2,2,1,0,1,0,1,0,0,1,13.32604097,52.56460063
1,1300834,2021,10,13,4,3,2,2,0,0,1,0,1,0,0,0,13.3893398,52.54700696
1,1200627,2021,10,9,6,3,0,7,0,0,1,0,1,0,0,0,13.36499359,52.52600785
12,12200309,2021,10,0,2,3,1,1,2,0,1,0,0,0,0,1,13.32877151,52.56625864
4,4300517,2021,11,13,6,3,3,6,0,0,1,0,0,0,0,1,13.29726208,52.52696213
6,6200313,2021,11,18,1,3,6,2,2,0,1,1,0,0,0,1,13.34586255,52.43621209
8,8100208,2021,11,17,4,2,0,4,2,1,0,1,0,0,0,0,13.43466805,52.47260589
12,12500824,2021,11,13,3,2,6,4,0,0,1,1,0,0,0,0,13.29163557,52.59514666
7,7601339,2021,10,12,6,3,5,2,0,1,1,0,0,0,0,0,13.3501086,52.41429517
12,12200412,2021,10,13,5,3,5,7,0,0,1,0,1,0,0,0,13.27821052,52.57572623
6,6400735,2021,10,15,1,3,5,7,0,1,1,0,0,0,0,0,13.12479917,52.42825754
5,5100317,2021,10,6,1,3,2,6,0,0,1,0,0,0,0,0,13.22789828,52.52833321
4,4200311,2021,11,10,4,3,2,6,0,0,1,0,0,0,0,0,13.28148858,52.50130795
11,11401136,2021,11,10,6,3,5,2,0,0,1,0,0,0,1,0,13.49999818,52.49895528
1,1100310,2021,10,16,3,3,6,4,0,1,0,1,0,0,0,1,13.41016975,52.51754814
9,9100101,2021,10,9,5,3,5,3,0,1,0,0,0,0,0,0,13.4403622,52.48990713
4,4400728,2021,11,9,6,3,5,7,0,0,1,0,1,0,0,0,13.28089055,52.47828198
5,5300840,2021,11,20,4,3,2,6,2,0,1,0,0,0,0,0,13.26650475,52.53355077
12,12200310,2021,10,18,4,2,0,1,0,0,0,0,1,0,0,0,13.31150682,52.56791275
7,7400721,2021,10,5,7,3,9,1,2,0,0,0,1,0,0,1,13.3774186,52.47936922
4,4500937,2021,10,12,6,3,1,5,0,1,1,0,0,0,0,0,13.28624956,52.49772046
1,1100310,2021,11,9,3,2,5,3,0,1,0,0,0,0,1,1,13.41197506,52.52817524
1,1300835,2021,11,17,5,3,6,4,1,0,1,1,0,0,0,1,13.38301909,52.5420474
6,6400844,2021,11,13,3,3,3,6,0,0,1,0,0,0,1,0,13.30956052,52.4671091
4,4501045,2021,10,21,7,3,0,3,0,0,1,0,0,0,1,0,13.33122785,52.49541572
11,11501341,2021,10,14,5,3,5,3,0,0,1,0,1,0,0,0,13.52357693,52.47882402
12,12601235,2021,10,7,3,3,5,2,2,1,1,0,0,0,0,0,13.36053154,52.59680995
7,7100205,2021,11,16,2,3,2,6,1,0,1,0,0,0,0,1,13.36600035,52.49548936
1,1300730,2021,11,8,5,3,0,2,0,1,1,0,0,0,0,0,13.37065005,52.55906021
1,1100313,2021,11,19,1,3,5,2,2,1,1,0,0,0,0,1,13.42104211,52.50980291
1,1100205,2021,10,6,3,3,5,3,0,0,1,0,0,0,1,1,13.38340124,52.51153722
11,11400929,2021,11,17,7,3,5,2,2,0,1,0,1,0,0,1,13.50035009,52.5106708
6,6400843,2021,11,9,2,3,5,3,0,0,1,0,0,0,0,1,13.28597725,52.44960959
3,3100103,2021,10,8,5,3,1,5,0,0,1,0,0,1,0,0,13.4972165,52.62857987
12,12200307,2021,10,17,6,3,5,2,1,0,1,0,0,0,0,1,13.33067929,52.57109706
8,8100209,2021,10,15,2,3,5,2,0,1,1,0,0,0,0,0,13.44238844,52.46576829
8,8100104,2021,10,13,6,3,4,6,0,1,0,0,0,0,1,0,13.42069821,52.46888503
5,5300737,2021,11,8,4,3,5,3,0,1,1,0,0,0,0,0,13.24163029,52.54337407
10,10400938,2021,11,9,5,3,5,3,0,1,0,0,0,0,1,0,13.62374866,52.52190103
10,10300733,2021,10,17,6,3,2,6,0,0,1,0,0,0,0,0,13.56156737,52.50715815
5,5300840,2021,10,15,3,3,4,6,0,0,1,0,0,0,1,0,13.2639731,52.53847974
7,7601236,2021,10,18,3,3,5,3,2,0,1,0,0,0,0,1,13.36014719,52.41791758
1,1300835,2021,10,8,2,3,5,2,0,1,1,0,0,0,0,0,13.39130208,52.53621992
1,1300835,2021,11,8,2,3,5,2,0,1,1,0,0,0,0,0,13.38677104,52.54345054
4,4300517,2021,10,15,4,3,5,3,0,1,1,0,0,0,0,0,13.301066,52.52806897
1,1400942,2021,10,15,4,3,5,2,0,0,1,0,0,0,0,0,13.34393914,52.54643041
1,1401043,2021,11,18,7,3,0,1,2,1,0,0,0,0,0,0,13.36384461,52.54830015
1,1401047,2021,11,9,3,3,5,3,0,1,1,0,0,0,0,1,13.35628351,52.54320751
3,3200207,2021,11,21,7,3,1,5,2,0,1,0,1,0,0,0,13.40695911,52.59067393
9,9200715,2021,10,11,1,3,2,2,0,0,1,0,0,0,0,0,13.52669539,52.42646196
8,8200730,2021,10,13,7,2,1,5,0,0,0,0,1,0,1,0,13.43982525,52.43144879
8,8100314,2021,11,22,5,3,5,3,2,0,1,0,0,0,0,1,13.43456352,52.482792
9,9200613,2021,11,19,5,3,2,6,2,0,1,0,0,0,0,0,13.52877662,52.45226137
3,3701659,2021,10,9,2,3,6,7,0,0,1,1,0,0,0,0,13.42443664,52.53293753
11,11300722,2021,10,7,4,3,5,2,0,1,1,0,0,0,0,0,13.47945155,52.51619707
2,2400623,2021,11,11,5,3,5,2,0,1,1,0,0,0,0,0,13.43734543,52.51081187
4,4400835,2021,11,11,3,3,5,2,0,0,1,0,1,0,0,1,13.31484261,52.46942384
6,6200317,2021,10,13,5,3,5,3,0,0,1,0,0,0,1,0,13.35192738,52.41857866
3,3400721,2021,10,15,5,3,1,5,0,1,1,0,0,0,0,1,13.40172322,52.56868647
1,1100312,2021,10,15,2,3,1,5,0,1,1,0,0,0,0,0,13.41760087,52.51334903
5,5100314,2021,11,14,6,3,5,3,0,0,1,0,1,0,0,1,13.20266052,52.54984301
4,4501043,2021,11,7,2,3,1,5,0,0,1,0,1,0,0,1,13.31107019,52.49583969
7,7601341,2021,11,13,5,2,6,4,0,0,1,1,0,0,0,1,13.38220136,52.39938756
6,6400838,2021,11,8,2,3,5,3,0,0,1,0,0,0,0,1,13.2476638,52.46747413
3,3400724,2021,10,12,7,3,2,6,0,1,1,0,0,0,0,0,13.42876759,52.58174554
10,10300734,2021,10,12,5,3,5,2,0,0,1,0,0,0,0,0,13.5603724,52.48660223
5,5100314,2021,10,10,2,3,2,6,0,0,1,0,0,0,0,0,13.20557215,52.54182107
5,5300736,2021,10,21,4,3,5,2,2,0,1,0,0,0,0,0,13.21737309,52.53780364
4,4501149,2021,11,13,7,3,5,2,0,1,1,0,0,0,0,0,13.32306717,52.49067983