BEZ,LOR_ab_2021,UJAHR,UMONAT,USTUNDE,UWOCHENTAG,UKATEGORIE,UART,UTYP1,ULICHTVERH,IstRad,IstPKW,IstFuss,IstKrad,IstGkfz,IstSonstige,USTRZUSTAND,XGCSWGS84,YGCSWGS84
9,9200715,2021,11,9,2,3,5,3,0,1,1,0,0,0,0,1,13.5504115,52.42915252
11,11300620,2021,11,19,3,3,5,2,2,0,1,0,0,0,0,0,13.47627905,52.53310489
1,1200517,2021,11,16,2,3,5,3,0,0,1,0,0,0,0,0,13.34169647,52.53483763
5,5400944,2021,10,8,7,3,7,7,0,1,0,0,0,0,0,0,13.1436323,52.45535062
1,1100207,2021,10,11,7,2,5,2,0,0,1,0,1,0,0,0,13.39182489,52.5105007
5,5100209,2021,11,20,3,3,5,3,2,1,1,0,0,0,0,1,13.17194199,52.55013197
8,2200212,2021,11,19,5,3,0,6,2,0,1,0,1,0,0,1,13.42351026,52.48656279
2,2200209,2021,10,5,1,3,9,7,2,0,1,0,0,0,0,0,13.38590851,52.48738095
4,4200311,2021,10,7,4,3,5,2,0,0,1,0,0,0,0,0,13.28139989,52.51283641
4,4100101,2021,10,12,3,3,5,2,0,0,1,0,0,0,0,0,13.32611175,52.53834505
3,3300412,2021,11,10,5,3,1,5,0,1,1,0,0,0,0,0,13.47363336,52.60995417
6,6400844,2021,11,7,3,3,1,5,0,1,1,0,0,0,0,1,13.30532563,52.46564862
6,6300528,2021,10,10,4,3,5,3,0,1,1,0,0,0,0,0,13.25007242,52.42123494
4,4200310,2021,10,10,5,3,2,7,0,0,1,0,1,0,0,1,13.26737724,52.51417224
1,1100101,2021,11,20,7,3,5,2,2,0,1,0,0,0,1,0,13.34601696,52.50400401
10,10300734,2021,11,22,1,3,4,6,2,0,1,0,0,0,0,1,13.56153478,52.50170333
2,2200211,2021,11,16,4,3,6,4,1,0,0,1,0,0,1,0,13.39456068,52.48737405
8,8100417,2021,11,17,3,3,1,5,1,1,0,0,0,0,1,0,13.45113562,52.47355068
1,1300834,2021,10,15,7,3,6,4,0,1,0,1,0,0,0,0,13.39099336,52.5448523
9,9200716,2021,10,14,4,2,0,3,0,1,1,0,0,0,0,0,13.54991445,52.43626561
5,5400943,2021,10,6,1,2,8,1,2,0,1,0,0,0,0,0,13.14169943,52.45542553
3,3501037,2021,10,15,1,3,2,1,0,1,0,0,0,0,0,0,13.46066018,52.5638208
12,12100204,2021,11,7,4,3,2,3,0,0,1,0,0,0,1,0,13.36287528,52.56662396
3,3601142,2021,11,18,5,3,5,2,2,1,0,0,1,0,0,1,13.4132368,52.54767621
5,5300735,2021,10,15,2,3,5,3,0,0,1,0,0,0,1,0,13.22700943,52.54939337
2,2500830,2021,10,20,4,3,5,2,2,1,1,0,0,0,0,0,13.45769721,52.51280133
6,6200312,2021,11,17,6,2,6,4,1,0,1,1,0,0,0,0,13.34302581,52.43967448
1,1401049,2021,11,9,4,3,5,3,0,1,1,0,0,0,0,1,13.36668252,52.55729216
5,5100315,2021,10,18,4,3,6,4,1,0,1,1,0,0,0,0,13.19830424,52.54845094
1,1100310,2021,10,23,5,3,5,3,2,0,1,0,0,0,0,0,13.41229322,52.51593556
8,8200729,2021,10,21,6,3,1,7,2,0,1,0,0,0,0,1,13.43188888,52.4401726
9,9200717,2021,10,21,1,3,5,2,2,1,1,0,0,0,0,1,13.55502377,52.43253311
7,7601341,2021,10,12,6,3,2,6,0,0,1,0,1,0,0,0,13.38152777,52.41082862
4,4400833,2021,11,18,2,2,6,2,2,0,1,1,0,0,0,0,13.29964078,52.47330867
11,11400931,2021,11,14,5,3,0,3,0,0,1,0,1,0,0,1,13.51604804,52.50581277
3,3501038,2021,11,14,4,3,5,2,0,0,1,0,0,0,1,0,13.47037116,52.5537187
3,3200204,2021,10,18,1,3,2,2,1,0,1,0,1,0,0,0,13.40218218,52.60287061
9,9501737,2021,10,15,5,3,1,5,0,0,1,0,0,0,0,0,13.62021678,52.44666884
1,1100310,2021,10,7,3,3,5,3,0,1,1,0,0,0,0,0,13.41515451,52.52083594
8,8100419,2021,11,13,2,3,6,4,0,0,1,1,0,0,0,1,13.45318897,52.48287403
6,6100206,2021,11,11,7,2,5,7,0,1,1,0,0,0,0,0,13.33965441,52.44776802
6,6200313,2021,11,7,2,3,2,6,0,0,1,0,0,0,0,1,13.35207282,52.43579196
9,9301024,2021,10,11,3,3,2,7,0,0,1,0,0,0,1,0,13.56874123,52.40517883
2,2300315,2021,11,18,7,3,5,3,2,1,1,0,0,0,0,1,13.43041849,52.4992144
11,11200411,2021,11,22,2,2,6,6,2,1,0,1,0,0,0,1,13.50775348,52.54504034
4,4500939,2021,11,15,2,3,6,4,0,0,1,1,0,0,0,1,13.31277395,52.48987297
1,1100206,2021,10,14,6,3,6,2,0,0,1,1,0,0,0,0,13.38392061,52.51691312
2,2100101,2021,10,17,6,3,5,2,0,1,0,0,0,0,1,1,13.38662062,52.505373
11,11200410,2021,10,12,2,3,5,2,0,0,1,0,0,0,0,0,13.50115101,52.56070522
7,7400927,2021,10,16,6,3,5,2,0,0,1,0,1,0,0,0,13.39341104,52.45796564
3,3601450,2021,11,17,3,2,6,7,2,0,1,1,0,0,0,0,13.45167896,52.53503769
6,6100207,2021,11,16,5,2,5,3,1,1,1,0,0,0,0,1,13.32874848,52.45417061
9,9301025,2021,10,9,7,2,6,4,0,0,1,1,0,0,0,0,13.53676615,52.39787901
3,3300516,2021,10,15,3,2,2,6,0,0,1,0,0,0,1,0,13.444312,52.5652369
12,12400619,2021,10,17,3,2,4,6,0,1,0,0,0,0,0,0,13.27574038,52.59750842
7,7200307,2021,10,21,2,3,5,3,2,1,1,0,0,0,0,1,13.33910891,52.49231657
11,11401137,2021,11,18,3,3,3,6,1,0,1,0,0,0,0,0,13.52487018,52.49562162
5,5200629,2021,10,15,4,2,6,4,0,0,1,1,0,0,0,0,13.19582126,52.52926985
4,4200309,2021,10,16,4,3,2,6,0,0,1,0,1,0,0,0,13.25762459,52.51875672
6,6100207,2021,11,10,6,3,5,3,0,0,1,0,0,0,0,1,13.32639121,52.44758348
3,3601245,2021,11,17,1,2,5,3,2,0,1,0,1,0,0,1,13.43412702,52.54579714
1,1200623,2021,11,9,5,3,5,2,0,0,1,0,0,0,0,1,13.35058208,52.53254301
1,1200629,2021,11,12,7,3,5,2,0,1,1,0,0,0,0,0,13.34140687,52.52057782
1,1100308,2021,10,16,1,3,9,1,1,0,1,0,0,0,0,0,13.37924659,52.52945577
9,9501941,2021,10,19,7,3,4,6,2,1,0,0,0,0,0,0,13.59331104,52.4501155
5,5400943,2021,11,12,5,3,2,7,0,0,1,0,0,0,0,0,13.13853782,52.45517324
4,4200308,2021,11,9,6,3,5,3,0,0,1,0,0,0,0,0,13.28026355,52.51832536
6,6200312,2021,10,21,7,3,1,7,2,0,1,0,0,0,1,0,13.33291839,52.43989851
9,9200512,2021,10,18,4,3,5,2,1,1,1,0,0,0,0,0,13.53653258,52.45993509
12,12500825,2021,11,16,5,3,2,6,1,0,1,0,0,0,0,0,13.32221517,52.58756612
3,3400724,2021,11,8,3,2,5,2,0,1,1,0,0,0,0,1,13.42875718,52.57800946
8,8401243,2021,10,15,5,3,5,3,0,0,1,0,0,0,0,0,13.49126271,52.42057431
3,3601450,2021,10,10,5,3,0,1,0,0,0,0,1,0,0,1,13.4625667,52.53184005
4,4400830,2021,10,15,6,3,0,1,0,0,0,0,1,0,0,1,13.28866158,52.47678293
9,9501736,2021,11,23,1,2,9,1,2,0,1,0,0,0,0,1,13.59832073,52.45257485
7,7400822,2021,11,18,5,3,2,6,2,0,1,0,0,0,0,1,13.3701369,52.46514225
1,1300732,2021,11,17,3,3,0,3,1,1,1,0,0,0,0,0,13.39133514,52.56344871
8,8100207,2021,10,15,6,3,5,7,0,0,1,0,0,0,0,0,13.42884159,52.47789178
4,4501146,2021,10,11,5,3,3,6,0,1,1,0,0,0,0,0,13.32043979,52.48546949
11,11100204,2021,10,7,2,3,6,4,1,0,1,1,0,0,0,0,13.51291092,52.56631824
10,10200422,2021,10,14,1,3,5,3,0,1,0,0,0,0,0,0,13.6085282,52.54299402
7,7501029,2021,11,22,5,3,2,6,2,0,1,0,0,0,1,1,13.37904434,52.4482701
5,5300736,2021,11,4,7,3,0,1,2,0,0,0,0,0,1,0,13.23007456,52.54659029
6,6200422,2021,10,10,2,3,2,6,0,0,1,0,0,1,0,0,13.32619854,52.42784988
7,7400822,2021,10,9,5,3,5,2,0,0,1,0,1,0,0,0,13.37061442,52.47050228
1,1200519,2021,11,0,6,3,0,7,2,1,0,0,0,0,0,1,13.33351806,52.52784405
1,1401045,2021,10,1,5,3,8,1,2,0,1,0,0,0,0,0,13.37637012,52.55635102
6,6400737,2021,10,19,6,3,5,7,2,0,1,0,0,0,0,1,13.22396448,52.42968047
3,3701554,2021,10,13,7,2,6,4,0,1,0,1,0,0,0,0,13.40975334,52.53589281
8,8100311,2021,10,17,7,3,6,7,0,0,0,1,0,0,1,0,13.43243473,52.48834206
3,3601346,2021,11,17,2,3,2,6,2,1,1,0,0,0,1,1,13.41672193,52.54704581
4,4501147,2021,11,9,6,3,6,4,0,1,0,1,0,0,0,1,13.32169626,52.48822353
4,4200311,2021,11,7,4,3,5,2,0,0,1,0,0,0,0,1,13.2815406,52.51100987
4,4300517,2021,10,2,1,3,8,1,2,0,1,0,0,0,1,0,13.30025875,52.52269479
8,8100104,2021,10,7,5,3,2,6,0,0,0,0,0,0,1,1,13.4301212,52.46986215
3,3500933,2021,10,9,3,3,2,7,0,0,1,0,1,0,0,0,13.45517822,52.55921784
7,7100206,2021,11,13,2,3,1,5,0,1,1,0,0,0,0,1,13.37258938,52.48789897
1,1401047,2021,11,14,7,3,5,2,0,0,1,0,0,0,1,0,13.35909173,52.54627471
12,12500929,2021,11,10,2,3,2,2,0,0,1,0,0,0,0,1,13.36182016,52.60861667
12,12601031,2021,10,7,4,3,2,2,0,0,1,0,0,0,0,1,13.32653152,52.60465522
5,5100208,2021,11,19,7,2,6,2,2,0,1,1,0,0,0,1,13.16547,52.55108533
1,1100310,2021,11,20,1,3,5,2,2,0,1,0,0,0,0,1,13.41182226,52.52396765
8,8100209,2021,11,16,4,3,5,2,0,1,1,0,0,0,0,0,13.43624528,52.46745943
4,4500938,2021,11,4,6,3,8,1,2,0,1,0,0,0,0,1,13.28969489,52.49496121
4,4300416,2021,11,7,2,3,5,2,1,0,0,0,1,0,1,0,13.30151157,52.50979466
9,9200715,2021,11,10,5,3,2,7,0,0,1,0,0,0,0,2,13.55313529,52.42734531
1,1401046,2021,11,22,7,3,6,2,2,0,1,1,0,0,0,0,13.3494112,52.54234954
9,9200819,2021,10,18,2,3,0,7,0,0,0,0,0,0,1,0,13.56010712,52.44640416
5,5100314,2021,10,12,5,3,6,4,0,0,1,1,0,0,0,1,13.20559191,52.54183953
9,9200510,2021,11,10,7,3,5,3,0,1,1,0,0,0,0,0,13.51346283,52.46459675
6,6100210,2021,10,14,5,3,0,7,0,0,0,0,0,1,1,0,13.34665661,52.45903159
12,12100205,2021,10,7,5,3,5,3,0,1,0,0,0,0,1,1,13.35163281,52.57806933
9,9501737,2021,10,14,7,2,4,1,0,0,1,0,0,0,0,0,13.64330312,52.4790863
4,4300412,2021,10,5,1,2,5,3,2,1,1,0,0,0,0,0,13.29949078,52.51975876
1,1100206,2021,10,11,6,3,2,6,0,0,1,0,1,0,0,0,13.38397818,52.51841979
6,6100101,2021,11,14,2,2,6,4,0,0,0,1,0,1,0,0,13.32030723,52.4570194
4,4300620,2021,11,17,5,3,6,4,2,0,1,1,0,0,0,1,13.32743128,52.52202214
7,7501031,2021,11,15,4,3,1,4,0,0,1,1,0,0,0,0,13.38670783,52.45057682
2,2200209,2021,10,16,1,3,3,6,0,0,1,0,1,0,0,0,13.37263054,52.48504749
6,6400841,2021,10,19,5,3,5,3,2,0,1,0,0,0,0,0,13.27028533,52.44235094
2,2500835,2021,10,14,3,3,6,4,0,0,1,1,0,0,0,0,13.46572878,52.5014055
1,1300733,2021,11,16,3,3,2,6,1,0,1,0,0,0,0,0,13.38417749,52.55593
11,11300619,2021,11,1,7,3,9,1,2,0,1,0,0,0,0,0,13.46729585,52.52390809
1,1100207,2021,11,11,2,3,5,3,0,1,1,0,0,0,0,0,13.38996617,52.50944457
5,5200629,2021,10,15,3,2,1,5,0,1,0,0,0,0,1,1,13.19461744,52.53180133
11,11300722,2021,11,12,7,2,4,6,0,0,1,0,0,0,0,0,13.48094609,52.52312542
3,3500932,2021,11,20,1,3,2,6,2,0,1,0,0,0,0,1,13.45702623,52.56089858
9,9501939,2021,11,14,3,3,6,4,0,1,0,1,0,0,0,1,13.57873063,52.45787365
1,1400940,2021,11,18,6,3,3,6,1,1,1,0,0,0,0,1,13.35300578,52.55951608
10,10100311,2021,10,10,6,3,5,3,0,0,1,0,0,0,0,0,13.5247895,52.53629682
5,5100208,2021,10,16,6,3,3,1,0,1,1,0,0,0,0,1,13.15526165,52.5513612
6,6400844,2021,10,17,7,2,6,4,1,0,1,1,0,0,0,0,13.28820751,52.46498329
9,9200510,2021,11,15,4,3,6,4,0,1,0,1,0,0,0,0,13.51392078,52.46288498
11,11400927,2021,11,9,5,3,5,3,0,0,1,0,0,0,0,1,13.47129075,52.50519489
3,3601451,2021,10,9,6,3,1,5,0,1,1,0,0,0,0,0,13.43954933,52.53562014
3,3500936,2021,10,16,6,3,0,7,0,0,1,0,0,0,0,0,13.44865484,52.54664832
4,4300619,2021,10,13,3,3,5,2,0,0,1,0,1,0,0,0,13.30642972,52.51859316
8,8100104,2021,10,11,4,3,1,5,0,1,1,0,0,1,0,0,13.4291599,52.47145189
12,12601235,2021,10,11,2,3,5,3,0,0,1,0,0,0,0,0,13.36041672,52.59690903
6,6100205,2021,11,15,3,3,2,2,0,0,1,0,1,0,0,1,13.3496484,52.44964678
12,12500930,2021,10,14,4,3,5,2,0,0,1,0,0,0,1,0,13.31541487,52.57792765
8,8200622,2021,11,23,6,3,5,3,1,0,1,0,0,0,1,1,13.44091446,52.46083413
4,4200203,2021,11,13,7,3,5,3,0,1,1,0,0,0,0,0,13.2496798,52.51557566
5,5300735,2021,11,18,4,3,5,2,1,0,1,0,0,0,0,0,13.22723383,52.54947005
3,3400724,2021,11,15,1,2,6,4,0,0,1,1,0,0,0,0,13.42756324,52.57690838
5,5200420,2021,10,13,7,3,2,6,0,0,1,0,0,0,0,0,13.174955,52.53383438
6,6200421,2021,10,15,7,3,1,1,0,1,1,0,0,0,0,1,13.32506945,52.43697443
2,2200210,2021,11,19,4,3,5,3,2,0,1,0,0,0,0,0,13.4044419,52.49520945
8,8100417,2021,11,14,6,3,5,3,0,1,1,0,0,0,0,0,13.44751009,52.47260494
3,3200205,2021,10,18,7,3,5,2,1,1,1,0,0,0,0,0,13.40251027,52.58559586
6,6200313,2021,10,22,3,3,6,4,2,0,1,1,0,0,0,1,13.34591059,52.43644214
11,11300721,2021,11,13,5,3,5,3,0,1,1,0,0,0,0,0,13.49650479,52.53398574
6,6100102,2021,11,2,4,3,8,1,2,0,1,0,0,0,0,1,13.3248993,52.45824408
3,3601453,2021,10,10,5,3,5,3,0,1,1,0,0,0,0,0,13.4653622,52.52343443
2,2300417,2021,10,19,5,3,5,3,1,1,1,0,0,0,0,1,13.42764435,52.49619403
1,1200628,2021,10,21,6,3,9,1,2,0,0,0,1,0,0,0,13.37331754,52.52766681
10,10200419,2021,11,6,2,3,6,2,1,0,1,1,0,0,0,1,13.59951151,52.54390549
9,9200613,2021,11,16,5,3,5,3,1,1,1,0,0,0,0,1,13.50240504,52.46123204
6,6300632,2021,11,16,2,3,2,6,2,0,1,0,0,0,0,0,13.30770913,52.42965053
8,8100105,2021,10,15,7,3,6,4,0,0,1,1,0,0,0,0,13.42361922,52.46544309
6,6100206,2021,10,18,5,2,5,3,2,1,1,0,0,0,0,0,13.33017236,52.44529752
1,1401046,2021,10,15,3,3,5,7,0,1,1,0,0,0,0,0,13.35144046,52.53945451
1,1100312,2021,11,15,2,3,1,5,0,1,1,0,0,0,0,1,13.40897735,52.51039374
5,5200524,2021,11,9,5,3,5,3,0,0,1,0,0,0,1,0,13.13323173,52.52632993
1,1100206,2021,11,1,1,3,5,3,2,0,1,0,0,0,0,0,13.39078803,52.51573836
10,10100311,2021,10,10,3,3,2,6,0,0,1,0,0,0,0,1,13.51746286,52.53535435
6,6400843,2021,11,11,5,3,2,2,0,0,1,0,0,0,0,0,13.29312106,52.44665011
10,10100311,2021,10,14,5,3,5,2,0,1,1,0,0,0,0,0,13.52934344,52.52561018
1,1100416,2021,10,9,6,3,5,3,0,1,1,0,0,0,0,0,13.40561898,52.53453765
1,1401046,2021,10,23,7,3,5,2,2,0,1,0,0,0,0,0,13.34949577,52.54226042
1,1300733,2021,10,16,6,2,6,7,0,1,0,1,0,0,0,0,13.3860046,52.55588942
3,3601244,2021,11,10,3,3,5,3,0,1,1,0,0,0,0,0,13.42699977,52.55221122
10,10200524,2021,11,7,6,2,6,7,0,0,1,1,0,0,0,1,13.61985376,52.53926706
1,1100206,2021,11,13,4,3,5,2,0,1,1,0,0,0,0,0,13.39302184,52.51500761
4,4400830,2021,10,22,1,3,6,4,2,0,1,1,0,0,0,0,13.30852754,52.47932785
7,7200308,2021,10,17,3,3,5,5,0,0,0,0,1,0,1,0,13.34290054,52.48409223
7,7400927,2021,10,12,4,3,6,7,0,0,0,1,0,0,1,0,13.38440991,52.45697597
11,11100204,2021,11,15,2,3,2,6,0,0,1,0,0,0,0,0,13.51255032,52.56592551
5,5200631,2021,10,7,3,3,0,7,1,0,1,0,0,0,0,1,13.19768857,52.52301553
1,1100102,2021,10,17,1,3,5,2,0,1,1,0,0,0,0,0,13.36425665,52.50996969
1,1100206,2021,11,9,7,3,5,3,0,0,1,0,0,1,0,0,13.39296204,52.51500372
5,5100105,2021,11,9,2,3,5,3,0,0,1,0,1,0,0,1,13.1942789,52.55555138
4,4501042,2021,11,9,3,3,0,7,0,1,0,0,0,0,0,0,13.33619566,52.50527957
8,8100417,2021,11,16,6,3,6,7,2,0,0,1,0,0,1,1,13.44935756,52.47501705
8,8100314,2021,10,22,7,3,5,3,2,0,1,0,0,0,0,1,13.43454105,52.48292748
11,11401136,2021,10,9,1,3,5,2,0,1,1,0,0,0,0,0,13.5069958,52.49685213
11,11401137,2021,11,12,4,3,6,4,0,0,0,1,0,0,1,0,13.5200818,52.50529147
11,11400929,2021,11,18,5,3,6,4,2,0,1,1,0,0,0,1,13.49451935,52.50383726
2,2500831,2021,10,18,7,3,0,3,0,0,1,0,1,0,0,0,13.46649757,52.50996939
5,5200629,2021,10,15,6,3,6,7,0,0,0,1,0,0,1,0,13.19780256,52.53311315
7,7601236,2021,10,11,4,3,5,2,0,1,1,0,0,0,0,0,13.36093695,52.41700543
10,10100205,2021,10,16,3,3,5,7,0,0,1,0,0,0,0,0,13.5506247,52.55998995
4,4501149,2021,11,17,5,3,1,5,2,1,1,0,0,0,0,1,13.3264783,52.49091527
4,4501043,2021,11,7,3,3,0,2,2,0,1,0,1,0,0,1,13.31267419,52.49925601
9,9501941,2021,10,7,4,3,2,2,1,0,1,0,0,0,0,0,13.59316199,52.45167587
7,7501133,2021,10,10,4,3,5,2,0,1,1,0,0,0,0,0,13.38286278,52.43825294
1,1401045,2021,10,8,2,3,0,6,0,0,1,0,1,0,0,0,13.37474715,52.55679016
5,5300736,2021,11,17,6,3,2,6,1,0,1,0,1,0,0,1,13.22691936,52.53777689
11,11200512,2021,11,9,7,3,0,1,0,1,0,0,0,0,0,1,13.46990318,52.54130217
2,2200208,2021,11,14,4,3,4,6,0,1,0,0,0,0,0,0,13.3870978,52.49315304
6,6400844,2021,11,20,2,2,0,1,2,0,0,0,1,0,0,0,13.27796973,52.4655487
5,5300736,2021,10,16,7,3,2,6,0,0,1,0,1,0,0,0,13.21693984,52.5377797
4,4501041,2021,10,12,5,3,2,6,0,0,1,0,0,0,0,0,13.31907408,52.50162296
12,12500930,2021,10,11,2,3,5,2,0,1,1,0,0,0,0,0,13.31524287,52.5779174
4,4200308,2021,10,20,1,3,1,5,2,0,1,0,0,0,0,0,13.27710855,52.51868031
10,10200526,2021,11,13,4,3,2,6,0,1,1,0,0,0,0,0,13.60150933,52.53328047
7,7300517,2021,11,15,6,3,0,1,0,0,0,0,1,0,0,1,13.34020497,52.4755177
3,3400722,2021,10,16,2,2,5,7,0,1,1,0,0,0,0,0,13.40804131,52.57289193
1,1100313,2021,9,7,4,3,3,6,0,1,1,0,0,0,0,0,13.42816503,52.50723579
10,10400941,2021,9,16,2,3,6,4,0,0,1,1,0,0,0,0,13.60237681,52.4790816
4,4400835,2021,9,7,3,3,5,2,0,1,0,0,0,0,1,0,13.31438708,52.47278767
1,1100103,2021,9,20,2,3,1,5,1,1,1,0,0,0,0,0,13.35878309,52.50086854
1,1401048,2021,9,12,6,3,6,7,0,1,0,1,0,0,0,0,13.35491565,52.55000002
4,4501153,2021,9,16,4,3,0,1,0,1,0,0,0,0,0,0,13.32801343,52.4797421
4,4300413,2021,8,20,2,3,0,3,2,0,1,0,1,0,0,1,13.28821921,52.51369142
2,2300316,2021,8,14,6,3,5,2,0,1,1,0,0,0,0,0,13.43203388,52.50572828
4,4400832,2021,9,15,2,3,1,5,0,1,1,0,0,0,0,0,13.29035045,52.47396967
10,10300732,2021,9,12,7,3,5,3,0,0,1,0,0,1,0,0,13.57069555,52.5320495
8,8100312,2021,9,16,7,3,3,6,0,1,0,0,0,0,1,0,13.43587758,52.48378974
6,6200423,2021,10,14,6,3,5,2,0,1,1,0,0,0,0,0,13.3146688,52.41735055
7,7300517,2021,9,19,3,3,6,4,2,0,0,1,0,0,1,0,13.33526636,52.47240576
2,2200210,2021,9,14,3,2,5,3,0,1,0,0,0,0,1,0,13.40467912,52.49088898
5,5100316,2021,8,12,5,3,2,2,0,0,1,0,1,0,0,1,13.19954887,52.53491479
10,10100316,2021,8,13,3,3,5,2,0,1,1,0,0,0,0,0,13.57353036,52.54653685
11,11401137,2021,9,20,6,3,0,7,2,0,0,0,0,0,1,0,13.52119091,52.49986665
5,5100316,2021,9,8,5,3,6,4,0,1,0,1,0,0,0,0,13.18787902,52.53932311
3,3400619,2021,9,17,3,3,5,2,0,1,1,0,0,0,0,0,13.36741544,52.58627711
1,1200623,2021,9,17,7,3,5,7,0,1,1,0,0,0,0,0,13.35390555,52.52852749
7,7100101,2021,9,1,4,2,5,3,2,0,1,0,0,0,0,0,13.34090279,52.49979881
1,1300835,2021,9,19,7,3,3,7,1,1,0,0,0,0,0,0,13.39097358,52.53995031
2,2200210,2021,8,23,7,3,5,3,2,0,1,0,0,0,0,0,13.3964967,52.49130876
1,1200626,2021,9,9,5,2,3,5,0,1,0,0,1,0,0,0,13.34770763,52.52477906
1,1100104,2021,9,16,5,3,6,7,0,0,1,1,0,0,0,0,13.36806102,52.50253264
1,1100308,2021,9,12,4,3,5,3,0,0,1,0,0,0,0,0,13.37894708,52.52639864
3,3300411,2021,9,12,4,3,4,6,0,1,0,0,0,0,0,0,13.48791037,52.61841028
1,1100207,2021,8,9,6,3,0,1,0,0,0,0,1,0,0,1,13.40359764,52.5169043
3,3200308,2021,8,17,4,2,5,2,0,0,1,0,1,0,0,0,13.43280582,52.59581852
1,1401044,2021,9,17,7,3,0,1,0,0,0,0,0,0,1,0,13.37189847,52.5486846
5,5400944,2021,9,8,6,3,2,1,0,0,1,0,0,0,0,0,13.14586954,52.45539555
2,2300314,2021,9,12,3,3,6,2,0,0,1,1,0,0,0,0,13.41934314,52.50134672
6,6400737,2021,9,7,3,2,5,3,0,1,1,0,0,0,0,0,13.21209329,52.43395276
4,4300412,2021,9,10,5,3,3,6,0,1,0,0,1,0,0,0,13.28901639,52.51894838
8,8100206,2021,9,13,3,3,2,6,0,0,1,0,0,0,0,0,13.42491964,52.48149456
4,4501150,2021,9,15,3,3,6,7,0,0,1,1,0,0,0,0,13.32362878,52.48645686
3,3601450,2021,8,22,1,3,1,1,2,0,1,0,0,0,1,0,13.45502391,52.53781345
2,2200210,2021,9,15,6,3,5,2,0,1,1,0,0,0,0,1,13.39765976,52.49517007
9,9100305,2021,9,14,7,3,5,2,0,0,1,0,0,0,0,0,13.49137268,52.46915405
2,2200210,2021,9,6,5,3,4,6,0,1,0,0,0,0,0,1,13.40358771,52.49391415
6,6200421,2021,9,10,5,3,6,6,0,0,0,1,0,0,1,0,13.31326995,52.41880059
10,10200629,2021,8,12,7,3,5,2,0,0,1,0,0,0,1,0,13.58797926,52.52078431
10,10100206,2021,8,7,4,3,2,6,0,0,1,0,0,1,1,0,13.56929065,52.56081939
6,6100101,2021,9,15,2,3,6,2,0,0,1,1,0,0,0,0,13.31903747,52.4574999
2,2500834,2021,9,12,1,2,5,2,0,1,1,0,0,0,0,0,13.45105177,52.50854809
6,6100206,2021,8,22,3,3,2,6,2,0,1,0,0,0,0,0,13.33207851,52.45285006
4,4400830,2021,9,13,6,3,0,1,0,1,0,0,0,0,0,0,13.29627901,52.48411178
10,10200420,2021,9,7,5,3,2,6,0,0,1,0,0,0,0,0,13.59838703,52.53497629
9,9502042,2021,9,16,3,3,5,3,0,1,1,0,0,0,0,0,13.58442868,52.46420055
2,2400625,2021,9,16,3,3,5,2,0,1,1,0,0,0,0,0,13.44655082,52.50272547
2,2500835,2021,9,18,3,3,1,5,1,1,1,0,0,0,0,0,13.45935746,52.50102276
2,2400623,2021,8,15,2,2,5,3,0,1,1,0,0,0,0,1,13.42620357,52.5158061
1,1401046,2021,9,7,6,3,2,7,0,0,1,0,1,0,0,0,13.34796822,52.54116157
8,8100207,2021,8,17,2,3,5,3,0,0,1,0,0,0,0,1,13.43658934,52.47450059
2,2200213,2021,8,12,2,3,0,1,0,0,0,0,0,0,1,1,13.40604884,52.49351976
1,1200522,2021,8,16,6,3,8,1,0,0,0,0,0,0,1,0,13.34087066,52.52561108
9,9200715,2021,9,14,2,3,5,3,0,0,1,0,0,0,0,0,13.53818579,52.42877371
12,12500824,2021,9,12,6,3,5,3,0,0,1,0,0,0,0,0,13.29212847,52.59057094
3,3601141,2021,8,17,3,3,5,2,0,1,0,0,0,0,1,0,13.41482442,52.55385933
3,3400619,2021,9,14,1,3,5,2,0,1,1,0,0,0,0,0,13.37091649,52.59067948
1,1100205,2021,8,18,6,3,5,3,0,0,1,0,1,0,0,0,13.3766254,52.50941404
8,8200833,2021,9,18,5,3,6,4,0,0,1,1,0,0,0,0,13.43844094,52.41750692
3,3601243,2021,9,11,6,3,0,1,0,0,0,0,1,0,0,0,13.42063405,52.54874285
9,9100409,2021,9,7,4,3,5,2,0,1,1,0,0,0,0,0,13.52110381,52.44172019
9,9100101,2021,9,22,4,3,5,3,2,0,1,0,1,0,0,0,13.45341163,52.4892459
4,4100101,2021,8,15,5,3,5,3,0,0,1,0,0,0,0,0,13.31866415,52.54634687
9,9501939,2021,8,17,3,3,6,4,0,1,0,1,0,0,0,0,13.57906133,52.45823902
1,1100310,2021,9,15,7,2,1,5,0,0,1,0,1,0,0,0,13.40505892,52.51749477
5,5300737,2021,9,14,4,3,0,3,0,1,1,0,0,0,0,0,13.23316704,52.53953665