BEZ,LOR_ab_2021,UJAHR,UMONAT,USTUNDE,UWOCHENTAG,UKATEGORIE,UART,UTYP1,ULICHTVERH,IstRad,IstPKW,IstFuss,IstKrad,IstGkfz,IstSonstige,USTRZUSTAND,XGCSWGS84,YGCSWGS84
7,7601341,2021,9,14,3,3,2,6,0,0,1,0,0,0,0,0,13.38082728,52.40561504
1,1300733,2021,9,19,1,3,5,2,1,1,1,0,0,0,0,0,13.38420252,52.55603754
11,11100204,2021,9,15,5,2,4,6,0,0,1,0,0,0,1,0,13.52491448,52.55948108
11,11501340,2021,9,21,2,2,1,5,2,1,1,0,0,0,0,0,13.53985684,52.49372715
1,1100310,2021,9,15,5,3,0,7,0,1,0,0,0,0,0,0,13.41042522,52.51703583
4,4501042,2021,9,17,1,3,5,2,0,1,0,0,0,0,1,0,13.33663144,52.50511614
2,2400625,2021,8,14,6,2,3,6,0,1,0,0,0,0,0,0,13.44550817,52.50164496
3,3601245,2021,9,6,5,3,5,2,0,1,0,0,0,0,1,0,13.42717465,52.54491337
4,4400830,2021,9,15,6,2,5,2,0,1,1,0,0,0,0,0,13.30573041,52.47974851
6,6100205,2021,9,16,4,3,6,2,0,0,1,1,0,0,0,1,13.34707507,52.44996379
12,12400617,2021,9,14,4,3,0,7,0,1,1,0,0,0,0,0,13.22626806,52.61340966
2,2100106,2021,8,10,6,3,2,2,0,1,0,0,0,1,0,1,13.39948752,52.49824791
7,7300619,2021,8,11,4,3,5,2,0,1,1,0,0,0,0,0,13.34993167,52.47024444
6,6400737,2021,9,15,7,3,0,3,0,0,0,0,1,0,0,0,13.18927386,52.43374993
7,7400927,2021,8,15,2,3,0,6,0,0,1,0,0,0,1,1,13.38432464,52.45586058
1,1401047,2021,9,13,6,2,6,4,0,0,1,1,0,0,0,0,13.36381666,52.543556
7,7200409,2021,9,10,4,3,5,3,0,0,1,0,1,0,0,0,13.34747555,52.48699447
1,1401047,2021,9,8,2,3,1,5,0,0,1,0,0,0,0,0,13.36083491,52.5453632
2,2200210,2021,9,13,5,3,3,6,0,0,1,0,1,0,0,0,13.39422715,52.49756583
9,9200715,2021,9,8,3,3,5,2,0,1,1,0,0,0,0,0,13.54110662,52.43011745
1,1100313,2021,9,16,7,3,1,5,0,0,0,0,0,0,1,1,13.42061699,52.50582284
6,6200423,2021,8,19,3,3,3,6,2,1,1,0,0,0,0,0,13.32659443,52.40631284
1,1300733,2021,9,10,2,3,6,7,0,1,0,1,0,0,0,0,13.38778537,52.55544482
10,10200423,2021,9,15,5,3,3,6,0,1,1,0,0,0,0,0,13.6339654,52.53860595
11,11200410,2021,9,18,1,3,5,2,1,0,1,0,0,0,1,0,13.4947736,52.55949254
6,6400735,2021,8,14,7,2,5,3,0,1,0,0,0,0,0,0,13.14778386,52.41828377
8,8301037,2021,9,9,6,3,5,3,0,0,1,0,1,0,0,0,13.47650189,52.42556681
7,7601442,2021,9,4,7,3,5,3,2,0,1,0,0,0,0,0,13.3928086,52.41254365
2,2400625,2021,9,18,4,3,0,1,0,0,1,0,1,0,0,1,13.44576511,52.50184467
8,8100105,2021,9,21,4,3,5,2,2,1,1,0,0,0,0,1,13.43223748,52.46454045
5,5100316,2021,8,9,6,3,3,6,0,0,1,0,1,0,0,1,13.20342646,52.54080584
8,8100208,2021,8,22,4,3,6,2,2,0,1,1,0,0,0,1,13.44180008,52.4697141
3,3400620,2021,9,2,7,2,5,3,2,1,1,0,0,0,0,0,13.38976021,52.57429667
1,1300834,2021,9,16,5,3,5,2,0,1,1,0,0,0,0,0,13.39603839,52.53834939
4,4501043,2021,9,12,6,3,3,6,0,0,1,0,0,0,0,0,13.30797072,52.49669234
5,5200629,2021,9,12,4,3,2,6,0,0,1,0,1,0,0,0,13.19933778,52.5344911
7,7601442,2021,9,11,2,3,0,6,0,0,1,0,0,0,1,0,13.40068412,52.41436613
11,11401137,2021,8,17,1,3,2,6,1,0,1,0,1,0,0,1,13.52475848,52.4952885
6,6200317,2021,9,18,3,3,5,3,1,1,1,0,0,0,0,0,13.36466838,52.42705831
7,7601340,2021,9,10,3,3,4,1,0,0,1,0,0,0,0,1,13.360383,52.4127683
12,12100101,2021,8,10,2,3,5,3,0,0,1,0,0,0,0,0,13.37852452,52.5660264
5,5100316,2021,9,11,6,3,0,2,0,0,1,0,0,0,1,0,13.20085133,52.53855584
4,4501045,2021,9,12,7,3,5,7,0,1,1,0,0,0,0,0,13.32468763,52.49506812
2,2200210,2021,9,16,5,3,5,3,0,0,1,0,0,0,1,0,13.39047629,52.49585353
4,4501146,2021,8,16,2,2,5,3,0,0,1,0,0,0,0,1,13.31550591,52.48838517
8,8100415,2021,8,21,1,3,4,6,2,1,1,0,0,0,0,1,13.44274735,52.4804082
2,2500831,2021,9,23,5,3,5,3,2,0,1,0,0,0,0,1,13.46406346,52.51300708
8,8100206,2021,8,22,6,3,6,4,2,0,1,1,0,0,0,0,13.42484757,52.4822447
2,2500831,2021,9,17,7,3,6,4,0,0,1,1,0,0,0,0,13.4659353,52.50887254
9,9301126,2021,9,9,7,3,2,6,0,1,0,0,0,0,0,1,13.57519493,52.42442854
1,1100416,2021,8,7,3,3,0,1,0,0,0,0,0,0,1,1,13.40466762,52.53981223
4,4200311,2021,9,3,7,3,4,6,2,0,1,0,0,0,0,0,13.27439096,52.500554
6,6200421,2021,10,6,6,3,3,6,2,1,1,0,0,0,0,0,13.31232472,52.41971477
1,1401045,2021,9,16,3,3,6,7,0,0,0,1,0,0,1,0,13.3816644,52.55630959
2,2500830,2021,9,17,3,3,5,3,0,1,0,0,0,0,0,0,13.45752259,52.51286161
6,6100205,2021,9,7,3,3,5,3,0,1,1,0,0,0,0,0,13.35320676,52.44930924
5,5100317,2021,8,23,2,2,2,6,2,0,1,0,0,0,0,0,13.22743588,52.52855512
11,11401034,2021,9,10,6,3,1,5,0,1,1,0,0,0,0,0,13.52260721,52.50683915
5,5200419,2021,8,16,2,3,5,3,0,0,1,0,0,0,1,1,13.1429226,52.53962027
4,4400727,2021,9,7,3,3,2,6,0,0,1,0,0,0,0,0,13.29438324,52.48448552
4,4400835,2021,9,9,7,3,0,6,0,1,0,0,0,0,1,1,13.31564025,52.46974367
12,12500929,2021,9,14,4,3,5,3,0,1,1,0,0,0,0,0,13.35448267,52.61807207
10,10100209,2021,9,12,7,3,2,6,0,0,1,0,0,0,0,0,13.5723606,52.5489719
1,1400938,2021,8,15,1,2,9,1,0,0,0,0,1,0,0,1,13.3413144,52.54505153
9,9501838,2021,9,15,4,3,3,6,0,1,0,0,1,0,0,0,13.68575658,52.4429488
7,7300517,2021,9,16,5,3,5,7,0,1,1,0,0,0,0,0,13.33273013,52.47547308
8,8100313,2021,9,15,4,3,5,3,0,1,1,0,0,0,0,1,13.44476932,52.48509734
10,10200422,2021,9,11,4,3,5,3,0,0,1,0,0,0,0,0,13.6121561,52.53897116
8,8100418,2021,8,17,5,3,0,7,0,0,0,0,1,0,0,1,13.45416677,52.4796815
9,9100304,2021,8,15,3,3,1,7,0,0,1,0,0,0,0,0,13.48000715,52.46471909
4,4300414,2021,9,17,6,3,5,2,1,1,1,0,0,0,0,0,13.28683884,52.51297162
7,7400720,2021,9,15,4,3,6,4,0,0,1,1,0,0,0,0,13.36666266,52.47473111
6,6100103,2021,9,20,3,3,0,3,1,1,0,0,0,0,0,0,13.32652596,52.45971082
4,4200203,2021,9,9,1,3,5,2,0,0,1,0,0,0,0,0,13.24950157,52.51567149
1,1401048,2021,9,14,5,2,5,2,0,1,1,0,0,0,0,0,13.36105558,52.55536577
9,9401534,2021,9,10,2,3,5,2,0,0,1,0,0,0,1,0,13.57533986,52.44748947
3,3300413,2021,9,15,1,3,6,4,0,0,1,1,0,0,0,0,13.48331722,52.61188405
5,5100314,2021,8,4,1,3,0,1,2,0,0,0,0,0,1,0,13.20230749,52.5465472
1,1300836,2021,9,7,6,3,5,7,0,1,0,0,0,0,1,0,13.37318181,52.5470586
1,1100207,2021,9,19,6,3,3,6,2,0,0,0,1,0,1,0,13.39971605,52.50907822
1,1100416,2021,9,17,4,3,5,3,1,0,1,0,0,0,0,1,13.39805724,52.53488109
5,5100315,2021,8,15,2,2,0,6,0,0,1,0,1,0,0,1,13.19433454,52.54564068
4,4400830,2021,9,22,5,3,0,5,2,0,1,0,1,0,0,1,13.28638706,52.47862569
8,8100102,2021,8,20,6,3,5,2,1,0,1,0,0,0,0,0,13.42110818,52.48025107
5,5400942,2021,8,13,4,3,4,5,0,0,1,0,0,0,1,0,13.15893934,52.46285152
2,2100106,2021,9,12,1,3,2,6,0,0,1,0,0,0,0,0,13.40710151,52.49847521
1,1300836,2021,8,8,2,3,2,6,0,1,0,0,0,0,1,0,13.37379338,52.54744072
10,10300734,2021,9,13,6,2,5,2,0,1,1,0,0,0,0,0,13.5616338,52.50105236
4,4300623,2021,9,17,4,3,0,6,0,1,0,0,0,0,1,0,13.30958422,52.5065914
7,7300619,2021,9,20,2,2,5,2,2,0,1,0,0,0,0,0,13.34744348,52.47059034
1,1300730,2021,8,6,2,3,1,5,1,0,1,0,1,0,1,1,13.37944472,52.55943565
7,7200308,2021,9,14,3,2,5,2,0,0,1,0,1,0,0,0,13.34494398,52.48003247
4,4400727,2021,9,13,3,3,2,6,0,0,1,0,0,1,0,1,13.29017372,52.48237039
5,5200629,2021,8,8,3,3,0,1,0,0,1,0,1,0,0,0,13.19950462,52.53429738
5,5300839,2021,9,20,6,3,1,5,1,1,1,0,0,0,0,0,13.26384797,52.54074203
7,7200413,2021,9,18,4,3,3,6,0,1,1,0,0,0,0,0,13.36026426,52.48200883
2,2100106,2021,8,23,6,3,2,6,2,0,1,0,1,0,0,0,13.419533,52.49663592
3,3400830,2021,9,18,2,3,0,7,0,1,0,0,0,0,0,0,13.4210161,52.56537076
4,4200308,2021,9,14,7,3,5,3,0,0,1,0,0,0,0,1,13.2833216,52.51851328
3,3300516,2021,8,20,3,2,0,4,1,1,0,1,0,0,0,0,13.43844237,52.56665132
4,4501042,2021,9,19,5,3,4,2,1,1,0,0,1,0,0,0,13.33169048,52.50535259
12,12400723,2021,9,16,6,3,6,4,0,0,1,1,0,0,0,0,13.3062012,52.62701259
2,2200210,2021,10,10,6,3,5,3,0,0,1,0,0,0,0,0,13.39981658,52.49442618
11,11300723,2021,9,7,3,2,6,4,0,0,1,1,0,0,0,0,13.49625698,52.52042048
2,2300316,2021,9,9,4,3,5,3,0,1,1,0,0,0,0,0,13.43753732,52.50337759
6,6400842,2021,9,11,3,3,5,7,0,0,1,0,0,0,1,1,13.27010004,52.44995715
3,3200308,2021,8,7,5,3,5,3,0,1,1,0,0,0,0,1,13.42639461,52.60313147
10,10200629,2021,8,18,3,3,3,6,0,1,0,0,0,0,1,0,13.57994549,52.52545017
9,9100407,2021,9,18,6,3,3,6,1,0,1,0,1,0,0,0,13.49931284,52.45935293
9,9501736,2021,9,16,3,3,5,3,0,1,1,0,0,0,0,0,13.61269165,52.45419925
12,12200412,2021,8,12,1,3,5,2,0,0,1,0,0,0,0,1,13.29794167,52.57818701
7,7501134,2021,9,14,3,2,0,1,0,0,0,0,1,0,0,0,13.39644331,52.44012172
6,6300634,2021,9,16,3,3,2,6,0,0,1,0,0,0,0,0,13.30227478,52.43792503
3,3601140,2021,8,17,2,2,3,6,0,1,0,0,0,0,0,0,13.40059764,52.55441591
6,6100209,2021,9,18,6,3,5,2,0,1,1,0,0,0,0,1,13.33154029,52.46377512
2,2200210,2021,9,1,1,3,0,1,2,0,0,0,1,0,0,0,13.39585539,52.49787268
3,3100103,2021,9,10,5,2,1,7,0,0,1,0,0,0,0,0,13.49842224,52.63351069
5,5100317,2021,8,6,2,3,5,7,0,0,1,0,0,0,0,1,13.2302149,52.52983449
8,8100312,2021,10,14,6,3,3,6,0,0,1,0,0,0,0,0,13.43476278,52.48425523
6,6100205,2021,8,3,1,3,9,1,2,0,1,0,0,0,0,1,13.3539934,52.44463494
9,9200512,2021,9,18,2,3,1,5,1,1,0,0,0,1,0,0,13.53635466,52.4602152
11,11100204,2021,9,19,1,2,5,2,1,0,1,0,1,0,0,0,13.52815829,52.55695955
5,5100208,2021,9,14,7,3,5,7,0,0,1,0,1,0,0,1,13.16747672,52.55193173
4,4501153,2021,10,8,6,3,5,2,0,1,1,0,0,0,0,0,13.3294503,52.48165438
7,7400721,2021,9,11,3,2,1,5,0,1,1,0,0,0,0,0,13.38279195,52.47200761
2,2200209,2021,9,8,3,3,5,2,0,1,1,0,0,0,0,0,13.38670722,52.49130415
1,1400938,2021,9,8,4,3,3,6,0,0,1,0,0,0,0,1,13.33428121,52.54135465
4,4300623,2021,8,8,3,3,0,7,0,1,0,0,0,0,0,0,13.30937738,52.5073258
1,1100312,2021,9,9,6,3,5,2,0,1,1,0,0,0,0,0,13.41719446,52.51246753
2,2100106,2021,9,12,4,3,5,3,0,0,1,0,1,0,0,0,13.39941396,52.49828748
2,2500835,2021,9,11,2,3,0,1,0,0,0,0,1,0,0,0,13.46648161,52.5020593
8,8100311,2021,9,1,6,2,1,5,2,0,1,0,0,0,0,0,13.43257518,52.48848763
7,7200307,2021,8,23,3,3,1,5,2,1,1,0,0,0,0,1,13.34496739,52.48630538
9,9401329,2021,9,13,5,3,0,4,0,0,0,1,0,0,1,0,13.59149646,52.42630345
4,4501042,2021,9,11,7,3,0,2,0,1,1,0,0,0,0,1,13.33143775,52.50376622
1,1100206,2021,8,13,7,3,0,3,0,0,0,0,1,0,1,0,13.39103386,52.51487803
2,2500831,2021,9,16,5,3,0,3,0,0,1,0,1,0,0,0,13.46440138,52.50991088
1,1100206,2021,9,2,6,2,0,1,2,0,0,0,0,0,1,0,13.39209248,52.5122509
11,11100204,2021,9,14,4,3,5,2,0,0,1,0,1,0,0,0,13.52721831,52.55642803
9,9501939,2021,9,12,4,3,6,2,0,0,1,1,0,0,0,1,13.56245014,52.45667508
3,3200309,2021,8,16,5,3,5,3,0,1,1,0,0,0,0,1,13.43388545,52.61209951
8,8100312,2021,8,10,3,3,5,2,0,0,1,0,0,0,1,0,13.43815023,52.48273225
1,1200517,2021,9,16,6,3,3,6,0,1,1,0,0,0,0,0,13.32798729,52.53289094
2,2100101,2021,9,8,5,3,5,2,0,1,1,0,0,0,0,0,13.38836492,52.50198352
3,3500932,2021,9,13,4,2,0,1,0,0,0,0,1,0,0,0,13.44817086,52.5646972
1,1300733,2021,9,10,1,3,2,6,0,0,1,0,0,0,1,0,13.38489915,52.55039381
4,4501042,2021,9,14,5,3,2,6,0,0,1,0,1,0,0,0,13.32614956,52.50260947
6,6400842,2021,9,10,2,3,6,7,0,1,0,1,0,0,0,0,13.26835665,52.44717044
4,4200309,2021,9,15,1,3,0,6,0,1,1,0,0,0,0,0,13.25969859,52.51619169
7,7300517,2021,8,19,2,3,0,7,0,0,1,0,0,0,0,0,13.33446214,52.47150104
5,5100207,2021,9,7,5,3,5,3,0,1,1,0,0,0,0,0,13.14171765,52.54693211
6,6300527,2021,9,13,6,3,1,5,0,1,1,0,0,0,0,0,13.27714495,52.43244635
8,8100310,2021,9,18,4,3,0,5,1,1,1,0,0,0,0,1,13.42873874,52.49324927
6,6400841,2021,9,15,5,3,5,2,0,0,1,0,0,0,0,0,13.26548172,52.44220311
12,12200309,2021,8,13,6,3,2,6,0,0,1,0,0,0,0,0,13.32867221,52.56598564
6,6400844,2021,9,15,5,3,0,3,0,1,0,0,0,0,1,0,13.28007774,52.45941357
9,9301126,2021,8,8,4,3,5,2,0,1,0,0,0,1,0,0,13.55934701,52.42333599
1,1200520,2021,9,15,1,3,5,2,0,1,1,0,0,0,0,0,13.34332475,52.52623249
5,5100316,2021,9,13,6,2,2,6,0,0,1,0,0,0,0,0,13.19579145,52.53539
3,3601141,2021,9,9,6,3,2,6,0,0,1,0,0,1,0,0,13.40843795,52.55422601
5,5300840,2021,9,7,4,3,5,2,0,1,1,0,0,0,0,0,13.2673447,52.53115448
5,5200629,2021,9,22,2,2,0,7,2,0,1,0,0,0,0,0,13.19605166,52.53027706
6,6300632,2021,9,16,3,3,2,6,0,0,1,0,0,0,0,0,13.29903085,52.42223518
11,11200513,2021,9,14,2,3,0,6,0,1,1,0,0,0,0,0,13.49221577,52.54395796
4,4501042,2021,8,14,3,2,3,6,0,1,1,0,0,0,0,0,13.33057436,52.50357487
9,9200613,2021,9,15,6,3,6,4,0,1,0,1,0,0,0,1,13.51898049,52.45413549
3,3601449,2021,9,16,4,3,6,3,0,1,0,1,0,0,0,0,13.4411765,52.54346857
12,12500928,2021,8,21,1,3,1,1,2,0,1,0,0,0,0,1,13.31228624,52.60455728
1,1100309,2021,8,16,6,3,0,1,0,0,1,0,1,0,0,0,13.40335729,52.52740217
3,3601449,2021,9,7,2,3,6,4,0,1,0,1,0,0,0,0,13.44164322,52.54327567
12,12100205,2021,9,8,7,3,0,1,0,0,0,0,1,0,0,1,13.33093578,52.56274746
4,4200311,2021,8,9,3,3,5,2,0,1,1,0,0,0,0,0,13.28061261,52.51684452
2,2300419,2021,9,13,7,3,2,6,0,0,1,0,0,0,0,0,13.44389236,52.50004087
12,12400721,2021,10,12,6,3,5,3,0,0,1,0,0,0,0,0,13.2943628,52.62950727
4,4200308,2021,9,17,3,3,5,2,0,1,0,0,1,0,0,0,13.26456558,52.52077235
7,7400928,2021,9,15,4,3,5,2,0,1,1,0,0,0,0,0,13.41615268,52.45957439
5,5200629,2021,9,11,3,3,0,2,0,0,1,0,0,0,1,1,13.19633211,52.53040622
12,12400617,2021,8,15,5,2,8,1,0,1,0,0,0,0,0,1,13.2254688,52.61351744
4,4400831,2021,8,19,3,3,5,2,1,1,1,0,0,0,0,0,13.28170806,52.47647253
7,7100205,2021,9,10,6,3,2,6,0,0,0,0,0,0,1,0,13.3625403,52.49759604
8,8100102,2021,9,21,5,3,5,3,2,0,1,0,0,0,1,1,13.42456981,52.47583227
3,3601449,2021,9,15,3,3,2,3,0,0,1,0,1,0,0,0,13.45258386,52.53916689
11,11200513,2021,9,2,1,2,0,1,2,0,0,0,0,0,1,0,13.49355319,52.54465939
12,12400722,2021,9,16,4,2,5,2,0,0,1,0,1,0,0,0,13.29339875,52.60863538
5,5200528,2021,9,12,1,3,2,6,0,0,1,0,0,0,0,0,13.17705732,52.51706174
3,3200204,2021,8,19,7,3,2,2,0,0,1,0,0,0,0,0,13.40216771,52.60286846
4,4400831,2021,9,12,5,3,5,3,0,0,1,0,0,0,0,0,13.28301469,52.47516595
1,1100310,2021,9,18,5,3,2,6,0,1,0,0,0,0,0,0,13.41587139,52.52155245
10,10100313,2021,9,7,4,3,5,3,0,0,1,0,0,0,0,0,13.53966188,52.53980955
1,1100415,2021,9,19,4,3,1,5,1,1,1,0,0,0,0,1,13.40078355,52.53028943
2,2200208,2021,8,6,6,3,5,2,0,1,1,0,0,0,0,1,13.38805794,52.49296994
8,8100417,2021,8,21,4,2,6,4,2,0,1,1,0,0,0,1,13.45580718,52.47398875
8,8100312,2021,9,15,7,3,6,4,0,0,1,1,0,0,0,0,13.43368104,52.48495877
4,4501042,2021,9,16,5,3,5,3,0,0,1,0,0,0,0,0,13.3376403,52.501554
6,6400841,2021,9,14,3,3,2,6,0,1,1,0,0,0,0,0,13.262606,52.43927852
7,7300517,2021,9,14,2,3,3,5,0,1,1,0,0,0,0,0,13.33393304,52.47150179
12,12200412,2021,9,8,4,2,6,4,0,0,1,1,0,0,0,0,13.29015853,52.57554207
1,1100311,2021,9,18,2,2,5,3,0,1,0,0,0,0,1,0,13.41712972,52.51610358
3,3601245,2021,9,16,2,3,5,3,0,1,1,0,0,0,0,0,13.44232016,52.54658939
9,9401329,2021,8,12,2,2,6,4,0,0,0,1,0,0,1,1,13.58618551,52.42547788
10,10200524,2021,9,7,6,3,5,3,0,0,1,0,0,0,1,0,13.62423572,52.5298147
4,4300622,2021,9,7,3,3,5,2,0,0,1,0,1,0,0,0,13.32962445,52.50996618
3,3200310,2021,9,11,6,3,6,7,0,0,1,1,0,0,0,0,13.42557659,52.60799596
1,1100309,2021,9,7,4,3,1,5,0,1,1,0,0,0,0,0,13.39144575,52.52533976
1,1100310,2021,9,11,1,3,5,2,0,1,1,0,0,0,0,0,13.4114556,52.52395585
3,3300516,2021,8,11,7,3,5,3,0,1,1,0,0,0,0,0,13.44509383,52.58136901
2,2100104,2021,9,14,5,3,5,3,0,0,1,0,0,0,0,0,13.40929366,52.50179845
10,10300732,2021,9,18,5,2,0,7,1,0,1,0,0,0,0,0,13.56442126,52.51884748
1,1100312,2021,9,10,4,3,2,6,0,0,1,0,0,0,1,0,13.40988895,52.51078587
7,7100102,2021,9,16,4,3,0,5,0,0,1,0,1,0,0,1,13.346523,52.49724836
1,1100308,2021,8,6,6,2,0,1,0,0,1,0,1,0,0,1,13.37469629,52.528089
11,11300721,2021,8,20,4,2,0,1,2,0,0,0,1,0,0,1,13.50006729,52.53104848
8,8100209,2021,9,19,6,3,5,3,0,0,1,0,0,0,0,0,13.44035801,52.46748473
6,6400839,2021,9,17,4,3,6,7,0,1,0,1,0,0,0,0,13.25781178,52.43658795
1,1200520,2021,9,10,3,3,5,2,0,1,1,0,0,0,0,0,13.34192413,52.53422712
4,4501040,2021,9,16,7,3,0,2,0,1,1,0,0,0,0,1,13.3131523,52.49991813
2,2100104,2021,9,20,4,3,0,4,2,0,0,1,1,0,0,0,13.40913927,52.50178298
11,11300620,2021,9,15,2,3,5,3,0,1,1,0,0,0,0,0,13.48181985,52.52687663
6,6100103,2021,9,9,2,3,6,2,0,0,1,1,0,0,0,0,13.32849267,52.46323124
3,3501038,2021,8,13,1,3,0,5,0,0,1,0,0,0,1,1,13.48664964,52.55632919
1,1100309,2021,9,1,6,3,5,3,2,1,1,0,0,0,0,0,13.39292362,52.52746306
11,11501341,2021,9,10,7,3,5,2,0,1,1,0,0,0,0,1,13.5244972,52.47866138
9,9200819,2021,9,12,5,3,3,6,0,0,1,0,0,0,0,0,13.5639591,52.44576242
6,6300633,2021,9,16,5,3,5,3,0,0,1,0,0,0,0,0,13.31568335,52.4416611
11,11501341,2021,8,21,7,3,3,6,2,0,1,0,0,0,0,1,13.52351807,52.47719245
1,1200519,2021,8,18,4,3,6,7,0,0,1,1,0,0,0,1,13.33193665,52.52712793
4,4300412,2021,9,15,7,3,2,6,0,0,1,0,0,0,0,0,13.29539094,52.51931281
10,10100311,2021,9,14,5,2,5,3,0,1,1,0,0,0,0,0,13.52755094,52.53722791
2,2200210,2021,9,23,4,3,0,7,2,0,1,0,0,0,0,0,13.40531391,52.49363699
2,2300316,2021,9,21,2,3,0,1,2,0,0,0,1,0,0,0,13.44185519,52.50113275
5,5200629,2021,9,15,3,3,0,1,0,0,0,0,1,0,1,0,13.19747531,52.53317888
11,11200515,2021,9,15,3,3,5,3,0,1,1,0,0,0,0,0,13.5141606,52.5353581
7,7100205,2021,8,16,3,2,6,4,0,1,0,1,0,0,0,0,13.36720057,52.49344213
2,2400521,2021,9,13,6,3,6,2,0,0,1,1,0,0,0,0,13.43967823,52.52393359
9,9100408,2021,9,17,4,3,0,2,0,1,1,0,0,0,0,0,13.51061844,52.44463503
1,1100206,2021,8,12,2,3,6,7,0,0,0,1,0,0,1,1,13.38824978,52.52042096
10,10400940,2021,8,16,5,2,5,2,0,0,1,0,0,0,1,0,13.6008965,52.47898666
5,5300735,2021,9,10,2,3,5,2,0,0,1,0,0,0,0,0,13.22721011,52.54946172
7,7100206,2021,9,16,7,3,1,5,1,1,1,0,0,0,0,1,13.36944526,52.48815722
9,9200715,2021,8,16,3,3,5,2,0,0,1,0,1,0,0,0,13.52665801,52.42651568
8,8100312,2021,9,14,1,3,2,6,0,0,1,0,1,0,0,0,13.43206868,52.48553692
7,7300619,2021,8,21,6,3,5,3,2,0,1,0,0,0,1,0,13.34907646,52.47031836
2,2100102,2021,9,9,5,3,1,5,0,1,1,0,0,0,0,0,13.39064133,52.50598564
4,4501042,2021,9,16,5,3,6,2,0,0,1,1,0,0,0,0,13.3325213,52.50602716
3,3400828,2021,9,15,4,3,5,3,0,1,1,0,0,0,0,1,13.42361052,52.55618163
1,1200519,2021,9,8,3,3,5,3,0,1,0,0,0,0,1,0,13.33550727,52.53308969
9,9300920,2021,8,6,5,3,5,3,0,0,1,0,0,0,0,1,13.53118753,52.41560628
9,9200510,2021,8,13,3,3,0,2,0,1,1,0,0,0,0,0,13.51205052,52.47079927
4,4300412,2021,9,14,6,3,5,2,0,1,0,0,0,0,1,0,13.28662581,52.51888103
6,6100206,2021,9,17,5,3,0,7,0,1,0,0,0,0,0,0,13.34286986,52.4453811
3,3701658,2021,9,11,2,3,6,7,0,1,0,1,0,0,0,0,13.42338726,52.53705367
1,1400938,2021,9,17,7,3,6,7,0,1,0,1,0,0,0,0,13.34690033,52.5505392
8,8100310,2021,8,12,3,2,5,2,0,1,1,0,0,0,0,0,13.43396607,52.48984627
10,10200524,2021,9,9,2,3,5,3,0,1,1,0,0,0,0,0,13.61950597,52.53312524
8,8200730,2021,9,15,1,3,2,6,0,0,1,0,1,0,0,0,13.43518216,52.44037825
9,9501939,2021,8,17,7,3,6,4,0,0,1,1,0,0,0,0,13.5717053,52.45373363
5,5100104,2021,9,8,6,3,5,3,0,0,0,0,0,1,1,0,13.20839861,52.56162779
8,8100206,2021,9,4,7,3,6,2,2,0,1,1,0,0,0,0,13.4276462,52.48113005
5,5100314,2021,9,20,4,3,3,6,2,0,1,0,0,0,0,1,13.20811286,52.54524015
5,5100210,2021,9,15,4,2,5,3,0,0,1,0,0,0,1,1,13.18872015,52.54655543
3,3400828,2021,8,13,6,3,5,3,0,0,1,0,0,0,0,1,13.4265308,52.55544427
1,1100101,2021,9,12,6,3,0,1,0,0,0,0,1,0,0,0,13.34228857,52.5047794
1,1400938,2021,8,23,4,3,2,6,2,0,1,0,0,0,0,1,13.34385076,52.54598281
1,1100103,2021,9,12,7,3,3,2,0,0,1,0,0,0,1,0,13.35204316,52.5052474
12,12200412,2021,9,14,6,2,5,7,0,0,1,0,1,0,0,0,13.29484377,52.5808348
6,6200317,2021,9,14,4,3,5,3,0,1,1,0,0,0,0,0,13.36616408,52.43028573
4,4501153,2021,9,8,3,3,5,3,0,1,0,0,0,0,0,0,13.33278185,52.47974237
7,7501029,2021,9,12,5,3,5,3,0,0,1,0,0,0,0,0,13.37876951,52.43765123
4,4501045,2021,9,10,3,3,1,5,0,1,1,0,0,0,0,0,13.3237807,52.49472324
2,2300316,2021,9,10,3,3,4,6,0,1,0,0,0,0,0,0,13.43129909,52.50497957
5,5200630,2021,8,19,2,3,5,3,1,0,1,0,1,0,0,0,13.1976591,52.52034865
5,5300735,2021,9,16,6,3,0,1,0,0,0,0,1,0,0,1,13.23281516,52.55196598
9,9200510,2021,9,19,1,3,1,5,1,1,1,0,0,0,0,0,13.51383083,52.46330606
7,7601238,2021,9,14,5,3,5,2,0,0,1,0,0,0,1,0,13.39226688,52.41252529
9,9501940,2021,9,17,5,2,6,4,0,0,1,1,0,0,0,0,13.58871168,52.45551391
12,12100101,2021,8,12,7,3,5,2,0,1,1,0,0,0,0,0,13.36435733,52.562646
8,8301036,2021,9,5,1,3,1,5,1,0,1,0,0,0,0,0,13.46780475,52.42759557
12,12200412,2021,9,15,1,3,5,3,0,1,1,0,0,0,0,0,13.29095513,52.58100842
11,11200514,2021,8,6,3,3,6,7,0,0,1,1,0,0,0,1,13.47375237,52.53617561
5,5200629,2021,9,9,7,2,0,1,0,0,0,0,1,0,0,1,13.19701655,52.53146835
4,4400728,2021,9,15,3,3,0,1,0,0,1,0,1,0,0,0,13.27701228,52.48450873