BEZ,LOR_ab_2021,UJAHR,UMONAT,USTUNDE,UWOCHENTAG,UKATEGORIE,UART,UTYP1,ULICHTVERH,IstRad,IstPKW,IstFuss,IstKrad,IstGkfz,IstSonstige,USTRZUSTAND,XGCSWGS84,YGCSWGS84
1,1300731,2021,9,7,4,3,6,2,1,0,1,1,0,0,0,1,13.3801115,52.56030916
1,1100102,2021,9,8,4,3,3,6,0,0,1,0,1,0,0,0,13.35127841,52.51027701
7,7400927,2021,8,15,2,3,5,2,0,0,1,0,1,0,0,0,13.40400344,52.46346785
12,12601133,2021,9,18,6,3,5,3,0,0,1,0,0,0,0,0,13.36779987,52.60273247
12,12500825,2021,8,14,2,3,2,6,0,0,1,0,0,0,0,1,13.31926911,52.58762859
1,1100207,2021,8,3,6,2,0,1,2,1,0,0,0,0,0,1,13.39668694,52.51114382
2,2500833,2021,9,19,2,3,0,1,0,1,0,0,0,0,0,0,13.45667318,52.50979348
9,9200613,2021,9,8,7,2,5,3,0,1,1,0,0,0,0,1,13.50191585,52.46079086
2,2100105,2021,9,16,6,3,5,3,0,1,0,0,1,0,0,0,13.41769667,52.49926921
3,3200308,2021,9,21,4,3,2,6,2,0,1,0,0,0,0,1,13.43143852,52.60211571
9,9301228,2021,9,11,5,3,4,7,0,0,0,0,0,1,1,0,13.65683161,52.36947087
12,12100102,2021,8,11,7,3,5,3,0,0,1,0,0,0,0,0,13.37902058,52.56838859
12,12400722,2021,8,10,4,3,0,3,0,0,1,0,1,0,0,0,13.30815176,52.61225352
4,4100101,2021,9,8,2,3,5,2,0,0,1,0,0,0,0,0,13.30228892,52.54789094
7,7601340,2021,9,15,7,3,0,1,0,0,0,0,1,0,0,0,13.36082679,52.41257227
4,4300619,2021,9,16,3,2,6,7,0,0,1,1,0,0,0,0,13.30805705,52.51703842
9,9301228,2021,9,6,3,3,5,3,1,0,1,0,0,0,0,0,13.64354857,52.37816502
1,1300733,2021,9,10,3,3,1,5,1,0,1,0,1,0,0,1,13.39114366,52.5554779
9,9502043,2021,8,6,2,3,2,6,1,1,1,0,0,0,0,1,13.57249541,52.46123425
12,12200309,2021,9,9,6,3,6,4,0,0,1,1,0,0,0,0,13.32673524,52.5632029
3,3400724,2021,9,9,4,3,1,7,0,0,1,0,0,0,0,0,13.40960587,52.57487133
1,1100311,2021,8,8,2,3,0,6,0,0,1,0,1,0,0,1,13.41708493,52.5219321
7,7300517,2021,8,16,6,3,5,3,0,0,1,0,0,0,0,0,13.34114967,52.47619773
7,7601341,2021,9,18,2,3,2,6,0,1,1,0,0,0,0,0,13.35952461,52.39905806
1,1100101,2021,9,16,7,3,2,6,0,0,1,0,0,0,0,1,13.35081075,52.5094481
5,5200527,2021,9,12,4,3,3,6,0,0,1,0,0,0,0,0,13.16221497,52.52249042
3,3701660,2021,9,21,7,3,0,4,1,0,0,1,0,0,1,0,13.42532302,52.52818989
1,1100103,2021,8,8,6,3,0,1,0,0,0,0,1,0,0,1,13.35141884,52.50453364
9,9100409,2021,9,17,5,3,2,6,0,0,1,0,0,0,0,0,13.49780074,52.43342435
4,4300414,2021,9,11,6,3,1,5,0,1,1,0,0,0,1,0,13.29713727,52.51226035
12,12100204,2021,9,15,4,3,2,1,0,0,1,0,1,0,0,1,13.34313768,52.56334284
2,2500835,2021,9,21,3,3,0,1,2,0,0,0,1,0,0,0,13.44902239,52.50417918
12,12100204,2021,8,13,5,3,2,6,0,0,0,0,0,0,1,1,13.34156532,52.56366595
1,1100308,2021,8,9,3,3,2,6,0,1,1,0,0,0,0,0,13.387547,52.52458342
5,5300839,2021,9,18,6,3,0,1,0,1,0,0,0,0,0,0,13.25887139,52.54810598
10,10300731,2021,9,7,5,3,5,2,0,1,1,0,0,0,0,0,13.56640471,52.53428807
3,3200310,2021,9,0,2,3,6,6,2,0,1,1,0,0,0,0,13.42981578,52.613507
7,7300517,2021,9,17,2,2,5,3,0,1,1,0,0,0,0,0,13.33264897,52.46911454
3,3400831,2021,9,15,5,3,5,7,0,0,1,0,1,0,0,0,13.42885872,52.57205235
5,5100316,2021,9,20,2,3,6,2,2,0,1,1,0,0,0,0,13.19706496,52.53834234
6,6400735,2021,9,14,1,3,3,6,0,1,1,0,0,0,0,0,13.11041554,52.41889208
1,1200517,2021,8,15,7,3,2,6,0,0,1,0,1,0,0,0,13.32921833,52.52389272
9,9502043,2021,9,7,6,3,5,3,0,1,0,0,0,0,0,0,13.57679818,52.46401266
4,4300517,2021,9,12,7,3,5,3,0,0,1,0,0,0,0,0,13.30376477,52.52558641
6,6100103,2021,9,21,4,3,0,1,2,0,1,0,0,0,0,1,13.32479675,52.46134155
5,5100316,2021,9,14,6,2,5,3,0,1,1,0,0,0,0,0,13.20277294,52.54087076
5,5300840,2021,9,15,5,3,5,2,0,1,1,0,0,0,0,0,13.26504603,52.536658
6,6400838,2021,8,10,6,3,0,1,0,0,0,0,1,0,0,1,13.2475794,52.46752265
10,10300734,2021,8,17,4,3,6,4,0,0,1,1,0,0,0,0,13.56559785,52.50727322
1,1100416,2021,9,7,1,2,1,5,0,0,1,0,1,0,0,0,13.40803593,52.5342006
5,5100316,2021,9,6,6,3,5,2,2,0,1,0,0,0,0,0,13.20077136,52.53858498
11,11200411,2021,9,11,4,3,0,4,0,0,0,1,1,0,0,0,13.49784129,52.54688623
1,1100205,2021,9,9,2,3,5,2,0,1,1,0,0,0,0,0,13.37921118,52.50699452
11,11400931,2021,8,9,2,3,3,6,0,0,1,0,0,0,1,0,13.51982635,52.50583871
12,12400720,2021,9,6,3,3,5,3,2,0,1,0,1,0,0,0,13.2803155,52.63013606
1,1100206,2021,9,13,2,3,6,4,0,0,1,1,0,0,0,0,13.38386746,52.51841273
7,7400823,2021,8,13,2,3,5,3,0,1,1,0,0,0,0,1,13.37820812,52.46628256
3,3500934,2021,9,12,6,3,5,3,0,1,1,0,0,0,0,0,13.43580274,52.55109566
4,4100101,2021,9,13,1,3,5,2,0,0,1,0,0,0,0,0,13.32610463,52.53837732
1,1300835,2021,9,6,5,3,5,2,0,1,1,0,0,0,0,1,13.38910896,52.53461128
9,9401433,2021,8,17,2,3,5,7,0,0,1,0,0,0,0,1,13.60169609,52.43978311
1,1100205,2021,10,19,6,3,5,2,2,1,1,0,0,0,0,0,13.37679083,52.50963555
4,4300620,2021,8,23,7,3,5,3,2,0,1,0,0,0,0,1,13.32227031,52.52208595
4,4300414,2021,9,14,2,3,6,7,0,0,1,1,0,0,0,0,13.29834268,52.51800182
11,11501238,2021,9,16,7,3,6,7,0,1,0,1,0,0,0,1,13.47676097,52.500918
1,1100416,2021,9,17,5,3,0,1,0,1,0,0,0,0,0,0,13.40614333,52.53509702
2,2100101,2021,9,16,6,3,5,3,0,1,0,0,0,0,1,0,13.38516491,52.50219247
1,1100308,2021,10,11,6,3,0,2,0,0,1,0,1,0,0,0,13.38061333,52.52841053
9,9501737,2021,9,15,3,3,5,3,0,0,1,0,0,0,0,0,13.61871926,52.45548564
3,3500936,2021,9,12,3,2,6,4,0,0,1,1,0,0,0,0,13.46565792,52.5521041
12,12601236,2021,9,10,4,2,5,3,0,1,1,0,0,0,0,1,13.34764295,52.59483732
1,1100205,2021,8,7,3,3,0,5,0,1,0,0,0,0,0,0,13.38418632,52.5100163
1,1100206,2021,9,14,6,3,0,1,0,1,0,0,0,0,0,0,13.39290386,52.51918017
8,8100313,2021,9,18,3,3,5,3,0,1,1,0,0,0,0,0,13.44009403,52.48957565
7,7400826,2021,9,20,6,3,2,6,2,0,1,0,1,0,0,1,13.37228151,52.4531144
12,12400722,2021,9,14,4,3,6,4,0,0,1,1,0,0,0,0,13.29684397,52.62157317
6,6100206,2021,9,21,7,3,5,3,2,1,1,0,0,0,0,0,13.3354334,52.45151258
12,12500928,2021,8,13,1,3,1,5,0,0,1,0,0,0,0,0,13.31026144,52.60379068
8,8200726,2021,9,15,5,3,5,3,0,0,1,0,0,0,0,0,13.44983191,52.44555419
12,12100204,2021,9,14,6,3,2,3,0,0,1,0,0,0,0,0,13.36048712,52.56190787
6,6200312,2021,9,15,4,3,5,3,0,1,1,0,0,0,0,1,13.33872966,52.44439304
3,3200309,2021,9,7,4,3,5,3,0,1,1,0,0,0,0,1,13.43393973,52.60849
1,1100205,2021,8,17,5,3,3,6,0,0,1,0,0,0,0,1,13.38417269,52.51004034
1,1200628,2021,8,12,3,3,5,2,0,1,1,0,0,0,0,0,13.35944965,52.52329469
4,4300619,2021,9,12,7,3,5,2,0,1,1,0,0,0,0,0,13.30631479,52.51758748
11,11200512,2021,9,16,5,3,2,6,0,1,1,0,0,0,0,0,13.49539643,52.54703556
10,10300731,2021,9,7,3,3,5,3,0,1,1,0,0,0,0,0,13.5581152,52.52963589
1,1100102,2021,9,17,7,3,2,6,0,0,1,0,0,0,0,0,13.3536745,52.50673097
5,5100104,2021,9,20,4,3,1,5,0,1,1,0,0,0,0,0,13.21828964,52.55745686
2,2100103,2021,9,15,2,3,3,6,0,1,1,0,0,0,0,0,13.39906486,52.50686936
1,1100308,2021,9,2,1,3,1,5,2,0,1,0,0,0,1,0,13.38030964,52.52866704
5,5200629,2021,8,1,1,3,2,6,2,0,1,0,0,0,0,0,13.19906895,52.53295253
1,1200522,2021,9,8,5,3,5,2,0,1,0,0,1,0,0,0,13.34294142,52.52531604
8,8200833,2021,9,9,6,3,5,2,0,0,1,0,1,0,0,0,13.44527408,52.41763189
7,7400824,2021,9,18,4,3,0,3,0,1,1,0,0,0,0,1,13.38576518,52.46708637
5,5100315,2021,9,13,4,3,0,5,0,0,1,0,0,0,0,0,13.19994462,52.54846485
1,1300733,2021,9,20,5,3,5,3,0,0,1,0,0,0,0,0,13.39138954,52.55522394
3,3300413,2021,9,12,1,2,5,3,0,0,1,1,0,0,0,0,13.48579202,52.61585559
3,3601142,2021,8,9,6,3,5,5,0,1,0,0,0,0,1,0,13.40807343,52.54722273
3,3500932,2021,9,18,5,3,5,2,0,1,1,0,0,0,0,0,13.45723475,52.56106718
12,12200412,2021,9,13,6,3,5,3,0,0,1,0,0,0,0,0,13.29763579,52.58000393
1,1300836,2021,9,7,4,3,5,3,0,1,0,0,0,0,1,0,13.37552111,52.54329931
1,1300836,2021,9,11,4,2,6,2,0,0,1,1,0,0,0,1,13.37859524,52.55041809
7,7501029,2021,8,11,5,3,0,3,0,1,0,0,0,0,1,1,13.37289381,52.43681343
6,6300526,2021,8,20,3,2,0,6,2,1,0,0,0,0,1,0,13.25065735,52.43513265
10,10100102,2021,9,19,7,3,5,2,1,0,1,0,1,0,0,0,13.56804329,52.57361401
12,12200412,2021,8,14,2,3,0,1,0,1,0,0,0,0,0,1,13.30048053,52.57941944
1,1401045,2021,9,16,4,2,0,2,0,0,1,0,0,0,1,0,13.38148316,52.55605575
6,6100204,2021,9,22,2,3,2,6,2,1,1,0,0,0,0,0,13.34973093,52.45025014
1,1200628,2021,9,4,1,2,8,1,0,0,1,0,0,0,0,0,13.36743135,52.52597143
8,8100419,2021,9,6,4,3,5,3,0,1,0,0,0,0,0,0,13.4505741,52.48638491
5,5100315,2021,9,9,2,3,5,3,0,0,1,0,1,0,0,0,13.19388958,52.54730639
1,1300836,2021,9,13,2,3,5,2,0,1,1,0,0,0,0,0,13.37643168,52.54310099
2,2300314,2021,8,22,7,3,2,6,2,0,1,0,0,0,0,0,13.41949383,52.49916142
5,5100317,2021,9,7,5,3,0,5,0,1,1,0,0,0,0,0,13.23312243,52.52761887
2,2300315,2021,9,21,6,3,5,3,2,1,0,0,1,0,0,0,13.43116763,52.49922531
12,12500824,2021,9,9,5,3,5,3,0,0,1,0,0,0,0,1,13.29985743,52.59914015
1,1100101,2021,9,14,6,2,0,1,0,1,0,0,0,0,0,0,13.34123075,52.50556204
8,8401244,2021,9,15,5,3,2,2,0,0,1,0,0,0,0,0,13.50363009,52.41161417
1,1100102,2021,8,15,6,3,2,6,0,0,1,0,0,0,1,0,13.37108721,52.51110906
4,4501043,2021,8,21,4,3,0,1,2,0,0,0,0,0,1,1,13.30841436,52.49621231
3,3200309,2021,9,12,1,3,1,5,0,1,1,0,0,0,0,0,13.43262618,52.60526102
4,4300623,2021,9,13,6,3,5,2,0,1,1,0,0,0,0,0,13.30913761,52.50648547
3,3200205,2021,9,16,6,3,5,3,0,0,1,0,0,0,0,0,13.39817548,52.5848927
7,7100103,2021,9,13,3,2,5,2,0,1,1,0,0,0,0,0,13.35903066,52.49436577
6,6100102,2021,9,18,3,3,3,6,0,1,1,0,0,0,0,0,13.32598949,52.45919166
12,12200412,2021,9,22,3,2,5,3,2,0,1,0,1,0,0,1,13.30659843,52.57743808
2,2500835,2021,9,16,3,3,6,4,0,0,1,1,0,0,0,0,13.46887821,52.50246017
10,10400835,2021,8,14,1,3,5,5,0,0,1,0,0,0,0,1,13.5947984,52.51282113
6,6200315,2021,9,17,6,3,2,6,0,0,1,0,0,0,0,1,13.34836773,52.42327291
1,1100102,2021,9,8,5,3,2,6,0,0,1,0,1,0,0,1,13.34852759,52.51511264
3,3400831,2021,8,7,2,3,2,6,0,0,1,0,1,0,0,1,13.41381244,52.56669519
6,6300526,2021,8,7,7,3,1,5,0,1,1,0,0,0,0,0,13.2567178,52.42936486
5,5100104,2021,9,10,2,3,2,6,0,0,1,0,0,0,1,0,13.20814308,52.56063074
2,2200210,2021,9,11,1,3,5,2,0,1,1,0,0,0,0,0,13.39554999,52.49773659
7,7100102,2021,8,16,3,3,5,3,0,1,0,0,0,0,0,0,13.34990143,52.50083891
12,12200515,2021,9,16,6,3,5,3,0,1,1,0,0,0,0,0,13.28327425,52.58295157
4,4200311,2021,10,18,6,3,2,2,2,0,1,0,0,0,0,0,13.28128053,52.51278502
3,3601450,2021,9,17,3,3,2,6,0,0,1,0,1,0,0,0,13.45260668,52.53409371
2,2400521,2021,9,16,3,3,5,3,0,1,1,0,0,0,0,0,13.44072113,52.52441433
4,4300624,2021,9,11,3,2,6,2,0,0,1,1,0,0,0,1,13.32184967,52.50577673
4,4300624,2021,8,11,5,3,2,6,0,1,1,0,0,0,0,1,13.32222467,52.506417
4,4300621,2021,8,11,3,3,5,3,0,1,0,0,0,0,0,0,13.30309548,52.51353067
11,11300723,2021,9,7,6,3,6,4,0,0,0,1,1,0,0,0,13.48971964,52.5205221
12,12601235,2021,9,13,4,3,2,2,0,0,1,0,0,0,1,0,13.35106583,52.59641431
6,6300633,2021,9,16,2,3,1,5,0,1,1,0,0,0,0,0,13.30457421,52.43696582
5,5200632,2021,9,16,6,3,2,6,0,0,1,0,1,0,0,1,13.21555399,52.5268149
12,12100205,2021,8,17,3,2,2,6,1,0,1,0,0,0,0,0,13.34108971,52.58832624
3,3400619,2021,9,10,1,3,2,6,0,0,1,0,0,0,0,0,13.36983974,52.58933001
3,3400620,2021,8,22,7,3,5,2,2,1,1,0,0,0,0,0,13.38379102,52.5727594
11,11400929,2021,9,16,5,3,2,6,0,1,1,0,0,0,0,0,13.5009947,52.50915332
2,2200210,2021,9,13,6,3,5,2,0,1,1,0,0,0,0,0,13.39276918,52.4920341
3,3500934,2021,9,12,4,2,0,1,0,0,0,0,1,0,0,0,13.43112356,52.55569786
5,5100209,2021,9,11,4,3,5,2,0,0,1,0,0,0,0,1,13.18468384,52.54759816
12,12200412,2021,8,2,6,2,0,7,2,0,1,0,0,0,1,1,13.29523,52.57548463
11,11400929,2021,9,12,6,3,2,6,0,0,1,0,0,0,0,0,13.48838491,52.50218058
8,8200832,2021,8,18,4,2,1,5,0,1,1,0,0,0,0,0,13.43603403,52.42424148
8,8200623,2021,9,21,7,3,0,1,2,0,1,0,0,0,0,0,13.4513407,52.45252879
12,12200412,2021,9,19,5,3,2,6,2,0,1,0,0,1,0,1,13.29209263,52.57552493
7,7200412,2021,9,17,3,3,1,7,0,1,0,0,0,0,0,0,13.36412037,52.47587438
8,8100105,2021,9,23,1,3,6,2,2,0,1,1,0,0,0,0,13.43294562,52.46459526
9,9200715,2021,9,7,4,3,5,2,0,0,1,0,0,0,1,0,13.53634863,52.43285074
3,3500934,2021,9,18,2,3,2,2,0,0,1,0,0,0,1,0,13.44159683,52.55478506
4,4400831,2021,9,20,1,3,1,5,2,0,1,0,0,0,0,0,13.28548419,52.47446066
9,9200715,2021,8,19,2,3,2,6,0,0,1,0,0,0,0,0,13.52138458,52.42672195
2,2500833,2021,9,21,5,3,5,2,2,1,1,0,0,0,0,0,13.45203057,52.51068857
2,2500835,2021,9,17,6,2,3,6,0,1,1,0,0,0,0,0,13.46614092,52.50010599
11,11300724,2021,9,18,4,3,5,3,0,0,1,0,0,0,1,0,13.49323441,52.51443049
7,7200308,2021,8,12,2,3,5,3,0,1,1,0,0,0,0,1,13.34444927,52.48557597
9,9200510,2021,9,12,5,3,2,6,0,0,1,0,0,0,0,0,13.51492933,52.46921337
3,3400721,2021,8,17,7,3,5,2,0,0,1,0,0,0,0,0,13.39565917,52.56584599
5,5300737,2021,8,16,4,2,5,7,0,0,1,0,0,0,0,0,13.24798298,52.54649995
7,7501029,2021,9,15,1,3,2,6,0,0,1,0,0,0,0,0,13.38137328,52.4407714
8,8200727,2021,9,14,5,3,5,7,0,0,1,0,1,0,0,0,13.43406047,52.44278719
2,2300316,2021,9,7,4,3,5,3,0,0,1,0,1,0,0,0,13.43189863,52.50566768
7,7400721,2021,9,15,2,3,0,3,0,0,1,0,0,0,1,0,13.3783133,52.47747118
12,12200310,2021,9,14,3,3,2,6,0,0,1,0,0,0,0,0,13.30521748,52.56817325
9,9501939,2021,9,7,2,3,2,6,0,0,1,0,0,0,0,0,13.57239244,52.45123341
6,6100208,2021,8,16,3,3,1,5,0,1,1,0,0,0,0,0,13.3388084,52.45395986
12,12100205,2021,9,15,6,2,1,5,0,0,1,0,0,0,1,1,13.3426883,52.56657271
8,8200833,2021,9,19,4,3,5,2,0,0,1,0,1,0,0,0,13.43712554,52.42375775
9,9401534,2021,8,20,2,2,4,1,1,0,1,0,0,0,0,1,13.58650143,52.44054103
6,6300633,2021,8,16,5,3,5,2,0,1,0,0,0,0,1,0,13.31559464,52.4431967
4,4300623,2021,9,15,2,3,5,2,0,1,1,0,0,0,0,0,13.30592485,52.50678052
9,9401534,2021,9,15,6,3,6,2,0,0,1,1,0,0,0,1,13.58241015,52.44245733
1,1401046,2021,8,15,3,3,1,5,0,1,1,0,0,0,0,0,13.35254055,52.53968599
7,7400823,2021,9,16,7,3,5,3,0,0,1,0,0,0,0,0,13.37832498,52.46709312
12,12200308,2021,10,14,6,3,6,4,0,0,1,1,0,0,0,0,13.32021355,52.57596849
5,5200528,2021,9,19,5,2,5,2,2,0,1,0,1,0,0,0,13.16266136,52.52007616
1,1200519,2021,8,15,6,3,2,6,0,0,1,0,0,0,0,1,13.3311329,52.52720242
12,12200412,2021,8,19,4,3,2,6,2,0,1,0,0,0,0,1,13.25468924,52.56212059
5,5300841,2021,9,22,7,3,5,3,2,0,1,0,0,0,0,0,13.27197729,52.53697523
7,7100102,2021,9,13,6,3,5,3,0,1,1,0,0,0,0,0,13.35333549,52.50093877
6,6200316,2021,9,13,6,3,6,4,0,1,0,1,0,0,0,0,13.35971228,52.43172936
1,1100205,2021,9,18,4,3,5,3,0,0,1,0,0,0,1,0,13.37931118,52.50703435
12,12100205,2021,9,10,2,3,1,5,0,1,0,0,0,0,1,0,13.35580492,52.56879943
4,4501041,2021,9,8,3,3,5,2,0,1,1,0,0,0,0,0,13.31658872,52.49951724
8,8301037,2021,9,18,3,2,6,4,0,0,1,1,0,0,0,0,13.47354231,52.4242769
8,8200730,2021,8,9,3,3,5,2,0,0,1,0,0,0,1,0,13.44749891,52.43694761
11,11100204,2021,9,17,6,3,5,3,0,0,1,0,1,0,0,0,13.51784146,52.56385188
6,6200313,2021,9,8,4,3,5,2,0,1,1,0,0,0,0,0,13.34399496,52.43526542
1,1100311,2021,8,13,7,3,2,2,0,1,1,0,0,0,0,0,13.42173845,52.51423351
9,9200715,2021,9,4,2,3,5,3,2,0,1,0,0,0,0,0,13.53666956,52.43572826
5,5100209,2021,9,8,1,3,5,3,0,0,1,0,0,0,0,0,13.18477117,52.54755531
10,10200629,2021,8,20,3,3,2,1,2,0,0,0,1,0,1,0,13.57640234,52.51314465
1,1100206,2021,9,16,6,3,3,6,0,1,1,0,0,0,0,0,13.38871754,52.51769248
1,1300836,2021,10,2,6,3,5,3,2,0,1,0,0,0,0,0,13.37559868,52.54041497
1,1400938,2021,9,6,3,3,8,1,1,0,1,0,0,0,0,1,13.33580272,52.54189242
1,1200623,2021,9,13,4,3,6,7,0,1,0,1,0,0,0,0,13.34432364,52.53152861
6,6300629,2021,9,23,3,3,0,7,2,0,1,0,0,0,0,0,13.29376974,52.44564267
7,7300517,2021,8,10,5,3,5,3,0,1,0,0,0,0,0,0,13.3288431,52.47232632
2,2400522,2021,8,15,3,3,4,3,0,1,1,0,0,0,0,0,13.44917471,52.51776462
6,6300632,2021,9,15,6,3,5,3,0,0,1,0,0,0,0,0,13.29442694,52.42701407
4,4500938,2021,9,14,3,3,1,5,0,1,1,0,0,0,0,0,13.29737614,52.49561784
7,7501031,2021,9,16,3,3,2,6,0,0,1,0,0,0,0,0,13.39817808,52.44293838
10,10100206,2021,9,11,7,3,0,1,0,1,0,0,0,0,0,0,13.56402307,52.55641722
5,5300736,2021,9,15,4,3,5,2,0,1,1,0,0,0,0,0,13.22321304,52.53710861
7,7200307,2021,9,12,1,3,1,5,0,0,1,0,0,0,1,0,13.34330255,52.4889462
8,8100419,2021,8,20,7,3,1,6,2,1,1,0,0,0,0,0,13.45299738,52.48178476
10,10400940,2021,9,15,4,3,6,6,0,1,0,1,0,0,0,0,13.60028072,52.47560701
7,7400927,2021,9,5,6,2,5,2,2,0,1,0,1,0,0,1,13.40011842,52.45911297
9,9100409,2021,9,10,4,3,5,3,0,0,1,0,0,0,0,0,13.49780341,52.43367613
1,1400938,2021,9,11,4,3,2,6,0,0,1,0,0,0,1,1,13.34385609,52.54598562
1,1401045,2021,8,17,5,3,6,2,0,0,1,1,0,0,0,0,13.37686933,52.55661744
2,2400623,2021,9,13,6,3,0,2,0,0,1,0,1,0,0,0,13.43972742,52.51394146
9,9200512,2021,8,19,4,3,1,5,0,0,1,0,0,0,0,0,13.54839294,52.45698502
10,10300734,2021,9,8,6,3,1,1,0,0,1,0,0,0,0,0,13.56777809,52.50542454
1,1100311,2021,9,15,5,3,6,4,0,0,1,1,0,0,0,0,13.42452781,52.51639263
6,6300524,2021,9,19,3,3,0,3,1,0,0,0,1,0,0,0,13.23003004,52.43074367
2,2200213,2021,9,7,2,3,5,3,0,1,1,0,0,0,0,0,13.42170342,52.49296487
1,1100415,2021,9,21,4,3,0,7,2,1,0,0,0,0,0,0,13.39861713,52.5325576
5,5300841,2021,9,21,1,3,2,6,2,0,1,0,0,0,0,0,13.27152863,52.53651447
5,5100317,2021,9,6,2,3,2,6,1,0,1,0,0,0,0,0,13.23967856,52.52632633
2,2300316,2021,8,8,2,3,5,3,0,0,1,0,0,0,0,1,13.43007998,52.50346333
1,1100308,2021,9,20,5,3,5,2,2,1,1,0,0,0,0,0,13.3794029,52.52943285
10,10400837,2021,9,20,6,3,5,3,1,0,1,0,1,0,0,0,13.57577867,52.49119962
8,8100417,2021,9,9,5,3,7,7,0,0,0,0,0,0,1,0,13.45257523,52.47562384
5,5200528,2021,9,16,5,3,2,6,1,0,1,0,0,0,1,0,13.17366565,52.51776985
12,12601032,2021,8,11,6,3,5,3,0,1,1,0,0,0,0,0,13.32544792,52.60830639
2,2300419,2021,8,16,4,3,5,3,0,1,0,0,0,0,1,0,13.44384176,52.50008758
3,3601243,2021,9,23,7,3,5,3,2,0,1,0,0,0,0,0,13.42336069,52.55108675
6,6200420,2021,9,22,6,3,1,1,2,0,1,0,1,0,0,0,13.30397717,52.41904768
3,3400828,2021,9,18,4,3,5,3,0,0,1,0,1,0,0,0,13.42255092,52.55986189
11,11300620,2021,9,17,3,3,6,4,0,1,0,1,0,0,0,0,13.48340019,52.52869965
1,1100207,2021,9,18,3,3,0,3,1,0,1,0,1,0,0,0,13.39811229,52.5100221
11,11400927,2021,9,17,3,3,0,1,0,1,0,0,0,0,0,0,13.47526209,52.50172907
8,8200727,2021,8,14,3,3,1,5,0,1,1,0,0,0,0,0,13.45094871,52.43850452
7,7200308,2021,9,13,6,3,3,6,0,1,1,0,0,0,0,0,13.34522061,52.48487236
9,9401635,2021,9,16,4,3,5,3,0,1,1,0,0,0,0,0,13.67263039,52.4185517
7,7100206,2021,8,15,2,3,5,2,0,1,1,0,0,0,0,1,13.37089721,52.49265788
7,7100205,2021,8,9,6,3,5,2,0,1,1,0,0,0,0,0,13.36092405,52.49426084
6,6300528,2021,9,12,2,3,1,5,0,0,1,0,0,0,1,0,13.25300443,52.4255051
1,1100313,2021,9,20,6,2,0,1,1,0,0,0,0,0,1,0,13.41882565,52.51038597
4,4501153,2021,8,10,3,3,5,2,0,1,1,0,0,0,0,0,13.33515032,52.48590083
11,11501340,2021,9,12,7,3,5,3,0,0,1,0,1,0,0,1,13.53209799,52.48411525
3,3601142,2021,8,11,6,3,5,2,0,1,1,0,0,0,0,0,13.41310839,52.54767851
3,3300411,2021,9,18,5,3,5,3,0,1,1,0,0,0,0,0,13.49013221,52.61711157
4,4100101,2021,9,12,6,3,5,2,0,0,1,0,0,0,0,0,13.30230365,52.54789075
4,4501149,2021,9,10,4,3,5,3,0,1,1,0,0,1,0,0,13.32311654,52.49095289
2,2500831,2021,9,11,3,2,0,1,0,0,1,0,1,0,0,1,13.46223267,52.51182573
3,3601450,2021,8,10,5,3,2,1,0,0,1,0,0,0,0,1,13.45779805,52.53157897
11,11200512,2021,8,19,3,2,0,1,0,1,0,0,0,0,0,0,13.46858408,52.54425256
6,6400842,2021,9,7,6,3,5,2,0,0,1,0,0,0,0,0,13.2528763,52.4665327
5,5200630,2021,9,12,5,3,2,6,0,0,1,0,0,0,0,0,13.19370969,52.52519091
4,4300622,2021,9,18,3,3,2,6,0,0,1,0,0,0,0,0,13.32630654,52.50908462
1,1100101,2021,9,21,7,3,2,6,2,0,1,0,0,0,0,0,13.33969659,52.50526004
3,3300516,2021,8,16,3,3,5,3,0,0,1,0,0,0,1,0,13.44404694,52.56858021
12,12200412,2021,9,15,2,2,2,6,0,0,1,0,0,0,1,0,13.2547336,52.56219878
8,8100206,2021,9,15,1,3,6,4,0,0,0,1,1,0,0,0,13.42516369,52.48046521
1,1300834,2021,8,9,7,2,3,6,0,0,1,0,0,0,1,0,13.39231106,52.54514065
1,1100102,2021,9,9,6,3,2,2,0,0,1,0,0,0,0,0,13.37208248,52.52088512
8,8100415,2021,9,18,6,3,5,7,1,0,1,0,0,0,0,0,13.43668135,52.47987076
4,4300414,2021,9,10,5,3,2,2,0,0,1,0,1,0,0,0,13.28830347,52.51306275
4,4100101,2021,9,13,4,3,5,7,0,0,1,0,0,1,0,1,13.31708666,52.54718916
10,10200524,2021,8,13,6,3,2,6,0,0,1,0,0,0,0,1,13.60523071,52.53646461
9,9200819,2021,8,20,4,3,0,1,1,1,0,0,0,0,0,1,13.56512996,52.44550976
1,1100101,2021,9,19,7,3,5,3,0,0,1,0,0,0,0,0,13.3495674,52.50860805
6,6400843,2021,9,13,3,3,6,4,0,0,0,1,1,0,0,0,13.29218512,52.45805004
5,5100316,2021,9,7,4,3,5,3,0,1,0,0,0,0,1,0,13.1893328,52.54294191
8,8200624,2021,9,13,3,3,0,3,0,0,1,0,1,0,0,0,13.43464706,52.45095423