BEZ,LOR_ab_2021,UJAHR,UMONAT,USTUNDE,UWOCHENTAG,UKATEGORIE,UART,UTYP1,ULICHTVERH,IstRad,IstPKW,IstFuss,IstKrad,IstGkfz,IstSonstige,USTRZUSTAND,XGCSWGS84,YGCSWGS84
2,2500835,2021,8,12,5,3,1,5,0,1,1,0,0,0,0,1,13.4664988,52.50211117
11,11100204,2021,8,15,3,3,5,2,0,0,1,0,0,0,0,0,13.52371553,52.56559022
4,4501041,2021,9,19,6,3,0,1,1,0,0,0,1,0,0,0,13.3168138,52.50138464
2,2500726,2021,9,16,4,3,6,4,0,0,1,1,0,0,0,0,13.45468028,52.52396422
4,4300414,2021,9,15,3,3,5,3,0,0,1,0,0,0,1,0,13.29715044,52.51218351
2,2400623,2021,9,18,2,2,1,5,0,1,1,0,0,0,0,0,13.42918093,52.50912371
2,2200210,2021,9,16,4,3,5,7,0,0,1,0,0,0,0,0,13.40035502,52.49433699
4,4400729,2021,9,13,1,3,3,6,0,1,1,0,0,0,0,0,13.27843801,52.47363408
4,4300518,2021,8,13,7,3,5,2,0,1,1,0,0,0,0,0,13.3061928,52.52461527
3,3300516,2021,9,10,5,3,4,6,0,0,1,0,0,0,0,0,13.44379222,52.5792354
9,9200818,2021,9,18,5,3,1,7,0,0,1,0,0,0,0,0,13.56939498,52.44476829
3,3200308,2021,9,20,3,2,5,2,2,0,1,0,0,0,0,0,13.43277816,52.59582286
6,6300528,2021,9,19,4,3,2,6,1,0,1,0,1,0,0,0,13.2784676,52.42979096
2,2300316,2021,8,8,6,3,5,2,0,1,1,0,0,0,0,1,13.43261582,52.50239609
4,4501043,2021,8,21,4,3,0,2,2,0,1,0,1,0,0,1,13.31639045,52.49862812
8,8100419,2021,9,7,6,3,0,3,0,1,1,0,0,0,0,0,13.45620886,52.48402469
3,3500936,2021,8,15,3,3,5,3,0,0,1,0,0,0,1,0,13.45010513,52.5469208
7,7200307,2021,9,15,5,3,5,7,0,0,1,0,0,0,1,0,13.34489567,52.4891178
1,1100309,2021,9,7,6,3,5,3,0,1,1,0,0,0,0,0,13.3980069,52.52725172
6,6200312,2021,9,14,3,3,2,6,0,0,1,0,0,0,1,0,13.34144631,52.44232223
10,10200418,2021,9,8,3,2,6,4,0,0,1,1,0,0,0,0,13.58397981,52.53961235
10,10100210,2021,9,17,4,3,5,3,0,0,1,0,1,1,0,0,13.55234436,52.54944089
8,8100102,2021,9,2,2,2,2,6,2,0,1,0,1,0,0,0,13.42671148,52.47628296
5,5100316,2021,9,18,1,3,0,2,0,0,1,0,1,0,0,0,13.20310835,52.5408386
4,4300415,2021,8,17,1,3,5,2,0,1,1,0,0,0,0,0,13.28358151,52.50639994
4,4500939,2021,9,8,5,3,5,3,0,0,1,0,1,0,0,0,13.29901444,52.49072428
2,2200212,2021,9,10,7,3,5,2,0,1,1,0,0,0,0,0,13.41423411,52.48824263
1,1100308,2021,9,13,4,3,5,3,0,1,1,0,0,0,0,0,13.37427171,52.52795606
9,9200510,2021,9,14,5,3,5,2,0,1,1,0,0,0,0,0,13.51184327,52.46431769
2,2100102,2021,8,13,7,3,5,3,0,0,1,0,0,0,1,0,13.39444731,52.506965
9,9502043,2021,8,10,4,3,0,7,0,0,1,1,0,0,0,0,13.57005928,52.46808462
1,1300834,2021,9,8,2,3,1,2,0,0,1,0,1,0,0,0,13.39916272,52.54432297
1,1200520,2021,9,16,7,3,5,2,0,1,0,0,0,0,1,0,13.34342912,52.52622983
2,2200210,2021,9,16,7,3,5,3,0,0,1,0,0,0,0,0,13.40415708,52.49121689
1,1200624,2021,9,13,3,3,2,6,0,0,1,0,1,0,0,0,13.35867053,52.53654716
6,6200313,2021,9,9,4,2,5,3,0,1,1,0,0,0,0,0,13.3461524,52.43398986
8,8401241,2021,9,7,4,3,0,7,0,0,1,0,0,0,0,0,13.48752078,52.43386889
6,6100210,2021,8,11,2,3,5,2,0,1,1,0,0,0,0,1,13.34476392,52.46149585
7,7601341,2021,9,23,6,2,5,3,2,0,1,0,1,0,0,0,13.38007586,52.40613922
2,2200212,2021,9,15,4,3,2,2,0,0,1,0,0,0,0,0,13.40590468,52.48951355
5,5300737,2021,8,11,2,2,5,2,0,0,1,0,0,1,0,0,13.24775267,52.53808367
2,2500835,2021,8,6,6,3,5,2,0,1,0,0,1,0,0,1,13.46612757,52.50007396
7,7501134,2021,9,18,2,3,2,6,0,0,1,0,0,0,0,0,13.409896,52.43905026
9,9200715,2021,9,21,6,3,6,7,2,0,1,1,0,0,0,0,13.54517971,52.43268973
7,7300516,2021,8,15,3,3,6,4,0,1,0,1,0,0,0,0,13.32925196,52.46561891
4,4100101,2021,9,17,7,2,6,4,0,0,1,1,0,0,0,0,13.31370943,52.54213086
4,4200308,2021,8,19,6,3,5,2,0,0,1,0,0,0,0,0,13.27817512,52.51849057
2,2500836,2021,9,14,5,3,5,2,0,1,1,0,0,0,0,0,13.4715528,52.49384635
8,8100417,2021,9,16,5,3,2,6,0,0,1,0,0,0,0,0,13.4538701,52.47184525
1,1200628,2021,9,15,4,3,2,6,0,0,1,0,1,0,0,1,13.35513927,52.5185072
6,6300631,2021,9,13,4,2,2,6,0,0,1,0,1,0,0,1,13.30157483,52.42035487
2,2500830,2021,8,11,5,3,0,1,0,0,0,0,1,0,0,1,13.45524063,52.5136493
1,1100102,2021,8,15,3,3,2,6,0,0,1,0,0,0,1,0,13.35349683,52.50668748
3,3501038,2021,9,11,6,3,5,2,0,0,1,0,1,0,0,0,13.47899483,52.55317776
11,11200513,2021,9,12,5,3,5,7,0,0,1,0,0,0,0,0,13.49503643,52.5420293
3,3500936,2021,9,9,3,3,4,5,0,1,0,0,0,1,0,0,13.45990894,52.54912878
1,1401045,2021,9,14,2,3,5,2,0,1,0,0,0,0,1,0,13.37703173,52.55629778
7,7601236,2021,9,14,5,3,5,3,0,1,1,0,0,0,0,0,13.35146048,52.4159082
11,11300721,2021,9,10,2,2,0,2,0,0,1,0,1,0,0,0,13.49966951,52.53436419
1,1100101,2021,9,18,1,3,1,5,0,0,1,0,0,0,1,0,13.34736345,52.50975681
11,11501340,2021,8,22,7,3,2,6,2,1,1,0,0,0,0,0,13.52550602,52.48174353
1,1200628,2021,9,9,5,3,2,6,0,0,1,0,1,0,0,0,13.3669883,52.52560009
1,1200628,2021,9,9,6,3,5,3,0,1,1,0,0,0,0,0,13.35913896,52.52237256
7,7400826,2021,9,9,5,3,5,3,0,0,1,0,1,0,0,0,13.37219942,52.45548495
8,8200726,2021,9,14,5,3,5,3,0,1,1,0,0,0,0,0,13.44384702,52.45224614
3,3701660,2021,8,9,6,3,6,4,0,0,1,1,0,0,0,1,13.43342932,52.53113959
2,2300316,2021,8,7,3,2,0,5,0,1,1,0,0,0,0,0,13.4341018,52.50483638
2,2500834,2021,9,18,1,3,6,7,0,1,0,1,0,0,0,0,13.46751607,52.50611727
3,3400723,2021,9,13,6,3,5,3,0,0,1,0,0,0,1,0,13.42146857,52.57539159
12,12400723,2021,9,10,4,3,9,1,0,0,1,0,0,0,0,0,13.32260966,52.62464481
6,6400841,2021,9,18,3,3,5,3,0,1,1,0,0,0,0,0,13.26137484,52.44324841
4,4300622,2021,8,20,1,2,5,3,2,0,1,0,0,0,1,1,13.31727491,52.51219213
12,12200414,2021,9,20,3,3,0,7,1,0,1,0,0,0,0,0,13.29589649,52.54948539
3,3601244,2021,9,15,3,3,6,4,0,0,1,1,0,0,0,0,13.42738377,52.55250809
12,12100204,2021,8,14,2,3,6,4,0,0,1,1,0,0,0,0,13.35516022,52.56276768
2,2300314,2021,9,18,6,3,1,5,0,1,1,0,0,0,0,1,13.41863134,52.50146255
7,7300516,2021,9,16,1,3,1,5,0,1,1,0,0,0,0,0,13.32598672,52.46710247
5,5100210,2021,9,5,5,3,2,6,1,0,1,0,1,0,0,1,13.18557159,52.55133687
4,4501042,2021,8,19,2,3,5,2,0,0,1,0,1,0,0,1,13.33943554,52.50313925
2,2300316,2021,9,6,5,3,6,4,0,0,1,1,0,0,0,0,13.44235373,52.50085645
9,9301228,2021,8,1,7,3,9,1,2,0,1,0,0,0,0,1,13.68911851,52.37114768
4,4400726,2021,9,8,2,3,2,6,0,0,0,0,1,0,1,0,13.28516654,52.49417204
4,4300416,2021,9,13,1,3,1,5,0,0,1,0,1,0,0,0,13.30106994,52.50796438
6,6400841,2021,8,11,3,3,1,1,0,1,1,0,0,0,0,0,13.26133607,52.43673497
3,3400721,2021,9,20,6,3,0,2,2,1,1,0,0,0,0,0,13.40115935,52.56921523
8,8100419,2021,10,18,6,3,5,3,0,1,0,0,0,0,1,0,13.45149188,52.48390706
9,9100407,2021,9,15,3,2,5,2,0,1,1,0,0,0,0,0,13.50415202,52.45488695
12,12500825,2021,9,16,5,3,6,7,0,0,1,1,0,0,0,0,13.30679659,52.58089434
2,2100105,2021,9,18,3,3,5,3,0,0,0,0,1,0,1,0,13.41647893,52.49962144
7,7400720,2021,9,15,2,3,0,4,0,0,0,1,1,0,0,0,13.37818106,52.48333799
6,6200422,2021,9,13,5,3,2,6,0,0,1,0,0,0,0,0,13.33795533,52.41665604
7,7400823,2021,9,18,3,3,5,2,1,0,1,0,1,0,0,0,13.37796405,52.46863122
8,8100314,2021,9,17,3,3,6,4,0,0,0,1,0,0,1,0,13.42451532,52.4864409
11,11300721,2021,8,7,2,2,0,1,0,0,0,0,0,0,1,1,13.49835379,52.52639586
1,1100102,2021,9,11,6,3,5,2,0,0,1,0,1,0,0,0,13.35104215,52.51489785
7,7601544,2021,9,17,7,3,1,5,2,1,1,0,0,0,0,1,13.4064013,52.38589214
7,7400927,2021,9,14,5,3,3,6,0,0,1,0,1,1,0,0,13.38830549,52.45674379
6,6300524,2021,9,14,4,3,5,3,0,1,1,0,0,0,0,1,13.23025699,52.43013234
11,11300616,2021,8,14,7,3,2,6,0,0,1,0,0,0,0,0,13.46779127,52.53408575
2,2300419,2021,9,22,7,3,5,7,2,1,1,0,0,0,0,0,13.44392552,52.50007591
5,5100209,2021,9,18,1,2,5,3,0,0,1,0,0,0,0,0,13.18476557,52.5475294
2,2300417,2021,8,10,3,3,1,5,0,0,1,0,0,1,0,0,13.42237244,52.49789714
5,5100208,2021,9,16,5,3,0,2,0,0,0,0,1,0,1,0,13.1659547,52.55220823
3,3300516,2021,9,16,6,3,2,6,0,0,1,0,1,0,0,0,13.44175863,52.56581616
2,2200212,2021,10,21,6,3,0,1,2,1,0,0,0,0,0,0,13.42162027,52.48723836
2,2200210,2021,9,18,3,3,2,6,1,1,1,0,0,1,0,0,13.39713584,52.49546236
4,4300623,2021,9,20,4,3,0,1,1,0,0,0,0,0,1,0,13.3140643,52.50621299
3,3701556,2021,9,12,3,3,0,1,0,1,0,0,0,0,0,1,13.41272369,52.52900174
10,10100311,2021,8,15,2,2,5,2,0,0,1,0,0,0,1,0,13.51902461,52.51656376
7,7100204,2021,9,8,6,3,1,5,0,1,1,0,0,0,0,0,13.34851902,52.49038439
3,3100103,2021,8,14,2,3,5,3,0,0,1,0,0,0,0,1,13.49537236,52.63397895
10,10400941,2021,9,13,2,3,5,3,0,1,1,0,0,0,0,0,13.61740103,52.48405837
1,1200522,2021,9,20,7,3,5,3,2,1,1,0,0,0,0,1,13.33412504,52.52441884
8,8100310,2021,8,15,3,3,3,6,0,1,1,0,0,0,0,0,13.42924969,52.49308369
2,2300418,2021,9,15,5,3,6,7,0,0,0,1,0,0,1,0,13.4316608,52.49515206
4,4400726,2021,9,21,7,3,2,6,2,0,1,0,0,0,0,0,13.28571595,52.49512754
8,8100419,2021,8,11,6,3,1,5,0,1,1,0,0,0,0,0,13.44783091,52.48561819
1,1300836,2021,9,18,5,3,5,3,0,1,0,0,0,0,0,0,13.36432302,52.54493977
9,9300920,2021,9,11,6,3,5,3,0,0,1,0,0,0,0,0,13.54448962,52.41051724
7,7100102,2021,9,11,4,3,0,3,0,0,1,0,1,0,0,0,13.35336428,52.50094149
5,5100210,2021,9,19,4,3,6,4,1,1,0,1,0,0,0,1,13.1865599,52.55122332
4,4501153,2021,8,16,5,3,5,2,0,0,1,0,0,0,0,0,13.32834343,52.47867252
1,1200626,2021,8,12,3,3,5,3,0,1,1,0,0,0,0,0,13.34915977,52.52458911
5,5300737,2021,9,15,7,3,0,6,0,0,1,0,0,0,1,0,13.24032258,52.54302933
1,1400938,2021,9,18,4,2,1,5,0,0,1,0,0,0,0,0,13.34077699,52.548758
1,1200521,2021,9,11,3,3,0,1,0,0,0,0,0,0,1,0,13.33045346,52.52681809
1,1100309,2021,9,9,7,3,1,5,0,1,1,0,0,0,0,1,13.40746605,52.52388858
9,9200510,2021,9,20,4,2,4,6,2,0,1,0,0,0,0,0,13.51469784,52.46876792
11,11401137,2021,9,13,2,3,2,2,0,1,1,0,0,0,0,0,13.51968411,52.49394677
1,1100312,2021,9,9,5,3,5,2,0,1,1,0,0,0,0,0,13.40711636,52.51310962
10,10100312,2021,9,10,2,3,9,1,0,0,1,0,0,0,0,0,13.54675235,52.5340715
10,10100312,2021,8,19,2,2,5,2,0,0,1,0,0,0,0,0,13.53854153,52.52461672
7,7501134,2021,9,7,5,3,1,5,0,1,1,0,0,0,0,0,13.40001749,52.42336276
11,11300725,2021,9,18,6,3,1,5,1,0,1,0,0,0,1,0,13.49432856,52.51315637
1,1300733,2021,9,13,5,2,1,5,0,1,1,0,0,0,0,0,13.38288028,52.55158726
2,2400625,2021,9,18,5,2,5,3,0,0,0,0,1,0,0,0,13.44330125,52.51198808
7,7100101,2021,8,18,6,3,2,6,1,0,1,0,0,0,0,1,13.34209352,52.50221422
1,1100311,2021,8,13,4,3,5,3,0,0,0,0,0,0,1,0,13.42121105,52.51869466
6,6300631,2021,9,4,1,3,0,7,2,0,1,0,0,0,0,0,13.2764117,52.41271907
8,8100209,2021,9,16,5,3,5,2,0,0,1,0,1,0,0,0,13.4427876,52.46508804
3,3500936,2021,9,9,4,3,0,7,0,1,0,0,0,0,0,0,13.45906665,52.54895203
3,3100103,2021,9,18,2,2,5,3,0,0,1,0,0,0,0,0,13.49590062,52.62603159
12,12200309,2021,8,7,1,3,5,3,0,0,1,0,0,0,1,1,13.3259965,52.56461151
5,5100316,2021,9,13,3,3,2,6,0,0,1,0,0,0,0,0,13.19968952,52.53520888
2,2400624,2021,9,18,3,3,0,1,0,0,0,0,1,0,0,0,13.4482715,52.51128204
8,8100209,2021,8,16,3,3,2,3,0,1,1,0,0,0,0,0,13.44035429,52.46748862
7,7601546,2021,9,14,6,2,0,1,0,0,1,0,0,0,0,0,13.39181798,52.38425757
4,4300622,2021,9,8,5,3,5,2,0,1,1,0,0,0,0,0,13.31862808,52.51384334
7,7501029,2021,8,7,2,3,5,3,0,0,1,0,0,0,0,1,13.38060156,52.44282913
5,5100315,2021,8,16,1,3,6,4,0,0,0,1,0,0,1,1,13.20382207,52.54127918
2,2100102,2021,9,14,2,2,1,5,0,1,0,0,0,0,1,0,13.38835786,52.50658653
7,7300516,2021,9,12,1,3,1,5,0,1,1,0,0,0,0,0,13.330171,52.4691696
3,3100103,2021,8,7,3,2,5,3,0,1,1,0,0,0,0,1,13.49928577,52.63063692
4,4300620,2021,9,22,6,2,6,4,2,0,0,1,1,0,0,0,13.32206042,52.52107243
11,11300724,2021,10,14,6,3,0,3,0,0,1,0,0,0,1,0,13.49335336,52.51447305
1,1300835,2021,9,16,3,3,5,2,0,1,1,0,0,0,0,0,13.38235968,52.53774433
1,1100416,2021,9,13,3,3,0,5,0,0,1,0,1,0,0,0,13.40438621,52.53096955
4,4501042,2021,9,12,3,3,0,5,0,0,1,0,1,0,0,1,13.34103987,52.504852
11,11401137,2021,8,16,5,3,5,3,0,1,1,0,0,0,0,0,13.52117385,52.49986526
5,5100314,2021,8,17,3,3,1,5,0,1,1,0,0,0,0,0,13.20860381,52.54749604
12,12100205,2021,9,17,6,3,2,6,0,0,1,0,1,0,0,0,13.34418768,52.58907775
8,8200832,2021,9,15,4,3,2,6,0,0,1,0,0,0,0,0,13.43527594,52.42585866
5,5100208,2021,9,5,3,3,5,3,1,1,1,0,0,0,0,0,13.14941096,52.55424483
2,2100104,2021,9,21,6,3,2,6,2,0,1,0,0,0,0,0,13.40927486,52.50406007
1,1401043,2021,9,14,4,3,5,2,0,0,1,0,1,0,0,0,13.36162752,52.54790785
7,7400823,2021,9,16,5,2,2,6,0,0,1,0,1,0,0,0,13.3706837,52.46880796
6,6400844,2021,9,11,7,3,5,7,0,0,1,0,1,0,0,0,13.28906878,52.46902853
1,1100312,2021,8,21,7,3,5,2,2,1,1,0,0,0,0,0,13.40447481,52.50786683
3,3300413,2021,9,15,5,3,2,6,0,0,1,0,0,0,0,0,13.48132999,52.60942993
2,2300419,2021,9,17,5,3,4,6,0,1,0,0,0,0,0,0,13.44435723,52.50055739
1,1100308,2021,9,8,4,3,3,2,0,1,1,0,0,0,0,1,13.3785293,52.52915075
9,9401329,2021,9,12,4,3,5,3,0,1,1,0,0,0,0,1,13.59272702,52.42889567
2,2400521,2021,8,6,6,2,0,1,0,1,0,0,0,0,0,1,13.43380561,52.523318
2,2300314,2021,8,17,4,3,5,3,0,0,1,0,1,0,0,0,13.41919083,52.50130544
1,1100311,2021,9,18,6,3,5,7,0,0,1,0,0,0,1,0,13.4234562,52.52380741
3,3500933,2021,9,17,4,3,2,6,0,0,1,0,0,0,0,0,13.46638399,52.55714102
7,7400825,2021,9,13,4,3,0,5,0,0,1,0,0,0,1,0,13.37622565,52.45582105
3,3500934,2021,9,22,3,3,6,7,2,0,0,1,0,0,1,0,13.43766227,52.55487852
1,1100309,2021,8,17,2,3,6,4,0,1,0,1,0,0,0,0,13.39233519,52.52733878
11,11300617,2021,9,15,6,3,3,6,0,0,1,0,0,0,0,0,13.47486733,52.53283303
1,1400937,2021,9,15,3,3,5,2,0,0,1,0,0,0,0,0,13.33430463,52.55735641
10,10100314,2021,9,14,7,3,5,3,0,1,0,0,0,0,0,0,13.55429308,52.53765597
9,9100101,2021,9,9,4,3,0,1,0,1,0,0,0,0,0,0,13.45554943,52.48784757
2,2100105,2021,9,18,5,3,6,7,0,0,1,1,0,0,0,0,13.41392991,52.50023166
9,9200511,2021,9,10,1,3,5,3,0,0,1,0,0,0,0,0,13.51926099,52.46441128
6,6200423,2021,8,13,1,3,5,3,0,0,1,0,0,0,0,1,13.3144758,52.41763987
4,4300414,2021,9,16,5,3,1,5,0,1,1,0,0,0,0,0,13.30152016,52.5121146
1,1300732,2021,9,7,5,3,0,2,0,1,0,0,0,0,1,0,13.39096588,52.56330085
6,6400843,2021,9,11,3,3,5,2,0,0,1,0,0,0,0,0,13.28406282,52.4456699
5,5200630,2021,9,15,4,3,5,3,0,0,1,0,0,0,1,0,13.19406184,52.52540467
12,12500929,2021,8,20,5,2,6,4,2,0,1,1,0,0,0,1,13.33812251,52.61112441
4,4200207,2021,8,12,3,3,1,5,0,1,1,0,0,0,0,0,13.26047195,52.4998569
1,1100308,2021,9,21,6,3,6,2,2,0,1,1,0,0,0,0,13.37640017,52.52206172
2,2300419,2021,9,17,5,2,0,7,0,1,0,0,0,0,0,0,13.44286379,52.50059291
3,3500936,2021,9,13,4,3,1,5,0,1,1,0,0,0,0,0,13.46071324,52.545887
7,7601544,2021,9,12,1,3,2,2,0,0,1,0,0,0,0,0,13.4064021,52.39376267
10,10200421,2021,9,17,4,3,5,3,0,1,1,0,0,0,0,0,13.60842276,52.538973
6,6100207,2021,9,17,2,3,0,1,0,0,0,0,0,0,1,0,13.32352198,52.4494112
2,2100102,2021,9,4,1,3,5,3,2,1,1,0,0,0,0,0,13.39606925,52.49837954
10,10200418,2021,8,14,1,3,5,2,0,0,1,0,0,0,0,1,13.59170942,52.54498317
8,8100310,2021,9,16,5,3,2,6,0,1,0,0,0,0,1,0,13.42841742,52.4933534
3,3500932,2021,9,7,6,3,0,6,0,0,0,0,1,0,1,1,13.44861362,52.56463001
9,9200511,2021,9,17,4,3,5,3,0,0,1,0,0,0,0,1,13.53233084,52.46169783
9,9100304,2021,9,9,5,3,2,2,0,0,1,0,0,0,0,0,13.48126938,52.46080681
3,3500936,2021,8,14,6,3,1,5,0,1,1,0,0,0,0,1,13.45661575,52.5477002
3,3200207,2021,8,19,4,3,2,6,0,0,1,0,0,0,0,0,13.41592992,52.59031066
1,1100415,2021,9,14,7,3,5,2,0,1,1,0,0,0,0,0,13.39590535,52.53242141
4,4400833,2021,9,8,5,3,5,3,0,0,1,0,1,0,0,0,13.30726132,52.46855072
8,8100415,2021,9,17,6,3,1,5,0,0,1,0,0,0,0,0,13.44528279,52.47659861
2,2300315,2021,9,17,4,3,5,3,0,1,1,0,0,0,0,0,13.42634795,52.49932326
1,1400942,2021,9,13,2,3,5,3,0,0,1,0,0,0,1,0,13.35886492,52.54647872
11,11100309,2021,9,17,3,3,5,2,0,0,1,0,1,0,0,0,13.51563751,52.55937279
1,1100101,2021,9,22,2,3,5,3,2,0,1,0,0,0,0,1,13.35224065,52.50638001
1,1100207,2021,8,17,2,3,5,2,0,1,0,0,0,0,0,0,13.40392366,52.51537291
7,7400927,2021,9,15,6,3,5,3,0,0,1,0,0,0,0,1,13.39569747,52.45433482
1,1100415,2021,9,21,4,3,2,5,2,0,1,0,1,0,0,0,13.40093513,52.53010649
2,2500831,2021,8,9,2,3,5,3,0,1,1,0,0,0,0,1,13.46995871,52.51240868
8,8100310,2021,8,11,6,3,5,3,0,1,1,0,0,0,0,0,13.42828464,52.49350553
4,4300623,2021,9,17,2,3,2,7,0,1,1,0,0,0,0,0,13.30633268,52.51001309
4,4500937,2021,9,13,7,3,1,5,0,0,1,0,0,0,0,0,13.28907513,52.49512458
12,12200515,2021,8,9,3,3,3,6,0,1,0,0,1,0,0,0,13.28634046,52.59119807
8,8100102,2021,9,20,6,3,5,7,2,0,1,0,1,0,0,0,13.41978237,52.48012694
9,9200819,2021,10,14,6,3,0,1,0,1,0,0,0,0,0,0,13.57139456,52.432103
4,4501150,2021,9,18,3,3,5,2,0,1,1,0,0,0,0,0,13.32236525,52.4865411
4,4400835,2021,9,22,4,3,5,3,2,0,1,0,1,0,0,0,13.32026984,52.47682666
6,6100205,2021,9,15,3,3,6,4,0,0,1,1,0,0,0,0,13.35466829,52.44862023
3,3300516,2021,8,7,5,3,6,4,0,0,1,1,0,0,0,0,13.43754674,52.57279051
7,7601544,2021,8,15,3,3,2,6,0,0,0,0,1,0,1,0,13.39145082,52.39874878
6,6400844,2021,9,19,6,3,1,1,1,1,1,0,0,0,0,0,13.29520518,52.46560081
5,5100211,2021,9,15,4,3,6,4,0,0,1,1,0,0,0,0,13.18277466,52.5417028
4,4200311,2021,9,16,3,3,0,1,0,1,0,0,0,0,0,0,13.28169787,52.50942013
5,5200527,2021,9,17,2,3,5,7,0,0,1,0,0,0,1,0,13.17054755,52.51917307
6,6400735,2021,9,11,4,3,5,3,0,0,1,0,0,0,0,0,13.15641433,52.41930083
12,12100101,2021,9,12,7,3,2,2,0,0,1,0,0,0,0,1,13.36450159,52.56268184
4,4300623,2021,8,20,7,2,6,7,0,0,0,1,0,0,1,0,13.31362954,52.50637337
1,1200518,2021,9,12,5,2,5,7,0,0,1,0,1,0,0,0,13.32868808,52.52754908
12,12100103,2021,9,13,6,3,6,4,0,0,1,1,0,0,0,0,13.36594724,52.5725092
11,11200514,2021,9,16,4,2,2,6,0,0,1,0,0,0,0,1,13.47661561,52.53705192
1,1400938,2021,9,15,4,3,2,6,0,0,1,0,0,0,1,1,13.3362894,52.54200617
9,9100409,2021,8,5,6,3,2,6,2,0,1,0,0,0,0,1,13.50089946,52.43541806
3,3701657,2021,8,14,4,3,5,3,0,1,0,0,1,0,0,0,13.42817829,52.54001286
9,9200715,2021,9,7,6,3,5,2,0,1,1,0,0,0,0,0,13.54656777,52.42637728
9,9501736,2021,9,8,5,3,2,6,0,0,1,0,0,0,0,0,13.59609523,52.45307253
7,7100206,2021,9,21,3,2,3,6,2,0,1,0,1,0,0,0,13.36879289,52.49310228
7,7601546,2021,9,12,2,3,6,7,0,0,0,1,0,0,1,0,13.39547614,52.38649685
3,3400721,2021,9,18,5,2,6,4,0,0,1,1,0,0,0,0,13.39834843,52.56186881
12,12100204,2021,9,15,2,3,0,4,0,0,0,1,1,0,0,0,13.35248126,52.56436598
12,12601031,2021,9,15,1,3,3,2,0,0,1,0,1,0,0,0,13.33222911,52.59934415
4,4200311,2021,8,10,2,3,3,6,0,0,1,0,0,0,0,1,13.27487212,52.50093571
3,3601450,2021,9,7,5,3,6,2,0,0,0,1,0,0,1,0,13.45804043,52.52884581
12,12200412,2021,9,18,6,3,5,2,0,0,1,0,1,0,0,0,13.29792589,52.57817777
1,1300835,2021,9,19,4,3,0,1,2,0,0,0,1,0,0,1,13.38042577,52.54338753
11,11200515,2021,9,10,5,3,0,5,0,0,0,0,0,0,1,0,13.50182331,52.53956545
6,6400737,2021,8,13,7,2,2,7,0,1,1,0,0,0,0,0,13.18920194,52.45568991
8,8100209,2021,8,16,4,3,5,2,0,1,1,0,0,0,0,0,13.44279651,52.46507742
2,2200209,2021,9,1,7,2,5,2,2,1,1,0,0,0,0,0,13.38582718,52.48503473
9,9501940,2021,9,11,7,3,5,2,0,0,1,0,1,0,0,1,13.58032793,52.45551642
1,1100101,2021,9,13,3,3,5,3,0,0,1,0,0,0,0,0,13.35225598,52.50638376
9,9501737,2021,9,19,2,3,6,7,1,0,1,1,0,0,0,0,13.6249352,52.45506086
7,7400824,2021,9,9,3,3,1,5,0,1,1,0,0,0,0,0,13.38247596,52.46710119
8,8100312,2021,8,13,2,3,1,5,0,1,1,0,0,0,0,1,13.43979197,52.48705821
9,9200819,2021,9,18,6,3,2,6,0,0,1,0,0,0,0,1,13.56010716,52.44217626
8,8100311,2021,9,8,4,3,2,6,0,0,1,0,0,0,0,0,13.42704296,52.48731213
6,6100204,2021,9,7,3,3,1,5,0,1,1,0,0,0,0,0,13.34861458,52.45380803
8,8100311,2021,9,2,2,3,0,7,2,0,1,0,0,0,0,0,13.42954255,52.48833395
8,8100310,2021,9,20,4,3,5,3,2,0,1,0,1,0,0,0,13.42521179,52.49436474
2,2300419,2021,9,23,2,3,1,1,2,0,1,0,0,0,0,0,13.44936158,52.49695608
1,1100207,2021,9,13,2,3,5,2,0,1,1,0,0,0,0,0,13.40114241,52.51132464
8,8100418,2021,8,19,1,3,5,3,0,0,1,0,1,0,0,1,13.4431377,52.48237247
1,1401047,2021,9,15,5,3,6,7,0,1,0,1,0,0,0,0,13.35863576,52.54006808
11,11100101,2021,9,0,7,2,8,1,2,0,0,0,1,0,0,0,13.51435636,52.57534909
3,3400826,2021,9,12,5,3,5,3,0,1,1,0,0,0,0,0,13.40742984,52.56319222
8,8300935,2021,9,21,5,3,5,2,2,0,1,0,0,0,0,0,13.4469518,52.42694596
12,12100206,2021,8,16,7,3,5,2,0,0,1,0,0,0,0,0,13.34024766,52.57234638
12,12200411,2021,8,16,4,3,1,5,0,1,1,0,0,0,0,0,13.31669819,52.56541068
1,1100313,2021,9,14,7,3,5,3,0,1,1,0,0,0,0,0,13.41743077,52.51075348
2,2500831,2021,9,18,6,3,0,6,1,1,1,0,0,0,0,0,13.46222583,52.51182864
4,4300517,2021,9,7,4,3,5,3,0,0,1,0,1,0,0,0,13.30367646,52.52560952
12,12500930,2021,9,16,2,3,5,2,0,0,1,0,0,0,1,0,13.33979275,52.58801476
4,4500939,2021,9,9,3,3,5,2,0,0,1,0,0,0,1,0,13.30654876,52.48839044
4,4300414,2021,9,9,2,3,5,2,0,1,1,0,0,0,0,0,13.28851765,52.51307615