BEZ,LOR_ab_2021,UJAHR,UMONAT,USTUNDE,UWOCHENTAG,UKATEGORIE,UART,UTYP1,ULICHTVERH,IstRad,IstPKW,IstFuss,IstKrad,IstGkfz,IstSonstige,USTRZUSTAND,XGCSWGS84,YGCSWGS84
1,1300732,2021,8,14,2,3,5,3,0,1,1,0,0,0,0,0,13.3927737,52.56410348
4,4501042,2021,9,19,6,3,2,6,1,0,1,0,0,0,1,1,13.33179809,52.50636586
1,1100309,2021,9,20,4,3,1,5,2,0,1,0,1,0,0,0,13.39759698,52.52932405
1,1200624,2021,8,12,2,3,5,2,0,1,0,0,0,1,0,1,13.36020818,52.53726411
1,1100102,2021,8,15,5,2,5,3,0,1,1,0,0,0,0,0,13.37350147,52.52066335
4,4300623,2021,9,16,2,3,6,4,0,1,0,1,0,0,0,0,13.30690379,52.50664069
1,1401047,2021,9,19,6,3,5,3,0,0,1,0,0,0,0,0,13.36076457,52.54211549
1,1100414,2021,8,19,3,3,1,5,1,1,1,0,0,0,0,0,13.3865007,52.53299416
8,8100208,2021,9,14,7,2,1,5,0,1,1,0,0,0,0,0,13.43646173,52.47283644
5,5100315,2021,9,6,5,2,1,5,0,0,1,0,1,0,0,0,13.1952443,52.54499311
4,4501042,2021,8,12,5,3,1,5,0,1,1,0,0,0,0,0,13.32726211,52.50168783
5,5200420,2021,9,20,3,2,3,6,2,0,1,0,1,0,0,0,13.16536321,52.53345106
1,1100310,2021,9,12,3,3,2,6,0,0,1,0,1,0,0,1,13.41533113,52.52073779
1,1300834,2021,8,5,5,3,2,2,1,1,1,0,0,0,0,1,13.39587447,52.53822801
9,9301025,2021,8,17,3,3,5,3,0,1,1,0,0,0,0,0,13.57359682,52.40797058
1,1200521,2021,9,15,6,3,6,4,0,1,0,1,0,0,0,0,13.33009854,52.52566646
12,12100205,2021,9,9,5,2,5,2,0,0,0,0,0,0,1,0,13.36106186,52.57699024
2,2300314,2021,9,16,3,3,5,2,0,0,1,0,1,0,0,0,13.41895194,52.49891343
4,4501040,2021,9,19,1,3,0,6,2,0,1,0,0,0,1,0,13.30998333,52.50022389
1,1100415,2021,9,18,4,3,2,2,0,1,1,0,0,0,0,0,13.39872563,52.53257852
10,10400835,2021,9,16,2,3,5,3,0,0,1,0,0,0,0,0,13.58715221,52.51230004
10,10200627,2021,9,17,1,3,5,5,0,1,1,0,0,0,0,0,13.58928927,52.52938698
3,3601245,2021,8,18,7,3,9,1,0,0,1,0,0,0,0,0,13.44189077,52.54634347
9,9200716,2021,9,6,6,3,3,2,1,0,1,0,1,0,0,0,13.54710823,52.43754653
1,1100415,2021,9,6,6,3,0,1,1,0,0,0,1,0,0,1,13.39781514,52.53250941
12,12601133,2021,9,18,4,3,5,3,0,0,1,0,0,0,0,1,13.36780414,52.60273431
12,12200414,2021,9,21,4,3,0,7,2,0,0,0,1,0,0,0,13.29296909,52.55410982
6,6200316,2021,8,7,6,3,2,6,0,0,1,0,0,0,0,1,13.35500144,52.42847859
8,8401242,2021,8,14,4,3,5,3,0,1,1,0,0,0,0,0,13.47814138,52.41776108
3,3100101,2021,9,16,6,3,2,1,0,0,1,0,0,0,0,0,13.47959863,52.6437939
6,6100205,2021,9,12,6,3,6,4,0,1,0,1,0,0,0,0,13.34938628,52.44760386
4,4400830,2021,9,12,3,3,5,3,0,1,1,0,0,0,0,0,13.29205741,52.47912109
1,1300733,2021,9,14,2,3,0,7,0,0,0,0,1,0,0,0,13.38659406,52.5494802
8,8200730,2021,9,11,5,3,5,7,0,0,1,0,1,0,0,0,13.44019441,52.43836515
4,4200309,2021,9,15,3,3,5,3,0,0,1,0,0,0,0,0,13.26091664,52.51632075
3,3200309,2021,9,10,3,3,1,5,0,1,1,0,0,0,0,1,13.43222459,52.6045062
2,2400625,2021,8,12,1,3,3,6,0,1,0,0,0,0,0,0,13.44546121,52.50160845
12,12500824,2021,9,17,6,3,2,6,0,0,1,0,0,0,0,1,13.2853763,52.59511993
1,1400938,2021,9,5,1,2,5,3,2,0,1,0,0,0,0,0,13.3452798,52.55439835
4,4501149,2021,9,13,5,3,5,2,0,0,0,0,0,0,1,0,13.32269588,52.48847653
5,5200528,2021,9,15,5,2,5,5,0,0,1,0,1,0,0,0,13.1793075,52.50157813
4,4500937,2021,9,14,6,2,5,2,0,1,0,0,0,0,1,0,13.29624147,52.49789702
9,9200512,2021,8,15,7,3,1,5,0,1,1,0,0,0,0,0,13.54668859,52.45727412
11,11300721,2021,8,7,4,2,0,1,0,1,0,0,0,0,0,0,13.49995669,52.53275957
3,3200309,2021,9,15,1,3,2,6,0,0,1,0,1,0,0,0,13.43128811,52.60248309
4,4501041,2021,9,21,7,3,0,6,2,0,1,0,0,0,1,0,13.31974882,52.50156969
9,9100306,2021,8,5,3,3,5,2,1,1,0,0,0,0,1,1,13.48838575,52.45135807
12,12500824,2021,9,23,6,3,5,3,2,0,1,0,0,0,1,0,13.28585064,52.5949705
4,4200311,2021,10,8,6,3,2,6,0,0,1,0,1,0,0,0,13.27567116,52.50750602
4,4501152,2021,9,14,3,3,5,2,0,1,1,0,0,0,0,0,13.33109482,52.49316084
1,1100308,2021,9,8,4,3,5,3,0,1,1,0,0,0,0,0,13.37863148,52.52755817
5,5200629,2021,9,20,3,3,6,2,2,0,1,1,0,0,0,0,13.19814752,52.53279468
1,1100102,2021,8,14,2,3,0,1,0,0,0,0,1,0,0,0,13.37117024,52.51112167
5,5100210,2021,9,7,6,3,5,2,0,1,1,0,0,0,0,0,13.18873272,52.54661218
11,11100204,2021,8,13,2,3,5,3,0,0,1,0,0,0,0,1,13.52072617,52.56875755
12,12100204,2021,8,7,6,3,5,3,0,1,1,0,0,0,0,1,13.35423472,52.56506512
8,8100310,2021,9,19,2,3,2,6,0,0,1,0,0,0,1,0,13.42806602,52.4929937
1,1200625,2021,9,3,7,3,5,3,2,0,1,0,0,0,1,0,13.34534697,52.52999932
11,11300722,2021,9,10,4,3,1,5,0,1,1,0,0,0,0,0,13.47700586,52.52027214
3,3400827,2021,9,13,1,3,0,7,0,0,0,0,1,0,0,1,13.41905403,52.55507651
9,9300920,2021,8,11,6,3,2,6,0,0,1,0,0,0,1,0,13.53757158,52.41869695
2,2100103,2021,9,15,4,3,5,3,0,1,1,0,0,0,0,0,13.39720479,52.50023241
5,5300838,2021,9,12,6,3,8,1,0,0,0,0,0,0,1,0,13.24882489,52.55123346
8,8301037,2021,9,15,4,3,5,3,0,1,1,0,0,0,0,1,13.48229043,52.42484176
3,3300516,2021,9,15,4,3,5,3,0,1,1,0,0,0,0,1,13.44291606,52.57047005
10,10200524,2021,8,17,5,3,2,6,0,0,1,0,0,0,0,1,13.6059846,52.5354009
4,4300620,2021,8,16,3,3,2,6,0,0,1,0,0,0,0,0,13.32358881,52.52134677
1,1400938,2021,9,19,7,2,0,1,1,0,0,0,0,0,1,0,13.33575943,52.54192392
12,12500825,2021,9,15,4,3,2,2,0,1,0,0,0,0,1,0,13.30010109,52.58639318
6,6200313,2021,9,15,3,3,1,5,0,1,1,0,0,0,0,0,13.34707658,52.43702357
7,7100102,2021,9,3,1,3,1,5,2,0,1,0,0,0,1,0,13.34699421,52.4974021
8,8100105,2021,8,10,2,3,2,6,0,0,1,0,0,0,0,1,13.43138258,52.46739282
9,9301025,2021,8,15,6,3,5,3,0,1,1,0,0,0,0,0,13.57094157,52.38964869
12,12200308,2021,9,14,2,2,6,4,0,0,1,1,0,0,0,0,13.31579726,52.57448769
1,1200625,2021,9,10,7,3,5,2,0,1,1,0,0,0,0,1,13.34647932,52.53042807
1,1401047,2021,8,16,3,3,2,7,0,0,1,0,0,0,0,0,13.35834648,52.54582129
12,12400720,2021,9,19,1,3,5,3,2,0,1,0,0,0,0,0,13.28033163,52.63013657
12,12100102,2021,8,20,6,3,1,1,2,0,1,0,1,0,0,0,13.37749566,52.57106694
1,1400938,2021,9,17,5,3,1,5,0,1,1,0,0,0,0,0,13.3475077,52.55308501
2,2400625,2021,9,16,5,3,5,2,0,1,1,0,0,0,0,0,13.44657492,52.50272511
4,4501041,2021,9,14,4,3,5,2,0,0,1,0,1,0,0,0,13.31942963,52.50157071
8,8100415,2021,9,8,4,2,6,2,0,0,0,1,0,0,1,0,13.43895061,52.48040291
7,7400824,2021,8,22,4,3,5,2,2,0,1,0,0,0,0,1,13.38563342,52.46573207
3,3400725,2021,8,13,3,3,5,2,0,1,1,0,0,0,0,0,13.41144072,52.58222236
1,1100309,2021,9,11,6,3,5,3,0,0,1,0,0,0,0,0,13.39164762,52.52217558
8,8100520,2021,9,22,5,3,6,4,2,0,1,1,0,0,0,1,13.45849573,52.47365066
11,11400929,2021,9,16,3,3,5,5,0,0,1,0,1,0,0,0,13.49780202,52.50925243
3,3601243,2021,9,6,2,3,5,3,0,1,1,0,0,0,0,0,13.42306486,52.55116982
9,9100408,2021,9,15,5,3,5,2,0,1,1,0,0,0,0,0,13.50631064,52.43748328
2,2100102,2021,9,10,2,3,0,6,0,0,1,0,1,0,0,0,13.3949388,52.50344884
4,4200308,2021,9,15,5,3,2,6,0,0,1,0,1,0,0,0,13.28022834,52.51832366
8,8100208,2021,9,11,1,3,1,5,0,1,1,0,0,0,0,0,13.43513356,52.4708303
2,2200209,2021,8,12,7,3,2,2,0,0,1,0,1,0,0,0,13.37660622,52.48503447
2,2200209,2021,9,23,5,3,4,6,2,1,0,0,0,0,1,0,13.37934287,52.49047739
5,5200631,2021,9,14,7,3,2,6,0,0,1,0,1,0,0,1,13.20314919,52.52374205
1,1400938,2021,9,20,4,3,0,6,2,0,1,0,1,0,0,1,13.34725266,52.55322801
5,5200525,2021,9,19,4,3,2,6,2,0,1,0,0,0,0,1,13.15419043,52.52187116
1,1300733,2021,8,17,6,3,5,2,0,1,1,0,0,0,0,0,13.38262574,52.5518769
10,10100316,2021,9,12,6,3,2,6,0,0,1,0,1,0,0,0,13.57782421,52.54787248
3,3601142,2021,8,18,4,2,0,7,0,0,0,0,0,0,1,0,13.40705002,52.54713042
5,5100316,2021,9,9,7,3,4,6,0,0,0,0,0,0,1,0,13.20436871,52.54016712
3,3500932,2021,9,11,6,2,0,1,0,0,1,0,0,0,0,0,13.44434085,52.55784122
3,3601140,2021,9,12,3,3,2,4,0,0,1,1,0,0,0,0,13.40608869,52.55409562
2,2400521,2021,9,14,2,3,5,2,0,1,0,0,0,0,1,0,13.43288609,52.51783677
3,3200205,2021,8,9,2,3,0,2,0,1,0,0,1,0,0,1,13.39071347,52.58428849
10,10100313,2021,9,19,2,3,2,6,2,0,1,0,0,0,0,0,13.55365858,52.54402666
7,7400927,2021,9,10,3,3,5,3,0,0,1,0,0,0,0,1,13.39582767,52.45430844
2,2500830,2021,8,12,2,3,1,1,0,0,0,0,0,0,1,1,13.45713406,52.51299573
8,8301037,2021,9,16,6,3,1,5,1,0,1,0,0,0,0,1,13.47601176,52.42566052
10,10100205,2021,9,14,1,3,0,3,0,0,1,0,0,0,1,0,13.53829843,52.55423176
4,4501152,2021,9,15,5,3,5,2,0,0,1,0,1,0,0,0,13.33101032,52.49313699
11,11400931,2021,8,16,2,3,2,7,0,0,1,0,0,0,0,1,13.51906518,52.5083538
1,1100309,2021,8,18,7,2,6,2,0,1,0,1,0,0,0,1,13.40248388,52.52375068
3,3400725,2021,9,7,2,3,2,3,0,1,1,0,0,0,0,0,13.41150058,52.58213996
9,9401329,2021,9,10,1,3,5,3,0,1,1,0,0,0,0,0,13.65355155,52.41678492
8,8200831,2021,8,9,3,3,0,2,0,1,1,0,0,0,0,1,13.40632409,52.4158214
7,7300619,2021,9,15,6,3,3,6,0,1,1,0,0,0,0,0,13.35592602,52.45736953
11,11300620,2021,10,19,6,3,5,3,2,0,1,0,0,0,0,0,13.4828423,52.52665003
6,6300632,2021,9,15,3,3,5,2,0,1,1,0,0,0,0,0,13.2983725,52.42200711
11,11100102,2021,9,10,3,3,2,6,0,0,1,0,0,0,0,0,13.53561726,52.57052708
1,1100416,2021,9,12,3,2,0,1,0,1,0,0,0,0,0,1,13.40593384,52.53487344
6,6300525,2021,8,17,3,3,5,3,2,0,1,0,1,0,0,0,13.26764951,52.40700853
8,8401139,2021,9,18,6,3,3,6,0,1,1,0,0,0,0,0,13.46484097,52.43331181
6,6300633,2021,9,8,3,3,5,2,0,1,1,0,0,0,0,0,13.31560634,52.443093
1,1100207,2021,9,22,6,3,5,3,2,0,1,0,0,0,0,1,13.39034838,52.50775008
1,1100416,2021,9,9,4,3,5,2,0,1,1,0,0,0,0,0,13.40431076,52.5331369
12,12500824,2021,9,15,5,3,6,7,0,0,0,1,0,0,1,0,13.29693747,52.59016541
11,11100206,2021,9,12,7,3,1,5,0,1,1,0,0,0,0,0,13.50956223,52.57334332
11,11300722,2021,8,17,7,3,5,2,0,0,1,0,1,0,0,0,13.48548729,52.52324874
2,2100104,2021,9,17,5,3,5,2,0,0,1,0,1,0,0,0,13.40927441,52.50177399
1,1100103,2021,9,7,5,3,5,3,0,1,1,0,0,0,0,0,13.35848914,52.50165381
12,12100205,2021,9,14,3,3,5,3,0,1,1,0,0,0,0,0,13.34660939,52.56858154
2,2300315,2021,9,12,4,2,5,3,0,0,1,0,1,0,0,1,13.43213583,52.49931723
12,12200308,2021,8,14,5,3,6,4,0,0,1,1,0,0,0,1,13.32520721,52.57378107
4,4200206,2021,8,12,3,3,5,3,0,0,1,0,1,0,0,0,13.25439071,52.50679227
12,12100205,2021,9,20,7,3,2,6,2,1,1,0,0,0,0,0,13.35141838,52.57168553
2,2500836,2021,9,16,5,3,6,7,0,0,0,1,0,0,1,0,13.4683078,52.49947874
4,4501040,2021,9,11,3,3,0,4,0,0,0,1,0,0,1,0,13.30941448,52.50016579
9,9200510,2021,9,18,7,3,5,2,0,1,1,0,0,0,0,1,13.51403473,52.46231914
8,8100206,2021,9,23,4,3,1,5,2,1,1,0,0,0,0,0,13.42669268,52.48102865
5,5100316,2021,9,19,2,3,5,2,1,0,1,0,0,0,0,0,13.1996259,52.53462731
4,4300518,2021,9,8,1,2,5,3,0,1,1,0,0,0,0,0,13.31502943,52.52456027
2,2500830,2021,8,10,1,3,5,3,0,0,1,0,0,0,1,0,13.45786823,52.51285863
8,8100415,2021,9,16,5,3,0,7,0,0,1,0,1,0,0,1,13.44162321,52.48103941
1,1200629,2021,9,19,6,3,3,6,2,0,1,0,1,0,0,0,13.34245397,52.51784276
11,11200411,2021,9,18,4,2,0,1,0,0,0,0,1,0,0,1,13.49945292,52.54773403
12,12200412,2021,9,10,5,3,2,6,0,0,1,0,0,1,0,1,13.28704277,52.5755934
8,8100103,2021,8,8,6,3,3,6,0,0,1,0,0,1,0,1,13.42831602,52.47309166
5,5100313,2021,8,14,4,2,5,3,0,0,0,0,0,1,1,0,13.20990581,52.55072564
5,5200528,2021,9,7,2,3,5,2,0,1,1,0,0,0,0,0,13.18027282,52.50918382
8,8100417,2021,8,18,2,3,6,4,1,0,1,1,0,0,0,0,13.44297218,52.47128139
4,4501040,2021,9,2,5,2,0,1,2,0,0,0,0,0,1,0,13.31246296,52.50332926
5,5100316,2021,9,15,5,3,2,6,0,0,0,0,1,1,0,0,13.19964291,52.53511142
6,6100101,2021,9,9,4,3,0,1,0,0,0,0,1,0,0,0,13.32067992,52.45676134
2,2200209,2021,9,16,2,3,0,2,0,1,1,0,0,0,0,0,13.38582718,52.48503473
1,1100103,2021,8,16,1,3,3,6,0,0,1,0,0,0,0,1,13.35105691,52.50411973
11,11200513,2021,9,22,3,2,8,1,2,0,1,0,0,0,0,1,13.48264881,52.53919699
2,2200210,2021,9,9,2,3,5,3,0,1,0,0,0,0,1,0,13.40526428,52.49052142
1,1100206,2021,8,8,3,3,5,2,0,1,1,0,0,0,0,0,13.38904542,52.51567389
7,7400826,2021,9,17,6,3,5,3,1,0,1,0,0,0,0,1,13.37220055,52.45549387
6,6100102,2021,9,20,4,2,5,2,1,1,0,0,1,0,0,0,13.32385312,52.45609006
2,2100102,2021,8,13,1,2,3,6,0,0,1,0,0,0,0,1,13.39358492,52.49811321
3,3601142,2021,9,9,4,3,0,2,0,1,1,0,0,0,0,0,13.41209503,52.5431422
4,4501146,2021,9,12,2,3,5,7,0,0,1,0,0,0,0,0,13.31076826,52.48915039
10,10100104,2021,9,15,1,3,2,6,0,0,1,0,0,0,0,0,13.57925124,52.56355994
11,11100101,2021,8,10,7,2,5,3,0,0,1,0,0,0,0,0,13.5197046,52.57860227
4,4300518,2021,9,9,6,3,5,3,0,1,1,0,0,0,0,0,13.31162276,52.52331999
10,10200417,2021,9,17,6,3,2,6,0,0,1,0,0,0,0,0,13.59635276,52.54783838
8,8100312,2021,9,20,4,3,1,5,2,1,1,0,0,0,0,1,13.43931144,52.48218523
1,1100308,2021,9,14,5,3,5,2,0,1,1,0,0,0,0,0,13.37042758,52.53425731
11,11300722,2021,8,17,5,3,0,1,0,1,0,0,0,0,0,1,13.47936984,52.52040768
7,7601341,2021,8,11,3,2,0,1,0,0,0,0,0,0,1,1,13.38177695,52.39694539
3,3601348,2021,9,3,1,3,0,1,2,0,0,0,0,0,1,0,13.42021803,52.54207081
4,4500937,2021,9,15,5,3,1,5,0,0,1,0,0,0,1,0,13.28824725,52.49574835
5,5300737,2021,9,16,3,3,2,6,0,0,1,0,1,0,0,0,13.2470158,52.5438962
1,1100101,2021,9,11,2,3,0,7,0,0,1,0,1,0,0,0,13.342421,52.50474767
10,10200630,2021,8,19,1,3,5,3,2,0,1,0,0,0,0,1,13.59668647,52.52459333
8,8100417,2021,9,8,3,3,5,2,0,1,1,0,0,0,0,0,13.45463718,52.47464192
3,3400721,2021,9,18,2,3,1,5,1,1,1,0,0,0,0,0,13.39828275,52.56881866
11,11501238,2021,8,5,2,3,2,6,1,0,1,0,0,0,0,1,13.48043609,52.49909733
1,1200628,2021,9,12,6,2,5,2,0,1,1,0,0,0,0,0,13.35947746,52.5232911
5,5200631,2021,9,15,7,3,5,3,0,0,1,0,1,0,0,1,13.20260442,52.52376352
2,2200210,2021,9,2,5,2,0,7,2,1,0,0,0,0,0,1,13.39907638,52.49455826
4,4501042,2021,8,20,1,3,6,2,2,0,1,1,0,0,0,1,13.33954912,52.50324634
9,9100407,2021,10,12,6,2,6,4,0,0,1,1,0,0,0,0,13.49987743,52.44026528
1,1401045,2021,8,3,1,3,9,1,2,0,1,0,0,0,0,1,13.37900911,52.55291936
9,9300920,2021,9,16,2,3,5,2,0,1,1,0,0,0,0,0,13.52614594,52.42378425
7,7601339,2021,9,21,1,2,1,5,2,0,1,0,0,0,1,0,13.3463179,52.40591057
5,5200629,2021,8,17,3,2,6,4,0,0,0,1,0,0,1,0,13.19770746,52.53228023
4,4501149,2021,9,10,6,3,5,2,0,1,1,0,0,0,0,0,13.32318568,52.48739394
3,3200310,2021,9,6,5,3,6,4,1,0,1,1,0,0,0,0,13.43013981,52.60964338
5,5100211,2021,9,17,3,3,5,2,0,1,1,0,0,0,0,0,13.15780108,52.5430001
8,8100311,2021,9,16,3,3,6,4,0,0,0,1,0,0,1,0,13.43380891,52.48976879
9,9100101,2021,9,10,4,3,6,4,0,0,1,1,0,0,0,1,13.45280329,52.48976783
8,8100520,2021,8,17,2,3,5,3,0,1,1,0,0,0,0,0,13.46416645,52.47247479
7,7501029,2021,9,10,6,2,1,5,0,0,1,0,0,0,0,0,13.37974882,52.44163853
2,2200213,2021,9,16,3,3,5,2,0,0,1,0,0,0,1,0,13.41606073,52.49097185
1,1300835,2021,9,6,3,3,0,2,0,1,1,0,0,0,0,0,13.3911517,52.53620723
6,6200313,2021,9,14,6,2,5,3,0,1,1,0,0,0,0,1,13.34026451,52.43615629
3,3601245,2021,9,13,4,2,3,6,0,0,1,0,1,0,0,0,13.42828173,52.54553956
4,4501042,2021,9,11,5,3,6,7,0,0,1,1,0,0,0,0,13.33533009,52.50402833
8,8100521,2021,9,20,7,3,6,2,2,0,1,1,0,0,0,0,13.46731262,52.46858704
9,9501939,2021,8,15,7,3,0,6,0,0,1,0,0,0,1,0,13.57840514,52.45751601
4,4501043,2021,9,16,5,3,5,2,0,1,1,0,0,0,0,0,13.31075136,52.49507015
7,7100102,2021,9,23,5,3,1,5,2,1,1,0,0,0,0,0,13.35070236,52.49657876
8,8300935,2021,9,7,4,3,0,2,0,1,1,0,0,0,0,0,13.44713225,52.42701187
6,6200420,2021,9,13,4,3,1,5,0,0,1,0,0,0,0,1,13.30293005,52.41245306
5,5200423,2021,8,7,6,3,6,2,0,0,1,1,0,0,0,1,13.14154062,52.53234699
1,1100205,2021,8,12,3,3,7,7,0,0,0,0,1,0,0,0,13.377395,52.51456955
4,4300623,2021,9,21,6,2,4,6,2,1,0,0,0,0,1,0,13.30958289,52.50659147
11,11400929,2021,9,19,4,3,6,4,2,0,1,1,0,0,0,0,13.49129363,52.50260554
6,6300634,2021,9,21,3,3,5,2,2,0,1,0,1,0,0,0,13.30966292,52.43132145
3,3601346,2021,9,17,7,3,0,5,0,0,0,1,0,0,1,1,13.41646088,52.54728581
1,1401045,2021,9,13,5,3,6,7,0,1,0,1,0,0,0,0,13.37976069,52.55292007
1,1200520,2021,9,17,2,3,2,6,0,0,1,0,0,0,0,0,13.33809898,52.52645384
4,4300413,2021,9,3,1,3,0,1,2,0,0,0,0,0,1,0,13.29430412,52.51421019
5,5100211,2021,8,7,2,3,0,1,0,0,0,0,1,0,0,1,13.17797768,52.53928619
1,1100310,2021,9,9,5,3,2,6,0,0,1,0,0,0,1,0,13.4169648,52.52615736
4,4300622,2021,9,9,6,3,6,4,0,1,0,1,0,0,0,0,13.32550135,52.50936927
1,1100103,2021,9,17,4,3,2,7,0,0,0,0,0,0,1,1,13.35348114,52.5022005
6,6400840,2021,9,12,5,2,6,7,0,1,1,1,0,0,0,0,13.25766214,52.45134948
5,5300735,2021,8,19,6,3,5,2,0,0,1,0,0,0,0,0,13.22723591,52.54947077
6,6200313,2021,8,16,4,2,4,6,0,1,0,0,0,0,1,0,13.3453387,52.43665826
11,11300617,2021,9,15,1,3,3,6,0,0,1,0,0,0,1,0,13.47098152,52.53180889
9,8100521,2021,9,14,5,3,5,3,0,1,1,0,0,0,0,0,13.47720769,52.46222378
3,3500932,2021,9,10,4,3,2,6,0,0,1,0,0,0,0,0,13.4480859,52.56470853
6,6200421,2021,9,20,2,3,5,2,1,1,0,0,0,0,1,0,13.31684156,52.42580352
3,3500934,2021,9,14,3,3,2,2,0,0,1,0,0,0,0,0,13.44266724,52.55105777
8,8401242,2021,9,14,3,3,5,3,0,0,1,0,1,0,0,1,13.48694538,52.42282699
7,7300517,2021,8,8,3,3,2,6,0,0,1,0,0,0,0,0,13.32855372,52.4743504
11,11300620,2021,9,15,6,2,5,2,0,1,0,0,0,1,0,1,13.4757824,52.53302318
4,4300619,2021,9,0,4,3,1,7,2,0,1,0,0,0,0,0,13.31430206,52.51504812
3,3601140,2021,8,19,2,2,8,1,2,0,1,0,0,0,0,1,13.40371866,52.5514087
12,12200515,2021,8,11,6,3,5,3,0,1,0,0,0,0,1,1,13.28805651,52.58888729
2,2100104,2021,9,13,2,3,5,2,0,1,1,0,0,0,0,0,13.41104101,52.50349606
10,10300733,2021,9,13,7,3,2,6,0,0,1,0,0,0,0,0,13.56192017,52.50996299
7,7400823,2021,9,16,5,3,5,3,0,0,1,0,0,0,0,0,13.37209294,52.45560354
1,1200624,2021,9,20,6,3,5,2,2,1,1,0,0,0,0,0,13.36033767,52.53724679
10,10200418,2021,9,18,3,2,5,2,0,0,1,0,1,0,0,0,13.58886296,52.53933319
2,2500830,2021,9,12,4,3,1,5,0,1,1,0,0,0,0,0,13.46084627,52.51224246
5,5400942,2021,9,19,3,3,0,1,1,1,0,0,0,0,0,0,13.18290274,52.48569168
1,1300835,2021,8,12,5,2,5,3,0,0,1,0,1,0,0,0,13.38744255,52.53341242
3,3601245,2021,8,14,3,3,3,6,0,0,1,0,0,1,0,0,13.43035283,52.55127659
8,8401139,2021,9,18,6,3,5,3,0,1,1,0,0,0,0,0,13.45910324,52.44043489
12,12200414,2021,9,19,4,3,5,2,2,0,1,0,0,0,0,0,13.30699723,52.55507817
6,6100204,2021,9,7,3,3,1,5,0,1,1,0,0,0,0,0,13.34861498,52.45381062
1,1100103,2021,9,0,1,3,2,6,2,1,1,0,0,0,0,1,13.35843153,52.50096756
8,8100419,2021,9,16,4,3,2,2,0,0,1,0,1,0,0,0,13.45422953,52.48248861
2,2200208,2021,9,13,1,3,5,2,0,1,1,0,0,0,0,0,13.38970239,52.49591504
6,6300527,2021,8,11,7,3,5,3,0,1,1,0,0,0,0,0,13.27987357,52.43966441
12,12400720,2021,9,13,5,3,2,6,0,0,1,0,0,0,0,0,13.27886433,52.63001409
3,3701658,2021,8,13,6,3,5,2,0,1,1,0,0,0,0,0,13.42743193,52.53617257
6,6400843,2021,9,11,2,2,5,2,0,1,1,0,0,0,0,0,13.2958022,52.45102438
8,8100419,2021,9,21,1,3,5,3,2,0,1,0,0,0,0,0,13.45234529,52.48129335
2,2200209,2021,8,18,3,3,3,6,0,0,1,0,1,0,0,0,13.38427626,52.484988
10,10100312,2021,9,17,5,3,0,1,0,1,0,0,0,0,0,0,13.54540069,52.52585725
7,7200411,2021,9,16,6,3,5,2,0,1,1,0,0,0,0,0,13.36039807,52.49038472
6,6300631,2021,10,11,6,2,2,6,0,0,1,0,0,0,0,0,13.30085769,52.42072182
1,1100308,2021,9,10,3,3,6,4,0,0,1,1,0,0,0,0,13.37629621,52.53599467
1,1100309,2021,9,11,4,3,5,3,0,1,1,0,0,0,0,0,13.39292146,52.5274667
11,11400928,2021,9,7,3,3,2,6,0,0,1,0,0,0,0,0,13.48664247,52.50218244
8,8200623,2021,8,10,5,3,3,6,0,0,0,0,1,0,1,0,13.44865011,52.45237514
1,1100207,2021,8,19,3,3,5,3,1,1,1,0,0,0,0,0,13.39896173,52.5082284
10,10100311,2021,9,18,6,3,5,2,0,1,1,0,0,0,0,0,13.52000596,52.52583451
8,8100417,2021,9,12,3,3,5,7,0,0,1,0,1,0,0,0,13.45588592,52.47385267
11,11300618,2021,9,16,3,3,6,2,0,0,1,1,0,0,0,0,13.45903231,52.526127
1,1200623,2021,9,21,7,3,6,7,2,0,1,1,0,0,0,0,13.35801789,52.53533541
5,5300736,2021,9,14,4,3,5,2,0,0,1,0,0,0,0,0,13.22886241,52.53791985
1,2400623,2021,9,23,5,2,5,3,2,1,1,0,0,0,0,0,13.42615181,52.51590111
8,8100521,2021,9,11,1,3,3,6,0,0,1,0,1,0,0,0,13.47280256,52.464791
10,10200629,2021,8,13,7,3,5,2,0,1,1,0,0,0,0,0,13.58391293,52.52435901
3,3400722,2021,9,17,5,3,0,3,0,1,1,0,0,0,0,0,13.40765788,52.57391013
3,3601347,2021,9,23,5,3,1,7,2,1,1,0,0,0,0,0,13.41828686,52.54436777
9,9100304,2021,9,10,4,3,5,3,0,1,1,0,0,0,0,0,13.48401852,52.46323846
1,1100309,2021,9,17,4,3,5,2,0,1,1,0,0,0,0,1,13.39294318,52.52750274
2,2400623,2021,8,0,6,2,0,1,2,0,0,0,0,0,1,1,13.42961039,52.51753496
2,2300419,2021,8,16,4,3,5,3,0,0,1,0,0,0,1,0,13.4439633,52.50011805
2,2500833,2021,9,15,7,3,5,7,0,0,1,0,1,0,0,0,13.45615431,52.50991382
6,6200314,2021,9,9,5,3,3,2,0,1,1,0,0,0,0,0,13.33345463,52.42993908
6,6200421,2021,9,13,3,3,2,6,0,0,1,0,0,0,0,0,13.32031703,52.4299479