BEZ,LOR_ab_2021,UJAHR,UMONAT,USTUNDE,UWOCHENTAG,UKATEGORIE,UART,UTYP1,ULICHTVERH,IstRad,IstPKW,IstFuss,IstKrad,IstGkfz,IstSonstige,USTRZUSTAND,XGCSWGS84,YGCSWGS84
9,9200819,2021,9,14,1,2,0,6,0,0,1,0,1,0,0,0,13.55937293,52.44233774
11,11100204,2021,9,21,4,2,0,4,2,0,0,1,0,0,1,0,13.52284599,52.56627042
9,9100202,2021,9,14,2,2,5,2,0,0,0,0,1,0,0,0,13.46407995,52.48186802
1,1100102,2021,9,8,2,2,5,3,0,1,0,0,0,1,0,0,13.34755446,52.51552395
3,3601141,2021,8,7,2,3,0,7,0,0,0,1,0,0,1,1,13.41054166,52.55160944
12,12500824,2021,9,7,6,3,1,5,0,0,1,0,0,0,0,0,13.29892784,52.59862609
1,1100313,2021,9,7,6,3,5,3,0,0,1,0,1,0,0,0,13.42230685,52.50544939
4,4200203,2021,9,17,4,3,5,3,0,0,1,0,0,0,0,1,13.24050922,52.51192355
8,8100417,2021,9,19,5,2,5,2,2,0,1,0,1,0,0,0,13.45589792,52.47384675
5,5100101,2021,8,14,7,2,5,2,0,0,1,0,1,0,0,0,13.17430652,52.56024172
4,4200311,2021,8,15,4,3,4,6,0,1,0,0,0,0,1,0,13.27780769,52.50681307
4,4400728,2021,9,23,7,3,8,1,2,0,1,0,0,0,0,0,13.28135219,52.48300007
2,2400623,2021,9,16,5,3,5,3,0,1,1,0,0,0,0,0,13.43041803,52.51137076
6,6200317,2021,9,10,7,3,2,6,0,0,1,0,0,0,0,0,13.36480683,52.42833401
7,7100102,2021,9,17,4,2,0,7,0,1,0,0,0,0,0,0,13.34670263,52.50145008
9,9200819,2021,9,18,3,3,2,6,0,1,0,0,0,0,1,0,13.5676082,52.44501868
11,11501238,2021,9,15,3,3,5,3,0,1,0,0,1,0,0,0,13.47668915,52.50095021
2,2100102,2021,9,22,2,3,1,5,2,0,1,0,0,0,1,0,13.38993278,52.50446812
11,11200513,2021,8,7,3,3,3,6,1,0,1,0,1,0,0,0,13.47877345,52.53781664
1,1100101,2021,9,15,6,3,6,4,0,0,1,1,0,0,0,1,13.34305652,52.50484167
11,11300724,2021,9,16,4,3,4,6,0,1,0,0,0,0,0,0,13.48960553,52.5120984
3,3601348,2021,8,14,2,3,2,6,0,0,1,0,0,0,0,1,13.42040899,52.54210583
10,10200417,2021,8,11,6,3,5,2,0,1,1,0,0,0,0,0,13.59189092,52.54566404
8,8100313,2021,9,12,2,3,1,5,0,1,1,0,0,0,0,0,13.44485321,52.48714374
2,2100104,2021,9,21,7,3,0,3,2,1,1,0,0,0,0,0,13.40489389,52.50473896
5,5200632,2021,8,7,3,3,6,7,0,0,0,1,0,0,1,0,13.21854525,52.52523809
2,2300418,2021,9,16,5,2,5,2,0,1,0,0,0,0,0,0,13.43567086,52.49167242
11,11300721,2021,9,14,1,3,1,5,0,1,0,0,0,0,1,0,13.49026954,52.526567
5,5200420,2021,8,6,5,3,5,3,1,0,1,0,0,0,1,0,13.18020203,52.53401772
6,6100209,2021,9,16,4,3,5,2,0,1,1,0,0,0,0,0,13.33898646,52.46452439
10,10200627,2021,9,15,6,3,5,2,0,1,1,0,0,0,0,0,13.59030417,52.52954725
10,10200627,2021,9,15,4,3,6,4,0,0,0,1,0,1,0,1,13.59143332,52.53136047
3,3100102,2021,9,11,4,1,0,7,0,1,0,0,0,0,0,1,13.50228673,52.63755925
7,7501029,2021,8,17,5,3,5,3,0,1,0,0,0,1,0,1,13.37821452,52.45199142
3,3400724,2021,8,19,3,2,3,6,0,1,0,0,0,0,1,0,13.42881873,52.57933285
1,1100104,2021,9,16,6,3,6,7,0,1,0,1,0,0,0,0,13.36496074,52.49942478
8,8100209,2021,9,21,5,3,1,5,2,1,1,0,0,0,0,1,13.44362836,52.46423119
4,4300619,2021,9,16,3,2,6,4,0,0,1,1,0,0,0,0,13.31199389,52.5178085
2,2300315,2021,9,18,7,3,3,2,0,0,1,0,1,0,0,1,13.43054008,52.49926228
12,12200307,2021,8,15,3,2,6,4,0,1,0,1,0,0,0,0,13.3324225,52.57677846
8,8100209,2021,9,16,2,3,5,2,0,0,1,0,0,0,1,0,13.43682438,52.46516139
8,8401244,2021,9,18,1,3,5,3,0,0,1,0,0,0,0,0,13.49857952,52.41038462
1,1100102,2021,8,15,1,3,5,7,0,0,1,0,1,0,0,1,13.35468241,52.51704365
10,10200418,2021,9,6,6,3,2,2,0,0,1,0,1,0,0,0,13.58874428,52.53932441
5,5100103,2021,9,14,7,3,1,5,0,0,1,0,0,0,1,0,13.20869608,52.56246649
12,12200309,2021,9,8,5,3,5,7,0,1,1,0,0,0,0,0,13.31719052,52.56894477
4,4100101,2021,9,17,4,3,2,2,0,0,1,0,0,0,0,1,13.27942445,52.53803964
11,11200411,2021,8,15,6,2,0,1,0,0,0,0,1,0,0,1,13.500282,52.54816581
4,4501041,2021,8,17,4,3,1,5,0,0,1,0,0,0,1,0,13.32487129,52.50252474
12,12200309,2021,9,12,6,3,2,6,0,0,1,0,0,0,0,0,13.31225868,52.56791791
7,7300619,2021,9,8,5,3,0,1,0,0,0,0,0,0,1,0,13.34345043,52.47115609
2,2200208,2021,9,15,6,3,5,2,0,1,1,0,0,0,0,0,13.38408115,52.49521011
10,10200417,2021,9,13,4,3,6,4,0,0,1,1,0,0,0,0,13.58692039,52.54897129
2,2500835,2021,9,8,2,2,2,6,0,0,1,0,0,1,0,0,13.46655378,52.50109288
10,10200417,2021,9,12,5,3,5,2,0,1,1,0,0,0,0,0,13.59195838,52.54584546
8,8200831,2021,9,8,3,3,5,3,0,1,1,0,0,0,0,0,13.40715125,52.41575524
7,7100206,2021,9,17,3,3,6,4,0,0,1,1,0,0,0,0,13.37155807,52.49253016
8,8200623,2021,8,19,2,3,5,2,0,0,1,0,0,0,0,0,13.43852578,52.45259225
6,6400844,2021,9,17,6,3,5,2,0,1,1,0,0,0,0,1,13.28987624,52.45806482
7,7400928,2021,9,11,1,3,1,2,0,0,1,0,0,0,1,0,13.41993039,52.45988445
10,10200629,2021,9,14,5,3,5,2,0,1,1,0,0,0,0,0,13.57724327,52.51315442
9,9200715,2021,9,7,5,3,5,2,1,1,1,0,0,0,0,0,13.55167911,52.42852256
9,9100304,2021,8,11,7,3,6,4,0,0,1,1,0,0,0,0,13.48959605,52.46767845
11,11100205,2021,9,15,1,3,6,4,0,0,1,1,0,0,0,0,13.5178794,52.5716046
1,1300834,2021,9,17,1,3,2,6,0,1,1,0,0,0,0,0,13.39555353,52.53873608
11,11200512,2021,9,12,5,3,2,2,0,0,1,0,1,0,0,0,13.47108379,52.53907508
12,12400722,2021,9,8,4,3,5,3,0,0,1,0,0,0,0,0,13.29160134,52.60607208
1,1100312,2021,9,18,4,2,5,3,0,1,1,0,0,0,0,0,13.4162543,52.51105578
2,2500833,2021,8,9,6,3,5,3,0,1,1,0,0,0,0,1,13.45800423,52.5094552
1,1100310,2021,8,22,4,2,6,4,2,0,1,1,0,0,0,1,13.4122128,52.51583122
1,1100207,2021,9,17,7,3,5,2,0,1,1,0,0,0,0,0,13.39182959,52.51043883
12,12500926,2021,9,21,5,3,6,2,2,0,1,1,0,0,0,1,13.33398379,52.58972083
4,4400834,2021,9,7,3,3,5,2,0,1,1,0,0,0,0,0,13.30997322,52.47893806
1,1300834,2021,9,9,2,3,2,6,0,0,1,0,0,0,0,0,13.39103527,52.54479761
5,5300736,2021,9,18,4,3,5,2,0,1,1,0,0,0,0,0,13.21744428,52.53777769
4,4501042,2021,9,11,2,3,5,2,0,1,1,0,0,0,1,0,13.33246134,52.50605507
8,8100415,2021,9,17,2,3,2,6,0,0,1,0,1,0,0,0,13.44667461,52.47837409
2,2100101,2021,8,9,1,3,5,3,0,0,1,0,0,0,0,0,13.38531398,52.49886439
6,6200311,2021,9,8,6,3,5,2,0,1,1,0,0,0,0,0,13.36327309,52.43478567
2,2500726,2021,9,12,7,3,1,5,0,1,1,0,0,0,0,1,13.4543533,52.52196577
3,3501038,2021,9,21,4,3,5,2,2,0,1,0,0,0,0,1,13.47980555,52.55328545
1,1200628,2021,9,18,5,3,5,2,0,1,1,0,0,0,0,0,13.36595255,52.52517794
1,1401048,2021,8,17,7,3,6,4,0,0,1,1,0,0,0,0,13.35487459,52.55180547
1,1300733,2021,8,7,4,3,5,2,0,1,1,0,0,0,0,0,13.39031744,52.55554551
11,11400929,2021,9,15,2,3,2,6,0,1,0,0,0,1,0,0,13.49667002,52.50731828
3,3601348,2021,8,9,3,3,1,5,0,1,0,0,0,0,1,1,13.42477195,52.54366458
1,1200628,2021,9,13,7,3,5,2,0,0,1,0,0,1,0,0,13.35704522,52.5235512
1,1100308,2021,9,12,3,3,6,7,0,0,0,0,0,0,1,0,13.38042755,52.53268345
2,2200211,2021,9,7,3,3,5,2,0,0,1,0,0,0,0,0,13.39213145,52.48674846
4,4400728,2021,9,13,2,3,0,7,0,0,1,0,0,0,0,0,13.26712787,52.48376632
4,4100102,2021,8,8,2,3,0,6,0,0,1,0,0,0,0,1,13.29422906,52.53307472
7,7400927,2021,9,15,6,3,5,2,0,0,1,0,0,0,0,1,13.40012209,52.45913967
5,5100210,2021,9,15,4,3,3,6,0,0,0,0,0,0,1,0,13.18548466,52.54731631
7,7501032,2021,8,11,2,3,5,3,0,0,1,0,0,0,0,1,13.41080345,52.44473015
5,5300737,2021,8,6,6,3,5,3,1,0,1,0,0,0,0,1,13.24320201,52.54379408
12,12400617,2021,9,13,2,2,0,1,0,0,0,0,1,0,0,0,13.21762133,52.61130492
4,4501151,2021,9,13,6,3,2,7,0,0,1,0,1,0,0,0,13.32642172,52.47872585
2,2100104,2021,8,13,3,3,5,3,0,0,1,0,0,0,1,0,13.41029524,52.50378415
3,3200308,2021,9,15,5,3,5,2,0,0,1,0,1,0,0,0,13.41712696,52.60548561
1,1100311,2021,9,9,1,3,5,2,0,1,1,0,0,0,0,0,13.41820321,52.51540851
12,12200412,2021,8,7,6,3,3,6,1,0,1,0,0,1,0,1,13.30041193,52.56992693
7,7400720,2021,9,15,5,3,5,2,0,0,1,0,0,0,0,0,13.3774458,52.48210424
2,2100104,2021,9,23,5,2,5,2,2,1,1,0,0,0,0,0,13.41044608,52.5037966
4,4200308,2021,9,10,4,3,3,6,0,0,1,0,0,0,1,0,13.2482454,52.52419836
2,2400625,2021,9,9,4,3,3,6,0,0,1,0,1,0,0,0,13.4455694,52.50169255
12,12200515,2021,8,9,5,3,0,1,0,1,1,0,0,0,0,0,13.28782949,52.59011582
1,1100308,2021,8,14,3,3,6,4,0,0,0,1,0,0,1,0,13.38260385,52.53045568
4,4500937,2021,9,17,6,3,0,2,0,1,1,0,0,0,0,0,13.29128565,52.49712963
7,7400824,2021,9,23,5,2,6,2,2,0,1,1,0,0,0,1,13.38577953,52.46572896
9,9200715,2021,9,7,3,3,2,2,0,1,1,0,0,0,0,0,13.54102151,52.43551539
11,11400927,2021,9,22,7,3,0,1,2,0,0,0,1,0,0,1,13.47551279,52.50266261
11,11501340,2021,9,12,5,3,5,2,0,0,1,0,0,0,0,0,13.52695686,52.48658186
10,10100102,2021,9,20,1,3,5,2,2,0,1,0,0,0,0,0,13.56563334,52.57043496
1,1100101,2021,9,14,2,3,0,1,0,0,0,0,1,0,0,0,13.3512666,52.50956504
4,4501041,2021,8,14,7,3,1,5,0,1,1,0,0,0,0,0,13.32254522,52.49987065
1,1400942,2021,9,20,5,3,6,4,2,1,0,1,0,0,0,0,13.35107706,52.54978162
1,1200624,2021,9,21,6,3,5,7,2,0,1,0,0,0,0,0,13.35922042,52.53680323
4,4501042,2021,9,0,4,3,5,2,2,0,1,0,0,0,1,0,13.33219754,52.50603182
3,3601245,2021,9,18,5,3,5,2,0,1,1,0,0,0,0,0,13.43378396,52.54957056
9,9401534,2021,8,17,6,2,0,1,0,1,0,0,0,0,0,1,13.57538052,52.4474879
2,2300315,2021,8,21,4,3,5,3,2,1,1,0,0,0,0,1,13.43042227,52.49920317
10,10300731,2021,9,15,1,3,5,2,0,1,1,0,0,0,0,0,13.5575374,52.52739003
7,7400824,2021,9,9,6,2,6,2,0,0,1,1,0,0,0,0,13.38450159,52.45933966
12,12400722,2021,9,11,4,2,5,3,0,0,1,0,1,0,0,0,13.30120456,52.61650585
4,4200310,2021,9,12,2,3,5,3,0,0,1,0,1,0,0,0,13.26117363,52.50808226
2,2500830,2021,8,4,1,2,0,1,2,1,0,0,0,0,0,1,13.4601146,52.51236542
5,5100316,2021,9,17,3,2,0,1,1,0,0,0,0,0,1,1,13.20175343,52.53455078
1,1200624,2021,9,6,3,3,4,6,2,1,0,0,0,0,0,0,13.35858882,52.53650907
8,8100206,2021,8,13,2,3,5,2,0,0,1,0,1,0,0,0,13.42618159,52.48097429
3,3200206,2021,9,9,6,3,5,2,0,1,1,0,0,0,0,0,13.40428096,52.58148695
9,9200510,2021,9,15,7,3,3,6,0,0,1,0,1,0,0,0,13.51059691,52.46411599
4,4501045,2021,9,11,5,3,5,3,0,1,1,0,0,0,0,0,13.33108894,52.49515045
7,7501134,2021,8,6,2,2,5,3,0,0,1,0,0,0,0,1,13.39752091,52.42384795
1,1100310,2021,10,10,6,3,5,3,0,1,0,0,0,1,0,0,13.40431057,52.52176434
1,1300733,2021,8,10,7,3,6,2,0,0,1,1,0,0,0,0,13.38945239,52.55531083
5,5100101,2021,9,16,2,3,5,3,0,1,0,0,1,0,0,0,13.17255063,52.56067511
8,8100103,2021,9,15,7,3,1,5,0,0,1,0,0,0,0,0,13.4278544,52.47393985
4,4400835,2021,8,13,3,3,2,6,0,0,1,0,1,0,0,1,13.31980343,52.47168419
1,1100101,2021,9,10,6,3,5,2,0,1,0,0,0,0,1,0,13.35115859,52.5096367
2,2100104,2021,10,8,6,3,5,3,0,0,1,0,1,0,0,0,13.40637903,52.50259206
1,1401045,2021,9,19,3,3,0,6,2,0,1,0,1,0,0,0,13.38255616,52.55586323
2,2200212,2021,9,7,3,3,5,2,0,1,1,0,0,0,0,0,13.40588139,52.4895139
4,4501044,2021,9,10,4,3,6,2,0,0,0,1,0,0,1,1,13.32221934,52.49553972
4,4300412,2021,8,14,3,3,5,7,0,1,1,0,0,0,0,0,13.29569138,52.51948956
2,2500835,2021,9,15,6,3,5,7,0,1,1,0,0,0,0,0,13.46590694,52.49695473
2,2300316,2021,9,19,3,3,2,7,2,0,1,0,1,0,0,0,13.44201062,52.50125055
5,5300736,2021,9,10,7,3,2,2,0,0,1,0,0,0,0,1,13.22180717,52.53691381
11,11401032,2021,9,15,4,2,6,2,0,0,0,1,0,0,1,0,13.51920751,52.51360517
6,6200313,2021,9,19,5,3,0,6,0,0,1,0,0,0,1,0,13.34528571,52.43673861
4,4200207,2021,9,10,7,3,1,7,0,0,1,0,0,0,0,0,13.26655139,52.49771499
5,5200423,2021,8,12,7,3,0,7,0,0,0,0,1,0,0,1,13.15787303,52.53303802
4,4300623,2021,9,18,5,3,5,2,0,1,1,0,0,0,0,0,13.31257802,52.50643069
5,5100211,2021,9,13,6,3,5,3,0,0,1,0,0,0,0,0,13.1768547,52.54894874
2,2400625,2021,9,15,4,3,5,3,0,1,1,0,0,0,0,1,13.43910054,52.51241021
10,10100311,2021,8,9,3,3,5,2,0,0,1,0,0,0,1,0,13.51719512,52.53547621
2,2400625,2021,9,23,6,2,2,6,2,0,1,0,0,0,0,0,13.44192989,52.50427789
4,4501042,2021,10,0,6,3,5,2,2,0,1,0,0,1,0,0,13.33943139,52.50313535
7,7300516,2021,9,18,3,3,6,7,0,0,0,1,1,0,0,0,13.32871372,52.4652921
9,9200510,2021,9,9,4,3,5,3,0,1,1,0,0,0,0,0,13.50710179,52.46324125
9,9200715,2021,9,10,4,3,2,6,0,0,1,0,0,0,0,0,13.54674635,52.42648802
1,1100310,2021,8,15,2,3,6,2,0,0,1,1,0,0,0,0,13.41164731,52.52396202
1,1300835,2021,9,8,6,3,5,3,0,0,1,0,0,0,0,0,13.38609552,52.53881901
10,10400836,2021,8,11,2,3,5,3,0,0,1,0,0,0,0,1,13.58961814,52.50918141
10,10400941,2021,8,16,5,3,5,2,0,1,1,0,0,0,0,0,13.60369644,52.47893431
2,2500835,2021,9,20,2,3,0,3,2,1,0,0,1,0,0,0,13.45907673,52.50119371
9,9200716,2021,9,17,6,3,5,3,0,0,1,0,0,0,0,1,13.55307418,52.43401092
10,10300734,2021,8,14,3,3,2,7,0,1,1,0,0,0,0,0,13.56421985,52.50368322
4,4500939,2021,9,18,7,2,5,2,0,0,1,0,1,0,0,0,13.30790372,52.48860706
4,4100101,2021,8,8,6,3,5,2,0,0,1,0,0,0,0,1,13.32625312,52.53800398
3,3601452,2021,9,17,5,3,2,6,0,0,1,0,0,0,0,0,13.4547451,52.52812318
3,3701555,2021,9,11,6,3,5,2,0,1,0,0,0,0,1,0,13.42384431,52.53831692
2,2500726,2021,9,19,3,1,5,3,1,0,0,1,0,0,1,0,13.45234224,52.52756271
12,12500824,2021,9,10,4,3,5,7,0,1,1,0,0,0,0,1,13.29669839,52.59466002
2,2100105,2021,8,12,5,2,6,7,0,0,1,1,0,0,0,0,13.40933768,52.49960925
1,1100206,2021,8,19,3,3,2,2,0,0,1,0,1,0,0,0,13.38881882,52.51708755
1,1100308,2021,9,14,7,2,0,1,0,1,0,0,0,0,0,0,13.38718228,52.52664909
8,8100105,2021,9,4,5,3,2,2,2,0,1,1,0,0,0,0,13.43194255,52.46643116
6,6400735,2021,9,16,3,2,5,2,0,1,1,0,0,0,0,0,13.16714461,52.42054941
7,7100205,2021,9,19,7,3,5,2,1,1,1,0,0,0,0,0,13.36219402,52.49793114
4,4501146,2021,9,13,5,3,5,3,0,0,0,0,1,0,1,0,13.31367507,52.48418208
11,11300620,2021,9,2,1,2,0,1,2,0,0,0,0,0,1,0,13.47871262,52.52910004
1,1200522,2021,9,9,5,2,5,3,0,0,1,0,0,0,0,0,13.32972731,52.52373276
5,5100315,2021,9,11,2,2,2,6,0,0,1,0,0,0,0,0,13.19895807,52.54269007
8,8100206,2021,8,18,7,3,5,3,0,1,0,0,1,0,0,0,13.42530206,52.48082565
3,3601141,2021,9,13,5,3,2,6,0,0,1,0,0,0,0,0,13.41450204,52.55280866
9,9100306,2021,9,17,6,3,6,7,1,0,1,1,0,0,0,0,13.47246635,52.44949587
7,7601236,2021,9,11,5,2,5,3,0,0,1,0,1,0,0,0,13.36795195,52.41896098
1,1401046,2021,9,15,5,2,5,3,0,0,1,0,0,0,1,0,13.34969597,52.5421731
4,4200205,2021,8,8,6,3,2,6,0,0,1,0,0,0,0,1,13.24679407,52.51378838
6,6100101,2021,8,22,4,3,6,4,2,0,0,1,1,0,0,1,13.32061749,52.4566998
9,9501737,2021,9,14,1,3,2,6,0,0,1,0,0,0,0,0,13.61835695,52.45546569
1,1200628,2021,9,9,6,3,5,3,0,1,0,0,0,0,1,0,13.36588209,52.52532973
6,6100207,2021,9,16,4,3,8,1,0,0,1,0,0,0,0,0,13.32963658,52.45124519
2,2300316,2021,9,9,3,2,5,3,0,0,0,0,0,0,1,0,13.43007003,52.50354047
12,12601236,2021,8,20,1,3,2,6,2,0,1,0,0,0,0,1,13.33970397,52.59584524
6,6100103,2021,9,0,3,2,0,1,2,1,0,0,0,0,0,0,13.32499758,52.4612526
2,2100104,2021,9,16,3,3,6,2,0,0,1,1,0,0,0,0,13.40912655,52.5017867
3,3601451,2021,8,15,2,3,5,2,0,1,1,0,0,0,0,0,13.44138706,52.53193843
11,11300724,2021,9,14,6,3,2,2,0,0,1,0,1,0,0,0,13.49333504,52.51447495
9,9200715,2021,9,11,5,3,5,2,0,1,1,0,0,0,0,0,13.54638681,52.42642731
9,9501838,2021,8,7,2,3,5,3,0,1,1,0,0,0,0,1,13.69943788,52.43592505
1,1100312,2021,8,22,1,3,5,2,2,0,1,0,0,0,1,1,13.41624411,52.51105824
8,8100520,2021,9,12,2,3,5,2,0,1,1,0,0,0,0,0,13.46435231,52.47020064
1,1100101,2021,9,13,1,3,8,1,0,0,1,0,0,0,0,0,13.34160207,52.50585422
11,11300724,2021,8,20,3,3,5,3,2,0,1,0,0,0,0,0,13.49215428,52.51632073
10,10200526,2021,9,11,6,3,6,7,0,0,0,1,0,0,1,0,13.60338611,52.53043091
4,4500939,2021,10,18,6,3,2,5,2,0,1,0,1,0,0,0,13.31195601,52.48963142
11,11300724,2021,9,12,3,3,5,3,0,0,1,0,0,0,0,0,13.48856354,52.51838912
4,4501044,2021,9,6,3,2,3,6,1,1,0,0,0,0,1,0,13.31751445,52.49140108
4,4500937,2021,9,7,3,3,5,2,0,1,1,0,0,0,0,0,13.29384799,52.49752437
10,10200421,2021,8,9,5,3,5,3,0,0,1,0,0,0,0,0,13.60227263,52.53605797
8,8200726,2021,8,10,3,3,5,2,0,1,1,0,0,0,0,0,13.43869014,52.44811871
12,12100102,2021,9,17,6,3,1,5,0,0,1,0,0,0,0,0,13.37119044,52.56962898
1,1400942,2021,9,14,4,3,1,5,0,0,1,0,0,0,1,0,13.34615918,52.54495249
7,7400822,2021,9,22,2,3,5,3,2,1,0,0,0,0,1,0,13.36717349,52.46715508
4,4200206,2021,9,14,6,3,5,2,0,1,1,0,0,0,0,0,13.2185166,52.50886923
1,1100206,2021,9,13,4,3,2,6,0,0,1,0,0,0,0,0,13.40101644,52.51832787
4,4501042,2021,9,15,7,3,3,6,0,1,0,0,0,0,1,0,13.33372174,52.50875866
1,1300834,2021,8,21,7,2,5,3,2,1,1,0,0,0,0,0,13.39520689,52.54612964
11,3601450,2021,9,12,5,3,5,2,0,0,1,0,0,1,0,0,13.4609989,52.52971188
1,1100309,2021,9,10,6,3,6,7,0,0,1,1,0,0,0,0,13.40069399,52.52960219
4,4501148,2021,9,15,4,3,0,1,0,0,0,0,1,0,0,1,13.31398607,52.48113619
7,7100206,2021,9,17,4,3,5,2,0,1,0,0,0,0,1,1,13.3708711,52.49266354
3,3400619,2021,8,7,5,3,0,3,0,0,1,0,1,0,0,1,13.36475772,52.58511461
3,3601142,2021,8,16,4,2,5,2,0,1,1,0,0,0,0,0,13.40460814,52.54059655
9,9100409,2021,9,15,7,3,0,1,0,0,0,0,1,0,0,0,13.51005488,52.45361587
7,7601544,2021,9,20,5,3,5,2,2,0,1,0,0,0,0,1,13.40677628,52.39376827
8,8100419,2021,9,9,3,3,1,5,0,0,1,0,0,0,0,0,13.44606837,52.48442925
6,6200316,2021,9,9,7,2,2,6,0,0,1,0,0,0,0,1,13.35438877,52.43007472
12,12200310,2021,9,17,4,3,5,2,0,1,1,0,0,0,0,0,13.31198716,52.56808605
6,6200313,2021,9,16,1,3,5,2,0,1,1,0,0,0,0,0,13.35156782,52.44017763
6,6200315,2021,9,18,1,3,1,5,1,0,1,0,1,0,0,1,13.34203509,52.42919256
7,7100103,2021,8,14,1,3,1,5,0,1,1,0,0,0,0,1,13.35747003,52.49961384
1,1100416,2021,9,8,5,3,5,7,0,1,1,0,0,0,0,0,13.40592491,52.53110959
9,9200511,2021,9,9,7,3,5,3,0,0,1,0,1,0,0,1,13.5231912,52.46071548
6,6200312,2021,9,12,5,3,3,6,0,1,1,0,0,0,0,0,13.34222714,52.44116296
9,9100305,2021,9,20,5,3,5,2,2,0,0,0,0,1,1,0,13.49127271,52.46907086
11,11300725,2021,8,18,7,3,5,3,0,0,1,0,0,0,0,0,13.49656503,52.51579431
8,8100521,2021,8,16,4,3,5,3,0,1,1,0,0,0,0,0,13.45378002,52.46524289
3,3100103,2021,9,8,2,3,5,3,0,0,1,0,0,0,1,0,13.50689105,52.6283715
8,8100102,2021,9,18,6,3,5,2,0,1,1,0,0,0,0,0,13.4263443,52.47754772
1,1400940,2021,9,12,4,3,5,7,0,0,1,0,0,0,0,1,13.35808045,52.5565859
9,9100203,2021,8,17,5,3,0,4,0,0,0,1,0,0,1,0,13.48729168,52.47571028
4,4501042,2021,8,12,3,3,0,4,0,0,0,1,0,0,1,0,13.33263016,52.50630315
1,1100102,2021,9,23,6,3,0,1,2,1,0,0,0,0,0,0,13.37358494,52.51140706
2,2500836,2021,9,16,5,3,5,2,0,1,1,0,0,0,0,0,13.46952498,52.4945998
1,1100206,2021,9,14,3,3,5,3,0,1,1,0,0,0,0,0,13.38063055,52.51820782
2,2500833,2021,9,2,1,3,1,5,2,0,1,0,0,0,1,0,13.46225956,52.51088723
8,8100314,2021,9,15,5,3,5,3,0,1,1,0,0,0,0,0,13.43584882,52.4821073
4,4501045,2021,9,15,2,3,2,2,0,1,1,0,0,0,0,0,13.32384497,52.49509836
9,9200511,2021,9,15,5,3,5,2,0,0,1,0,0,0,0,0,13.51759369,52.46744511
4,4501040,2021,9,19,1,2,1,5,2,0,1,0,0,0,1,0,13.31320998,52.50173186
3,3400723,2021,8,12,2,3,0,5,0,1,1,0,0,0,0,1,13.41102011,52.56717351
1,1100207,2021,9,5,5,3,5,3,1,1,1,0,0,0,0,0,13.3989326,52.50822652
12,12200515,2021,9,9,6,3,6,4,0,0,1,1,0,0,0,0,13.28729532,52.58883114
3,3601141,2021,9,18,4,3,5,3,1,0,1,0,0,0,1,1,13.40840966,52.55246572
8,8100209,2021,9,21,5,3,2,6,2,0,1,0,0,0,0,0,13.44270986,52.4651807
5,5100211,2021,8,10,6,3,5,2,0,0,1,0,0,0,0,1,13.15786029,52.54310055
4,4300623,2021,8,17,4,3,1,5,0,1,1,0,0,0,0,0,13.3077473,52.50574591
12,12200515,2021,9,15,7,3,5,2,0,0,1,0,0,0,0,0,13.28428136,52.59449584
1,1100205,2021,9,6,6,3,2,6,1,0,1,0,1,0,0,0,13.37908207,52.51337821
10,10100210,2021,9,7,4,3,0,6,0,0,1,0,1,0,0,0,13.55936694,52.54776631
11,11200512,2021,9,7,3,3,0,1,0,1,0,0,0,0,0,0,13.49466901,52.54594785
5,5100207,2021,9,8,3,3,5,3,0,1,1,0,0,0,0,0,13.13276653,52.54919668
11,11300617,2021,9,13,3,3,2,6,0,0,1,0,0,0,0,0,13.47575852,52.53285635
9,9100304,2021,8,8,3,3,3,6,0,0,1,0,1,0,1,0,13.48156869,52.46105369
9,9401329,2021,9,15,6,2,3,6,0,1,1,0,0,0,0,0,13.59451605,52.42639855
8,8100312,2021,9,18,4,2,1,5,0,0,1,0,0,0,0,0,13.43895476,52.48236569
2,2500726,2021,8,8,2,3,3,6,0,0,1,0,0,1,0,1,13.45219849,52.52752489
4,4500936,2021,8,23,6,3,0,7,2,0,0,0,0,0,1,0,13.3056291,52.49989017
12,12400723,2021,9,10,2,3,5,2,0,1,1,0,0,0,0,0,13.30723299,52.62106473
1,1200522,2021,9,17,7,3,6,4,1,0,1,1,0,0,0,0,13.34295629,52.52598225
2,2400522,2021,9,12,7,3,2,6,0,0,1,0,1,0,0,0,13.44383031,52.52531782
10,10400837,2021,10,9,6,3,5,3,0,1,1,0,0,0,0,0,13.56999431,52.48687866
3,3601243,2021,9,7,3,3,5,2,0,0,1,0,1,0,0,0,13.41847467,52.55347207
5,5100316,2021,9,21,4,2,6,4,2,0,1,1,0,0,0,0,13.19978588,52.53481867
3,3500934,2021,9,22,3,2,6,4,2,0,1,1,0,0,0,0,13.4344894,52.55350733
7,7601442,2021,8,10,5,2,5,2,0,0,1,0,0,0,0,0,13.39274485,52.41265223
11,11300721,2021,8,10,3,3,2,6,0,0,1,0,0,0,0,0,13.49211062,52.534065
4,4300624,2021,9,9,6,3,0,2,0,0,1,0,1,0,0,0,13.31742075,52.50544159