BEZ,LOR_ab_2021,UJAHR,UMONAT,USTUNDE,UWOCHENTAG,UKATEGORIE,UART,UTYP1,ULICHTVERH,IstRad,IstPKW,IstFuss,IstKrad,IstGkfz,IstSonstige,USTRZUSTAND,XGCSWGS84,YGCSWGS84
9,9200512,2021,9,13,5,3,2,6,0,0,1,0,0,1,0,0,13.55401167,52.45595444
2,2300418,2021,9,12,2,3,6,7,0,0,0,1,1,0,0,0,13.43797289,52.49329705
4,4100101,2021,9,16,2,3,5,2,0,0,1,0,0,0,1,0,13.29489254,52.53962814
5,5300840,2021,9,16,4,3,5,3,0,0,1,0,1,0,0,0,13.26596476,52.53485671
6,6100103,2021,9,21,7,3,2,6,2,0,1,0,0,0,0,0,13.32243085,52.4623981
4,4501043,2021,8,14,7,3,2,6,0,0,1,0,0,0,0,0,13.30783577,52.49740339
2,2500831,2021,9,19,5,3,6,4,1,0,1,1,0,0,0,0,13.4659181,52.50888484
4,4501146,2021,9,22,5,3,1,5,2,0,1,0,0,0,1,0,13.31363728,52.48363627
7,7400825,2021,9,8,4,3,7,7,0,1,0,0,0,0,0,0,13.37610998,52.4557709
2,2300418,2021,9,19,4,3,2,7,1,1,1,0,0,0,0,1,13.43873466,52.49508539
3,3400721,2021,8,8,6,3,6,2,0,0,1,1,0,0,0,1,13.40295786,52.56274293
1,1100102,2021,8,14,4,3,0,2,0,1,1,0,0,0,0,0,13.3379394,52.51381253
5,5300736,2021,9,13,7,3,2,6,0,0,1,0,0,0,0,0,13.21419083,52.53851843
4,4400835,2021,9,14,5,2,6,3,0,1,0,1,0,0,0,0,13.32011759,52.47508846
5,5100103,2021,9,16,3,2,1,5,0,0,1,0,0,0,0,0,13.21181661,52.56503997
2,2100105,2021,9,11,2,3,5,3,0,0,1,0,0,0,0,0,13.41454747,52.50015487
1,1200522,2021,9,21,4,3,0,7,2,1,0,0,0,0,0,0,13.33841109,52.52180959
12,12100103,2021,9,8,2,2,6,4,0,1,0,1,0,0,0,0,13.36468655,52.57193875
1,1100102,2021,9,15,2,2,5,2,0,1,1,0,0,0,0,0,13.37188873,52.50905405
1,1400938,2021,8,18,2,3,1,5,0,0,1,0,0,0,1,0,13.33334023,52.54653855
3,3500936,2021,9,23,5,3,0,1,2,1,0,0,0,0,0,0,13.46619308,52.55047765
1,1100103,2021,9,22,6,3,5,3,2,0,1,0,0,0,0,0,13.35216314,52.50551996
6,6100102,2021,9,12,5,3,1,5,0,0,1,0,0,0,0,1,13.31989296,52.46044962
10,10100312,2021,9,19,5,3,5,3,2,0,1,0,0,0,0,0,13.53848974,52.52472092
4,4300518,2021,8,22,6,3,5,3,2,0,1,0,0,0,0,0,13.30574085,52.53404362
10,10100312,2021,8,9,4,3,3,6,0,1,0,0,0,0,0,0,13.54609779,52.52607711
6,6400737,2021,9,12,1,3,5,3,0,0,1,0,0,0,0,0,13.20515388,52.42445284
1,1100102,2021,9,18,5,3,2,6,0,0,1,0,0,0,0,0,13.35121411,52.5105118
4,4200308,2021,9,17,6,3,2,6,0,0,1,0,0,0,0,1,13.28076537,52.51835504
6,6200420,2021,9,17,3,3,2,6,0,0,1,0,1,0,0,0,13.30624269,52.41934368
1,1100309,2021,9,10,3,3,3,6,0,1,1,0,0,0,0,0,13.40185912,52.52963702
4,4200310,2021,9,16,2,3,3,6,0,0,1,0,1,0,0,0,13.26657342,52.51296908
4,4501042,2021,8,14,3,3,0,3,0,0,0,0,0,0,1,0,13.33267025,52.50613725
1,1100313,2021,9,17,6,3,1,5,0,0,1,0,1,0,0,1,13.41482544,52.5076058
2,2100101,2021,9,7,4,3,3,6,0,1,0,0,1,0,0,0,13.38143335,52.50058687
4,4501042,2021,8,12,2,3,5,2,0,1,0,0,0,0,1,1,13.33217092,52.50618977
6,6400841,2021,8,16,6,3,4,6,0,0,1,0,0,0,0,0,13.26247273,52.44186529
6,6100204,2021,9,11,2,3,0,7,0,0,0,0,1,0,0,0,13.34867036,52.45805254
12,12200309,2021,9,20,6,2,6,4,2,0,1,1,0,0,0,1,13.32764813,52.56398191
12,12400618,2021,8,15,3,3,2,6,0,1,0,0,0,0,0,0,13.2299013,52.62502228
2,2300316,2021,9,22,5,3,5,7,2,1,1,0,0,0,0,0,13.44479284,52.50109721
11,11300620,2021,9,12,7,2,6,4,0,0,1,1,0,0,0,1,13.47949761,52.52686338
8,8100208,2021,8,7,6,3,2,2,0,0,1,0,1,0,0,1,13.43585194,52.46861402
7,7200307,2021,9,12,4,3,5,3,0,1,1,0,0,0,0,0,13.33860987,52.49381072
3,3400620,2021,9,11,6,3,2,6,0,0,1,0,1,0,0,0,13.37759679,52.57490132
2,3601452,2021,9,12,4,3,3,6,0,0,1,0,1,0,0,0,13.45249359,52.52778499
2,2500836,2021,9,7,4,3,5,3,0,1,1,0,0,0,0,0,13.46618412,52.49690507
2,2200213,2021,8,12,5,3,5,3,0,1,1,0,0,0,0,0,13.41267159,52.49207527
2,2100101,2021,8,15,3,3,2,2,0,1,1,0,0,0,0,0,13.38660495,52.50105126
2,2200211,2021,9,15,6,3,6,4,0,1,0,1,0,0,0,0,13.39112056,52.48949106
9,9200511,2021,8,10,6,3,1,5,0,1,1,0,0,0,0,0,13.52231265,52.46188857
7,7400823,2021,8,6,2,2,5,2,0,1,1,0,0,0,0,0,13.37107161,52.47036961
5,5300737,2021,8,8,5,2,5,2,0,1,1,0,0,0,0,0,13.24778485,52.54721395
8,8100105,2021,7,15,2,3,1,1,0,0,1,0,0,0,0,0,13.42411276,52.46550264
3,3200204,2021,8,14,4,3,2,6,0,0,1,0,0,0,0,0,13.38797914,52.61800547
2,2100104,2021,7,22,4,3,5,3,2,1,1,0,0,0,0,0,13.41030067,52.50378271
3,3601346,2021,7,23,5,3,1,5,2,1,1,0,0,0,0,0,13.41853926,52.54680449
2,2100104,2021,8,15,4,3,5,3,0,1,1,0,0,0,0,0,13.41029918,52.50378311
5,5100317,2021,8,19,3,2,1,5,1,0,1,0,0,0,1,0,13.23520232,52.52713325
4,4500937,2021,7,10,2,3,2,2,0,0,1,0,0,0,0,0,13.28770233,52.49616182
5,5100316,2021,8,10,2,3,0,5,0,1,1,0,0,0,0,0,13.20223087,52.5380626
11,11501238,2021,8,18,7,3,3,6,0,1,0,0,0,0,0,0,13.50008921,52.48401744
12,12200309,2021,7,11,2,3,5,2,0,1,1,0,0,0,0,0,13.32759442,52.56409475
7,7400720,2021,8,6,2,3,5,3,0,1,1,0,0,0,0,0,13.37349978,52.48292709
8,8200623,2021,8,7,6,3,6,7,0,1,0,1,0,0,0,0,13.44178859,52.45766663
7,7200308,2021,7,15,6,2,5,3,0,1,1,0,0,0,0,0,13.34392226,52.48571858
6,6200312,2021,7,18,6,3,5,2,0,0,1,0,0,0,0,0,13.33878691,52.44438122
2,2300418,2021,8,13,4,3,4,6,0,1,0,0,0,0,0,0,13.43563356,52.49614056
4,4200309,2021,7,15,4,3,5,2,0,0,1,0,0,1,0,0,13.26027676,52.51651787
4,4501045,2021,8,19,5,3,0,7,1,0,1,0,0,0,0,0,13.33583832,52.49492012
11,11100309,2021,8,13,5,3,5,2,0,1,1,0,0,0,0,0,13.5074962,52.56424458
7,7601442,2021,8,15,3,3,2,5,0,0,1,0,1,0,0,0,13.40103326,52.41506449
9,9200819,2021,8,10,1,3,2,6,0,0,1,0,0,0,1,0,13.56500473,52.43879468
5,5100313,2021,7,15,3,3,2,6,0,0,1,0,0,0,0,0,13.20998616,52.54999449
8,8200624,2021,8,17,3,3,4,6,0,0,1,0,0,0,0,0,13.4274667,52.45910033
3,3400725,2021,8,8,7,3,0,7,0,0,1,0,0,0,0,0,13.4074875,52.58181683
4,4400833,2021,7,18,6,3,0,5,0,0,0,0,1,0,0,0,13.30824577,52.46905839
11,11401034,2021,7,15,5,3,4,6,0,0,1,0,0,0,1,0,13.52114863,52.5062854
7,7400823,2021,8,11,6,3,5,2,0,0,1,0,0,1,0,0,13.37212635,52.46978436
3,3501037,2021,8,12,2,3,0,7,0,0,1,0,0,0,1,0,13.4655263,52.56243207
3,3601243,2021,8,20,6,2,9,1,1,0,1,1,0,0,0,1,13.42408169,52.55282082
11,11401032,2021,8,11,3,2,6,7,0,1,0,1,0,0,0,0,13.51920765,52.51361314
12,12500930,2021,8,9,2,2,2,6,0,0,1,0,1,0,0,0,13.33037348,52.58742848
9,9301025,2021,7,8,5,3,5,2,0,0,0,0,1,0,1,0,13.54432859,52.39936591
4,4100101,2021,7,22,5,3,5,2,2,0,1,0,0,0,0,0,13.32610463,52.53837732
4,4400832,2021,8,11,3,3,1,5,0,1,1,0,0,0,0,0,13.29050839,52.47445079
1,1300836,2021,7,14,3,3,5,2,0,1,1,0,0,0,0,0,13.37572677,52.54864381
2,2500835,2021,7,12,7,3,2,6,0,0,1,0,0,0,0,0,13.46423239,52.50043826
5,5100104,2021,8,14,6,3,2,6,0,0,1,0,0,0,0,0,13.20835098,52.56040163
2,2200208,2021,8,15,2,3,1,5,0,1,1,0,0,0,0,0,13.38500999,52.49797153
7,7400720,2021,7,8,3,3,5,3,0,0,1,0,0,0,0,0,13.37480886,52.48121415
3,3100103,2021,8,10,6,3,5,3,0,0,1,0,1,0,0,0,13.49385913,52.63597189
9,9200613,2021,7,18,3,3,5,2,0,1,1,0,0,0,0,0,13.51926775,52.45407803
8,8200832,2021,8,16,4,2,2,2,0,1,1,0,0,0,0,0,13.4167918,52.41836959
10,10100311,2021,7,22,5,3,5,3,2,1,1,0,0,0,0,0,13.51947088,52.53535614
6,6300631,2021,7,19,6,3,2,7,0,0,1,0,1,0,0,0,13.30339096,52.4244666
12,12400619,2021,8,11,4,3,5,3,0,0,1,0,0,0,0,0,13.23782833,52.60119319
1,1100206,2021,8,9,4,3,5,3,0,1,1,0,0,0,0,0,13.38031039,52.5188031
8,8100102,2021,7,15,4,3,5,2,0,1,1,0,0,0,0,0,13.42556831,52.47921627
11,11200410,2021,8,14,4,2,5,3,0,0,1,0,1,0,0,0,13.50177577,52.55813029
9,9501941,2021,8,13,4,3,2,3,0,1,1,0,0,0,0,0,13.59329217,52.45290871
12,12100101,2021,8,13,2,3,6,2,0,0,0,1,0,0,1,0,13.37351699,52.56420867
9,9502043,2021,8,13,7,3,2,6,0,0,1,0,1,0,1,0,13.5531654,52.46820568
11,11300725,2021,7,17,3,3,5,3,0,1,1,0,0,0,0,0,13.50713695,52.51525125
1,1401045,2021,8,8,3,3,2,6,0,0,1,0,0,0,0,0,13.37449874,52.55680954
1,1300733,2021,8,22,1,3,6,2,2,0,1,1,0,0,0,1,13.38126765,52.55243548
3,3601244,2021,7,17,7,3,5,3,0,0,1,0,1,0,0,0,13.42726797,52.54971168
4,4300622,2021,7,20,7,2,3,6,0,0,1,0,1,0,0,0,13.32097795,52.51309087
8,8100415,2021,8,13,5,3,2,6,0,0,1,0,1,0,0,0,13.44584919,52.47895483
4,4500937,2021,7,14,6,3,5,2,0,1,1,0,0,0,0,0,13.29431652,52.49776158
11,11200410,2021,7,5,6,3,5,3,0,1,1,0,0,0,0,0,13.50213355,52.55735916
8,8100313,2021,8,18,5,3,6,7,0,0,0,1,0,0,1,0,13.44559506,52.48583617
4,4300518,2021,8,18,4,2,5,7,0,0,1,0,1,0,0,0,13.30631683,52.52983948
8,8100310,2021,8,12,3,3,5,2,0,1,0,0,0,0,1,0,13.43395844,52.48984928
1,1100313,2021,8,14,1,3,0,1,0,0,0,0,1,0,0,0,13.42109837,52.50968928
7,7400824,2021,7,14,4,2,0,2,0,0,1,0,0,0,1,0,13.38172639,52.46103366
5,5100104,2021,8,18,1,2,5,3,0,0,1,0,0,0,0,0,13.21714311,52.56046696
5,5300736,2021,7,9,3,2,2,6,0,0,1,0,0,0,1,0,13.21763965,52.53770648
5,5100103,2021,7,13,1,3,2,5,0,0,1,0,0,0,0,0,13.21488309,52.56470466
1,1100103,2021,8,21,3,2,5,3,1,1,1,0,0,0,0,0,13.35303224,52.50229271
1,1100416,2021,8,22,7,3,5,2,2,1,1,0,0,0,0,1,13.40303057,52.53366999
4,4300622,2021,7,21,5,3,7,7,1,0,0,0,1,0,0,0,13.3296696,52.50546717
8,8100102,2021,7,21,6,3,5,2,2,1,1,0,0,0,0,0,13.4239943,52.47727486
9,9200715,2021,8,13,4,3,0,2,0,1,1,0,0,0,0,0,13.55083023,52.42907889
12,12100103,2021,7,5,4,3,5,3,1,1,1,0,0,0,0,0,13.36206523,52.56870076
4,4300415,2021,7,18,6,3,5,3,0,1,1,0,0,0,0,0,13.29122279,52.5065936
4,4200311,2021,8,18,5,3,5,2,0,0,1,0,0,0,1,0,13.27564749,52.50154409
2,2200209,2021,8,15,5,3,5,2,0,0,1,0,0,0,1,0,13.38243935,52.48511623
12,12200309,2021,8,9,3,3,2,6,0,0,1,0,0,0,0,0,13.32800519,52.56431289
9,9501940,2021,8,12,1,2,3,6,0,1,1,0,0,0,0,0,13.59258499,52.4546539
2,2100101,2021,7,10,4,3,5,3,0,1,0,0,1,0,0,0,13.38153388,52.50057387
11,11501341,2021,8,15,2,2,5,2,0,1,1,0,0,0,0,0,13.52403337,52.47743857
8,8100206,2021,7,0,6,2,1,6,2,1,1,1,0,0,0,0,13.42446792,52.48467019
11,11400928,2021,7,17,6,3,0,2,0,1,1,0,0,0,0,0,13.48650844,52.50238496
2,2300314,2021,7,19,2,3,1,5,0,1,1,0,0,0,0,0,13.41960362,52.50119306
9,9100203,2021,8,6,6,3,5,2,1,1,1,0,0,0,0,0,13.47377849,52.47499338
8,8401244,2021,8,11,2,3,5,3,0,0,1,0,0,0,0,0,13.50350691,52.411567
4,4100101,2021,7,17,3,3,1,5,0,0,1,0,0,1,0,0,13.30108519,52.54802485
1,1100309,2021,8,19,6,3,0,3,0,1,1,0,0,0,0,0,13.40335907,52.5273833
4,4300622,2021,7,4,2,3,1,5,0,0,1,0,1,0,0,0,13.32540383,52.51658322
4,4501045,2021,8,16,4,3,2,6,0,0,1,0,0,0,0,0,13.33463508,52.49959369
3,3300412,2021,7,16,4,3,0,3,0,1,1,0,0,0,0,0,13.47306435,52.61692268
1,1100102,2021,7,17,6,3,0,1,0,0,0,0,0,0,1,0,13.37383156,52.51957514
3,3601450,2021,8,10,3,3,3,6,0,0,1,0,1,0,0,0,13.44994087,52.53680261
1,1401045,2021,7,23,3,3,6,7,2,0,1,1,0,0,0,0,13.3792875,52.55299519
4,4300621,2021,7,19,7,3,5,3,0,1,1,0,0,0,0,0,13.30954019,52.5136503
1,1100310,2021,8,21,6,3,0,1,2,1,0,0,0,0,0,0,13.41095719,52.52207601
5,5200632,2021,8,7,2,3,4,6,1,0,1,0,1,0,0,0,13.21886565,52.52466143
4,4501042,2021,8,8,6,3,0,6,0,0,0,0,1,0,1,0,13.3324492,52.50606072
1,1100308,2021,7,17,2,3,1,5,0,1,1,0,0,0,0,0,13.38651523,52.52369796
11,11300620,2021,7,16,5,3,5,2,0,1,1,0,0,0,0,1,13.47630075,52.53313042
11,2500729,2021,7,12,7,3,2,6,0,0,1,0,0,0,0,0,13.47755539,52.51465929
1,1400942,2021,8,21,4,2,1,5,2,1,1,0,0,0,0,0,13.346938,52.54727743
1,1100309,2021,8,17,3,3,6,4,0,0,0,1,0,0,1,0,13.40356883,52.52310998
8,8100313,2021,7,20,4,3,1,5,0,1,1,0,0,0,0,0,13.44615973,52.48627032
6,6300633,2021,8,16,5,3,0,1,0,0,1,0,1,0,0,0,13.30693602,52.43570131
2,2400625,2021,8,12,4,3,3,6,0,1,0,0,0,0,0,0,13.44423554,52.51157041
11,11100204,2021,8,7,2,3,3,6,0,1,1,0,0,0,0,0,13.52783069,52.55675155
12,12100102,2021,8,10,7,3,2,7,0,0,1,0,1,0,0,0,13.3756319,52.5687688
1,1200520,2021,7,13,3,2,5,3,0,0,1,0,1,0,0,0,13.33994265,52.52808951
8,8401243,2021,8,8,3,3,1,5,0,0,1,0,0,0,0,0,13.50807671,52.42613787
9,9200819,2021,8,20,1,3,5,3,0,0,1,0,0,0,0,0,13.56613503,52.43945993
9,9401329,2021,7,10,6,3,5,3,0,0,1,0,0,0,1,0,13.65379177,52.41685151
6,6300527,2021,7,20,7,3,1,5,0,0,1,0,1,0,0,0,13.27956518,52.43618764
4,4400728,2021,8,13,5,3,5,3,0,0,1,0,0,0,0,0,13.27176971,52.48188588
8,8200622,2021,7,17,5,3,5,7,0,0,1,0,1,0,0,0,13.43541082,52.4599631
6,6300528,2021,8,11,6,3,2,2,0,0,1,0,0,0,0,0,13.26689623,52.41221606
9,9200510,2021,7,15,3,3,5,2,0,1,1,0,0,0,0,0,13.50861704,52.463702
5,5200630,2021,8,13,5,3,5,2,0,1,1,0,0,0,0,0,13.17747471,52.52532918
6,6200313,2021,8,13,3,3,5,2,0,0,1,0,1,0,0,1,13.34359737,52.43916158
2,2500833,2021,8,19,2,2,0,1,0,1,0,0,0,0,0,1,13.4566541,52.50979849
7,7100206,2021,7,1,5,3,0,1,2,0,0,0,0,0,1,0,13.36765233,52.48826801
12,12400617,2021,8,14,1,3,5,2,0,0,1,0,1,0,0,0,13.20983219,52.60303556
3,3501037,2021,7,9,3,3,5,2,0,0,1,0,0,0,1,0,13.46847816,52.56214228
1,1200628,2021,7,15,2,3,0,1,0,1,0,0,0,0,0,0,13.368469,52.52203943
1,1100308,2021,7,11,2,3,2,6,0,1,1,0,0,0,0,0,13.38732191,52.52591489
9,9200614,2021,8,17,6,3,7,7,0,1,0,0,0,0,0,0,13.52437232,52.44965267
12,12200411,2021,8,17,1,2,0,7,0,1,0,0,0,0,0,1,13.32393309,52.56072668
9,9300920,2021,8,15,5,3,5,2,0,0,1,0,0,0,0,0,13.52589128,52.42301711
4,4300622,2021,8,14,3,3,3,6,0,0,1,0,0,0,0,0,13.32327051,52.51094611
10,10200420,2021,7,12,4,2,8,1,0,0,1,0,0,0,1,0,13.59242151,52.53703441
10,10400940,2021,7,11,5,2,5,3,0,0,1,0,1,0,0,0,13.59760045,52.50235257
8,8100314,2021,8,23,3,3,5,3,2,0,1,0,0,0,0,0,13.43471808,52.48284198
2,2400625,2021,8,16,2,3,0,1,0,0,0,0,1,0,0,0,13.44052745,52.51349968
1,1100313,2021,7,22,4,2,5,2,2,1,1,0,0,0,0,0,13.41937449,52.50580077
8,8401244,2021,7,12,6,1,5,2,0,0,0,0,1,0,1,0,13.50346773,52.4116735
5,5100104,2021,7,16,2,3,2,6,0,0,1,0,1,0,0,0,13.20791701,52.55906695
12,12200412,2021,8,23,2,3,1,1,2,0,1,0,0,0,0,0,13.29620988,52.57426643
1,1300834,2021,8,18,7,3,5,3,0,0,1,0,0,0,0,0,13.39284984,52.5425801
7,7200409,2021,8,15,3,2,6,4,0,0,1,1,0,0,0,0,13.34770842,52.48530739
8,8200726,2021,8,22,6,2,5,3,2,1,0,0,0,0,1,1,13.43604229,52.44899516
12,12601032,2021,7,11,2,2,2,6,0,0,1,0,1,0,0,0,13.32767899,52.60894984
2,2200210,2021,8,9,6,3,5,3,0,1,1,0,0,0,0,0,13.39858715,52.49640915
5,5300736,2021,8,7,2,3,2,6,0,0,1,0,0,0,0,0,13.20979546,52.53851399
8,8401246,2021,8,9,6,3,5,3,0,0,1,0,1,0,0,0,13.51973062,52.412525
4,4300622,2021,7,15,2,3,2,6,0,0,1,0,0,0,0,0,13.33030499,52.50709083
3,3701554,2021,8,19,4,3,5,3,0,0,1,0,0,0,1,0,13.40720773,52.53950835
8,8401244,2021,7,12,4,3,3,2,0,0,1,0,0,0,1,0,13.49676248,52.41568142
8,8100102,2021,7,17,5,3,2,1,0,0,1,0,0,0,1,0,13.41730546,52.4802773
9,9401432,2021,8,11,2,3,0,3,0,1,1,0,0,0,0,0,13.59657295,52.44149595
9,9200715,2021,7,15,2,3,5,2,0,0,1,0,0,0,0,0,13.54125369,52.43535147
1,1100309,2021,8,14,6,3,5,3,0,1,1,0,0,0,0,0,13.39768158,52.52945209
12,12400722,2021,8,19,3,3,5,2,0,0,1,0,0,0,0,0,13.29142034,52.62581181
1,1400937,2021,8,18,6,3,3,6,0,1,0,0,0,0,0,0,13.30982716,52.55171485
6,6400844,2021,7,13,5,3,2,6,0,0,1,0,0,0,0,0,13.30445258,52.46228612
12,12100101,2021,7,17,6,3,5,3,0,1,1,0,0,0,0,0,13.37817668,52.56600369
2,2500833,2021,8,9,4,2,5,2,0,1,1,0,0,0,0,0,13.45786422,52.50950102
2,2100102,2021,7,15,4,3,5,2,0,0,1,0,0,0,1,0,13.39596643,52.49836844
3,3300516,2021,7,15,7,3,6,4,0,1,0,1,0,0,0,0,13.43337752,52.55825595
7,7300516,2021,8,14,5,3,6,7,0,0,0,1,0,0,1,0,13.32836504,52.46617066
12,12200515,2021,8,17,3,3,1,5,0,1,1,0,0,0,0,0,13.27701929,52.58958538
6,6100208,2021,8,11,2,3,1,5,0,0,1,0,1,0,0,0,13.33318607,52.45266889
2,2200213,2021,8,16,7,3,5,2,0,1,1,0,0,0,0,0,13.41253614,52.49189708
6,6100209,2021,7,19,3,2,0,1,0,1,0,0,0,0,0,0,13.33920187,52.46267204
2,2200210,2021,8,16,3,3,0,1,0,0,0,0,0,0,1,0,13.39172957,52.49196622
6,6400844,2021,8,21,7,3,5,2,2,1,1,0,0,0,0,1,13.29028936,52.45805649
2,2500830,2021,7,15,7,3,5,2,0,1,1,0,0,0,0,0,13.45356431,52.51413556
8,8301036,2021,7,19,7,2,2,4,1,0,1,1,0,0,0,0,13.46995447,52.42663276
2,2400522,2021,8,9,5,3,5,2,0,1,1,0,0,0,0,0,13.44634432,52.51763801
2,2100106,2021,7,15,5,3,0,7,0,1,0,0,0,0,0,0,13.4044485,52.49831277
5,5400942,2021,8,12,6,3,5,3,0,1,1,0,0,0,0,0,13.15882492,52.46259064
10,10200629,2021,8,18,4,3,3,6,0,1,0,0,1,0,0,0,13.58200854,52.5207137
8,8100206,2021,8,18,4,3,5,2,0,1,1,0,0,0,0,0,13.42498582,52.48063265
6,6100210,2021,7,17,7,3,5,2,0,1,0,0,0,0,1,0,13.34397618,52.46205835
3,3500933,2021,8,16,2,3,2,1,0,1,1,0,0,0,0,0,13.44971409,52.55266176
6,6100209,2021,7,18,5,2,3,6,0,1,0,0,0,0,0,0,13.33226656,52.46384839
3,3400618,2021,8,0,1,3,8,1,2,0,1,0,0,0,0,0,13.37598564,52.59720054
12,12200310,2021,7,13,7,3,5,2,0,0,1,0,1,0,0,0,13.31463645,52.5752781
5,5100206,2021,7,12,1,3,5,3,0,1,1,0,0,0,0,0,13.15977524,52.56447809
1,1100205,2021,8,20,6,3,6,4,1,0,0,1,0,0,1,0,13.38413901,52.51009976
11,11400929,2021,8,16,2,3,6,4,0,1,0,1,0,0,0,0,13.49676221,52.50747419
2,2200209,2021,8,14,6,3,5,2,0,1,1,0,0,0,0,0,13.37503017,52.48503927
12,12601236,2021,7,12,2,2,5,3,0,1,1,0,0,0,0,0,13.34403097,52.59604216
4,4300517,2021,8,8,5,3,5,3,0,0,1,0,0,0,0,0,13.3037399,52.52552505
1,1100205,2021,7,11,4,3,5,2,0,1,1,0,0,0,0,0,13.3766071,52.50963631
4,4300619,2021,7,15,5,3,1,5,0,1,1,0,0,0,0,0,13.31703594,52.51788582
1,1100309,2021,8,13,4,3,3,6,0,1,1,0,0,0,0,0,13.39063096,52.52439993
3,3100103,2021,8,23,2,2,5,2,2,0,1,0,1,0,0,0,13.4995467,52.63114025
5,5300736,2021,7,14,3,3,3,6,0,0,1,0,0,0,0,0,13.21397916,52.53839069
12,12400618,2021,7,9,3,3,0,2,0,0,0,0,0,0,1,0,13.23461364,52.62195544
7,7400823,2021,8,6,2,3,5,2,0,0,1,0,1,0,0,0,13.37718495,52.46863916
4,4501040,2021,8,14,7,3,5,2,0,0,1,0,1,0,0,0,13.30755765,52.50362394
4,4300619,2021,7,18,2,2,5,3,0,0,1,0,0,0,0,0,13.31048204,52.51609216
5,5100209,2021,8,13,2,2,5,3,0,0,1,0,0,0,1,0,13.17194393,52.55013538
12,12500928,2021,8,10,7,3,2,6,0,0,1,0,0,0,0,0,13.3137699,52.60517723
12,12200310,2021,7,11,5,3,0,2,0,1,1,0,0,0,0,0,13.31206194,52.56795857
4,4501042,2021,7,13,6,2,2,6,0,1,1,0,0,0,0,0,13.33455058,52.50327685
3,3400830,2021,8,7,4,3,1,5,0,1,1,0,0,0,0,0,13.42043753,52.56663371
2,2400521,2021,7,12,4,3,5,3,0,1,0,0,0,0,0,0,13.43420307,52.52332382
4,4400727,2021,8,11,5,3,2,6,0,0,1,0,0,0,0,0,13.28517485,52.47944476
6,6400841,2021,8,12,4,3,5,3,0,1,1,0,0,0,0,0,13.26794133,52.44545663
7,7400721,2021,8,8,3,2,0,7,0,0,0,0,1,0,0,1,13.39422323,52.48395168
12,12500927,2021,8,19,1,2,1,6,1,0,1,0,0,0,0,0,13.32202058,52.5949458
1,1100207,2021,7,14,3,3,5,3,0,0,1,0,0,0,0,0,13.39966571,52.50914057
9,9501941,2021,8,8,3,3,2,2,0,0,1,0,0,0,0,0,13.5931624,52.4516851
1,1300733,2021,8,16,1,3,5,3,0,1,0,0,0,0,1,0,13.39125581,52.55371159
1,1300834,2021,7,21,6,3,3,6,2,0,0,0,1,0,1,1,13.39814758,52.53886594
1,1200517,2021,7,14,5,2,6,4,0,0,1,1,0,1,0,0,13.32835042,52.53429349
5,5100315,2021,8,18,6,2,2,6,0,0,1,0,0,0,0,0,13.19198285,52.5462357
7,7501029,2021,7,14,6,3,5,3,0,0,1,0,0,0,0,0,13.37844079,52.43760141
1,1100207,2021,7,19,6,2,5,3,0,0,1,0,0,0,0,0,13.38997639,52.5094452
5,5300737,2021,8,8,5,3,1,7,0,0,1,0,0,0,0,0,13.2356064,52.5388382
9,9200715,2021,7,14,5,3,5,2,0,1,1,0,0,0,0,0,13.54526465,52.42571165
1,1100207,2021,8,13,5,3,5,3,0,1,1,0,0,0,0,0,13.40567026,52.51411913
6,6200421,2021,8,18,3,3,2,6,0,0,1,0,0,0,0,0,13.316669,52.42583941
7,7200411,2021,8,16,3,2,5,3,0,0,1,0,1,0,0,1,13.36020494,52.49044846
8,8100208,2021,8,20,1,3,5,3,1,0,1,0,0,0,1,0,13.43571769,52.4690285
4,4500937,2021,7,19,4,3,2,6,0,0,1,0,0,0,0,0,13.28616651,52.4954544
5,5100211,2021,8,16,3,2,0,7,0,1,1,0,0,0,0,0,13.157739,52.5428897
1,1100206,2021,8,18,7,3,1,5,0,0,1,0,1,0,0,0,13.39130484,52.52208262
5,5200423,2021,7,12,6,3,5,7,0,0,1,0,0,0,0,0,13.1557752,52.53295317
4,4300518,2021,8,9,5,3,5,7,0,1,1,0,0,0,0,0,13.31457762,52.52161751
1,1400937,2021,7,10,6,3,5,2,0,0,1,0,0,0,0,0,13.33739126,52.55864618
4,4300517,2021,8,15,5,3,5,2,0,0,1,0,0,0,0,0,13.29734061,52.52651854
1,1100205,2021,8,17,4,3,5,2,0,1,1,0,0,0,0,0,13.37781432,52.50797437
2,2200213,2021,8,18,3,3,5,7,0,1,0,0,0,0,1,0,13.42376896,52.48850668
1,1401045,2021,8,20,2,3,2,6,2,0,1,0,0,1,0,1,13.37747959,52.55629462
4,4501040,2021,7,10,4,2,5,2,0,0,1,0,1,0,0,0,13.3131446,52.50071038
10,10100311,2021,8,12,1,3,0,6,0,0,1,0,1,0,0,0,13.51757096,52.5348766
2,2500835,2021,7,20,7,3,5,2,0,1,1,0,0,0,0,0,13.45730475,52.50341551
6,6100204,2021,8,16,6,3,2,6,0,0,1,0,0,0,0,0,13.34874075,52.45647818