BEZ,LOR_ab_2021,UJAHR,UMONAT,USTUNDE,UWOCHENTAG,UKATEGORIE,UART,UTYP1,ULICHTVERH,IstRad,IstPKW,IstFuss,IstKrad,IstGkfz,IstSonstige,USTRZUSTAND,XGCSWGS84,YGCSWGS84
8,8100415,2021,8,9,2,3,1,5,0,1,1,0,0,0,0,0,13.43686257,52.48006533
4,4300623,2021,8,16,6,3,5,3,0,0,1,0,0,0,0,0,13.30710473,52.50566695
8,8100209,2021,7,18,3,3,1,5,0,0,0,0,0,1,1,0,13.43829666,52.46718265
10,10100315,2021,8,18,5,3,2,2,0,0,1,0,1,0,0,0,13.56984522,52.54070743
11,11300722,2021,7,10,4,3,5,2,0,1,0,0,0,1,0,0,13.47822666,52.51503844
4,4501042,2021,7,13,5,3,1,5,0,0,1,0,0,0,0,0,13.33679746,52.50278975
6,6300528,2021,8,19,4,3,8,1,1,0,1,0,0,0,0,0,13.2722471,52.41295123
2,2100104,2021,8,8,3,3,2,6,0,0,1,0,0,0,0,0,13.41008589,52.50150131
5,5100208,2021,7,11,4,3,5,2,0,0,1,0,0,0,0,0,13.16540521,52.55121303
6,6400737,2021,8,7,4,3,5,3,0,1,0,0,0,0,0,0,13.1805373,52.41939041
3,3400828,2021,7,8,2,3,5,2,0,1,1,0,0,0,0,0,13.42244157,52.55992991
2,2100103,2021,8,21,2,3,5,3,2,0,1,0,0,0,0,1,13.39957216,52.50458624
2,2300314,2021,8,2,7,3,0,1,2,0,0,0,1,0,0,0,13.42006557,52.50222997
1,1100313,2021,7,21,3,3,0,2,2,1,1,0,0,0,0,0,13.42820112,52.50728368
7,7601544,2021,8,16,3,3,6,4,0,0,1,1,0,0,0,0,13.40743345,52.38667027
3,3400620,2021,8,14,7,3,0,7,0,0,1,0,0,0,0,0,13.39424496,52.57247988
12,12601235,2021,7,18,5,3,1,5,0,0,1,0,1,0,0,1,13.35131855,52.59642687
7,7501135,2021,7,15,6,3,1,7,0,0,1,0,0,0,0,0,13.3927715,52.42130816
6,6400844,2021,8,8,4,2,5,2,0,1,1,0,0,0,0,0,13.29665531,52.46439849
8,8100103,2021,7,20,5,2,5,7,0,0,1,0,1,0,0,0,13.42792631,52.47380666
1,1100102,2021,8,11,5,3,1,6,0,1,1,0,0,0,0,0,13.364088,52.50927865
1,1100309,2021,8,13,5,3,5,2,0,1,1,0,0,0,0,0,13.40630682,52.5249491
1,1200517,2021,8,12,3,3,2,6,0,0,1,0,0,0,0,1,13.32835155,52.53428031
1,1100311,2021,7,20,7,3,5,2,1,0,1,0,0,0,1,0,13.4236882,52.5238857
9,9200819,2021,8,0,1,2,9,1,2,0,0,0,1,0,0,0,13.56918142,52.44434839
3,3300516,2021,7,15,4,3,1,5,0,0,1,0,0,0,1,0,13.43076259,52.56115686
10,10100311,2021,8,13,2,3,2,6,0,0,0,0,1,1,0,0,13.51787367,52.53552371
11,11200411,2021,7,14,7,3,5,3,0,0,1,0,0,0,1,0,13.5084213,52.54924006
1,1100205,2021,7,18,5,2,5,2,1,0,1,0,1,0,0,0,13.38208869,52.51396047
12,12200515,2021,8,7,6,3,0,7,0,1,0,0,0,0,0,0,13.29008853,52.58219982
1,1300834,2021,8,11,2,3,0,3,0,0,1,0,1,0,0,0,13.39279598,52.54252543
1,1100311,2021,8,9,6,3,0,7,0,0,1,0,1,0,0,0,13.42276904,52.5140191
7,7501029,2021,8,14,3,3,2,6,0,0,1,0,0,0,0,0,13.38147647,52.44048259
9,9401534,2021,7,9,5,3,2,2,0,0,1,0,0,0,1,0,13.57695684,52.44434854
3,3601245,2021,7,14,5,3,0,7,0,0,0,0,0,0,1,0,13.43245139,52.55045212
4,4400727,2021,8,13,3,2,5,2,0,1,1,0,0,0,0,0,13.28776378,52.48088897
12,12100102,2021,7,13,4,3,0,5,0,0,1,0,0,0,1,0,13.37761279,52.57071989
2,2100102,2021,7,14,7,3,2,6,0,0,1,0,0,0,1,0,13.39571283,52.49837509
8,8100314,2021,8,13,6,3,2,6,0,0,1,0,0,0,0,0,13.42892209,52.48601778
3,3601243,2021,8,20,2,3,0,1,0,1,0,0,0,0,0,0,13.42366483,52.55155803
10,10100208,2021,8,13,7,3,5,3,0,1,1,0,0,0,0,0,13.56177434,52.54997292
4,4200311,2021,7,18,3,3,2,7,0,0,1,0,1,0,0,0,13.28018836,52.5178986
4,4300620,2021,8,10,4,3,5,2,0,0,1,0,0,0,0,0,13.32507392,52.51748954
12,12500825,2021,7,17,5,3,5,2,0,1,1,0,0,0,0,1,13.3132612,52.58558172
4,4501148,2021,7,8,6,3,0,2,0,1,1,0,0,0,0,0,13.32035088,52.48172332
9,9100306,2021,8,13,4,3,2,6,0,0,1,0,1,0,0,0,13.47241922,52.45428505
9,9200715,2021,8,15,2,3,5,2,0,0,1,0,0,0,0,0,13.53860396,52.43447265
10,10300734,2021,8,12,6,3,5,3,0,1,1,0,0,0,0,0,13.56092024,52.49256921
5,5300736,2021,8,17,4,2,0,3,0,0,1,0,1,0,0,0,13.22266572,52.53982491
5,5200528,2021,8,18,2,3,5,2,0,0,1,0,0,0,0,1,13.18456466,52.51555093
7,7200413,2021,7,16,4,3,0,3,0,1,1,0,0,0,0,0,13.35907057,52.48368633
4,4300619,2021,8,23,1,3,0,1,2,0,0,0,0,0,1,0,13.31017433,52.51636883
4,4300517,2021,7,18,7,3,5,2,0,0,1,0,0,0,0,0,13.302024,52.52583347
8,8200623,2021,8,15,6,3,5,2,0,1,1,0,0,0,0,0,13.45706342,52.45336502
5,5100208,2021,8,16,3,2,6,4,0,0,1,1,0,0,0,0,13.14961525,52.55411039
11,11200512,2021,8,6,7,3,5,2,0,0,1,0,0,0,0,0,13.46770645,52.54651945
12,12500927,2021,7,12,2,3,5,3,0,1,0,0,0,0,0,0,13.32326315,52.59746395
5,5100316,2021,8,13,4,3,5,2,0,0,1,0,1,0,0,0,13.20074491,52.5385948
9,9501939,2021,7,5,4,3,0,6,0,0,1,0,0,0,1,1,13.57867341,52.45781128
5,5100208,2021,7,14,5,2,2,2,0,0,1,0,1,0,0,0,13.15552824,52.55299415
10,10100102,2021,8,17,4,3,5,3,0,0,1,0,0,0,1,0,13.56745225,52.57332116
1,1100309,2021,8,16,2,3,5,2,0,1,0,0,0,0,1,0,13.40365602,52.5260261
4,4300412,2021,7,20,5,3,1,5,0,1,1,0,0,0,0,0,13.29892589,52.51968769
4,4500936,2021,8,16,4,2,5,3,0,1,1,0,0,0,0,0,13.30420282,52.50371665
2,2100104,2021,8,21,3,3,5,3,2,1,1,0,0,0,0,0,13.4103254,52.50377613
1,1300836,2021,8,14,2,3,5,3,0,1,1,0,0,0,0,0,13.37370703,52.54223773
1,1100102,2021,8,9,7,3,5,3,0,1,1,0,0,0,0,0,13.37089335,52.51107969
4,4300517,2021,7,14,3,3,2,6,0,0,1,0,1,0,0,0,13.30034779,52.52227611
4,4300412,2021,8,10,3,3,5,2,0,1,1,0,0,0,0,0,13.29954096,52.51947728
8,8100312,2021,8,12,1,3,1,5,0,1,1,0,0,0,0,0,13.44117297,52.48249032
5,5100104,2021,7,12,5,3,5,2,0,1,1,0,0,0,0,0,13.21506089,52.56076293
10,10400938,2021,7,20,6,3,2,2,1,0,1,0,0,0,0,0,13.61767496,52.52048479
12,12100204,2021,8,8,5,2,5,3,0,0,1,0,1,0,0,0,13.35194227,52.56597039
7,7200410,2021,7,15,5,3,0,2,0,0,1,0,0,0,1,0,13.35595459,52.48609561
1,1100309,2021,8,17,5,3,1,5,0,1,1,0,0,0,0,0,13.40692335,52.52562087
2,2400624,2021,7,22,7,2,1,5,2,1,1,0,0,0,0,0,13.45115623,52.51085219
5,5100210,2021,8,9,5,3,1,5,0,0,1,0,0,0,1,0,13.19121119,52.54936355
1,1100415,2021,8,10,3,3,5,3,0,1,1,0,0,0,0,0,13.39864469,52.53256291
9,9200717,2021,8,12,1,3,2,6,0,1,1,0,0,0,0,0,13.55262369,52.43068244
6,6300632,2021,7,19,4,3,1,5,0,1,1,0,0,0,0,0,13.29657315,52.42629439
7,7200414,2021,8,22,1,3,0,1,2,0,1,0,0,0,0,1,13.36792065,52.48510824
11,11200410,2021,7,0,1,3,6,4,2,0,0,1,0,0,1,0,13.51254626,52.55519689
7,7501031,2021,8,13,5,3,1,7,0,0,1,0,0,0,1,0,13.38883653,52.44784215
12,12100205,2021,7,8,2,3,2,6,0,0,1,0,0,0,0,1,13.34372597,52.58908262
9,9100101,2021,8,10,6,3,5,2,0,1,0,0,0,1,0,0,13.4547099,52.49419712
8,8100311,2021,8,11,2,3,5,2,0,0,1,0,0,0,1,0,13.42699791,52.48732817
5,5300840,2021,8,13,6,3,2,6,0,0,1,0,0,0,0,0,13.26738134,52.5310657
2,2400521,2021,7,8,2,2,5,2,0,1,0,0,0,0,1,0,13.42999194,52.52328788
11,11501238,2021,8,16,4,3,2,6,0,0,1,0,1,0,0,0,13.47686416,52.50072687
2,2400625,2021,7,10,4,3,3,6,0,1,0,0,0,0,0,0,13.44625726,52.50222719
9,9502042,2021,7,15,6,3,0,7,0,0,1,0,0,0,0,0,13.5834479,52.45905434
2,2200209,2021,8,23,3,3,6,2,2,0,1,1,0,0,0,0,13.38615926,52.4850296
4,4200308,2021,7,22,6,3,5,2,2,0,1,0,0,0,0,0,13.28009184,52.51835215
4,4501043,2021,7,0,2,2,0,1,2,0,0,0,0,0,1,0,13.31269791,52.49429889
5,5100316,2021,8,16,6,2,5,2,0,1,1,0,0,0,0,0,13.18501545,52.53799017
1,1100310,2021,8,7,2,3,1,7,0,1,1,0,0,0,0,0,13.41019002,52.52755919
2,2100106,2021,8,23,6,3,5,7,2,0,1,0,0,0,0,1,13.39952936,52.4983038
4,4200311,2021,7,22,5,2,5,2,2,0,1,0,0,0,0,0,13.28032171,52.5063766
1,1100416,2021,7,11,6,3,5,3,0,1,1,0,0,0,0,0,13.402661,52.53854694
1,1100310,2021,8,9,3,3,0,3,0,1,0,0,0,0,0,0,13.4100217,52.528142
4,4300622,2021,8,16,3,3,5,3,0,0,1,0,0,0,0,0,13.33126453,52.50690318
8,8100105,2021,7,13,5,2,5,3,0,1,1,0,0,0,0,0,13.43408906,52.46313405
10,10200627,2021,8,15,5,3,5,3,0,1,1,0,0,0,0,0,13.5902806,52.52950126
3,3601452,2021,8,11,4,2,5,2,0,0,1,0,0,0,0,0,13.44721505,52.53058251
10,10400940,2021,8,13,2,3,6,4,0,0,1,1,0,0,0,0,13.61318062,52.49910038
10,10100311,2021,8,11,7,3,5,2,0,1,1,0,0,0,0,0,13.51777415,52.53537692
3,3601142,2021,7,18,4,3,5,2,0,1,1,0,0,0,0,0,13.41272611,52.54440205
6,6300634,2021,8,11,3,3,3,6,0,1,1,0,0,0,0,0,13.30946113,52.43114954
1,1200625,2021,8,14,7,3,5,2,0,0,1,0,0,0,0,0,13.3452104,52.52620224
9,9100408,2021,7,11,6,3,5,2,0,0,1,0,1,0,0,0,13.51444213,52.44651178
3,3601450,2021,7,5,7,3,0,1,1,0,1,0,0,0,0,0,13.45865756,52.52921413
1,1100308,2021,8,8,4,3,1,5,0,1,1,0,0,0,0,0,13.38712523,52.52695276
4,4300622,2021,7,15,5,3,3,6,0,0,1,0,0,0,0,0,13.32441058,52.51014036
6,6100102,2021,8,11,5,3,2,6,0,0,1,0,1,0,0,0,13.32484905,52.46109713
7,7200307,2021,8,12,5,3,5,2,0,0,1,0,0,0,0,0,13.34493935,52.48914959
12,12400617,2021,8,11,4,3,1,5,0,1,1,0,0,0,0,0,13.22394365,52.62181951
12,12200412,2021,7,18,4,3,0,6,0,0,1,0,0,0,1,0,13.2985701,52.57854655
1,1100415,2021,7,18,7,3,4,6,0,1,0,0,0,0,1,0,13.38502226,52.53110491
3,3300516,2021,8,15,4,3,5,3,0,1,1,0,0,0,0,0,13.44428119,52.56524109
9,9501737,2021,8,8,4,2,6,4,0,0,1,1,0,0,0,0,13.6249256,52.45692989
4,4300414,2021,8,13,2,3,1,5,0,0,1,0,0,0,1,0,13.29974246,52.51865742
11,11401135,2021,8,16,7,3,2,6,0,0,1,0,1,0,0,0,13.50834413,52.49371746
1,1300733,2021,7,15,3,3,2,6,0,1,1,0,0,0,0,0,13.38709376,52.54981124
10,10100312,2021,8,11,3,2,0,7,0,0,1,0,0,0,0,0,13.53731021,52.53448405
5,5100208,2021,7,8,3,3,0,7,0,0,1,0,0,0,1,0,13.15294104,52.54952308
5,5200528,2021,8,14,1,3,6,7,0,1,0,1,0,0,0,0,13.16627721,52.51809275
4,4501040,2021,7,15,7,3,5,2,0,0,1,0,1,0,0,0,13.3087579,52.50025763
2,2500830,2021,7,18,7,3,5,2,0,1,1,0,0,0,0,0,13.45928188,52.5125053
4,4500938,2021,8,17,5,3,5,2,0,1,1,0,0,0,0,0,13.29562688,52.49346292
8,8300934,2021,7,11,6,3,5,3,0,0,1,0,0,0,0,0,13.46173367,52.43080786
4,4300412,2021,8,16,5,2,2,7,0,1,1,0,0,0,0,0,13.28658439,52.51901987
5,5200630,2021,7,13,7,2,2,2,0,0,1,0,0,0,0,0,13.17813281,52.52537866
3,3601142,2021,8,8,5,3,5,2,0,1,1,0,0,0,0,0,13.40868956,52.54727876
11,11300722,2021,8,14,3,3,5,2,0,1,1,0,0,0,0,0,13.4846494,52.51394501
9,9501939,2021,8,19,1,3,0,1,0,0,0,0,1,0,0,0,13.56926841,52.45314426
9,9100408,2021,7,11,4,2,5,2,0,0,1,0,1,0,0,0,13.51431795,52.4464812
9,9401329,2021,8,22,1,2,5,3,2,0,1,0,0,0,0,1,13.59272507,52.428903
10,10300734,2021,7,13,7,3,2,6,0,0,1,0,0,0,0,0,13.56281981,52.49911133
7,7400826,2021,7,7,2,3,2,6,0,1,1,0,0,0,0,0,13.36183777,52.44720568
8,8100521,2021,8,18,6,3,5,3,0,1,1,0,0,0,0,0,13.46080555,52.46815734
12,12500825,2021,8,9,2,3,1,5,0,1,1,0,0,0,0,0,13.30835459,52.58491395
7,7601341,2021,8,18,6,3,0,1,0,1,0,0,0,0,0,1,13.38278229,52.403812
1,1100416,2021,7,16,2,3,5,3,0,1,0,0,0,0,0,0,13.40261263,52.53137195
2,2100104,2021,8,16,4,3,3,6,0,1,0,0,1,0,0,0,13.41018976,52.50293548
11,11200512,2021,7,11,5,2,5,7,0,0,1,0,0,0,1,0,13.46944777,52.54254841
1,1100312,2021,7,8,5,3,5,2,0,1,1,0,0,0,0,0,13.41420065,52.50808865
1,1300834,2021,8,17,4,3,6,7,0,1,0,1,0,0,0,0,13.3889028,52.54757158
6,6200313,2021,8,19,3,3,5,3,0,1,1,0,0,0,0,0,13.3403272,52.43625274
9,9200819,2021,7,14,3,3,5,3,0,0,1,0,0,0,1,0,13.56929864,52.44265342
9,9200715,2021,7,8,2,3,5,2,0,1,0,0,0,0,1,0,13.52729145,52.43195686
2,2400520,2021,8,7,2,3,5,2,0,1,1,0,0,0,0,0,13.42800076,52.52658323
2,2500833,2021,8,14,7,3,5,2,0,1,1,0,0,0,0,0,13.45885525,52.51142505
9,9100305,2021,8,6,3,3,6,4,0,0,0,1,1,0,0,0,13.49037102,52.46748427
10,10100209,2021,8,14,7,3,2,6,0,0,1,0,0,0,0,0,13.5733324,52.55172704
1,2100104,2021,7,16,5,3,5,3,0,1,1,0,0,0,0,1,13.41163447,52.5047844
9,9100305,2021,7,8,6,3,6,2,0,0,1,1,0,0,0,0,13.49136531,52.46914792
2,2400623,2021,8,5,5,3,5,3,0,1,1,0,0,0,0,0,13.42756374,52.51777709
3,3100103,2021,7,13,5,3,5,3,0,0,1,0,0,0,0,0,13.49641515,52.62884008
4,4501042,2021,8,13,5,3,0,7,0,0,0,0,1,0,1,1,13.33088675,52.50082157
6,6400844,2021,8,17,4,2,5,2,0,1,1,0,0,0,0,0,13.30427805,52.46011395
7,7400928,2021,8,7,3,3,5,2,0,1,1,0,0,0,0,1,13.42047743,52.46173528
7,7601236,2021,7,11,7,3,2,2,0,0,1,0,0,0,0,0,13.37164343,52.42358953
6,6400843,2021,8,12,1,3,5,3,0,0,1,0,0,0,0,0,13.28593589,52.44972637
2,2500835,2021,7,12,4,3,5,3,0,0,1,0,0,0,1,0,13.45197974,52.5036206
9,9200717,2021,8,7,3,3,5,3,0,1,1,0,0,0,0,0,13.55505453,52.44051813
1,1100309,2021,8,20,7,2,1,7,1,0,1,0,0,0,0,1,13.4024392,52.52830091
2,2300314,2021,7,13,7,3,3,6,0,1,0,0,0,0,1,0,13.42097037,52.50366607
1,1300732,2021,7,19,1,3,1,5,0,0,1,0,1,0,0,1,13.39522825,52.56169089
1,1100309,2021,7,13,6,3,1,5,0,1,1,0,0,0,0,0,13.40805932,52.52841236
4,4300416,2021,8,16,6,3,1,5,0,0,1,0,0,0,1,0,13.29454642,52.50503526
2,2300417,2021,7,16,3,3,5,3,0,1,1,0,0,0,0,0,13.42454737,52.49720355
9,9100407,2021,8,15,5,3,5,3,0,1,1,0,0,0,0,0,13.50813187,52.45294093
1,1100101,2021,8,19,4,3,2,6,0,0,1,0,0,0,1,0,13.34561015,52.50399987
2,2200210,2021,8,6,2,3,5,2,0,1,1,0,0,0,0,0,13.39583774,52.49783785
1,1200520,2021,7,17,4,3,3,6,0,1,0,0,0,0,0,0,13.34359534,52.53268995
2,2200209,2021,8,17,1,3,5,2,0,1,0,0,1,0,0,0,13.38232934,52.48984746
12,12500928,2021,7,2,1,2,1,1,2,0,1,0,0,0,1,0,13.30951071,52.60385905
9,9501736,2021,8,22,6,3,4,5,2,0,1,0,0,0,0,0,13.61135494,52.44816094
2,2300315,2021,8,5,2,3,2,6,0,1,1,0,0,0,0,0,13.42280368,52.49905285
1,1401045,2021,8,21,5,3,6,4,2,0,1,1,0,0,0,0,13.37311502,52.55661415
6,6100204,2021,7,18,2,3,2,6,0,0,1,0,0,0,0,0,13.34689564,52.45019566
5,5300736,2021,8,12,4,3,0,7,0,1,0,0,0,0,0,0,13.21689012,52.5377942
2,2200207,2021,7,17,4,3,5,2,0,1,1,0,0,0,0,0,13.37674034,52.49146784
8,8100419,2021,7,16,5,3,0,6,0,0,1,0,1,0,0,0,13.4538349,52.4824307
3,3400620,2021,8,10,3,2,5,3,0,1,1,0,0,0,0,1,13.38976687,52.57429414
7,7400823,2021,8,19,2,3,5,2,0,1,1,0,0,0,0,0,13.37810039,52.46632094
6,6100209,2021,7,11,3,2,5,2,0,0,1,0,1,0,0,0,13.33760952,52.45853574
8,8300934,2021,8,16,3,3,5,3,0,1,1,0,0,0,0,0,13.47246945,52.4314325
4,4500937,2021,8,15,1,2,2,6,0,1,1,0,0,0,0,0,13.28576766,52.49517539
1,1100308,2021,7,1,5,2,0,7,2,0,0,0,0,0,1,0,13.37490107,52.52305646
7,7400824,2021,8,20,1,2,0,2,1,1,0,0,0,0,1,1,13.3854192,52.46712304
2,2500728,2021,7,13,7,3,0,1,0,1,0,0,0,0,0,0,13.46472593,52.51458278
3,3200308,2021,7,9,1,3,2,6,0,1,1,0,0,0,0,0,13.43292781,52.59602231
4,4100101,2021,8,8,6,3,0,3,0,1,1,0,0,0,0,0,13.29120086,52.5396698
5,5400942,2021,8,12,2,3,1,5,0,0,1,0,0,0,0,0,13.1803112,52.49097486
5,5200631,2021,8,11,6,2,5,7,0,0,1,0,1,0,0,0,13.19777233,52.51780388
1,1300730,2021,8,21,4,3,5,2,2,0,1,0,0,0,0,0,13.36989499,52.55976787
12,12200412,2021,7,16,4,2,3,6,0,0,1,0,0,0,1,0,13.25804003,52.56796766
4,4501042,2021,7,8,5,3,5,3,0,1,0,0,0,0,1,0,13.33425693,52.50858676
4,4400726,2021,8,21,3,3,0,7,2,0,0,0,1,0,0,0,13.28413936,52.48538837
9,9200614,2021,8,11,3,3,2,1,0,0,1,0,0,0,0,0,13.53970339,52.45078295
4,4500938,2021,7,11,3,3,0,2,0,1,0,0,1,0,0,0,13.29879016,52.49530367
5,5100314,2021,7,7,2,3,5,3,0,0,1,0,1,0,0,0,13.20965838,52.55057614
8,8100312,2021,8,13,2,3,6,7,0,0,0,1,0,0,1,0,13.43203207,52.48631001
7,7300516,2021,8,0,6,3,5,7,2,1,1,0,0,0,0,0,13.32827774,52.46899098
1,1100415,2021,7,18,2,3,3,6,0,1,0,0,0,0,0,0,13.39724217,52.53248382
9,9200511,2021,8,16,3,3,5,2,0,1,1,0,0,0,0,0,13.5214103,52.46641281
3,3400831,2021,8,12,6,3,0,6,0,0,1,0,0,1,0,0,13.41873668,52.56913886
1,1200520,2021,7,11,6,3,5,2,0,1,1,0,0,0,0,0,13.34133656,52.53220016
4,4501149,2021,7,14,6,2,5,2,0,0,1,0,1,0,0,0,13.32654352,52.49115653
7,7601442,2021,8,8,4,3,5,2,0,1,0,0,0,1,0,0,13.39266186,52.41278668
10,10200629,2021,7,3,5,2,0,1,2,1,0,0,0,0,0,0,13.58270096,52.51862051
4,4501045,2021,8,17,5,3,5,2,0,1,1,0,0,0,0,0,13.33718413,52.49445467
11,11200411,2021,8,17,3,3,5,2,0,0,1,0,0,0,0,0,13.51002855,52.55039125
10,10300734,2021,8,15,3,3,3,6,0,1,1,0,0,0,0,1,13.56361415,52.49687036
1,1100102,2021,7,20,7,2,5,3,0,1,1,0,0,0,0,0,13.34888003,52.51512306
6,6100209,2021,8,18,1,3,5,2,0,1,1,0,0,0,0,0,13.33925251,52.45863881
7,7601340,2021,7,21,3,2,3,2,1,1,1,0,0,0,0,0,13.36223596,52.4122575
8,8401241,2021,8,7,3,3,5,3,0,0,1,0,0,0,0,0,13.48358908,52.43128531
8,8100314,2021,8,22,7,3,5,7,2,0,1,0,1,0,0,1,13.43486521,52.48302077
4,4501042,2021,7,19,6,3,6,4,0,0,0,1,0,0,1,0,13.33592086,52.5044393
11,11300725,2021,8,18,5,3,4,5,0,1,1,0,0,0,0,0,13.49899096,52.51713964
3,3601450,2021,7,15,6,2,5,3,0,1,0,0,1,0,0,0,13.46295402,52.53232396
2,2500835,2021,8,9,6,3,5,2,0,1,1,0,0,0,0,0,13.46473165,52.49754867
6,6300631,2021,8,11,2,2,5,3,0,1,1,0,0,0,0,0,13.28933031,52.4185369
5,5300735,2021,8,17,6,3,5,2,0,0,1,0,0,0,0,0,13.22724823,52.5494751
2,2400521,2021,8,10,4,3,0,2,0,1,1,0,0,0,0,0,13.43294756,52.5233412
3,3400721,2021,8,9,2,3,1,5,0,1,1,0,0,0,0,0,13.39711436,52.56686466
1,1300836,2021,7,17,5,3,2,6,0,0,1,0,0,0,0,0,13.37219505,52.53875982
11,11400930,2021,8,18,1,3,5,3,0,0,1,0,0,0,0,0,13.50997829,52.5034927
7,7400823,2021,7,22,1,3,5,3,2,0,1,0,0,0,0,0,13.37195366,52.46988473
3,3300517,2021,8,15,6,3,5,2,0,1,1,0,0,0,0,0,13.47693962,52.56699383
9,9200819,2021,8,22,2,3,0,3,2,0,0,0,1,0,0,1,13.56461433,52.43862734
4,4501040,2021,8,15,7,3,5,7,0,0,1,0,1,0,0,0,13.30500241,52.50359363
2,2200209,2021,7,21,3,3,5,2,2,0,1,0,0,0,0,0,13.38588286,52.48503318
9,9100407,2021,8,9,5,3,1,5,0,1,1,0,0,0,0,0,13.50707213,52.44849713
9,9501737,2021,7,10,4,3,3,6,0,0,1,0,1,0,0,0,13.62555253,52.45769556
9,9100304,2021,7,11,5,2,5,3,0,0,0,0,1,0,1,0,13.48569295,52.46444809
8,8100314,2021,8,18,3,3,7,7,0,1,1,0,0,0,1,1,13.43496188,52.4830941
2,2400521,2021,8,16,2,2,5,3,0,0,1,0,0,0,1,0,13.43290616,52.51791254
4,4200206,2021,7,1,4,3,0,7,2,0,1,0,0,0,0,0,13.24275868,52.50644817
9,9200715,2021,8,16,4,2,5,2,0,1,1,0,0,0,0,0,13.54146912,52.43539811
7,7400721,2021,7,9,3,3,2,2,0,0,1,0,0,0,0,0,13.38814566,52.48429007
2,2100105,2021,8,23,2,3,5,3,2,0,1,0,0,0,0,1,13.41392484,52.50036359
11,11501238,2021,8,0,7,3,0,1,2,1,0,0,0,0,0,0,13.47517101,52.50148917
5,5200420,2021,7,22,3,3,1,1,2,0,1,0,0,0,1,0,13.16903034,52.53359605
2,2400522,2021,8,18,3,3,3,6,0,0,1,0,0,0,0,0,13.4530997,52.51582666
1,1100416,2021,8,20,7,3,0,4,0,1,0,1,0,0,0,0,13.40341742,52.53222234
1,1200623,2021,7,20,5,3,2,2,1,0,1,0,0,0,0,0,13.35685422,52.53567669
2,2100104,2021,7,11,6,3,5,2,0,1,1,0,0,0,0,0,13.41030438,52.50378172
1,1300733,2021,8,7,4,3,5,2,0,1,1,0,0,0,0,0,13.39028849,52.55554788
5,5100211,2021,7,9,5,3,5,2,0,0,1,0,0,0,0,0,13.15784898,52.54308527
5,5200631,2021,8,14,5,3,1,5,0,0,1,0,0,0,0,0,13.1977747,52.52230911
9,9502043,2021,8,13,4,3,2,6,0,0,1,0,0,0,0,0,13.58365509,52.46295791
5,5100211,2021,8,15,3,3,5,2,0,1,1,0,0,0,0,1,13.15796142,52.54305989
1,1400942,2021,8,17,1,3,5,3,0,1,0,0,0,0,1,0,13.34875936,52.5485604
1,1300836,2021,7,8,4,3,5,2,0,1,1,0,0,0,0,0,13.37429227,52.54364632
1,1100101,2021,7,15,2,3,2,6,0,0,1,0,1,0,0,0,13.3412584,52.50502715
7,7100102,2021,8,11,2,3,2,6,0,0,1,0,0,0,0,0,13.35249909,52.49958794
2,2300316,2021,8,18,7,3,1,5,0,0,1,0,0,0,1,0,13.43789046,52.5031969
4,4501042,2021,7,17,2,3,2,2,0,1,0,0,0,0,0,0,13.33134375,52.50303438
4,4501045,2021,8,13,2,3,5,3,0,0,1,0,0,0,0,0,13.33108173,52.49536305
7,7100205,2021,8,10,7,3,5,3,0,1,1,0,0,0,0,0,13.36124669,52.49441903
1,1401045,2021,7,19,5,3,5,3,0,1,1,0,0,0,0,0,13.37964849,52.55293788
12,12500825,2021,7,11,6,3,2,6,0,0,1,0,0,0,1,0,13.31245668,52.58522893
3,3400723,2021,8,7,5,3,0,7,0,1,0,0,0,0,0,0,13.42186159,52.57325634
3,3300412,2021,7,9,4,3,5,3,0,1,0,0,0,0,1,0,13.47109026,52.61539997
4,4300619,2021,8,10,5,3,5,7,0,0,1,0,1,0,0,0,13.30654659,52.51811838
11,11100204,2021,8,15,5,2,6,4,0,0,1,1,0,0,0,0,13.52059151,52.56881806
1,1300732,2021,8,16,3,3,0,1,0,0,0,0,1,0,0,0,13.39132369,52.55728837
12,12400619,2021,8,21,1,3,8,1,2,0,1,0,0,0,0,0,13.26228189,52.59850441
2,2200213,2021,7,17,3,3,6,3,0,1,0,1,0,0,0,0,13.41943269,52.49000867
5,5200632,2021,8,10,3,3,6,7,0,0,1,1,0,0,0,0,13.2077798,52.52785511
4,4300620,2021,7,9,3,3,6,4,0,1,0,1,0,0,0,0,13.32725901,52.52026673
1,1401048,2021,8,22,7,3,0,7,2,0,1,0,0,0,0,1,13.36114961,52.54980677
3,3400725,2021,7,7,6,3,0,1,0,0,1,0,0,0,0,0,13.4276468,52.58765598
1,1100415,2021,7,23,6,3,1,5,2,1,0,0,0,0,1,1,13.3990157,52.53241965
8,8300934,2021,7,6,5,3,5,2,0,0,1,0,0,0,0,0,13.46001373,52.43187468
11,11200513,2021,8,10,6,3,6,4,0,0,1,1,0,0,0,0,13.49131516,52.54348903
8,8100419,2021,8,15,2,3,5,2,0,1,1,0,0,0,0,0,13.44889544,52.48508469