BEZ,LOR_ab_2021,UJAHR,UMONAT,USTUNDE,UWOCHENTAG,UKATEGORIE,UART,UTYP1,ULICHTVERH,IstRad,IstPKW,IstFuss,IstKrad,IstGkfz,IstSonstige,USTRZUSTAND,XGCSWGS84,YGCSWGS84
9,9200819,2021,8,19,6,3,0,5,0,1,0,0,0,0,0,1,13.56926647,52.44316915
8,8100206,2021,8,19,4,3,5,7,0,0,1,0,1,0,0,0,13.42466577,52.48412249
2,2500728,2021,8,16,2,3,6,4,0,0,1,1,0,0,0,0,13.46488166,52.51642377
6,6300634,2021,7,17,4,3,0,6,0,1,1,0,0,0,0,0,13.2961792,52.44345165
2,2100104,2021,8,9,2,3,5,2,0,1,1,0,0,0,0,0,13.41045283,52.50380109
6,6300524,2021,7,0,7,3,1,5,2,0,1,0,0,1,0,1,13.22975418,52.42825727
10,10400939,2021,8,16,6,3,6,2,0,0,1,1,0,0,0,0,13.61332431,52.50879441
4,4501148,2021,8,20,2,3,0,1,2,0,0,0,1,0,0,1,13.31314236,52.48043802
2,2100101,2021,8,14,6,3,6,4,0,0,1,1,0,0,0,0,13.382598,52.50457008
10,10100312,2021,7,17,2,2,5,3,0,0,1,0,0,0,1,0,13.5401224,52.52578212
5,5100208,2021,8,12,4,2,4,6,0,0,0,0,1,0,1,0,13.16518659,52.55079272
9,9100101,2021,7,20,5,2,5,2,0,1,1,0,0,0,0,0,13.45355265,52.48923963
4,4300517,2021,7,16,7,3,5,2,0,0,1,0,0,0,0,0,13.29741401,52.52648539
10,10100315,2021,8,13,4,2,2,2,0,0,1,0,1,0,0,0,13.57141074,52.54611727
4,4400833,2021,8,2,4,3,8,1,2,0,1,0,0,0,1,0,13.30323998,52.47525573
5,5200420,2021,7,18,4,2,2,7,0,0,1,0,1,0,0,0,13.17574352,52.53386308
6,6100103,2021,8,15,4,3,5,3,0,0,1,0,0,0,0,0,13.32059555,52.46444181
11,11300723,2021,8,17,3,2,5,3,1,1,1,0,0,0,0,0,13.4992242,52.52034669
8,8200624,2021,8,12,2,3,0,7,0,1,0,0,0,0,0,0,13.43575164,52.44937472
12,12200309,2021,8,18,7,3,5,2,0,1,1,0,0,0,0,0,13.32165966,52.5656588
1,1100309,2021,7,14,3,3,2,6,0,0,1,0,0,0,1,0,13.39962139,52.52369392
4,4501041,2021,8,11,3,3,1,5,0,1,1,0,0,0,0,0,13.31918156,52.50163993
8,8100415,2021,8,22,1,3,4,6,2,1,1,0,0,0,0,1,13.43626274,52.48016924
4,4501150,2021,7,13,7,3,6,7,0,0,1,1,0,0,0,0,13.32147021,52.48641564
2,2200207,2021,7,20,7,3,5,2,0,1,1,0,0,0,0,0,13.37675212,52.49143154
3,3701660,2021,8,1,5,3,2,7,2,1,0,0,0,0,1,0,13.43173667,52.53226285
6,6100101,2021,7,18,5,3,1,5,0,0,1,0,0,0,0,0,13.31425802,52.46473706
2,2100102,2021,8,17,5,2,5,2,0,1,1,0,0,0,0,0,13.39833978,52.50706645
8,8100209,2021,8,10,5,2,5,3,0,0,0,0,1,1,0,0,13.44360762,52.46425243
10,10400835,2021,8,15,3,3,5,3,0,0,1,0,0,0,1,0,13.59892867,52.52833695
12,12200414,2021,8,11,1,2,0,1,0,0,0,0,1,0,0,0,13.30801881,52.5566686
2,2100104,2021,7,7,4,3,5,3,0,1,1,0,0,0,0,0,13.41117219,52.50350606
7,7601237,2021,8,9,2,3,0,6,0,0,1,0,1,0,0,0,13.3740235,52.42429257
1,1100311,2021,7,19,2,3,0,6,0,1,0,0,0,0,0,0,13.41811759,52.51687749
2,2100104,2021,8,22,5,3,5,3,2,1,1,0,0,0,0,0,13.41223253,52.50307779
11,11300619,2021,7,11,1,2,6,4,0,0,1,1,0,0,0,0,13.47941111,52.52329536
10,10100314,2021,8,19,5,3,5,3,0,0,1,0,0,0,0,0,13.54885813,52.53400906
4,4500937,2021,8,17,2,3,5,7,0,0,1,0,1,0,0,0,13.29546861,52.49794155
8,8100102,2021,8,19,6,3,0,2,0,1,1,0,0,0,0,1,13.42675722,52.47617807
7,7601237,2021,7,14,2,3,0,5,0,0,0,0,1,0,1,1,13.37303744,52.410904
1,1100309,2021,8,18,4,3,5,3,0,1,0,0,1,0,0,0,13.40190352,52.52894178
11,11200515,2021,7,8,4,3,2,2,0,0,1,0,0,0,1,0,13.51209249,52.53813846
2,2200208,2021,7,0,5,3,5,3,2,0,1,0,0,0,0,0,13.38796125,52.49298772
1,1200624,2021,8,17,3,3,0,2,0,1,1,0,0,0,0,0,13.36033922,52.53724527
8,8200833,2021,7,16,3,3,0,1,0,0,0,0,0,0,1,0,13.44116395,52.42327198
7,7501029,2021,7,7,3,3,5,2,0,1,0,0,0,0,1,0,13.37591765,52.44324539
9,9200715,2021,8,14,2,3,2,2,0,0,1,0,0,0,0,0,13.52889945,52.42636337
7,7501031,2021,7,13,6,2,1,5,0,1,1,0,0,0,0,0,13.388703,52.45313619
1,1200623,2021,7,15,5,3,0,1,0,0,0,0,0,0,1,0,13.36164619,52.53099586
1,1200522,2021,8,8,5,3,5,3,0,1,1,0,0,0,0,0,13.32953604,52.52381158
4,4501043,2021,8,9,2,3,5,3,0,0,1,0,0,0,1,0,13.31511468,52.4908916
6,6400844,2021,8,4,5,2,1,5,2,0,1,0,0,0,0,0,13.2784617,52.46761637
12,12500824,2021,8,13,3,3,5,2,0,1,1,0,0,0,0,0,13.29231314,52.59059283
3,3501037,2021,7,16,5,3,0,5,0,1,1,0,0,0,0,1,13.47094188,52.55521458
10,10300731,2021,7,9,5,3,2,2,0,0,1,0,1,0,0,0,13.56421566,52.51974173
9,9100304,2021,8,20,2,3,5,2,1,1,1,0,0,0,0,0,13.48697769,52.46565053
9,9502043,2021,7,15,4,3,0,6,0,1,0,0,0,0,0,0,13.58148508,52.46050891
7,7400721,2021,7,14,6,3,0,6,0,0,1,0,1,0,0,0,13.39411601,52.48396924
7,7200308,2021,7,15,1,3,3,6,0,1,1,0,0,0,0,0,13.34498814,52.48454462
1,1300733,2021,8,14,6,3,2,6,0,0,1,0,0,0,0,0,13.38551686,52.55020495
4,4501148,2021,8,20,2,3,5,2,2,0,1,0,1,0,0,1,13.32034406,52.47882989
8,8100521,2021,8,8,6,3,5,3,0,1,1,0,0,0,0,0,13.45398195,52.46920539
5,5300839,2021,7,15,3,3,5,3,0,1,1,0,0,0,0,0,13.26044744,52.54521157
8,8200624,2021,7,12,5,3,5,3,0,1,1,0,0,0,0,0,13.43009115,52.45592091
2,2100104,2021,7,15,6,3,5,3,0,1,1,0,0,0,0,0,13.41118423,52.5035026
8,8100312,2021,8,11,4,3,2,6,0,1,1,0,0,0,0,0,13.43849435,52.488503
1,1100312,2021,8,10,4,3,6,4,0,1,1,1,0,0,0,0,13.41726292,52.5124356
4,4501042,2021,7,13,4,3,0,6,0,0,1,0,0,0,1,0,13.33207221,52.50590333
8,8100312,2021,7,19,7,3,2,6,0,0,1,0,0,0,1,0,13.43202853,52.48555103
6,6200422,2021,8,16,4,3,6,2,0,0,1,1,0,0,0,0,13.33500928,52.42101556
9,9200715,2021,8,15,4,3,5,2,0,0,1,0,0,0,0,0,13.53860644,52.43447103
8,8100207,2021,8,14,2,3,2,6,0,0,1,0,0,0,0,0,13.43767732,52.47877226
12,12200309,2021,8,15,7,2,5,7,0,0,1,0,1,0,0,0,13.32530909,52.56477957
4,4400830,2021,7,8,3,3,3,6,0,1,1,0,0,1,0,0,13.30472372,52.47989693
12,12200515,2021,8,20,3,3,5,3,1,1,1,0,0,0,0,0,13.28812605,52.58464795
2,2200210,2021,8,22,7,3,0,1,2,0,0,0,0,0,1,1,13.39524679,52.49637097
7,7601545,2021,7,9,7,3,5,3,0,0,1,0,0,0,0,0,13.41073543,52.3878944
10,10200524,2021,7,12,7,3,2,6,0,0,1,0,0,0,0,0,13.62451808,52.52972144
1,1100309,2021,8,8,5,3,2,6,0,1,1,0,0,0,1,0,13.40315029,52.52467874
12,12500930,2021,7,12,6,3,5,2,0,1,1,0,0,0,0,0,13.32363154,52.58719058
11,11100206,2021,7,18,6,3,5,2,0,1,1,0,0,0,0,0,13.50837931,52.57548121
12,12200412,2021,8,11,6,3,2,6,0,0,1,0,0,0,0,0,13.25492712,52.56253986
1,1100308,2021,8,20,4,3,6,4,1,1,1,1,0,0,0,0,13.38109619,52.53214455
6,6300633,2021,8,7,3,3,6,6,0,1,0,1,0,0,0,1,13.31563025,52.44459088
9,9401432,2021,8,14,7,3,3,6,0,0,1,0,1,0,0,0,13.59365119,52.44563951
9,9200511,2021,7,10,4,3,1,5,0,0,1,0,0,0,1,0,13.531031,52.46226152
1,1400938,2021,8,22,1,3,5,3,2,0,1,0,0,0,0,0,13.3478237,52.55100309
8,8200624,2021,7,5,2,2,5,2,0,0,1,0,1,0,0,0,13.43568383,52.45258576
10,10300733,2021,7,13,2,3,5,3,0,1,1,0,0,0,0,0,13.55726158,52.50715097
8,8100418,2021,8,7,6,3,5,3,0,1,1,0,0,0,0,0,13.45560072,52.47950646
11,11300724,2021,8,8,2,3,5,3,0,1,1,0,0,0,0,0,13.49037673,52.51517259
1,1100309,2021,8,19,6,3,6,4,0,1,0,1,0,0,0,1,13.40034897,52.52365042
1,1100207,2021,7,8,2,2,3,6,0,0,0,0,1,0,1,1,13.40241664,52.51189663
8,8100520,2021,8,20,4,3,5,3,1,1,1,0,0,0,0,0,13.46434047,52.47328137
8,8100209,2021,7,15,4,3,1,5,0,0,1,0,0,0,0,0,13.43572044,52.46429713
2,2400521,2021,7,6,5,3,3,6,0,0,1,0,1,0,0,0,13.42866432,52.51885234
2,2500833,2021,8,17,4,3,5,3,0,1,1,0,0,0,0,0,13.46316028,52.50823636
11,11400929,2021,8,7,3,3,5,3,0,1,1,0,0,0,0,0,13.48662164,52.5025237
2,2500831,2021,7,13,3,3,5,3,0,1,1,0,0,0,0,0,13.46314036,52.51146759
11,11300722,2021,7,15,2,3,5,2,0,1,1,0,0,0,0,0,13.48578706,52.52163479
10,10100315,2021,8,14,2,3,5,2,0,1,1,0,0,0,0,0,13.57112979,52.54588695
2,2500728,2021,8,12,7,3,0,1,0,1,0,0,0,0,0,0,13.46816003,52.52027492
6,6400735,2021,8,19,3,3,0,1,1,1,0,0,0,0,0,0,13.17963988,52.42193565
7,7601545,2021,8,20,7,3,6,7,1,0,0,1,0,0,1,0,13.40747878,52.39212034
1,1200517,2021,7,14,5,3,0,1,0,1,0,0,0,0,0,0,13.32761859,52.52430128
11,11501340,2021,7,17,6,3,6,4,0,1,0,1,0,0,0,0,13.5294331,52.48809675
10,10300734,2021,8,7,5,3,6,4,0,0,1,1,0,0,0,0,13.55970497,52.47952755
11,11400930,2021,7,14,5,3,2,6,0,0,1,0,0,0,0,0,13.51110813,52.50413718
4,4300623,2021,7,17,6,3,5,7,0,0,1,0,1,0,0,0,13.30476974,52.50563565
7,7200307,2021,8,19,5,3,1,5,0,0,1,0,1,0,0,0,13.33765931,52.48825447
12,12200309,2021,8,12,4,3,0,1,0,0,0,0,1,0,0,0,13.32949258,52.56329736
5,5200420,2021,8,17,3,3,5,3,0,0,1,0,0,0,1,0,13.17926018,52.53386418
7,7601544,2021,8,16,1,3,5,2,0,1,1,0,0,0,0,0,13.4068661,52.39377189
4,4501042,2021,7,15,3,3,1,5,0,1,1,0,0,0,0,0,13.33258972,52.50519193
6,6100207,2021,8,17,3,3,3,6,0,1,0,0,0,0,0,0,13.31954648,52.45331654
2,2400624,2021,8,2,7,3,5,3,1,0,1,0,0,0,0,0,13.4455844,52.51271236
11,11100102,2021,8,14,6,3,5,2,0,1,1,0,0,0,0,0,13.5563187,52.57040328
11,11401034,2021,8,14,2,3,5,3,0,1,1,0,0,0,0,0,13.52253559,52.5085618
11,11300722,2021,8,21,6,3,0,1,2,0,0,0,0,0,1,1,13.48536948,52.52318966
4,4200207,2021,7,18,5,3,3,6,0,1,1,0,0,0,0,0,13.26069772,52.48960264
1,1100102,2021,7,17,6,2,0,2,0,0,1,0,0,0,1,0,13.34998481,52.51380326
1,1200628,2021,8,9,3,3,0,2,0,0,1,0,1,0,0,1,13.35541485,52.5196923
10,10100311,2021,8,5,3,3,5,3,0,1,1,0,0,0,0,0,13.5194693,52.53536329
1,1300836,2021,7,9,5,3,0,5,0,0,1,0,1,0,0,0,13.37234533,52.5420971
7,7100205,2021,7,14,7,3,5,2,0,1,1,0,0,0,0,0,13.36193331,52.49798242
5,5300735,2021,8,13,5,3,5,2,0,0,1,0,0,0,0,0,13.22724673,52.54947457
1,1200629,2021,8,12,4,3,2,6,0,0,1,0,1,0,0,0,13.3417882,52.5216791
5,5100209,2021,8,7,2,2,5,3,0,1,1,0,0,0,0,0,13.17193779,52.55012454
1,1100309,2021,8,19,7,3,0,5,0,1,0,0,0,0,0,0,13.39610058,52.52416705
2,2200210,2021,7,7,3,3,5,3,0,0,1,0,0,0,1,0,13.39499028,52.49620075
5,5100313,2021,8,11,3,3,5,2,0,1,1,0,0,0,0,0,13.20978027,52.54789762
12,12400619,2021,8,21,7,3,9,1,2,0,1,0,0,0,0,1,13.24528393,52.61263707
5,5300840,2021,7,13,6,2,5,2,0,1,1,0,0,0,0,0,13.26497126,52.53655571
2,2300315,2021,7,6,7,3,0,1,0,1,0,0,0,0,0,0,13.42723119,52.49931088
8,8100314,2021,8,12,4,3,1,5,0,0,1,0,0,0,1,0,13.43563803,52.48091397
2,2300418,2021,7,22,5,2,3,6,2,1,1,0,0,0,0,0,13.44021269,52.49392567
7,7601443,2021,8,16,6,3,5,2,0,1,0,0,0,1,0,0,13.40675867,52.39852304
4,4300622,2021,8,2,4,2,0,7,2,1,0,0,0,0,0,0,13.31656766,52.51433553
1,1100313,2021,8,14,3,3,0,2,0,1,0,0,1,0,0,1,13.41724039,52.50676396
7,7601442,2021,8,20,1,3,5,2,1,0,1,0,0,0,0,0,13.40102484,52.41456007
7,7200308,2021,7,20,5,2,5,2,0,0,1,0,0,0,1,0,13.3450708,52.4845908
6,6100209,2021,8,13,1,3,5,2,0,1,1,0,0,0,0,0,13.33929526,52.45869916
1,1100313,2021,7,7,6,2,5,3,0,0,0,0,1,1,0,0,13.4219598,52.50512249
5,5200423,2021,7,7,7,3,5,3,0,0,1,0,0,0,0,0,13.15836418,52.53203765
6,6200311,2021,8,12,6,3,1,5,0,1,1,0,0,0,0,0,13.35845972,52.43411954
6,6400844,2021,8,7,2,3,5,7,0,1,1,0,0,0,0,0,13.27342284,52.4555881
1,1100102,2021,8,17,5,3,2,6,0,0,1,0,0,0,0,1,13.35070881,52.51251401
1,1100312,2021,7,9,2,3,2,6,0,0,0,0,1,0,1,1,13.40546166,52.50843115
12,12200309,2021,8,8,5,2,3,6,0,0,1,0,0,0,0,0,13.32916833,52.56737406
1,1100309,2021,7,12,4,3,5,2,0,1,0,0,0,1,0,0,13.40164761,52.52962423
1,1100207,2021,7,14,5,3,5,2,0,0,0,0,1,0,1,0,13.40013045,52.50953503
1,1100308,2021,8,10,4,3,5,7,0,1,1,0,0,0,0,0,13.38058225,52.52843678
2,2500726,2021,8,14,3,3,6,4,0,0,1,1,0,0,0,0,13.45319516,52.52367499
8,8200831,2021,7,14,3,3,6,7,0,0,1,1,0,0,0,0,13.4095735,52.41654601
1,1300836,2021,7,7,3,3,5,2,0,1,1,0,0,0,0,0,13.37464919,52.53732314
2,2100101,2021,8,11,2,3,2,6,0,0,0,0,1,0,1,0,13.38777323,52.50316004
1,1200517,2021,8,20,7,3,5,3,1,1,1,0,0,0,0,0,13.31938985,52.52824248
4,4200310,2021,7,17,2,3,3,6,0,0,1,0,0,1,0,0,13.27131075,52.50992788
3,3300411,2021,8,17,2,3,5,3,0,1,1,0,0,0,0,0,13.487884,52.61837836
1,1100309,2021,8,4,7,2,8,1,2,0,0,0,1,0,0,1,13.4020896,52.52364915
7,7501031,2021,7,14,6,3,2,6,0,0,1,0,1,0,0,0,13.40618387,52.45090432
9,9200717,2021,7,12,6,2,4,6,0,0,1,0,0,0,0,0,13.55808604,52.44147663
9,9401534,2021,8,13,5,3,1,5,0,1,1,0,0,0,0,0,13.57542124,52.44723107
2,2100104,2021,7,7,5,3,0,2,0,1,0,0,0,0,0,0,13.4079144,52.5043513
5,5200420,2021,8,15,5,3,3,6,0,0,1,0,0,1,0,0,13.18162798,52.53626715
3,3400830,2021,8,14,5,3,2,6,0,0,1,0,0,1,0,0,13.42829794,52.56957277
2,2200213,2021,8,15,3,3,0,3,0,1,0,0,0,0,0,1,13.41234104,52.49212697
4,4501152,2021,8,16,1,3,2,6,0,0,1,0,1,0,0,0,13.33102485,52.49064771
8,8200831,2021,7,12,3,3,5,2,0,1,1,0,0,0,0,0,13.41217302,52.41720329
11,11300721,2021,8,11,3,3,5,3,0,0,1,0,0,0,0,0,13.49142512,52.52654431
3,3300516,2021,8,13,7,3,0,3,0,0,1,0,1,0,0,0,13.44129819,52.5686144
12,12601235,2021,7,11,6,2,6,4,0,0,1,1,0,0,0,0,13.3538984,52.59656763
3,3601452,2021,8,9,5,3,6,7,0,1,0,1,0,0,0,0,13.45477843,52.52813094
2,2500835,2021,7,19,6,3,2,6,0,0,1,0,0,0,0,0,13.45827979,52.49974676
1,1400938,2021,8,19,6,3,1,5,0,0,1,0,0,0,1,0,13.34729536,52.55079881
4,4400727,2021,8,8,2,3,6,4,0,0,1,1,0,0,0,0,13.2938007,52.49125046
8,8100314,2021,8,4,5,3,5,3,1,0,1,0,0,0,0,0,13.42886992,52.48462573
1,1100207,2021,8,14,3,3,5,3,0,1,1,0,0,0,0,0,13.39891653,52.50822548
5,5200629,2021,8,9,2,2,3,6,0,0,1,0,0,1,0,0,13.19927212,52.53391857
6,6300525,2021,7,20,4,2,5,2,0,1,1,0,0,0,0,0,13.25017596,52.41857772
4,4400835,2021,8,22,1,3,1,5,2,0,1,0,0,0,0,1,13.31445549,52.47024531
6,6400735,2021,7,18,2,2,9,1,0,0,1,0,0,0,0,0,13.16165707,52.42034825
12,12500824,2021,8,15,6,3,5,3,0,1,0,0,1,0,0,0,13.28963023,52.59030275
4,4501042,2021,7,14,6,3,6,4,0,0,0,1,1,0,0,0,13.33876205,52.50259157
6,6300632,2021,7,13,6,3,5,3,0,0,1,0,0,0,0,0,13.2925357,52.42945647
7,7100102,2021,8,18,5,3,5,2,0,1,1,0,0,0,0,0,13.34631641,52.50032522
1,1100207,2021,8,17,4,3,5,3,0,0,1,0,0,0,0,0,13.39157212,52.51132602
9,9200511,2021,8,18,4,2,5,2,0,1,1,0,0,0,0,0,13.51703437,52.46176668
2,2100101,2021,8,8,2,3,5,2,0,1,0,0,0,0,0,0,13.38231258,52.50443787
1,1100308,2021,7,2,5,3,1,1,2,0,1,0,0,0,1,0,13.37215211,52.53239977
8,8200832,2021,8,12,2,3,2,6,0,0,1,0,0,0,0,0,13.43514201,52.42681941
11,11300725,2021,7,16,1,2,1,5,0,0,1,0,0,0,1,0,13.49975604,52.51442062
6,6200313,2021,8,12,6,3,2,6,0,0,1,0,0,0,0,0,13.34544577,52.43609956
3,3701554,2021,8,13,2,3,5,7,0,0,1,0,1,0,0,0,13.41084097,52.53964286
11,11300826,2021,8,8,5,3,5,3,0,1,0,0,0,0,0,0,13.48220923,52.50640373
9,9501939,2021,7,15,3,3,5,2,0,1,1,0,0,0,0,0,13.55800911,52.45571372
12,12100102,2021,8,10,5,3,5,2,0,1,1,0,0,0,0,0,13.378999,52.56830719
9,9200715,2021,7,9,4,3,0,7,0,1,0,0,0,1,0,0,13.53839345,52.43413555
1,1300732,2021,7,10,5,3,5,2,0,0,1,0,0,0,1,0,13.38615316,52.5587216
1,1100205,2021,8,16,4,3,5,2,0,1,1,0,0,0,0,0,13.37688341,52.51076861
6,6300525,2021,8,17,2,3,5,2,0,1,1,0,0,0,0,0,13.2673509,52.40896629
1,1100415,2021,7,19,4,3,1,5,0,1,1,0,0,0,0,0,13.39943152,52.53192
12,12400618,2021,8,11,4,3,5,2,0,1,1,0,0,0,0,0,13.24307003,52.61588175
6,6400737,2021,7,15,2,3,2,2,0,0,1,0,0,0,0,0,13.19111591,52.4347036
2,2200212,2021,8,19,2,3,0,2,0,1,0,0,0,0,1,0,13.40542353,52.48917317
11,11501340,2021,8,10,7,2,5,2,0,1,1,0,0,0,0,0,13.52709282,52.48656555
11,11300826,2021,7,17,2,3,5,3,0,1,1,0,0,0,0,0,13.48412298,52.50856839
1,1100310,2021,8,18,2,3,1,5,0,1,1,0,0,0,0,0,13.41043071,52.52505487
2,2300314,2021,8,10,7,3,3,6,0,1,1,0,0,0,0,0,13.4200806,52.5023887
11,11300724,2021,7,17,5,3,0,7,0,1,1,0,0,0,0,1,13.48806154,52.51840974
1,1100308,2021,7,14,6,3,5,2,0,1,1,0,0,0,0,0,13.38312422,52.53059981
1,1200623,2021,8,12,4,3,0,2,0,1,1,0,0,0,0,0,13.3573671,52.53593687
8,8401241,2021,7,14,4,3,2,6,0,0,1,0,0,0,0,0,13.47554151,52.4313345
7,7100102,2021,8,22,5,3,5,3,2,1,1,0,0,0,0,0,13.34575593,52.50006999
11,11501341,2021,8,19,5,2,6,4,0,0,1,1,0,0,0,0,13.52528947,52.4806776
11,11300620,2021,8,15,3,3,1,5,0,0,1,0,0,0,0,0,13.4827551,52.52532047
11,11200512,2021,8,18,1,3,1,5,0,1,1,0,0,0,0,0,13.48266841,52.54670649
11,11200513,2021,7,17,4,3,5,3,0,1,1,0,0,0,0,0,13.49360138,52.54476692
1,1401044,2021,8,4,2,3,8,1,1,0,1,0,0,0,0,0,13.37374657,52.55399228
11,11100204,2021,8,17,1,2,6,4,0,0,1,1,0,0,0,0,13.52179242,52.567094
3,3100101,2021,7,15,6,3,5,2,0,0,1,0,1,0,0,0,13.4419497,52.63648871
2,2300419,2021,8,10,5,3,2,6,0,0,1,0,0,0,0,0,13.4473785,52.49813769
2,2100101,2021,7,14,5,3,1,5,0,1,1,0,0,0,0,0,13.38705224,52.50065934
6,6100206,2021,8,7,6,3,5,2,0,0,1,0,0,0,0,0,13.33805815,52.45111607
9,9100409,2021,8,16,2,3,6,7,0,0,1,1,0,0,0,0,13.50836761,52.43276093
1,1100310,2021,8,17,6,3,6,7,0,0,0,1,0,0,1,0,13.41152815,52.52173202
7,7100205,2021,7,7,7,3,8,1,0,0,1,0,0,0,0,0,13.36598569,52.49345941
1,1300733,2021,8,21,4,3,5,2,2,1,0,0,0,0,0,0,13.39133638,52.55033697
8,8301036,2021,7,5,5,2,5,2,0,1,0,0,0,0,1,0,13.47316327,52.4231223
1,1200520,2021,7,17,5,3,4,6,0,0,1,0,0,0,0,0,13.33784538,52.52735856
8,8100417,2021,8,13,3,2,6,4,0,0,1,1,0,0,0,0,13.45333334,52.47350574
8,8100417,2021,7,13,4,3,5,3,0,1,1,0,0,0,0,0,13.45121277,52.47188999
2,2400625,2021,7,21,7,3,0,1,1,0,0,0,1,0,0,0,13.44692547,52.50753929
1,1100311,2021,8,20,6,2,3,6,1,1,0,0,0,0,0,0,13.41811702,52.51689576
1,1100312,2021,8,16,3,3,5,3,0,1,1,0,0,0,0,0,13.41637378,52.5110269
12,12200309,2021,8,22,6,3,8,1,2,0,1,0,0,0,0,1,13.32806177,52.56389818
7,7400824,2021,7,20,3,2,5,3,1,1,1,0,0,0,0,0,13.38544836,52.46712326
7,7200409,2021,8,10,4,3,1,5,0,1,1,0,0,0,0,0,13.35216341,52.48660772
5,5100316,2021,7,14,5,3,5,2,0,0,1,0,0,0,0,0,13.18726507,52.53677225
5,5300736,2021,7,17,7,3,5,2,0,1,1,0,0,0,0,0,13.21893788,52.53709477
4,4100102,2021,8,18,4,2,6,4,0,0,1,1,0,0,0,0,13.29855281,52.537054
4,4300620,2021,8,11,4,3,5,7,0,0,1,0,0,0,0,0,13.32765618,52.52076328
6,6100208,2021,7,20,4,3,1,5,1,0,1,0,0,0,1,0,13.33253992,52.45611308
2,2500727,2021,8,9,4,3,5,3,0,1,1,0,0,0,0,0,13.46028483,52.51594374
3,3400826,2021,8,16,3,3,5,7,0,1,1,0,0,0,0,0,13.40026486,52.55876536
2,2400522,2021,8,21,2,3,6,2,2,0,0,1,0,0,1,1,13.44663099,52.52131646
5,5300841,2021,8,20,7,3,0,1,1,0,0,0,1,0,0,0,13.2687523,52.53706645
7,7601442,2021,7,11,4,3,5,2,0,1,1,0,0,0,0,0,13.4012765,52.41462937
12,12200412,2021,8,22,3,3,5,2,1,0,1,0,0,0,0,1,13.29793028,52.5781131
4,4300619,2021,8,9,7,2,5,2,0,1,1,0,0,0,0,0,13.30298745,52.51865328
12,12500929,2021,7,14,7,3,5,3,0,1,1,0,0,0,0,0,13.34368894,52.61345695
2,2100102,2021,7,10,7,3,1,5,0,1,1,0,0,0,0,0,13.39059305,52.5062901
6,6300526,2021,8,13,5,3,6,4,0,0,0,1,0,0,1,0,13.25886567,52.43188476
1,1100416,2021,8,15,3,3,0,1,0,0,0,0,1,0,0,0,13.40519186,52.53408179
1,1100102,2021,8,15,7,3,0,2,0,1,1,0,0,0,0,0,13.37181786,52.50927518
4,4501042,2021,7,19,3,2,0,1,0,0,0,0,0,0,1,0,13.32926311,52.50324329
1,1100416,2021,8,7,4,3,5,2,0,1,0,0,0,0,0,0,13.4058379,52.53063956
7,7100205,2021,7,18,4,3,5,3,0,1,1,0,0,0,0,0,13.36696963,52.49330284
7,7601341,2021,7,11,5,3,5,7,0,0,1,0,0,0,1,0,13.36850143,52.40984639
4,4501040,2021,8,19,3,3,1,5,0,1,1,0,0,0,0,0,13.3108196,52.50138866
11,11200410,2021,8,17,2,2,6,4,0,0,1,1,0,0,0,0,13.51237249,52.55504688
9,9200715,2021,7,8,4,2,5,2,0,0,1,0,1,0,0,0,13.54654981,52.42636614
1,1400942,2021,8,10,4,3,5,3,0,0,1,0,1,0,0,0,13.35520954,52.54627077
8,8200623,2021,7,12,3,3,6,2,0,0,1,1,0,0,0,0,13.4387635,52.45260398
3,3601346,2021,8,13,2,3,1,5,0,1,1,0,0,0,0,0,13.41734281,52.54682249
3,3200310,2021,8,17,7,2,5,7,0,1,1,0,0,0,0,0,13.42020169,52.61098258
11,11300721,2021,7,13,3,3,5,2,0,1,1,0,0,0,0,0,13.50560819,52.53464035
5,5100211,2021,8,16,3,2,5,2,0,0,1,0,1,0,0,0,13.17816808,52.54884424
3,3300411,2021,8,17,1,3,6,4,0,0,1,1,0,0,0,0,13.49041848,52.62127766
1,1200627,2021,7,19,5,3,0,2,0,1,1,0,0,0,0,1,13.35667408,52.52515713
1,1200521,2021,7,1,6,2,0,1,2,1,0,0,0,0,0,0,13.32979066,52.52405669
8,8100416,2021,8,9,4,3,2,6,0,0,1,0,0,0,0,0,13.44749074,52.47589291
1,1100308,2021,7,17,6,2,0,1,0,1,0,0,0,0,0,0,13.38020641,52.51930551
12,12100102,2021,7,13,6,3,5,3,0,1,0,0,1,0,0,0,13.37804741,52.56891638
3,3500934,2021,8,15,5,3,2,6,0,1,1,0,0,0,0,0,13.4443062,52.5528383
10,10200423,2021,8,9,5,3,2,3,0,1,1,0,0,0,0,0,13.61668333,52.54086225
4,4400726,2021,8,13,3,3,5,3,0,0,1,0,1,0,0,1,13.2899947,52.48902984
1,1401045,2021,7,16,7,3,3,6,0,0,1,0,0,0,0,0,13.38250711,52.55586719
8,8200831,2021,8,12,1,3,5,3,0,0,1,0,0,0,0,0,13.41052556,52.4140348
4,4501042,2021,7,22,4,3,5,2,2,0,1,0,0,0,0,0,13.3394311,52.50313507
8,8300934,2021,8,15,1,3,2,6,0,0,1,0,1,0,0,0,13.45406647,52.4349553