BEZ,LOR_ab_2021,UJAHR,UMONAT,USTUNDE,UWOCHENTAG,UKATEGORIE,UART,UTYP1,ULICHTVERH,IstRad,IstPKW,IstFuss,IstKrad,IstGkfz,IstSonstige,USTRZUSTAND,XGCSWGS84,YGCSWGS84
5,5300736,2021,7,15,6,3,5,3,0,0,1,0,0,0,0,0,13.21798606,52.5384767
7,7200411,2021,8,12,5,3,6,4,0,1,0,1,0,0,0,0,13.36334179,52.48764469
12,12400723,2021,7,18,1,3,6,7,0,0,1,1,0,0,0,1,13.31196938,52.61510342
7,7100102,2021,8,7,6,3,2,2,0,1,1,0,0,0,0,0,13.35233879,52.49483748
6,6100210,2021,8,21,1,3,5,3,2,1,1,0,0,0,0,1,13.33907045,52.46453145
2,2400623,2021,8,16,6,3,8,1,0,0,0,0,0,0,1,0,13.42920249,52.50914845
8,8100314,2021,7,7,2,3,6,4,0,0,1,1,0,0,0,1,13.43470637,52.48120564
1,1100101,2021,8,7,4,3,0,7,0,1,1,0,0,0,0,0,13.34260148,52.50593162
11,11501341,2021,7,10,5,3,5,3,0,1,1,0,0,0,0,0,13.52415416,52.47782924
11,11300725,2021,7,15,5,3,6,4,0,0,0,1,0,0,1,0,13.49922231,52.5180492
5,5300737,2021,8,11,3,3,2,6,0,0,1,0,0,0,0,0,13.24419739,52.53851213
1,1300733,2021,7,7,4,3,5,2,0,1,1,0,0,0,0,0,13.39031873,52.55554541
6,6300633,2021,7,9,2,3,2,7,0,1,1,0,0,0,0,0,13.30337861,52.44111364
3,3200310,2021,8,22,6,3,6,4,2,0,1,1,0,0,0,0,13.42351874,52.61165355
6,6400736,2021,8,10,2,3,5,2,0,1,1,0,0,0,0,0,13.22935029,52.4264716
4,4501041,2021,8,10,6,3,2,6,0,0,1,0,0,0,0,0,13.31639644,52.50105383
4,4501042,2021,7,17,5,3,5,7,0,0,1,0,1,0,0,0,13.34041114,52.50406057
7,7601545,2021,7,16,6,3,1,5,0,1,1,0,0,0,0,0,13.41013389,52.38761585
11,11501340,2021,8,11,4,3,1,5,0,1,1,0,0,0,0,0,13.53951939,52.49129849
12,12100206,2021,8,11,3,3,2,6,0,0,1,0,0,0,1,0,13.33850955,52.57165097
5,5100207,2021,7,19,5,2,5,3,0,1,1,0,0,0,0,0,13.13030541,52.55068307
2,2400521,2021,7,10,7,3,5,3,0,1,0,0,0,0,1,0,13.42970568,52.5210915
4,4500939,2021,8,11,5,3,5,3,0,0,1,0,0,0,0,0,13.30443628,52.48845059
12,12200309,2021,8,16,4,3,6,2,0,0,1,1,0,0,0,0,13.32912876,52.56725446
1,1200522,2021,8,13,2,3,4,5,0,1,0,0,0,0,1,0,13.33903482,52.52385682
1,1100310,2021,8,6,7,3,0,1,0,1,0,0,0,0,0,0,13.41788882,52.52577741
8,8100102,2021,7,17,4,3,1,5,0,1,1,0,0,0,0,0,13.42532524,52.4799626
1,1100313,2021,8,8,3,3,5,3,0,1,0,0,0,0,1,0,13.41963636,52.50618391
7,7200414,2021,8,0,1,2,0,3,2,1,0,0,1,0,0,1,13.3638447,52.48513351
7,7601341,2021,7,16,6,3,5,3,0,1,1,0,0,0,0,0,13.38181477,52.39695237
5,5200418,2021,7,17,7,3,0,5,0,0,1,0,0,0,0,0,13.13958152,52.53988177
5,5300735,2021,8,7,4,3,0,1,0,0,1,0,1,0,0,0,13.22532246,52.54882764
6,6100101,2021,7,17,5,3,1,1,0,0,1,0,1,0,0,1,13.30861226,52.46340486
2,2300418,2021,8,12,6,3,5,7,0,0,1,0,0,0,1,0,13.43642471,52.49246117
4,4300517,2021,8,17,5,3,0,6,0,0,1,0,1,0,0,1,13.29711924,52.52669977
9,9200716,2021,8,15,3,3,0,1,0,0,0,0,1,0,0,0,13.54721907,52.43521468
6,6100103,2021,8,16,1,3,6,7,0,1,0,1,0,0,0,0,13.32525259,52.46017283
6,6100101,2021,7,10,4,2,1,7,0,0,1,0,0,0,0,0,13.31741342,52.45809115
4,4200203,2021,8,16,1,2,8,1,0,1,0,0,0,0,0,1,13.24936406,52.51598958
12,12100204,2021,7,11,3,3,5,2,0,0,1,0,0,0,1,0,13.35389955,52.56208997
10,10100311,2021,7,6,6,3,8,1,0,0,0,0,1,0,0,0,13.52352277,52.5360439
5,5200633,2021,7,5,2,2,5,2,0,0,1,0,1,0,0,0,13.18534628,52.51531525
9,9100304,2021,7,11,1,3,5,2,0,0,1,0,0,0,0,0,13.48116348,52.46079499
10,10100311,2021,8,22,6,2,5,7,2,1,0,0,0,0,1,0,13.52438591,52.5364036
8,8401243,2021,8,10,2,3,8,1,0,0,0,0,1,0,0,0,13.492348,52.42019456
1,1100309,2021,8,19,6,3,0,1,0,1,0,0,1,0,0,1,13.40831039,52.52736399
1,1200520,2021,7,0,1,2,0,7,2,0,0,0,0,0,1,0,13.33912923,52.53386987
7,7601340,2021,7,11,6,3,5,2,0,1,1,0,0,0,0,0,13.35493031,52.41329371
2,2500830,2021,8,18,5,2,0,7,0,1,0,0,0,0,0,0,13.45954917,52.51246007
3,3100103,2021,8,8,5,3,0,3,0,1,0,0,1,0,0,0,13.49306702,52.62386284
1,1100313,2021,8,6,3,3,5,3,0,0,1,0,1,0,0,0,13.4282097,52.50729506
10,10100311,2021,8,14,7,3,5,2,0,1,1,0,0,0,0,0,13.53373699,52.52572434
11,11501340,2021,7,11,4,2,5,7,0,0,1,0,0,0,1,0,13.52574689,52.482746
1,1100308,2021,8,4,1,3,1,5,2,0,1,0,0,0,1,0,13.37965669,52.52921851
7,7300619,2021,7,8,1,3,5,2,0,1,1,0,0,0,0,0,13.34746722,52.4705873
5,5200633,2021,7,11,2,3,2,6,0,0,1,0,0,0,0,0,13.187375,52.52058086
12,12400720,2021,8,8,6,3,2,6,0,1,1,0,0,0,0,0,13.27289891,52.63450958
9,9501737,2021,8,13,2,3,5,2,0,1,1,0,0,0,0,0,13.61879482,52.45556393
1,1100205,2021,8,13,6,3,3,2,0,0,1,0,0,0,0,0,13.37712543,52.51242367
7,7100102,2021,7,18,2,2,5,7,0,1,1,0,0,0,0,0,13.35081627,52.49863793
5,5300737,2021,8,1,4,3,0,1,2,0,0,0,0,0,1,1,13.23312914,52.54549352
3,3601245,2021,7,10,4,3,4,5,0,1,1,0,0,0,0,0,13.43485678,52.54654797
7,7200308,2021,7,8,5,3,2,2,0,1,1,0,0,0,0,0,13.34789196,52.47892633
11,11200514,2021,8,17,2,3,5,3,0,1,1,0,0,0,0,0,13.49866266,52.53839081
4,4300518,2021,7,12,3,3,5,2,0,0,0,0,1,0,1,1,13.30849322,52.52913208
11,11200410,2021,7,14,2,3,6,4,0,0,0,1,0,0,1,0,13.51191451,52.55465149
3,3400831,2021,8,23,6,2,9,1,2,0,1,0,0,0,0,0,13.42414844,52.57136468
2,2300316,2021,8,19,3,3,3,6,0,0,1,0,1,0,0,0,13.44202871,52.50103848
1,1100416,2021,8,21,6,3,0,1,2,1,0,0,0,0,0,1,13.40435891,52.53318855
5,5300737,2021,7,15,5,3,5,3,0,0,1,0,0,0,0,0,13.2469791,52.54415822
2,2400623,2021,7,17,6,3,2,1,0,0,1,0,0,0,0,0,13.4298046,52.51030089
2,2100106,2021,8,3,5,3,5,2,2,0,1,0,0,0,0,0,13.39967723,52.49841434
11,11300722,2021,7,12,5,3,1,5,0,1,1,0,0,0,0,0,13.47814638,52.51501299
4,4100101,2021,7,15,7,3,1,5,0,1,0,0,0,0,1,0,13.27977502,52.54100149
1,1100308,2021,8,15,5,3,2,6,0,0,1,0,0,0,0,0,13.37579245,52.52843079
6,6300528,2021,8,16,4,3,5,3,0,0,1,0,0,0,0,0,13.25483337,52.41829494
1,1100308,2021,8,17,3,3,5,2,0,1,0,0,0,0,1,0,13.37828902,52.52917249
3,3400618,2021,8,10,1,3,0,1,0,1,1,0,0,0,0,0,13.37318555,52.59829241
9,9401534,2021,7,12,4,3,3,6,0,0,1,0,1,0,0,0,13.58286716,52.4425143
1,1200626,2021,8,18,3,3,3,6,0,1,1,0,0,0,0,0,13.35649098,52.52377451
12,12100205,2021,8,12,1,2,0,1,0,0,0,0,1,0,0,0,13.34011883,52.58809309
9,9501737,2021,7,12,7,3,6,4,0,0,1,1,0,0,0,0,13.62642438,52.45693615
5,5100316,2021,7,14,1,2,9,1,0,1,0,0,0,0,0,0,13.20441841,52.540133
1,1200629,2021,8,14,5,3,5,7,0,0,1,0,0,0,0,0,13.34204264,52.51790525
7,7501030,2021,7,14,6,2,6,4,0,0,1,1,0,0,0,0,13.38541915,52.44680342
7,7100101,2021,8,19,5,3,0,1,0,0,0,0,1,0,0,0,13.34339283,52.5009703
9,9401635,2021,8,16,5,3,5,3,0,1,1,0,0,0,0,0,13.6569564,52.41524237
2,2200209,2021,8,16,4,2,5,2,0,1,1,0,0,0,0,0,13.37203367,52.48505339
6,6100206,2021,8,20,2,3,2,6,2,0,1,0,0,0,0,1,13.32821432,52.44637492
9,9100304,2021,7,14,4,2,6,4,0,0,1,1,0,0,0,0,13.48433517,52.46752089
2,2300316,2021,8,20,1,3,1,7,1,0,1,1,0,0,0,0,13.43890955,52.50049299
10,10400940,2021,7,15,1,3,4,1,0,1,0,0,0,0,0,0,13.60064214,52.47736513
4,4501148,2021,8,22,6,3,5,2,2,1,1,0,0,0,0,0,13.32034405,52.47890201
4,4300416,2021,8,15,2,2,5,2,0,1,1,0,0,0,0,0,13.30011941,52.5067542
2,2300316,2021,8,15,6,3,5,2,0,1,1,0,0,0,0,0,13.44228402,52.50101322
6,6400838,2021,7,16,2,3,1,5,0,0,1,0,0,0,1,0,13.25020626,52.45498204
6,6100210,2021,8,9,5,3,1,5,0,1,1,0,0,0,0,0,13.33985706,52.45952013
11,11200513,2021,7,22,4,3,5,3,2,0,1,0,0,0,0,0,13.4924535,52.5440832
4,1200522,2021,7,14,5,2,0,6,0,0,1,0,1,0,0,0,13.3289936,52.5225211
1,1100101,2021,8,0,4,3,0,1,2,1,0,0,0,0,0,0,13.34219295,52.50493283
1,1401045,2021,8,17,2,3,6,7,0,1,0,1,0,0,0,0,13.37726107,52.55385214
6,6200315,2021,7,12,6,3,0,6,0,0,1,0,1,0,0,0,13.34336773,52.42783595
4,4300415,2021,7,15,2,3,3,6,0,0,1,0,1,0,0,0,13.28879448,52.5092035
2,2300314,2021,8,8,2,3,5,3,0,0,1,0,0,0,1,0,13.42485067,52.50208765
1,1100312,2021,8,20,7,3,5,2,1,1,1,0,0,0,0,0,13.41646091,52.51098784
10,10200418,2021,7,11,2,3,5,2,0,0,1,0,0,0,0,0,13.59161992,52.54493232
8,8100105,2021,8,18,2,3,5,2,0,1,1,0,0,0,0,0,13.43117498,52.46774579
4,4300623,2021,8,15,6,3,5,7,0,1,1,0,0,0,0,0,13.31386565,52.5062885
12,12601031,2021,7,0,6,3,8,1,2,0,1,0,0,0,0,0,13.33549878,52.60267152
2,2400625,2021,7,20,6,3,5,2,1,1,1,0,0,0,0,0,13.44679646,52.50268697
6,6200421,2021,8,12,5,3,3,6,0,0,1,0,1,0,0,0,13.31268257,52.43043008
4,4200308,2021,7,17,4,2,1,1,0,0,1,0,1,0,0,0,13.25082481,52.52474754
5,5100315,2021,8,15,5,3,2,2,0,0,1,0,0,0,1,0,13.197053,52.54367436
12,12500824,2021,8,14,3,3,5,3,0,1,1,0,0,0,0,0,13.29164394,52.59574654
1,1100310,2021,7,6,4,3,5,2,0,0,1,0,0,0,0,0,13.41180163,52.52396699
3,3300516,2021,7,13,5,3,5,2,0,0,1,0,0,0,0,0,13.42924805,52.57195717
2,2100102,2021,8,20,3,3,5,2,1,1,1,0,0,0,0,1,13.39085553,52.504532
1,1100310,2021,8,20,2,3,3,6,0,0,1,0,0,0,0,0,13.41229157,52.52433926
1,1200628,2021,7,8,4,2,5,2,0,1,1,0,0,0,0,0,13.35564528,52.519722
8,8100206,2021,7,19,6,3,5,3,0,1,1,0,0,0,0,0,13.43468547,52.47870799
5,5200423,2021,7,18,2,2,5,2,0,0,1,0,0,0,0,0,13.14148464,52.53248877
1,1100308,2021,8,9,2,3,3,6,0,0,1,0,1,0,0,0,13.37769015,52.52899512
12,12400619,2021,8,15,7,3,0,2,0,0,1,0,1,0,0,0,13.25199,52.59990388
12,12500929,2021,8,19,2,3,8,1,0,0,1,0,0,0,0,0,13.35818044,52.62122847
11,11401136,2021,8,15,6,3,6,7,0,0,0,1,0,0,1,0,13.50883982,52.50087775
12,12500824,2021,7,9,6,3,2,2,0,0,1,0,0,0,0,0,13.29163995,52.59577248
7,7501135,2021,7,8,6,3,1,5,0,0,1,0,0,0,0,0,13.38968302,52.4207642
11,11300721,2021,8,5,4,3,0,7,0,0,0,0,1,0,0,0,13.50543058,52.53470133
12,12100205,2021,7,14,5,3,2,6,0,0,1,0,0,0,0,0,13.34341137,52.5888892
9,9501941,2021,7,16,7,3,5,2,0,1,1,0,0,0,0,0,13.58437785,52.45171019
8,8100102,2021,8,10,5,3,5,3,0,1,1,0,0,0,0,0,13.42401367,52.4772087
4,4100101,2021,8,17,3,3,0,3,0,0,1,0,1,0,0,0,13.31100513,52.54759702
5,5100210,2021,8,14,3,3,5,2,0,1,1,0,0,0,0,1,13.1887792,52.54682256
3,3400721,2021,8,16,7,3,1,5,0,0,1,0,0,0,0,0,13.39752027,52.56575904
4,4300518,2021,7,16,3,3,1,5,0,1,1,0,0,0,0,0,13.30627646,52.5217304
5,5100209,2021,8,6,3,3,5,3,0,0,1,0,0,0,1,0,13.17193939,52.55012737
8,8100103,2021,8,14,7,3,2,6,0,0,1,0,0,0,0,0,13.42812093,52.47345525
6,6300631,2021,7,15,6,3,1,1,0,1,1,0,0,0,0,0,13.29598819,52.42052695
1,1100310,2021,7,23,5,3,5,2,2,0,1,0,0,0,0,0,13.41182226,52.52396765
1,1100309,2021,8,21,5,3,6,2,1,0,1,1,0,0,0,0,13.40347026,52.52743985
8,8401139,2021,8,16,5,3,5,3,0,0,1,0,1,0,0,1,13.4584674,52.43348333
1,1100206,2021,8,18,4,3,3,6,0,1,0,0,0,0,0,0,13.38039411,52.51833741
10,10200524,2021,8,18,2,3,6,4,0,0,1,1,0,0,0,0,13.60994124,52.53435872
9,9501939,2021,7,16,4,3,6,7,0,1,0,1,0,0,0,0,13.57866378,52.45780079
10,10300734,2021,8,13,1,3,0,1,0,0,0,0,1,0,0,0,13.55968994,52.47936193
9,9200717,2021,7,7,6,3,5,3,0,0,1,0,0,0,1,0,13.5532749,52.43400046
9,9200715,2021,7,22,1,3,8,1,2,0,1,0,0,0,0,0,13.52882897,52.42636652
7,7200409,2021,8,15,6,3,1,5,0,1,1,0,0,0,0,0,13.35743397,52.48858702
1,1200628,2021,8,20,2,3,5,2,1,1,1,0,0,0,0,1,13.35710727,52.5235446
9,9501941,2021,8,15,7,3,5,2,0,1,1,0,0,0,0,0,13.58347422,52.45170351
2,2200210,2021,7,13,2,3,0,3,0,0,1,0,0,0,1,0,13.38976986,52.49263857
4,4300412,2021,8,16,4,3,5,2,0,1,1,0,0,0,0,0,13.28666463,52.518761
1,1100311,2021,7,13,4,3,5,2,0,1,1,0,0,0,0,0,13.41665912,52.51948597
11,11300620,2021,7,21,5,3,5,2,0,1,1,0,0,0,0,0,13.47862209,52.52868084
3,3300411,2021,8,15,4,2,6,4,0,0,1,1,0,0,0,0,13.48655638,52.61677441
4,4500939,2021,8,11,3,2,2,6,0,0,1,0,1,0,0,0,13.30172099,52.48827706
4,4300624,2021,7,12,4,3,5,3,0,0,1,0,0,0,1,0,13.3224854,52.50644579
1,1100308,2021,7,22,6,3,5,3,2,1,1,0,0,0,0,0,13.38020296,52.53286411
1,1400942,2021,8,14,4,3,3,6,0,1,0,0,0,0,0,0,13.34799169,52.5481557
4,4200311,2021,7,9,3,3,3,6,0,0,1,0,0,0,0,0,13.27782962,52.50680703
3,3601450,2021,8,7,2,3,2,6,0,1,1,0,0,0,0,0,13.45826896,52.53473511
5,5100315,2021,8,17,7,3,5,2,0,0,1,0,0,0,1,0,13.19849288,52.54285474
8,8200624,2021,7,17,3,3,5,3,0,0,1,0,0,0,0,0,13.4330902,52.45234202
1,1100415,2021,8,10,3,3,5,2,0,1,0,0,0,0,1,0,13.38523303,52.53126631
9,9200510,2021,8,19,1,3,2,6,0,0,1,0,0,0,0,0,13.51192725,52.47111401
1,1401047,2021,7,8,6,3,1,5,0,1,1,0,0,0,0,0,13.36097286,52.54528579
7,7501032,2021,7,15,6,3,5,3,0,1,1,0,0,0,0,0,13.40490001,52.44445534
3,3200205,2021,8,8,4,3,2,6,0,1,1,0,0,1,0,0,13.39830074,52.59238522
6,6300634,2021,7,8,5,3,5,2,0,1,1,0,0,0,0,0,13.28708317,52.43273553
4,4501148,2021,8,13,5,3,5,3,0,0,1,0,0,0,0,0,13.31583151,52.48184678
10,10100205,2021,8,12,5,3,5,2,0,1,1,0,0,0,0,0,13.54385545,52.55357476
1,1200628,2021,8,17,3,3,5,3,0,1,1,0,0,0,0,0,13.35696671,52.52381366
2,2500727,2021,8,12,1,3,1,5,0,0,1,0,0,0,1,0,13.45751525,52.52075518
3,3701554,2021,7,22,4,3,1,5,2,1,1,0,0,0,0,0,13.41069053,52.53949696
4,4300624,2021,8,19,2,3,0,2,0,0,1,0,1,0,0,0,13.32243588,52.5051162
2,2100102,2021,7,9,6,3,2,6,0,1,0,0,0,0,0,0,13.39477901,52.50069278
2,2400623,2021,7,19,6,3,0,1,1,0,0,0,0,0,1,0,13.43239316,52.51638008
5,5200632,2021,7,19,5,3,5,3,0,1,0,0,0,0,0,0,13.20445394,52.53023559
10,10400837,2021,8,18,6,3,1,5,0,1,1,0,0,0,0,0,13.56649619,52.48460303
12,12100103,2021,8,13,2,3,6,7,0,0,1,1,0,0,0,0,13.36210617,52.56871678
11,11200512,2021,8,16,6,3,0,3,0,1,1,0,0,0,0,0,13.47191028,52.53763717
4,4501044,2021,8,17,3,3,0,2,0,1,1,0,0,0,0,0,13.3195066,52.49208158
2,2500833,2021,7,6,5,3,5,3,0,1,1,0,0,0,0,0,13.45877336,52.51138754
2,2500832,2021,7,14,5,3,2,6,0,0,1,0,0,0,0,0,13.47554383,52.51200863
5,5200526,2021,8,5,4,3,2,6,1,0,1,0,0,0,0,1,13.16220147,52.52017485
12,12400723,2021,8,11,3,3,6,7,0,0,0,1,0,0,1,0,13.30866368,52.61790053
4,4501150,2021,8,19,1,3,0,1,0,1,0,0,0,0,0,0,13.32193461,52.48642173
11,11200514,2021,7,16,3,3,2,7,0,1,0,0,0,0,1,0,13.47799921,52.53613826
4,4200310,2021,8,11,3,3,5,7,0,1,1,0,0,0,0,0,13.273008,52.51318759
4,4400830,2021,8,10,1,3,5,2,0,0,1,0,1,0,0,0,13.30054244,52.48052198
8,8100104,2021,7,22,6,3,2,6,2,0,1,0,0,0,0,1,13.428976,52.47180428
2,2100102,2021,7,18,5,3,5,3,0,0,1,0,0,0,1,0,13.39595969,52.49842224
2,2500830,2021,8,18,6,3,1,5,0,1,1,0,0,0,0,0,13.45812886,52.5127106
4,4400726,2021,8,10,2,3,2,6,0,0,1,0,0,0,0,0,13.2851669,52.49418103
8,8401243,2021,8,13,6,3,5,3,0,0,1,0,1,0,0,0,13.49121357,52.4207309
4,4300412,2021,8,14,3,2,0,7,0,1,0,0,0,0,0,0,13.29572275,52.51933187
4,4500939,2021,8,19,2,3,5,3,0,0,1,0,0,0,0,1,13.30156389,52.49453833
12,12500927,2021,7,20,4,3,1,1,0,1,0,0,0,0,1,0,13.30575525,52.587094
8,8200623,2021,8,23,1,3,1,5,2,0,1,0,0,0,0,1,13.44270149,52.45660864
10,10100313,2021,7,12,4,2,9,1,0,0,1,0,0,0,0,0,13.55037846,52.54291039
12,12400618,2021,7,16,2,3,5,2,0,1,1,0,0,0,0,0,13.24415746,52.61500337
3,3200308,2021,8,13,6,2,5,2,0,1,1,0,0,0,0,0,13.42864826,52.59946464
1,1300730,2021,8,14,2,3,2,6,0,1,1,0,0,0,0,0,13.37061549,52.55908657
1,1401047,2021,8,13,7,3,1,5,0,1,1,0,0,0,0,0,13.35955218,52.54608928
3,3601142,2021,7,19,3,2,2,6,0,0,1,0,1,0,0,0,13.40648692,52.54101044
1,1100310,2021,8,13,4,3,3,6,0,0,1,0,1,0,0,0,13.41551819,52.51581431
4,4501043,2021,7,16,4,3,5,3,0,1,1,0,0,0,0,0,13.31511408,52.49089234
4,4500937,2021,7,11,5,3,0,6,0,0,1,0,0,0,1,0,13.29742241,52.49811363
4,4400729,2021,8,10,4,2,3,6,0,0,0,0,1,0,1,0,13.2617478,52.479476
6,6200311,2021,8,16,2,3,2,3,0,1,1,0,0,0,0,0,13.3585719,52.43421386
4,4100101,2021,7,19,5,3,5,3,0,0,1,0,0,0,1,0,13.28699463,52.54000714
7,7300619,2021,7,9,6,3,5,2,0,0,1,0,0,0,0,0,13.3488596,52.4590357
6,6300630,2021,8,7,4,3,1,5,0,0,1,0,1,0,0,0,13.31384857,52.43523305
5,5200421,2021,8,0,4,2,1,5,2,0,1,0,0,0,1,0,13.14345234,52.53449741
1,1100207,2021,8,6,2,3,5,3,0,1,0,0,0,0,1,0,13.39044218,52.50769435
8,8100209,2021,8,11,7,3,5,7,0,0,0,0,1,0,1,0,13.44522324,52.46388586
8,8100206,2021,7,12,3,3,2,6,0,0,1,0,0,0,1,0,13.43119506,52.48154771
4,4501153,2021,8,18,3,3,5,2,0,1,0,0,0,0,0,0,13.33281439,52.47981933
1,1100310,2021,8,13,1,3,2,6,0,0,1,0,0,0,0,0,13.40881573,52.51624994
4,4500936,2021,7,13,7,3,5,2,0,1,1,0,0,0,0,0,13.30384568,52.49941859
6,6200315,2021,7,11,7,3,0,7,0,0,1,0,0,0,0,0,13.33946588,52.42631861
11,11300620,2021,8,7,5,3,1,5,0,0,1,0,0,0,0,0,13.48543642,52.52883885
1,1400942,2021,7,16,5,3,1,6,0,0,1,0,0,0,1,0,13.34780949,52.54331654
4,4300415,2021,8,14,5,2,1,7,0,0,1,0,0,0,0,0,13.29218546,52.50506826
8,8401243,2021,8,12,5,3,2,2,0,1,1,0,0,0,0,0,13.49424423,52.41875443
1,1300836,2021,8,11,3,3,5,3,0,0,1,0,0,0,0,0,13.37197936,52.54013692
8,8100521,2021,8,13,1,3,5,3,0,1,1,0,0,0,0,0,13.47510543,52.46361964
1,1200520,2021,7,12,4,3,2,3,0,0,0,0,1,0,0,0,13.340016,52.53093109
5,5100316,2021,8,5,2,3,6,4,0,0,1,1,0,0,0,1,13.18869355,52.53718691
5,5100206,2021,7,18,2,3,5,3,0,1,0,0,0,0,1,0,13.15970913,52.55563965
7,7400721,2021,7,21,1,3,0,1,2,1,0,0,0,0,0,1,13.40027285,52.48379568
9,9200510,2021,8,7,6,3,2,2,0,1,1,0,0,0,0,0,13.50737572,52.4748873
4,4501042,2021,8,12,2,3,3,6,0,0,1,0,0,0,0,0,13.33316527,52.5057274
10,10300734,2021,8,10,5,3,0,3,0,0,1,0,0,0,1,0,13.56187494,52.50526762
8,8100102,2021,7,17,1,3,5,2,0,1,1,0,0,0,0,0,13.42113163,52.48032955
1,1401045,2021,8,18,4,3,2,6,0,0,1,0,0,0,0,0,13.37438395,52.55631445
9,9501838,2021,7,10,4,2,0,3,0,1,0,0,0,0,1,1,13.73056376,52.42743056
4,4200310,2021,7,16,5,3,3,6,0,1,0,0,0,0,1,0,13.26968374,52.51087515
4,4500937,2021,8,14,3,3,5,2,0,0,1,0,0,0,0,0,13.28678656,52.49581035
12,12200412,2021,7,12,3,3,5,3,0,0,1,0,1,0,0,0,13.29739661,52.57785935
8,8200725,2021,7,9,2,3,5,3,0,0,1,0,0,0,0,0,13.42077533,52.44086134
2,2500727,2021,8,19,6,3,5,3,0,1,0,0,0,0,0,0,13.46200628,52.51873623
5,5200631,2021,8,19,2,3,5,3,0,0,1,0,0,0,0,1,13.20313565,52.52310486
8,8100415,2021,8,18,6,2,0,3,0,1,0,0,0,0,0,0,13.44541477,52.47651805
4,4501045,2021,7,19,5,3,6,7,0,0,0,1,0,0,1,1,13.33070351,52.49832112
8,8200622,2021,7,15,6,2,1,5,0,1,1,0,0,0,0,0,13.43597928,52.45862822
12,12100101,2021,8,21,3,3,5,3,2,0,1,1,0,0,0,0,13.37703368,52.56074776
9,9501838,2021,8,15,4,3,6,7,0,1,0,1,0,0,0,0,13.71169339,52.43257297
1,1100310,2021,7,15,4,3,0,7,0,1,0,0,0,0,0,0,13.41836779,52.52600026
9,9502043,2021,7,10,7,3,2,6,0,0,1,0,0,0,0,0,13.56000854,52.46054129
8,8200622,2021,8,12,5,3,5,3,0,1,1,0,0,0,0,0,13.43481586,52.46205716
2,2200208,2021,8,13,4,2,5,3,0,1,1,0,0,0,0,0,13.38364689,52.493794
10,10400837,2021,8,22,2,2,4,1,2,0,1,0,0,0,0,0,13.56903551,52.47963822
4,4200311,2021,7,18,4,3,5,2,0,1,1,0,0,0,0,0,13.28149357,52.50842618
7,7100206,2021,7,19,1,3,2,6,0,0,1,0,1,0,0,0,13.37397616,52.49204325
3,3200309,2021,8,14,6,2,5,3,0,0,1,0,1,0,0,0,13.43238455,52.60481189
9,9200819,2021,8,17,2,3,2,6,1,0,1,0,0,0,0,1,13.56996103,52.44459263
2,2100101,2021,8,12,6,3,5,2,0,0,1,0,0,0,1,0,13.38153853,52.50504351
10,10200418,2021,7,6,3,3,4,5,0,1,1,0,0,0,0,0,13.58417487,52.54055705
1,1300732,2021,8,8,5,3,0,1,0,1,0,0,0,0,0,0,13.39276408,52.56411205
4,4300518,2021,7,17,5,3,2,6,0,0,1,0,0,0,0,1,13.30849256,52.52913198
7,7601341,2021,7,11,7,3,6,4,0,0,1,1,0,0,0,0,13.3624845,52.41226974
8,8200832,2021,8,1,4,3,1,5,2,0,1,0,0,0,0,0,13.41800929,52.4184532
5,5200423,2021,8,13,4,2,5,3,0,0,1,0,1,0,0,0,13.1545818,52.5330341
1,1200520,2021,7,19,5,2,0,1,0,1,0,0,0,0,0,0,13.34333819,52.52861931
7,7100204,2021,8,8,4,3,4,6,0,1,0,0,0,0,0,0,13.35497803,52.49037573
11,11300725,2021,8,9,4,3,5,3,0,1,1,0,0,0,0,0,13.49948684,52.5138422
11,11200513,2021,8,14,2,3,5,2,0,1,1,0,0,0,0,0,13.48650412,52.54098093
7,7400721,2021,8,11,7,3,3,6,0,0,1,0,1,0,0,0,13.39277204,52.48428353
12,12601032,2021,7,11,4,3,0,3,0,0,1,0,1,0,0,0,13.33590523,52.60708639
3,3400831,2021,8,17,3,3,5,2,0,0,0,0,1,0,0,0,13.42869187,52.57207053
8,8100206,2021,8,21,7,3,2,2,2,0,1,0,0,0,0,1,13.42930953,52.48131745
8,8100521,2021,7,15,6,3,5,3,0,0,1,0,0,0,0,0,13.452481,52.47056723
6,6100205,2021,7,4,7,3,0,1,2,0,1,0,1,0,0,0,13.35368994,52.44738862
8,8200725,2021,8,11,4,3,0,6,0,1,1,0,0,0,0,0,13.42126544,52.44275731
3,3300516,2021,7,17,6,3,0,1,0,0,0,0,1,0,0,0,13.44663133,52.56491158
3,3601141,2021,7,0,6,3,5,2,2,1,1,0,0,0,0,0,13.41472556,52.55356963
3,3200309,2021,8,10,5,3,1,5,0,1,1,0,0,0,1,0,13.4389366,52.60839104
8,8401242,2021,8,16,5,3,5,7,0,0,1,0,0,0,0,0,13.48921266,52.42074413
4,4100101,2021,8,15,3,3,5,2,0,0,1,0,0,0,0,1,13.32610912,52.538357