BEZ,LOR_ab_2021,UJAHR,UMONAT,USTUNDE,UWOCHENTAG,UKATEGORIE,UART,UTYP1,ULICHTVERH,IstRad,IstPKW,IstFuss,IstKrad,IstGkfz,IstSonstige,USTRZUSTAND,XGCSWGS84,YGCSWGS84
8,8301036,2021,8,23,1,2,5,2,2,0,1,0,0,0,0,0,13.4682128,52.42769437
3,3300516,2021,7,10,4,3,0,1,0,0,0,0,1,0,0,0,13.44416472,52.56850902
2,2400623,2021,8,14,1,3,5,3,0,1,1,0,0,0,0,0,13.42893903,52.51561402
10,10100315,2021,7,15,2,3,6,2,0,0,1,1,0,0,0,0,13.57025581,52.54198195
9,9200717,2021,7,12,2,3,0,1,0,1,1,0,0,0,0,0,13.5508255,52.43891661
2,2100101,2021,8,14,6,3,5,2,0,1,1,0,0,0,0,0,13.38245944,52.50448062
4,4501152,2021,8,12,2,3,0,1,0,0,0,0,1,0,0,0,13.33085038,52.48874567
10,10200629,2021,8,14,6,3,5,7,0,1,1,0,0,0,0,0,13.58645234,52.51883816
2,2500832,2021,7,14,1,3,2,6,0,0,1,0,0,0,0,0,13.47559397,52.51206158
12,12100205,2021,8,17,4,3,0,1,0,1,1,0,0,0,0,0,13.35289323,52.56792934
7,7300515,2021,7,12,4,3,5,2,0,1,1,0,0,0,0,0,13.3278483,52.47252163
2,2300419,2021,7,10,5,3,3,6,0,1,1,0,0,0,0,0,13.44061232,52.49956625
2,2500836,2021,8,10,3,3,5,2,0,1,1,0,0,0,0,0,13.47338524,52.49593344
11,11200410,2021,8,20,2,2,3,6,0,0,1,0,1,0,0,0,13.4948851,52.55975236
8,8100209,2021,7,12,3,3,5,3,0,0,1,0,0,0,0,0,13.43707284,52.46444516
8,8401244,2021,7,8,3,3,5,3,0,1,1,0,0,0,0,0,13.50151421,52.41369586
1,1100205,2021,8,8,2,3,1,5,0,1,1,0,0,0,0,0,13.38358407,52.51107888
11,11400929,2021,8,12,7,2,5,3,0,0,1,0,1,0,0,0,13.49242977,52.50109623
2,2100101,2021,8,14,2,3,5,2,0,1,0,0,0,0,1,0,13.38782671,52.50306012
1,1300834,2021,8,18,7,3,5,2,0,1,1,0,0,0,0,0,13.39434811,52.54741519
1,1100206,2021,7,15,6,3,5,3,0,0,1,0,1,0,0,0,13.38904838,52.52200058
1,1401046,2021,7,13,6,3,2,6,0,0,1,0,0,0,0,0,13.34630075,52.54009695
2,2200210,2021,8,9,5,3,5,3,0,0,1,0,0,0,1,0,13.39504095,52.49324294
4,4200203,2021,7,10,5,3,5,3,0,0,1,0,0,0,1,0,13.24000876,52.52576537
1,1100310,2021,8,23,5,3,0,1,2,1,0,0,0,0,0,0,13.41892493,52.52542682
5,5200629,2021,8,17,4,2,0,6,0,0,1,0,0,0,1,0,13.18649607,52.53425344
3,3701556,2021,8,14,3,3,5,3,0,1,1,0,0,0,0,0,13.41907613,52.53049413
4,4300518,2021,8,18,1,3,6,7,0,0,1,1,0,0,0,0,13.3133894,52.52404915
2,2200210,2021,7,18,4,3,3,6,0,0,1,0,1,0,0,0,13.38980857,52.49263104
1,1100308,2021,8,12,3,3,1,5,0,1,1,0,0,0,0,0,13.38116186,52.53209163
7,7100101,2021,8,21,7,3,6,2,2,0,1,1,0,0,0,1,13.3457043,52.4942471
9,9401329,2021,7,14,7,3,0,3,0,0,1,0,0,0,1,0,13.590296,52.43513974
2,2200211,2021,8,12,5,3,0,3,0,0,1,0,1,0,0,0,13.38724773,52.48996858
4,4500938,2021,7,16,6,3,5,3,0,1,1,0,0,0,0,0,13.29630048,52.4976128
2,2500728,2021,8,19,5,3,6,7,0,1,0,1,0,0,0,0,13.46775461,52.51510684
1,1100310,2021,8,20,4,2,0,1,1,0,0,0,1,0,0,0,13.405312,52.52219753
11,11200513,2021,8,17,4,3,5,3,0,0,1,0,0,0,0,0,13.49357754,52.54130154
4,4300622,2021,8,16,2,3,0,6,0,0,1,0,0,0,1,0,13.32936593,52.50537113
3,3300514,2021,7,10,4,3,2,6,0,1,1,0,0,0,0,0,13.45359851,52.59180476
2,2100101,2021,8,11,2,3,5,3,0,0,1,0,0,0,1,0,13.38252228,52.5045461
4,4300517,2021,8,13,2,3,5,2,0,0,1,0,0,0,0,0,13.29733433,52.52651781
3,3601245,2021,8,16,7,3,5,2,0,0,1,0,0,0,1,0,13.43384281,52.54958762
11,11300721,2021,7,15,3,3,3,6,0,0,1,0,0,0,0,0,13.48809465,52.53382988
7,7300619,2021,8,1,3,3,0,1,2,0,0,0,1,0,0,0,13.36019522,52.47531711
11,11100206,2021,8,12,1,2,6,4,0,1,0,1,0,0,0,0,13.50489309,52.57338549
12,12500825,2021,7,16,6,3,0,1,0,0,0,0,1,0,0,1,13.31207724,52.58506254
4,4500937,2021,7,19,1,3,6,4,0,0,1,1,0,0,0,1,13.29156247,52.49717256
3,3200206,2021,8,13,5,2,5,2,0,1,0,0,0,1,0,0,13.40613227,52.58168599
2,2400521,2021,7,11,5,3,5,3,0,1,1,0,0,0,0,0,13.44070112,52.5173234
10,10200423,2021,7,19,6,3,6,4,0,0,1,1,0,0,0,0,13.61963807,52.53990338
6,6200421,2021,8,19,5,3,3,6,0,0,1,0,1,0,0,0,13.31476,52.43058964
8,8200727,2021,8,15,5,2,5,3,0,0,1,0,1,0,0,1,13.45194184,52.43829664
1,1100103,2021,8,17,3,3,5,2,0,1,1,0,0,0,0,1,13.35226349,52.50529284
2,2500830,2021,8,14,7,3,5,3,0,0,1,0,1,0,0,0,13.45770376,52.51279907
6,6100204,2021,7,20,5,3,3,6,1,0,1,0,1,0,0,0,13.34859576,52.45368421
3,3601141,2021,8,20,1,3,0,7,1,1,1,0,0,0,0,1,13.41104537,52.55410633
5,5100316,2021,7,18,7,2,2,6,0,0,1,0,1,0,0,0,13.20775708,52.53870262
8,8200623,2021,8,11,5,2,5,3,0,0,1,0,0,0,0,0,13.45516295,52.45304788
1,1300836,2021,8,12,6,3,5,3,0,1,0,0,0,0,1,0,13.38333864,52.54858351
5,5200629,2021,8,12,2,3,2,6,0,0,1,0,0,0,0,0,13.19852011,52.53323469
7,7601442,2021,8,12,6,3,6,2,0,0,1,1,0,0,0,0,13.39258564,52.41268946
7,7200307,2021,7,15,1,3,5,2,0,1,1,0,0,0,0,0,13.34515132,52.48918161
1,1200626,2021,8,17,4,3,0,1,0,1,0,0,0,0,0,0,13.34853301,52.52197763
1,1200517,2021,7,13,4,3,0,7,0,0,1,0,0,0,0,0,13.34850504,52.53583145
8,8100311,2021,7,9,5,3,3,6,0,1,0,0,0,0,0,0,13.42666657,52.48744623
10,10100102,2021,8,14,4,3,5,2,0,0,1,0,0,0,0,0,13.56560394,52.57044474
7,7400823,2021,8,11,3,3,0,1,0,0,0,0,1,0,0,0,13.37767176,52.46566949
9,9200819,2021,7,11,2,3,5,3,0,0,1,0,1,0,0,0,13.56202984,52.43677678
11,11501339,2021,8,11,2,3,2,6,0,0,1,0,0,1,0,0,13.52717804,52.49200125
4,4501042,2021,8,13,7,2,0,1,0,1,0,0,0,0,0,0,13.33181344,52.5006393
12,12100101,2021,7,8,2,3,1,5,0,0,1,0,0,0,1,0,13.37076612,52.56063155
1,1300733,2021,8,19,3,3,3,3,0,0,1,0,0,0,1,0,13.38874903,52.55016874
3,3400618,2021,8,22,6,3,5,2,2,1,1,0,0,0,0,1,13.36843071,52.59733201
2,2500832,2021,7,17,5,2,2,6,0,0,1,0,1,0,0,1,13.47559397,52.51206158
2,2200212,2021,7,10,6,3,0,5,0,0,1,0,0,0,0,0,13.41299651,52.48828225
1,1100308,2021,8,10,5,3,0,1,0,1,0,0,0,0,0,0,13.37628666,52.52203511
1,1401046,2021,7,6,5,3,0,1,1,1,0,0,0,0,0,0,13.35596217,52.54322089
6,6300629,2021,8,12,5,3,6,4,0,0,1,1,0,0,0,0,13.30568687,52.44811345
9,9200511,2021,8,17,5,3,5,7,0,0,1,0,0,0,1,0,13.52375776,52.45968648
1,1300732,2021,8,18,3,3,0,1,0,1,0,0,0,0,0,1,13.38542571,52.55740316
1,3601142,2021,8,18,1,3,2,6,0,0,1,0,0,0,0,0,13.40352989,52.54038313
8,8200727,2021,7,12,4,3,5,7,0,0,1,0,1,0,0,0,13.4340177,52.44277026
10,10100209,2021,8,7,3,3,6,4,0,0,1,1,0,0,0,0,13.5735058,52.55221836
1,1401049,2021,8,3,1,3,0,7,2,0,0,0,0,0,1,1,13.37018884,52.55684547
5,5200631,2021,7,13,6,3,3,6,0,0,1,0,1,0,0,0,13.1978063,52.51929422
6,6400844,2021,8,14,5,3,0,5,0,0,1,0,0,0,0,0,13.29170595,52.46681537
4,4200311,2021,7,10,6,3,5,3,0,1,1,0,0,0,0,0,13.28108192,52.50767076
4,4400728,2021,8,7,6,3,5,2,0,1,1,0,0,0,0,0,13.28229885,52.48379139
9,9200715,2021,8,11,2,3,2,6,0,0,1,0,1,0,0,0,13.52683145,52.42810026
2,2500726,2021,8,16,6,2,5,3,0,1,1,0,0,0,0,0,13.45062546,52.52237738
8,8100311,2021,8,12,4,3,1,5,0,1,1,0,0,0,0,0,13.42780064,52.48905834
6,6300528,2021,8,9,2,3,2,6,0,0,1,0,0,0,0,0,13.2787062,52.430965
1,1200626,2021,7,15,4,3,0,5,0,1,0,0,0,0,1,0,13.35014599,52.52449955
1,1100308,2021,8,13,2,3,5,2,0,1,1,0,0,0,0,0,13.37589498,52.52855419
8,8100105,2021,7,21,6,2,6,2,2,0,1,1,0,0,0,0,13.43180003,52.46641441
1,1100309,2021,7,18,1,3,0,4,0,0,0,1,1,0,0,1,13.39685516,52.52396735
2,2200210,2021,8,7,6,3,5,3,0,1,1,0,0,0,0,0,13.3904752,52.49598026
5,5300839,2021,8,15,3,3,2,6,0,0,1,0,1,0,0,0,13.25962259,52.54673698
3,3601141,2021,8,22,6,3,9,1,2,0,1,0,0,0,0,1,13.41460059,52.55358284
1,1100308,2021,7,16,3,3,0,7,0,1,0,0,0,0,0,0,13.37714757,52.5281569
9,9401534,2021,8,7,4,3,1,5,0,1,1,0,0,0,0,0,13.57511226,52.44657238
2,2200210,2021,7,1,5,3,5,3,2,1,1,0,0,0,0,0,13.40298195,52.49412158
9,9301025,2021,7,17,5,3,5,3,0,1,1,0,0,0,0,0,13.57412491,52.39580075
11,11401136,2021,8,15,4,3,5,3,0,0,1,0,0,0,0,0,13.50599985,52.4971262
1,1300732,2021,8,16,2,3,5,2,0,1,1,0,0,0,0,0,13.38676497,52.55934089
11,11200410,2021,7,12,4,2,5,3,0,1,0,0,0,0,0,0,13.50861343,52.55956147
1,1100415,2021,7,8,6,3,2,6,0,0,1,0,0,0,0,0,13.38600472,52.53161421
7,7300515,2021,8,15,4,2,5,3,0,1,0,0,0,0,0,0,13.32646261,52.47644993
12,12200309,2021,7,10,3,3,3,6,0,0,1,0,0,0,0,0,13.33146654,52.56215169
5,5100312,2021,8,19,2,3,0,2,0,0,1,0,1,0,0,1,13.19895406,52.55403756
7,7501029,2021,8,16,7,2,5,3,0,0,0,0,1,0,1,0,13.3723195,52.44453234
1,1100312,2021,7,18,3,3,5,3,0,1,1,0,0,0,0,0,13.40535725,52.50827917
1,1100309,2021,6,14,4,3,0,5,0,0,1,0,0,0,1,0,13.40736737,52.52618612
5,5100208,2021,5,11,2,3,5,2,0,0,1,0,0,0,0,0,13.16538532,52.55117495
4,4300623,2021,6,14,2,3,2,7,0,0,1,0,1,0,0,0,13.31460081,52.51082784
2,2400521,2021,7,17,2,3,3,6,0,0,0,0,1,0,1,0,13.42832095,52.51894471
3,3500932,2021,7,19,6,3,5,2,0,1,1,0,0,0,0,0,13.45721725,52.56105319
4,4400832,2021,7,13,6,3,6,7,0,0,1,1,0,0,0,1,13.28992738,52.47349155
2,2200210,2021,6,9,5,3,0,1,0,0,0,0,1,0,0,0,13.39517129,52.49593983
4,4200308,2021,6,12,5,3,3,6,0,1,0,0,0,0,1,0,13.27935977,52.52384026
10,10200525,2021,6,12,2,3,5,3,0,1,1,0,0,0,0,0,13.61424964,52.53025589
1,1100310,2021,5,13,2,3,3,6,0,1,0,0,0,0,0,0,13.41404641,52.51572477
2,2300316,2021,6,19,6,3,5,2,0,1,0,0,0,0,0,0,13.43194689,52.5057655
10,10100102,2021,6,16,5,3,6,4,0,0,1,1,0,0,0,0,13.56752852,52.56980266
1,1200522,2021,7,6,6,3,5,2,0,1,1,0,0,0,0,1,13.32972665,52.52372366
4,4501148,2021,6,8,4,3,3,6,0,1,0,0,0,0,1,0,13.30815344,52.48396017
6,6400843,2021,5,17,6,3,6,4,0,0,1,1,0,0,0,0,13.28264948,52.44620467
8,8100419,2021,6,19,4,3,5,3,0,1,1,0,0,0,0,0,13.45406675,52.48249771
12,12500926,2021,7,0,2,3,1,5,2,1,1,0,0,0,0,0,13.33687276,52.5957473
1,1200517,2021,5,13,3,3,2,6,0,0,1,0,0,0,0,1,13.32938506,52.52385014
1,1200520,2021,6,12,3,3,1,7,0,0,1,0,0,0,0,0,13.34332239,52.53026554
5,5300736,2021,7,17,2,3,4,3,0,0,1,0,0,0,0,0,13.21919457,52.53717309
5,5100316,2021,7,14,3,3,2,7,0,0,1,0,0,0,0,0,13.20264048,52.54022241
10,10100312,2021,5,21,6,3,0,1,1,0,0,0,1,0,0,1,13.55046374,52.53352582
4,4501041,2021,6,11,4,3,0,6,0,0,0,0,0,0,1,0,13.31822847,52.50149437
1,1100206,2021,7,17,7,3,5,2,0,1,1,0,0,0,0,0,13.38042994,52.51813719
11,11300620,2021,6,13,3,3,5,7,0,0,1,0,0,0,1,0,13.47775431,52.53079973
4,4501151,2021,6,16,6,3,2,6,0,0,1,0,0,0,0,0,13.32615885,52.4787279
4,4200310,2021,6,9,3,3,5,3,0,0,1,0,0,0,0,0,13.27214918,52.50885571
5,5300840,2021,6,4,3,3,0,7,1,0,0,0,1,0,0,1,13.24810914,52.53511258
5,5100316,2021,6,18,7,3,2,6,0,0,1,0,0,0,0,0,13.20721165,52.53888049
4,4501045,2021,6,10,6,3,5,2,0,1,1,0,0,0,0,0,13.33108894,52.49515045
4,4500936,2021,7,15,6,2,0,1,0,0,0,0,1,0,0,0,13.30638565,52.50093745
9,9200715,2021,6,12,7,3,5,2,0,0,1,0,0,0,0,0,13.54125377,52.43535141
10,10200524,2021,5,15,3,1,6,4,0,0,0,1,0,0,1,0,13.60985766,52.53304456
8,8100311,2021,6,16,4,3,0,1,0,1,0,0,0,0,0,1,13.42761517,52.49040405
3,3400828,2021,7,15,3,3,5,2,0,0,1,0,1,0,0,0,13.42352503,52.55511712
10,10400837,2021,7,4,4,3,1,5,1,0,1,0,0,0,0,1,13.58634428,52.50174347
9,9200715,2021,6,14,5,3,2,6,0,0,1,0,1,0,0,0,13.52880472,52.4263676
2,2200210,2021,5,17,2,3,5,3,0,1,1,0,0,0,0,0,13.39646482,52.49146899
1,1100309,2021,6,10,5,3,3,7,0,1,1,0,0,0,0,0,13.39091128,52.52793191
9,9100407,2021,6,10,5,3,5,2,0,1,0,0,0,0,1,0,13.50878991,52.45226927
1,1100309,2021,6,16,3,3,1,5,0,1,1,0,0,0,0,0,13.39876195,52.52569773
4,4300619,2021,6,19,1,3,3,6,0,0,1,0,1,0,0,0,13.30485943,52.51805119
12,12500824,2021,6,7,4,2,5,3,0,1,1,0,0,0,0,0,13.2922957,52.59055003
10,10300731,2021,6,17,4,3,2,6,0,0,1,0,0,0,0,0,13.56006222,52.52950312
3,3500934,2021,6,15,2,3,6,4,0,0,1,1,0,0,0,0,13.4355541,52.55651181
7,7200412,2021,7,9,2,3,5,2,0,1,0,0,0,0,1,1,13.36313682,52.47618131
4,4501042,2021,6,23,7,3,5,3,2,0,1,0,0,0,1,0,13.32535225,52.50260861
1,1300733,2021,6,23,4,2,5,3,2,0,1,0,0,0,1,1,13.38413583,52.55604281
4,4100101,2021,7,6,5,2,5,2,0,0,1,0,0,0,1,0,13.29674188,52.54812406
1,1100310,2021,6,13,6,3,6,4,0,0,0,1,1,0,0,0,13.41789463,52.51465943
4,4500937,2021,6,14,2,3,2,2,0,0,1,0,0,0,0,0,13.29127181,52.49712746
5,5100210,2021,5,15,2,3,1,5,0,0,1,0,0,0,0,0,13.18902864,52.54665592
7,7400928,2021,6,15,6,2,5,2,0,1,1,0,0,0,0,0,13.41375924,52.45957812
6,6400839,2021,6,8,6,2,5,3,0,1,1,0,0,0,0,0,13.23003583,52.43388857
5,5100316,2021,6,15,3,3,2,2,0,0,1,0,0,0,0,0,13.19949502,52.53480218
2,2300315,2021,6,19,6,2,4,6,0,0,1,0,0,0,0,0,13.42466177,52.49979274
2,2300316,2021,6,20,2,3,5,2,0,1,1,0,0,0,0,0,13.44227926,52.50089493
1,1300835,2021,5,0,5,2,6,4,2,0,0,1,0,0,1,1,13.38536419,52.53840541
11,11401136,2021,6,10,4,3,5,3,0,1,1,0,0,0,0,0,13.51116894,52.49804545
1,1100310,2021,7,20,7,3,0,2,0,1,1,0,0,0,0,0,13.41293619,52.52357219
4,4200311,2021,5,16,2,2,9,1,0,0,0,0,1,0,0,0,13.27710326,52.50192424
2,2300419,2021,6,20,3,3,4,6,1,1,1,0,0,0,0,1,13.43326964,52.49890092
1,1200521,2021,7,12,3,2,6,7,0,1,0,1,0,0,0,0,13.32979136,52.52567807
2,2200211,2021,7,16,6,3,0,1,0,0,0,0,1,0,0,1,13.39575911,52.48895271
3,3601453,2021,6,14,2,3,5,3,0,1,0,0,0,0,0,0,13.46044016,52.52326641
1,1100310,2021,6,19,5,3,0,1,0,0,0,0,1,0,0,0,13.41024148,52.5239921
10,10200629,2021,6,15,6,3,5,3,0,1,1,0,0,0,0,0,13.58565862,52.52364928
7,7200414,2021,6,23,5,3,0,3,2,1,1,0,0,0,0,0,13.36800934,52.48507305
7,7601238,2021,6,10,2,3,5,2,0,1,1,0,0,0,0,0,13.3907008,52.41994554
4,4400729,2021,6,15,3,3,2,6,0,0,1,0,1,0,0,0,13.27984163,52.47591382
12,12200411,2021,6,3,1,3,8,1,2,0,1,0,0,0,0,0,13.32207991,52.56047922
1,1100313,2021,6,6,7,3,8,1,0,0,1,0,0,0,0,0,13.42629676,52.5056962
2,2300418,2021,7,19,7,3,5,5,0,1,1,0,0,0,0,0,13.43130064,52.4932616
7,7400927,2021,6,7,4,3,1,5,0,1,1,0,0,0,0,0,13.39248045,52.46459425
7,7100206,2021,6,13,6,3,2,6,0,0,1,0,0,0,1,0,13.37197178,52.49245082
1,1100308,2021,6,11,4,3,2,6,0,1,1,0,0,0,0,0,13.38295815,52.53064412
2,2100102,2021,5,16,2,3,2,6,0,0,1,0,0,0,0,0,13.39820827,52.50698877
8,8100103,2021,6,7,4,3,5,2,0,0,1,0,1,0,0,1,13.42719343,52.47520192
10,10400941,2021,7,8,2,3,5,3,0,1,0,0,0,0,1,1,13.60113996,52.47923633
6,6300633,2021,7,16,4,3,1,5,0,1,1,0,0,0,0,0,13.29757682,52.44291674
1,1400937,2021,6,19,4,3,0,5,0,1,1,0,0,0,0,0,13.33220149,52.54141272
8,8100312,2021,5,17,7,3,0,5,0,0,1,0,1,0,0,0,13.43649307,52.48358862
11,11400929,2021,6,16,5,3,0,1,0,1,0,0,0,0,0,0,13.49699121,52.50069712
9,9100304,2021,6,7,4,3,3,6,0,0,1,0,0,1,0,0,13.48474651,52.46366027
1,1300834,2021,7,22,6,2,2,6,2,0,1,0,0,0,0,1,13.39400351,52.54095188
6,6400838,2021,6,11,3,3,5,3,0,1,1,0,0,0,0,0,13.24394729,52.44596591
4,4300622,2021,6,21,1,3,2,6,1,0,0,0,0,0,1,0,13.32581411,52.50937193
3,3701555,2021,6,6,3,2,1,5,0,1,1,0,0,0,0,0,13.42039875,52.53845776
3,3601245,2021,6,0,4,3,8,1,2,0,1,0,0,0,0,0,13.43939377,52.54776192
1,1100207,2021,6,17,2,3,5,3,0,1,1,0,0,0,0,0,13.39211076,52.508763
5,5100317,2021,6,13,1,3,2,6,0,0,1,0,0,0,0,0,13.23156849,52.52773251
8,8100417,2021,7,23,1,3,5,3,2,0,1,0,1,0,0,0,13.45453071,52.47441979
2,2200213,2021,6,17,7,3,5,2,0,0,1,0,0,0,1,0,13.42377729,52.49045936
6,6300527,2021,6,12,1,3,5,3,0,1,1,0,0,0,0,0,13.28060869,52.43607239
7,7400823,2021,5,13,4,3,6,2,0,0,1,1,0,0,0,0,13.37571048,52.45580459
6,6200313,2021,6,14,4,3,2,6,0,0,1,0,0,0,0,1,13.34682901,52.43542671
3,3500935,2021,7,18,3,3,1,5,0,1,1,0,0,0,0,0,13.44741567,52.54737289
6,6100206,2021,7,15,5,3,0,2,0,0,0,0,0,0,1,1,13.33549066,52.45145696
2,1100102,2021,6,8,5,3,5,3,0,1,1,0,0,0,0,0,13.37403685,52.50374279
2,2400624,2021,5,18,1,3,5,3,0,1,1,0,0,0,0,0,13.44755048,52.51320359
11,11300617,2021,6,18,5,3,2,6,0,0,1,0,0,0,1,0,13.47577179,52.53285904
10,10300734,2021,6,13,5,3,5,2,0,0,1,0,1,0,0,1,13.56274473,52.49923487
1,1100310,2021,6,10,3,3,2,6,0,0,1,0,1,0,0,0,13.40685742,52.51859623
11,11200513,2021,6,19,6,3,1,1,0,0,1,0,0,0,0,0,13.49337931,52.54139519
7,7501029,2021,6,20,2,3,5,3,1,1,0,0,0,0,1,0,13.3728328,52.4447236
1,1100101,2021,5,17,5,3,5,3,0,1,1,0,0,0,0,1,13.34434572,52.50433723
9,9200715,2021,6,16,4,2,5,2,0,1,1,0,0,0,0,0,13.54142501,52.43543216
9,9501838,2021,5,19,1,3,0,1,0,1,0,0,0,0,0,0,13.68622747,52.44239522
7,7100102,2021,6,16,2,3,1,5,0,0,1,0,0,0,1,0,13.34828287,52.50060724
2,2300314,2021,7,21,2,2,2,6,1,1,0,0,0,0,1,0,13.41882199,52.50062446
4,4501148,2021,7,1,7,3,8,1,2,0,1,0,0,0,0,1,13.3168624,52.47821756
4,4501044,2021,6,10,2,3,1,5,0,1,1,0,0,0,0,0,13.31931924,52.49805446
3,3300517,2021,6,15,6,3,6,7,0,0,1,1,0,0,0,0,13.45829809,52.56882063
4,4501148,2021,6,14,3,3,6,2,0,0,1,1,0,0,0,0,13.32011628,52.47882123
7,7100102,2021,6,8,3,2,5,3,0,1,1,0,0,0,0,0,13.35299053,52.49933037
6,6200421,2021,6,17,7,3,1,5,0,1,1,0,0,0,0,0,13.31834614,52.43383684
12,12400617,2021,6,13,1,3,5,3,0,1,1,0,0,0,0,0,13.22698606,52.62595268
1,1100313,2021,7,13,1,3,0,1,0,0,0,0,1,0,0,0,13.41665317,52.51095599
2,2400625,2021,6,17,6,3,5,2,0,0,1,0,1,0,0,0,13.44141104,52.5074978
9,9301228,2021,6,11,1,3,5,2,0,1,1,0,0,0,0,0,13.6588901,52.37365228
7,7100101,2021,5,19,4,3,6,7,0,0,1,1,0,0,0,0,13.34251682,52.50215625
2,2100104,2021,6,10,4,3,5,2,0,1,1,0,0,0,0,1,13.40538484,52.50513995
1,1400937,2021,7,14,3,3,5,7,0,1,1,0,0,0,0,0,13.32794118,52.54128576
3,3300514,2021,7,12,4,3,2,7,0,0,1,0,0,0,0,1,13.45565165,52.59301212
10,10400938,2021,6,12,5,3,3,6,0,1,0,0,0,0,1,0,13.63990633,52.52738687
4,4100102,2021,5,21,1,3,3,6,1,0,1,0,1,0,0,0,13.29320931,52.53459197
12,12500929,2021,6,10,5,3,8,1,0,0,1,0,0,0,0,0,13.3666356,52.61850883
9,9401329,2021,6,17,4,3,5,2,0,1,1,0,0,0,0,0,13.5822876,52.43745201
4,4200310,2021,6,8,3,3,1,5,0,1,1,0,0,0,0,0,13.26525017,52.51374225
1,1100310,2021,6,18,7,3,2,6,0,1,0,0,0,0,0,0,13.41370882,52.52011266
11,11200512,2021,6,17,1,3,0,5,0,1,1,0,0,0,0,0,13.48589579,52.54864629
6,6200421,2021,6,14,3,3,0,7,0,0,0,0,1,0,1,0,13.31978879,52.43013768
1,1200522,2021,6,17,4,2,5,3,0,1,1,0,0,0,0,0,13.33782375,52.52547538
4,4300623,2021,6,14,2,3,2,6,0,0,1,0,0,0,0,0,13.30979544,52.50658023
9,9501737,2021,7,20,2,3,8,1,1,0,1,0,0,0,0,0,13.61965447,52.45575549
8,8100104,2021,6,19,4,2,2,6,0,0,1,0,1,0,0,0,13.42978788,52.47020462
1,1300733,2021,7,14,5,3,3,6,0,1,1,0,0,0,0,0,13.39013585,52.55525813
10,10100313,2021,7,16,5,3,5,2,0,0,1,0,0,0,0,1,13.55023195,52.54286661
6,6100205,2021,6,10,5,3,2,6,0,0,1,0,0,0,0,0,13.34623604,52.44964978
4,4400835,2021,6,18,5,3,0,3,0,0,1,0,1,0,0,0,13.31987114,52.46880644
5,5100315,2021,6,15,5,3,3,6,0,0,1,0,0,1,0,0,13.20095283,52.54154215
7,7300516,2021,6,17,2,3,1,5,0,1,1,0,0,0,0,0,13.32456428,52.4692576
2,2500835,2021,5,8,2,3,5,3,0,1,1,0,0,0,0,0,13.46302727,52.49951459
1,1401048,2021,6,16,6,3,6,4,0,0,1,1,0,0,0,0,13.36039301,52.54844813
4,4500937,2021,6,19,6,3,5,2,0,1,1,0,0,0,0,0,13.28766504,52.49606524
1,1100309,2021,6,18,3,3,5,2,0,1,0,0,1,0,0,0,13.40900881,52.52829707
9,9200715,2021,6,19,6,3,5,2,0,1,1,0,0,0,0,0,13.538636,52.43453173
2,2200208,2021,6,13,1,3,3,6,0,0,1,0,1,0,0,0,13.38363383,52.49379541
3,3300412,2021,5,7,6,2,5,2,0,1,1,0,0,0,0,0,13.46682482,52.61498553
11,11400931,2021,6,15,4,3,5,2,0,1,1,0,0,0,0,0,13.50591869,52.50892787
11,11501238,2021,7,15,7,3,5,3,0,1,1,0,0,0,0,0,13.50567758,52.48451682
5,5100316,2021,5,16,3,3,5,7,0,0,1,0,0,0,0,0,13.19317405,52.53592858
12,12500824,2021,6,9,3,3,1,5,0,1,1,0,0,0,0,0,13.29273805,52.59064
4,4501041,2021,7,14,3,3,2,2,0,0,1,0,0,0,1,0,13.31912697,52.49961743
6,6200423,2021,7,10,7,2,5,3,0,0,1,0,1,0,0,0,13.34176307,52.41601767
1,3400721,2021,6,13,2,3,2,2,0,0,1,0,0,0,0,0,13.39328164,52.5644887
9,9501939,2021,6,11,6,3,2,6,0,0,1,0,0,0,1,0,13.57248928,52.45130826
7,7400721,2021,6,18,5,3,5,2,0,1,0,0,1,0,0,0,13.37703862,52.47682876
7,7501030,2021,6,14,2,3,5,3,0,0,1,0,1,0,0,0,13.3822569,52.44671642
6,6400737,2021,6,12,3,2,5,3,0,1,1,0,0,0,0,0,13.18051041,52.41897553
1,1100310,2021,6,23,7,3,6,7,2,0,1,1,0,0,0,0,13.40077449,52.52104215
1,1100206,2021,6,12,7,3,0,1,0,1,0,0,0,0,0,0,13.39452601,52.51928335
2,2500726,2021,7,11,7,3,6,4,0,0,1,1,0,0,0,0,13.45279326,52.52672189
3,3300413,2021,6,17,4,3,9,1,0,0,0,0,1,0,0,0,13.47394637,52.60359465
2,2100102,2021,6,23,6,3,1,5,2,1,1,0,0,0,0,0,13.39298511,52.50686844
10,10400940,2021,5,9,4,3,5,3,0,0,1,0,0,0,0,0,13.5975008,52.50233583
1,1300836,2021,6,14,4,3,1,5,0,1,1,0,0,0,0,1,13.38046017,52.55158132
9,9200510,2021,7,12,2,2,1,7,0,0,1,0,0,0,0,0,13.50571254,52.46487978
6,6100205,2021,7,19,4,3,5,3,1,0,1,0,0,0,0,0,13.35734363,52.44852626