BEZ,LOR_ab_2021,UJAHR,UMONAT,USTUNDE,UWOCHENTAG,UKATEGORIE,UART,UTYP1,ULICHTVERH,IstRad,IstPKW,IstFuss,IstKrad,IstGkfz,IstSonstige,USTRZUSTAND,XGCSWGS84,YGCSWGS84
4,4500938,2021,6,13,4,2,0,1,0,1,0,0,0,0,0,0,13.30693027,52.49876811
11,11501339,2021,5,13,7,3,5,3,0,1,1,0,0,0,0,0,13.51960553,52.48739454
12,12100205,2021,6,11,5,3,9,1,0,1,0,0,0,0,0,0,13.34450438,52.58927215
9,9401635,2021,6,15,4,3,5,2,0,1,1,0,0,0,0,0,13.65692603,52.41522238
11,11200514,2021,6,17,4,3,5,2,0,1,1,0,0,0,0,0,13.49855805,52.5383354
12,12200310,2021,6,13,7,3,5,2,0,1,1,0,0,0,0,0,13.31040389,52.56795655
6,6100208,2021,6,8,4,3,6,3,0,0,1,1,0,0,0,0,13.33891305,52.45486186
1,1300835,2021,6,16,3,3,5,3,0,1,1,0,0,0,0,0,13.37985141,52.54017943
6,6400841,2021,6,8,2,3,5,3,0,0,1,0,1,0,0,0,13.26293992,52.43909267
4,4300622,2021,6,20,1,3,1,5,0,1,1,0,0,0,0,0,13.32801588,52.50671034
4,4501045,2021,7,12,1,3,1,5,0,0,1,0,0,0,1,0,13.33671626,52.49791055
10,10100103,2021,6,17,1,3,5,3,0,1,1,0,0,0,0,0,13.57292606,52.56691648
8,8100314,2021,7,20,5,2,5,3,1,1,1,0,0,0,0,0,13.43755412,52.48121991
3,3500934,2021,7,21,4,3,6,4,1,1,0,1,0,0,0,0,13.43121258,52.55207586
11,11100309,2021,7,8,4,3,2,6,0,0,1,0,0,0,0,1,13.50345091,52.56276246
10,10100312,2021,6,13,5,3,9,6,0,0,1,0,0,0,0,0,13.54864172,52.52790169
3,3601243,2021,6,13,5,2,5,2,0,1,0,0,0,0,1,0,13.42058021,52.54869434
1,1100205,2021,5,18,1,3,5,3,0,1,1,0,0,0,0,0,13.37931132,52.50703435
2,2200207,2021,6,9,6,3,0,3,0,1,1,0,0,0,0,0,13.3769224,52.49154327
6,6100102,2021,6,15,5,3,2,6,0,0,1,0,0,0,0,0,13.32306314,52.45642441
9,9100407,2021,6,18,3,3,6,4,0,0,0,1,0,0,1,0,13.50066346,52.43974635
2,2200209,2021,6,10,6,2,3,6,0,0,1,0,1,0,0,0,13.38562376,52.48495389
4,4300517,2021,6,15,2,3,5,3,0,0,1,0,1,0,0,0,13.30379988,52.52566472
3,3300514,2021,5,19,5,3,5,3,0,1,1,0,0,0,0,1,13.45360357,52.59177447
3,3601142,2021,6,17,4,3,3,6,0,1,0,0,0,0,0,0,13.40363553,52.54041164
1,1100415,2021,5,21,1,3,0,1,1,1,0,0,0,0,0,0,13.39853537,52.53255269
8,8200832,2021,6,11,2,3,2,6,0,0,1,0,0,0,0,0,13.4331664,52.42233641
11,11100203,2021,7,7,2,2,5,2,0,0,1,0,1,0,0,0,13.54010619,52.56530093
2,2200210,2021,6,17,5,3,3,6,0,1,1,0,0,0,0,0,13.39736962,52.4911294
7,7601442,2021,7,17,6,3,5,3,0,0,1,0,0,0,0,0,13.39401481,52.41107282
1,1100206,2021,7,14,6,3,2,6,0,1,1,0,0,0,0,1,13.38536581,52.51664751
2,2400623,2021,6,7,5,3,1,5,0,0,1,0,0,0,0,0,13.43239626,52.51638864
3,3701554,2021,6,20,2,3,3,6,0,0,1,0,1,0,0,0,13.41195586,52.53103937
5,5200629,2021,5,13,2,3,5,2,0,1,1,0,0,0,0,0,13.18581116,52.53422854
7,7601546,2021,6,15,6,3,6,7,0,1,0,1,0,0,0,0,13.39678094,52.38014105
9,9501736,2021,6,13,6,2,0,7,0,1,0,0,0,0,0,0,13.61643664,52.44686905
12,12500825,2021,7,11,6,2,5,3,0,0,1,0,1,0,0,0,13.31620097,52.58670209
5,5100314,2021,6,5,4,3,0,7,0,0,0,0,1,0,0,0,13.20741115,52.543573
5,5300736,2021,6,13,6,3,5,7,0,1,1,0,0,0,0,0,13.21355735,52.53858648
2,2500727,2021,6,12,2,3,1,5,0,1,1,0,0,0,0,0,13.46085422,52.51660855
4,4501042,2021,5,5,6,3,0,2,0,0,0,0,0,0,1,0,13.33215875,52.50599205
7,7501133,2021,6,14,4,3,0,7,0,0,1,0,1,0,0,0,13.38325844,52.43102058
1,1200628,2021,7,11,1,3,6,7,0,0,1,1,0,0,0,0,13.36825892,52.52403261
7,7200308,2021,5,15,3,3,5,3,0,1,1,0,0,0,0,0,13.34246907,52.48254788
1,1100102,2021,6,20,3,3,2,2,1,1,0,0,0,0,0,0,13.35016375,52.51372051
5,5100313,2021,7,15,2,3,2,6,0,0,1,0,0,0,1,0,13.20984904,52.55088529
3,3300413,2021,7,7,3,3,5,3,0,1,1,0,0,0,0,0,13.48329949,52.6118894
1,1100310,2021,7,17,7,3,2,6,0,1,1,0,0,0,0,0,13.41000453,52.52400309
1,1100207,2021,6,15,3,2,5,3,0,1,1,0,0,0,0,0,13.39026412,52.50768405
6,6400735,2021,6,8,6,2,5,2,0,1,1,0,0,0,0,0,13.13179774,52.39168848
6,6100204,2021,6,11,4,2,0,5,0,1,1,0,0,0,0,0,13.34770231,52.45066413
1,1300733,2021,7,0,6,3,5,2,2,0,1,0,0,0,0,1,13.38646211,52.54947218
4,4100102,2021,7,15,6,3,2,6,0,0,1,0,0,0,0,0,13.29433812,52.53436415
1,1100309,2021,6,12,5,3,0,5,0,1,1,0,0,0,0,0,13.40303526,52.52754859
4,4500939,2021,6,2,5,2,9,1,2,0,0,0,1,0,0,0,13.30776176,52.48858939
2,2400623,2021,6,17,2,3,1,5,0,1,1,0,0,0,0,0,13.43056676,52.51122329
1,1200520,2021,5,13,2,3,2,7,0,0,1,0,1,0,0,0,13.34317334,52.53068591
8,8401242,2021,6,17,6,3,5,3,0,0,1,0,0,0,0,0,13.48999914,52.42009612
7,7400823,2021,6,16,6,2,0,2,0,0,1,0,1,0,0,0,13.37825977,52.4670939
3,3701660,2021,6,7,4,3,5,3,0,1,1,0,0,0,0,0,13.43147359,52.5344167
10,10200629,2021,5,7,6,3,5,3,0,1,1,0,0,0,0,0,13.57454373,52.51312005
1,1100311,2021,6,18,4,3,5,2,0,1,1,0,0,0,0,0,13.41667332,52.51947206
5,5100313,2021,7,13,1,3,2,6,0,0,1,0,0,0,0,0,13.21019364,52.54870089
5,5200528,2021,5,19,3,2,5,2,0,0,1,0,0,0,0,0,13.18280761,52.51280983
4,4400835,2021,6,12,3,3,1,5,0,1,0,0,0,0,1,0,13.31525824,52.47202416
11,11100205,2021,7,14,3,3,5,3,0,1,1,0,0,0,0,0,13.5128257,52.57032917
8,8100417,2021,7,13,6,3,5,3,0,0,1,0,0,0,0,1,13.44778447,52.47112672
12,12400721,2021,6,16,2,3,5,3,0,1,1,0,0,0,0,0,13.29030402,52.63343475
11,11100308,2021,6,18,6,3,0,6,0,0,0,0,1,0,1,0,13.49381638,52.56499332
3,3601244,2021,6,10,3,3,5,2,0,0,1,0,0,0,0,0,13.42731274,52.55240952
5,5100316,2021,6,13,3,3,0,3,0,0,1,0,1,0,0,0,13.19967032,52.53456443
8,8100418,2021,6,10,7,2,5,3,0,0,1,0,0,0,0,0,13.4431971,52.48224644
8,8100313,2021,6,19,7,3,0,1,0,1,0,0,0,0,1,0,13.44628555,52.48636705
2,2400521,2021,7,10,7,3,5,3,0,1,0,0,0,0,0,0,13.43581197,52.51929385
6,4400835,2021,6,16,6,3,5,3,0,1,1,0,0,0,0,0,13.31056699,52.46702147
6,6400841,2021,6,12,2,3,2,6,0,0,1,0,0,0,0,0,13.26292219,52.43906971
11,11200515,2021,5,14,4,3,5,3,0,1,1,0,0,0,0,0,13.51323192,52.53948708
4,4300623,2021,6,12,4,3,5,2,0,1,1,0,0,0,0,1,13.3110799,52.50649399
1,1200624,2021,7,6,2,3,5,2,0,0,1,0,0,1,0,0,13.36030423,52.53727956
1,1300732,2021,7,11,4,2,6,2,0,0,1,1,0,0,0,1,13.39312992,52.56439834
2,2400623,2021,6,12,4,3,5,3,0,1,0,0,0,0,1,0,13.43063474,52.51110572
11,11200513,2021,5,15,7,3,1,5,0,1,1,0,0,0,0,0,13.49521456,52.54432712
8,8100105,2021,6,16,5,3,4,6,0,0,1,0,0,0,1,0,13.42406092,52.46353729
7,7100205,2021,6,8,4,3,5,3,0,1,0,0,0,0,1,0,13.36119418,52.49442354
8,8200831,2021,6,10,3,3,5,7,0,0,1,0,0,0,1,0,13.41287115,52.42124926
9,9200510,2021,6,15,7,3,5,2,0,1,1,0,0,0,0,0,13.50774,52.47487986
5,5300841,2021,6,6,3,2,3,6,0,0,1,0,1,0,0,0,13.26965696,52.53655834
10,10200420,2021,6,14,4,2,6,4,0,0,1,1,0,0,0,0,13.588903,52.53775007
3,3400828,2021,6,13,2,3,5,3,0,1,0,0,0,0,0,0,13.42757047,52.56063715
1,1100207,2021,6,18,1,3,5,3,0,0,1,0,0,0,0,0,13.39028855,52.50859326
11,11400927,2021,7,1,1,2,0,1,2,1,0,0,0,0,0,0,13.47810921,52.50653756
6,6400841,2021,6,14,7,3,1,5,0,0,1,0,0,0,0,0,13.25929636,52.43929388
8,8300935,2021,7,17,5,3,2,6,0,0,1,0,0,0,0,1,13.45911941,52.42242904
2,2200209,2021,7,17,5,3,3,6,0,1,0,0,0,0,0,0,13.3769905,52.48503105
8,8100312,2021,6,10,5,3,2,6,0,0,1,0,0,0,0,0,13.4351366,52.4840709
2,2400521,2021,6,7,2,3,0,1,0,1,0,0,0,0,1,0,13.43658125,52.52347676
3,3200310,2021,5,18,1,2,5,2,0,0,1,0,1,0,0,0,13.42612443,52.60762676
8,8100314,2021,6,12,6,3,1,5,0,1,1,0,0,0,0,0,13.42892616,52.48616205
8,8401241,2021,6,17,4,3,2,6,0,1,1,0,0,0,0,0,13.47007405,52.43496462
3,3100103,2021,6,9,3,3,6,2,0,0,1,1,0,0,0,0,13.49669624,52.63463496
5,5100105,2021,6,20,2,3,5,3,0,0,1,0,0,0,0,0,13.20652522,52.56015303
9,9501737,2021,6,20,2,3,5,3,0,1,0,0,0,0,0,0,13.63684702,52.45072482
1,1400937,2021,5,16,5,2,0,7,0,0,1,0,0,0,0,1,13.33368118,52.56075361
1,1100309,2021,6,17,4,3,0,6,0,1,1,0,0,0,0,0,13.40381896,52.52601889
8,8100208,2021,5,14,2,3,5,3,0,1,0,0,0,0,1,0,13.44010467,52.47373977
1,1300733,2021,6,15,2,3,0,7,0,1,0,1,0,0,0,0,13.39383211,52.5545088
4,4501042,2021,7,16,2,3,5,3,0,1,0,0,0,0,1,0,13.33277375,52.50639306
5,5100211,2021,7,19,6,3,5,2,0,0,1,0,1,0,0,0,13.17807024,52.54875064
8,8100415,2021,7,20,6,3,1,5,0,1,1,0,0,0,0,0,13.43885295,52.48038713
7,7601544,2021,6,10,6,3,5,2,0,0,1,0,0,0,0,0,13.40682393,52.39376926
9,9200715,2021,6,1,5,2,0,1,2,1,0,0,0,0,0,0,13.52723437,52.4377344
6,6300631,2021,6,13,2,2,0,1,0,1,0,0,0,0,0,0,13.30047192,52.4209194
2,2500832,2021,5,8,2,3,5,2,0,1,1,0,0,0,0,0,13.4754569,52.51191282
3,3400828,2021,6,13,6,3,6,7,0,0,0,1,0,0,1,0,13.42380328,52.55394929
9,9200716,2021,6,13,6,3,5,2,0,1,1,0,0,0,0,0,13.54496879,52.43676992
4,4400727,2021,7,7,6,3,5,2,0,1,1,0,0,0,0,1,13.28776287,52.48088847
1,1100310,2021,6,7,4,2,5,7,0,0,1,0,1,0,0,0,13.41201316,52.51586411
10,10100311,2021,6,12,6,2,6,4,0,0,0,1,0,0,1,0,13.51933205,52.5287794
6,6200316,2021,5,19,6,3,0,7,0,1,0,1,0,0,0,0,13.35625139,52.42871435
10,10300731,2021,6,6,5,3,5,3,0,1,1,0,0,0,0,0,13.55805194,52.52969099
9,9100304,2021,7,3,1,2,9,1,2,0,1,0,0,0,0,0,13.48013714,52.45987137
2,2400623,2021,5,7,3,3,5,3,0,1,0,0,0,0,0,1,13.43092164,52.51280238
1,1100207,2021,6,15,3,3,5,3,0,0,1,0,0,0,0,0,13.39036254,52.50766857
2,2500726,2021,7,18,2,3,5,2,0,1,0,0,0,0,1,0,13.45071869,52.52712195
1,1200518,2021,7,10,3,3,1,5,0,0,1,0,0,0,0,0,13.32767732,52.52489325
5,5200629,2021,5,6,6,3,6,4,0,0,1,1,0,0,0,1,13.19380612,52.53366821
7,7200308,2021,6,14,4,3,2,6,0,1,1,0,0,0,0,0,13.34490174,52.48208997
4,4300518,2021,7,13,7,2,0,1,0,1,0,0,0,0,0,0,13.3065051,52.52894163
4,4100102,2021,6,21,2,2,5,2,1,0,1,0,0,0,0,0,13.29750069,52.53457557
5,5100314,2021,6,15,6,2,6,4,0,0,0,1,1,0,0,0,13.20557031,52.54155041
10,10100104,2021,6,13,3,3,6,4,0,0,1,1,0,0,0,0,13.57877297,52.56399546
1,1200522,2021,6,10,3,3,1,5,0,1,1,0,0,0,0,0,13.33471072,52.52463867
8,8100209,2021,6,0,1,3,5,3,2,0,1,0,0,0,0,0,13.43645994,52.4669612
2,2200210,2021,6,16,6,3,2,6,0,1,1,0,0,0,0,0,13.39496757,52.49351379
8,8200623,2021,7,11,7,3,5,2,0,0,1,0,0,0,0,0,13.45442324,52.45292808
1,1400937,2021,6,16,7,3,1,5,0,1,1,0,0,0,0,0,13.33136958,52.54137262
1,1100103,2021,5,11,4,3,2,6,0,0,1,0,0,1,0,0,13.35206825,52.50528038
12,12500927,2021,6,20,3,3,5,3,0,1,1,0,0,0,0,1,13.32618424,52.59170733
1,1200520,2021,7,13,3,3,0,6,0,0,1,0,1,0,0,0,13.34331664,52.526553
5,5200630,2021,7,9,4,3,2,6,0,0,1,0,0,0,0,1,13.19285484,52.5209992
1,1200517,2021,6,10,5,2,5,3,0,0,1,0,1,0,0,0,13.31955532,52.52835903
9,9300923,2021,5,14,1,3,5,3,0,0,1,0,0,0,0,0,13.53818109,52.39990461
1,1100101,2021,6,17,5,2,5,2,0,1,0,0,1,0,0,0,13.34950375,52.50847426
10,10400938,2021,6,20,5,2,5,3,0,0,0,0,1,0,1,0,13.61755004,52.52035193
7,7100206,2021,6,9,3,3,0,1,0,0,0,0,1,0,0,0,13.36410382,52.48825891
5,5100315,2021,6,23,7,3,0,7,2,0,0,0,0,0,1,0,13.19397825,52.54579822
12,12100204,2021,6,15,3,3,1,5,0,1,1,0,0,0,0,0,13.35349291,52.56244805
1,1200519,2021,6,16,3,3,5,2,0,1,0,0,0,0,1,0,13.33033437,52.52717074
6,6200313,2021,6,20,2,3,5,2,0,0,1,0,0,0,0,0,13.35158698,52.44019466
1,1401047,2021,7,20,1,3,5,3,0,0,1,0,0,0,0,0,13.35912639,52.54633133
8,8100208,2021,6,14,7,3,2,6,0,0,1,0,0,0,0,0,13.44159414,52.47040995
9,9501838,2021,6,10,2,1,5,3,0,1,1,0,0,0,0,0,13.69277359,52.4561311
4,4501045,2021,6,8,3,3,5,2,0,1,1,0,0,0,0,0,13.3246034,52.49875662
6,6300525,2021,6,18,1,3,6,7,0,0,1,1,0,0,0,0,13.25799978,52.4129801
2,2200213,2021,6,14,6,3,6,7,0,0,0,1,1,0,0,0,13.41595955,52.49512194
6,6100206,2021,7,17,6,3,2,6,0,0,1,0,0,0,0,0,13.3388309,52.44889183
1,1100313,2021,6,16,7,3,5,2,0,1,1,0,0,0,0,0,13.42778861,52.50764593
12,12400721,2021,5,16,4,3,0,1,0,0,0,0,1,0,0,1,13.30167298,52.63297147
10,10200630,2021,6,20,3,3,5,3,0,1,1,0,0,0,0,1,13.59146242,52.5230897
7,7501031,2021,7,15,3,3,2,6,0,0,1,0,0,0,0,0,13.39901116,52.44373464
1,1401049,2021,7,8,4,3,5,3,0,1,1,0,0,0,0,1,13.36601702,52.55348304
7,7100206,2021,6,11,4,3,5,2,0,1,0,0,0,1,0,0,13.37025766,52.49279647
3,3701554,2021,5,16,7,3,3,6,0,1,0,0,0,0,1,0,13.41120968,52.53053652
5,5300840,2021,6,10,5,3,3,6,0,0,1,0,0,1,0,0,13.25894007,52.53733143
2,2200210,2021,6,21,4,3,5,3,0,0,1,0,0,0,0,0,13.40055002,52.49048181
8,8100103,2021,6,5,4,3,2,6,0,0,1,0,0,1,0,0,13.42769778,52.47423233
11,11300617,2021,6,16,7,3,2,6,0,0,1,0,0,0,0,0,13.46946011,52.53162511
11,11300617,2021,6,15,3,2,2,6,0,0,1,0,0,0,0,0,13.47261446,52.53217252
8,8100415,2021,6,16,4,2,5,3,0,0,1,0,0,0,0,0,13.445302,52.47922686
7,7300618,2021,6,18,2,2,5,3,0,0,1,0,1,0,0,0,13.34321083,52.4740395
2,2500832,2021,7,16,1,2,6,4,0,1,0,1,0,0,0,0,13.47288925,52.51222598
11,11100204,2021,6,17,1,3,0,1,0,1,0,0,0,0,0,0,13.52797371,52.55710226
1,1200522,2021,6,19,4,3,2,6,0,1,1,0,0,0,0,1,13.34144396,52.52553911
12,12400616,2021,7,18,4,3,1,1,0,1,1,0,0,0,0,1,13.23358423,52.56877999
6,6200315,2021,6,8,5,3,2,2,0,0,1,0,1,0,0,0,13.34653319,52.43078973
6,6400838,2021,5,9,1,2,0,1,0,1,0,0,0,0,0,0,13.22676124,52.43958865
7,7601341,2021,6,11,6,3,5,2,0,0,1,0,0,0,0,0,13.37701623,52.40826642
5,5300737,2021,6,21,5,3,1,5,1,0,1,0,0,0,1,0,13.24084212,52.53892025
1,1100313,2021,6,17,3,3,5,3,0,1,1,0,0,0,0,0,13.41776262,52.50660173
4,4501045,2021,6,8,2,3,2,2,0,0,1,0,1,0,0,0,13.3236426,52.49359709
2,2100104,2021,5,8,5,3,6,4,0,1,0,1,0,0,0,0,13.41039792,52.50319932
4,4200310,2021,6,16,4,3,0,5,0,1,1,0,0,0,0,0,13.27189328,52.51001573
7,7300515,2021,5,17,1,3,0,2,0,1,1,0,0,0,0,1,13.32146861,52.47158817
3,3500936,2021,6,22,2,3,2,6,2,0,1,0,1,0,0,0,13.46562515,52.55213791
1,1100101,2021,7,15,2,3,5,2,0,1,1,0,0,0,0,0,13.35152147,52.5095628
4,4300619,2021,7,20,6,2,0,7,0,0,0,0,0,0,1,0,13.30642559,52.51780439
1,1200623,2021,7,21,6,3,0,1,1,0,0,0,0,0,1,1,13.35339181,52.53392373
6,6400843,2021,6,15,5,3,6,4,0,0,1,1,0,0,0,0,13.28429728,52.44649216
7,7501030,2021,6,8,5,3,6,4,0,0,0,1,0,0,1,0,13.38325324,52.45011454
1,1200627,2021,6,15,2,3,3,2,0,0,1,0,1,0,0,0,13.36414616,52.52795632
7,8200725,2021,5,14,2,3,5,2,0,1,1,0,0,0,0,0,13.4116278,52.43902953
7,7300619,2021,6,22,6,3,1,7,1,0,1,0,0,0,0,0,13.34814739,52.46417421
4,4501045,2021,6,14,6,3,5,3,0,1,1,0,0,0,0,0,13.33029357,52.49652432
4,4200309,2021,7,11,6,3,0,1,0,1,0,0,0,0,0,1,13.25543277,52.51470653
10,10200420,2021,6,16,4,3,5,2,0,1,1,0,0,0,0,0,13.59618543,52.53640607
6,6200315,2021,6,19,6,3,0,1,0,1,1,0,0,0,0,0,13.3441494,52.43125676
2,2400522,2021,5,17,6,3,5,2,0,1,1,0,0,0,0,1,13.44371963,52.52528387
5,5100316,2021,6,7,5,3,0,7,0,0,0,0,1,0,0,0,13.18230132,52.53827456
8,8100314,2021,7,4,1,3,5,2,1,0,1,0,0,0,1,0,13.42409611,52.48645743
4,4300414,2021,5,15,3,3,1,5,0,1,1,0,0,0,0,1,13.29839522,52.51349393
7,7601544,2021,6,10,3,2,6,4,0,0,1,1,0,0,0,0,13.39270536,52.39832161
9,9501939,2021,7,12,2,3,5,3,0,1,1,0,0,0,0,0,13.56937183,52.45282712
3,3601451,2021,7,17,3,3,5,2,0,0,1,0,0,0,0,0,13.44146031,52.53198468
6,6400735,2021,5,10,7,3,5,2,0,1,1,0,0,0,0,0,13.14775091,52.41821767
9,9100306,2021,6,13,5,3,0,1,0,1,0,0,0,0,0,0,13.48014761,52.44408137
4,4300624,2021,6,12,4,3,5,2,0,0,1,0,1,0,0,0,13.31798223,52.50900114
2,2400625,2021,7,22,7,3,6,4,2,0,0,1,1,0,0,0,13.44569065,52.50178679
12,12500930,2021,6,10,3,3,5,2,0,0,1,0,0,0,0,0,13.31542218,52.57793167
7,7200307,2021,6,23,6,3,3,6,2,1,1,0,0,0,0,0,13.34525636,52.49172774
6,6300525,2021,6,7,3,3,3,7,0,1,0,0,0,0,0,0,13.26743409,52.40859371
9,9501941,2021,6,21,3,3,0,3,1,0,1,0,1,0,0,0,13.57882219,52.45240543
3,3500935,2021,6,11,1,3,5,7,0,0,1,0,1,0,0,0,13.44677255,52.55049008
1,1200628,2021,6,18,2,3,0,2,0,1,1,0,0,0,0,0,13.36802477,52.52616354
1,1100309,2021,7,20,1,3,1,5,1,0,1,0,0,0,1,0,13.40264659,52.52394136
5,5100313,2021,6,13,7,3,2,6,0,0,1,0,0,0,0,0,13.20985243,52.55039644
12,12100204,2021,5,15,4,3,0,6,0,0,1,0,0,0,1,1,13.36231132,52.56777517
9,9100408,2021,6,17,4,3,5,2,0,1,1,0,0,0,0,1,13.51316648,52.44760107
7,7400927,2021,7,18,3,2,1,5,0,1,1,0,0,0,0,0,13.38521176,52.4560232
9,9100409,2021,7,17,4,3,5,2,0,1,1,0,0,0,0,0,13.50070065,52.43513224
2,2100102,2021,6,16,5,2,0,7,0,1,1,0,0,0,0,0,13.39144993,52.50677167
9,9502043,2021,6,12,2,3,5,2,0,1,1,0,0,0,0,0,13.58606978,52.46754207
3,3400725,2021,5,12,2,2,5,7,0,1,0,0,0,0,1,0,13.41059962,52.58214775
1,1100311,2021,6,20,5,3,2,3,0,0,1,0,0,0,0,0,13.41987425,52.51487543
3,3400721,2021,6,15,4,3,2,6,0,0,1,0,0,0,1,0,13.39549406,52.56573816
6,6400737,2021,6,8,3,3,6,7,0,0,1,1,0,0,0,0,13.18862346,52.42098258
5,5100104,2021,6,8,1,2,0,1,0,1,0,0,0,0,0,0,13.20794476,52.55927382
10,10400938,2021,6,7,4,3,5,3,0,0,1,0,0,0,0,0,13.63319203,52.52284173
4,4400726,2021,6,18,4,3,5,3,0,1,1,0,0,0,0,0,13.2736134,52.49102201
1,1300732,2021,6,15,2,3,1,5,0,1,1,0,0,0,0,0,13.38738014,52.56007668
7,7501031,2021,7,16,2,3,5,7,0,0,1,0,0,0,1,0,13.39676755,52.44723782
1,1300730,2021,6,18,7,3,1,5,0,0,1,0,1,0,0,0,13.37115167,52.55867766
9,9401329,2021,7,11,5,3,5,2,0,1,1,0,0,0,0,1,13.58660359,52.44093804
1,1200628,2021,7,19,5,2,0,1,0,1,0,0,0,0,0,0,13.37275734,52.52749608
3,3300517,2021,6,15,6,1,8,1,0,0,0,0,1,0,0,0,13.47509666,52.58423905
8,8100105,2021,6,14,2,3,6,2,0,0,1,1,0,0,0,0,13.43189977,52.46650536
6,6300634,2021,6,9,3,3,5,2,0,1,1,0,0,0,0,0,13.30959771,52.43141454
1,1100207,2021,6,11,6,3,5,7,0,0,1,0,1,0,0,0,13.39805043,52.51038943
3,3400724,2021,6,17,6,2,6,4,0,0,1,1,0,0,0,0,13.42185218,52.57968283
9,9200717,2021,6,11,3,3,5,3,0,0,1,0,0,0,0,0,13.55262499,52.43068183
1,1100103,2021,6,15,6,3,5,3,0,0,1,0,1,0,0,0,13.36432032,52.50334677
4,4501045,2021,6,15,2,3,5,3,0,0,1,0,0,0,0,0,13.33706328,52.49593448
1,1100416,2021,5,7,5,2,5,3,0,1,1,0,0,0,0,0,13.40433817,52.5331663
11,11300619,2021,6,17,4,3,0,5,0,1,1,0,0,0,0,0,13.47139509,52.52629002
4,4200310,2021,7,15,1,3,5,3,0,1,1,0,0,0,0,0,13.26457594,52.51477036
5,5200632,2021,5,11,2,3,9,7,0,1,1,0,0,0,0,0,13.21157741,52.52726775
2,2200209,2021,6,22,3,3,0,7,2,1,0,0,0,0,0,1,13.37169288,52.4850599
5,5200528,2021,7,6,3,2,5,3,0,0,1,0,1,0,0,0,13.1777126,52.51692878
3,3200309,2021,7,8,5,3,5,3,0,1,1,0,0,0,0,0,13.43393865,52.60849005
9,9100203,2021,6,7,2,3,5,2,0,0,0,0,0,0,1,0,13.47871741,52.47757503
5,5200528,2021,6,17,6,2,0,7,0,1,0,0,0,0,0,0,13.1783071,52.50954512
8,8301037,2021,6,17,5,3,5,3,0,0,1,0,0,0,0,0,13.4798474,52.42565329
11,11501238,2021,6,13,2,3,0,6,0,1,0,0,1,0,0,0,13.50090352,52.48328248
11,11100204,2021,6,12,3,3,2,1,0,0,1,0,0,0,0,0,13.51501393,52.56687498
12,12100205,2021,6,9,7,3,3,2,0,1,1,0,0,0,0,0,13.36328853,52.58077275
2,2200210,2021,6,9,7,3,2,6,0,0,1,0,0,0,1,0,13.40200925,52.49018841
11,11300721,2021,7,13,6,3,5,2,0,0,0,0,0,0,1,0,13.49171229,52.52653867
6,6100209,2021,7,10,5,3,2,6,0,0,1,0,0,0,0,1,13.33941105,52.45995213
1,1100101,2021,7,17,5,3,2,2,0,0,1,0,0,0,0,1,13.35151752,52.50957516
9,9401534,2021,6,12,5,3,5,2,0,1,0,0,0,0,1,0,13.58182493,52.44154443
4,4400833,2021,5,16,1,2,2,6,0,0,1,0,1,0,0,0,13.29929466,52.47335269
1,1300732,2021,6,19,5,3,5,2,0,1,1,0,0,0,0,0,13.39031418,52.56287775
2,2500835,2021,6,4,6,3,5,3,1,0,1,0,0,0,0,0,13.45667441,52.50240292
4,4300623,2021,6,19,2,3,6,7,0,0,0,1,0,0,1,0,13.30607428,52.50862843
7,7300619,2021,6,12,1,2,5,2,0,0,1,0,0,0,0,0,13.34729669,52.47061195
2,2400624,2021,5,17,5,3,5,3,0,1,1,0,0,0,0,1,13.44893568,52.51135436
1,1300835,2021,6,16,4,3,5,2,0,1,1,0,0,0,0,0,13.39129925,52.53621812
4,4501042,2021,5,2,2,3,5,5,2,0,1,0,0,0,0,0,13.33096473,52.5013084
1,1200520,2021,6,12,2,2,6,2,0,0,1,1,0,0,0,0,13.34338344,52.53195002
10,10300731,2021,7,17,2,3,5,7,0,1,1,0,0,0,0,0,13.56579111,52.52920433
11,2500729,2021,7,16,6,3,6,7,0,1,0,1,0,0,0,0,13.47765291,52.51463178
11,11100206,2021,6,16,5,3,0,6,0,0,0,0,1,0,1,0,13.50689966,52.57741525
4,4501151,2021,6,16,5,3,2,6,0,0,1,0,0,0,1,0,13.32065012,52.47877426
6,6300528,2021,6,18,2,3,0,1,0,1,0,0,0,0,0,0,13.26052867,52.42667164
5,5200632,2021,5,8,2,3,5,2,0,0,1,0,0,0,1,0,13.20699174,52.52911777
3,3400620,2021,6,15,6,2,0,2,0,1,1,0,0,0,0,0,13.38955444,52.57424117
12,12601032,2021,6,22,7,3,1,5,2,0,1,0,0,0,1,0,13.32688652,52.60870041
1,1300836,2021,7,22,6,3,6,4,2,0,1,1,0,0,0,0,13.37437943,52.54370155
6,6100208,2021,6,12,3,2,5,3,0,0,1,0,0,0,0,0,13.3389217,52.45494905
2,2100104,2021,6,16,6,3,2,6,0,0,1,0,0,0,0,0,13.41120318,52.50349715
2,2100105,2021,7,20,1,3,3,6,1,1,0,0,0,0,0,0,13.41848368,52.49930404