BEZ,LOR_ab_2021,UJAHR,UMONAT,USTUNDE,UWOCHENTAG,UKATEGORIE,UART,UTYP1,ULICHTVERH,IstRad,IstPKW,IstFuss,IstKrad,IstGkfz,IstSonstige,USTRZUSTAND,XGCSWGS84,YGCSWGS84
1,1100308,2021,5,17,3,3,0,1,0,0,0,0,1,0,0,1,13.37600605,52.52849671
2,2100103,2021,6,19,3,3,5,3,0,0,1,0,1,0,0,0,13.40114398,52.50583665
7,7100102,2021,7,11,3,3,2,6,0,0,1,0,0,0,0,0,13.34613553,52.49895221
9,9501737,2021,7,11,3,3,5,3,0,1,1,0,0,0,0,0,13.62386619,52.454087
1,1300836,2021,6,7,4,3,0,2,0,1,1,0,0,0,0,0,13.37934109,52.5402552
2,2400521,2021,5,15,7,3,5,2,0,1,1,0,0,0,0,0,13.43288352,52.51782807
7,7300517,2021,6,9,5,3,2,6,0,0,0,0,1,0,1,0,13.33273554,52.46919727
9,9301025,2021,6,15,4,3,1,5,0,0,1,0,0,0,0,1,13.57811603,52.40162813
4,4500937,2021,7,23,7,3,2,2,2,0,1,1,1,0,0,0,13.29621777,52.49793955
6,6100206,2021,6,12,2,3,6,2,0,0,1,1,0,0,0,0,13.34232966,52.44688995
11,11400930,2021,6,12,6,3,5,2,0,0,1,0,0,0,0,0,13.51149302,52.5043449
7,7501029,2021,6,10,3,3,2,6,0,0,1,0,0,0,0,0,13.37929885,52.43772593
5,5100317,2021,6,5,4,3,5,2,0,1,0,0,0,0,1,0,13.24756604,52.52452349
8,8100520,2021,6,21,7,3,2,6,1,0,1,0,0,0,0,0,13.46379811,52.47059837
11,11200410,2021,6,10,2,3,5,2,0,0,1,0,0,0,1,0,13.50054683,52.56141258
5,5100316,2021,7,11,1,3,5,3,0,0,1,0,1,0,0,0,13.20745158,52.53873208
6,6400839,2021,6,14,1,3,5,2,0,1,0,0,1,0,0,0,13.2448107,52.44039785
7,7200307,2021,5,9,3,3,6,2,0,1,0,1,0,0,0,0,13.34028582,52.48946942
4,4501041,2021,7,15,5,3,6,2,0,0,1,1,0,0,0,1,13.31705255,52.50302175
7,7501134,2021,7,14,3,2,0,1,0,0,0,0,1,0,0,0,13.39715956,52.42375921
8,8200624,2021,7,11,5,3,2,2,0,0,1,0,0,0,0,0,13.43621004,52.45544031
4,4300619,2021,6,15,2,3,5,2,0,0,1,0,1,0,0,0,13.31529802,52.51473385
4,4500939,2021,6,7,5,3,5,2,0,1,1,0,0,0,0,0,13.30436304,52.48840912
8,8100311,2021,5,22,1,2,5,2,0,0,1,0,1,0,0,0,13.42893608,52.48658315
9,9200613,2021,6,7,6,3,1,5,0,0,1,0,0,0,1,0,13.52171643,52.45278408
10,10300731,2021,6,8,5,3,1,5,0,1,1,0,0,0,0,1,13.55533454,52.52306373
7,7501134,2021,6,16,3,3,5,2,0,1,1,0,0,0,0,0,13.40030224,52.43628626
4,4400833,2021,6,7,2,3,5,2,0,1,1,0,0,0,0,0,13.29968798,52.47332868
1,1401048,2021,5,16,5,3,4,6,0,0,1,0,0,0,0,1,13.35807588,52.55188309
4,4501045,2021,6,20,4,2,5,2,0,1,1,0,0,0,0,0,13.32374494,52.4938158
8,8100417,2021,5,22,1,3,0,1,2,0,0,0,0,0,1,0,13.44248081,52.46980043
5,5100317,2021,6,11,2,2,3,2,0,1,1,0,0,0,0,0,13.22055687,52.53094217
6,6200311,2021,7,10,2,3,2,6,0,0,1,0,1,0,0,1,13.36686243,52.43549356
2,2100105,2021,6,10,5,3,0,7,0,0,1,0,1,1,0,0,13.41461057,52.50024234
9,9200717,2021,7,17,6,3,5,3,0,0,1,0,0,0,1,0,13.55329167,52.43400685
2,2500833,2021,7,14,6,3,5,2,0,1,1,0,0,0,0,1,13.45285332,52.51240857
5,5200633,2021,6,20,5,3,2,2,0,0,1,0,0,0,0,0,13.19682618,52.51318749
5,5100101,2021,6,19,5,2,6,4,0,0,1,1,0,0,0,0,13.21154038,52.5755786
9,9100304,2021,6,21,2,3,5,3,1,1,1,0,0,0,0,0,13.48145724,52.46079634
7,7400824,2021,5,11,2,3,6,4,0,0,1,1,0,0,0,0,13.37951932,52.46581267
3,3400619,2021,6,12,6,3,5,3,0,1,1,0,0,0,0,0,13.37300851,52.58885993
1,1401047,2021,6,19,6,3,0,1,0,1,0,0,0,0,0,0,13.35500986,52.54408957
9,9200511,2021,6,16,4,3,2,6,0,1,1,0,0,0,0,0,13.5139075,52.46476232
10,10200628,2021,6,12,2,3,2,7,0,1,0,0,0,0,1,0,13.59181232,52.52921859
1,1400938,2021,5,7,6,3,1,5,0,1,1,0,0,1,0,0,13.3333528,52.54444365
5,5200423,2021,6,14,4,3,2,6,0,0,1,0,1,0,0,0,13.15357735,52.53287669
3,3601449,2021,7,4,1,3,5,3,1,0,1,0,0,0,1,0,13.44635138,52.54496083
10,10100316,2021,5,10,3,3,0,6,0,0,0,0,0,0,1,1,13.57541666,52.5472435
6,6400841,2021,6,23,3,3,5,3,2,0,1,0,0,0,0,1,13.26550993,52.442206
1,1100310,2021,7,15,3,3,6,7,0,0,0,1,0,0,1,0,13.41086963,52.52212819
2,2200212,2021,7,11,7,3,6,4,0,1,0,1,0,0,0,0,13.41711247,52.48774119
3,3601449,2021,6,16,2,3,1,5,0,1,1,0,0,0,0,0,13.44458513,52.53922221
6,6400737,2021,6,7,6,3,5,3,0,1,1,0,0,0,0,0,13.21657722,52.43188765
4,4501042,2021,6,23,2,3,2,2,2,0,1,0,0,0,0,0,13.33245696,52.50623681
12,12200515,2021,6,10,3,3,6,7,0,0,0,1,0,1,0,0,13.2872199,52.59005812
6,6400838,2021,6,13,7,3,2,2,0,1,1,0,0,0,0,1,13.23238925,52.43774852
1,1401046,2021,6,19,7,3,0,1,0,1,0,0,0,0,0,0,13.35680151,52.5392575
3,3701554,2021,7,13,6,3,1,5,0,1,1,0,0,0,0,0,13.41084381,52.53964563
2,2400623,2021,6,15,5,3,0,2,0,1,1,0,0,0,0,0,13.43194599,52.5151466
1,1401047,2021,6,20,6,3,5,3,1,1,1,0,0,0,0,0,13.35627997,52.54321089
11,11400927,2021,5,8,4,3,0,7,0,0,1,0,0,0,1,0,13.47866244,52.50286742
6,6400736,2021,6,8,4,3,0,7,0,0,0,0,1,0,0,1,13.22920927,52.42481173
2,2100104,2021,7,17,2,2,5,2,0,1,1,0,0,0,0,0,13.40185437,52.50610225
10,10100311,2021,7,6,4,2,0,1,0,1,0,0,0,0,0,1,13.53335591,52.52571119
1,1300733,2021,6,19,4,3,2,7,0,0,1,0,0,0,0,0,13.3890992,52.55013141
5,5300839,2021,5,15,7,2,5,2,0,0,1,0,0,0,1,0,13.26115961,52.54390986
12,12200307,2021,6,15,5,2,2,6,0,0,1,0,1,0,0,0,13.33015455,52.56962079
1,1100415,2021,6,15,4,3,0,1,0,0,0,0,1,0,0,1,13.38477698,52.53103948
7,7100103,2021,6,2,3,3,0,1,2,0,0,0,0,0,1,0,13.35983378,52.49945622
4,4501042,2021,6,11,7,3,2,2,0,1,1,0,0,0,0,0,13.33216781,52.50600134
4,4300619,2021,6,16,3,3,5,2,0,1,1,0,0,0,0,0,13.31524397,52.51480011
6,6100205,2021,6,16,4,3,2,6,0,0,1,0,0,0,0,0,13.35313817,52.44913553
2,2200207,2021,6,13,2,3,6,4,0,0,1,1,0,0,0,0,13.37324497,52.50350994
12,12400723,2021,6,17,1,3,5,3,0,1,1,0,0,0,0,0,13.31632361,52.61419074
1,1100310,2021,7,11,1,2,2,6,0,0,1,0,1,0,0,0,13.41544175,52.52111679
12,12200308,2021,6,20,7,3,6,4,0,1,0,1,0,0,0,0,13.31766705,52.57079047
4,4300412,2021,7,14,5,3,5,3,0,1,1,0,0,0,0,1,13.2981257,52.51938711
4,4501149,2021,7,9,4,3,3,6,0,1,0,0,0,1,0,0,13.32359725,52.4914937
2,2400625,2021,7,20,5,3,1,5,0,1,1,0,0,0,0,0,13.43793327,52.5060652
10,10100205,2021,6,7,5,3,5,3,0,0,1,0,0,0,0,0,13.5321828,52.55569635
4,4501042,2021,6,15,4,3,2,2,0,0,1,0,0,0,0,0,13.33931995,52.50301316
7,7400825,2021,6,14,6,2,5,7,0,1,1,0,0,0,0,0,13.37987751,52.45595448
4,4400727,2021,6,8,2,3,1,5,0,0,1,0,0,0,0,0,13.28205204,52.47978892
7,7200409,2021,6,12,4,3,5,2,0,1,1,0,0,0,0,0,13.34933147,52.48830236
7,7200307,2021,5,13,3,3,2,6,0,0,1,0,1,0,0,0,13.34490316,52.48942338
4,4501042,2021,6,20,3,3,2,6,0,0,1,0,1,0,0,1,13.33183798,52.5040013
8,8100521,2021,7,17,2,3,2,6,0,0,1,0,0,0,0,0,13.45960827,52.46296876
1,1100102,2021,7,9,4,3,3,6,0,0,1,0,0,1,0,1,13.34580385,52.51627322
9,9200511,2021,6,19,4,3,2,6,0,0,1,0,0,0,0,0,13.51716017,52.46173795
4,4500937,2021,5,9,7,3,0,6,0,0,1,0,0,0,1,0,13.29524603,52.49774229
1,1100102,2021,6,13,5,3,5,2,0,1,1,0,0,0,0,0,13.37358884,52.52075254
7,7601544,2021,6,9,4,3,5,2,0,1,1,0,0,0,0,0,13.39028065,52.39872624
3,3200205,2021,6,7,3,3,5,3,0,0,1,0,0,0,0,0,13.39838677,52.59244467
1,1400937,2021,6,12,5,3,5,3,0,0,1,0,1,0,0,0,13.33433218,52.55737212
9,9100304,2021,6,20,7,2,1,1,1,0,1,0,0,0,1,0,13.47659713,52.46013996
8,8401242,2021,6,16,3,3,5,3,0,0,1,0,0,0,0,0,13.49011944,52.41999488
7,7200307,2021,6,12,4,2,5,2,0,1,1,0,0,0,0,0,13.34488309,52.48898337
1,1200520,2021,6,17,2,2,5,2,0,1,1,0,0,0,0,0,13.34303901,52.52621082
4,4200308,2021,6,14,7,3,0,7,0,0,0,0,1,0,0,0,13.24862947,52.52423174
8,7501134,2021,7,12,7,2,2,6,0,0,1,0,1,0,0,0,13.40527125,52.42778942
8,8200730,2021,6,16,1,3,1,5,0,0,1,0,0,1,0,0,13.43714387,52.43954844
4,4501041,2021,5,16,3,3,3,6,0,0,1,0,0,0,0,1,13.31776045,52.49959046
2,2300419,2021,7,15,5,3,0,7,0,1,0,0,0,0,0,1,13.44449271,52.49974709
4,4200205,2021,7,21,4,3,1,3,1,1,1,0,0,0,1,0,13.25291912,52.51586169
3,3500933,2021,7,19,4,3,5,2,0,1,0,0,1,0,0,0,13.46196405,52.5588927
3,3601346,2021,6,22,2,2,0,1,2,1,0,0,0,0,0,0,13.41414798,52.54271038
3,3601141,2021,6,8,5,3,3,6,0,1,1,0,0,0,0,0,13.40823985,52.55148161
9,9501737,2021,5,16,2,3,8,1,0,0,0,0,1,0,0,0,13.62434165,52.44693932
7,7200307,2021,6,14,5,3,1,5,0,1,1,0,0,0,0,0,13.34094969,52.48869811
12,12400616,2021,6,13,5,2,1,1,0,0,1,0,0,0,0,0,13.22900917,52.58523184
5,5300840,2021,6,8,3,3,2,6,0,0,1,0,1,0,0,0,13.26722356,52.53144807
8,8100417,2021,6,17,2,3,2,6,0,1,0,0,0,0,1,0,13.45553784,52.47401834
1,1200626,2021,6,17,2,3,2,2,0,1,1,0,0,0,0,0,13.34954409,52.52448571
9,9100304,2021,5,21,5,2,5,2,1,0,1,0,0,0,0,0,13.48129175,52.46082534
1,1200629,2021,6,17,4,3,3,6,0,1,0,0,0,0,0,0,13.34756552,52.52059513
7,7400822,2021,5,15,1,3,1,5,0,0,1,0,0,1,0,0,13.37081012,52.45918162
9,9501941,2021,6,17,3,3,6,4,0,1,0,1,0,0,0,0,13.58650459,52.45147729
12,12200411,2021,7,23,2,2,5,2,2,0,1,0,0,0,0,0,13.32179065,52.56055976
12,12200310,2021,7,16,6,3,2,6,0,0,1,0,0,0,0,0,13.31506992,52.5764031
1,1401045,2021,7,19,6,3,3,6,0,0,1,0,0,0,0,1,13.38352807,52.55609081
1,1400938,2021,6,19,5,3,1,5,0,1,1,0,0,0,0,0,13.3442906,52.55103007
9,9300920,2021,6,21,5,3,5,3,1,1,1,0,0,0,0,0,13.53276384,52.41672944
1,1400938,2021,6,18,2,3,2,6,0,0,1,0,1,0,0,0,13.33867022,52.54325868
7,7400927,2021,5,14,2,3,0,7,0,0,1,0,1,0,0,0,13.40004461,52.45852201
2,2500833,2021,6,19,6,3,5,3,0,1,1,0,0,0,0,0,13.45617287,52.50986175
1,1300834,2021,6,15,6,3,1,5,0,1,0,0,0,0,1,0,13.39424572,52.54574272
5,5200629,2021,6,7,4,3,5,3,0,0,1,0,0,0,0,0,13.18615192,52.53424093
4,4400832,2021,6,14,6,3,2,6,0,0,1,0,0,0,0,0,13.29275651,52.47004362
6,6100209,2021,5,8,6,3,5,3,0,1,1,0,0,0,0,1,13.33759947,52.46017032
12,12100205,2021,6,13,4,3,2,6,0,0,1,0,0,0,0,0,13.35701299,52.56916308
3,3601142,2021,7,13,1,3,5,2,0,1,1,0,0,0,0,0,13.41338974,52.54869286
11,11501340,2021,5,18,3,3,3,6,0,0,1,0,1,0,0,1,13.52717211,52.48779055
2,2200210,2021,6,8,3,3,5,3,0,0,1,0,0,0,0,0,13.39455945,52.49169773
9,9200613,2021,7,8,2,2,2,6,0,0,1,0,0,0,0,1,13.50376005,52.46078464
12,12500824,2021,7,10,3,3,6,4,0,0,1,1,0,0,0,0,13.29571134,52.5970252
1,1300834,2021,7,16,7,2,2,6,0,1,1,0,0,0,0,0,13.39711341,52.54621093
5,5100101,2021,6,14,2,3,5,3,0,0,1,0,0,0,0,0,13.19186369,52.56755635
7,7300619,2021,6,12,6,3,5,2,0,1,1,0,0,0,0,0,13.34376695,52.47115633
10,10400835,2021,6,18,3,3,5,3,0,0,1,0,0,0,0,0,13.6062217,52.52456934
12,12500824,2021,6,11,3,3,5,2,0,0,1,0,0,0,0,0,13.29208427,52.59056625
10,10200417,2021,6,14,7,3,6,4,0,0,1,1,0,0,0,1,13.59216749,52.54640161
4,4300620,2021,6,12,6,3,2,2,0,0,1,0,0,0,0,0,13.33575273,52.51364823
4,4200308,2021,7,11,7,3,5,3,0,0,1,0,0,0,0,0,13.272397,52.51867727
7,7300619,2021,6,17,6,3,5,2,0,0,1,0,1,0,0,0,13.34886422,52.45901535
12,12100205,2021,5,17,4,3,5,2,0,0,1,0,0,0,0,0,13.33549867,52.56520695
6,6200316,2021,6,16,4,3,2,6,0,0,1,0,0,0,1,1,13.35460864,52.42950364
3,3500934,2021,7,16,3,2,5,2,0,1,1,0,0,0,0,0,13.44263339,52.55112034
6,6400844,2021,7,8,4,3,5,3,0,0,1,0,0,0,0,1,13.27752943,52.46124449
3,3601453,2021,6,17,4,3,5,2,0,1,1,0,0,0,0,0,13.46547446,52.5234104
3,3300411,2021,6,16,2,3,6,4,0,0,1,1,0,0,0,0,13.48974989,52.61727467
8,8100310,2021,5,13,6,3,6,2,0,0,1,1,0,0,0,1,13.42535477,52.49327742
3,3701554,2021,6,10,5,3,5,2,0,1,1,0,0,0,0,0,13.41019042,52.52987877
8,8100102,2021,6,17,4,2,0,3,0,1,0,0,0,0,1,0,13.41581278,52.48059624
1,1100313,2021,6,9,4,3,6,4,0,0,1,1,0,0,0,0,13.42195378,52.50504575
1,1200520,2021,6,17,7,3,1,5,0,1,1,0,0,0,0,0,13.33631844,52.52672281
12,12100205,2021,6,17,3,3,2,6,0,0,1,0,0,0,0,0,13.34195916,52.58853648
1,1300836,2021,6,16,4,3,1,5,0,1,1,0,0,0,0,0,13.37554795,52.54329224
11,11200411,2021,6,17,2,3,6,4,0,1,0,1,0,0,0,0,13.49779572,52.54686237
4,4400726,2021,6,3,1,2,0,1,2,1,0,0,0,0,0,0,13.28311918,52.49760488
4,4501153,2021,7,9,1,3,5,2,0,0,1,0,0,0,0,0,13.3309096,52.4873787
8,8100417,2021,6,13,7,3,3,6,0,1,0,0,0,0,0,0,13.45579152,52.47399688
1,1100205,2021,7,9,5,3,5,3,0,1,1,0,0,0,0,1,13.37697703,52.51077499
4,4501043,2021,7,17,5,3,5,3,0,0,1,0,1,0,0,1,13.31851149,52.49745237
3,3300413,2021,6,13,5,3,5,3,0,1,0,0,0,1,0,0,13.47870447,52.60735544
6,6100206,2021,6,7,5,3,6,2,0,0,1,1,0,0,0,0,13.34247577,52.44699303
11,11400928,2021,5,19,1,3,1,5,0,1,1,0,0,0,0,0,13.49040122,52.49855279
4,4300416,2021,6,13,6,3,5,3,0,0,1,0,0,0,0,0,13.29987935,52.5097593
9,9401534,2021,6,12,5,3,5,3,0,1,0,0,0,0,0,0,13.57763263,52.44405808
12,12400618,2021,6,10,3,3,2,6,0,0,1,0,1,0,0,0,13.22903487,52.62555333
3,3601245,2021,6,8,2,3,1,5,0,1,1,0,0,0,0,0,13.43113532,52.54430124
7,7400927,2021,5,15,5,3,5,3,0,0,1,0,0,0,1,1,13.40321333,52.46343017
5,5100313,2021,6,18,4,3,1,1,0,0,1,0,1,0,0,0,13.2177585,52.54785307
1,1200629,2021,5,16,2,3,5,3,0,1,0,0,1,0,0,0,13.34708046,52.52022426
7,7100102,2021,6,22,2,3,1,7,2,0,1,0,0,0,0,0,13.34617324,52.49806183
2,2500835,2021,7,20,2,2,6,4,0,0,1,1,0,0,0,0,13.45071356,52.50167943
9,9401534,2021,7,6,6,3,6,4,0,0,0,1,0,0,1,1,13.57545698,52.44445752
10,10100312,2021,7,22,6,3,5,2,2,0,1,0,0,0,0,1,13.53719405,52.53448497
10,10200422,2021,6,9,6,2,0,7,0,0,1,0,0,0,1,0,13.6124259,52.53841215
4,4300622,2021,6,17,5,3,6,4,0,0,1,1,0,0,0,0,13.32312275,52.51127188
3,3500936,2021,6,14,2,3,6,4,0,1,0,1,0,0,0,0,13.45834253,52.54999247
5,5100316,2021,5,18,2,3,0,2,0,0,1,0,0,0,1,0,13.20040778,52.53658882
6,6100208,2021,6,12,6,3,1,5,0,0,1,0,0,0,1,0,13.33012399,52.45530807
2,2400522,2021,6,15,6,3,2,6,0,0,1,0,0,0,0,0,13.45329133,52.51580921
3,3400828,2021,7,19,6,3,5,3,0,1,1,0,0,0,0,0,13.42755351,52.5530249
7,7601544,2021,6,8,4,3,5,2,0,0,1,0,0,0,0,0,13.40678035,52.39376836
1,1401043,2021,6,14,6,3,5,3,0,0,1,0,1,0,0,0,13.36310662,52.54873964
6,6300629,2021,5,14,1,2,5,3,0,1,1,0,0,0,0,0,13.2938923,52.4455306
7,7501031,2021,6,8,6,3,6,4,0,0,1,1,0,0,0,0,13.39170073,52.44551173
12,12200412,2021,6,18,5,3,6,4,0,0,1,1,0,0,0,1,13.28104859,52.57568335
1,1300836,2021,6,9,3,3,5,2,0,0,1,0,0,0,0,0,13.3771303,52.53880287
8,8200624,2021,6,17,2,3,0,1,0,1,0,0,0,0,0,0,13.43489293,52.45060398
6,6200313,2021,6,19,2,3,1,5,0,1,1,0,0,0,0,0,13.34458881,52.43272515
1,1200628,2021,5,18,5,3,0,1,0,0,0,0,1,0,0,1,13.36384235,52.52475021
5,5300736,2021,6,15,4,3,5,2,0,1,1,0,0,0,0,0,13.22002376,52.53702745
11,11100206,2021,5,18,1,2,2,6,0,0,1,1,1,0,0,1,13.50387663,52.5741821
11,11300722,2021,6,16,2,3,2,6,0,0,1,0,0,0,1,0,13.47476259,52.52297228
7,7501133,2021,7,11,2,2,5,3,0,0,1,0,0,0,0,1,13.39002203,52.43434986
10,10400835,2021,7,8,6,3,5,3,0,0,1,0,0,0,0,0,13.59624564,52.51925332
1,1300732,2021,7,8,6,3,5,2,0,1,1,0,0,0,0,1,13.38720966,52.55986408
1,1400937,2021,6,18,5,3,0,1,0,1,0,0,0,0,0,0,13.32652295,52.54221562
12,12601031,2021,6,10,2,3,2,6,0,0,1,0,0,0,0,0,13.32961709,52.60198878
5,5100314,2021,5,14,2,3,5,3,0,1,0,0,1,0,0,0,13.2016721,52.54851234
10,10200524,2021,6,19,6,3,0,1,0,0,0,0,0,0,1,0,13.60665038,52.53448488
12,12400722,2021,6,13,6,3,5,7,0,0,1,0,1,0,0,0,13.29153573,52.60717042
9,9100304,2021,7,19,6,3,2,7,0,0,1,0,0,0,0,0,13.49378322,52.46086246
6,6400737,2021,6,18,3,3,1,6,0,1,1,0,0,0,1,0,13.20883736,52.43581864
6,6300528,2021,6,7,6,3,2,6,0,0,1,0,0,0,0,1,13.27324795,52.40977689
1,1200518,2021,5,13,6,3,0,5,0,1,1,0,0,0,0,0,13.32744758,52.5275169
4,4501040,2021,6,12,4,3,2,6,0,0,1,0,0,0,0,0,13.31364456,52.50472516
8,8401241,2021,7,10,1,3,0,1,0,0,0,0,1,0,0,0,13.48312469,52.42566887
8,8200833,2021,5,6,3,3,5,3,0,0,1,0,0,0,1,1,13.44041937,52.41760973
1,1100206,2021,6,13,3,3,5,3,0,0,1,0,0,0,1,0,13.39516458,52.51724576
10,10300734,2021,7,16,2,3,6,4,0,0,1,1,0,0,0,0,13.56344378,52.49807944
4,4300619,2021,7,15,3,3,5,2,0,1,1,0,0,0,0,0,13.31503146,52.51464968
8,8100314,2021,5,11,6,3,1,5,0,0,1,0,0,0,0,0,13.43693732,52.48169336
2,2200213,2021,6,8,5,3,6,7,0,0,0,1,0,0,1,0,13.42387934,52.48831452
7,7601544,2021,7,19,7,3,5,2,0,0,1,0,1,0,0,0,13.40678369,52.39376843
3,3400723,2021,6,15,2,3,2,2,0,0,0,0,1,0,0,0,13.4161513,52.57230719
7,7400823,2021,6,16,6,2,5,2,0,1,1,0,0,0,0,0,13.37532173,52.45551174
10,10300734,2021,6,11,3,2,5,3,0,1,1,0,0,0,0,0,13.55953489,52.47776554
8,8100314,2021,6,14,3,3,6,4,0,0,0,1,1,0,0,0,13.43492776,52.48121148
7,7501029,2021,6,16,2,3,5,2,0,1,1,0,0,0,0,0,13.37498516,52.43710343
3,3300413,2021,6,9,6,3,5,3,0,0,1,0,1,0,0,0,13.47472511,52.60433261
8,8401241,2021,7,6,7,3,4,6,0,0,1,0,0,0,0,0,13.47033889,52.43514426
4,4400835,2021,6,17,7,3,1,5,0,1,1,0,0,0,0,0,13.31842877,52.47172213
11,11400929,2021,5,8,3,3,9,1,0,0,0,0,1,0,0,0,13.49095205,52.50138474
12,12500928,2021,6,13,4,3,2,6,0,0,1,0,0,0,0,1,13.30428095,52.60105664
12,12400619,2021,7,8,3,3,2,6,0,1,1,0,0,0,0,0,13.27442376,52.59881627
11,11200514,2021,7,4,4,3,5,3,1,0,1,0,1,0,0,1,13.49774434,52.53602655
8,8100206,2021,6,23,4,3,1,5,2,1,1,0,0,0,0,0,13.42809006,52.48117957
5,5100208,2021,6,17,2,3,5,3,0,0,1,0,1,0,0,0,13.15043308,52.55395548
11,11300721,2021,5,17,6,3,5,3,0,0,1,0,0,0,0,0,13.49174349,52.53410308
7,7300517,2021,6,13,5,3,2,6,0,1,1,0,0,0,0,0,13.33735788,52.47338002
9,9200715,2021,6,17,5,3,5,3,0,1,1,0,0,0,0,0,13.55146034,52.42866594
12,12100101,2021,6,8,3,3,0,2,0,1,1,0,0,0,0,0,13.3778788,52.56405434
8,8100209,2021,6,14,1,3,5,2,0,1,1,0,0,0,0,0,13.43559345,52.46686614
4,4501041,2021,6,18,3,3,5,2,0,1,1,0,0,0,0,0,13.31651076,52.49946602
6,6100205,2021,6,15,4,3,2,6,0,0,1,0,0,0,0,0,13.35947442,52.44776917
12,12400721,2021,6,9,2,3,5,3,0,0,1,0,0,0,0,0,13.29020148,52.65583623
3,3100102,2021,7,1,1,3,5,2,2,0,1,0,1,0,0,0,13.50623847,52.63756191
6,6400737,2021,6,10,1,3,5,2,0,0,0,0,1,0,0,0,13.19095739,52.43357514
2,2400625,2021,7,19,5,2,3,6,1,1,0,0,0,0,0,1,13.44580365,52.50187462
1,1300835,2021,7,13,5,3,5,2,0,1,1,0,0,0,0,0,13.39114469,52.53621086
1,1401044,2021,6,7,5,3,2,6,0,0,1,0,1,0,0,0,13.37680701,52.55363466
1,1400938,2021,5,6,2,3,1,5,0,0,0,0,0,1,1,0,13.33545034,52.54794704
12,12100205,2021,6,20,5,3,0,7,0,0,1,0,0,0,0,0,13.35205237,52.56763535
1,1100205,2021,6,18,6,3,3,6,0,1,1,0,1,0,0,0,13.38116246,52.51106314
3,3601450,2021,6,11,2,3,0,3,0,0,1,0,0,0,0,0,13.45767156,52.52890654
8,8100520,2021,6,8,2,3,5,3,0,1,0,0,0,0,0,0,13.45847328,52.47267801
10,10300733,2021,5,14,5,3,5,2,0,0,1,0,0,0,0,1,13.55271056,52.50746582
9,9100304,2021,6,17,4,3,5,2,0,0,1,0,0,0,0,0,13.48114581,52.46080039
1,1100103,2021,5,18,2,3,1,5,0,0,0,0,1,0,1,0,13.35081122,52.50440649
7,7400823,2021,6,7,2,3,5,2,0,0,1,0,0,0,0,0,13.37810829,52.46635798
4,4200203,2021,7,11,2,3,9,1,0,0,0,0,0,0,1,1,13.24460577,52.52414072
1,1100309,2021,7,21,5,3,2,6,1,0,1,0,0,0,0,0,13.40580945,52.52953936
1,1100308,2021,6,9,6,3,5,3,0,0,1,0,0,0,0,0,13.37744215,52.52215224
1,1100103,2021,6,15,5,3,5,2,0,0,1,0,0,0,0,0,13.3498683,52.50303773
6,6300632,2021,6,17,2,2,5,3,0,0,1,0,0,0,1,0,13.30316357,52.42912341
8,8100102,2021,5,9,2,3,2,6,0,1,1,0,0,0,0,0,13.42541665,52.47968887
4,4200308,2021,6,13,6,3,5,2,0,0,1,0,0,0,0,0,13.27982376,52.52115289
8,8100314,2021,6,15,7,3,6,4,0,0,1,1,0,0,0,0,13.43346382,52.4822194
2,2100101,2021,7,15,6,3,2,6,0,0,1,0,0,0,1,0,13.38786036,52.49991489
8,8100419,2021,6,14,3,3,5,3,0,1,1,0,0,0,0,0,13.4540695,52.48249756
2,2300418,2021,6,19,6,3,1,5,0,1,1,0,0,0,0,0,13.4371142,52.49316115
1,1100206,2021,5,8,6,3,5,3,0,1,1,0,0,0,0,0,13.38895845,52.51562282
12,12200413,2021,6,16,4,3,5,3,0,0,1,0,0,0,0,0,13.28390453,52.57871543
5,5200526,2021,7,20,7,3,2,6,0,0,1,0,0,0,1,0,13.1620342,52.52021096
1,1401045,2021,5,17,3,3,2,6,0,0,1,0,0,0,0,1,13.37795228,52.55653782
5,5100105,2021,6,14,3,3,2,6,0,0,1,0,0,0,0,0,13.20271608,52.55545639
9,9200614,2021,7,8,2,3,0,1,0,1,0,0,0,0,0,1,13.53937873,52.45085182
3,3500934,2021,7,12,3,3,0,6,0,1,0,0,0,0,1,0,13.44053536,52.55376966
8,8401243,2021,5,10,7,3,6,7,0,0,0,1,0,0,1,0,13.49441548,52.42116937
11,11400929,2021,6,9,5,2,5,2,0,0,1,0,0,0,1,0,13.49629237,52.50016932
7,7400927,2021,6,14,4,3,5,2,0,0,1,0,1,0,0,1,13.39290211,52.46686116
4,4300416,2021,7,9,7,3,0,3,0,0,1,0,1,0,0,1,13.30205679,52.5077849
8,8401241,2021,6,16,2,3,5,3,0,0,1,0,1,0,0,0,13.48351149,52.43122275
3,3400619,2021,6,14,6,3,5,2,0,1,1,0,0,0,0,0,13.37092513,52.59069029
5,5100208,2021,6,19,3,3,2,6,0,0,1,0,0,0,0,0,13.15132709,52.55378613
4,4100102,2021,6,18,3,3,5,3,0,1,1,0,0,0,0,0,13.29751507,52.5394494
1,1401046,2021,6,17,7,3,0,7,0,1,0,0,0,0,0,0,13.34668473,52.54022427