BEZ,LOR_ab_2021,UJAHR,UMONAT,USTUNDE,UWOCHENTAG,UKATEGORIE,UART,UTYP1,ULICHTVERH,IstRad,IstPKW,IstFuss,IstKrad,IstGkfz,IstSonstige,USTRZUSTAND,XGCSWGS84,YGCSWGS84
8,8200624,2021,6,17,2,3,2,6,0,0,1,0,0,0,0,0,13.42422908,52.45235421
10,10100312,2021,7,12,7,2,5,7,0,0,1,0,1,0,0,0,13.53810733,52.53448144
7,7601544,2021,6,14,7,3,3,6,0,0,1,0,1,0,0,0,13.39157077,52.39870029
7,7400823,2021,5,19,4,2,0,6,0,0,1,0,1,0,0,0,13.37778703,52.46544155
12,12601235,2021,6,17,4,3,1,5,1,0,1,1,0,0,1,1,13.36373728,52.59707942
8,8100206,2021,7,22,3,3,2,7,2,0,1,0,1,0,0,0,13.42416282,52.48574816
3,3500935,2021,7,20,4,3,7,7,0,0,0,0,1,0,0,0,13.45462609,52.55056052
1,1200517,2021,6,12,5,3,2,2,0,0,1,0,0,1,0,0,13.33219357,52.54029019
1,1300836,2021,5,12,1,3,0,1,0,1,0,0,0,0,0,0,13.37937725,52.54020404
5,5200528,2021,6,17,5,3,3,6,0,0,1,0,0,0,1,0,13.18356638,52.51387221
3,3400831,2021,6,17,5,3,3,6,0,0,1,0,0,0,1,0,13.41381884,52.56669892
12,12500929,2021,5,18,6,3,5,3,0,0,1,0,0,0,1,1,13.35224146,52.61712987
1,1300732,2021,6,13,5,2,0,3,0,0,1,0,1,0,0,0,13.38764415,52.5604059
8,8200730,2021,7,15,2,3,3,6,0,0,0,0,0,1,1,0,13.43502579,52.42725684
9,9100408,2021,5,8,3,3,5,2,0,0,1,0,0,0,1,0,13.51425372,52.44646539
5,5300840,2021,6,16,3,3,6,4,0,0,1,1,0,0,0,0,13.2561799,52.53756326
12,12200308,2021,7,12,2,3,1,5,0,1,1,0,0,0,0,0,13.31474843,52.57462777
1,1100102,2021,7,18,3,2,0,7,0,1,0,0,0,0,0,0,13.35141622,52.51539461
1,1300834,2021,5,12,6,3,5,2,0,0,1,0,0,0,0,0,13.3936793,52.54113182
10,10100315,2021,6,12,5,3,0,6,0,0,1,0,0,0,1,0,13.5696517,52.54079767
4,4100101,2021,7,21,7,2,5,2,2,0,1,1,0,0,0,0,13.28110295,52.53526434
3,3100103,2021,6,10,2,2,1,5,0,1,1,0,0,0,0,0,13.49369502,52.63273243
8,8100105,2021,6,11,6,3,5,2,0,1,1,0,0,0,0,0,13.43338898,52.46404189
1,1300835,2021,6,15,2,3,5,3,0,1,1,0,0,0,0,0,13.39107632,52.53624623
2,2200208,2021,6,12,3,2,0,7,0,1,0,0,0,0,0,0,13.38642941,52.49302631
8,8401244,2021,6,10,7,3,0,6,0,0,1,0,0,0,1,0,13.49657848,52.41575935
3,3601245,2021,6,5,7,2,5,3,0,0,1,0,0,0,0,0,13.43043924,52.55124267
6,6100205,2021,7,14,6,2,5,3,0,1,0,0,0,0,1,0,13.36060828,52.44669695
3,3601243,2021,6,17,7,3,2,6,0,0,1,0,0,0,0,0,13.41489034,52.55355194
11,11300722,2021,5,20,4,3,0,1,0,0,0,0,0,0,1,0,13.48240596,52.51895871
5,5100313,2021,6,15,4,3,2,6,0,0,1,0,0,0,0,1,13.20923737,52.5521874
2,2500833,2021,7,23,3,3,0,1,2,1,0,0,0,0,0,0,13.45829449,52.50938742
11,11300722,2021,7,13,4,3,0,1,0,0,0,0,1,0,0,1,13.47682489,52.52298276
4,4501041,2021,6,11,4,3,2,7,0,1,0,0,0,0,1,0,13.31393962,52.50083013
8,8100312,2021,5,11,6,3,1,5,0,1,1,0,0,0,0,0,13.43697835,52.48531922
12,12500927,2021,6,16,5,3,2,6,0,0,1,0,0,0,0,0,13.32490804,52.6022869
2,2100102,2021,6,10,5,3,0,2,0,1,0,0,0,1,0,1,13.39608667,52.49837971
4,4400833,2021,6,19,3,3,5,3,0,0,0,0,1,0,1,0,13.30086138,52.47389943
1,1100310,2021,6,11,6,3,6,2,0,0,0,1,0,0,1,0,13.40044683,52.52215155
2,2200207,2021,6,18,7,2,8,1,0,0,1,0,0,0,0,0,13.37673987,52.49146928
3,3701554,2021,6,13,1,3,5,3,0,0,1,0,0,0,1,0,13.40964065,52.53359567
1,1200629,2021,6,3,4,3,3,5,2,0,1,0,0,0,1,0,13.34087142,52.51980493
8,8200730,2021,6,17,4,2,5,5,0,0,0,0,1,0,1,0,13.44810157,52.43696382
3,3701556,2021,6,20,2,3,0,1,0,1,0,0,0,0,0,0,13.42093371,52.53340371
5,5300736,2021,7,12,7,3,2,6,0,0,1,0,0,0,0,0,13.21763994,52.53770637
1,1100310,2021,6,7,7,3,5,3,0,0,1,0,0,0,0,0,13.4159282,52.52704483
4,4501045,2021,7,10,5,3,5,3,0,0,1,0,0,0,0,1,13.33108841,52.49539907
8,8301036,2021,7,14,5,3,2,6,0,0,1,0,1,0,0,0,13.46661825,52.42688315
5,5200634,2021,6,18,5,2,2,6,0,1,1,0,0,0,0,0,13.1835079,52.51198933
8,8100415,2021,5,19,2,3,0,7,0,0,1,0,1,0,0,0,13.45016362,52.47673183
9,9301025,2021,6,18,5,3,4,6,0,0,1,0,0,0,1,0,13.58627511,52.39393989
3,3400725,2021,6,15,6,3,5,3,0,1,1,0,0,0,0,0,13.41381744,52.58293581
1,1100102,2021,6,10,3,3,5,3,0,0,1,0,0,0,0,0,13.34899989,52.51476969
7,7300515,2021,6,18,2,3,5,2,0,1,1,0,0,0,0,0,13.32395663,52.4715713
3,3601244,2021,5,10,5,3,5,3,0,1,1,0,0,0,0,0,13.42887497,52.55140366
3,3400620,2021,6,9,4,3,2,6,0,0,1,0,1,0,0,0,13.38102976,52.57430915
1,1100310,2021,7,19,7,3,5,2,0,0,1,0,1,0,0,0,13.40963452,52.52400079
1,1200625,2021,5,18,1,3,6,4,0,0,1,1,0,0,0,0,13.34543392,52.52990551
9,9300920,2021,6,14,3,3,5,3,0,0,1,0,0,0,0,0,13.52974055,52.42249272
5,5400942,2021,7,7,3,3,3,6,0,1,1,0,0,0,0,0,13.16288748,52.4652126
2,2100104,2021,7,15,5,3,5,7,0,1,0,0,0,0,1,1,13.41026413,52.50302975
10,10100205,2021,6,14,2,3,5,2,0,1,0,0,0,1,0,0,13.53285445,52.55555187
8,8401244,2021,6,7,6,3,6,4,0,0,1,1,0,0,0,0,13.49624783,52.41561056
6,6200313,2021,6,21,5,2,0,6,2,0,0,0,0,0,1,0,13.34553411,52.43644516
5,5200528,2021,6,17,2,3,6,7,0,0,0,1,0,0,1,0,13.15996257,52.51604909
10,10300731,2021,6,18,3,2,1,5,0,0,1,0,0,0,0,0,13.56368181,52.52925869
1,1100312,2021,6,13,6,3,1,5,0,1,1,0,0,0,0,0,13.40710852,52.51146943
1,1401047,2021,6,22,7,3,2,6,2,0,0,0,0,0,1,0,13.3563315,52.54481489
1,1300733,2021,7,22,6,3,5,7,2,1,1,0,0,0,0,0,13.38833032,52.55007173
8,8100312,2021,6,9,4,3,5,3,0,1,1,0,0,0,0,0,13.43797604,52.48799967
12,12200413,2021,6,14,6,2,3,7,0,1,0,0,0,0,0,0,13.27212927,52.57671114
7,7601442,2021,6,12,4,2,5,2,0,0,1,0,0,0,0,0,13.40120577,52.41460989
4,4300619,2021,5,23,3,3,5,3,2,0,1,0,0,0,0,0,13.30660375,52.5181216
2,2400623,2021,6,14,4,3,6,7,0,0,0,1,0,0,1,1,13.44038667,52.51632081
5,5300840,2021,7,14,2,3,5,7,0,0,1,0,0,0,0,0,13.24637471,52.5374488
8,8200725,2021,7,10,4,3,2,6,0,0,1,0,0,0,0,1,13.43316089,52.44402167
1,1401046,2021,6,18,4,3,1,5,0,1,1,0,0,0,0,0,13.35620656,52.54203969
7,7400826,2021,5,17,7,3,5,3,0,0,1,0,0,0,0,0,13.37307092,52.45209924
6,6200313,2021,6,15,5,3,0,6,0,0,0,0,0,0,1,0,13.3453102,52.43670146
1,1300836,2021,6,21,4,3,5,3,0,1,1,0,0,0,0,0,13.37931467,52.54053173
1,1100415,2021,7,10,7,3,1,5,0,1,1,0,0,0,0,1,13.39953167,52.53179965
7,7400721,2021,6,0,4,3,6,4,2,0,0,1,1,0,0,0,13.38451364,52.47157128
1,1100206,2021,6,23,7,3,5,2,2,1,1,0,0,0,0,0,13.38043481,52.51810961
10,10100205,2021,6,8,4,3,5,2,0,0,1,0,0,0,0,0,13.54505562,52.55353157
6,6300528,2021,6,7,4,3,5,3,0,1,0,0,1,0,0,0,13.27405786,52.41856
10,10200418,2021,6,7,2,3,6,4,0,0,1,1,0,0,0,0,13.58739331,52.53931007
3,3500933,2021,6,13,1,3,5,3,0,1,1,0,0,0,0,0,13.45737761,52.55829199
3,3300516,2021,7,20,1,2,5,3,0,1,1,0,0,0,0,0,13.43532693,52.56283432
1,1100309,2021,6,23,7,3,5,3,2,0,0,0,0,0,1,0,13.4013665,52.52958651
2,2300314,2021,5,12,3,3,1,5,0,1,1,0,0,0,0,1,13.41699242,52.50192274
8,8401244,2021,6,12,4,3,2,6,0,0,1,0,0,0,1,1,13.50334271,52.41172678
1,1300836,2021,7,15,3,3,3,6,0,0,1,0,0,0,0,0,13.38633731,52.54933885
2,2100106,2021,7,2,5,3,5,3,2,1,1,0,0,0,0,0,13.4180237,52.49882261
9,9501941,2021,6,15,5,3,5,3,0,0,1,0,0,0,0,0,13.58355941,52.45160411
3,3601140,2021,5,20,1,3,0,7,0,1,1,0,0,0,0,0,13.40363906,52.55163362
4,4300621,2021,6,17,5,3,5,7,0,1,1,0,0,0,0,0,13.30463482,52.51734632
5,5100208,2021,6,12,5,3,6,4,0,1,0,1,0,0,0,1,13.15276265,52.54989718
3,3500936,2021,6,10,3,3,3,6,0,0,1,0,0,1,0,0,13.4669836,52.54857705
1,2400623,2021,6,22,1,3,2,6,2,0,1,0,0,0,0,0,13.42453739,52.51337327
12,12500929,2021,5,16,5,3,2,6,0,0,1,0,0,0,0,1,13.33934311,52.60975221
4,4100101,2021,6,18,4,2,5,2,0,0,1,0,1,0,0,0,13.27039022,52.54859976
5,5300735,2021,5,21,1,3,5,3,2,0,1,0,0,0,0,0,13.22583903,52.5551293
8,8100312,2021,6,17,2,3,2,6,0,1,1,0,0,0,0,0,13.43647707,52.49078281
1,1300733,2021,7,23,3,2,5,2,2,0,1,0,1,0,0,1,13.38130594,52.55228697
1,1100104,2021,6,14,5,3,0,3,0,1,0,0,0,0,1,0,13.37056108,52.49986925
1,1100309,2021,7,16,6,2,5,2,0,1,1,0,0,0,0,0,13.39373257,52.52861105
2,2200213,2021,7,8,4,3,5,2,0,1,1,0,0,0,0,0,13.42217462,52.49299491
1,1200522,2021,7,15,6,3,5,2,0,0,1,0,1,0,0,1,13.33926308,52.52583583
12,12200309,2021,6,13,6,3,3,6,0,0,1,0,0,1,0,0,13.33064852,52.56263304
5,5100317,2021,6,13,5,3,5,3,0,0,1,0,0,0,0,0,13.21308097,52.53043255
4,4500938,2021,6,23,2,2,1,5,2,0,1,0,1,0,0,0,13.29590491,52.49564708
7,7400826,2021,5,17,2,3,1,5,0,1,1,0,0,0,1,0,13.36464534,52.44857237
2,2200208,2021,6,17,6,3,5,2,0,0,1,0,1,0,0,0,13.38022501,52.498736
1,1200520,2021,6,18,5,3,1,5,0,1,1,0,0,0,0,0,13.33700257,52.52845533
10,10400940,2021,6,22,3,3,0,6,2,1,0,0,0,0,1,0,13.59115105,52.48977995
7,7601544,2021,6,7,6,3,0,3,0,0,0,0,1,0,1,1,13.3925983,52.39685351
5,5200634,2021,5,15,6,3,6,7,0,1,0,1,0,0,0,0,13.20127985,52.51216331
1,1100310,2021,6,11,4,3,1,5,0,1,1,0,0,0,0,0,13.40867279,52.52425976
7,7400823,2021,7,19,1,2,5,3,0,0,1,0,0,0,0,0,13.37827167,52.46701617
7,7400721,2021,5,14,3,3,5,7,0,0,1,0,1,0,0,0,13.40303183,52.48332436
4,4100101,2021,6,9,3,3,6,7,0,1,0,1,0,0,0,0,13.2950803,52.53962096
8,8100314,2021,7,15,3,3,0,7,0,0,0,0,0,0,1,0,13.43558193,52.48090502
3,3500933,2021,6,23,3,3,2,6,2,0,1,0,0,0,0,0,13.46227853,52.55885087
6,6400737,2021,6,9,7,3,1,5,0,0,1,0,1,0,0,0,13.21581136,52.43767418
2,2100104,2021,6,0,3,3,5,3,2,0,1,0,0,0,0,0,13.40363212,52.50329016
6,6200423,2021,6,21,4,3,1,5,1,0,1,0,0,0,0,0,13.32087744,52.41739636
1,1200520,2021,6,14,2,3,6,2,0,0,1,1,0,0,0,0,13.34337575,52.53193911
4,4501152,2021,7,19,2,3,0,2,0,1,1,0,0,0,0,0,13.33613723,52.49146592
1,1100415,2021,6,10,7,3,0,1,0,1,0,0,0,0,0,0,13.39855136,52.53255365
4,4200311,2021,6,18,4,3,3,6,0,0,1,0,0,0,0,1,13.28506918,52.51286235
6,6300528,2021,7,16,5,3,0,1,0,0,0,0,1,0,0,1,13.27345688,52.40984642
10,10400940,2021,6,15,6,2,6,4,0,0,1,1,0,0,0,0,13.60900337,52.5007862
12,12100205,2021,6,17,2,3,0,1,0,0,0,0,1,0,0,0,13.34027487,52.58813056
2,2500831,2021,5,11,2,3,6,2,0,0,1,1,0,0,0,0,13.46366014,52.51076192
3,3400722,2021,6,15,6,2,1,5,0,1,1,0,0,0,0,0,13.40789042,52.5731905
9,9200715,2021,6,19,6,3,5,2,1,0,1,0,0,0,0,0,13.54654618,52.42636389
9,9200716,2021,6,9,3,3,1,5,0,0,1,0,1,0,0,0,13.54152525,52.43724121
8,8200622,2021,6,20,6,3,6,4,0,0,1,1,0,0,0,0,13.43618874,52.46221252
1,1401045,2021,6,23,1,2,0,7,2,0,0,0,0,0,1,0,13.37918939,52.55301076
4,4300416,2021,6,9,2,3,5,2,0,1,1,0,0,0,0,0,13.30172981,52.50973842
1,1400937,2021,5,14,5,3,0,2,0,1,1,0,0,0,0,0,13.33908457,52.55392855
5,5200629,2021,6,15,4,3,5,2,0,1,1,0,0,0,0,0,13.19572262,52.52958254
5,5200528,2021,7,11,1,3,0,1,0,0,0,0,1,0,0,0,13.16996177,52.51855871
3,3601348,2021,5,12,2,3,5,3,0,1,1,0,0,0,0,0,13.4226102,52.54458336
9,9502043,2021,6,15,3,3,5,2,0,1,1,0,0,0,0,0,13.58463426,52.46624037
1,1200623,2021,7,8,3,3,0,7,0,0,1,0,0,0,1,0,13.35245771,52.53345249
9,9100408,2021,7,15,6,3,5,3,0,1,1,0,0,0,0,0,13.51168132,52.44535002
12,12500825,2021,6,11,2,3,0,7,0,1,0,0,0,0,0,0,13.31369125,52.58577029
1,1100313,2021,6,18,6,3,0,4,0,0,1,1,0,0,0,0,13.41817253,52.51237556
7,7100204,2021,6,19,5,2,1,5,1,1,1,0,0,0,0,0,13.34966485,52.49042914
2,2200210,2021,6,19,3,3,3,6,0,0,1,0,1,0,0,0,13.40287352,52.49397791
1,1300732,2021,6,6,3,3,0,5,0,0,1,0,0,0,1,0,13.38643133,52.55892201
12,12400616,2021,6,17,1,2,5,3,0,0,1,0,0,0,0,0,13.22924629,52.57327696
4,4501042,2021,6,17,7,3,2,6,0,0,1,0,0,0,1,0,13.32632986,52.50264807
3,3200206,2021,7,10,6,3,5,3,0,1,1,0,0,0,0,0,13.40055034,52.58041342
9,9200819,2021,6,16,4,3,0,1,0,1,0,0,0,0,1,0,13.56769076,52.44485628
10,10100313,2021,6,14,6,3,5,2,0,0,1,0,0,0,0,0,13.53967248,52.53981117
9,9100304,2021,6,10,2,3,6,7,0,0,1,1,0,0,0,0,13.48881132,52.46413198
9,9301025,2021,5,7,4,2,0,1,0,1,0,0,0,0,0,0,13.56889955,52.39823869
3,3200310,2021,6,10,4,3,6,3,0,0,1,1,0,0,0,1,13.43059025,52.61053879
7,7601442,2021,7,18,2,3,5,2,0,0,1,0,1,0,0,0,13.40106155,52.41457017
4,4200308,2021,7,14,4,2,5,3,0,1,1,0,0,0,0,0,13.27239675,52.51867731
2,2100106,2021,6,13,4,3,5,3,0,0,1,0,0,0,0,0,13.39942972,52.49828786
6,6300528,2021,5,15,7,3,5,2,0,1,0,0,0,0,0,0,13.26354984,52.41659856
6,6400735,2021,6,13,5,3,5,3,0,1,1,0,0,0,0,0,13.17595798,52.41956308
5,5100314,2021,6,15,4,3,5,3,0,1,0,0,0,0,0,0,13.20576871,52.54172416
9,9301126,2021,6,6,4,3,1,5,0,0,1,0,1,0,0,0,13.58998416,52.40876616
3,3400723,2021,6,11,7,3,0,3,0,0,1,0,0,0,1,0,13.42145687,52.57541653
11,11200411,2021,6,5,4,2,5,3,0,0,1,0,1,0,0,0,13.51348098,52.5511464
9,9501737,2021,6,11,4,3,5,2,0,1,1,0,0,0,0,0,13.6248062,52.45161939
6,6300633,2021,6,8,2,3,1,5,0,0,1,0,0,0,1,0,13.31077355,52.43260032
7,7601443,2021,6,21,7,3,1,7,2,1,0,0,0,0,1,0,13.4086649,52.40491024
9,9200512,2021,7,14,1,3,2,6,0,0,1,0,0,0,0,0,13.56240815,52.45679101
1,1401048,2021,6,22,7,3,1,5,2,0,1,0,0,0,0,0,13.36286251,52.55006428
5,5200632,2021,6,12,1,3,0,1,0,1,0,0,0,0,0,0,13.21101712,52.52759063
5,5100316,2021,7,18,5,3,1,5,0,1,1,0,0,0,0,0,13.2024357,52.53799797
12,12400618,2021,7,13,3,3,2,6,0,0,1,0,0,0,0,0,13.23620787,52.62093842
7,7300516,2021,7,15,5,2,5,3,0,1,1,0,0,0,0,1,13.33115222,52.46955985
10,10200417,2021,6,13,5,3,5,2,0,1,1,0,0,0,0,0,13.59255422,52.54746268
8,8401242,2021,5,16,2,3,5,2,0,1,1,0,0,0,0,0,13.4869648,52.42289153
1,1300836,2021,6,8,6,2,0,1,0,1,0,0,0,0,0,0,13.37107304,52.54574732
3,3601452,2021,6,15,5,3,2,6,0,1,1,0,0,0,0,1,13.44892552,52.5290177
4,4100101,2021,6,13,2,3,5,3,0,1,1,0,0,0,0,0,13.29120399,52.53969728
7,7300618,2021,6,16,2,3,0,7,0,1,0,0,0,0,0,0,13.33734708,52.47026606
1,1200627,2021,5,13,5,3,5,2,0,0,1,0,0,0,1,0,13.35646907,52.52556871
2,2200211,2021,6,9,4,3,3,6,0,1,0,0,0,1,0,0,13.39425364,52.49090563
9,9502043,2021,5,17,1,2,4,6,0,0,1,0,0,0,0,0,13.55405782,52.46720538
8,8100312,2021,6,17,3,3,5,3,0,1,0,0,0,0,1,0,13.43893109,52.48750092
2,2300314,2021,7,11,2,2,5,2,0,1,0,0,0,0,1,1,13.42210007,52.49904121
8,8100208,2021,6,0,4,3,5,3,2,0,1,0,0,0,0,0,13.43600825,52.46855093
5,5300840,2021,7,9,6,3,1,7,0,0,1,0,0,0,0,0,13.27147779,52.53492309
10,10100311,2021,7,15,6,3,5,3,0,1,1,0,0,0,0,0,13.52914869,52.52623874
2,2400623,2021,6,18,5,3,5,3,0,1,1,0,0,0,0,0,13.42631268,52.51592904
3,3200309,2021,6,11,5,2,0,1,0,1,0,0,0,0,0,0,13.43193271,52.60394839
11,11200410,2021,6,20,2,3,5,3,0,0,1,0,0,0,0,0,13.51894684,52.55382008
3,3601142,2021,5,9,2,3,0,1,0,1,0,0,0,0,0,0,13.40050491,52.54855535
7,7601544,2021,6,18,6,3,5,2,0,0,1,0,0,0,0,0,13.40660348,52.39376468
9,9200716,2021,6,13,6,3,0,1,0,1,0,0,0,0,0,0,13.54245987,52.43586366
2,2200209,2021,7,16,6,3,5,2,0,1,1,0,0,0,0,0,13.38635744,52.4900768
3,3500932,2021,6,7,4,3,5,3,0,1,1,0,0,0,0,0,13.4405205,52.56106016
4,4100101,2021,6,18,6,3,5,2,0,1,1,0,0,0,0,0,13.32623028,52.53805455
7,7400927,2021,5,16,6,2,0,3,0,1,0,0,1,0,0,1,13.39164313,52.45754437
5,5100316,2021,6,14,4,3,2,2,0,0,1,0,1,0,0,0,13.18239612,52.53845167
7,7400927,2021,7,15,1,3,5,3,0,1,1,0,0,0,0,0,13.38921707,52.46573503
7,7400823,2021,5,12,3,3,5,3,0,1,1,0,0,0,0,0,13.37788452,52.4658472
4,4300620,2021,6,20,3,3,5,2,1,1,1,0,0,0,0,1,13.33577723,52.51369279
6,6200421,2021,7,12,2,2,5,7,0,0,1,0,0,0,0,0,13.31197985,52.4200512
1,1100205,2021,7,19,3,3,1,5,0,0,1,0,1,0,0,0,13.38280491,52.51132495
9,9100101,2021,7,20,7,3,1,5,1,1,1,0,0,0,0,0,13.45965454,52.49436212
5,5200631,2021,6,15,3,3,2,6,0,1,1,0,0,0,0,0,13.20319537,52.51970055
4,4200311,2021,6,13,7,3,2,6,0,0,1,0,0,0,0,0,13.28104776,52.50209446
9,9501939,2021,6,7,2,3,5,3,0,1,1,0,0,0,0,0,13.57641159,52.45454109
1,1100101,2021,6,9,3,3,5,2,0,0,0,0,1,0,1,0,13.34472455,52.50648286
6,6100103,2021,6,13,7,3,6,7,0,0,1,1,0,0,0,0,13.31017413,52.46704286
3,3300517,2021,6,16,7,3,5,3,0,1,0,0,0,0,0,0,13.47704372,52.56688942
2,2300316,2021,7,15,7,3,0,1,0,0,0,0,0,0,1,0,13.43804739,52.50036661
9,9200715,2021,6,6,6,3,5,2,0,0,1,0,0,0,0,0,13.52234756,52.42842864
11,11300620,2021,6,10,2,2,2,5,0,0,1,0,1,0,0,0,13.48492903,52.53349278
7,7400927,2021,5,6,4,3,0,3,0,1,1,0,0,0,0,0,13.4065672,52.45573062
9,9100408,2021,6,14,4,3,5,2,0,1,1,0,0,0,0,1,13.51429606,52.44636486
1,1200626,2021,7,18,3,3,5,2,0,1,1,0,0,0,0,0,13.35102391,52.52438981
9,9401329,2021,7,16,3,3,5,2,0,0,1,0,0,0,0,0,13.59241614,52.43855095
2,2200211,2021,6,15,4,3,2,3,0,1,1,0,0,0,0,0,13.38940297,52.48973614
3,3601142,2021,5,18,7,3,5,2,0,1,1,0,0,0,0,0,13.41320634,52.5476787
10,10400837,2021,6,16,5,2,5,3,0,1,0,0,0,0,1,0,13.57177298,52.48272487
1,1100309,2021,6,9,4,3,4,5,0,1,0,0,0,0,0,0,13.39647221,52.52845391
12,12100103,2021,6,12,3,3,3,3,0,0,1,0,1,0,0,1,13.36270858,52.57112211
4,4500939,2021,6,13,7,3,2,6,0,0,1,0,0,0,1,0,13.30186244,52.48831209
3,3100103,2021,7,7,6,3,5,3,0,0,1,0,0,0,1,1,13.49579987,52.62604747
5,5300841,2021,6,14,2,2,5,2,0,1,1,0,0,0,0,0,13.2722185,52.53830015
8,8100104,2021,6,5,6,3,5,3,0,0,1,0,1,0,0,0,13.42902948,52.47190409
4,4501150,2021,6,14,2,2,0,7,0,0,0,0,0,0,1,0,13.32242527,52.4847612
6,6100101,2021,6,13,3,3,5,2,0,0,1,0,0,0,0,0,13.31556562,52.45875155
2,2100104,2021,6,14,7,3,5,2,0,1,1,0,0,0,0,1,13.4109603,52.50383454
2,2500833,2021,6,18,7,2,1,5,0,1,1,0,0,0,0,0,13.4563896,52.50986159
1,1100416,2021,7,19,7,3,0,1,0,1,0,0,0,0,0,0,13.40495247,52.53382524
1,1100415,2021,6,9,4,3,0,1,0,1,0,0,0,0,0,0,13.39854998,52.53255357
5,5100313,2021,6,17,7,3,6,4,0,0,1,1,0,0,0,0,13.21185186,52.55383154
10,10100102,2021,6,10,2,3,5,2,0,0,1,0,0,0,0,0,13.57186861,52.56833416
4,4200310,2021,5,8,3,3,5,2,0,0,0,0,1,1,0,0,13.26631433,52.51306814
9,9200512,2021,6,9,4,2,7,7,0,1,0,0,0,0,0,1,13.53888189,52.45921049
4,4400728,2021,7,15,2,3,2,6,0,0,1,0,0,0,1,0,13.26589279,52.48320769
4,4300622,2021,7,18,3,3,6,7,0,0,0,1,0,0,1,0,13.33052698,52.5126245
12,12200310,2021,6,20,4,3,3,6,1,0,1,0,1,0,0,0,13.31182347,52.57129142
11,11100204,2021,5,15,7,3,5,2,0,0,1,0,0,0,0,0,13.52466324,52.56484722
4,4500937,2021,6,16,5,3,2,6,0,1,1,0,0,0,0,0,13.29582741,52.49783254
1,1401048,2021,6,16,4,2,5,3,0,1,0,0,0,0,1,0,13.36132834,52.55510781
8,8401241,2021,6,20,3,2,5,3,0,1,1,0,0,0,0,0,13.47807555,52.44213958
8,8100312,2021,6,0,7,3,0,5,2,1,1,0,0,0,0,0,13.43322568,52.4849568
4,4300619,2021,6,16,3,3,2,7,0,1,1,0,0,0,0,0,13.31806907,52.51835518
8,8100102,2021,6,13,4,3,3,6,0,1,1,0,0,0,0,0,13.42617519,52.47752582
7,7501031,2021,6,9,2,3,2,6,0,0,1,0,0,0,0,0,13.39744604,52.44224101
8,8200726,2021,6,15,1,3,8,1,0,0,1,0,0,0,0,0,13.43639631,52.44883776
1,1100207,2021,7,18,1,2,0,1,0,1,0,0,0,0,0,0,13.40268637,52.5165389
12,12400723,2021,6,1,1,2,1,1,2,0,1,0,0,0,0,0,13.30743989,52.6189227
11,11200410,2021,7,15,5,2,5,2,0,0,1,0,1,0,0,1,13.50311322,52.55405342
7,7300517,2021,7,19,3,3,5,3,0,1,0,0,0,0,0,0,13.32945362,52.47157707
11,11400927,2021,7,17,5,3,2,6,0,0,1,0,0,0,0,1,13.47266918,52.50506265
6,6400838,2021,6,17,5,3,5,3,0,0,1,0,0,0,0,0,13.2337655,52.44744355
4,4100101,2021,5,10,2,3,6,6,0,0,1,1,0,0,0,0,13.3111582,52.53945287
4,4501045,2021,6,12,6,3,0,7,0,0,0,0,1,0,0,1,13.33115759,52.49626748
4,4501148,2021,6,7,5,3,2,6,0,0,1,0,0,0,0,1,13.31205704,52.48006827
4,4100101,2021,6,16,3,3,2,6,0,0,1,0,0,1,0,0,13.32608369,52.53853846
8,8100206,2021,6,23,1,3,1,5,2,1,1,0,0,0,0,0,13.42411529,52.48610997
9,9401534,2021,6,13,1,3,1,5,0,1,1,0,0,0,0,0,13.57471463,52.44596208
4,4200203,2021,5,11,5,3,8,1,0,0,1,0,0,0,0,1,13.24777253,52.51885898
4,4501045,2021,6,18,4,3,5,2,0,1,1,0,0,0,0,0,13.32717869,52.49499759
6,6400735,2021,5,13,2,2,0,1,0,1,0,0,0,0,0,0,13.13257757,52.42564535
7,7501030,2021,6,11,2,3,5,2,0,0,1,0,0,0,0,0,13.38587191,52.44557276
2,2100101,2021,7,18,2,3,5,2,0,1,1,0,0,0,0,0,13.38663723,52.50102562
1,1300731,2021,7,8,5,3,5,3,0,1,1,0,0,0,0,1,13.38875826,52.56692446
5,5200423,2021,7,9,6,2,9,1,0,0,1,0,0,1,0,1,13.14150231,52.5324905
7,7100205,2021,6,13,6,3,5,2,0,1,1,0,0,0,0,0,13.36426009,52.4939368
2,2100104,2021,6,15,5,3,2,6,0,1,1,0,0,0,0,0,13.41042528,52.50378274
1,1100313,2021,6,6,2,2,5,2,0,0,1,0,1,0,0,0,13.42198457,52.51092951
8,8100207,2021,5,16,2,3,5,3,0,1,1,0,0,0,0,0,13.43763267,52.47883503
9,9300920,2021,6,18,6,3,0,6,0,1,0,0,1,0,0,0,13.52774377,52.42441791
4,4501153,2021,6,16,6,3,2,6,0,1,1,0,0,0,0,0,13.33311627,52.48713837
1,1100416,2021,7,16,6,3,5,3,0,1,1,0,0,0,0,0,13.40308771,52.53370581
3,3601449,2021,6,7,4,2,5,3,0,1,1,0,0,0,0,0,13.4526956,52.53912368
3,3200205,2021,6,12,6,3,5,3,0,0,1,0,1,0,0,1,13.39095269,52.58387114