BEZ,LOR_ab_2021,UJAHR,UMONAT,USTUNDE,UWOCHENTAG,UKATEGORIE,UART,UTYP1,ULICHTVERH,IstRad,IstPKW,IstFuss,IstKrad,IstGkfz,IstSonstige,USTRZUSTAND,XGCSWGS84,YGCSWGS84
2,2300314,2021,5,7,6,3,5,3,0,1,1,0,0,0,0,1,13.42381112,52.50120648
2,2100106,2021,6,16,5,3,5,3,0,1,0,0,0,0,1,0,13.39967778,52.4982898
1,1100311,2021,7,18,7,3,0,5,0,1,1,0,0,0,0,0,13.41822379,52.51737235
8,8100314,2021,5,20,3,3,6,7,1,0,1,1,0,0,0,1,13.43347718,52.48221106
4,4200308,2021,6,15,3,3,2,6,0,0,1,0,0,0,0,0,13.28017895,52.51832127
5,5100105,2021,7,12,2,3,5,3,0,0,1,0,0,0,1,0,13.1982327,52.55693389
1,1400937,2021,7,12,3,3,5,3,0,0,1,0,0,0,0,0,13.33942085,52.55402543
4,4300622,2021,5,17,6,3,2,6,0,0,1,0,0,0,0,1,13.32098555,52.51299761
6,6300633,2021,6,8,4,3,5,2,0,1,1,0,0,0,0,0,13.31541379,52.44796567
4,4501044,2021,7,11,7,2,1,7,0,0,1,0,1,0,0,1,13.32229428,52.49307321
8,8401243,2021,6,13,2,3,3,6,0,1,1,0,0,0,0,0,13.49576017,52.43215095
2,2300316,2021,6,18,6,3,5,3,0,1,1,0,0,0,0,0,13.43189253,52.50566069
4,4501042,2021,6,13,3,3,3,5,0,0,1,0,0,0,1,0,13.33321087,52.5065644
4,4501147,2021,6,17,3,3,2,6,0,1,1,0,0,0,0,0,13.3211445,52.48851979
7,7400927,2021,6,11,7,3,6,7,0,1,0,1,0,0,0,0,13.38745584,52.46466743
12,12100205,2021,6,10,6,2,5,3,0,0,1,0,0,0,0,0,13.35130468,52.56744388
12,12200515,2021,7,17,7,3,5,2,0,1,1,0,0,0,0,0,13.28949387,52.58261381
8,8401241,2021,6,15,6,3,5,3,0,1,1,0,0,0,0,0,13.47387026,52.43809655
11,11300721,2021,5,18,3,3,2,6,0,0,1,0,0,1,0,0,13.50510644,52.53454041
3,3200205,2021,6,14,4,3,6,4,0,0,0,1,0,0,1,1,13.38822148,52.5887129
9,9401534,2021,7,14,3,3,5,7,0,1,0,0,0,0,0,0,13.57533232,52.44749739
3,3300412,2021,7,19,4,3,1,5,0,1,1,0,0,0,0,0,13.47144577,52.61019992
10,10100104,2021,6,0,5,2,6,4,2,0,0,1,0,0,1,0,13.57212477,52.56473255
1,1300730,2021,5,22,7,3,5,3,2,0,1,0,0,0,0,0,13.37112706,52.55869642
4,4300416,2021,6,16,5,3,2,6,0,1,1,0,0,0,0,0,13.29909366,52.50797638
5,5300735,2021,6,15,4,3,6,7,0,0,1,1,0,0,0,0,13.22572783,52.55585709
3,3601243,2021,6,17,3,3,5,3,0,1,1,0,0,0,0,0,13.42215708,52.55275764
7,7200410,2021,6,18,1,3,1,5,0,1,1,0,0,0,0,0,13.35322959,52.48094862
3,3601450,2021,6,15,3,3,5,3,0,1,1,0,0,0,0,0,13.4565997,52.53492002
1,1100103,2021,6,14,4,3,5,3,0,1,1,0,0,0,0,0,13.36041464,52.50560089
2,2300314,2021,6,9,1,3,1,5,0,1,1,0,0,0,0,0,13.42007677,52.50238314
9,9100101,2021,7,22,1,3,6,7,2,1,0,1,0,0,0,0,13.44572258,52.49392276
2,2400624,2021,6,2,7,3,5,3,2,0,1,0,0,0,0,0,13.4454241,52.5127416
3,3601141,2021,7,8,5,3,2,6,0,0,1,0,0,0,0,1,13.41432153,52.55389733
11,11100203,2021,7,15,5,3,5,2,0,1,1,0,0,0,0,0,13.54008318,52.56528271
10,10300731,2021,6,8,5,3,5,3,0,1,1,0,0,0,0,0,13.55372209,52.51925778
1,1200627,2021,5,10,2,3,5,3,0,1,1,0,0,0,0,0,13.36421026,52.52791622
5,5200630,2021,6,17,5,2,1,5,0,1,1,0,0,0,0,0,13.1958252,52.521022
8,8100415,2021,6,9,5,3,5,3,0,0,1,0,0,0,0,1,13.4452295,52.47917593
11,11300722,2021,6,8,3,3,5,2,0,1,1,0,0,0,0,0,13.48542773,52.52318829
8,8200726,2021,6,17,2,3,5,2,0,0,1,0,0,0,0,0,13.44993045,52.44559952
7,7300515,2021,5,8,4,3,5,3,0,0,1,0,0,0,0,0,13.32180647,52.47353944
1,1100311,2021,6,7,4,3,1,5,0,0,1,1,0,1,0,0,13.41631487,52.51705227
4,4300414,2021,5,16,2,3,5,2,0,1,1,0,0,0,0,0,13.30064658,52.51731417
4,4501043,2021,6,15,2,3,1,5,0,0,1,0,0,0,0,0,13.31503357,52.49394151
10,10200525,2021,7,12,2,3,5,3,0,1,1,0,0,0,0,1,13.61424107,52.53025771
7,7100102,2021,6,14,3,3,5,3,0,1,1,0,0,0,0,0,13.3459796,52.4972628
1,1100101,2021,6,3,4,3,9,1,2,0,1,0,0,0,0,0,13.34939531,52.50856752
8,8401244,2021,6,16,1,3,5,3,0,0,1,0,0,0,0,0,13.4986301,52.41047113
2,2200213,2021,7,13,7,3,0,7,0,1,0,0,0,0,0,0,13.42253229,52.48897758
1,1400942,2021,6,16,1,3,0,1,0,0,0,0,1,0,0,0,13.34568327,52.54487701
2,2200209,2021,7,10,5,3,2,6,0,0,1,0,0,0,0,1,13.37665627,52.48792127
4,4501041,2021,7,6,5,3,5,3,0,0,1,0,1,0,0,0,13.31962677,52.50284358
3,3601243,2021,6,3,5,3,3,6,2,0,1,0,0,1,0,0,13.41617742,52.55341381
9,9200715,2021,5,18,1,3,0,7,0,1,0,0,0,0,0,0,13.52635573,52.43742657
2,2500830,2021,6,14,6,3,0,7,0,1,1,0,0,0,0,0,13.45696738,52.51305327
4,4300623,2021,6,18,4,3,1,5,0,1,1,0,0,0,0,0,13.30312196,52.50682512
2,2200209,2021,6,18,3,3,5,2,0,1,1,0,0,0,0,0,13.38629605,52.49007698
9,9501737,2021,6,19,1,3,3,6,0,1,1,0,0,0,0,0,13.62718897,52.44662272
1,1100310,2021,5,16,4,3,2,6,0,0,1,0,0,0,0,0,13.41474344,52.5157677
2,2100104,2021,6,18,4,3,5,2,0,1,1,0,0,0,0,0,13.40522036,52.50518513
5,5100209,2021,5,0,2,2,0,1,2,0,0,0,0,0,1,0,13.17798138,52.55088222
2,2500836,2021,6,21,2,3,0,3,1,1,0,0,0,0,0,0,13.4662828,52.49698542
4,4501148,2021,7,18,2,3,5,2,0,1,1,0,0,0,0,0,13.3158436,52.48183187
1,1200520,2021,7,18,6,3,5,2,0,1,1,0,0,0,0,0,13.34320004,52.53191841
2,2100106,2021,7,16,6,3,0,6,2,0,1,0,0,0,0,1,13.41836284,52.49878718
4,4200206,2021,6,15,6,3,5,2,0,1,1,0,0,0,0,0,13.21849928,52.50887259
2,2500832,2021,6,7,5,3,5,2,0,1,0,0,0,0,1,0,13.47036326,52.50626213
3,3200204,2021,6,11,2,3,0,1,0,1,0,0,0,0,0,0,13.42771664,52.6268388
8,8100521,2021,5,18,2,3,6,4,0,1,0,1,0,0,0,0,13.4668563,52.46832325
2,2300314,2021,6,18,6,3,2,6,0,1,1,0,0,0,0,0,13.41878619,52.50141907
1,1100104,2021,6,7,6,3,5,2,0,1,0,0,0,0,1,0,13.3658146,52.50306466
12,12200515,2021,7,20,6,3,5,3,0,0,1,0,0,0,0,0,13.28432686,52.59446091
5,5100315,2021,6,8,4,2,5,3,0,1,1,0,0,0,0,0,13.19428118,52.54585118
4,4200311,2021,6,18,6,3,2,2,0,0,1,0,0,0,0,0,13.28155017,52.51277769
7,7300515,2021,5,9,6,3,5,3,0,1,1,0,0,0,0,1,13.32799166,52.47335713
10,10100311,2021,6,13,5,3,0,1,0,0,0,0,1,0,0,1,13.52436729,52.53627511
7,7601544,2021,7,1,1,3,0,1,2,0,0,0,0,0,1,0,13.40692121,52.39377725
1,1200520,2021,5,18,3,3,2,6,0,0,1,0,1,0,0,1,13.34333894,52.5285205
3,3400722,2021,6,15,3,3,0,1,0,0,0,0,1,0,0,1,13.40665066,52.57562125
6,6100101,2021,7,19,2,3,5,3,0,1,1,0,0,0,0,0,13.30981921,52.466588
11,11400929,2021,7,19,3,3,1,5,0,1,1,0,0,0,0,0,13.49723942,52.50480241
6,6200316,2021,5,15,1,3,1,5,0,1,1,0,0,0,0,0,13.35497134,52.42800112
7,7200308,2021,6,12,4,3,6,4,0,1,0,1,0,0,0,0,13.35008828,52.47946045
7,7300618,2021,6,12,4,3,5,3,0,0,1,0,0,0,0,1,13.34294603,52.47592877
6,6300526,2021,7,18,7,3,5,3,0,0,1,0,0,0,0,0,13.24264632,52.43373526
9,9300920,2021,6,14,3,3,5,3,0,1,1,0,0,0,0,0,13.52666156,52.42458864
5,5100103,2021,6,21,6,2,5,2,1,0,1,0,0,0,1,0,13.20942699,52.56533682
4,4300620,2021,6,18,3,3,0,1,0,1,0,0,0,0,0,0,13.33590669,52.5139283
10,10200422,2021,6,17,3,3,5,3,0,1,1,0,0,0,0,0,13.60403835,52.5396418
9,9502043,2021,6,16,7,3,0,7,0,0,1,0,0,0,1,0,13.55666098,52.46426141
9,9401329,2021,6,14,2,3,5,3,0,1,1,0,0,0,0,0,13.59028505,52.43513675
3,3601142,2021,7,1,1,3,0,1,2,1,0,0,0,0,0,0,13.40118022,52.54683655
1,1100207,2021,6,12,7,3,5,3,0,1,1,0,0,0,0,0,13.39030315,52.50859412
6,6400844,2021,5,12,4,3,2,6,0,0,1,0,1,0,0,0,13.30937932,52.46743268
12,12100103,2021,6,16,4,3,8,1,0,0,1,0,0,0,0,1,13.35926528,52.57439132
6,6300632,2021,7,13,3,3,6,4,0,0,1,1,0,0,0,0,13.28230488,52.42118484
1,1100102,2021,7,0,4,3,5,2,2,1,0,0,0,0,1,1,13.37181786,52.50927518
2,2100102,2021,6,1,5,3,0,1,2,1,0,0,0,0,0,0,13.39712369,52.50530785
9,9502043,2021,5,20,2,3,5,3,0,1,1,0,0,0,0,0,13.55328499,52.46957556
2,2300417,2021,6,19,5,3,1,5,0,1,1,0,0,0,0,0,13.42893076,52.49417473
8,8200730,2021,6,14,4,3,6,7,0,0,1,1,0,0,0,0,13.44619961,52.42839268
1,1400938,2021,6,17,3,3,9,1,0,0,0,0,0,0,1,0,13.34918081,52.55203426
7,7601341,2021,6,19,1,3,5,3,0,1,1,0,0,0,0,0,13.37088768,52.40909509
10,10100205,2021,6,14,3,3,5,3,0,0,1,0,1,0,0,0,13.53737366,52.54031682
6,6400737,2021,6,17,4,3,5,3,0,1,1,0,0,0,0,0,13.1890328,52.4190992
11,11300722,2021,6,13,2,3,0,1,0,0,0,0,1,0,0,0,13.48011585,52.51904606
10,10200421,2021,7,16,2,3,5,3,0,1,1,0,0,0,0,0,13.60215536,52.5360893
6,6100204,2021,6,12,7,3,2,6,0,0,1,0,0,0,0,0,13.34890585,52.456137
6,6300634,2021,7,14,5,2,0,3,0,1,0,0,1,0,0,1,13.29637139,52.44339469
6,6100209,2021,7,11,5,3,0,4,0,0,0,1,1,0,0,0,13.33673202,52.46576026
3,3400723,2021,6,15,6,3,5,2,0,1,0,0,0,0,1,0,13.40892954,52.57107826
3,3501038,2021,6,15,2,2,2,6,0,0,1,0,0,0,0,0,13.47501029,52.54974153
10,10300734,2021,6,12,2,2,2,6,0,0,1,0,0,0,1,0,13.56124564,52.49291911
7,7100204,2021,5,18,2,3,2,7,0,0,1,0,0,0,0,0,13.35663779,52.49390643
4,4300414,2021,6,11,6,3,6,2,0,0,1,1,0,0,0,0,13.30048862,52.51704237
9,9200715,2021,6,17,6,3,5,2,0,0,1,0,1,0,0,0,13.52243167,52.42838462
4,4300622,2021,6,4,3,3,0,1,1,0,1,0,1,0,0,0,13.31859316,52.51756786
2,2300316,2021,6,7,6,3,5,3,0,1,1,0,0,0,0,1,13.43103101,52.50466895
4,4500936,2021,6,16,2,3,5,3,0,0,1,0,1,0,0,0,13.3055033,52.49963581
4,4300622,2021,5,18,5,3,3,2,0,1,1,0,0,0,0,1,13.32585791,52.50569231
4,4501043,2021,6,17,4,2,5,2,0,1,1,0,0,0,0,0,13.31242959,52.49925077
3,3500933,2021,7,13,1,3,5,2,0,0,1,0,1,0,0,0,13.45756428,52.55419429
7,7300619,2021,5,20,2,3,2,6,0,1,1,0,0,0,0,0,13.34600962,52.47080913
1,1401045,2021,6,21,3,3,5,2,1,1,1,0,0,0,0,1,13.37710419,52.55622746
7,7200409,2021,7,20,3,3,1,5,0,1,1,0,0,0,0,0,13.35358319,52.48990201
6,6300630,2021,7,20,5,2,6,4,0,0,1,1,0,0,0,0,13.31728914,52.44320394
7,7601442,2021,6,14,2,3,1,5,0,1,1,0,0,0,0,0,13.39064449,52.40606842
2,2300316,2021,6,19,6,3,5,3,0,0,1,0,0,0,0,0,13.43006976,52.50354016
8,8200623,2021,6,17,5,3,1,5,0,1,1,0,0,0,0,0,13.44596138,52.45674716
12,12500926,2021,6,11,3,3,1,5,0,1,1,0,0,0,0,0,13.32920512,52.59102287
4,4501045,2021,6,15,3,2,5,2,0,1,0,0,0,1,0,0,13.3236426,52.49359709
8,8100103,2021,6,20,6,3,2,6,0,1,1,0,0,0,0,0,13.42686455,52.47593208
4,4200204,2021,6,14,7,2,5,3,0,1,1,0,0,0,0,0,13.2233455,52.51008395
2,2400623,2021,7,17,7,2,6,4,0,0,1,1,0,0,0,0,13.42715247,52.51154187
2,2200213,2021,6,7,4,3,3,6,0,0,1,0,1,0,0,0,13.40710849,52.49335469
5,5200634,2021,6,16,6,3,2,2,0,0,1,0,0,0,1,0,13.208776,52.51068602
11,11200410,2021,6,8,4,2,6,4,0,0,0,1,0,0,1,0,13.51191654,52.55465325
5,5200528,2021,5,17,3,3,2,6,0,0,1,0,0,1,0,1,13.17851647,52.51676566
1,1300733,2021,6,8,4,3,2,2,0,1,1,0,0,0,0,1,13.38746347,52.55270534
6,6300633,2021,7,8,2,3,0,1,0,0,0,0,1,0,0,1,13.31543025,52.44844252
1,1100311,2021,7,13,4,3,0,6,0,0,1,0,1,0,0,1,13.41712346,52.51924295
11,11200515,2021,6,13,4,2,5,3,0,0,1,0,0,0,1,0,13.5140004,52.53960222
2,2300417,2021,5,14,7,3,0,5,0,0,1,0,1,0,0,0,13.42783261,52.49879182
9,9200613,2021,6,5,5,3,5,2,0,1,1,0,0,0,0,0,13.51627971,52.45581727
9,9300920,2021,6,14,4,3,4,7,0,0,1,1,0,0,0,1,13.55237643,52.41456936
1,1200520,2021,7,1,7,3,1,5,2,1,1,0,0,0,0,1,13.34071167,52.52643285
1,1200522,2021,6,23,3,2,0,1,2,0,0,0,1,0,0,0,13.33002574,52.52269005
8,8100311,2021,6,20,7,3,1,5,1,1,1,0,0,0,0,0,13.43074996,52.48661132
12,12200310,2021,6,13,3,2,0,6,0,0,1,0,0,0,1,0,13.30807388,52.57322851
4,4500936,2021,6,12,4,2,1,5,0,1,1,0,0,0,0,0,13.30340474,52.5037189
6,6300526,2021,6,16,2,3,5,2,0,1,1,0,0,0,0,0,13.25603205,52.43582659
6,6200313,2021,6,11,1,3,5,3,0,1,0,0,0,0,1,0,13.35017534,52.43421626
9,9200717,2021,7,19,7,3,5,2,0,1,1,0,0,0,0,0,13.5563454,52.43376196
4,4400727,2021,7,10,6,3,0,5,0,1,1,0,0,0,0,1,13.29428158,52.49150722
12,12500825,2021,6,15,6,3,5,3,0,0,0,0,0,0,1,0,13.31672303,52.58686592
8,8100418,2021,6,19,5,3,5,3,0,1,0,0,0,0,0,0,13.447819,52.48290255
9,9401534,2021,6,16,2,3,0,2,0,1,1,0,0,0,0,0,13.58250689,52.4426533
1,1100103,2021,5,11,2,3,5,3,0,0,1,0,0,0,0,0,13.35214098,52.50553314
2,2100102,2021,6,23,6,3,1,5,2,1,1,0,0,0,0,0,13.39080166,52.50497834
1,1100416,2021,6,20,7,3,0,1,0,1,0,0,0,0,0,0,13.40243676,52.53115924
2,2300314,2021,7,6,7,3,6,7,0,0,0,1,0,0,1,0,13.41844256,52.50010034
5,5200629,2021,6,17,4,2,6,2,0,0,1,1,0,0,0,0,13.19817164,52.53282288
6,6300629,2021,6,17,6,3,5,2,0,1,1,0,0,0,0,0,13.30092853,52.44820855
11,11300721,2021,5,10,6,3,6,3,0,0,1,1,0,0,0,1,13.49067751,52.52655899
4,4501147,2021,6,9,5,3,2,6,0,1,0,0,0,0,1,0,13.31949738,52.48703714
7,7400826,2021,7,15,1,3,5,2,0,1,1,0,0,0,0,0,13.36682061,52.44967029
2,2100104,2021,5,13,2,3,5,3,0,0,1,0,0,0,1,0,13.40513027,52.5049852
2,2200210,2021,6,18,3,3,0,7,0,1,0,0,0,0,0,0,13.40529469,52.49364008
2,2400623,2021,7,9,3,2,5,2,0,0,1,0,0,0,0,0,13.43968236,52.51387417
3,3601245,2021,7,20,3,2,5,3,0,1,1,0,0,0,0,0,13.43677955,52.54873181
1,1401043,2021,5,8,7,2,0,5,0,0,0,0,1,0,1,0,13.36024296,52.54716307
4,4500936,2021,6,15,5,3,1,5,0,1,1,0,0,0,0,0,13.3058953,52.50160772
9,9200715,2021,6,13,4,3,5,2,0,1,1,0,0,0,0,0,13.53457089,52.43268303
3,3400721,2021,7,1,7,3,6,2,2,0,1,1,0,0,0,1,13.39582427,52.56595381
4,4501041,2021,6,9,2,3,5,7,0,1,1,0,0,0,0,0,13.3169623,52.50307346
4,4500936,2021,6,18,6,2,5,2,0,0,1,0,1,0,0,0,13.30445901,52.50361671
4,4200308,2021,6,8,3,3,5,3,0,0,1,0,0,0,0,0,13.2725432,52.51933578
1,1300835,2021,6,7,3,2,5,3,0,1,1,0,0,0,0,0,13.3800668,52.54053495
2,2300315,2021,6,21,1,3,1,5,1,1,1,0,0,0,0,0,13.42427597,52.49990015
6,6200422,2021,6,17,1,3,6,2,0,0,1,1,0,0,0,0,13.33229063,52.42525997
3,3500934,2021,7,16,1,2,5,2,0,0,1,0,1,0,0,0,13.4325621,52.55757856
8,8301037,2021,6,14,1,3,2,6,0,0,1,0,0,0,0,0,13.47414359,52.42570564
9,9300922,2021,6,12,1,3,5,3,0,0,1,0,0,0,0,0,13.53137363,52.4050958
3,3400620,2021,5,15,3,3,5,3,0,1,1,0,0,0,0,1,13.39741614,52.57124434
8,8100417,2021,6,11,4,3,2,6,0,0,1,0,0,0,0,1,13.4562225,52.47378015
2,2200210,2021,7,17,3,3,5,2,0,0,1,0,0,0,1,0,13.40204907,52.49256801
3,3200309,2021,7,10,4,3,2,6,0,0,1,0,0,1,0,1,13.44304779,52.61461622
10,10300734,2021,6,6,5,3,2,6,0,1,0,0,0,0,1,0,13.56157812,52.50235788
5,5200629,2021,6,16,2,3,1,5,0,0,1,0,0,0,0,0,13.18971754,52.52812349
8,8100314,2021,5,23,1,2,5,3,2,0,1,0,1,0,0,0,13.43367912,52.48192761
8,8200726,2021,6,17,5,3,6,7,0,0,0,1,1,0,0,0,13.4371279,52.45015274
11,11200514,2021,6,16,4,3,5,3,0,1,1,0,0,0,0,0,13.49784767,52.53627388
5,5100313,2021,6,17,3,3,5,2,0,1,1,0,0,0,0,0,13.20710563,52.55407969
9,9501737,2021,6,20,7,2,0,1,0,0,0,0,1,0,0,1,13.62478533,52.45145096
7,7400824,2021,5,18,5,2,0,2,0,0,1,0,0,0,1,1,13.3854601,52.46712334
1,1300836,2021,6,8,4,3,5,2,0,0,1,0,1,0,0,0,13.37851691,52.5447131
5,5100210,2021,5,16,1,3,5,2,0,0,1,0,0,0,0,0,13.19154325,52.5462662
1,1300836,2021,6,15,2,3,5,2,0,0,1,0,0,0,0,0,13.37026938,52.54467769
9,9300922,2021,7,19,2,3,5,3,0,1,1,0,0,0,0,0,13.52687827,52.40143353
1,1401044,2021,6,20,4,2,5,3,1,0,1,0,1,0,0,0,13.36829015,52.55009462
5,5100101,2021,7,7,6,3,6,4,0,1,0,1,0,0,0,0,13.21250181,52.57342333
4,4501041,2021,7,13,5,3,6,2,0,0,1,1,0,0,0,0,13.31692127,52.5011354
2,2200207,2021,6,11,6,3,5,2,0,1,1,0,0,0,0,0,13.37675212,52.49143154
2,2400522,2021,6,8,5,2,2,6,0,0,1,0,0,0,0,0,13.44689358,52.52625591
9,9200715,2021,6,16,2,3,2,2,0,0,1,0,1,0,0,0,13.54698437,52.43147823
4,4400726,2021,6,9,3,3,5,3,0,1,1,0,0,0,0,0,13.28807092,52.48816485
12,12500824,2021,6,19,6,3,5,3,0,1,1,0,0,0,0,0,13.29173543,52.59604427
1,1100308,2021,6,16,6,3,4,6,0,1,1,0,0,0,0,0,13.37886934,52.52681419
11,11100101,2021,6,16,4,3,0,6,0,1,1,0,0,0,0,0,13.53656968,52.58673509
4,4200309,2021,6,12,6,3,5,3,0,0,1,0,0,0,0,0,13.26116302,52.51791757
4,4300517,2021,6,15,2,3,0,6,0,0,1,0,1,0,0,0,13.30035752,52.52230096
4,4300620,2021,5,4,6,2,8,7,1,0,1,0,0,0,0,0,13.32685708,52.51976573
4,4200203,2021,6,12,4,3,2,6,0,0,0,0,1,0,0,0,13.24487984,52.51327828
8,8200725,2021,7,14,1,3,0,3,0,0,1,0,1,0,0,0,13.41328059,52.4393654
1,1200623,2021,5,15,3,3,5,3,0,0,1,0,0,0,0,1,13.35126509,52.52971526
3,3601243,2021,6,11,3,3,3,6,0,1,1,0,0,0,0,0,13.42481285,52.55277135
3,3601346,2021,7,19,3,3,0,1,0,1,0,0,0,0,0,0,13.41372312,52.54231707
9,9200717,2021,7,15,6,3,6,4,0,0,0,1,1,0,0,0,13.55185895,52.43929052
1,1100414,2021,6,14,2,3,1,5,0,1,1,0,0,0,1,0,13.38270688,52.53148547
8,8100417,2021,6,18,6,3,5,2,0,1,1,0,0,0,0,0,13.45583748,52.47382348
12,12500928,2021,6,20,3,3,3,6,0,0,1,0,0,0,0,0,13.32226245,52.6088355
12,12400721,2021,6,11,3,3,5,3,0,1,1,0,0,0,0,0,13.3019116,52.63560047
4,4500939,2021,6,15,1,3,3,6,0,0,1,0,1,0,0,0,13.30900382,52.49098734
1,1401046,2021,6,14,7,3,6,4,0,0,1,1,0,0,0,0,13.3451102,52.5390663
6,6400736,2021,7,19,7,2,2,2,0,1,1,0,0,0,0,0,13.22707605,52.42411737
1,1100415,2021,6,12,4,3,0,1,0,1,0,0,0,0,0,0,13.39872314,52.53257804
1,1100310,2021,6,2,6,3,9,1,2,0,0,0,1,0,0,0,13.41557535,52.52709936
1,1300834,2021,6,6,2,3,6,2,0,0,1,1,0,0,0,0,13.3961544,52.53830822
4,4200308,2021,5,16,4,3,2,6,0,0,1,0,0,0,1,0,13.26740725,52.52045072
2,2200210,2021,6,8,4,3,0,2,0,1,1,0,0,0,0,1,13.39780494,52.49528904
8,8301036,2021,7,11,2,3,2,6,0,0,1,0,0,0,0,0,13.4695131,52.42860031
10,10400938,2021,7,13,4,3,5,3,0,1,1,0,0,0,0,0,13.61390469,52.51647112
4,4400835,2021,6,8,4,3,6,4,0,0,1,1,0,0,0,0,13.31761878,52.47392725
7,7501134,2021,5,11,7,3,2,6,0,0,1,0,1,0,0,0,13.40422316,52.42739882
7,7200409,2021,6,14,5,3,6,4,0,0,0,1,1,0,0,0,13.35260341,52.48973214
3,3100101,2021,6,15,4,3,5,2,0,0,1,0,0,0,1,0,13.47946982,52.64368285
9,9100409,2021,6,18,3,3,0,1,0,1,0,0,0,0,0,0,13.51754941,52.44438367
2,2200210,2021,6,3,7,3,0,1,1,0,0,0,1,0,0,0,13.40110898,52.49313366
1,1400940,2021,6,16,3,3,5,2,0,1,1,0,0,0,0,0,13.36421254,52.55794966
7,7501134,2021,6,22,4,3,5,2,2,1,1,0,0,0,0,0,13.38968589,52.43935986
4,4100101,2021,6,8,2,3,2,6,0,0,1,0,0,0,0,0,13.2925879,52.53426405
4,4501041,2021,6,23,1,3,3,6,2,1,1,0,0,0,0,0,13.31540348,52.5010576
3,3300516,2021,7,0,1,3,1,5,2,0,0,0,1,0,1,0,13.42973002,52.57180584
4,4501040,2021,6,22,1,3,3,6,2,0,1,0,0,0,1,0,13.3075621,52.50013413
1,1100313,2021,6,20,4,3,0,2,1,1,0,0,1,0,0,1,13.41775184,52.50660508
9,9301228,2021,7,21,4,2,0,1,1,1,0,0,0,0,0,0,13.68233949,52.37063366
1,1200517,2021,7,8,5,3,5,3,0,1,1,0,0,0,0,0,13.34169931,52.53484119
2,2200207,2021,6,7,5,3,5,2,0,1,0,0,0,0,1,0,13.37675774,52.49141423
8,8200623,2021,5,11,1,3,6,7,0,0,1,1,0,0,0,0,13.43672539,52.4571189
3,3601141,2021,6,6,6,3,5,3,0,0,1,0,1,0,0,0,13.41471371,52.55386983
12,12200309,2021,6,6,4,3,3,6,0,0,1,0,1,0,0,0,13.33202804,52.56183792
3,3400721,2021,6,15,3,3,5,3,0,1,0,0,0,0,0,0,13.39821344,52.56455744
7,7601544,2021,6,10,6,3,5,2,0,1,1,0,0,0,0,0,13.4016414,52.39449122
6,6400844,2021,6,15,2,3,2,6,0,0,1,0,0,0,0,0,13.27711978,52.46432836
5,5100103,2021,6,18,1,3,6,4,0,0,1,1,0,0,0,0,13.21079583,52.56746187
5,5100315,2021,5,14,5,3,5,3,0,0,1,0,0,0,1,0,13.19840733,52.54283785
1,1300732,2021,6,17,4,3,6,4,0,0,1,1,0,0,0,0,13.39255561,52.56409392
1,1300834,2021,5,20,1,3,5,3,2,1,1,0,0,0,0,0,13.40022311,52.53944963
7,7200409,2021,6,7,3,3,5,5,0,0,1,0,1,0,0,0,13.35336721,52.48987586
3,3400724,2021,7,11,2,3,0,3,0,0,1,0,0,0,1,1,13.42860072,52.58159293
3,3701554,2021,6,13,5,3,2,7,0,1,0,0,0,0,1,0,13.4078588,52.53679155
8,8100415,2021,7,18,6,3,1,5,0,1,1,0,0,0,0,0,13.44425897,52.47850446
6,6400840,2021,7,15,6,3,5,7,0,0,1,0,0,0,0,1,13.25099221,52.45004581
5,5100316,2021,6,13,6,3,0,1,0,0,0,0,1,0,0,0,13.20263193,52.54046233
1,1400937,2021,6,22,5,3,5,2,2,1,0,0,1,0,0,0,13.33321436,52.56091056
2,2400521,2021,6,22,1,3,6,4,2,0,0,1,1,0,0,0,13.43964399,52.52382523
4,4200310,2021,5,11,4,3,5,3,0,0,1,0,0,0,0,0,13.27390367,52.50968098
1,1100103,2021,7,14,5,3,3,6,0,0,1,0,1,0,0,1,13.35179809,52.50561475
4,4200309,2021,7,16,3,3,5,3,0,1,1,0,0,0,0,0,13.25794438,52.51818638
1,1300835,2021,7,11,5,3,0,7,0,1,0,0,0,0,0,0,13.39225893,52.53682907
11,11300620,2021,6,11,5,3,5,2,0,0,1,0,0,0,0,0,13.48535792,52.52667922
7,7100101,2021,5,21,1,3,5,3,1,0,1,0,0,0,1,0,13.34068785,52.49937678
3,3500934,2021,6,8,6,2,0,7,0,0,1,0,0,1,0,0,13.44063203,52.55069104
3,3500934,2021,6,12,5,3,5,3,0,1,1,0,0,0,0,1,13.43585459,52.55098665
1,1100310,2021,6,15,3,3,5,3,0,1,0,0,0,0,0,0,13.40828354,52.52540599
4,4501043,2021,6,17,2,3,5,3,0,1,1,0,0,0,0,0,13.31869955,52.49809894
5,5300840,2021,5,16,5,3,8,1,0,0,0,0,1,0,0,1,13.26626049,52.53388831
7,7601544,2021,6,9,4,2,5,3,0,0,1,0,0,0,0,0,13.40676053,52.39376795
4,4300619,2021,5,21,1,3,0,2,1,0,1,0,0,0,1,0,13.31507179,52.51463695
8,8100418,2021,6,13,2,3,5,3,0,1,0,0,0,0,1,0,13.45485983,52.4757569