BEZ,LOR_ab_2021,UJAHR,UMONAT,USTUNDE,UWOCHENTAG,UKATEGORIE,UART,UTYP1,ULICHTVERH,IstRad,IstPKW,IstFuss,IstKrad,IstGkfz,IstSonstige,USTRZUSTAND,XGCSWGS84,YGCSWGS84
4,4501150,2021,7,17,2,3,5,2,0,1,1,0,0,0,0,0,13.32239296,52.48637455
2,2300316,2021,6,16,5,3,6,4,0,0,1,1,0,0,0,0,13.43396909,52.50186615
2,2300314,2021,7,18,6,3,1,5,0,1,1,0,0,0,0,0,13.41867295,52.50041824
11,11300620,2021,7,4,5,3,5,2,2,1,1,0,0,0,0,0,13.48490503,52.53363832
3,3400721,2021,6,8,5,3,2,6,0,0,1,0,1,0,0,0,13.39417371,52.56495715
5,5300840,2021,6,13,4,3,6,7,0,0,0,1,0,0,1,0,13.26432747,52.53770938
4,4100101,2021,6,16,2,3,4,1,0,1,0,0,0,0,0,0,13.32400556,52.53834004
6,6200316,2021,5,14,2,2,5,3,0,0,1,0,1,0,0,0,13.35511447,52.42769578
2,2100104,2021,6,18,6,3,5,3,0,1,1,0,0,0,0,0,13.41096869,52.50390498
9,9301126,2021,6,15,5,3,2,3,0,1,1,0,0,0,0,0,13.55901301,52.4235606
8,8100104,2021,6,13,3,3,6,4,0,0,1,1,0,0,0,0,13.43027993,52.46927137
3,3601245,2021,6,19,6,3,2,6,0,0,1,0,0,0,0,0,13.43090195,52.55106105
3,3601450,2021,5,15,6,2,5,2,0,0,1,0,1,0,0,1,13.45588316,52.53082561
4,4501040,2021,6,13,4,3,2,6,0,1,0,0,0,0,0,0,13.31366332,52.5048464
6,6100210,2021,7,15,1,3,6,7,0,1,0,1,0,0,0,0,13.34302627,52.45883156
7,7100101,2021,5,12,3,3,5,3,0,1,1,0,0,0,0,1,13.34179871,52.49449483
5,5200528,2021,6,16,3,3,2,6,0,0,1,0,0,0,0,0,13.17972448,52.50304865
1,1100206,2021,7,9,3,3,2,6,0,1,1,0,0,0,0,0,13.39706805,52.51333938
9,9200511,2021,7,1,7,3,9,1,2,0,1,0,0,0,0,1,13.52220791,52.46356352
7,7300516,2021,6,12,2,3,2,7,0,1,0,0,0,0,1,0,13.32831462,52.46709044
4,4501040,2021,6,19,6,3,0,6,0,1,0,0,0,0,0,0,13.31331464,52.50252407
3,3200204,2021,6,11,3,3,2,6,0,0,1,0,1,0,0,0,13.40841052,52.60380811
5,5400943,2021,6,19,3,3,5,3,0,1,1,0,0,0,0,0,13.1230692,52.4719467
5,5200420,2021,6,0,7,2,0,1,2,0,0,0,0,0,1,0,13.17080238,52.53367348
8,8100103,2021,6,13,6,2,5,3,0,0,1,0,1,0,0,0,13.42799659,52.47340569
1,1100309,2021,7,22,6,3,2,6,2,0,1,0,1,0,0,0,13.40276829,52.52969199
7,7200409,2021,6,16,6,3,3,6,0,0,1,0,0,0,1,0,13.35285481,52.48975693
9,9100408,2021,6,13,2,3,5,3,0,0,1,0,0,0,0,0,13.51410882,52.44650191
6,6300526,2021,5,9,4,3,5,2,0,1,1,0,0,0,0,0,13.25993034,52.42926107
5,5100105,2021,6,14,4,3,2,6,0,0,1,0,0,0,0,1,13.18855351,52.55654181
6,6300528,2021,7,18,3,3,5,3,0,1,1,0,0,0,0,0,13.25679687,52.42647616
1,1100415,2021,7,10,4,3,2,6,0,0,1,0,0,0,1,1,13.38934626,52.53171246
4,4300622,2021,6,11,4,3,5,3,0,1,1,0,0,0,0,0,13.3279276,52.50545454
3,3100101,2021,5,14,7,3,9,1,0,0,1,0,0,0,0,0,13.48693177,52.65596567
8,8100209,2021,6,16,5,3,5,2,0,1,1,0,0,0,0,0,13.44283824,52.4650306
11,11501238,2021,6,17,4,3,5,3,0,1,1,0,0,0,0,0,13.48051288,52.49900866
4,4300619,2021,6,16,3,2,5,2,0,1,0,0,0,0,1,0,13.31359565,52.5153336
8,8100415,2021,6,21,7,3,5,3,1,1,1,0,0,0,0,0,13.44539081,52.47918271
4,4400832,2021,6,10,3,3,5,2,0,1,1,0,0,0,0,0,13.28933521,52.47069661
12,12200309,2021,6,15,4,3,5,7,0,0,1,0,0,0,0,0,13.31744224,52.56665834
4,4501045,2021,6,17,2,2,5,2,0,1,1,0,0,0,0,0,13.33050527,52.49540102
5,5300737,2021,6,20,2,3,5,7,0,0,1,0,1,0,0,0,13.2392779,52.54497654
8,8401243,2021,7,23,1,3,9,1,2,0,1,0,0,0,0,0,13.4955435,52.43155043
1,1200625,2021,6,21,7,3,5,2,2,0,1,0,1,0,0,0,13.34537593,52.52987652
6,6300524,2021,7,9,5,3,5,3,0,0,1,0,0,1,0,1,13.25486388,52.42779722
3,3601243,2021,7,23,4,3,2,6,2,1,1,0,0,0,0,0,13.42123187,52.55034615
5,5200526,2021,6,13,5,3,6,4,0,0,0,1,0,1,0,0,13.15577132,52.52162918
1,1300834,2021,5,14,1,3,6,7,0,0,0,1,0,0,1,0,13.39546486,52.53908465
9,9100305,2021,6,10,6,3,1,5,0,1,1,0,0,0,0,0,13.49033878,52.46829501
3,3601142,2021,6,14,4,3,0,1,0,1,0,0,0,0,0,0,13.40727365,52.54622999
2,2100106,2021,6,10,3,3,5,3,0,1,1,0,0,0,0,0,13.39965947,52.49847516
1,1100205,2021,6,7,2,3,5,2,0,1,1,0,0,0,0,0,13.37691854,52.51181584
2,2200210,2021,5,13,5,3,3,6,0,1,1,0,0,0,0,1,13.39361929,52.49751175
4,4501045,2021,6,18,4,3,5,2,0,1,0,0,0,0,1,0,13.32433116,52.49791742
2,2500830,2021,5,12,2,3,1,5,0,1,1,0,0,0,0,0,13.45549826,52.51356038
2,2300314,2021,6,21,2,3,5,3,1,1,1,0,0,0,0,0,13.42493942,52.50206141
5,5100316,2021,7,12,2,3,5,3,0,0,1,0,0,0,0,1,13.20250293,52.53863513
6,6300632,2021,7,8,6,3,2,6,0,0,1,0,0,0,0,0,13.29891075,52.42216955
4,4200311,2021,7,11,6,3,3,6,0,0,1,0,0,0,1,1,13.27438231,52.50803422
5,5200631,2021,6,12,6,3,2,6,0,0,1,0,0,0,0,0,13.19780692,52.51936601
10,10100315,2021,6,6,5,3,3,2,0,0,1,0,0,0,0,0,13.57145678,52.5459734
1,1100207,2021,6,14,2,3,5,3,0,1,1,0,0,0,0,0,13.39707239,52.51438512
2,2400624,2021,5,18,2,3,0,7,0,1,0,0,0,0,0,0,13.44978583,52.51024888
5,5100316,2021,6,12,6,3,0,2,0,0,1,0,0,0,1,0,13.20078036,52.53848602
12,12400721,2021,6,9,5,3,5,3,0,0,1,0,0,0,0,1,13.29445879,52.62953622
7,7200412,2021,7,8,6,2,5,2,0,1,0,0,0,0,1,1,13.36298742,52.47603396
5,5100211,2021,6,9,4,2,6,4,0,0,1,1,0,0,1,0,13.17997851,52.53882613
4,4501042,2021,6,2,1,2,0,1,2,0,1,0,0,0,0,0,13.3370109,52.50392673
8,8300934,2021,5,7,6,3,0,1,0,0,0,0,1,0,0,1,13.45152352,52.43660352
7,7400825,2021,6,7,5,3,2,2,0,0,1,0,0,0,1,0,13.38404219,52.4570067
9,9501737,2021,7,15,2,3,0,1,0,1,0,0,0,0,0,0,13.62497315,52.45304182
12,12200413,2021,5,22,2,2,0,7,2,0,0,0,0,0,1,0,13.27543926,52.57848364
3,3400721,2021,6,8,3,3,1,5,0,1,0,0,0,1,0,0,13.40283368,52.56284395
1,1100308,2021,7,13,2,3,5,2,0,1,1,0,0,0,0,0,13.38014759,52.5328141
4,4501147,2021,7,16,3,2,0,4,0,0,0,1,1,0,0,0,13.31433931,52.49022433
12,12200411,2021,5,18,6,3,3,2,0,1,1,0,0,0,0,0,13.32628371,52.56172483
8,8100419,2021,6,15,4,3,2,6,0,0,1,0,1,0,0,0,13.45775205,52.48538883
11,11400931,2021,7,22,7,3,2,3,2,0,1,0,0,0,0,1,13.51876948,52.50969862
1,1100207,2021,6,21,2,3,0,4,1,0,0,1,1,0,0,0,13.39010457,52.50916434
7,7400822,2021,6,7,6,3,5,3,0,1,1,0,0,0,0,0,13.3662145,52.47172985
7,7100102,2021,6,15,3,3,3,5,0,1,1,0,0,0,0,0,13.34620182,52.49742441
9,9200715,2021,6,16,3,3,2,6,0,0,1,0,0,0,0,0,13.53794971,52.43489989
1,1300834,2021,6,16,2,2,2,6,0,0,1,0,0,0,0,0,13.38875078,52.54752799
3,3500934,2021,6,11,7,2,5,3,0,1,1,0,0,0,0,0,13.44191061,52.55026429
3,3701554,2021,7,12,6,3,5,3,0,0,1,0,0,0,0,0,13.41227513,52.53115658
3,3200207,2021,6,16,7,3,5,3,0,1,1,0,0,0,0,0,13.40836979,52.58442591
7,7400721,2021,6,11,2,3,2,6,0,1,1,0,0,0,0,0,13.38094135,52.47472498
2,2500727,2021,5,18,2,3,5,3,0,1,1,0,0,0,0,0,13.45867934,52.52054901
6,6400838,2021,6,19,6,3,0,7,0,1,0,0,0,0,0,0,13.21469364,52.44015683
12,12100205,2021,6,7,6,2,5,3,0,0,0,0,1,0,1,0,13.36165749,52.57805057
3,3200204,2021,7,16,6,3,5,2,0,1,1,0,0,0,0,0,13.38271856,52.62973226
2,2400521,2021,6,6,4,3,5,5,0,1,1,0,0,0,0,0,13.44036889,52.52296144
1,1100310,2021,6,1,6,3,2,6,2,0,1,0,0,0,0,0,13.4162035,52.52694021
12,12200412,2021,6,12,2,3,5,2,0,0,1,0,0,0,0,0,13.29793323,52.57818207
12,12601134,2021,5,13,6,3,0,2,0,0,1,0,1,0,0,1,13.36173457,52.60472573
10,10100206,2021,6,15,4,3,5,3,0,0,1,0,0,0,0,0,13.55671283,52.55713512
4,4501042,2021,7,22,1,3,6,7,0,0,0,1,0,0,1,0,13.33850174,52.5033371
3,3601243,2021,5,17,3,3,2,6,0,0,1,0,0,0,1,1,13.419515,52.55305555
9,9100101,2021,6,22,3,3,4,1,2,1,1,0,0,0,0,0,13.4540461,52.49404849
11,11300722,2021,7,15,2,3,1,7,0,0,1,0,0,0,0,0,13.4825701,52.51895588
8,8100209,2021,7,11,3,2,6,4,0,0,1,1,0,0,0,0,13.43335311,52.46496628
4,4300623,2021,7,14,6,3,0,1,0,1,1,0,0,0,0,1,13.3075271,52.50659738
9,9100101,2021,6,9,3,3,5,2,0,1,1,0,0,0,0,0,13.4505648,52.48921815
11,11501340,2021,6,5,6,3,2,6,0,0,1,0,0,0,0,0,13.52609513,52.48439908
2,2400624,2021,6,9,3,3,6,4,0,0,1,1,0,0,0,0,13.44781213,52.51324957
6,6400844,2021,6,4,3,3,1,7,2,0,1,0,0,0,1,0,13.27528799,52.46113381
3,3200204,2021,6,16,2,3,1,5,0,0,1,0,1,0,0,0,13.39404707,52.61767968
12,12100204,2021,6,18,7,3,6,4,0,0,1,1,0,0,0,0,13.36242995,52.56724339
4,4400729,2021,7,11,6,3,2,6,0,0,1,0,0,0,0,0,13.27866264,52.47328404
4,4400726,2021,6,11,7,3,5,3,0,1,1,0,0,0,0,0,13.2896297,52.48644387
4,4200308,2021,6,6,2,3,5,2,0,1,1,0,0,0,0,0,13.28043299,52.51849503
4,4200308,2021,5,18,4,3,5,3,0,0,1,0,1,0,0,0,13.26853018,52.51755211
1,1401049,2021,6,16,4,3,3,6,0,0,1,0,1,0,0,1,13.37249599,52.5566663
11,11100309,2021,7,16,3,3,5,2,0,1,1,0,0,0,0,0,13.50486522,52.5633875
12,12200413,2021,7,9,4,3,5,3,0,1,1,0,0,0,0,1,13.27155508,52.57637954
8,8100102,2021,6,8,4,3,5,2,0,1,1,0,0,0,0,0,13.42115526,52.48010084
7,7100102,2021,5,14,1,3,5,3,0,1,1,0,0,0,0,0,13.35390045,52.49988143
1,1401045,2021,6,12,5,3,3,6,0,0,1,0,0,1,0,0,13.37611219,52.55483146
3,3601245,2021,6,6,4,3,5,7,0,0,1,0,0,0,0,0,13.42959067,52.54487853
1,1200627,2021,6,17,3,3,0,5,0,1,0,0,0,0,1,0,13.36493994,52.52607303
9,9300921,2021,6,21,7,3,5,2,1,0,1,0,0,0,0,0,13.55814914,52.4065912
8,8100206,2021,6,16,3,3,3,2,0,1,1,0,0,0,0,0,13.42924872,52.48131058
9,9501838,2021,6,12,4,3,0,1,0,1,0,0,0,0,0,0,13.68584698,52.43990873
12,12400618,2021,6,18,2,3,5,2,0,1,1,0,0,0,0,0,13.23657117,52.62074922
6,6400842,2021,7,12,7,3,5,2,0,1,1,0,0,0,0,0,13.26638292,52.45574423
4,4300517,2021,6,16,1,3,5,3,0,0,1,0,1,0,0,0,13.29654382,52.52934842
3,3200204,2021,7,5,5,3,6,4,0,0,1,1,0,0,0,1,13.41832518,52.61911485
4,4501045,2021,7,16,5,3,1,5,0,1,1,0,0,0,0,1,13.32459202,52.49870439
6,6400844,2021,6,7,5,3,5,2,0,1,1,0,0,0,0,0,13.29026798,52.45805691
6,6100207,2021,5,5,2,2,1,5,0,0,1,0,1,0,0,0,13.32226993,52.45061434
11,11501341,2021,6,17,5,2,4,1,0,1,0,0,0,0,0,0,13.51147634,52.4842575
8,8200832,2021,6,18,6,2,6,2,0,0,1,1,0,0,0,0,13.43780462,52.42179396
9,9200715,2021,6,8,3,3,2,6,0,0,1,0,0,0,0,0,13.534458,52.43192673
9,9100202,2021,6,8,2,2,4,6,0,0,1,0,0,0,0,0,13.46080694,52.48415309
4,4500937,2021,6,13,1,3,1,5,0,1,1,0,0,0,0,0,13.28696903,52.49749997
12,12500825,2021,5,13,5,2,0,1,0,0,0,0,1,0,0,0,13.30356142,52.58106439
2,2200213,2021,6,16,4,3,5,2,0,0,1,0,1,0,0,0,13.41627926,52.49101294
1,1100310,2021,5,1,2,3,5,2,2,0,1,0,0,0,0,0,13.41554899,52.52707728
2,2300314,2021,6,11,2,3,0,2,0,1,0,0,0,0,1,0,13.42212951,52.49904162
10,10200420,2021,7,15,2,3,0,4,0,0,0,1,0,0,1,0,13.58903982,52.53752669
4,4100101,2021,7,10,6,3,2,2,0,0,1,0,0,0,0,0,13.31099605,52.54755042
8,8401242,2021,7,21,6,3,5,3,2,0,1,0,0,0,0,1,13.47781468,52.41778931
6,6100206,2021,6,13,5,2,1,5,0,1,0,0,0,1,0,0,13.33471842,52.45070275
7,7200412,2021,6,12,5,3,1,5,0,0,1,0,1,0,0,0,13.36017119,52.47796563
10,10100312,2021,6,12,2,3,5,7,0,0,1,0,0,0,1,0,13.54419789,52.52583409
6,6400737,2021,5,17,2,3,6,4,0,1,0,1,0,0,0,0,13.18673873,52.43218291
6,6100103,2021,6,21,6,3,5,7,0,0,1,0,0,0,0,0,13.31452727,52.46506928
2,2300314,2021,6,19,7,3,5,2,0,1,1,0,0,0,0,0,13.41646123,52.5020344
2,2300316,2021,7,16,6,2,6,4,0,1,0,1,0,0,0,0,13.44202446,52.50092186
2,2100104,2021,6,0,4,2,1,5,2,1,1,0,0,0,0,0,13.41213698,52.50323215
1,1401048,2021,6,7,6,3,2,6,0,0,0,0,1,1,0,1,13.35969741,52.55466114
8,8200730,2021,6,8,2,2,2,6,0,0,1,0,0,0,0,0,13.43500679,52.43917071
2,2100104,2021,5,13,5,3,5,3,0,1,1,0,0,0,0,0,13.41030067,52.50378271
4,4500938,2021,6,13,5,3,1,5,0,1,1,0,0,0,0,0,13.29561763,52.49335913
2,2400625,2021,7,1,2,3,5,2,2,1,1,0,0,0,0,1,13.44672477,52.50262501
7,7400927,2021,5,15,3,3,5,3,0,0,1,0,0,0,1,0,13.41446565,52.4566275
5,5200528,2021,6,18,3,3,2,6,0,0,1,0,0,0,1,0,13.18000979,52.50435382
5,5300736,2021,7,13,2,2,5,7,0,0,0,1,1,0,0,0,13.23109072,52.54150186
1,1200520,2021,7,11,3,3,2,6,0,1,0,0,0,0,1,0,13.34172815,52.52640121
9,9100407,2021,5,6,6,3,2,7,0,0,1,0,0,0,1,1,13.50984594,52.45346689
6,6300526,2021,6,9,5,3,0,1,0,0,1,0,0,0,0,0,13.25611558,52.43256112
9,9100407,2021,6,7,4,3,2,6,0,0,1,0,0,0,0,0,13.50733268,52.4480221
11,11300722,2021,7,6,7,2,5,3,0,0,1,0,0,0,0,1,13.47942239,52.52041702
8,8100312,2021,6,10,3,3,5,3,0,1,0,0,0,0,1,1,13.44018922,52.4815843
1,1100206,2021,6,6,6,3,0,1,0,0,0,0,0,0,1,0,13.3898511,52.51211928
8,8100417,2021,6,12,3,3,2,2,0,0,1,0,0,0,0,0,13.45585197,52.47384414
1,1200517,2021,6,9,3,3,3,6,0,0,1,0,0,0,0,0,13.33008138,52.53322627
3,3400830,2021,6,13,1,2,5,3,0,1,1,1,0,0,0,0,13.42784899,52.56792799
4,4100101,2021,6,17,1,3,6,7,0,0,0,1,0,0,1,0,13.28676357,52.53637939
4,4501042,2021,7,12,7,3,0,2,0,0,1,0,1,0,0,0,13.34072127,52.50452552
10,10400940,2021,6,13,7,3,2,6,0,0,1,0,0,0,1,0,13.60359155,52.48535114
7,7601341,2021,5,13,4,3,0,6,0,1,1,0,0,0,0,0,13.35371349,52.40202519
8,8401242,2021,6,0,4,3,1,1,2,0,1,0,0,1,0,0,13.48573579,52.42250968
5,5300737,2021,7,13,3,3,3,6,0,0,1,0,0,0,1,0,13.24732152,52.54191527
4,4501151,2021,7,19,4,3,5,7,0,0,1,0,1,0,0,0,13.32509493,52.48279306
10,10100205,2021,6,17,5,3,5,2,0,0,1,0,0,0,1,0,13.53836747,52.55430662
5,5200630,2021,5,19,1,2,5,3,1,0,0,0,0,0,1,0,13.17923269,52.52485188
9,9200511,2021,6,18,5,3,0,7,0,1,0,0,0,0,0,0,13.52924622,52.45988305
3,3200205,2021,6,8,4,3,5,2,0,1,1,0,0,0,0,0,13.40175702,52.58733315
1,1100313,2021,6,0,3,2,0,1,2,1,0,0,0,0,0,0,13.41682029,52.51091247
8,8100207,2021,6,13,1,3,5,2,0,1,0,0,0,0,0,0,13.43608579,52.47879346
3,3200310,2021,6,20,1,2,5,2,0,1,1,0,0,0,0,0,13.4302382,52.62089788
9,9501737,2021,6,8,4,3,5,3,0,1,1,0,0,0,0,0,13.64202345,52.44779074
3,3601450,2021,6,16,4,3,0,1,0,1,0,0,0,0,0,0,13.45974495,52.52921517
1,1200517,2021,6,14,2,3,1,5,0,0,1,0,0,0,0,0,13.32233922,52.52565314
3,3300412,2021,7,10,2,2,0,3,0,0,1,0,0,0,1,1,13.47305254,52.61692805
1,1100308,2021,6,5,7,3,5,2,0,1,1,0,0,0,0,0,13.37940792,52.52942861
7,7400721,2021,7,8,5,3,1,5,0,0,1,0,0,0,1,1,13.37728591,52.4760739
7,7200308,2021,7,19,5,2,6,4,0,0,1,1,0,0,0,0,13.34311789,52.47881585
5,5100316,2021,6,14,6,3,1,5,0,0,1,0,0,0,1,0,13.20600033,52.53568648
12,12200308,2021,6,10,2,3,5,3,0,1,1,0,0,0,0,0,13.31791768,52.5708237
4,4200206,2021,6,10,3,3,5,2,0,1,1,0,0,0,0,0,13.21845453,52.50888128
12,12500928,2021,6,15,6,3,5,3,0,1,1,0,0,0,0,0,13.31675756,52.60611276
4,4300416,2021,6,15,6,3,5,7,0,0,1,0,1,0,0,0,13.30244227,52.50673831
4,4501152,2021,5,8,4,3,5,7,0,1,1,0,0,0,0,0,13.3319066,52.49076955
8,8100208,2021,6,9,4,3,5,3,0,0,1,0,0,0,0,1,13.43458346,52.47250595
1,1100310,2021,7,14,3,3,5,3,0,1,1,0,0,0,0,0,13.41509517,52.52668472
11,11200411,2021,7,8,4,3,5,7,0,0,1,0,1,0,0,1,13.51131791,52.55065757
10,10300734,2021,6,17,4,3,5,2,0,0,1,0,1,0,0,0,13.56037168,52.4865949
9,9501736,2021,5,22,7,3,1,5,2,1,1,0,0,0,0,0,13.6122501,52.45449253
8,8100311,2021,6,17,5,3,5,2,0,0,1,0,0,0,0,0,13.42893576,52.48652935
2,2400521,2021,6,9,5,3,0,7,0,0,1,0,0,0,0,1,13.43952996,52.52396546
9,9501941,2021,6,17,3,3,2,6,0,0,1,0,0,0,0,0,13.59341601,52.44957908
1,1100103,2021,6,21,7,2,5,3,2,1,1,0,0,0,0,0,13.35094696,52.504367
12,12200309,2021,6,15,3,3,5,2,0,1,1,0,0,0,0,0,13.32973922,52.56315611
2,2500830,2021,6,19,4,2,5,7,0,0,1,0,1,0,0,0,13.45653339,52.51320307
5,5100316,2021,6,15,7,2,5,3,0,0,1,0,0,0,1,0,13.19072951,52.53640721
10,10400940,2021,7,17,2,3,0,7,0,0,1,0,0,0,0,0,13.59500689,52.48729763
7,7100101,2021,6,14,7,3,6,7,0,0,0,1,0,0,1,0,13.34170319,52.5020498
3,3400619,2021,7,15,5,2,5,3,0,0,1,0,0,0,0,1,13.35954412,52.58539276
9,9501939,2021,7,16,5,3,2,2,0,1,1,0,0,0,0,1,13.56269523,52.45662801
1,1100308,2021,6,13,5,3,2,6,0,1,1,0,0,0,0,0,13.38061663,52.53253105
3,3100102,2021,5,7,2,3,6,4,0,0,1,1,0,0,0,0,13.49957068,52.63540916
4,4501041,2021,6,13,5,3,1,5,0,1,1,0,0,0,0,0,13.32475235,52.5030417
3,3500934,2021,6,15,5,3,5,2,0,1,1,0,0,0,0,0,13.43285988,52.55598564
11,11300722,2021,6,17,3,3,5,2,0,1,1,0,0,0,0,0,13.48465588,52.51397133
2,2200209,2021,6,9,6,3,1,5,0,1,1,0,0,0,0,0,13.38298264,52.49203562
2,2300418,2021,6,21,1,2,5,3,1,1,1,0,0,0,0,0,13.43899753,52.4949957
8,8200730,2021,5,8,5,3,6,4,0,1,0,1,0,0,0,0,13.43471661,52.44006491
5,5200629,2021,6,17,4,3,6,4,0,0,0,1,0,0,1,0,13.18827307,52.52777798
1,1200519,2021,5,21,2,3,2,6,2,0,1,0,1,0,0,1,13.3322618,52.52699296
2,2500835,2021,6,14,2,2,5,3,0,1,1,0,0,0,0,0,13.458199,52.4996004
3,3100102,2021,7,15,2,3,4,6,0,1,0,0,0,0,0,0,13.50510552,52.6368984
1,1100310,2021,7,22,6,3,2,6,2,0,1,0,0,0,0,1,13.41008511,52.52874599
1,1400942,2021,6,8,6,3,5,2,0,1,1,0,0,0,0,0,13.34369305,52.54630119
8,8301037,2021,6,16,5,2,5,2,0,0,1,0,0,0,0,0,13.47396971,52.42575277
4,4200308,2021,6,11,2,3,2,6,0,0,1,0,0,0,1,0,13.27029282,52.52846858
4,4400727,2021,6,11,3,2,5,3,0,1,1,0,0,0,0,0,13.300193,52.48780835
3,3500934,2021,6,11,6,3,1,5,0,0,1,0,0,0,0,0,13.44045819,52.55379189
4,4300620,2021,6,8,6,3,5,3,0,1,1,0,0,0,0,0,13.3357596,52.51347297
6,6400737,2021,7,13,6,3,5,2,0,1,1,0,0,0,0,0,13.18938656,52.43380555
3,3300514,2021,6,9,3,3,5,2,0,1,0,0,0,0,1,0,13.4423801,52.5908927
4,4200308,2021,6,13,6,3,0,4,0,0,0,1,1,0,0,0,13.28002575,52.52005051
1,1100309,2021,6,8,2,3,3,6,0,1,1,0,0,0,0,0,13.40064432,52.52959972
7,7601544,2021,6,12,4,3,5,2,0,1,1,0,0,0,0,0,13.40692283,52.3937774
2,2200210,2021,5,17,2,3,6,7,0,1,0,1,0,0,0,0,13.4011958,52.49540992
1,1100310,2021,6,6,4,3,5,2,0,0,1,0,0,0,1,1,13.4118064,52.52396714
12,12200414,2021,7,11,3,2,2,6,0,0,1,0,1,0,0,0,13.30942434,52.55760687
9,9502043,2021,7,11,4,3,6,4,0,0,1,1,0,0,0,1,13.57266373,52.47078455
3,3300413,2021,6,15,4,3,0,2,0,1,1,0,0,0,0,0,13.4828742,52.6116236
8,8100314,2021,5,14,7,3,2,6,0,1,1,0,0,0,0,0,13.43631809,52.48102256
12,12100204,2021,6,14,5,3,5,3,0,0,1,0,0,0,0,0,13.35255022,52.56442404
12,12200515,2021,6,7,4,2,4,5,0,0,1,0,0,0,0,0,13.27593598,52.58449295
7,7400822,2021,7,15,7,3,2,6,0,0,1,0,0,0,0,0,13.3705046,52.46894782
2,2300418,2021,6,4,3,2,3,6,1,1,1,0,0,0,1,0,13.43607204,52.49210312
4,4500936,2021,6,17,7,3,2,6,0,1,1,0,0,0,0,0,13.30663747,52.49983956
7,7400824,2021,6,8,4,3,5,3,0,0,1,0,0,0,0,0,13.38267712,52.46703131
9,9401534,2021,6,17,3,3,5,3,0,1,1,0,0,0,0,0,13.58054814,52.44305998
7,7100206,2021,6,9,2,3,6,4,0,0,0,1,0,0,1,0,13.3708286,52.49162796
2,2500832,2021,6,18,1,3,0,1,0,1,0,0,0,0,0,0,13.46832998,52.50709513
6,6300631,2021,7,12,1,3,1,5,0,0,1,0,0,0,0,0,13.29363256,52.41959494
12,12200412,2021,6,14,7,3,1,5,0,1,1,0,0,0,0,0,13.27760909,52.57486228
1,1100102,2021,5,8,4,3,5,3,0,1,1,0,0,0,0,0,13.37633301,52.51008642
11,11300721,2021,7,15,5,2,4,1,0,0,0,0,1,0,1,1,13.49133714,52.52654604
4,4501042,2021,7,20,4,3,2,6,0,0,1,0,0,0,0,0,13.32782557,52.50313341
10,10300733,2021,7,11,5,3,0,1,0,0,1,0,1,0,0,0,13.56118109,52.50717214
2,2400624,2021,6,15,5,3,5,2,0,0,0,0,1,0,1,0,13.44732285,52.5132606
12,12100205,2021,5,16,1,3,1,5,0,0,1,0,1,0,0,0,13.36111598,52.57722781
3,3400828,2021,6,7,6,3,5,2,0,1,1,0,0,0,0,0,13.42780342,52.56059195
12,12200515,2021,6,12,5,3,6,4,0,0,1,1,0,0,0,0,13.28076178,52.58667728
9,9200717,2021,6,7,3,3,5,3,0,1,1,0,0,0,0,0,13.54984713,52.43805834
3,3400828,2021,6,8,2,3,1,7,0,1,1,0,0,0,0,0,13.42435721,52.55619247
1,1200628,2021,5,21,5,2,5,3,2,1,1,0,0,0,0,0,13.3594003,52.52323673
5,5300737,2021,6,15,4,3,3,6,0,0,1,0,0,0,1,0,13.23250705,52.5405082
2,2500835,2021,5,19,1,3,5,2,0,0,1,0,0,0,0,1,13.45678844,52.50240798
4,4501152,2021,6,10,2,3,3,6,0,1,1,0,0,0,0,0,13.33102734,52.49489867
3,3601450,2021,7,11,2,3,5,2,0,1,1,0,0,0,0,1,13.45796726,52.52882994
2,2100101,2021,6,16,5,3,2,7,0,1,1,0,0,0,0,0,13.38557027,52.4996569
2,2100102,2021,7,18,6,3,5,2,0,0,1,0,1,0,0,0,13.39574524,52.49836387
2,2200213,2021,7,23,5,3,1,5,2,1,1,0,0,0,0,0,13.42111762,52.49219208
3,3500936,2021,6,9,6,3,6,4,0,1,0,1,0,0,0,0,13.45437822,52.54695329
5,5100316,2021,6,21,5,3,6,7,1,1,0,1,0,0,0,0,13.18728441,52.53676919
9,9200715,2021,6,16,2,3,5,2,0,0,1,0,1,0,0,0,13.53516474,52.43230337
11,11400930,2021,5,18,2,3,2,6,0,0,0,0,1,0,1,0,13.51124971,52.50421365
4,4300412,2021,6,19,6,3,1,5,0,0,1,0,1,0,1,0,13.29667845,52.51938855
2,2100102,2021,6,17,6,3,5,3,0,1,1,0,0,0,0,0,13.39103059,52.50418892
6,6300527,2021,6,14,3,3,5,2,0,0,1,0,1,0,0,0,13.26649622,52.43063763
4,4200310,2021,6,14,6,3,5,2,0,0,1,0,1,0,0,0,13.27538901,52.51277967
1,1100308,2021,5,15,6,3,5,3,0,1,1,0,0,0,0,1,13.37862737,52.52858078
2,2200211,2021,6,12,4,3,0,7,0,0,1,1,0,0,0,0,13.39234283,52.48724131
7,7100205,2021,7,17,1,3,5,7,0,0,1,0,0,0,1,0,13.36294315,52.49751598