BEZ,LOR_ab_2021,UJAHR,UMONAT,USTUNDE,UWOCHENTAG,UKATEGORIE,UART,UTYP1,ULICHTVERH,IstRad,IstPKW,IstFuss,IstKrad,IstGkfz,IstSonstige,USTRZUSTAND,XGCSWGS84,YGCSWGS84
12,12200412,2021,5,12,3,2,0,7,0,0,1,0,1,0,0,1,13.25967202,52.57080281
1,1100313,2021,6,13,3,3,6,4,0,1,0,1,0,0,0,1,13.41821345,52.51179823
3,3701556,2021,7,16,3,3,3,6,0,1,0,0,0,0,0,0,13.41970842,52.53178584
11,11100204,2021,7,13,7,3,5,3,0,1,1,0,0,0,0,0,13.52177245,52.56710947
9,9200715,2021,6,16,2,3,5,2,0,1,1,0,0,0,0,0,13.55093066,52.42901307
5,5100211,2021,6,7,6,3,6,4,0,0,0,1,0,0,1,0,13.14613524,52.54571676
2,2100104,2021,6,21,3,3,0,2,1,1,1,0,0,0,0,0,13.41325331,52.50293352
4,4500936,2021,6,8,3,2,0,1,0,1,0,0,0,0,0,0,13.30383926,52.50198748
2,2300314,2021,6,0,7,3,4,6,2,0,1,0,0,0,0,0,13.41787433,52.50167511
3,3601142,2021,6,15,7,3,5,3,0,1,1,0,0,0,0,0,13.40811643,52.54150689
4,4100101,2021,7,16,6,3,5,2,0,0,1,0,0,0,1,0,13.32610463,52.53837732
2,2100102,2021,6,15,4,2,5,2,0,0,1,0,1,0,0,0,13.3969782,52.50532446
4,4501148,2021,6,13,6,3,5,7,0,0,0,0,1,0,1,0,13.32034457,52.48142668
9,9100407,2021,6,8,2,3,5,3,0,0,1,0,0,0,0,0,13.50086702,52.44577795
7,7200411,2021,5,16,4,3,0,6,0,0,1,0,0,0,1,0,13.36062896,52.48637618
3,3601346,2021,6,9,4,3,5,2,0,1,0,0,0,0,1,1,13.41764675,52.54597309
1,1400938,2021,7,15,2,2,5,3,0,0,1,0,0,0,1,0,13.33564154,52.54200972
4,4300620,2021,7,20,4,3,2,2,0,0,1,0,1,0,0,0,13.33575122,52.51364549
3,3701555,2021,6,14,4,3,4,6,0,1,0,0,1,0,0,0,13.4179143,52.539697
2,2500833,2021,6,20,3,2,0,1,0,1,0,0,0,0,0,0,13.46084285,52.50878676
12,12200309,2021,6,17,6,3,6,4,0,1,0,1,0,0,0,0,13.32811893,52.56386986
2,2400521,2021,6,18,2,3,2,6,0,0,1,0,0,0,0,0,13.44099977,52.52449361
12,12200310,2021,5,21,5,3,5,3,1,0,1,0,0,0,0,1,13.31429197,52.57668461
12,12200309,2021,6,17,4,3,5,2,0,1,1,0,0,0,0,0,13.31893916,52.5662353
7,7300619,2021,7,14,1,3,2,6,0,0,1,0,0,0,0,0,13.34853564,52.45933604
11,11200411,2021,5,18,1,2,5,2,0,1,0,0,0,0,1,0,13.5084928,52.5485351
6,6400843,2021,6,15,3,3,1,5,0,1,1,0,0,0,0,0,13.28642325,52.44988329
7,7601442,2021,7,16,3,3,2,6,0,0,1,0,0,0,0,0,13.4010027,52.41455397
10,10400940,2021,7,14,6,3,0,2,0,0,1,0,1,0,0,0,13.60780704,52.49121622
5,5200528,2021,6,11,2,3,5,3,0,1,1,0,0,0,0,0,13.17462455,52.51381813
2,2200210,2021,6,21,6,3,0,3,0,1,1,0,0,0,0,0,13.40295958,52.49409301
3,3500936,2021,6,19,5,3,5,3,0,1,1,0,0,0,0,0,13.45599432,52.54826466
1,1300730,2021,6,19,3,3,5,7,0,0,1,0,1,0,0,0,13.37691163,52.56023787
1,1100308,2021,6,12,3,2,3,6,0,1,1,0,0,0,0,0,13.38151752,52.53180496
11,11401137,2021,6,15,1,3,1,5,0,0,1,0,0,0,0,0,13.51985589,52.49477064
1,1100309,2021,6,20,7,3,0,6,1,1,1,0,0,0,0,0,13.39941972,52.52417164
1,1401048,2021,7,18,7,3,6,7,0,1,0,1,0,0,0,0,13.35414543,52.55137551
7,7100101,2021,6,9,4,3,1,5,0,0,1,0,0,0,1,0,13.3405734,52.49747138
11,11200512,2021,6,14,6,3,5,2,0,1,0,0,0,0,1,0,13.46827447,52.54654499
2,2100102,2021,6,8,4,3,5,2,0,1,1,0,0,0,0,0,13.39840237,52.50704944
4,4501042,2021,5,14,3,3,5,7,0,1,1,0,0,0,0,1,13.33797774,52.50186595
10,10400938,2021,6,10,4,3,2,2,0,0,0,0,0,1,1,1,13.61391376,52.51648078
10,10300731,2021,7,9,2,3,5,3,0,0,1,0,0,0,0,0,13.55112999,52.51611937
6,6300524,2021,7,18,4,3,5,3,0,1,0,0,0,0,0,0,13.22773311,52.42098404
1,1100102,2021,6,14,4,3,5,3,0,1,1,0,0,0,0,0,13.35271235,52.51615818
3,3100103,2021,5,11,7,3,5,3,0,1,1,0,0,0,0,0,13.49794192,52.62826241
4,4501045,2021,6,9,5,2,6,4,0,0,1,1,0,0,0,0,13.32458289,52.4979491
12,12200412,2021,6,15,4,3,5,2,0,0,1,0,0,0,1,0,13.30767134,52.57734081
2,2500726,2021,6,17,3,3,2,2,0,1,1,0,0,0,0,0,13.45022115,52.52227319
11,11401034,2021,6,14,7,3,5,3,0,1,1,0,0,0,0,0,13.53071946,52.51018237
4,4200311,2021,6,15,3,3,0,1,0,0,0,0,1,0,0,0,13.27993636,52.50615989
10,10200420,2021,6,12,4,3,5,3,0,1,1,0,0,0,0,0,13.59967207,52.54202217
11,11200514,2021,6,8,2,3,0,1,0,1,0,0,0,0,0,0,13.47369305,52.53615777
4,4300518,2021,6,2,1,3,5,3,2,0,1,0,0,0,0,0,13.30620338,52.52564671
10,10100102,2021,7,12,7,3,5,2,0,1,1,0,0,0,0,0,13.56795885,52.57358294
3,3500936,2021,6,17,1,3,2,7,0,0,1,0,1,0,0,0,13.46456872,52.5501295
8,8100206,2021,6,11,1,3,6,4,0,0,1,1,0,0,0,0,13.43240743,52.48005422
8,8100103,2021,5,21,4,3,2,6,2,0,1,0,0,0,0,0,13.42732827,52.47492261
4,4501045,2021,7,14,5,3,0,7,0,1,0,0,0,0,0,1,13.33832531,52.49942101
9,9501939,2021,7,7,3,2,5,2,0,1,1,0,0,0,0,0,13.57717329,52.45577167
10,10400939,2021,7,15,5,3,5,3,0,0,1,0,0,0,0,0,13.61333074,52.50880293
1,1200517,2021,6,9,5,2,0,1,0,1,0,0,0,0,0,0,13.34431562,52.53778054
8,8100207,2021,5,16,2,3,2,6,0,0,1,0,1,0,0,0,13.43340135,52.47846248
12,12500928,2021,6,7,6,3,2,6,0,0,1,0,1,0,0,0,13.32088756,52.60959733
8,8100102,2021,6,13,5,3,1,5,0,1,1,0,0,0,0,1,13.42532231,52.47997122
12,12200515,2021,6,12,3,3,5,3,0,0,1,0,0,0,0,0,13.28610906,52.59201023
1,1200628,2021,6,19,2,3,5,2,0,1,1,0,0,0,0,0,13.35678584,52.52358055
10,11300721,2021,5,12,5,3,2,6,0,0,1,0,0,0,1,0,13.5168766,52.53531531
9,9300920,2021,6,11,4,2,5,2,0,1,1,0,0,0,0,0,13.53110319,52.41555878
4,4200308,2021,5,12,2,3,3,6,0,0,1,0,0,0,0,0,13.27200772,52.51942799
3,3601142,2021,6,17,3,3,0,2,0,1,1,0,0,0,0,1,13.41252836,52.54524873
4,4501041,2021,7,9,2,3,0,5,0,0,1,0,0,0,1,1,13.32158739,52.50017843
8,8100520,2021,6,15,5,3,5,3,0,1,1,0,0,0,0,0,13.46491255,52.47030999
6,6200421,2021,7,17,6,3,3,6,0,0,1,0,0,0,1,0,13.32107499,52.42967844
1,1401045,2021,7,12,6,3,5,2,0,0,1,0,0,0,0,1,13.37707053,52.55639513
3,3601449,2021,6,21,5,3,1,5,2,0,1,0,0,0,1,0,13.44343748,52.53947759
3,3601348,2021,6,18,4,3,5,3,0,1,1,0,0,0,0,0,13.42268721,52.54464137
12,12200412,2021,6,14,2,3,5,2,0,0,1,0,0,0,1,0,13.30030986,52.56984214
1,1100308,2021,5,8,2,3,6,4,0,0,1,1,0,0,0,0,13.3791459,52.52539451
7,7300619,2021,6,16,6,3,6,2,1,0,1,1,0,0,0,0,13.34450763,52.46475238
6,6200314,2021,6,5,6,2,0,3,1,0,1,0,1,0,0,0,13.33624372,52.43066382
10,10200417,2021,6,14,3,3,5,2,0,1,1,0,0,0,0,0,13.59195107,52.5458258
11,11200410,2021,6,16,6,3,5,7,0,0,1,0,0,0,1,0,13.49479795,52.55958043
1,1300733,2021,5,16,6,3,2,6,0,0,1,0,0,0,0,1,13.38312283,52.55412326
9,9200819,2021,6,14,4,3,2,6,0,0,1,0,0,0,0,0,13.56203095,52.43738377
2,2200210,2021,7,16,1,3,5,3,0,0,0,0,0,0,1,0,13.39859325,52.49631172
9,9200715,2021,5,19,3,2,5,3,1,0,1,0,0,0,0,0,13.55053309,52.42907393
2,2500830,2021,6,9,3,3,0,1,0,1,0,0,0,0,0,0,13.45599307,52.51338958
1,1300733,2021,7,11,2,3,1,5,0,1,1,0,0,0,0,0,13.38443759,52.55066982
8,8100520,2021,7,5,3,3,0,7,0,0,0,0,1,0,0,1,13.45923491,52.47231971
2,2400521,2021,7,9,7,2,0,1,0,0,0,0,1,0,0,1,13.42831257,52.518929
3,3500934,2021,6,15,3,3,0,2,0,1,1,0,0,0,0,0,13.43939568,52.55541209
11,11300721,2021,6,10,7,3,2,6,0,0,1,0,0,0,1,0,13.49227266,52.53407443
6,6200421,2021,6,15,2,3,2,6,0,0,1,0,0,0,0,0,13.31459669,52.42414311
7,7100102,2021,6,14,3,3,6,4,0,0,1,1,0,0,0,0,13.34602617,52.49603964
9,9200510,2021,6,18,1,3,5,2,0,1,1,0,0,0,0,0,13.5139838,52.46258992
4,4200308,2021,6,10,6,3,6,4,0,0,1,1,0,0,0,0,13.28012574,52.51977159
7,7601546,2021,7,18,7,3,0,6,0,1,0,0,0,0,1,0,13.39892533,52.38233005
7,7601341,2021,6,16,6,3,2,6,0,0,1,0,1,0,0,0,13.36612369,52.41074176
2,2500833,2021,5,13,4,3,1,5,0,1,1,0,0,0,0,0,13.46395075,52.50804244
6,6200421,2021,6,16,4,3,2,6,0,0,1,0,0,0,0,1,13.31625195,52.43073282
1,1100310,2021,7,6,3,3,2,2,0,0,1,0,0,0,1,0,13.41588748,52.5270019
1,1300836,2021,7,18,4,3,2,7,0,0,1,0,1,0,0,0,13.37365548,52.53779886
9,9501941,2021,6,9,4,3,0,3,0,1,0,0,0,1,0,0,13.57515122,52.45269511
10,10100311,2021,5,6,6,3,5,2,0,1,0,0,0,1,0,0,13.51940763,52.52582169
3,3200308,2021,6,15,5,3,1,5,0,0,1,0,1,0,0,0,13.42936482,52.60041572
4,4200310,2021,6,12,4,3,6,4,0,0,1,1,0,0,0,0,13.2635803,52.51484618
1,1100104,2021,6,19,4,3,2,6,0,0,1,0,0,0,0,0,13.37158366,52.50477602
8,8100310,2021,6,20,1,3,4,6,1,1,0,0,0,0,1,0,13.43419101,52.49151384
2,2100106,2021,6,13,3,3,6,7,0,0,1,1,0,0,0,0,13.40616918,52.49781176
8,8200725,2021,6,12,3,3,0,1,0,1,0,0,0,0,0,0,13.42621289,52.44472859
1,1100415,2021,6,19,2,3,6,7,0,0,0,1,0,0,1,0,13.3949293,52.53658858
4,4300518,2021,7,20,1,2,0,7,0,1,0,0,0,0,0,0,13.30623799,52.52081164
11,11501238,2021,6,19,7,3,2,6,0,0,1,0,0,0,0,0,13.48227916,52.49841987
6,6100208,2021,7,9,5,3,5,3,0,1,1,0,0,0,0,1,13.32693155,52.45797898
1,1100416,2021,7,18,5,3,1,5,0,1,1,0,0,0,0,1,13.40303092,52.53182483
7,7400822,2021,6,1,5,3,1,3,2,1,1,0,0,0,0,0,13.3632593,52.45593149
3,3400827,2021,5,16,1,2,5,3,0,1,1,0,0,0,0,0,13.41834426,52.55970618
6,6400841,2021,6,10,6,3,5,2,0,1,1,0,0,0,0,0,13.26215463,52.43955412
10,10200630,2021,6,5,4,3,8,1,0,0,1,0,0,0,0,0,13.58946923,52.523204
11,11401136,2021,6,17,3,2,5,3,0,0,1,0,0,0,1,0,13.49985391,52.49891216
2,2200208,2021,6,8,2,3,4,6,0,1,0,0,0,0,1,0,13.38403993,52.4937383
11,11401137,2021,5,18,7,3,2,6,0,0,1,0,1,0,1,0,13.52491572,52.49554963
4,4501153,2021,6,14,5,3,2,6,0,0,1,0,0,0,0,0,13.33241271,52.47869349
11,11401137,2021,6,15,4,3,2,6,0,0,1,0,0,0,0,0,13.52507035,52.49531113
1,1100313,2021,6,19,3,3,1,5,0,1,0,0,1,0,0,0,13.42165832,52.50554007
3,3200204,2021,6,20,7,3,0,1,0,0,0,0,1,0,0,0,13.42332108,52.63190684
4,4300624,2021,6,14,3,2,4,6,0,0,0,0,0,0,1,0,13.31808571,52.50612334
4,4501152,2021,6,18,3,3,5,2,0,1,0,0,0,0,1,0,13.33101344,52.49261578
1,1100206,2021,6,10,2,3,5,2,0,1,1,0,0,0,0,0,13.3930542,52.51499578
9,9501737,2021,6,12,7,3,8,1,0,0,1,0,0,0,0,0,13.62714696,52.46345001
8,8100206,2021,7,22,7,3,2,6,2,1,1,0,0,0,0,0,13.42889504,52.48345796
4,4300517,2021,6,19,1,2,0,7,1,1,0,0,0,0,0,0,13.29768897,52.52555668
6,6400735,2021,6,11,1,2,0,2,0,0,1,0,1,0,0,0,13.17794245,52.42142728
6,6100103,2021,7,6,5,3,0,1,0,0,0,0,1,0,0,1,13.3145129,52.46499554
2,2500833,2021,7,15,3,3,0,1,0,1,0,0,0,0,0,0,13.45483556,52.51017762
9,9100304,2021,7,9,5,3,3,6,0,0,1,0,0,1,0,0,13.48621874,52.4648815
2,2100101,2021,6,15,5,3,2,6,0,0,1,0,0,0,0,0,13.38777323,52.50316004
4,4501042,2021,5,1,2,3,0,6,2,0,1,0,0,0,1,0,13.33847492,52.50334783
7,7200307,2021,6,12,6,3,5,2,0,1,1,0,0,0,0,0,13.34528795,52.48687322
2,2300314,2021,6,20,4,3,5,3,0,1,1,0,0,0,0,0,13.41629921,52.50171649
2,2200213,2021,6,8,3,3,5,3,0,1,1,0,0,0,0,0,13.41093929,52.49401121
2,2200207,2021,6,6,1,3,0,1,0,0,0,0,1,0,0,0,13.37662455,52.49153971
8,8100415,2021,5,15,5,3,6,7,0,0,1,1,0,0,0,1,13.44794738,52.47604107
7,7300619,2021,6,17,4,3,1,5,0,1,1,0,0,0,0,0,13.34019676,52.46651578
6,6200312,2021,5,17,1,2,5,2,0,1,0,0,1,0,0,0,13.34324972,52.43967011
2,2100106,2021,6,14,2,3,6,4,0,0,0,1,1,0,0,0,13.40611596,52.49774404
4,4500939,2021,7,22,2,3,0,1,2,1,0,0,0,0,0,0,13.30939189,52.49178798
1,1100102,2021,7,17,6,3,5,3,0,1,1,0,0,0,0,0,13.37201996,52.51118601
1,1100207,2021,7,9,6,3,5,3,0,1,1,0,0,0,0,1,13.39893117,52.50822643
3,3601450,2021,6,8,5,3,0,1,0,1,0,0,0,0,0,0,13.45385247,52.53282339
1,1100310,2021,6,19,5,3,5,3,0,1,0,0,0,0,0,0,13.41109861,52.52594022
9,9501737,2021,6,19,2,3,2,6,0,0,1,0,0,0,1,0,13.62562083,52.45696119
7,7601339,2021,5,12,2,3,0,3,0,0,1,0,1,0,0,0,13.34730017,52.4109961
2,2200213,2021,6,16,6,3,6,4,0,0,1,1,0,0,0,0,13.42112407,52.49220164
1,1401047,2021,6,15,6,3,5,2,0,1,1,0,0,0,0,0,13.35501474,52.54402758
8,8100102,2021,7,6,6,3,5,3,0,0,1,0,0,0,0,1,13.42284084,52.47563448
6,6400843,2021,6,13,3,3,5,3,0,0,1,0,0,0,0,0,13.29078576,52.44819412
8,8100521,2021,5,13,6,2,5,3,0,0,1,0,0,0,0,1,13.47246344,52.46174716
6,6100103,2021,6,17,4,2,4,6,0,0,1,0,0,0,0,0,13.31552423,52.46469375
5,5100211,2021,7,20,1,2,5,7,0,0,1,0,0,0,0,0,13.17656202,52.54914673
7,7501029,2021,5,11,3,3,1,2,0,0,1,0,0,0,1,0,13.37906392,52.44813057
12,12500927,2021,6,15,3,3,1,5,0,0,1,0,0,0,1,0,13.32461479,52.60169544
4,4500938,2021,7,18,2,3,6,7,0,0,1,1,0,0,0,0,13.29606071,52.49680094
3,3400619,2021,7,13,3,3,1,5,0,0,1,0,1,0,0,0,13.36692305,52.5856597
1,1401044,2021,5,16,6,3,1,7,0,1,1,0,0,0,0,1,13.37181325,52.54866766
12,12200412,2021,6,14,4,3,5,2,0,1,1,0,0,0,0,0,13.2995532,52.57917524
3,3500934,2021,7,8,7,3,2,6,0,1,1,0,0,0,0,1,13.43131537,52.55211899
1,1100415,2021,6,15,2,3,2,6,0,1,1,0,0,0,0,0,13.39208781,52.53011752
4,4501153,2021,6,22,6,3,5,2,1,1,1,0,0,0,0,0,13.3327161,52.47869341
5,5100104,2021,6,9,3,3,5,3,0,0,1,0,1,0,0,0,13.2151508,52.56075015
4,4100101,2021,6,17,3,2,0,7,0,0,1,0,0,0,0,0,13.27951799,52.53671944
4,4501042,2021,6,16,2,3,5,5,0,1,1,0,0,0,0,0,13.33361769,52.50695564
3,3400620,2021,6,20,7,2,1,1,0,0,1,0,1,0,0,0,13.3822839,52.57336552
2,2100105,2021,7,15,7,3,5,3,0,0,1,0,0,0,1,0,13.40501228,52.50085064
2,2400623,2021,6,11,7,3,0,1,0,1,0,0,0,0,0,0,13.43048188,52.51135833
3,3701660,2021,5,9,4,3,1,5,0,1,1,0,0,0,0,0,13.43610328,52.53317449
1,1300733,2021,6,14,4,3,2,6,0,0,1,0,0,1,0,1,13.39528143,52.55478149
1,1300732,2021,7,18,3,3,5,7,0,0,1,0,1,0,0,0,13.38607499,52.55848879
1,1100312,2021,7,8,4,3,5,3,0,0,1,0,0,0,1,1,13.41363238,52.51128743
8,8100415,2021,6,0,4,2,5,3,2,1,0,0,1,0,0,0,13.44812997,52.47765295
3,3501037,2021,5,11,6,3,5,3,0,0,1,0,0,0,1,0,13.46264526,52.56005567
7,7200307,2021,6,15,5,3,3,6,0,1,1,0,0,0,0,0,13.34491869,52.489926
9,9200717,2021,6,7,5,3,5,3,0,0,1,0,0,0,0,1,13.5532683,52.43399794
4,4300619,2021,6,12,3,3,5,3,0,0,1,0,0,0,0,0,13.30221778,52.51865588
4,4400835,2021,6,20,1,3,1,5,0,1,1,0,0,0,0,0,13.31168464,52.46720664
2,2300417,2021,6,13,3,3,0,5,0,0,1,0,0,0,1,0,13.43061808,52.49590021
8,8100415,2021,6,9,4,3,6,4,0,1,0,1,0,0,0,0,13.44063232,52.47950234
7,7601442,2021,6,10,2,3,6,4,0,0,1,1,0,0,0,0,13.40103326,52.41506449
2,2200208,2021,7,10,1,3,6,7,0,0,1,1,0,0,0,0,13.38088442,52.49435783
4,4100101,2021,6,10,1,3,5,2,0,1,1,0,0,0,0,0,13.28259106,52.53388594
5,5100105,2021,7,12,5,3,0,3,0,0,1,0,1,0,0,1,13.19339551,52.55567422
1,1100102,2021,7,10,5,3,1,5,0,1,0,0,0,1,0,0,13.35319871,52.50814621
8,8100521,2021,6,16,5,3,5,3,0,0,1,0,0,0,0,0,13.46059817,52.46218934
4,4300517,2021,5,6,2,3,0,1,0,0,0,0,1,0,0,0,13.29729938,52.52651374
12,12400618,2021,6,14,6,2,5,3,0,0,1,0,0,0,1,0,13.24027762,52.61862071
12,12601235,2021,6,16,5,3,3,6,0,0,1,0,0,0,1,0,13.35543897,52.59665769
5,5400943,2021,6,8,3,3,2,2,0,1,1,0,0,0,0,0,13.12043154,52.46639745
5,5300841,2021,6,18,2,3,2,6,0,0,1,0,1,0,0,0,13.26704511,52.53678188
11,11501340,2021,6,12,2,3,4,5,0,1,1,0,0,0,0,0,13.53985354,52.49370034
2,2100101,2021,5,14,5,3,2,6,0,0,1,0,0,0,0,1,13.38423071,52.50307417
11,11400929,2021,6,9,4,3,5,3,0,1,1,0,0,0,0,0,13.50200362,52.50701999
9,9200613,2021,5,19,1,3,5,2,0,1,1,0,0,0,0,0,13.5173245,52.45446449
8,8100415,2021,6,14,2,3,3,2,0,1,0,0,0,0,1,0,13.4480022,52.47771618
11,11401136,2021,7,19,2,2,6,2,0,0,1,1,0,0,0,0,13.50697891,52.49685689
11,11200411,2021,7,6,6,2,5,3,0,1,1,0,0,0,0,1,13.50949526,52.5465367
9,9401534,2021,6,11,6,3,0,7,0,1,0,0,0,0,0,0,13.58499142,52.44169471
9,9300920,2021,6,12,5,3,0,2,0,1,1,0,0,0,0,0,13.52608202,52.42359161
1,1200519,2021,6,23,2,3,2,6,2,1,1,0,0,0,0,0,13.33068187,52.52835867
8,8200624,2021,5,17,2,3,5,7,0,0,1,0,0,0,0,0,13.43667771,52.45341548
3,3601243,2021,6,21,6,3,2,6,1,1,1,0,0,0,0,0,13.41528488,52.55029502
6,6400735,2021,6,13,7,2,2,6,0,1,0,0,0,0,0,0,13.12960682,52.42668725
3,3701554,2021,7,0,7,2,3,6,2,1,1,0,0,0,0,0,13.40810882,52.5370303
1,1100205,2021,6,16,4,3,5,2,0,0,1,0,1,0,0,0,13.38147853,52.51513328
1,1400940,2021,6,19,6,2,3,6,0,1,1,0,0,0,0,0,13.3517825,52.55870727
12,12200310,2021,6,7,2,3,5,3,0,0,1,0,0,0,0,0,13.31057901,52.56799401
1,1100309,2021,5,7,6,2,5,2,0,1,1,0,0,0,0,1,13.40955285,52.52890299
3,3601245,2021,6,11,4,3,6,2,0,0,0,1,1,0,0,0,13.43033558,52.55128335
9,9401329,2021,7,10,1,3,5,3,0,0,1,0,0,0,0,0,13.59156491,52.43228105
10,10100205,2021,5,6,3,3,0,3,0,0,0,0,1,0,1,1,13.55057364,52.55993064
6,6200422,2021,6,18,3,3,5,3,0,1,1,0,0,0,0,0,13.33504063,52.42102395
6,6200422,2021,7,9,3,3,5,3,0,1,1,0,0,0,0,0,13.3279133,52.42419303
7,7100103,2021,7,14,3,3,0,4,0,1,0,1,0,0,0,0,13.36061087,52.49445055
8,8100105,2021,5,11,7,3,4,6,0,1,0,0,0,0,1,0,13.42120833,52.46658412
5,5100316,2021,6,13,5,3,0,6,0,0,1,0,0,0,1,0,13.20021868,52.5359109
4,4300415,2021,6,19,4,3,6,4,0,1,0,1,0,0,0,0,13.28346511,52.5063975
3,3601142,2021,4,18,3,3,5,3,0,0,1,0,0,0,0,0,13.41365974,52.54763939
5,5100209,2021,3,17,2,2,5,3,0,1,1,0,0,0,0,0,13.18478266,52.54760943
12,12601134,2021,4,16,5,3,0,7,0,0,0,0,0,0,1,0,13.35679099,52.60518141
4,4400830,2021,5,14,3,3,1,5,0,0,1,0,0,0,0,0,13.28944525,52.47623163
3,3701555,2021,5,19,3,3,1,5,0,1,1,0,0,0,0,0,13.41622235,52.53659725
7,7501029,2021,4,11,5,2,6,4,0,0,1,1,0,0,0,0,13.3775386,52.44261345
7,7400823,2021,5,10,7,3,3,6,0,0,1,0,1,0,0,0,13.37611694,52.45875966
11,11501238,2021,4,21,1,3,2,6,2,0,1,0,0,0,0,0,13.47566698,52.50140872
1,1100309,2021,5,6,5,3,0,6,0,0,1,0,1,0,0,1,13.40229524,52.52983992
6,6100210,2021,4,11,3,3,6,7,0,1,0,1,0,0,0,0,13.34114052,52.46410383
3,3601450,2021,3,4,3,3,2,6,2,0,1,0,0,0,0,1,13.45735813,52.52869779
5,5200527,2021,5,17,6,2,5,2,0,0,1,0,0,0,0,0,13.1663239,52.52395331
6,6400838,2021,4,9,4,3,1,5,0,0,1,0,0,0,1,0,13.24032273,52.44304976
8,8100418,2021,3,12,2,3,6,4,0,0,1,1,0,0,0,0,13.4516555,52.48079011
3,3400831,2021,4,17,1,3,1,5,0,0,1,0,0,0,0,0,13.41460354,52.56715641
8,8200726,2021,3,14,6,3,2,2,0,0,1,0,0,0,0,0,13.4336371,52.44419849
5,5100313,2021,5,16,2,3,5,2,0,1,1,0,0,0,0,0,13.20959597,52.54756669
9,9501737,2021,5,16,5,3,2,6,0,0,1,0,0,0,0,1,13.61900818,52.45561147
12,12200411,2021,5,0,4,3,5,2,2,0,1,0,0,0,0,0,13.32180944,52.56056233
2,2500729,2021,4,14,5,3,6,4,0,1,0,1,0,0,0,0,13.47309576,52.51532116
8,8100314,2021,4,11,6,3,4,6,0,1,0,0,0,0,1,0,13.42398555,52.48653384
2,2200212,2021,4,15,3,3,0,1,0,1,0,0,0,0,0,0,13.42039386,52.48743985
7,7501029,2021,3,20,4,3,5,3,2,0,1,0,0,0,0,0,13.37291906,52.43691348
1,1401045,2021,4,11,6,3,0,7,0,1,0,0,0,0,0,0,13.37405547,52.55653653
6,6100205,2021,5,16,7,3,1,5,0,1,1,0,0,0,0,0,13.35103584,52.44948809
3,3501038,2021,4,10,3,3,5,2,0,1,1,0,0,0,0,0,13.48319433,52.55488658
7,7400721,2021,5,5,3,3,0,7,0,1,0,0,0,0,0,0,13.40016206,52.48372758
2,2200208,2021,5,17,6,3,5,2,0,1,1,0,0,0,0,1,13.37967633,52.49261261
5,5100210,2021,5,13,5,3,2,6,0,0,1,0,0,0,0,0,13.18353517,52.54180671
8,8100313,2021,4,8,1,3,0,1,0,0,0,0,1,0,0,1,13.43989743,52.48961461
7,7200409,2021,3,13,4,3,5,3,0,1,0,0,0,0,1,0,13.34960482,52.48738581
10,10200417,2021,5,11,3,3,2,6,0,0,1,0,0,0,0,0,13.59230256,52.54852159
4,4501045,2021,3,18,2,3,0,2,0,1,1,0,0,0,0,0,13.33459134,52.49508103
4,4400835,2021,4,6,4,3,5,3,0,1,1,0,0,0,0,0,13.31625689,52.46714062
1,1100311,2021,3,18,5,3,5,7,0,0,1,0,0,0,1,0,13.42346314,52.52381741
1,1200522,2021,5,12,3,3,2,2,0,1,0,0,0,0,1,0,13.32997448,52.52378397
9,9100306,2021,4,20,1,3,5,2,1,1,1,0,0,0,0,1,13.49572252,52.4489696
6,6300526,2021,5,15,2,3,5,3,0,0,1,0,0,0,0,0,13.25925313,52.43266235
3,3701657,2021,4,10,5,3,2,1,0,0,1,0,0,1,0,1,13.42430674,52.5395947
5,5100316,2021,5,12,1,3,0,2,0,0,0,0,0,0,1,0,13.20362505,52.53992137
5,5100104,2021,5,12,6,3,0,2,0,0,1,0,0,0,1,0,13.20769844,52.55586198
10,10300731,2021,4,7,2,3,5,2,0,1,1,0,0,0,0,0,13.56380196,52.51876312
12,12200411,2021,4,12,6,2,6,2,0,0,1,1,0,0,0,0,13.32422691,52.56089852
12,12200309,2021,4,15,4,3,5,7,0,0,1,0,0,0,0,0,13.32949581,52.56237079
6,6300634,2021,5,14,5,3,5,2,0,1,1,0,0,0,0,1,13.30958178,52.43125232
1,1100206,2021,4,16,3,3,5,3,0,1,1,0,0,0,0,0,13.39293291,52.51500182
6,6300524,2021,3,13,3,3,5,3,0,0,1,0,0,0,0,0,13.23003217,52.43090694
6,6200422,2021,4,13,6,2,6,4,0,0,1,1,0,0,0,0,13.32381265,52.41863358
2,2500830,2021,3,19,7,3,0,1,2,1,1,0,0,0,0,1,13.45740002,52.51290392
12,12100205,2021,5,21,4,2,6,4,2,0,1,1,0,0,0,0,13.34681446,52.56707186
6,6300633,2021,5,13,2,2,0,5,0,0,1,0,0,0,1,0,13.31544691,52.44887384
10,10100311,2021,4,16,5,3,2,6,0,0,1,0,0,0,0,0,13.52262913,52.52569401
6,6100209,2021,4,10,3,3,7,7,0,1,0,0,0,0,0,0,13.33932193,52.45892118
4,4501148,2021,4,6,3,3,5,2,0,0,1,0,0,0,1,0,13.31279641,52.48047329