BEZ,LOR_ab_2021,UJAHR,UMONAT,USTUNDE,UWOCHENTAG,UKATEGORIE,UART,UTYP1,ULICHTVERH,IstRad,IstPKW,IstFuss,IstKrad,IstGkfz,IstSonstige,USTRZUSTAND,XGCSWGS84,YGCSWGS84
2,2500833,2021,5,1,7,3,0,1,2,1,0,0,0,0,0,0,13.45320272,52.51047603
2,2200210,2021,4,13,4,3,5,3,0,1,0,0,0,0,0,0,13.39469678,52.49167019
6,6200421,2021,3,9,3,3,2,6,0,0,1,0,0,0,0,0,13.31671167,52.42582092
6,6100207,2021,4,14,6,3,5,2,0,1,1,0,0,0,0,0,13.32078468,52.45181449
8,8401241,2021,5,20,6,3,5,2,0,0,1,0,0,0,0,0,13.48527368,52.43255181
1,1100310,2021,5,17,6,3,5,7,0,0,1,0,0,0,0,1,13.40987822,52.52432426
6,6200421,2021,3,18,4,3,6,7,0,0,0,1,0,0,1,0,13.31488632,52.43060043
2,2400624,2021,4,13,7,3,1,5,0,1,1,0,0,0,0,0,13.45014143,52.50976768
2,2400625,2021,3,12,7,3,2,6,0,0,1,0,0,0,0,1,13.44631984,52.50279215
9,9501838,2021,5,13,2,2,0,5,0,1,1,0,0,0,0,0,13.68691518,52.44065785
3,3300515,2021,5,12,6,2,5,2,0,0,1,0,0,0,1,1,13.44720746,52.58365524
2,2100106,2021,5,7,4,3,5,3,0,0,1,0,0,0,0,0,13.39953762,52.49831463
7,7400824,2021,4,14,7,3,0,3,0,0,1,0,0,0,1,0,13.3831879,52.46097647
7,7400823,2021,5,15,7,3,5,3,0,1,0,0,1,0,0,0,13.37532173,52.45551174
12,12100103,2021,4,15,4,3,6,4,0,0,1,1,0,0,0,0,13.35915941,52.57422963
5,5100316,2021,3,17,4,3,1,5,0,0,1,0,1,0,0,0,13.18637223,52.53777194
2,2100103,2021,4,9,2,3,5,3,0,1,0,0,0,0,1,0,13.39718447,52.50047781
7,7501031,2021,4,16,2,3,2,6,0,0,1,0,0,0,0,0,13.38769533,52.44793379
11,11100204,2021,5,14,7,3,5,3,0,1,0,0,0,0,1,0,13.52360189,52.56555825
8,8100102,2021,5,11,7,3,1,5,0,1,1,0,0,0,0,0,13.42585885,52.47833133
9,9200613,2021,4,22,2,3,2,6,2,1,1,0,0,0,0,0,13.51946903,52.45413109
10,10200627,2021,5,18,3,3,5,2,0,1,1,0,0,0,0,0,13.5874744,52.52365691
4,4300415,2021,5,17,7,3,5,7,0,1,1,0,0,0,0,0,13.29182238,52.50667743
11,11100308,2021,5,7,5,3,6,7,0,1,0,1,0,0,0,0,13.49319036,52.56812495
6,6200313,2021,4,8,2,3,5,3,0,1,1,0,0,0,0,0,13.34600163,52.43459557
8,8301037,2021,3,13,4,2,5,7,0,0,1,0,0,0,1,0,13.47740048,52.42572095
1,1300733,2021,4,11,3,3,5,2,0,0,1,0,0,0,1,0,13.38434961,52.55589665
2,2100104,2021,5,20,3,3,5,3,0,0,1,0,0,0,1,0,13.40634959,52.50260082
7,7400822,2021,4,8,3,3,5,2,0,1,1,0,0,0,0,0,13.37030412,52.46716542
2,2400623,2021,3,16,2,2,5,2,0,1,1,0,0,0,0,0,13.43193747,52.51512276
2,2200208,2021,4,23,5,2,6,2,2,0,1,1,0,0,0,0,13.3894543,52.49595052
12,12100204,2021,3,11,5,3,5,2,0,1,1,0,0,0,0,0,13.33589601,52.56494231
1,1401044,2021,5,6,3,3,5,3,0,1,1,0,0,0,0,0,13.36911004,52.54621369
7,7200409,2021,5,17,7,3,1,5,0,1,1,0,0,0,0,0,13.3562091,52.4880637
9,9401432,2021,4,12,3,3,0,7,0,0,1,0,0,0,1,0,13.59664841,52.44150051
11,11401137,2021,3,19,4,3,0,6,2,0,1,0,1,0,0,0,13.52513325,52.49521499
2,2100102,2021,4,13,5,3,5,2,0,1,1,0,0,0,0,0,13.39833301,52.50706829
3,3701657,2021,4,14,2,3,0,1,0,1,0,0,0,0,0,0,13.42595531,52.5423736
3,3400828,2021,5,1,1,2,1,5,2,1,1,0,0,0,0,0,13.42743127,52.56055503
9,9100407,2021,5,21,7,2,6,6,1,0,1,1,0,0,0,0,13.49597168,52.43747817
4,4300518,2021,4,0,1,3,2,6,2,1,0,0,0,0,0,0,13.31079301,52.5257543
1,1401047,2021,5,1,3,3,0,1,2,0,0,0,0,0,1,0,13.35786397,52.54467741
3,3300412,2021,5,13,6,3,6,4,0,0,1,1,0,0,0,0,13.46188983,52.60939496
3,3400721,2021,5,8,5,3,5,2,0,1,1,0,0,0,0,0,13.39594445,52.56597877
1,1400939,2021,4,23,1,3,0,7,2,0,1,0,0,0,0,1,13.35633724,52.55540244
8,8200730,2021,3,15,4,3,3,6,0,1,0,0,0,0,1,0,13.43490879,52.42845958
4,4501149,2021,4,17,3,3,5,3,0,1,0,0,0,0,0,0,13.32358636,52.49149495
9,9501838,2021,5,18,3,3,2,6,0,0,1,0,0,0,1,0,13.73027787,52.43020555
6,6200312,2021,3,13,2,2,5,2,0,0,1,0,0,0,0,0,13.34080368,52.44327937
1,1300836,2021,4,9,4,3,5,2,0,1,1,0,0,0,0,0,13.37199963,52.53888736
3,3601140,2021,3,18,5,3,5,2,0,1,1,0,0,0,0,0,13.40252594,52.55430063
12,12100204,2021,5,17,2,3,1,5,0,0,1,0,0,0,0,1,13.36142135,52.56765041
4,4500937,2021,4,13,1,3,0,1,0,1,0,0,0,0,0,0,13.28377263,52.49781642
10,10100315,2021,5,7,2,3,5,3,0,1,1,0,0,0,0,0,13.5645969,52.54286913
9,9200510,2021,4,14,4,3,2,6,0,0,1,0,0,0,1,0,13.50945919,52.47266448
5,5200629,2021,5,14,7,3,5,2,0,1,0,0,0,0,1,0,13.19702836,52.53137584
3,3701554,2021,4,10,3,3,5,5,0,0,1,0,1,0,0,0,13.41090633,52.53061994
1,1300733,2021,4,13,7,3,2,6,0,0,1,0,0,0,0,0,13.38250349,52.55192975
5,5100211,2021,5,12,6,2,5,2,0,0,1,0,1,0,0,0,13.15783984,52.54306902
11,11300724,2021,4,9,3,3,0,2,0,0,1,0,0,0,1,0,13.49323226,52.51442259
5,5200423,2021,4,16,6,2,5,2,0,0,1,0,1,0,0,0,13.14159926,52.53245201
1,1300733,2021,4,17,3,2,6,2,0,0,1,1,0,0,0,1,13.39133729,52.55037614
11,11401137,2021,5,14,4,3,0,1,0,1,1,0,0,0,0,0,13.52184891,52.50073658
5,5200629,2021,4,10,4,2,5,2,0,0,0,0,0,1,1,0,13.19867703,52.53278942
1,1200624,2021,3,15,3,3,5,2,0,1,1,0,0,0,0,0,13.36033767,52.53724679
7,7200409,2021,4,18,6,3,2,7,0,0,1,0,1,0,0,0,13.35665098,52.49023829
3,3300411,2021,3,11,6,2,5,3,0,1,1,0,0,0,0,0,13.48713242,52.61746729
1,1400942,2021,5,15,4,3,5,3,0,0,1,0,0,0,0,0,13.34605931,52.54485383
4,4501149,2021,5,15,3,2,5,7,0,1,1,0,0,0,0,0,13.32437488,52.48743695
5,5100211,2021,4,9,6,3,5,2,0,1,1,0,0,0,0,0,13.17720198,52.54888451
11,11300620,2021,4,7,3,3,6,7,0,0,1,1,0,0,0,0,13.47767801,52.53085994
4,4300416,2021,5,9,7,3,5,2,0,0,1,0,1,0,0,0,13.30240199,52.50673864
8,8100419,2021,4,19,3,3,1,5,0,1,1,0,0,0,0,0,13.4559771,52.48232386
1,1400938,2021,3,10,3,3,0,6,0,1,1,0,0,0,0,0,13.33249864,52.54556742
7,7400823,2021,4,16,5,3,2,6,0,0,1,0,1,0,0,1,13.37453042,52.46841153
2,2500835,2021,5,10,6,3,5,2,0,0,1,0,0,0,0,1,13.46575137,52.49920772
9,9100407,2021,5,22,6,3,5,2,2,0,1,0,1,0,0,0,13.50021136,52.45990054
10,10100210,2021,3,18,4,3,5,3,0,1,1,0,0,0,0,0,13.56102023,52.54747538
8,8100417,2021,4,23,3,3,0,1,2,0,0,0,0,0,1,0,13.45031667,52.4708423
12,12200412,2021,3,8,7,3,5,3,0,1,1,0,0,0,0,1,13.30029808,52.57006258
9,9501939,2021,5,18,2,3,2,6,0,0,1,0,0,0,0,0,13.56197181,52.45651395
12,12200412,2021,5,15,5,3,5,3,0,0,1,0,0,0,0,0,13.29250506,52.58107554
5,5100317,2021,5,6,4,2,5,3,0,0,0,0,1,0,1,0,13.23467464,52.52930477
8,8100415,2021,4,22,6,3,5,2,2,0,1,0,0,0,1,0,13.44525039,52.47919061
9,9200511,2021,5,16,1,3,0,1,0,1,0,0,0,0,0,0,13.51986159,52.46112067
8,8100208,2021,4,17,4,3,5,3,0,1,1,0,0,0,0,0,13.43787194,52.47314376
6,6200313,2021,3,11,4,3,0,6,0,0,1,0,0,0,1,0,13.34608176,52.43609567
3,3400721,2021,4,20,6,3,6,6,0,1,0,1,0,0,0,0,13.39961849,52.56650508
5,5400943,2021,4,18,2,3,1,5,1,0,1,0,0,0,0,0,13.15396135,52.46277947
10,10100205,2021,5,16,2,3,5,5,0,0,1,0,1,0,0,0,13.53370741,52.55536837
5,5200630,2021,5,13,7,3,2,6,0,0,1,0,0,0,0,0,13.19548353,52.52905121
4,4300416,2021,5,14,3,3,5,3,0,1,1,0,0,0,0,0,13.29277039,52.50673296
11,11401136,2021,5,7,6,3,6,4,0,1,0,1,0,0,0,0,13.51019905,52.49621196
1,1100206,2021,4,8,3,3,2,6,0,1,1,0,0,0,0,0,13.38936883,52.51476313
9,9200510,2021,5,15,5,3,5,3,0,1,1,0,0,0,0,0,13.50917052,52.47342773
3,3500932,2021,4,17,1,3,2,7,0,0,1,0,0,0,0,0,13.45256693,52.55791037
5,5100316,2021,4,11,5,3,6,4,0,0,1,1,0,0,0,0,13.18674135,52.5376919
1,1200629,2021,4,15,3,3,0,4,0,1,0,1,0,0,0,0,13.33581696,52.5157258
6,6200312,2021,5,20,5,2,2,1,0,0,1,0,0,0,0,1,13.33199518,52.44250956
7,7200413,2021,4,21,3,3,1,5,2,0,0,0,1,0,0,0,13.36026748,52.48232325
12,12100204,2021,3,13,1,2,9,1,0,0,1,0,0,0,0,0,13.36031944,52.561917
11,11100204,2021,4,13,6,3,2,6,0,0,1,0,0,0,0,0,13.51608058,52.56577139
1,1300836,2021,3,15,5,3,1,5,0,1,1,0,0,0,0,0,13.37580014,52.54261118
2,2300315,2021,5,12,2,3,5,2,0,1,0,0,0,0,1,0,13.43204078,52.49933259
1,1100207,2021,4,20,2,3,2,7,2,0,1,0,0,0,0,0,13.40562585,52.51122478
10,10200418,2021,5,18,2,3,5,3,0,0,1,0,0,0,1,0,13.58900804,52.54127559
9,9200717,2021,4,17,4,3,2,6,0,0,1,0,0,0,0,0,13.55603926,52.43356737
6,6400735,2021,5,15,1,3,5,3,0,0,1,0,1,0,0,0,13.13898343,52.41720975
6,6100205,2021,5,18,5,3,0,1,0,1,0,0,0,0,0,0,13.34300522,52.45044179
12,12100205,2021,4,8,3,3,6,7,0,0,1,1,0,0,0,0,13.35227919,52.56930991
9,9200510,2021,4,17,5,2,9,1,0,0,0,0,1,0,0,0,13.50931982,52.47272339
11,11100204,2021,4,15,3,3,5,3,0,0,1,0,1,0,0,0,13.52180955,52.56708074
12,12100205,2021,4,17,3,2,5,3,0,1,0,0,1,0,0,0,13.34772349,52.57583415
12,12200413,2021,5,14,6,3,5,3,0,1,1,0,0,0,0,1,13.29260823,52.57869006
6,6200315,2021,4,0,5,2,1,7,2,0,1,0,0,0,1,0,13.34645572,52.43124172
5,5300735,2021,3,13,2,2,5,2,0,0,0,0,0,0,1,0,13.22597069,52.55504204
8,8200832,2021,4,19,7,3,0,7,0,0,1,0,0,0,0,0,13.42635647,52.42428545
2,2100102,2021,3,8,6,3,5,7,0,0,1,0,1,0,0,1,13.39607229,52.50706281
12,12100205,2021,5,22,3,3,5,2,2,0,1,0,1,0,0,1,13.35137312,52.57809901
1,1100101,2021,5,14,3,3,6,4,0,0,1,1,0,0,0,0,13.3479208,52.50350426
2,2200210,2021,4,18,5,3,5,2,0,1,1,0,0,0,0,0,13.3950138,52.49762908
12,12200515,2021,4,17,2,3,5,3,0,0,1,0,1,0,0,0,13.28125756,52.58541274
4,4200207,2021,5,13,2,3,5,3,0,1,0,0,0,0,0,0,13.26716746,52.49642667
3,3601245,2021,4,8,4,2,5,2,0,1,1,0,0,0,0,0,13.43804747,52.54619123
8,8100417,2021,5,12,7,2,6,4,0,1,0,1,0,0,0,0,13.44874252,52.47321813
1,1200628,2021,4,16,1,3,0,7,0,0,0,0,1,0,0,0,13.36729382,52.52403269
1,1300732,2021,5,13,6,3,5,2,0,1,1,0,0,0,0,0,13.3905488,52.5630245
3,3701555,2021,4,12,2,3,5,3,0,1,0,0,0,0,1,0,13.42022521,52.53814972
1,1100308,2021,4,9,7,3,5,3,0,1,1,0,0,0,0,0,13.38010374,52.53279773
10,10300734,2021,5,15,5,3,9,1,0,0,1,0,0,0,0,1,13.5724811,52.50550926
7,7601544,2021,4,10,4,3,5,7,0,0,1,0,0,0,0,0,13.40196058,52.39047407
1,1200628,2021,3,16,3,3,5,2,0,0,1,0,1,0,0,0,13.36781263,52.52609486
4,4500939,2021,4,10,1,3,5,3,0,0,1,0,0,0,0,0,13.30934782,52.49207382
4,4400728,2021,3,10,6,3,5,2,0,1,1,0,0,0,0,0,13.28082185,52.47696018
2,2200213,2021,5,16,4,3,5,3,0,1,1,0,0,0,0,0,13.42196273,52.4930238
11,2500835,2021,5,15,3,3,6,4,0,1,1,1,0,0,0,0,13.46949862,52.50236829
10,10200417,2021,4,18,6,3,5,2,0,0,1,0,0,0,0,0,13.59294865,52.54840913
1,1100313,2021,5,15,6,3,5,3,0,1,0,0,1,0,0,0,13.41343721,52.50672825
8,8401244,2021,4,12,4,3,4,5,0,1,1,0,0,0,0,0,13.499183,52.40860486
9,9200818,2021,3,11,3,3,2,6,0,0,1,0,0,0,0,0,13.55912695,52.44842248
5,5100105,2021,4,12,6,3,8,1,0,0,0,0,1,0,0,0,13.20342776,52.55551779
1,1100309,2021,4,12,3,3,4,6,0,1,1,0,0,0,0,0,13.4044399,52.52884895
2,2100102,2021,5,18,7,3,5,7,0,0,1,0,1,0,0,1,13.39070837,52.50556348
1,1300836,2021,5,15,6,3,1,6,0,0,1,0,1,0,0,0,13.38628925,52.54931323
10,10100311,2021,3,15,4,3,5,2,0,1,0,0,0,1,0,0,13.51726149,52.53528918
9,9100101,2021,4,13,2,3,5,2,0,1,0,0,0,1,0,0,13.45404352,52.48891343
4,4400728,2021,5,15,2,3,5,3,0,1,1,0,0,0,0,0,13.26912732,52.48508185
7,7501029,2021,5,9,5,3,0,1,0,0,0,0,1,0,0,1,13.37894017,52.44901224
6,6100205,2021,5,18,4,3,5,3,0,0,1,0,0,0,0,0,13.34957527,52.44913401
4,4300416,2021,4,2,7,3,2,6,2,1,1,0,0,0,0,0,13.30015538,52.50492285
2,2300314,2021,3,8,3,3,5,2,0,1,1,0,0,0,0,0,13.42491378,52.50208727
5,5300840,2021,5,5,2,2,5,2,1,1,1,0,0,0,0,1,13.27736274,52.5351849
4,4300416,2021,5,7,4,2,5,3,0,1,1,0,0,0,0,0,13.30073648,52.50683807
8,8401241,2021,4,8,4,2,0,1,0,1,0,0,0,0,0,0,13.47059148,52.43534392
7,7100205,2021,3,9,4,3,0,2,0,0,0,0,0,0,1,0,13.36198534,52.49770631
11,11100204,2021,5,16,7,3,6,7,0,1,0,1,0,0,0,0,13.51498728,52.5673143
6,6200420,2021,4,13,1,3,3,6,0,1,1,0,0,0,0,0,13.31043464,52.42109875
3,3400619,2021,5,8,2,3,5,7,0,0,1,0,0,0,0,0,13.36052676,52.58537385
3,3601142,2021,5,12,2,3,0,7,0,0,1,0,0,0,1,0,13.41284621,52.54675716
1,1100311,2021,5,10,6,3,1,5,0,1,1,0,0,0,0,1,13.42518009,52.51617866
7,7100102,2021,5,10,5,3,2,6,0,0,1,0,0,0,0,0,13.34598257,52.4971813
3,3100102,2021,4,13,3,3,5,3,0,0,1,0,0,0,0,0,13.50733601,52.63572805
8,8100209,2021,4,12,1,3,2,6,0,0,1,0,0,0,1,1,13.44618562,52.46816492
3,3500933,2021,4,11,6,3,5,3,0,0,1,0,0,0,0,0,13.46769477,52.55393326
6,6400737,2021,4,13,4,2,5,3,0,0,1,0,0,0,0,0,13.2037921,52.42764706
2,2300315,2021,5,17,4,3,5,3,0,0,1,0,1,0,0,0,13.42805701,52.50125419
1,1100310,2021,4,12,3,2,1,5,0,1,1,0,0,0,0,0,13.40960769,52.52821006
7,7100206,2021,3,19,2,2,5,3,0,1,1,0,0,0,0,0,13.37314729,52.48787424
9,9401534,2021,4,12,5,3,5,3,0,1,1,0,0,0,0,0,13.5755225,52.44748242
6,6300629,2021,3,12,5,3,5,2,0,0,1,0,0,0,0,0,13.29360595,52.44579397
1,1200626,2021,5,19,4,3,0,6,0,0,1,0,1,0,0,1,13.35130439,52.52435548
3,3601141,2021,5,19,3,3,2,6,0,1,1,0,0,0,0,0,13.41399048,52.55362871
4,4200310,2021,4,9,5,3,2,6,0,0,1,0,0,0,1,1,13.27094141,52.51039534
12,12200412,2021,5,15,1,3,2,6,0,0,1,0,0,0,0,0,13.25973317,52.57091047
8,8200623,2021,4,17,7,3,6,6,0,1,0,1,0,0,0,0,13.43941182,52.45276072
10,10200524,2021,5,18,5,3,6,4,0,0,0,1,1,0,0,0,13.62217121,52.53292906
7,7400720,2021,4,18,2,3,5,2,0,1,1,0,0,0,0,0,13.38025093,52.48188827
8,8100208,2021,3,13,3,3,1,5,0,1,1,0,0,0,0,0,13.43710469,52.47298514
1,1401044,2021,4,18,4,2,1,5,0,0,1,0,0,0,1,1,13.36893601,52.55244926
7,7501032,2021,5,14,6,2,0,7,0,0,1,0,0,0,0,0,13.41545502,52.45146109
12,12601133,2021,4,17,5,3,5,3,0,0,1,0,0,0,0,0,13.36778735,52.60272708
8,8100310,2021,3,9,2,3,3,6,0,1,1,0,0,0,0,0,13.42816257,52.49343641
4,4300624,2021,4,19,7,3,5,3,0,1,1,0,0,0,0,0,13.32305618,52.50566947
9,9300923,2021,3,15,6,2,6,4,0,0,1,1,0,0,0,0,13.54229453,52.39977463
9,9300920,2021,5,7,2,2,5,2,0,1,1,0,0,0,0,0,13.53087359,52.415674
3,3601449,2021,5,12,5,3,5,7,0,0,1,0,0,0,0,0,13.4526474,52.53920809
2,2100106,2021,5,17,4,2,5,3,0,0,1,0,0,0,0,0,13.39946018,52.49828858
9,9200510,2021,4,14,5,2,6,4,0,0,0,1,1,0,0,0,13.51130031,52.46423023
7,7100102,2021,4,11,6,3,5,3,0,1,1,0,0,0,0,0,13.35221893,52.49670323
7,7400721,2021,4,19,3,3,1,5,0,0,1,0,0,0,0,0,13.38400988,52.47157597
7,7200409,2021,3,9,4,3,2,6,0,1,1,0,0,0,0,0,13.35411406,52.48816576
7,7300517,2021,4,21,6,2,5,2,2,1,0,0,1,0,0,0,13.33779171,52.47372792
9,9100305,2021,5,17,1,3,1,5,0,0,1,0,0,0,0,0,13.48962619,52.4732389
6,6400737,2021,3,17,4,3,1,5,0,1,1,0,0,0,0,0,13.20511402,52.43406488
11,11100308,2021,4,10,2,3,1,7,0,0,1,0,0,1,0,0,13.49204146,52.57228405
3,3300516,2021,5,12,2,3,5,3,0,0,1,0,0,0,0,0,13.43891222,52.56865355
1,1200519,2021,5,7,6,3,6,4,0,0,1,1,0,0,0,1,13.33138964,52.53097769
9,9502043,2021,5,12,4,2,6,4,0,0,0,1,0,0,1,0,13.58080779,52.46002567
1,1401046,2021,5,16,5,3,2,6,0,1,1,0,0,0,0,0,13.34498673,52.5389204
7,7200413,2021,4,12,6,3,5,3,0,1,1,0,0,0,0,0,13.36343594,52.47863736
1,1100103,2021,4,15,5,2,5,3,0,1,1,0,0,0,0,0,13.35286552,52.50400097
10,10100102,2021,5,19,3,3,5,3,0,1,1,0,0,0,0,0,13.56744779,52.57332232
3,3601450,2021,3,18,2,3,0,6,0,0,0,0,1,0,1,0,13.46025249,52.52932499
7,7100206,2021,4,8,5,3,6,4,0,0,1,1,0,0,0,0,13.36250968,52.49352374
12,12601235,2021,3,11,5,3,5,2,0,1,1,0,0,0,0,0,13.35880919,52.59682572
7,7601238,2021,5,15,3,3,5,3,0,0,1,0,0,0,0,0,13.38792759,52.42073805
5,5300735,2021,4,17,1,2,0,1,0,0,0,0,1,0,0,0,13.22672296,52.55027372
4,4200311,2021,5,12,2,3,2,6,0,0,1,0,0,0,0,0,13.27920821,52.50317221
4,4500938,2021,4,16,4,3,5,3,0,1,1,0,0,0,0,0,13.29387069,52.4963628
9,9301126,2021,3,6,3,3,5,7,0,0,1,0,0,0,1,0,13.57881812,52.41938226
3,3100101,2021,4,6,6,3,3,6,0,0,1,0,1,0,1,0,13.45567002,52.62321573
8,8100104,2021,5,14,7,3,5,3,0,0,1,0,1,0,0,0,13.429927,52.46992699
2,2300314,2021,5,14,7,3,5,2,0,1,1,0,0,0,0,0,13.42249886,52.49918205
9,9200819,2021,3,18,3,3,2,6,0,0,1,0,0,0,0,0,13.56222543,52.43710586
8,8100521,2021,4,20,2,3,0,1,2,1,0,0,0,0,0,0,13.47316505,52.46454543
7,7300515,2021,5,20,2,2,5,2,2,1,0,0,0,0,0,0,13.32208602,52.47348581
3,3100101,2021,5,6,5,3,5,3,0,0,1,0,0,0,0,0,13.44477772,52.61533224
4,4500936,2021,5,8,4,3,1,5,0,1,0,0,0,1,0,0,13.30380275,52.50317426
2,2400623,2021,4,14,6,3,5,3,0,1,1,0,0,0,0,0,13.43065848,52.51109551
5,5100316,2021,4,13,5,3,5,2,0,1,1,0,0,0,0,1,13.20068223,52.53872447
6,6100208,2021,4,9,6,3,6,2,0,0,1,1,0,0,0,0,13.33264288,52.45590006
3,3100101,2021,5,20,3,2,2,6,0,0,0,0,1,0,0,0,13.49142984,52.63759046
11,11100204,2021,4,16,4,3,5,3,0,1,1,0,0,0,0,0,13.52455102,52.55968746
3,3200205,2021,3,7,4,3,0,3,0,1,0,0,0,0,0,0,13.39083032,52.58377227
6,6200422,2021,5,11,3,3,5,3,0,0,1,0,0,0,0,0,13.33131018,52.42004052
2,2500833,2021,4,19,2,3,5,3,0,1,1,0,0,0,0,0,13.46342135,52.50817349
8,8401241,2021,5,16,2,3,0,1,0,0,0,0,1,0,0,0,13.48985837,52.43147192
1,1400938,2021,5,23,2,3,1,5,2,0,1,0,0,0,0,0,13.34203843,52.54502973
2,2500833,2021,5,20,6,3,2,6,0,1,1,0,0,0,0,1,13.46024228,52.50893091
4,4300624,2021,5,16,5,3,5,2,0,1,1,0,0,0,0,0,13.31579729,52.50611231
1,1100312,2021,4,8,2,3,0,6,0,1,1,0,0,0,0,1,13.41753239,52.5132005
1,1401049,2021,4,17,5,3,5,2,0,0,1,0,0,0,0,0,13.36572578,52.55683316
12,12200412,2021,5,14,4,3,3,6,0,0,1,0,1,0,0,0,13.29704053,52.5774424
12,12500929,2021,4,13,3,3,5,2,0,0,1,0,1,0,0,0,13.33605319,52.61847695
5,5300735,2021,3,15,1,3,5,2,0,0,1,0,0,0,0,0,13.22720379,52.54945951
3,3200308,2021,4,7,5,2,6,4,1,0,1,1,0,0,0,0,13.4144856,52.60891033
10,10100209,2021,3,11,5,3,2,6,0,0,1,0,0,0,0,0,13.57285013,52.55036053
12,12100206,2021,5,9,4,3,5,3,0,0,1,0,0,0,0,0,13.34591626,52.5743434
3,3701555,2021,5,11,3,3,0,6,0,1,1,0,0,0,0,1,13.414899,52.53893181
5,5400943,2021,4,7,5,3,0,3,0,0,1,0,1,0,0,1,13.13361158,52.46161224
8,8200726,2021,5,14,1,3,2,7,0,0,1,0,0,0,0,0,13.45295499,52.44561625
2,2100102,2021,4,11,2,3,5,3,0,0,1,0,0,0,0,1,13.39438557,52.50702055
10,10300731,2021,5,9,6,3,0,3,0,1,1,0,0,0,0,0,13.56561682,52.52920528
8,8300934,2021,4,15,3,3,2,6,0,0,1,0,0,0,0,0,13.46484703,52.42960278
9,9100304,2021,3,13,3,3,5,2,0,0,1,0,0,0,1,0,13.48553559,52.46431819
5,5300736,2021,4,4,3,2,9,1,2,0,1,0,0,0,0,0,13.21724059,52.53784931
2,2200212,2021,5,17,6,3,3,6,0,0,1,0,1,0,0,0,13.40907684,52.48891801
11,11501341,2021,4,13,4,2,0,7,0,0,1,0,0,0,0,0,13.52536383,52.48112819
2,2200209,2021,3,18,3,3,5,2,0,1,1,0,0,0,0,0,13.37207762,52.48500996
6,6300629,2021,4,13,6,2,2,6,0,0,1,0,1,0,0,0,13.29933565,52.44785187
1,1300732,2021,3,11,7,3,2,6,0,0,1,0,0,0,0,1,13.38691049,52.55950415
1,1100310,2021,5,10,2,3,2,6,0,0,1,0,0,0,0,0,13.40999887,52.51614799
2,2200210,2021,5,17,5,3,5,2,0,1,1,0,0,0,0,1,13.39502834,52.4976281
12,12200412,2021,5,19,4,3,5,7,0,0,1,0,0,1,1,0,13.29835361,52.57978996
1,1100207,2021,4,18,6,3,5,3,0,0,1,0,0,0,0,0,13.39211035,52.50779519
6,6400844,2021,5,14,7,3,5,3,0,0,1,0,0,0,0,0,13.28597377,52.45301643
4,4300623,2021,4,13,4,2,5,5,0,0,1,0,1,0,0,0,13.31398584,52.50692885
7,7601544,2021,3,12,4,3,1,5,0,0,1,0,0,0,1,0,13.40902018,52.38708693
2,2400625,2021,4,13,5,3,5,3,0,1,1,0,0,0,0,0,13.44333771,52.51196561
3,3601142,2021,5,9,7,3,5,2,0,1,1,0,0,0,0,0,13.41208744,52.54314154
11,11300620,2021,5,18,7,3,5,3,0,0,1,0,0,0,0,1,13.4854491,52.52667713
4,4200310,2021,4,12,2,3,6,4,0,0,0,1,0,1,0,0,13.26154339,52.51593923
5,5200630,2021,5,17,3,2,6,2,0,0,1,1,0,0,0,0,13.19720578,52.52425006
1,1200522,2021,5,23,6,3,0,2,2,1,1,0,0,0,0,0,13.3392563,52.52585483
11,11501340,2021,5,17,4,3,0,3,0,0,1,0,0,0,1,0,13.53344612,52.49169072
1,1300835,2021,4,20,4,3,0,1,2,0,0,0,1,0,0,0,13.38988524,52.53527464
12,12200411,2021,4,18,1,3,2,6,0,0,1,0,0,0,0,1,13.32207709,52.5605982
1,1100206,2021,3,14,4,3,0,1,0,1,0,0,0,0,0,0,13.39636016,52.51972246
2,2300419,2021,5,11,3,3,1,5,0,1,0,0,0,1,0,0,13.44103945,52.49895701
5,5200526,2021,3,11,1,2,6,4,0,0,1,1,0,0,0,0,13.15985439,52.52186019
8,8100208,2021,4,12,5,3,3,6,0,0,1,0,1,0,0,0,13.44169584,52.46970088
3,3100101,2021,3,8,5,3,5,2,0,0,1,0,0,0,1,0,13.47954076,52.64368729
4,4501043,2021,5,8,3,3,3,6,0,0,1,0,1,0,0,0,13.31179254,52.49755715
12,12500824,2021,4,10,2,3,5,2,0,1,0,0,0,0,1,0,13.29193313,52.59054982
1,1100101,2021,5,8,2,3,5,2,0,0,0,0,0,0,1,0,13.34133073,52.50519585
4,4400726,2021,4,19,4,2,5,2,0,1,1,0,0,0,0,0,13.2843511,52.48672128
3,3400721,2021,5,13,7,3,6,7,0,1,0,1,0,0,0,0,13.39816443,52.56757065
3,3601347,2021,5,13,5,3,5,3,0,0,1,0,0,0,0,0,13.41720305,52.54340241
12,12400722,2021,4,11,3,3,6,7,0,1,0,1,0,0,0,0,13.30825408,52.61564096
4,4200311,2021,4,14,6,3,5,2,0,0,1,0,0,0,0,0,13.27924671,52.5035184