BEZ,LOR_ab_2021,UJAHR,UMONAT,USTUNDE,UWOCHENTAG,UKATEGORIE,UART,UTYP1,ULICHTVERH,IstRad,IstPKW,IstFuss,IstKrad,IstGkfz,IstSonstige,USTRZUSTAND,XGCSWGS84,YGCSWGS84
6,6400839,2021,4,13,4,3,5,3,0,0,1,0,0,0,0,0,13.25530839,52.44063175
4,4200308,2021,5,13,4,3,2,6,0,0,1,0,1,0,0,0,13.28092725,52.51836505
2,2500728,2021,4,13,3,3,6,4,0,0,1,1,0,0,0,0,13.46545637,52.51632005
1,1200625,2021,3,15,3,3,2,7,0,0,1,0,0,0,1,0,13.35121537,52.52896551
2,2200211,2021,4,16,5,3,5,3,0,1,0,0,0,0,0,0,13.39837056,52.48889072
12,12601235,2021,3,17,7,3,6,4,0,0,1,1,0,0,0,0,13.35806053,52.59678691
11,11501238,2021,5,16,4,3,2,6,0,0,1,0,0,0,0,0,13.50144479,52.48300665
3,3500934,2021,5,15,3,3,6,2,0,0,1,1,0,0,0,0,13.44125684,52.54956383
2,2200212,2021,4,6,6,3,6,4,0,1,0,1,0,0,0,0,13.40795446,52.48917882
6,6400843,2021,4,7,3,2,5,3,0,1,1,0,0,0,0,0,13.28592537,52.4497301
8,8401242,2021,5,7,7,3,5,3,0,0,1,0,0,0,0,1,13.4778069,52.41778287
1,1400942,2021,4,10,4,3,5,7,0,1,1,0,0,0,0,0,13.34370646,52.54630824
1,1100309,2021,3,18,2,3,0,7,0,1,0,0,0,0,0,0,13.40266161,52.52351492
12,12100205,2021,4,10,5,3,5,3,0,0,1,0,0,0,0,1,13.34766538,52.58284782
9,9502043,2021,5,13,7,2,5,2,0,1,1,0,0,0,0,0,13.5783087,52.45926031
7,7601546,2021,5,14,6,3,5,3,0,0,1,0,0,0,1,0,13.38579489,52.39141872
4,4400727,2021,4,17,1,3,1,5,0,1,1,0,0,0,0,1,13.28517291,52.48395424
1,1401047,2021,4,11,6,3,5,2,0,0,1,0,0,0,0,0,13.35901932,52.54639136
7,7400721,2021,5,9,5,3,0,6,0,0,1,0,1,0,0,1,13.38746426,52.48457575
11,11200515,2021,4,17,3,3,5,3,0,0,1,0,1,0,0,0,13.50906725,52.54215922
3,3100101,2021,3,11,3,3,0,5,0,0,1,0,0,0,0,0,13.4959227,52.64096485
7,7501029,2021,4,9,6,3,5,3,0,0,1,0,0,0,1,0,13.37884093,52.43766205
5,5100207,2021,3,17,6,3,6,7,0,0,0,1,0,0,1,0,13.13440275,52.55052948
1,1100312,2021,5,18,4,3,5,3,0,1,1,0,0,0,0,1,13.41365536,52.51129546
9,9301126,2021,5,17,3,3,5,3,0,1,1,0,0,0,0,0,13.58038795,52.41760805
4,4500937,2021,4,11,6,3,0,4,0,0,0,1,0,0,1,0,13.29527357,52.49774661
10,10100209,2021,4,14,3,2,6,4,0,0,1,1,0,0,0,0,13.57352891,52.55228384
12,12200412,2021,5,17,6,3,2,6,0,0,1,0,1,0,0,0,13.28658075,52.57560101
6,6100209,2021,4,13,3,3,5,7,0,0,1,0,1,0,0,0,13.3394278,52.46037484
5,5200528,2021,3,16,2,3,2,2,0,0,1,0,0,0,0,0,13.18466963,52.51543212
7,7100101,2021,4,12,5,3,5,2,0,1,1,0,0,0,0,0,13.3409307,52.49930274
11,11400929,2021,5,18,6,3,1,5,0,1,1,0,0,0,0,0,13.50171561,52.50666748
4,4300415,2021,3,17,4,3,5,2,0,1,0,0,0,0,1,0,13.28809637,52.50296879
1,1300836,2021,4,18,6,3,0,5,0,0,1,0,0,0,1,0,13.37501802,52.54343172
2,2500831,2021,3,16,7,3,6,4,0,0,1,1,0,0,0,0,13.46997306,52.51240728
7,7400822,2021,5,19,2,3,5,3,0,1,1,0,0,0,0,0,13.37051781,52.46893873
1,1100308,2021,5,19,5,3,5,7,0,0,1,0,0,0,0,0,13.38233268,52.52302296
7,7601544,2021,5,21,4,3,1,5,1,1,1,0,0,0,0,0,13.40140321,52.38455211
5,5200630,2021,4,15,6,3,2,6,0,0,1,0,0,0,0,0,13.18896737,52.52159615
11,11400929,2021,5,22,7,3,5,7,2,1,1,0,0,0,0,0,13.49522531,52.50486612
11,11501339,2021,4,13,4,3,5,2,0,1,1,0,0,0,0,0,13.52761195,52.49093233
3,3601141,2021,3,23,4,3,5,3,2,1,1,0,0,0,0,0,13.41441569,52.55389239
6,6100205,2021,4,12,7,3,1,5,0,0,1,0,0,0,1,0,13.35991552,52.4465178
7,7400823,2021,5,17,1,3,5,2,0,1,1,0,0,0,0,0,13.37193623,52.46989494
3,3701556,2021,5,22,7,3,5,3,2,0,1,0,0,0,1,0,13.42212774,52.53542746
8,8401244,2021,4,8,3,3,2,2,0,0,1,0,0,0,0,0,13.50338843,52.41168321
9,9200510,2021,5,6,3,3,0,1,1,0,0,0,1,0,0,0,13.51098923,52.47190108
1,1200518,2021,5,10,6,3,5,7,0,0,1,0,1,0,0,1,13.3286483,52.52853893
1,1100310,2021,4,8,4,3,5,2,0,1,0,0,0,1,0,0,13.4097959,52.52401449
5,5400943,2021,5,10,5,3,3,6,0,1,0,0,0,0,0,0,13.12986717,52.45283908
6,6300631,2021,4,8,2,3,6,4,0,0,1,1,0,0,0,0,13.31040751,52.43096323
2,2500835,2021,4,12,5,3,2,6,0,1,1,0,0,0,0,0,13.4570388,52.5029349
8,8100102,2021,5,19,4,3,1,5,0,1,1,0,0,0,0,1,13.42655463,52.47664266
1,1100311,2021,4,18,3,3,3,6,0,0,1,0,0,0,0,0,13.41797529,52.51556726
2,2100103,2021,3,14,2,3,3,6,0,1,1,0,0,0,0,0,13.39918668,52.50413846
8,8100313,2021,4,15,5,3,1,7,0,0,1,0,0,0,0,0,13.44368207,52.4856523
5,5200629,2021,3,12,5,2,6,4,0,1,0,1,0,0,0,0,13.19676825,52.53142126
1,1401045,2021,5,15,2,3,0,4,0,0,0,1,1,0,0,0,13.37920353,52.5528853
8,8300934,2021,4,10,2,3,5,3,0,0,1,0,0,0,0,1,13.4617461,52.43080325
7,7200414,2021,5,19,2,3,1,5,0,1,0,0,0,0,1,1,13.36198201,52.48583918
1,1100415,2021,4,20,4,3,4,6,1,1,0,0,0,0,1,0,13.40100053,52.53002757
2,2400521,2021,5,16,7,3,5,3,0,0,1,0,0,0,0,0,13.43536287,52.5216576
4,4200308,2021,4,19,1,3,5,2,0,0,1,0,0,0,0,0,13.28297035,52.51865001
4,4500937,2021,5,11,6,3,0,1,0,1,0,0,0,0,0,0,13.28721486,52.49601456
7,7100103,2021,4,15,2,3,1,5,0,0,1,0,1,0,0,0,13.35790024,52.49444643
6,6400844,2021,4,14,6,3,2,6,0,0,1,0,0,0,0,0,13.27484591,52.46067377
1,1200517,2021,4,7,3,2,5,3,0,0,1,0,1,0,0,1,13.32927356,52.53899663
7,7601340,2021,5,11,4,3,2,6,1,0,1,0,0,0,0,0,13.35499443,52.41328717
6,6200313,2021,4,9,4,3,2,6,0,0,1,0,0,0,0,0,13.34438887,52.43804696
10,10300731,2021,3,14,3,3,2,6,0,0,1,0,0,0,1,0,13.5636707,52.51728837
1,1200520,2021,4,19,1,3,3,6,1,1,1,0,0,0,0,0,13.34314045,52.52662925
9,9200613,2021,3,9,6,3,5,2,0,1,1,0,0,0,0,1,13.50385174,52.46082287
10,10200629,2021,5,15,4,3,3,6,0,0,0,0,1,0,1,0,13.58393548,52.51514124
4,4200311,2021,5,14,3,3,5,7,0,0,1,0,0,0,0,0,13.27797911,52.50338944
11,11300721,2021,4,19,5,3,0,1,0,0,0,0,1,0,0,1,13.49991838,52.53421862
12,12200309,2021,5,18,6,3,5,2,0,0,1,0,0,0,1,0,13.33063875,52.56257787
1,1100205,2021,4,19,3,3,0,2,0,0,1,0,0,0,1,0,13.37675775,52.50987801
6,6200421,2021,3,12,3,3,5,7,0,0,1,0,1,0,0,0,13.32055697,52.4298626
9,9200819,2021,4,14,6,3,5,3,0,1,1,0,0,0,0,0,13.56461894,52.4386241
1,1300733,2021,5,17,6,3,5,3,0,0,1,0,0,0,0,0,13.38149975,52.552418
12,12400618,2021,5,7,6,2,5,3,0,1,1,0,0,0,0,0,13.24003187,52.61875228
9,9200512,2021,3,8,4,3,1,5,0,1,1,0,0,0,0,0,13.53011603,52.45693587
1,1401044,2021,4,16,2,3,0,7,0,1,0,0,0,0,0,0,13.36850282,52.55234797
2,2400521,2021,5,15,2,3,1,5,0,1,1,0,0,0,0,0,13.43976416,52.51922605
11,11300826,2021,5,14,5,3,5,3,0,1,0,0,0,0,1,0,13.47782433,52.51017754
2,2500834,2021,5,8,4,3,2,6,0,1,1,0,0,0,0,0,13.45489562,52.50785963
1,1300733,2021,4,8,6,3,0,7,0,0,1,0,0,0,0,0,13.38529405,52.55033794
11,11300725,2021,4,5,6,3,6,7,2,0,1,1,0,0,0,0,13.5016837,52.51300965
4,4400832,2021,4,8,4,3,2,7,0,0,1,0,1,0,0,0,13.29515612,52.47565809
2,2400623,2021,3,17,4,3,5,2,0,1,1,0,0,0,0,0,13.43209359,52.50941811
3,3701660,2021,5,14,7,2,5,3,0,1,0,0,0,0,0,0,13.43787274,52.52988216
1,1100308,2021,4,5,1,2,6,2,2,0,0,1,0,0,1,1,13.38473287,52.52922287
2,2100105,2021,5,6,1,3,9,1,0,0,1,0,0,0,0,0,13.41861251,52.49922716
11,11200514,2021,5,18,7,2,6,4,0,0,1,1,0,0,0,1,13.4971204,52.53919271
10,10200526,2021,5,7,3,2,2,6,0,0,1,0,0,0,0,0,13.60969484,52.53276834
12,12500930,2021,5,15,7,3,0,7,0,1,0,1,0,0,0,0,13.32596918,52.5874409
4,4300619,2021,4,18,6,2,3,2,0,1,0,0,0,0,0,0,13.31888895,52.51925737
6,6300634,2021,4,7,3,3,5,3,0,1,1,0,0,0,0,0,13.303497,52.43229965
8,8401243,2021,5,20,5,2,0,1,2,1,0,0,0,0,0,1,13.49591083,52.43226405
7,7400823,2021,5,6,6,3,5,2,0,0,1,0,1,0,0,0,13.37534039,52.45538398
9,9100101,2021,3,17,3,3,0,6,0,1,1,0,0,0,0,0,13.45448623,52.49405501
8,8100520,2021,4,21,7,3,6,4,2,0,1,1,0,0,0,0,13.4644828,52.4700889
1,1100101,2021,3,11,1,3,9,1,0,0,0,0,1,0,0,0,13.34140261,52.50549498
2,2500726,2021,5,11,2,3,6,2,0,0,1,1,0,0,0,0,13.45203319,52.52776273
3,3300516,2021,5,15,6,3,5,2,0,1,0,0,0,0,1,1,13.44432109,52.57366447
1,1100416,2021,5,21,4,3,1,5,2,1,1,0,0,0,0,0,13.4054194,52.53432479
12,12400721,2021,4,16,5,3,6,7,0,0,0,1,0,0,1,0,13.3029514,52.64523651
6,6400843,2021,5,15,1,3,5,2,0,1,1,0,0,0,0,1,13.30378325,52.45872763
8,8200832,2021,4,11,3,3,5,3,0,0,1,0,0,0,0,0,13.43592505,52.4172202
4,4300623,2021,4,11,5,2,5,2,0,0,1,0,1,0,0,0,13.31440019,52.50954706
8,8100415,2021,3,15,4,3,0,3,0,1,1,0,0,0,0,0,13.44101657,52.47926868
1,1300733,2021,4,19,1,3,5,2,1,1,1,0,0,0,0,0,13.38373363,52.55500228
10,10400835,2021,5,15,2,2,0,1,0,1,0,0,0,0,0,0,13.59914122,52.52831314
12,12100205,2021,5,13,7,2,0,1,0,0,0,0,0,0,1,0,13.33016413,52.56401803
5,5200420,2021,4,18,2,3,6,2,0,0,1,1,0,0,0,0,13.16516935,52.53331486
12,12200310,2021,5,12,2,3,5,2,0,0,1,0,1,0,0,0,13.31241468,52.57694811
2,2100106,2021,5,14,7,3,5,3,0,1,1,0,0,0,0,0,13.41728093,52.49900702
2,2100104,2021,4,13,4,3,5,3,0,1,1,0,0,0,0,0,13.40788524,52.50431568
3,3400830,2021,5,10,5,3,6,3,0,0,1,1,0,0,0,0,13.42784899,52.56792799
2,2300418,2021,4,10,2,3,0,7,0,1,0,0,0,0,0,0,13.43375869,52.49677259
9,9401635,2021,3,14,4,3,1,5,0,1,1,0,0,0,0,0,13.66257957,52.41157561
7,7400927,2021,4,15,4,3,0,7,0,1,1,0,0,0,0,0,13.39157424,52.45752799
7,7601546,2021,5,11,4,3,6,6,0,1,0,1,0,0,0,0,13.39574086,52.38667295
8,8300934,2021,4,15,3,3,6,4,0,0,1,1,0,0,0,0,13.46733525,52.42983128
5,5200631,2021,3,17,2,3,6,2,0,0,1,1,0,0,0,0,13.19749065,52.5242933
5,5100210,2021,4,8,6,2,5,2,0,1,1,0,0,0,0,0,13.19155943,52.54613821
2,2300316,2021,3,17,6,3,2,6,1,0,1,0,0,0,0,0,13.43764162,52.50015016
12,12200309,2021,5,8,2,3,5,3,0,0,1,0,0,1,0,0,13.32856608,52.56242388
5,5200423,2021,5,17,2,3,0,6,0,0,1,0,0,0,1,0,13.1551364,52.53305464
2,2100103,2021,4,15,4,3,5,2,0,1,1,0,0,0,0,0,13.40149779,52.50619698
4,4501042,2021,5,0,7,3,0,7,2,0,1,0,0,0,1,0,13.32756937,52.50380491
11,11401136,2021,4,3,2,3,5,3,2,0,1,0,0,0,0,0,13.49786613,52.4995672
9,9200715,2021,5,13,6,2,5,2,0,0,1,0,0,0,0,0,13.51954899,52.42830437
5,5200629,2021,4,12,3,2,0,6,0,0,1,0,0,0,1,0,13.19828072,52.53301711
1,1300836,2021,4,12,7,3,1,5,0,1,1,0,0,0,0,0,13.37944051,52.55112444
1,1100310,2021,4,16,3,3,2,2,0,0,1,0,1,0,0,0,13.41557938,52.52724447
8,8100417,2021,5,18,5,3,0,2,0,1,1,0,0,0,0,1,13.4528546,52.47531226
12,12500926,2021,4,9,5,3,2,6,0,0,1,0,0,0,0,0,13.32543546,52.58970283
11,11300620,2021,3,8,2,3,5,2,0,1,1,0,0,0,0,0,13.47996186,52.52662642
5,5100315,2021,4,14,1,2,5,2,0,0,1,0,0,0,0,0,13.19847814,52.54284567
9,9100306,2021,3,22,6,3,3,6,2,0,1,0,0,0,0,0,13.48464785,52.44810111
8,8200730,2021,5,16,3,3,2,6,0,0,1,0,0,0,0,0,13.43510855,52.42856708
3,3400619,2021,5,13,3,3,0,2,0,1,1,0,0,0,0,0,13.36748421,52.58636334
7,7601442,2021,4,14,5,3,5,2,0,1,1,0,0,0,0,0,13.4009311,52.41453729
9,9401329,2021,5,8,6,3,5,3,0,0,1,0,0,0,0,0,13.58542532,52.42707376
1,1100308,2021,4,14,4,3,5,2,0,1,1,0,0,0,0,0,13.37923161,52.52945131
1,1100415,2021,3,11,3,3,2,6,0,0,1,0,0,0,0,0,13.39708151,52.53247678
2,2300316,2021,4,12,6,3,1,5,0,1,1,0,0,0,0,0,13.42982139,52.50666909
4,4300415,2021,5,15,2,3,5,7,0,1,0,0,0,0,1,0,13.29160128,52.50667107
2,2100105,2021,3,16,3,2,1,5,0,1,0,0,0,0,1,0,13.40850181,52.50081295
2,2500727,2021,4,11,2,3,0,1,0,1,0,0,0,0,0,0,13.45466192,52.51582398
4,4501045,2021,5,8,2,2,1,7,0,0,1,0,0,0,0,0,13.32860063,52.49521025
10,10100316,2021,5,6,5,2,5,2,0,1,1,0,0,0,0,0,13.57359192,52.54655353
1,1200517,2021,5,21,4,3,5,3,2,0,1,0,0,0,1,0,13.32445414,52.53221916
7,7400927,2021,4,18,4,3,1,5,0,1,1,0,0,0,0,0,13.39321366,52.45996768
12,12601236,2021,4,17,6,3,3,6,0,0,1,0,1,0,0,0,13.34703374,52.59142494
5,5100316,2021,4,15,5,3,1,7,0,1,1,0,0,0,0,0,13.20780469,52.53995287
10,10300732,2021,5,14,2,3,5,3,0,1,1,0,0,0,0,0,13.5720494,52.51328414
7,7400824,2021,5,19,4,3,0,7,0,0,0,0,1,0,0,1,13.3814614,52.46139182
9,9501941,2021,4,6,4,2,6,4,0,0,0,1,0,0,1,0,13.59398115,52.45318451
4,4501153,2021,3,1,4,2,6,4,2,0,0,1,0,0,1,0,13.3281828,52.47894018
12,12500930,2021,5,11,2,3,2,6,0,0,1,0,0,0,0,0,13.32957774,52.58731686
3,3400830,2021,4,19,2,3,5,2,0,0,1,0,0,0,0,0,13.42764315,52.56794047
5,5100316,2021,5,9,2,3,5,2,0,0,1,0,0,0,1,0,13.18347719,52.54152612
2,2200210,2021,5,19,2,3,2,6,0,0,1,0,0,0,0,0,13.39490303,52.49762595
10,10200420,2021,5,11,6,3,2,1,0,0,1,0,0,0,0,1,13.6005641,52.5355837
12,12500930,2021,4,9,3,3,2,7,0,0,1,0,0,0,0,0,13.32378726,52.58737161
1,1200628,2021,5,14,5,3,1,5,0,1,1,0,0,0,0,0,13.3565772,52.52277529
1,1100415,2021,4,7,2,3,3,6,0,1,0,0,0,0,1,0,13.38537585,52.53119582
5,5200524,2021,4,13,6,2,5,2,0,1,1,0,0,0,0,0,13.13324983,52.52632606
6,6300526,2021,5,20,5,3,2,2,0,0,1,0,0,0,0,1,13.25628249,52.42886546
5,5300841,2021,4,12,4,3,1,5,0,1,1,0,0,0,0,0,13.27187844,52.53710028
12,12200309,2021,3,15,2,3,2,2,0,0,1,0,1,0,0,0,13.33060714,52.56255929
10,10200524,2021,4,17,5,3,5,2,0,0,1,0,0,0,0,0,13.60958067,52.53303437
2,2200213,2021,3,9,5,3,5,2,0,1,1,0,0,0,0,0,13.41334459,52.49191691
12,12601236,2021,5,13,4,3,6,4,0,0,1,1,0,0,0,0,13.34756307,52.59636546
5,5300736,2021,5,14,2,3,5,2,0,0,1,0,0,0,1,0,13.22331723,52.53727292
10,10100313,2021,4,16,4,3,2,6,0,0,1,0,0,0,0,0,13.55050962,52.54309052
7,7300517,2021,5,10,7,3,1,5,0,1,1,0,0,0,0,0,13.33039819,52.47428573
6,6400735,2021,4,19,1,3,2,6,1,1,0,0,1,0,0,0,13.1647402,52.43212258
6,6100205,2021,5,19,5,3,1,5,0,0,1,0,0,0,0,0,13.33932896,52.4509701
3,3300411,2021,4,12,2,3,2,7,0,0,1,0,0,0,0,0,13.48358547,52.61891249
10,10100311,2021,3,22,3,2,3,7,2,0,1,0,0,0,1,0,13.52684063,52.53701452
7,7100102,2021,4,15,4,3,5,2,0,1,1,0,0,0,0,0,13.34574377,52.50069043
7,7300618,2021,5,12,6,3,5,3,0,1,1,0,0,0,0,1,13.33618464,52.46743143
3,3300517,2021,5,13,5,3,0,5,0,0,1,0,1,0,0,0,13.46158076,52.57016807
11,11300620,2021,4,1,1,3,3,6,2,1,1,0,0,0,0,1,13.48246787,52.53349468
2,2500833,2021,3,14,4,3,5,3,0,0,0,0,1,0,1,0,13.45272356,52.51242901
6,6200420,2021,4,15,4,3,5,3,0,0,1,0,1,0,0,0,13.30740005,52.41985087
4,4300416,2021,5,17,4,3,0,1,0,0,0,0,1,0,0,0,13.30281001,52.50595423
1,1100206,2021,4,19,3,3,1,5,0,0,1,0,0,0,0,0,13.4004836,52.51883251
7,7501031,2021,3,17,1,3,5,3,0,0,1,0,0,0,0,0,13.40787068,52.45245744
12,12601236,2021,4,22,5,3,1,5,2,0,1,0,0,1,0,0,13.34680427,52.5932314
1,1401045,2021,3,16,5,3,2,6,0,0,1,0,0,0,0,0,13.37601889,52.55468306
8,8401246,2021,5,18,2,3,6,4,0,0,1,1,0,0,0,1,13.49736641,52.41619378
4,4300619,2021,5,11,2,3,3,6,0,0,1,0,1,0,0,0,13.31024661,52.51634596
7,7400928,2021,4,17,4,3,5,3,0,1,0,0,0,0,0,0,13.41622764,52.45941279
1,1300836,2021,5,20,1,3,5,2,0,1,1,0,0,0,0,0,13.37632216,52.54301614
4,4100102,2021,5,11,5,3,3,2,0,0,1,0,0,0,0,0,13.29327312,52.53415139
5,5100317,2021,4,11,3,3,2,6,0,0,1,0,0,0,0,0,13.23981169,52.52629933
4,4500937,2021,4,7,5,3,5,2,0,1,1,0,0,0,0,0,13.28719257,52.49583258
9,9200511,2021,4,16,4,3,5,7,0,1,1,0,0,0,0,0,13.52386653,52.45963926
9,9401431,2021,5,13,6,2,1,5,0,1,1,0,0,0,0,0,13.58992731,52.44622414
4,4400726,2021,4,12,5,3,5,3,0,1,1,0,0,0,0,0,13.2842205,52.48529266
11,11300722,2021,3,12,3,3,0,7,0,0,1,0,0,0,0,0,13.47758261,52.5199544
3,3601244,2021,4,15,6,3,5,2,0,1,1,0,0,0,0,0,13.42698987,52.55221287
7,7100206,2021,3,13,6,3,1,5,0,1,0,0,0,0,1,0,13.37078546,52.49101727
2,2100102,2021,5,19,3,3,5,2,0,0,1,0,0,0,0,1,13.3946506,52.50526811
3,3701660,2021,5,7,3,3,2,7,0,1,1,0,0,0,0,1,13.43467597,52.53185803
1,1200517,2021,4,8,5,3,3,6,0,0,1,0,0,0,0,0,13.32836159,52.53413014
8,8100417,2021,4,20,6,3,0,6,1,0,1,0,0,0,1,0,13.4556866,52.4739477
3,3601141,2021,4,16,3,3,2,6,0,0,1,0,0,0,0,0,13.40858413,52.55340149
8,8300935,2021,3,14,3,3,1,5,0,1,1,0,0,0,0,0,13.44706529,52.42825093
5,5100316,2021,4,12,6,3,0,2,0,0,1,0,0,0,1,0,13.20078929,52.53850211
5,5200629,2021,5,21,7,3,5,2,1,1,1,0,0,0,0,0,13.19555983,52.52922967
7,7100102,2021,3,18,3,2,5,3,0,1,0,0,1,0,0,0,13.34613789,52.49886831
6,6400839,2021,4,15,2,3,2,6,0,0,1,0,0,0,0,0,13.24192557,52.4418339
2,2400521,2021,5,23,1,3,1,5,2,1,1,0,0,0,0,0,13.42954047,52.52190878
1,1200522,2021,5,10,5,3,5,2,0,1,1,0,0,0,0,0,13.33707297,52.51991881
2,2400625,2021,5,19,4,2,6,4,0,0,1,1,0,0,0,1,13.43486597,52.50836553
2,2200208,2021,5,14,5,3,5,2,0,1,1,0,0,0,0,0,13.38377269,52.4943576
8,8100313,2021,4,18,4,3,5,2,0,1,1,0,0,0,0,0,13.44005158,52.48959502
4,4300623,2021,4,11,6,3,1,5,0,1,0,0,0,0,1,0,13.30297737,52.509848
11,11300722,2021,4,15,5,2,5,3,0,1,1,0,0,0,0,0,13.4808901,52.51509726
8,8100418,2021,5,22,3,3,2,2,2,1,1,0,0,0,0,0,13.45396713,52.47966519
11,11400929,2021,3,14,2,3,5,3,0,0,1,0,0,0,0,0,13.49895172,52.5075401
1,1401048,2021,4,13,5,3,5,2,0,0,1,0,0,0,1,0,13.35470698,52.55191692
12,12100101,2021,3,16,5,3,5,2,0,1,0,0,0,0,1,0,13.36467355,52.5627209
4,4501150,2021,5,17,2,3,0,3,0,1,1,0,0,0,0,0,13.32623315,52.48637939
1,1100308,2021,4,13,2,2,5,2,0,1,1,0,0,0,0,0,13.38010142,52.53279687
1,1401047,2021,5,17,2,3,1,5,0,1,1,0,0,0,0,0,13.36397147,52.54377688
2,2400521,2021,4,13,5,3,3,6,0,0,1,0,0,1,0,0,13.43156458,52.52332734
11,11400931,2021,5,10,1,3,2,6,0,0,1,0,1,0,0,0,13.51938762,52.50717607
9,9501939,2021,5,12,6,3,6,7,0,0,1,1,0,0,0,0,13.57828493,52.4571112
3,3300517,2021,4,15,2,3,4,6,0,1,1,0,0,0,0,0,13.4709214,52.57271916
2,2200209,2021,4,12,5,3,0,3,0,1,1,0,0,0,0,0,13.38293378,52.49152841
2,2500835,2021,5,19,4,3,5,2,0,1,1,0,0,0,0,1,13.46478187,52.49762176
4,4200206,2021,4,19,3,3,5,3,0,0,1,0,1,0,0,0,13.21842747,52.50888653
4,4200308,2021,3,12,3,2,5,3,0,1,1,0,0,0,0,0,13.2673214,52.52026401
2,2200207,2021,4,21,5,2,8,1,2,0,1,0,0,0,0,0,13.37674148,52.49154739
3,3300516,2021,3,12,6,3,5,2,0,1,1,0,0,0,0,1,13.44713941,52.56483885
1,1400942,2021,5,12,4,3,5,2,0,1,1,0,0,0,0,0,13.35324426,52.54770064
4,4100101,2021,5,16,4,3,5,2,0,1,0,0,0,0,1,0,13.28226619,52.5337734
2,2100106,2021,4,18,5,3,5,3,0,0,1,0,0,0,1,0,13.39963952,52.49844923
1,1300836,2021,4,14,3,3,6,4,0,0,1,1,0,0,0,1,13.3738368,52.54746785
1,1100205,2021,5,22,6,3,0,1,2,1,0,0,0,0,0,0,13.38143003,52.51522658
9,9300922,2021,4,13,2,3,5,3,0,0,1,0,0,0,0,0,13.53119254,52.405138
9,9200510,2021,3,9,3,3,2,6,0,0,1,0,0,0,0,0,13.50857091,52.46372137
6,6400841,2021,4,12,3,3,5,3,0,0,1,0,0,0,0,0,13.26531915,52.44194169
11,11200411,2021,5,18,6,2,6,4,0,0,0,1,0,0,1,0,13.50536805,52.54880586
9,9501838,2021,4,9,4,2,0,7,0,1,0,0,0,0,0,0,13.66646354,52.44859279
6,6400838,2021,3,5,4,2,0,7,2,1,0,0,0,0,0,0,13.22965388,52.43249214
3,3601245,2021,4,17,6,3,5,3,0,0,1,0,0,0,1,0,13.43248936,52.54825636
12,12601133,2021,3,14,7,3,6,4,0,0,1,1,0,0,0,1,13.36026806,52.59868751
2,2200213,2021,5,14,2,2,3,6,0,0,1,0,1,0,0,0,13.40904282,52.4928674
6,6300524,2021,5,18,5,3,5,3,0,1,0,0,0,0,0,0,13.24243892,52.42336712
5,5100208,2021,5,11,4,3,5,3,0,1,0,0,0,0,1,0,13.16530353,52.55101227
1,1200624,2021,4,11,7,3,3,6,0,0,1,0,1,0,0,0,13.35771818,52.53610527
4,4501043,2021,5,15,1,3,5,3,0,1,1,0,0,0,0,1,13.30727971,52.49901967
12,12500930,2021,4,6,3,3,5,7,0,1,1,0,0,0,0,0,13.33314091,52.57891676
7,7601545,2021,3,13,4,3,6,4,0,0,1,1,0,0,0,0,13.42062797,52.39319419
7,7501134,2021,4,18,7,3,5,3,0,0,1,0,0,0,1,0,13.40220239,52.4397065
12,12100205,2021,5,17,7,2,1,5,0,0,1,0,0,0,0,1,13.34288055,52.56658811
2,2300314,2021,5,23,7,3,1,5,2,1,1,0,0,0,0,0,13.42592552,52.50357432
4,4300623,2021,4,17,2,3,5,3,0,1,1,0,0,0,0,0,13.31108889,52.50658725
2,2500727,2021,5,15,3,3,2,6,0,0,1,0,1,0,0,0,13.45482996,52.51565524
7,7100103,2021,5,15,7,2,1,5,0,1,1,0,0,0,0,0,13.36068412,52.49598463
1,1100416,2021,5,8,5,3,1,5,0,1,1,0,0,0,0,1,13.4061122,52.53177459
3,3200308,2021,4,7,2,3,6,4,0,0,1,1,0,0,0,1,13.43276911,52.59629999
3,3400724,2021,3,14,4,2,0,1,0,1,0,0,0,0,0,0,13.42518638,52.58074704
6,6100205,2021,4,13,4,3,2,6,0,0,1,0,0,0,1,0,13.35828441,52.44577698
9,9501737,2021,3,10,2,3,0,3,0,1,1,0,0,0,0,0,13.62630686,52.46037407
12,12200308,2021,4,15,7,3,1,7,0,0,1,0,1,0,0,0,13.32008103,52.57269396
11,11400929,2021,3,14,6,3,0,4,0,1,0,1,0,0,0,0,13.49204619,52.50318267
4,4501148,2021,5,9,2,2,5,2,0,0,1,0,1,0,0,0,13.32034406,52.47879678
11,11300616,2021,5,15,5,2,6,4,0,0,1,1,1,0,0,0,13.47152214,52.5355251
1,1100415,2021,5,9,4,3,5,2,0,1,1,0,0,0,0,0,13.39883461,52.53259954
7,7100101,2021,4,9,5,2,5,3,0,1,1,0,0,0,0,0,13.34066855,52.49933888
6,6400737,2021,4,17,5,3,5,7,0,0,1,0,0,0,0,0,13.19145672,52.43374519
9,9301126,2021,4,0,3,3,3,6,2,0,1,0,0,1,0,0,13.56231013,52.42132684