BEZ,LOR_ab_2021,UJAHR,UMONAT,USTUNDE,UWOCHENTAG,UKATEGORIE,UART,UTYP1,ULICHTVERH,IstRad,IstPKW,IstFuss,IstKrad,IstGkfz,IstSonstige,USTRZUSTAND,XGCSWGS84,YGCSWGS84
4,4200203,2021,3,15,4,2,0,3,0,0,1,0,1,0,0,0,13.24966979,52.51557478
1,1401047,2021,4,19,6,3,1,5,0,1,1,0,0,0,0,0,13.35752033,52.54531863
3,3601142,2021,5,15,7,3,2,6,0,1,1,0,0,0,0,0,13.3995139,52.54644554
2,2100102,2021,3,17,3,3,3,6,0,0,0,0,0,0,1,0,13.39373059,52.49812807
7,7300515,2021,4,13,2,3,1,5,0,1,0,0,0,0,1,0,13.32627059,52.47739714
1,1401047,2021,5,6,3,3,1,5,0,0,1,0,1,0,0,0,13.36101348,52.54457461
10,10100316,2021,5,19,6,3,5,3,0,0,1,0,0,0,0,1,13.57401618,52.54408682
4,4200203,2021,5,19,4,3,8,1,0,0,1,0,0,0,0,1,13.24574635,52.51556118
1,1400938,2021,5,12,5,3,5,7,0,1,1,0,0,0,0,0,13.34919714,52.55204519
8,8200624,2021,4,21,6,3,3,6,2,0,1,0,0,0,0,0,13.43363053,52.45210495
5,5200631,2021,3,10,4,3,5,3,0,0,1,0,0,0,0,0,13.19671763,52.52735835
8,8100521,2021,4,21,3,3,2,6,2,0,1,0,0,0,0,0,13.47252723,52.46517389
6,6200422,2021,4,15,3,3,2,6,0,1,1,0,0,0,0,0,13.32762999,52.42265446
5,5200630,2021,5,9,3,3,6,7,0,1,0,1,0,0,0,0,13.19339643,52.52397852
12,12400618,2021,3,18,2,3,3,6,0,1,0,0,0,0,0,0,13.23904233,52.61945134
4,4501042,2021,4,17,4,2,5,2,0,0,1,0,0,0,0,0,13.33771412,52.50516802
3,3300412,2021,3,17,5,3,5,3,0,0,1,0,0,0,0,0,13.47014089,52.60809303
1,1100207,2021,5,8,3,3,5,3,0,1,1,0,0,0,0,0,13.39417829,52.50881487
12,12500930,2021,4,16,7,3,2,2,0,0,1,0,0,0,0,0,13.3174328,52.5799824
8,8401245,2021,5,16,2,3,5,3,0,0,1,0,0,0,0,0,13.50804272,52.40372272
3,3200205,2021,4,10,4,3,5,3,0,0,1,0,0,0,0,0,13.38950147,52.58610485
8,8100102,2021,5,9,7,3,2,6,0,0,1,0,0,0,1,0,13.41133082,52.48156234
1,1100309,2021,5,18,6,3,5,2,0,1,0,0,0,0,0,1,13.39759399,52.52875341
7,7100206,2021,4,15,3,3,3,6,0,0,1,0,0,0,0,0,13.3705761,52.49272746
2,2200207,2021,4,12,6,2,5,2,0,1,0,0,0,0,1,0,13.37674876,52.49144188
12,12500928,2021,5,15,4,3,5,3,0,0,1,0,0,0,0,0,13.31642575,52.60601273
5,5100316,2021,4,11,3,3,2,6,0,0,1,0,0,0,0,0,13.20275445,52.54009666
11,11300724,2021,3,13,3,3,5,3,0,1,1,0,0,0,0,0,13.48960553,52.5120984
9,9200819,2021,4,12,6,3,1,5,0,1,1,0,0,0,0,0,13.56923633,52.44334269
10,10400836,2021,3,14,6,3,5,3,0,0,1,0,0,0,0,0,13.59186941,52.50739389
1,1100205,2021,5,7,3,3,0,2,0,1,1,0,0,0,0,0,13.37705541,52.50859615
11,11100203,2021,5,15,3,3,6,2,0,0,1,1,0,0,0,0,13.52808471,52.56776796
4,4300414,2021,4,15,6,3,0,2,0,1,0,0,0,0,1,0,13.29722772,52.51172437
4,4300623,2021,4,14,3,3,2,6,0,0,1,0,0,0,0,0,13.30580243,52.50678623
3,3500936,2021,5,10,6,2,6,2,0,0,1,1,0,0,0,0,13.45275547,52.54857438
1,1100313,2021,4,8,3,3,5,3,0,1,0,0,0,0,1,0,13.41733264,52.51243275
8,8200622,2021,3,9,3,3,5,2,0,0,1,0,0,0,0,0,13.43473675,52.4620482
4,4100102,2021,4,16,4,3,3,6,0,0,1,0,0,0,0,1,13.29314291,52.53454382
4,4501041,2021,5,22,6,3,2,2,2,0,1,0,0,0,0,0,13.32193078,52.50206878
2,2200207,2021,3,18,4,3,5,2,0,1,1,0,0,0,0,0,13.37928529,52.49220898
8,8100314,2021,4,18,7,3,5,2,0,1,1,0,0,0,0,0,13.42453285,52.48646203
9,9200510,2021,3,11,7,2,5,3,0,1,0,0,0,0,1,0,13.50435965,52.46869743
9,9100202,2021,5,16,2,3,5,7,0,0,1,0,0,0,0,0,13.46610371,52.4804349
4,4300517,2021,5,15,6,3,2,6,0,0,1,0,0,0,0,1,13.29710068,52.52675888
5,5200422,2021,5,14,4,3,5,2,0,0,1,0,1,0,0,0,13.13018323,52.53622559
1,1200623,2021,4,12,6,3,5,7,0,0,1,0,0,0,0,0,13.35669253,52.53563249
9,9501737,2021,5,9,1,3,0,7,0,0,1,0,0,0,0,1,13.63653647,52.47512795
6,6300634,2021,4,19,4,2,0,1,1,0,0,0,1,0,0,0,13.29849983,52.43246677
1,1200626,2021,3,16,4,2,5,3,0,1,1,0,0,0,0,0,13.3500792,52.52092312
11,10100205,2021,4,5,2,3,5,3,2,1,0,0,0,0,1,1,13.5402375,52.56525565
2,2100102,2021,5,13,1,3,5,2,0,1,1,0,0,0,0,1,13.39702863,52.50533589
2,2300314,2021,5,10,7,3,0,3,0,1,0,0,1,0,0,0,13.42155325,52.50448379
10,10100205,2021,4,6,2,3,5,3,0,0,1,0,0,0,0,0,13.54876651,52.55784088
6,6100207,2021,5,9,3,3,2,7,0,0,1,0,0,0,0,0,13.32388946,52.4454117
4,4300623,2021,5,17,7,3,5,2,0,1,1,0,0,0,0,0,13.31118228,52.50650674
8,8100207,2021,5,17,5,3,6,4,0,0,1,1,0,0,0,0,13.43317192,52.47703663
2,2500726,2021,4,16,1,3,6,4,0,0,0,1,0,0,1,1,13.44880044,52.5242643
12,12601235,2021,4,13,5,3,2,2,0,0,1,0,0,0,0,0,13.34843647,52.59627573
12,12500825,2021,5,22,4,3,0,1,2,0,0,0,1,0,0,1,13.31656072,52.58696212
1,1100311,2021,4,16,3,2,3,6,0,1,0,0,0,0,0,0,13.41814273,52.51768477
3,3200308,2021,3,15,2,3,2,6,0,1,1,0,0,0,0,0,13.43208262,52.59393131
1,1100102,2021,4,16,5,2,5,3,0,1,1,0,0,0,0,0,13.36300384,52.50978474
7,7601339,2021,3,5,5,2,5,2,1,0,1,0,1,0,0,0,13.35024548,52.41430368
1,1100416,2021,5,8,2,3,1,5,0,1,1,0,0,0,0,0,13.40159827,52.53323684
1,1300834,2021,4,15,1,3,5,3,0,0,1,0,0,0,1,0,13.39212441,52.54652411
4,4400728,2021,5,10,2,3,5,2,0,0,1,0,0,1,0,0,13.28115648,52.48210068
9,9200819,2021,4,11,4,3,5,2,0,1,1,0,0,0,0,0,13.56935802,52.44470818
4,4300623,2021,5,15,1,3,1,5,0,0,1,0,0,0,1,0,13.30329369,52.50793606
6,6400737,2021,4,18,7,3,5,3,0,0,1,0,0,0,0,0,13.20889439,52.42705243
6,6400841,2021,5,12,6,3,2,2,0,0,1,0,0,0,0,0,13.26495381,52.44172896
4,4501148,2021,4,11,2,3,5,2,0,1,1,0,0,0,0,0,13.32034405,52.47888462
1,1401045,2021,4,9,7,3,2,6,0,0,1,0,0,0,0,0,13.37668678,52.55409943
7,7501029,2021,4,16,4,3,0,6,0,0,0,0,1,0,0,1,13.38125028,52.44109903
1,1100205,2021,5,15,4,2,2,6,0,0,0,0,1,0,1,0,13.3840665,52.51022771
4,4501043,2021,4,12,4,2,0,5,0,1,1,0,0,0,0,0,13.31773965,52.4945609
5,5300736,2021,3,14,3,3,5,3,0,1,1,0,0,0,0,0,13.21357836,52.53858617
1,1100103,2021,4,15,6,3,2,6,0,0,1,0,1,0,0,0,13.36619239,52.50582854
6,6400844,2021,3,10,6,3,5,3,0,0,1,0,0,0,0,0,13.27344323,52.45604427
1,1401047,2021,5,0,3,3,5,3,2,1,1,0,0,0,0,1,13.35611141,52.54325163
4,4501042,2021,5,19,3,3,2,6,1,1,1,0,0,0,0,0,13.33525481,52.50439892
8,8200623,2021,3,20,2,3,5,2,2,0,1,0,0,0,0,0,13.43848319,52.45259092
9,9200715,2021,4,11,5,3,5,2,0,1,1,0,0,0,0,0,13.54129044,52.4353232
10,10400940,2021,3,15,5,3,5,3,0,0,1,0,0,0,1,0,13.5989784,52.48184768
1,1100102,2021,5,12,2,3,5,2,0,0,1,0,0,0,0,0,13.37116003,52.51112012
8,8100415,2021,4,14,7,2,6,4,0,0,1,1,0,0,0,0,13.44381282,52.47978829
6,6300528,2021,5,12,2,3,2,6,0,0,1,0,0,0,0,0,13.26790041,52.40900657
5,5100101,2021,4,13,5,2,6,4,0,0,0,1,0,0,1,0,13.20400054,52.56863286
5,5100317,2021,5,13,1,3,2,6,0,1,1,0,0,0,0,0,13.23141132,52.52775839
5,5100314,2021,5,23,5,3,1,7,2,0,1,0,0,0,0,0,13.20729249,52.54777778
9,9401432,2021,4,14,3,3,5,2,0,0,1,0,0,0,0,0,13.5935872,52.44443356
1,1100309,2021,4,15,6,3,0,1,0,1,0,0,0,0,0,0,13.38986931,52.52572201
11,11200411,2021,4,16,4,3,6,4,0,0,1,1,0,0,0,0,13.50151461,52.54917061
1,1200517,2021,4,7,3,3,0,7,0,0,1,0,0,0,0,0,13.31516869,52.52579264
8,8200624,2021,5,13,4,3,6,7,0,1,0,1,0,0,0,0,13.43003325,52.45462161
12,12500824,2021,4,13,3,3,1,5,0,1,1,0,0,0,0,0,13.29743225,52.60477309
7,7601544,2021,3,11,2,2,5,2,0,0,1,0,0,0,0,0,13.40684314,52.39376966
1,1100102,2021,4,0,6,3,8,1,2,0,1,0,0,0,0,0,13.37539846,52.5207774
1,1100309,2021,3,18,6,2,3,6,0,0,1,0,1,0,0,0,13.40154269,52.52937496
10,10100313,2021,5,15,4,3,6,2,0,0,1,1,0,0,0,0,13.56312159,52.54146824
1,1300733,2021,5,14,3,3,5,2,0,0,1,0,0,1,0,0,13.38134918,52.55213581
12,12200412,2021,4,22,5,3,4,6,2,0,1,0,0,0,0,1,13.26671065,52.57590821
2,2100102,2021,4,19,2,3,5,7,0,0,1,0,1,0,0,0,13.39569155,52.50703989
5,5100317,2021,5,10,6,3,2,7,0,0,1,0,1,0,0,0,13.23651841,52.52706157
12,12100205,2021,4,12,4,3,5,2,0,0,1,0,0,0,1,0,13.34799395,52.57848243
4,4501148,2021,3,17,2,3,5,2,0,0,1,0,0,0,1,0,13.31582486,52.48185498
1,1100207,2021,4,20,5,3,3,6,2,0,1,0,0,0,0,0,13.40482205,52.5135483
3,3400620,2021,4,21,3,3,0,3,2,1,1,0,0,0,0,1,13.38976021,52.57429667
8,8100102,2021,5,9,6,3,5,3,0,1,1,0,0,0,0,1,13.42019168,52.47694953
4,4400835,2021,5,23,6,3,5,3,2,0,1,0,0,0,0,0,13.31958897,52.47172045
2,2200208,2021,3,20,4,2,0,7,1,1,0,0,0,0,0,0,13.38522478,52.49324994
9,9100306,2021,4,12,2,3,8,7,0,0,1,0,0,0,0,0,13.48168716,52.44545233
1,1100415,2021,3,16,1,3,5,2,0,1,1,0,0,0,0,0,13.3989814,52.53263117
2,2500727,2021,5,11,2,3,0,2,0,0,0,0,1,0,0,1,13.46246345,52.51978876
7,7300618,2021,5,10,5,3,5,2,0,1,1,0,0,0,0,0,13.33740119,52.47298989
10,10200627,2021,5,17,4,3,3,6,0,0,1,0,0,0,0,0,13.58960584,52.52817908
7,7400928,2021,4,17,6,3,7,7,0,0,0,0,1,0,0,0,13.41571689,52.45963385
8,8100102,2021,5,15,1,3,2,6,0,0,1,0,0,0,0,1,13.42533928,52.47992125
8,8401241,2021,4,17,4,2,5,7,0,0,1,0,0,0,1,0,13.48209319,52.43012255
11,11501341,2021,3,21,4,2,5,2,2,0,1,0,0,0,0,0,13.50235503,52.48335526
12,12200412,2021,5,16,7,3,0,3,0,1,1,0,0,0,0,0,13.29265541,52.57869035
6,6300526,2021,4,9,2,3,2,6,0,0,1,0,0,1,0,0,13.25979446,52.42947056
9,9100101,2021,4,16,2,3,0,6,0,1,1,0,0,0,1,0,13.45479374,52.48500478
1,1100205,2021,5,16,2,3,5,2,0,1,1,0,0,0,0,0,13.38550009,52.50751727
1,1400937,2021,5,12,3,3,6,2,0,0,1,1,0,0,0,0,13.34080363,52.55499505
1,1200628,2021,5,17,7,3,0,2,0,1,1,0,0,0,0,0,13.37252234,52.52742445
3,3200309,2021,5,21,4,2,9,1,2,0,1,0,0,0,0,0,13.44230473,52.59990845
4,4200308,2021,4,16,7,3,6,4,0,0,1,1,0,0,0,0,13.28046696,52.51833658
1,1100415,2021,3,11,4,2,3,6,0,1,0,0,0,0,0,0,13.38971285,52.53174677
12,12400720,2021,5,18,5,3,5,3,0,1,1,0,0,0,0,1,13.28860731,52.63286256
4,4100101,2021,4,13,3,3,2,6,0,0,1,0,0,0,0,0,13.3263735,52.53770499
11,11100206,2021,3,4,2,3,6,2,2,0,1,1,0,0,0,0,13.5032088,52.57586768
5,5400943,2021,4,11,6,3,5,3,0,1,1,0,0,0,0,0,13.12227188,52.45448311
12,12200515,2021,3,14,5,3,5,3,0,0,1,0,0,0,1,0,13.28533058,52.58775895
3,3400618,2021,5,14,2,3,0,3,0,0,1,0,1,0,0,0,13.36961227,52.59739566
8,8200726,2021,4,19,2,3,2,2,0,1,1,0,0,0,0,0,13.44948913,52.4515702
9,9401534,2021,5,16,2,3,0,1,0,1,0,0,0,0,0,0,13.57530656,52.44752442
7,7200307,2021,4,13,4,3,2,6,0,0,1,0,0,0,0,0,13.34495989,52.48669197
4,4400728,2021,5,9,1,3,9,1,0,1,0,0,0,0,0,0,13.26793966,52.48458716
7,7300516,2021,4,21,7,3,5,2,2,1,0,0,0,0,0,0,13.32949651,52.4682754
1,1100207,2021,5,8,5,3,0,6,0,0,0,0,0,0,1,0,13.39833382,52.51550303
9,9501939,2021,4,9,3,3,5,2,0,1,1,0,0,0,0,0,13.57725445,52.45576544
11,11501238,2021,4,20,5,3,5,3,2,0,1,0,0,0,1,0,13.47522876,52.50155608
2,2200209,2021,4,10,4,3,2,6,0,0,1,0,0,0,1,1,13.37676682,52.49122037
2,2300316,2021,5,8,6,3,5,3,0,1,1,0,0,0,0,1,13.43515871,52.50147943
10,10100311,2021,4,15,5,3,2,6,0,0,1,0,0,0,0,0,13.52651867,52.52550613
9,9200819,2021,3,11,3,3,2,6,0,0,1,0,0,0,1,0,13.56921324,52.44347567
2,2400623,2021,4,9,1,2,0,1,0,1,0,0,0,0,0,0,13.42781969,52.5111937
1,1100207,2021,3,6,6,3,3,6,0,1,1,0,0,0,0,1,13.4049614,52.51465048
4,4400833,2021,5,8,4,3,5,2,0,0,1,0,0,0,0,0,13.3008635,52.47394458
10,10100314,2021,5,17,3,3,2,6,0,0,1,0,0,0,0,0,13.55722552,52.53453774
1,1100206,2021,4,22,6,3,5,3,2,0,1,0,0,0,0,0,13.38884588,52.5169338
4,4200311,2021,4,15,4,3,3,6,0,0,1,0,1,0,0,0,13.2788569,52.50328403
7,7601545,2021,3,15,2,3,5,3,0,0,1,0,0,0,0,0,13.41385271,52.39446503
12,12601133,2021,4,12,6,2,5,3,0,0,1,0,0,0,0,0,13.36781106,52.60273729
1,1100309,2021,4,19,3,3,5,2,1,1,1,0,0,0,0,0,13.40372787,52.52605861
4,4500936,2021,5,19,1,3,6,7,0,0,1,1,0,0,0,0,13.3040029,52.49935409
3,3601244,2021,3,16,4,3,5,3,0,1,1,0,0,0,0,0,13.42696857,52.55221644
8,8100314,2021,4,18,2,3,5,2,0,1,0,0,0,0,1,0,13.42409798,52.48633376
3,3400724,2021,5,9,2,3,5,2,0,1,0,0,0,0,1,0,13.42882467,52.57900075
1,1300836,2021,5,17,5,3,5,3,0,0,1,0,0,0,0,0,13.37545595,52.54031802
5,5200634,2021,5,18,4,3,2,6,0,0,1,0,1,0,0,0,13.20102675,52.51221251
8,8100417,2021,4,14,6,2,6,4,0,0,1,1,0,0,0,0,13.45030701,52.4715412
1,1200628,2021,4,6,5,2,5,3,0,0,1,0,0,0,1,0,13.35937674,52.52330327
8,8100312,2021,4,16,6,3,0,6,0,0,1,0,0,0,1,0,13.43622167,52.4837227
1,1100206,2021,5,11,3,3,1,7,0,0,1,0,0,1,0,0,13.3869452,52.51792887
8,8200623,2021,5,16,3,3,5,3,0,0,1,0,0,0,1,0,13.45207679,52.45274085
7,7100102,2021,4,11,6,3,5,2,0,0,1,0,0,0,0,0,13.34627229,52.50107391
8,8100521,2021,5,15,6,3,2,2,0,0,1,0,0,0,0,1,13.46077072,52.46813843
4,4400726,2021,4,21,3,2,6,4,2,0,1,1,0,0,0,0,13.28516977,52.49425207
6,6300524,2021,3,15,2,3,2,7,0,1,1,0,0,0,0,0,13.25069417,52.42782055
4,4200310,2021,4,13,6,3,5,3,0,0,1,0,0,0,0,0,13.26456938,52.51467465
7,7400721,2021,4,11,3,3,5,3,0,0,1,0,0,0,0,0,13.37822343,52.47746084
7,7501031,2021,5,12,6,3,0,7,0,0,1,0,1,0,0,1,13.40370059,52.44846914
7,7400824,2021,5,12,6,1,6,2,0,0,0,1,0,1,0,0,13.38586758,52.46858605
7,7501029,2021,3,15,3,3,5,2,0,1,1,0,0,0,0,0,13.37866592,52.45085784
4,4300416,2021,4,11,2,3,0,7,0,1,0,0,0,0,0,0,13.29709299,52.5104021
2,2500833,2021,5,13,2,2,5,3,0,1,1,0,0,0,0,0,13.45491168,52.51207401
12,12601031,2021,5,13,6,3,0,7,0,0,1,0,1,0,0,0,13.34030419,52.6067202
6,6300524,2021,5,8,4,3,1,5,0,1,1,0,0,0,0,0,13.24469281,52.42941474
1,1200517,2021,4,13,7,3,5,2,0,0,1,0,1,0,0,0,13.34446214,52.53830732
11,10100205,2021,5,20,7,3,0,7,2,0,1,0,0,0,1,0,13.53538221,52.56133631
8,8100310,2021,4,14,4,3,1,5,0,1,0,0,0,0,1,0,13.43407678,52.49004862
2,2200210,2021,3,8,4,2,3,6,0,1,1,0,0,0,0,0,13.39335006,52.49407926
2,2300315,2021,5,18,7,3,2,6,0,1,1,0,0,0,0,0,13.4226748,52.49918409
10,10200629,2021,4,13,2,3,5,3,0,1,1,0,0,0,0,0,13.58565555,52.52364433
4,4400728,2021,5,15,2,3,5,2,0,1,1,0,0,0,0,0,13.28076089,52.47677782
3,3100102,2021,5,17,3,3,5,3,0,0,1,0,0,0,0,0,13.50307709,52.63658051
1,1300836,2021,5,16,7,3,5,3,0,0,1,0,0,0,0,0,13.37545722,52.54031809
5,5200423,2021,5,15,5,3,5,2,0,0,1,0,0,0,0,0,13.15793352,52.53309108
5,5100312,2021,4,21,7,2,6,2,2,0,1,1,0,0,0,1,13.1989183,52.55395218
1,1100205,2021,3,12,4,3,5,3,0,1,1,0,0,0,0,0,13.37697388,52.51077478
8,8100104,2021,4,15,3,3,3,6,0,0,1,0,1,0,0,0,13.43068458,52.46857511
2,2200210,2021,5,16,4,3,3,6,0,1,1,0,0,0,0,0,13.39300728,52.4974573
10,10200627,2021,4,17,3,3,3,6,0,1,1,0,0,0,0,0,13.59000788,52.52896688
8,8301036,2021,3,16,2,3,6,2,0,0,1,1,0,0,0,0,13.46199208,52.42242699
7,7601340,2021,4,19,5,3,1,5,0,0,1,0,0,0,0,0,13.36022057,52.41269952
12,12500930,2021,3,10,5,3,2,6,0,0,1,0,0,0,0,0,13.31762056,52.58019994
5,5100317,2021,5,17,2,3,2,6,0,0,1,0,0,0,1,0,13.24593451,52.52485893
4,4200310,2021,5,18,3,3,2,6,0,0,1,0,0,0,0,0,13.26429549,52.50876358
4,4200311,2021,4,15,4,3,5,2,0,1,1,0,0,0,0,0,13.28134779,52.50821492
1,1100207,2021,5,9,1,2,5,3,0,1,1,0,0,0,0,0,13.40021762,52.50950347
9,9401534,2021,4,17,7,3,0,1,0,0,0,0,1,0,0,1,13.57803977,52.44731565
1,1401044,2021,5,18,6,2,5,7,0,0,1,0,1,0,0,0,13.36920456,52.55042333
11,11200411,2021,4,11,3,3,2,7,0,0,1,0,0,0,0,0,13.50100969,52.54693907
12,12500825,2021,3,16,3,3,5,3,0,0,1,0,0,0,1,1,13.31728116,52.58817316
10,10100205,2021,4,12,3,3,5,3,0,0,1,0,0,0,0,0,13.5385137,52.55427592
12,12200412,2021,5,13,6,3,0,3,0,0,1,0,0,0,0,1,13.30071551,52.57954905
8,8200730,2021,4,18,4,3,5,2,0,1,1,0,0,0,0,0,13.43469305,52.44032814
1,1401045,2021,3,14,3,3,1,5,0,1,1,0,0,0,0,0,13.37717137,52.5545669
4,4500937,2021,4,17,6,3,1,5,0,1,1,0,0,0,0,0,13.30021719,52.49897398
1,1300834,2021,3,13,6,3,3,6,0,1,1,0,0,0,0,0,13.396311,52.54613947
9,9200613,2021,5,18,2,3,1,5,0,1,1,0,0,0,0,0,13.53588021,52.45258833
4,4501153,2021,5,16,5,3,5,2,0,1,1,0,0,0,0,0,13.32942603,52.48173453
3,3500933,2021,5,19,4,3,2,6,0,1,1,0,0,0,0,0,13.45430209,52.5514317
11,11300618,2021,4,14,5,3,2,6,0,0,1,0,0,0,0,0,13.45863982,52.5270608
7,7601339,2021,4,15,6,3,0,4,0,0,0,1,0,0,1,0,13.35060043,52.4077519
8,8100312,2021,4,18,3,3,6,4,0,0,1,1,0,0,0,0,13.43242704,52.48541088
8,8100314,2021,3,9,4,3,3,6,0,1,1,0,0,0,0,0,13.43393935,52.48174521
4,4501045,2021,4,20,6,3,5,2,2,0,1,0,0,0,0,0,13.32365546,52.49378168
8,8100209,2021,5,10,7,3,2,6,0,0,1,0,0,0,0,0,13.43305671,52.46474608
8,8401241,2021,3,17,3,3,0,1,0,1,0,0,0,0,0,0,13.47349386,52.4324691
2,2100104,2021,4,7,2,3,1,6,0,1,1,0,0,0,0,0,13.40468247,52.50449614
2,2400623,2021,5,13,2,3,5,2,0,0,1,0,1,0,0,0,13.42677942,52.51173744
7,7400720,2021,5,19,7,3,5,3,0,0,1,0,0,0,0,0,13.38435177,52.48159251
6,6300634,2021,5,12,3,3,5,2,0,1,1,0,0,0,0,0,13.29860915,52.44122432
4,4300620,2021,5,17,5,3,5,2,0,1,0,0,0,0,1,0,13.32599623,52.51866557
12,12200411,2021,4,7,6,3,1,7,0,0,1,0,0,1,0,0,13.32491406,52.56276387
3,3501038,2021,4,14,5,3,5,3,0,1,1,0,0,0,0,0,13.4787908,52.55571285
5,5200527,2021,5,10,3,2,9,7,0,0,0,0,0,0,1,0,13.16195464,52.5231228
7,7300516,2021,3,18,2,3,1,5,0,1,1,0,0,0,0,0,13.32914355,52.46551036
4,4501148,2021,4,8,5,3,0,5,0,0,1,0,1,0,0,0,13.31424049,52.48125873
4,4501042,2021,3,11,4,3,0,7,0,1,0,0,0,0,0,1,13.33666301,52.5006324
12,12500929,2021,5,16,3,3,2,6,0,0,1,0,1,0,0,0,13.34802428,52.6077479
1,1100309,2021,4,12,2,3,1,5,0,1,1,0,0,0,0,0,13.40079938,52.52893258
10,10100311,2021,5,10,2,3,0,7,0,0,0,0,1,0,1,0,13.52905137,52.51793068
3,3400725,2021,4,14,4,3,5,3,0,0,1,0,1,0,0,0,13.41773302,52.58410753
9,9100409,2021,5,14,1,3,0,7,0,1,0,0,0,0,0,0,13.52038963,52.44245479
9,9100304,2021,5,13,6,3,6,2,0,0,1,1,0,0,0,0,13.48139808,52.46091322
8,8401245,2021,4,18,7,3,6,4,0,0,1,1,0,0,0,0,13.50344266,52.40087788
12,12200308,2021,4,22,5,3,8,1,2,0,0,0,1,0,0,0,13.32546925,52.56975989
8,8100102,2021,5,19,4,3,2,6,0,1,1,0,0,0,0,1,13.42653112,52.47669659
1,1400938,2021,4,17,3,3,5,3,0,0,1,0,0,0,0,0,13.34340179,52.54939801
9,9200819,2021,3,5,3,2,5,3,2,1,1,0,0,0,0,0,13.56227054,52.43734282
6,6200312,2021,4,8,6,3,5,3,0,0,1,0,0,0,0,0,13.3377125,52.44375803
3,3400725,2021,3,17,6,3,5,2,0,0,1,0,1,0,0,0,13.42875349,52.58824497
9,9100407,2021,5,19,3,3,9,1,0,0,1,0,0,0,0,1,13.49227407,52.45803724
12,12200310,2021,5,8,3,3,5,2,0,0,1,0,0,1,0,1,13.31331741,52.57538388
8,8100312,2021,4,14,4,3,0,4,0,1,0,1,0,0,0,0,13.43828118,52.48467372
2,2100104,2021,3,18,4,2,5,3,0,1,1,0,0,0,0,0,13.41212684,52.5031564
8,8200622,2021,5,6,3,3,5,2,0,0,1,0,0,0,1,0,13.43588394,52.45885093
1,1400942,2021,4,5,2,3,2,6,0,0,1,0,0,0,1,1,13.34626563,52.54765133
7,7300619,2021,5,16,2,3,2,2,0,0,1,0,1,0,0,0,13.35988571,52.47538868
1,1100205,2021,5,20,2,3,5,3,0,1,1,0,0,0,0,0,13.38328572,52.51141625
11,11300619,2021,5,14,6,3,0,6,0,0,1,0,1,0,0,0,13.47971454,52.52353813
8,8100521,2021,5,18,4,3,5,3,0,1,1,0,0,0,0,0,13.46081349,52.46816165
1,1400942,2021,4,12,1,3,2,6,0,0,1,0,0,0,0,1,13.34575842,52.54507541
1,1100310,2021,4,21,6,3,1,5,2,1,1,0,0,0,0,0,13.40807202,52.52492907
8,8200622,2021,5,11,4,3,6,4,0,1,0,1,0,0,0,0,13.43521499,52.46047725
1,1401044,2021,4,19,3,3,1,5,1,0,1,0,0,0,0,0,13.3761124,52.55368758
8,8100105,2021,3,18,1,3,6,6,0,1,0,1,0,0,0,0,13.42945944,52.46613923
1,1100207,2021,4,8,5,3,5,3,0,1,1,0,0,0,0,0,13.39028855,52.50859326
6,6300633,2021,3,15,5,3,2,6,0,0,1,0,1,0,0,0,13.31466322,52.43650577
9,9100203,2021,5,6,4,3,5,2,0,0,1,0,0,0,0,0,13.47375702,52.47498221
4,4200311,2021,5,17,3,3,2,2,0,0,1,0,0,0,0,0,13.27342201,52.49998134
2,2300316,2021,4,8,5,3,1,5,0,1,1,0,0,0,0,1,13.43690437,52.50365156
1,1100206,2021,5,12,7,3,5,3,0,0,1,0,0,0,0,0,13.39077199,52.51573735
9,9200614,2021,4,7,3,3,0,1,0,1,0,0,0,0,0,0,13.53481419,52.45182471
8,8301037,2021,5,15,6,3,0,1,0,0,0,0,0,0,1,0,13.48165878,52.42550259
9,9200715,2021,4,10,2,3,5,3,0,1,0,0,0,0,1,0,13.54918817,52.43012948
5,5100316,2021,3,14,2,3,5,3,0,0,1,0,0,1,0,0,13.19947676,52.534764
8,8401243,2021,4,18,3,2,6,7,1,0,0,1,1,0,0,1,13.50427437,52.41988762
1,1400942,2021,5,19,6,3,5,3,0,0,1,0,0,0,0,1,13.35003324,52.54508244
5,5100208,2021,4,10,4,3,5,2,0,0,1,0,0,0,0,0,13.16528697,52.55111946
9,9501939,2021,3,9,3,3,5,3,0,1,1,0,0,0,0,0,13.57525949,52.45383895
3,3601141,2021,4,8,1,3,6,4,0,0,1,1,0,0,0,0,13.41355728,52.54965005
1,1100308,2021,3,14,6,3,5,3,0,1,1,0,0,0,0,1,13.37742846,52.52216094
12,12500930,2021,5,9,2,2,0,1,0,0,1,0,0,0,0,0,13.33969543,52.58702805
12,12100205,2021,5,16,5,3,2,2,0,0,1,0,0,0,0,0,13.34660027,52.56696805
1,1100312,2021,5,17,4,2,5,3,0,1,1,0,0,0,0,0,13.41409431,52.51132261
5,5100104,2021,4,10,6,3,5,3,0,0,1,0,0,0,0,0,13.21773358,52.56038647
3,3400828,2021,4,15,5,3,5,7,0,1,1,0,0,0,0,0,13.42245485,52.5598747