BEZ,LOR_ab_2021,UJAHR,UMONAT,USTUNDE,UWOCHENTAG,UKATEGORIE,UART,UTYP1,ULICHTVERH,IstRad,IstPKW,IstFuss,IstKrad,IstGkfz,IstSonstige,USTRZUSTAND,XGCSWGS84,YGCSWGS84
8,8200833,2021,4,12,4,3,5,3,0,0,1,0,1,0,0,0,13.44030083,52.41935731
11,11300617,2021,3,19,4,3,5,2,2,1,1,0,0,0,0,0,13.46888746,52.53135042
9,9200715,2021,4,18,4,2,2,6,1,0,1,0,0,0,0,0,13.54860383,52.42763976
5,5100316,2021,5,13,7,3,2,6,0,0,1,0,1,0,0,0,13.1953416,52.53547317
4,4400729,2021,5,17,7,3,5,3,0,0,1,0,0,0,0,1,13.27859684,52.47099654
8,8200725,2021,4,8,3,3,2,2,0,0,1,0,0,0,0,0,13.42413712,52.44162131
12,12100205,2021,5,17,3,3,5,3,0,1,1,0,0,0,0,0,13.36306544,52.5801896
11,11401033,2021,5,22,6,3,1,1,2,0,1,0,0,0,0,1,13.53271579,52.51303786
4,4400830,2021,5,17,5,2,2,7,0,0,1,1,0,0,0,0,13.28556317,52.47935112
2,2200212,2021,4,15,1,3,5,3,0,1,1,0,0,0,0,1,13.41360374,52.48839787
7,7200307,2021,3,13,4,3,2,6,0,0,1,0,1,0,0,0,13.34497981,52.49144527
8,8200832,2021,5,9,3,3,1,5,0,0,1,0,0,0,0,0,13.4351917,52.4264629
7,7100206,2021,3,19,1,3,0,3,0,1,0,0,0,0,1,0,13.36258167,52.49387887
1,1401049,2021,4,20,4,3,3,5,2,0,1,0,0,0,0,0,13.37219024,52.55585726
2,2200209,2021,3,12,5,3,0,7,0,1,0,0,0,0,0,0,13.37669683,52.48901651
8,8100312,2021,5,13,3,3,1,5,0,1,1,0,0,0,0,0,13.44043804,52.483603
4,4501146,2021,4,15,1,3,5,7,0,1,1,0,0,0,0,0,13.31918518,52.48652294
4,4100101,2021,5,2,2,3,0,1,2,1,0,0,0,0,0,0,13.27171948,52.54604054
11,11300826,2021,4,14,4,2,2,7,0,0,1,0,1,0,0,0,13.48198346,52.5064448
5,5300737,2021,5,15,1,3,5,2,0,1,1,0,0,0,0,0,13.24414739,52.54404032
4,4400832,2021,4,12,4,3,5,3,0,1,1,0,0,0,0,0,13.29001692,52.47014986
3,3400721,2021,5,13,6,3,5,3,0,1,0,0,0,0,1,0,13.3942197,52.56498139
6,6200314,2021,4,16,2,3,5,3,0,1,0,0,1,0,0,0,13.33608727,52.43349669
4,4200311,2021,4,15,5,3,0,7,0,0,0,0,1,0,0,0,13.28173211,52.51153121
8,8100417,2021,4,16,4,2,5,3,0,0,1,1,0,0,0,0,13.45587928,52.47388437
5,5400943,2021,5,15,4,3,2,6,0,0,1,0,0,0,0,0,13.12671438,52.46814355
5,5100104,2021,4,20,4,3,5,3,1,1,1,0,0,0,0,0,13.21984976,52.56024279
5,5200528,2021,3,14,3,3,5,2,0,1,1,0,0,0,0,0,13.17489452,52.51371799
2,2100101,2021,4,6,5,3,5,2,0,0,1,0,0,1,0,0,13.38885295,52.49937793
1,1300733,2021,3,19,7,2,1,5,1,1,1,0,0,0,0,0,13.38930957,52.55014751
2,2300419,2021,5,18,4,3,5,3,1,1,1,0,0,0,0,1,13.44396115,52.50011564
1,1401045,2021,5,12,3,3,5,2,0,1,1,0,0,0,0,0,13.37725701,52.55363867
12,12601235,2021,4,11,6,3,2,6,0,0,1,0,0,0,0,0,13.35043197,52.5963787
9,9401432,2021,4,13,3,3,2,2,0,0,1,0,0,0,0,0,13.593425,52.44249682
9,9100408,2021,5,5,7,3,5,2,0,1,1,0,0,0,0,0,13.51110061,52.44489888
3,3500934,2021,4,17,3,3,9,1,0,0,1,0,0,0,0,0,13.43877534,52.55564581
1,1100205,2021,3,3,3,2,6,2,2,0,1,1,0,0,0,1,13.37680948,52.50950218
8,8100314,2021,4,10,6,3,5,3,0,1,0,0,1,0,0,0,13.42453002,52.48621115
12,12200309,2021,5,12,6,3,2,4,0,0,1,1,0,0,0,1,13.3220724,52.56555971
5,5100312,2021,5,15,6,3,5,2,0,1,1,0,0,0,0,0,13.19697306,52.55384341
4,4400726,2021,3,19,4,3,5,3,0,1,1,0,0,0,0,0,13.28420991,52.48529773
7,7100204,2021,4,18,6,3,1,5,0,1,1,0,0,0,0,0,13.35345779,52.49267624
12,12200307,2021,3,10,7,3,5,7,0,0,1,0,0,0,0,1,13.33291274,52.57785631
3,3601450,2021,5,7,2,3,5,3,0,0,1,0,1,0,0,0,13.45256417,52.53413696
9,9200715,2021,5,16,6,3,5,3,0,1,1,0,0,0,0,1,13.52221575,52.42846095
1,1100312,2021,5,17,4,3,1,5,0,1,1,0,0,0,0,0,13.41057499,52.51015685
3,3400723,2021,4,0,7,3,5,3,2,0,1,0,0,0,0,0,13.40646191,52.56538069
1,1300835,2021,5,14,1,3,2,6,0,0,1,0,1,0,0,0,13.38305215,52.54231524
12,12200309,2021,4,18,4,3,5,2,0,1,1,0,0,0,0,0,13.32430149,52.56493291
1,1400938,2021,3,17,4,3,5,5,0,0,1,0,0,0,0,0,13.33391226,52.5436357
2,2100106,2021,4,11,6,3,6,4,0,0,0,1,1,0,0,0,13.40823704,52.49848444
12,12200515,2021,4,17,2,2,5,3,0,0,1,0,0,0,0,0,13.28698656,52.58619774
12,12400617,2021,5,17,6,3,2,6,0,1,1,0,0,0,0,0,13.22090473,52.60625133
9,9501737,2021,4,15,3,3,0,1,0,1,0,0,0,0,0,0,13.62516187,52.45453442
1,1200522,2021,3,7,3,3,3,6,0,0,1,0,0,1,0,0,13.32964032,52.52287806
4,4100102,2021,4,12,4,3,0,1,0,0,0,0,1,0,0,0,13.29368868,52.5338981
9,9501737,2021,5,12,6,1,6,7,0,0,1,1,0,0,0,0,13.62440539,52.45508598
3,3200205,2021,4,11,5,2,5,3,0,0,1,0,0,0,0,0,13.39814908,52.5848884
1,1200623,2021,3,16,4,3,5,2,0,1,1,0,0,0,0,0,13.34963251,52.5350958
10,10100311,2021,4,9,7,3,1,5,0,0,1,0,0,0,1,0,13.52704431,52.51599045
12,12400723,2021,3,17,1,3,1,5,0,0,1,0,0,0,1,0,13.31046329,52.62201617
11,11300722,2021,5,15,2,3,2,6,0,0,1,0,0,0,0,0,13.47787934,52.51460945
10,10200421,2021,5,14,6,3,5,3,0,0,1,0,0,0,0,0,13.60231957,52.53594988
6,6400840,2021,5,22,4,3,5,2,2,1,1,0,0,0,0,0,13.25105894,52.45009093
2,2400521,2021,4,12,7,3,3,6,0,0,1,0,0,0,0,0,13.43259532,52.52316447
2,2300314,2021,5,18,7,3,2,6,0,0,1,0,0,0,0,0,13.42102531,52.49917185
6,6200315,2021,4,7,3,3,6,4,1,0,1,1,0,0,0,0,13.35496216,52.4276175
8,8100103,2021,3,14,4,3,2,7,0,1,1,0,0,0,0,0,13.42688451,52.47588637
3,3500932,2021,4,13,7,3,0,2,0,1,1,0,0,0,0,0,13.45415288,52.56225293
1,1300836,2021,4,8,2,3,5,3,0,1,1,0,0,0,0,0,13.37312066,52.54229992
7,6100210,2021,5,21,1,3,2,6,2,0,1,0,0,0,0,0,13.34743092,52.45926388
6,6300527,2021,5,17,7,3,1,7,0,0,1,0,0,0,0,0,13.27398026,52.43560604
3,3601244,2021,4,16,3,1,6,7,0,0,0,1,0,1,0,0,13.42969685,52.55117578
10,10100313,2021,5,5,3,3,3,6,0,0,1,0,0,0,1,0,13.5390018,52.53940734
11,11200410,2021,5,10,6,3,0,1,0,0,0,0,1,0,0,1,13.52162465,52.55396008
3,3601245,2021,5,17,5,3,5,3,0,1,1,0,0,0,0,0,13.43207547,52.5465299
2,2200210,2021,4,19,4,3,5,7,1,0,1,0,0,0,0,0,13.40247938,52.49410164
5,5100104,2021,4,8,2,3,5,2,0,1,0,0,0,1,0,0,13.2080235,52.55817731
1,1200623,2021,4,12,5,3,1,5,0,0,1,0,1,0,0,0,13.34987659,52.53453117
1,1300836,2021,5,18,4,2,1,5,0,1,1,0,0,0,0,0,13.37549368,52.5378316
2,2300419,2021,4,15,3,3,2,6,0,0,1,0,0,0,0,0,13.44479826,52.49958705
10,10100313,2021,3,13,2,3,2,6,0,0,1,0,0,0,0,0,13.53996666,52.53957988
4,4200311,2021,4,11,6,3,5,3,0,1,0,0,0,0,1,0,13.28004245,52.50640872
9,9501939,2021,3,15,5,3,6,7,0,0,0,1,1,0,0,0,13.568053,52.45401518
9,9200511,2021,5,10,2,3,0,2,0,1,1,0,0,0,0,0,13.53226524,52.46172628
9,9401329,2021,4,15,1,3,4,6,0,0,1,0,0,0,0,0,13.61549693,52.42969916
1,1100101,2021,5,14,2,3,5,3,0,1,1,0,0,0,0,0,13.34095487,52.50511149
9,9300920,2021,4,7,4,3,5,2,2,1,1,0,0,0,0,0,13.54251671,52.41932954
8,8401243,2021,5,12,7,3,5,3,0,1,0,0,0,0,0,0,13.49727237,52.41851554
7,7400823,2021,4,23,7,3,1,7,2,0,1,0,1,0,0,0,13.37367591,52.46704807
1,1300732,2021,5,20,5,2,6,7,1,0,1,1,0,0,0,0,13.3919376,52.56376963
2,2500831,2021,4,15,3,3,5,3,0,0,1,0,1,0,0,0,13.46318315,52.51152013
12,12200310,2021,4,18,5,3,6,7,1,1,0,1,0,0,0,0,13.31285293,52.57418767
5,5400943,2021,4,11,4,2,5,3,0,0,1,0,0,1,0,1,13.12301371,52.47193602
1,1200522,2021,5,15,4,2,1,5,0,1,1,0,0,0,0,0,13.3381251,52.52329903
7,7100101,2021,4,10,4,3,2,2,0,0,1,0,0,0,0,0,13.3409795,52.49993485
6,6400838,2021,3,16,3,2,5,3,0,1,0,0,0,0,1,0,13.22384775,52.43746691
1,1401046,2021,4,18,7,3,5,3,0,0,1,0,0,0,0,0,13.34845233,52.54177272
8,8200623,2021,3,12,6,3,5,2,0,1,1,0,0,0,0,0,13.45189599,52.45247774
9,9401329,2021,5,10,4,3,2,6,0,0,1,0,0,0,0,0,13.62888881,52.42398367
7,7100205,2021,5,20,3,3,2,6,1,0,1,0,0,0,0,0,13.36178845,52.49774657
5,5100312,2021,4,16,5,2,6,4,0,0,1,1,0,0,0,0,13.20060059,52.54928941
4,4200308,2021,5,10,7,3,2,6,0,0,1,0,0,0,0,0,13.28080913,52.51835774
3,3601245,2021,4,19,3,3,5,3,0,1,1,0,0,0,0,0,13.42871357,52.54778438
8,8401241,2021,3,17,3,3,5,3,1,1,1,0,0,0,0,0,13.47806673,52.44214398
6,6100205,2021,4,14,5,3,5,2,0,0,1,0,1,0,0,0,13.34173235,52.45059544
3,3500934,2021,4,11,3,3,0,1,0,0,0,0,0,0,1,0,13.43274757,52.55737678
9,9401635,2021,5,20,5,3,3,6,0,1,1,0,0,0,0,1,13.67455332,52.41941197
4,4501043,2021,5,17,6,3,2,7,0,0,1,0,1,0,0,0,13.30941476,52.49907976
6,6300526,2021,3,21,4,3,0,2,2,0,1,0,1,0,0,0,13.25652266,52.42912807
11,11200514,2021,4,11,2,3,1,5,0,0,1,0,0,0,0,0,13.49561457,52.54010744
6,6400843,2021,3,12,7,3,5,2,0,0,1,0,0,0,0,0,13.28407304,52.4456684
5,5200631,2021,5,18,2,3,1,5,0,0,1,0,0,0,1,0,13.19766008,52.52318003
10,10400940,2021,5,13,5,3,5,3,0,0,1,0,0,0,0,1,13.600653,52.47912047
1,1401045,2021,5,19,4,3,3,6,0,0,1,0,0,0,0,0,13.37746779,52.55657442
7,7200409,2021,4,16,6,3,1,5,0,1,1,0,0,0,0,0,13.3580213,52.48869163
4,4501043,2021,5,15,2,3,6,4,0,0,1,1,0,0,0,0,13.31393734,52.49910787
4,4200308,2021,4,14,4,3,5,2,0,1,1,0,0,0,0,0,13.27797148,52.51835407
9,9100306,2021,3,13,4,3,2,6,0,0,1,0,0,0,0,0,13.47158731,52.4534529
4,4200309,2021,5,18,7,3,5,3,0,0,1,0,0,0,0,0,13.26140831,52.51787242
4,4500939,2021,4,10,2,3,0,3,0,1,1,0,0,0,0,0,13.30513975,52.49558027
12,12200309,2021,5,14,2,3,5,2,0,1,0,0,0,0,1,0,13.33072369,52.56258855
6,6100102,2021,5,21,7,3,6,7,2,0,0,1,0,0,1,0,13.32083399,52.45518653
5,5100211,2021,5,14,3,2,2,2,0,0,1,0,1,0,0,0,13.15797924,52.54305587
9,9200613,2021,5,20,7,2,8,1,1,0,1,0,0,0,0,0,13.50282889,52.46033533
4,4200311,2021,5,13,4,3,0,3,0,1,1,0,0,0,0,0,13.28523697,52.51287292
10,10200420,2021,4,17,1,3,5,3,0,0,1,0,0,0,1,1,13.60116274,52.53684627
9,9200819,2021,4,14,5,3,5,3,0,0,1,0,0,0,0,0,13.56499302,52.44546814
5,5300736,2021,4,12,3,3,2,6,0,0,1,0,0,0,0,0,13.23022394,52.54210658
6,7300619,2021,4,11,2,3,2,6,0,0,1,0,0,0,0,0,13.34482269,52.46189942
5,5200631,2021,5,20,5,3,1,5,2,0,1,0,0,0,0,1,13.19797555,52.51746333
4,4400835,2021,4,19,3,3,5,3,0,0,1,0,0,0,0,0,13.31161407,52.468176
3,3300411,2021,3,15,1,3,5,3,0,0,1,0,1,0,0,0,13.4884568,52.6178155
11,11200515,2021,4,15,5,2,1,7,0,0,1,0,0,0,0,1,13.50624196,52.53656386
7,7100102,2021,3,22,5,3,6,2,2,0,1,1,0,0,0,0,13.35436958,52.49918272
9,9200715,2021,5,6,3,3,0,2,0,1,0,0,0,0,1,0,13.55279852,52.42776357
8,8200832,2021,4,19,1,3,1,5,2,1,1,0,0,0,0,0,13.43447191,52.41615485
4,4300416,2021,5,20,2,3,0,7,1,0,0,0,1,0,0,1,13.29941198,52.50684242
12,12100205,2021,4,18,4,3,5,2,0,0,1,0,0,0,1,0,13.33545168,52.56518191
9,9200715,2021,5,17,1,3,5,2,0,1,1,0,0,0,0,0,13.55174595,52.42847875
8,8300934,2021,4,14,7,3,5,2,0,0,1,0,0,0,0,0,13.46019451,52.43189235
11,2500835,2021,4,18,1,3,2,6,0,0,1,0,0,0,0,0,13.46972648,52.50233033
7,7501134,2021,5,14,1,3,2,7,0,0,1,0,0,0,0,0,13.40992986,52.43904732
12,12400721,2021,5,13,7,3,5,3,0,0,1,0,0,0,0,1,13.29153741,52.64195175
4,4300620,2021,4,8,2,3,5,2,0,1,1,0,0,0,0,0,13.33574032,52.51362566
1,1401043,2021,5,13,2,3,2,6,0,0,1,0,0,0,1,0,13.36139796,52.54772598
2,2100104,2021,5,11,6,3,5,2,0,1,0,0,0,1,0,1,13.4089029,52.50416435
2,2400521,2021,5,7,5,3,5,2,0,1,0,0,0,0,1,0,13.43000598,52.52328828
3,3601244,2021,4,15,2,3,5,3,0,1,1,0,0,0,0,0,13.42700967,52.55220956
3,3601244,2021,3,14,4,2,5,3,0,1,1,0,0,0,0,0,13.42699597,52.55221185
3,3400618,2021,5,7,4,3,3,6,0,1,0,0,0,1,0,0,13.37403638,52.59760866
1,1100207,2021,4,15,3,3,5,3,0,0,1,0,1,0,0,0,13.39507452,52.50797636
8,8200832,2021,3,16,2,3,2,6,0,1,1,0,0,0,0,0,13.43566958,52.42466538
4,4100101,2021,4,16,5,3,5,2,0,0,1,0,0,0,0,0,13.32623697,52.53803842
12,12200309,2021,3,19,5,3,1,5,2,1,1,0,0,0,0,0,13.32656682,52.56447208
6,6300633,2021,5,12,2,3,5,3,0,1,1,0,0,0,0,0,13.3108023,52.44294362
2,2100105,2021,4,17,7,3,1,5,0,0,1,0,0,0,0,0,13.41641584,52.49963969
8,8100104,2021,5,15,2,3,0,1,0,1,0,0,0,0,0,0,13.43125322,52.46787235
6,6300528,2021,4,15,4,2,0,6,0,0,1,0,1,0,0,0,13.27281083,52.40963614
11,11300826,2021,5,0,7,3,1,5,2,0,0,0,1,0,1,1,13.4855398,52.50669378
12,12200310,2021,4,15,1,2,5,2,0,0,1,0,1,0,0,0,13.31192298,52.56793183
1,1100102,2021,5,18,5,3,2,7,0,0,1,0,0,0,1,0,13.37584171,52.50924807
1,1401045,2021,4,13,3,3,2,6,0,0,1,0,0,0,0,0,13.37917429,52.55301316
1,1400938,2021,4,12,7,3,2,6,0,0,1,0,0,0,0,0,13.33430812,52.54112956
2,2200209,2021,4,16,3,3,5,2,0,1,0,0,0,0,1,1,13.37653176,52.4877061
7,7300515,2021,5,15,4,3,5,2,0,1,1,0,0,0,0,0,13.32787422,52.47243284
8,8200622,2021,4,15,5,3,0,6,0,0,0,0,0,0,1,0,13.43471125,52.46192427
10,10100209,2021,3,7,3,3,2,6,0,0,1,0,0,0,0,0,13.57187276,52.54676872
12,12400618,2021,4,10,1,3,0,2,0,1,0,0,1,0,0,0,13.2258623,52.62774037
10,10100311,2021,3,9,6,3,4,5,0,1,1,0,0,0,0,0,13.53364738,52.5176548
10,10200627,2021,5,16,3,3,0,7,0,0,1,0,0,0,0,0,13.58944277,52.52785915
10,10300734,2021,5,15,3,3,2,6,0,0,1,0,0,0,0,0,13.56249886,52.49963453
8,8100419,2021,4,13,6,3,5,7,0,0,1,0,1,0,0,0,13.4501308,52.48604155
4,4200310,2021,5,15,6,3,2,6,0,0,1,0,0,0,0,0,13.27350703,52.50897283
7,7501029,2021,4,14,4,3,2,6,0,0,1,0,0,0,0,0,13.37761086,52.44258528
7,7100102,2021,3,12,3,3,5,7,0,0,1,0,1,0,0,0,13.35344403,52.50140535
7,7601544,2021,4,5,5,3,5,3,2,1,1,0,0,0,0,1,13.39635928,52.39674452
2,2400623,2021,4,12,3,3,6,4,0,0,1,1,0,0,0,0,13.43008312,52.51054257
9,9401635,2021,5,15,2,3,5,3,0,1,0,0,0,0,0,0,13.69953656,52.4225792
9,9501939,2021,3,19,3,3,2,6,0,0,1,0,0,0,1,0,13.55832821,52.45551052
11,11300721,2021,4,11,2,2,0,3,0,0,1,0,0,0,1,0,13.49573853,52.52295978
3,3601245,2021,5,16,2,3,5,2,0,0,1,0,0,0,0,0,13.43443524,52.54955872
2,2200210,2021,5,20,4,3,5,3,2,0,1,0,0,0,0,0,13.39071748,52.49217221
3,3701554,2021,5,22,4,3,1,5,2,0,1,0,1,0,0,0,13.40865899,52.53755126
2,2200212,2021,4,9,6,3,5,2,0,1,1,0,0,0,0,0,13.42314167,52.48678606
5,5100317,2021,3,16,4,3,5,2,0,1,1,0,0,0,0,0,13.20707626,52.533318
4,4400727,2021,5,19,1,3,5,2,0,0,1,0,0,0,0,1,13.28523416,52.47966833
9,9100306,2021,5,13,4,3,2,5,0,0,1,0,0,0,0,0,13.4786322,52.44278238
2,2300418,2021,4,9,4,2,5,5,0,1,1,0,0,0,0,0,13.4365248,52.49256278
1,1300733,2021,3,8,4,2,5,3,0,0,1,0,0,0,1,0,13.38276775,52.55395119
1,1200517,2021,5,13,2,3,0,7,0,1,0,0,0,0,0,0,13.32768706,52.52428379
8,8200622,2021,4,13,2,3,5,3,0,1,1,0,0,0,0,0,13.44089828,52.46089442
12,12601236,2021,5,15,2,3,2,6,0,0,1,0,0,0,0,0,13.3464767,52.59714127
3,3601141,2021,5,11,2,3,5,2,0,0,1,0,0,0,1,0,13.41103012,52.55398832
1,1200520,2021,5,20,6,3,1,5,1,1,1,0,0,0,0,1,13.33671709,52.52658276
3,3500934,2021,5,14,5,3,2,6,0,0,1,0,0,0,0,0,13.44192604,52.55478794
6,6100207,2021,4,14,1,2,5,3,0,0,1,0,0,0,1,0,13.32632523,52.44751267
1,1300836,2021,4,17,5,3,1,5,0,0,1,0,1,0,0,0,13.37990685,52.55141525
7,7400927,2021,5,14,4,3,5,3,0,0,0,0,1,0,1,0,13.3980887,52.46514246
2,2300316,2021,4,19,4,3,4,7,0,1,0,1,0,0,0,0,13.44057043,52.50178883
4,4300622,2021,3,15,1,3,6,7,0,0,1,1,0,0,0,0,13.32966593,52.50738336
8,8301036,2021,4,18,5,3,2,6,0,0,1,0,0,0,0,0,13.46257137,52.42335611
7,7400822,2021,3,14,5,3,5,3,0,0,1,0,0,0,0,0,13.37054366,52.46892095
4,4200310,2021,5,19,4,3,2,2,0,0,1,0,0,0,0,1,13.27498112,52.51283957
5,5300737,2021,5,13,2,3,2,3,0,0,1,0,0,0,0,0,13.24134114,52.53859731
8,8200729,2021,4,16,4,3,5,3,0,1,1,0,0,0,0,0,13.40642264,52.42748152
5,5100317,2021,5,23,1,3,1,5,2,1,1,0,0,0,0,0,13.20644804,52.5333834
9,9401534,2021,4,17,1,3,5,2,0,1,1,0,0,0,0,0,13.58201129,52.44283575
6,6200313,2021,5,19,6,3,5,3,0,0,1,0,1,0,0,0,13.34506221,52.43707749
4,4500937,2021,4,13,3,3,2,6,0,0,1,0,0,0,0,0,13.28577216,52.49517955
2,2200208,2021,3,19,3,3,0,2,0,1,0,0,0,0,1,0,13.38934847,52.49610841
6,6100206,2021,4,17,3,3,0,6,0,1,1,0,0,0,0,0,13.3296167,52.44567164
8,8100314,2021,5,19,6,3,1,5,0,1,1,0,0,0,0,0,13.42891544,52.48578224
12,12400618,2021,4,18,5,3,5,3,0,1,1,0,0,0,0,0,13.2401833,52.61879502
3,3200309,2021,3,9,2,3,2,6,0,0,0,0,1,0,1,0,13.43326985,52.60643456
8,8100521,2021,4,17,7,3,5,3,0,1,1,0,0,0,0,0,13.44832706,52.46845666
2,2300314,2021,3,19,6,3,0,3,2,1,0,0,0,0,1,0,13.42213019,52.49917878
7,7300516,2021,5,16,2,3,5,2,0,1,1,0,0,0,0,0,13.32839253,52.46496203
2,2400623,2021,5,19,5,3,1,5,0,1,1,0,0,0,0,0,13.44047416,52.51659426
3,3500933,2021,5,20,4,3,6,4,1,0,1,1,0,0,0,0,13.4654176,52.55753986
8,8401139,2021,4,15,4,3,5,3,0,1,1,0,0,0,0,0,13.46648847,52.43346523
12,12601031,2021,4,12,6,3,3,2,0,0,1,0,0,0,1,0,13.33451481,52.60351323
3,3400619,2021,4,8,3,2,5,2,0,0,1,0,1,0,0,0,13.36507233,52.59006819
1,1100206,2021,3,12,4,3,5,3,0,1,1,0,0,0,0,0,13.39088419,52.51584761
3,3200310,2021,4,15,6,3,2,6,0,0,1,0,0,0,0,0,13.42043629,52.60650283
4,4200308,2021,5,11,7,3,0,2,0,0,1,0,0,0,1,0,13.27418413,52.51922695
3,3601346,2021,5,9,6,3,1,5,0,1,1,0,0,0,0,0,13.41644799,52.54485209
1,1300733,2021,4,19,2,3,5,7,0,0,1,0,1,0,0,1,13.38553165,52.55019612
5,5300839,2021,4,17,5,3,0,7,0,1,0,0,0,0,0,0,13.26109571,52.54402576
6,6400843,2021,4,19,3,3,0,2,1,1,1,0,0,0,0,1,13.29370703,52.45804837
4,4300416,2021,4,18,3,2,5,3,0,1,0,0,1,0,0,1,13.30307195,52.50556871
4,4501042,2021,5,17,5,3,0,1,0,1,0,0,0,0,0,1,13.33114225,52.50526235
8,8100105,2021,4,6,4,3,5,2,0,1,0,0,0,0,1,0,13.43408877,52.46313441
1,1400942,2021,3,8,2,3,6,4,0,1,0,1,0,0,0,0,13.34570815,52.54735878
2,2500726,2021,4,15,6,3,5,2,0,1,1,0,0,0,0,0,13.45148974,52.52039007
4,4300623,2021,3,9,6,2,5,2,0,1,1,0,0,0,0,1,13.31402489,52.50621528
12,12500930,2021,5,14,3,3,2,6,0,0,1,0,0,0,0,1,13.32458876,52.58761154
5,5200629,2021,5,9,2,3,5,2,0,0,1,0,0,0,0,0,13.19230106,52.53409914
12,12100103,2021,4,17,5,3,6,7,0,0,1,1,0,0,0,1,13.3634257,52.57151745
4,4501044,2021,4,16,3,3,0,6,0,0,1,0,1,0,0,0,13.31923356,52.49217204
7,7400826,2021,3,15,3,2,4,6,0,0,1,0,0,0,0,0,13.36772098,52.44932025
6,6300524,2021,4,14,6,3,6,4,0,0,1,1,0,0,0,0,13.24399604,52.42570872
9,9100306,2021,4,8,3,3,2,6,0,0,1,0,0,0,1,0,13.4780892,52.45477834
10,10200417,2021,5,13,7,3,5,2,0,1,1,0,0,0,0,0,13.59181667,52.54546437
1,1100207,2021,5,12,7,3,1,5,0,1,1,0,0,0,0,1,13.39646531,52.50894955
11,11200514,2021,3,16,3,3,2,7,0,0,1,0,0,0,0,0,13.50443764,52.53697127
9,9501939,2021,4,14,2,3,5,3,0,1,1,0,0,0,0,0,13.57525949,52.45383895
6,6100101,2021,5,15,2,3,5,3,0,1,0,0,0,0,1,0,13.32071357,52.4570199
3,3400620,2021,5,18,5,3,5,2,0,1,0,0,0,0,0,0,13.39740726,52.57129612
11,11200513,2021,5,18,4,3,2,6,0,0,1,0,0,0,0,0,13.48895133,52.54225105
6,6300632,2021,4,10,6,3,5,3,0,0,1,0,0,0,0,0,13.30306353,52.42905069
5,5100105,2021,3,11,4,2,2,6,0,0,1,0,0,0,0,0,13.19550099,52.55527308
7,7601341,2021,5,18,3,3,0,2,0,1,1,0,0,0,0,0,13.3760752,52.40912347
6,6100207,2021,4,8,4,3,2,6,0,0,1,0,0,0,1,0,13.31850868,52.45180659
1,1100309,2021,3,14,4,3,8,7,0,0,0,0,0,0,1,0,13.40324343,52.52502007
7,7200307,2021,5,20,2,3,5,3,2,0,1,0,0,0,0,1,13.34366175,52.49234907
8,8100521,2021,4,11,2,3,5,3,0,0,1,0,0,0,0,0,13.4720485,52.46163508
5,5400943,2021,5,17,2,3,2,7,2,0,1,0,1,0,0,1,13.12647929,52.46784643
8,8200833,2021,5,12,3,2,5,3,0,1,1,0,0,0,0,0,13.44583172,52.41637729
2,2100106,2021,5,16,7,3,3,6,0,1,1,0,0,0,0,0,13.40849825,52.49849185
9,9200716,2021,5,14,6,3,5,3,0,1,1,0,0,0,0,0,13.54516918,52.43432524
8,8200831,2021,4,9,2,3,2,6,0,0,1,0,0,0,1,1,13.41068905,52.41685378
4,4400830,2021,4,10,6,3,5,3,0,1,1,0,0,0,0,0,13.29035837,52.47922657
2,2200210,2021,4,15,3,3,5,2,0,1,1,0,0,0,0,0,13.39490081,52.49627574
1,1200517,2021,5,6,4,3,5,2,0,1,1,0,0,0,0,1,13.32815425,52.53525665
5,5300736,2021,4,15,3,3,2,6,0,0,1,0,0,0,0,0,13.21895179,52.53709091
3,3601142,2021,3,10,3,3,1,5,0,1,0,0,0,0,1,0,13.41101131,52.54748781
5,5300841,2021,4,15,5,3,2,6,0,0,1,0,0,0,0,0,13.26553216,52.53681993
4,4500939,2021,3,16,6,3,2,7,0,0,1,0,0,0,0,0,13.30084942,52.48938118
1,1100310,2021,5,14,4,3,5,2,0,1,0,0,0,1,0,0,13.41597982,52.52710278
10,10100207,2021,5,15,4,3,6,4,0,0,1,1,0,0,0,0,13.57696351,52.54988209
11,11100203,2021,4,18,5,3,5,3,1,1,0,0,0,0,0,0,13.52871208,52.56976435
1,1300836,2021,5,17,1,3,2,6,0,0,1,0,0,0,0,0,13.37665262,52.54327181
5,5200629,2021,4,12,3,3,2,6,0,0,1,0,0,0,0,0,13.1973913,52.53305946
2,2200209,2021,5,7,6,3,6,2,0,0,1,1,0,0,0,0,13.37236682,52.48504842
7,7300619,2021,4,18,2,3,1,5,1,1,1,0,0,0,0,0,13.34933534,52.47030186
4,4501045,2021,3,10,2,3,2,6,0,0,1,0,0,0,0,0,13.33148306,52.49668768
2,2300314,2021,4,18,3,3,0,1,0,1,0,0,0,0,0,1,13.41889861,52.50073048
10,10100206,2021,4,10,3,3,5,3,0,0,1,0,0,0,0,0,13.55669583,52.55714057
1,1200623,2021,5,18,6,3,5,7,0,0,1,0,0,0,0,1,13.35054249,52.53258847