BEZ,LOR_ab_2021,UJAHR,UMONAT,USTUNDE,UWOCHENTAG,UKATEGORIE,UART,UTYP1,ULICHTVERH,IstRad,IstPKW,IstFuss,IstKrad,IstGkfz,IstSonstige,USTRZUSTAND,XGCSWGS84,YGCSWGS84
5,5100316,2021,4,10,5,3,2,6,0,0,1,0,0,0,0,0,13.20024906,52.53705877
6,6200317,2021,3,17,3,3,1,5,0,0,1,0,0,0,0,0,13.35747272,52.42287708
7,7501031,2021,4,11,7,3,5,2,0,0,0,0,1,0,1,0,13.39352267,52.44539154
12,12400619,2021,3,14,7,3,2,6,0,1,1,0,0,0,0,1,13.23977394,52.60646714
9,9501737,2021,5,10,2,3,4,6,0,1,0,0,0,0,0,0,13.66183191,52.44932094
2,2400624,2021,5,18,5,3,6,7,0,0,0,1,0,0,1,0,13.44301783,52.51567118
1,1100103,2021,5,10,4,2,5,3,0,0,1,0,1,0,0,0,13.35217067,52.50551548
4,4200311,2021,4,15,7,3,2,6,0,0,1,0,0,0,0,0,13.26930615,52.49951948
2,2300316,2021,5,15,1,3,5,3,0,1,1,0,0,0,0,1,13.43209185,52.50570341
9,9501838,2021,4,16,3,2,4,6,0,0,1,0,1,0,0,0,13.68616692,52.44766468
12,12601235,2021,3,15,3,3,2,2,0,0,1,0,0,1,0,0,13.36067763,52.59692277
12,12601133,2021,4,11,7,3,5,3,0,0,1,0,0,0,0,0,13.36265685,52.6006161
9,9401329,2021,5,11,7,3,5,3,0,1,1,0,0,0,0,0,13.58520509,52.42781996
8,8300934,2021,4,12,2,3,1,5,0,0,1,0,0,0,0,0,13.46302565,52.43032862
7,7100101,2021,5,21,2,3,1,7,2,1,1,0,0,0,0,0,13.34388299,52.49638847
1,1401045,2021,5,18,6,3,2,6,0,0,1,0,0,0,0,1,13.38182196,52.55592244
11,11300618,2021,5,16,5,3,2,6,0,0,1,0,0,0,0,0,13.46596519,52.5242205
2,2500835,2021,4,6,2,3,5,3,0,1,0,0,0,0,1,1,13.45820194,52.49960573
10,10200629,2021,3,9,4,3,0,7,0,1,0,0,0,0,0,0,13.58145419,52.5146939
1,1100207,2021,4,16,3,2,5,3,0,1,1,0,0,0,0,0,13.39022156,52.50768169
1,1300835,2021,5,18,4,3,2,1,0,0,1,0,0,0,1,0,13.39075884,52.54457378
1,1200517,2021,3,19,1,3,0,2,2,0,1,0,0,0,1,1,13.31440119,52.53027608
1,1200627,2021,4,18,4,3,2,6,0,0,1,0,0,0,0,0,13.36383675,52.52785921
4,4500936,2021,3,14,5,3,0,3,0,0,1,0,1,0,0,0,13.30702786,52.49999188
5,5100314,2021,5,17,3,3,3,6,0,0,1,0,0,0,1,0,13.20594398,52.54190316
2,2100103,2021,4,16,1,3,2,6,0,0,1,0,0,0,0,0,13.40178106,52.50612069
1,1100313,2021,5,7,2,3,5,3,0,0,1,0,0,0,0,1,13.42122085,52.50985891
9,9100304,2021,4,9,4,2,1,5,0,1,1,0,0,0,0,0,13.48860829,52.46449475
6,6400842,2021,5,19,1,2,3,6,0,0,1,0,1,0,0,0,13.263268,52.45753548
1,1300835,2021,5,18,6,3,5,3,0,1,1,0,0,0,0,0,13.38008157,52.54054392
1,1100207,2021,4,9,3,3,5,3,0,0,1,0,0,0,0,0,13.40453678,52.50896769
1,1400938,2021,4,13,6,3,2,6,0,1,0,0,0,0,0,0,13.34467199,52.53916138
9,9301126,2021,3,6,4,3,5,3,0,0,1,0,0,0,0,0,13.57278515,52.42779621
11,11300620,2021,4,15,2,2,5,3,0,0,1,0,0,0,0,0,13.48532739,52.52674534
2,2200209,2021,5,16,3,3,5,7,0,0,1,0,0,0,0,0,13.386509,52.49007693
3,3300411,2021,5,19,6,3,0,1,0,0,1,0,0,0,0,1,13.48994006,52.62078769
7,7300618,2021,5,23,3,3,1,5,2,0,1,0,0,0,1,0,13.33380974,52.46849241
1,1200517,2021,5,10,5,3,5,7,0,0,1,0,0,0,0,0,13.32730915,52.52439677
3,3601141,2021,4,5,6,2,5,2,1,1,1,0,0,0,0,0,13.41479583,52.55386237
3,3200308,2021,3,10,4,2,6,2,0,0,1,1,0,0,0,0,13.41874392,52.60569615
1,1100206,2021,5,11,3,3,5,3,0,1,1,0,0,0,0,0,13.38884585,52.51693394
3,3701660,2021,3,18,2,3,1,5,1,1,1,0,0,0,0,0,13.42987427,52.52873663
9,9401329,2021,4,3,4,3,7,7,2,0,0,0,1,0,0,0,13.61944784,52.42736737
4,4100101,2021,3,16,5,2,8,1,0,0,0,0,1,0,0,0,13.32689748,52.54046333
3,3601449,2021,5,21,2,3,1,5,2,0,1,0,0,0,0,0,13.44924441,52.53743116
4,4501045,2021,4,20,2,3,5,3,2,0,1,0,0,0,0,0,13.32375454,52.49381946
6,6200314,2021,5,8,2,3,1,5,0,1,1,0,0,0,0,0,13.33603416,52.43346077
12,12200412,2021,4,18,4,3,5,2,0,1,1,0,0,0,0,0,13.26039256,52.57207145
2,2500726,2021,5,7,7,3,5,2,0,0,1,0,0,0,1,0,13.45079423,52.52720027
1,1100206,2021,5,22,5,3,5,3,2,0,1,0,0,0,0,0,13.38884726,52.51692598
4,4501153,2021,4,10,2,3,5,2,0,1,0,0,0,0,1,0,13.33219909,52.4875417
8,8200726,2021,4,20,5,3,4,6,2,0,1,0,0,0,0,0,13.43490263,52.44707883
7,7100101,2021,4,15,3,3,5,2,0,0,1,0,0,1,0,0,13.34099951,52.49996821
1,1401049,2021,5,15,4,3,5,2,0,1,1,0,0,0,0,0,13.36544188,52.5568148
1,1100205,2021,4,17,3,3,5,3,0,1,1,0,0,0,0,0,13.37931648,52.50703466
9,9501941,2021,3,7,3,3,2,6,0,0,1,0,1,0,0,0,13.57612301,52.45293082
7,7300619,2021,4,12,6,2,0,3,0,1,1,0,0,0,0,0,13.35738494,52.47672525
12,12400722,2021,3,14,6,3,5,3,0,0,1,0,0,0,0,0,13.29822142,52.62453897
9,9200511,2021,5,19,3,2,3,6,0,0,1,0,1,0,0,1,13.52440518,52.46532019
5,5100101,2021,5,13,2,3,0,1,0,1,0,0,0,0,0,0,13.21152879,52.57560414
7,7200307,2021,4,14,6,3,2,6,0,0,1,0,1,0,0,0,13.3449592,52.48672778
10,10100209,2021,4,17,2,3,5,3,0,1,1,0,0,0,0,0,13.57352989,52.5522866
5,5100317,2021,5,22,6,2,6,4,2,0,1,1,0,0,0,0,13.20987935,52.53244361
4,4300619,2021,4,17,3,3,2,6,0,0,1,0,0,0,0,0,13.30008704,52.51958508
3,3300411,2021,3,13,3,3,6,7,0,0,1,1,0,0,0,0,13.49398552,52.61538035
5,5100210,2021,4,12,6,3,5,3,0,1,1,0,0,0,0,0,13.18873021,52.54660086
12,12601235,2021,4,9,3,3,5,7,0,0,1,0,0,0,1,0,13.35214132,52.59224225
2,2200209,2021,5,18,6,3,1,5,0,0,1,0,0,0,0,0,13.37373347,52.48504233
9,9501737,2021,3,15,4,3,2,2,0,1,1,0,0,0,0,0,13.6255391,52.45756021
3,3400829,2021,4,18,6,3,2,6,0,1,1,0,0,0,0,0,13.42196727,52.56272253
6,6200313,2021,3,11,7,3,2,6,0,1,1,0,0,0,0,1,13.34279615,52.43428596
3,3400828,2021,5,18,2,2,5,3,0,1,1,0,0,0,0,0,13.42256792,52.55986398
4,4300623,2021,5,12,5,3,6,4,0,0,1,1,0,0,0,1,13.30567121,52.5100011
7,7100205,2021,5,13,4,3,5,3,0,0,1,0,0,0,0,0,13.363723,52.49736101
1,1100103,2021,4,22,6,3,5,2,2,0,1,0,0,0,1,0,13.35319692,52.50237156
12,12100102,2021,5,12,1,3,5,3,0,0,1,0,0,0,0,0,13.37270511,52.56824553
11,11200410,2021,4,17,4,3,5,3,0,1,1,0,0,0,0,0,13.49856845,52.55181397
11,11401137,2021,3,14,4,3,0,2,0,1,1,0,0,0,0,0,13.52477365,52.4952652
12,12200412,2021,4,15,1,2,5,3,0,1,1,0,0,0,0,0,13.27788339,52.572717
1,1100102,2021,5,13,7,3,1,5,0,1,1,0,0,0,0,0,13.36500498,52.51009509
8,8100208,2021,5,10,7,3,5,7,0,0,1,0,0,0,0,0,13.44017575,52.47106904
11,11100204,2021,4,7,2,3,6,2,0,0,1,1,0,0,0,0,13.52825769,52.55698239
4,4300624,2021,5,21,2,3,1,5,2,0,1,0,0,0,0,0,13.31518463,52.51073243
5,5100317,2021,5,8,6,3,5,3,0,0,1,0,0,0,0,0,13.23301921,52.52939769
1,1100206,2021,5,8,4,3,5,2,0,1,1,0,0,0,0,0,13.38092854,52.51637056
1,1100415,2021,4,18,7,3,5,3,0,1,1,0,0,0,0,0,13.3894769,52.5297251
1,1100312,2021,4,9,5,3,1,5,0,1,1,0,0,0,0,0,13.41676463,52.51159429
2,2400624,2021,5,19,4,3,2,6,1,1,1,0,0,0,0,1,13.44980747,52.51022083
7,7400826,2021,4,14,3,3,2,6,0,0,1,0,0,0,0,0,13.36428482,52.44839315
9,9100305,2021,3,14,2,3,6,4,0,0,1,1,0,0,0,0,13.49065839,52.46830121
8,8301036,2021,4,13,5,2,2,6,0,0,1,0,0,0,1,0,13.46779009,52.42758677
2,2400623,2021,3,9,5,2,6,4,0,0,0,1,1,0,0,0,13.43008739,52.51054089
2,2100106,2021,5,9,3,3,0,4,0,1,0,1,0,0,0,1,13.42001426,52.49643529
1,1400940,2021,4,3,1,2,1,5,2,0,1,0,0,0,0,0,13.35460527,52.56071328
9,9200717,2021,5,11,2,3,6,7,0,0,1,1,0,0,0,0,13.55377149,52.43419
3,3300411,2021,4,7,4,3,5,3,0,1,1,0,0,0,0,0,13.4918283,52.61526396
1,1300732,2021,5,11,1,3,0,6,0,0,1,0,1,0,0,0,13.38603959,52.55826667
3,3501038,2021,4,10,1,3,4,6,0,1,1,0,0,0,0,0,13.47779706,52.55939869
4,4300620,2021,5,11,6,3,1,1,0,1,1,0,0,0,0,0,13.33481801,52.51491997
2,2500834,2021,4,11,2,3,5,2,0,1,1,0,0,0,0,0,13.45318413,52.50867673
3,3601244,2021,4,18,6,3,6,7,0,1,0,1,0,0,0,1,13.42849958,52.5520136
7,7300619,2021,4,12,4,2,5,7,0,0,1,0,0,0,0,0,13.35986767,52.47537443
8,8100102,2021,5,0,5,3,5,3,2,0,1,0,0,0,0,1,13.42382815,52.4772848
6,6300525,2021,4,14,4,3,2,2,0,1,0,0,0,0,1,0,13.26577912,52.41032762
1,1200520,2021,3,15,3,3,2,2,0,1,1,0,0,0,0,0,13.34319898,52.52821492
7,7601544,2021,4,19,7,3,4,6,0,0,1,0,0,0,0,0,13.39516757,52.39717431
5,5100316,2021,3,7,7,3,5,7,0,0,1,0,0,0,1,0,13.19263871,52.53604154
7,7400823,2021,5,21,3,3,5,2,1,0,1,0,0,0,0,1,13.37205152,52.46982755
4,4501043,2021,5,18,2,3,0,3,0,1,1,0,0,0,0,0,13.31190183,52.49807258
2,2500836,2021,4,17,6,3,2,6,0,0,1,0,0,0,0,0,13.46742723,52.49793672
1,1200623,2021,5,17,6,3,3,6,0,1,1,0,0,0,0,1,13.35548958,52.53498437
8,8100314,2021,4,10,4,3,1,5,0,0,1,0,0,0,0,0,13.43651823,52.48105452
1,1100416,2021,3,15,2,3,1,5,0,1,0,0,0,0,1,0,13.40628651,52.53226584
8,8301036,2021,4,23,5,3,1,5,2,0,1,0,0,0,0,0,13.46663895,52.42676343
1,1100207,2021,4,11,3,3,5,2,0,1,1,0,0,0,0,0,13.39222008,52.50780182
2,2500835,2021,5,14,6,3,5,2,0,1,1,0,0,0,0,1,13.46839583,52.49971006
9,9301025,2021,5,23,6,3,1,5,2,0,1,0,0,0,0,1,13.58345836,52.39383871
8,8401241,2021,3,16,3,3,5,2,0,0,1,0,0,0,0,0,13.47329729,52.4324636
5,5300737,2021,4,8,2,3,0,2,0,1,1,0,0,0,0,0,13.24691998,52.54416972
4,4200310,2021,5,15,2,3,5,2,0,0,1,0,0,0,0,0,13.26232018,52.50733074
3,3200308,2021,5,15,5,3,2,2,0,1,1,0,0,0,0,0,13.42749804,52.5975605
1,1401044,2021,4,17,3,3,5,3,0,1,1,0,0,0,0,1,13.36912119,52.54621227
4,4200311,2021,5,14,4,3,2,6,0,0,1,0,0,0,1,0,13.27481069,52.50088751
10,10300731,2021,4,13,3,3,2,6,0,0,1,0,0,0,0,0,13.56633491,52.53408118
3,3100102,2021,3,10,2,3,5,2,0,0,1,0,1,0,0,0,13.50186569,52.6361391
12,12200309,2021,4,18,5,3,2,6,0,0,1,0,0,0,0,0,13.32807657,52.56438787
6,6100205,2021,3,0,7,3,5,7,2,0,1,0,0,0,0,0,13.3483895,52.44714719
2,2100101,2021,5,13,4,3,2,6,0,0,1,0,0,0,0,0,13.38889406,52.49886471
5,5100317,2021,5,16,2,3,4,2,0,1,1,0,0,0,0,0,13.24113786,52.52613763
12,12601032,2021,4,13,6,3,5,3,0,0,1,0,0,0,0,0,13.32707357,52.60875928
12,12100102,2021,4,21,2,3,2,6,2,1,1,0,0,0,0,0,13.36446375,52.56768846
8,8401241,2021,5,16,6,3,6,4,0,0,1,1,0,0,0,0,13.47250788,52.43707081
4,4300623,2021,4,16,4,3,5,2,0,1,0,0,0,0,1,0,13.31429951,52.50890888
2,2500831,2021,3,10,3,3,5,2,0,1,1,0,0,0,0,0,13.46627335,52.50857653
12,12100101,2021,4,17,4,3,5,3,0,0,1,0,0,0,0,0,13.37359657,52.56327109
12,12200309,2021,5,9,6,3,0,5,0,0,1,0,0,0,1,1,13.32697643,52.56296387
9,9100101,2021,5,21,6,3,5,3,0,0,1,0,0,0,0,0,13.4503415,52.49138848
2,2300315,2021,3,18,4,3,5,2,0,1,1,0,0,0,0,0,13.42584457,52.49946342
11,11300826,2021,4,7,6,3,7,7,0,1,0,0,0,0,0,0,13.47780059,52.5099898
2,2200210,2021,3,9,7,3,5,3,0,0,1,0,0,0,1,1,13.39449549,52.49174226
5,5100317,2021,5,18,2,3,0,1,0,1,0,0,0,0,0,0,13.23316013,52.52747381
8,8100521,2021,5,15,6,3,2,6,0,0,1,0,0,0,1,1,13.4604971,52.46226891
7,7400826,2021,5,1,4,3,1,7,2,0,1,0,0,0,0,0,13.36974601,52.45126644
1,1100206,2021,4,20,6,3,5,3,1,1,1,0,0,0,0,0,13.39075595,52.51573634
5,5100209,2021,5,21,7,3,5,2,0,0,1,0,0,0,0,0,13.18477229,52.54756048
5,5100316,2021,4,18,4,2,9,1,0,0,0,0,1,0,0,1,13.20219146,52.53961929
3,3701660,2021,3,13,4,3,6,7,0,1,0,1,0,0,0,0,13.43021598,52.53269925
5,5300735,2021,4,17,6,3,6,4,0,0,1,1,0,0,0,0,13.22714029,52.55768772
5,5100317,2021,4,10,2,2,2,6,0,0,1,0,0,0,0,0,13.23920266,52.52642285
11,11200410,2021,4,16,2,3,5,3,0,1,1,0,0,0,0,0,13.50023533,52.5535052
1,1100309,2021,5,11,1,3,1,5,0,1,1,0,0,0,0,1,13.40841137,52.52749004
6,6400838,2021,5,15,7,3,5,3,0,1,1,0,0,0,0,0,13.21461801,52.44014251
4,4501148,2021,4,13,3,3,0,7,0,0,0,0,0,0,1,0,13.31259998,52.4805227
7,7400927,2021,5,11,3,3,5,3,0,0,1,0,0,0,1,0,13.39570718,52.45431963
6,6100103,2021,5,20,7,3,2,6,1,0,1,0,0,0,0,0,13.31427042,52.46511806
1,1200623,2021,5,1,5,3,5,2,2,0,1,0,1,0,0,0,13.36248821,52.5299992
9,9301228,2021,4,12,1,2,9,1,0,0,1,0,0,0,0,1,13.64720391,52.35134696
7,7200307,2021,4,10,5,3,5,3,0,1,1,0,0,0,0,0,13.34263407,52.4866586
4,4400835,2021,5,16,5,3,5,3,0,0,1,0,0,0,0,1,13.31985095,52.4688068
6,6400839,2021,4,17,3,3,2,7,0,0,0,0,1,0,1,0,13.24847487,52.44703644
4,4500939,2021,3,23,2,3,3,6,2,0,1,0,0,0,0,0,13.30792781,52.48845622
10,10200629,2021,4,11,6,3,6,2,0,0,1,1,0,0,0,0,13.58349405,52.51493362
8,8200727,2021,3,11,5,3,5,3,0,1,1,0,0,0,0,0,13.44674095,52.43994557
8,8401246,2021,5,7,2,3,5,3,0,1,0,0,0,0,1,0,13.50295971,52.41418786
1,1300733,2021,4,17,1,3,2,6,0,0,1,0,1,0,0,0,13.38465961,52.55600004
6,6100207,2021,5,11,2,3,2,2,0,1,1,0,0,0,0,0,13.33101181,52.4532094
3,3400724,2021,4,6,4,2,5,3,0,1,1,0,0,0,0,0,13.428822,52.57916205
7,7601544,2021,5,14,7,3,5,2,0,0,1,0,0,0,0,0,13.4065799,52.39376419
4,4100102,2021,4,18,7,3,0,6,0,0,1,0,1,0,0,0,13.29418486,52.5344775
2,2200211,2021,5,12,5,3,1,7,0,0,1,0,0,0,0,0,13.39807937,52.4888927
1,1300836,2021,4,12,3,3,0,6,0,1,1,0,0,0,0,0,13.37236194,52.53865089
12,12500927,2021,4,12,7,3,0,3,0,1,0,0,0,0,1,0,13.32422627,52.60119616
7,7300619,2021,4,1,4,2,1,5,2,1,1,0,0,0,0,0,13.35917873,52.47485772
6,6400843,2021,5,12,6,3,6,7,0,0,1,1,0,0,0,0,13.29206653,52.45786408
2,2200210,2021,4,22,5,3,0,7,2,1,0,0,0,0,0,1,13.3939675,52.49754273
12,12601235,2021,3,11,2,3,2,6,0,0,1,0,0,0,0,0,13.36697085,52.59725222
6,6300634,2021,4,9,1,3,5,2,0,0,0,0,1,0,1,0,13.29256587,52.43272084
5,5100316,2021,3,14,6,2,6,4,0,0,1,1,0,0,0,0,13.18613039,52.53782439
10,10400940,2021,5,17,4,3,5,2,0,0,1,0,0,0,1,1,13.60088919,52.47893681
1,1100206,2021,5,16,3,3,3,6,0,1,0,0,0,0,1,0,13.38925846,52.51387686
2,2500727,2021,4,19,6,3,2,6,0,1,1,0,0,0,0,0,13.46203612,52.51895872
6,6300527,2021,4,16,3,3,6,4,0,0,1,1,0,0,0,0,13.27721013,52.43387959
3,3601244,2021,3,14,3,3,5,3,0,0,1,0,0,0,0,0,13.42744639,52.55239902
1,1100103,2021,4,16,6,3,5,7,0,1,1,0,0,0,0,0,13.36194317,52.49997048
1,1401045,2021,5,14,7,3,6,2,0,0,1,1,0,0,0,1,13.37397935,52.55646516
3,3300517,2021,5,2,7,1,8,1,2,0,1,0,0,0,0,0,13.48260723,52.57215095
9,9200715,2021,3,15,4,3,2,6,0,0,1,0,0,0,0,0,13.54537372,52.42554437
9,9100306,2021,4,16,2,3,2,2,0,0,1,0,1,0,0,0,13.48949084,52.45089752
1,1300834,2021,5,18,2,3,2,6,0,0,1,0,0,0,0,0,13.39519243,52.5460237
4,4501042,2021,5,15,5,3,5,2,0,0,1,0,1,0,0,0,13.33215617,52.50598941
4,4300619,2021,5,20,4,3,0,7,0,0,0,0,1,0,0,0,13.31009392,52.52016446
4,4500937,2021,4,16,6,3,0,2,0,1,1,0,0,0,0,0,13.28772946,52.49609696
8,8100103,2021,4,15,5,3,3,6,0,0,1,0,1,0,0,0,13.42819682,52.47331455
10,10100311,2021,5,13,1,3,5,2,0,1,1,0,0,0,0,0,13.53355439,52.52550381
3,3601245,2021,5,18,3,3,5,2,0,1,0,0,0,0,0,0,13.43815822,52.54630844
2,2500833,2021,4,18,4,3,0,1,0,1,0,0,0,0,0,0,13.45599126,52.50994739
4,4501153,2021,3,13,4,3,5,2,0,1,1,0,0,0,0,0,13.33119856,52.48725984
11,11300617,2021,5,14,2,2,6,4,0,0,1,1,0,0,0,0,13.47015906,52.53178042
7,7100102,2021,4,19,2,3,2,7,0,1,1,0,0,0,0,0,13.34774537,52.49616185
2,2100106,2021,5,15,2,3,5,7,0,0,1,0,1,0,0,0,13.41969919,52.49671708
4,4300518,2021,5,11,2,2,5,7,0,1,1,0,0,0,0,0,13.30616336,52.52333038
9,9200818,2021,5,18,6,3,1,5,0,1,1,0,0,0,0,1,13.5695221,52.44497503
2,2200211,2021,5,7,5,3,6,4,0,0,0,1,0,0,1,0,13.39439772,52.48596915
11,11501340,2021,4,7,2,3,3,6,0,1,0,0,0,1,0,0,13.52775568,52.48963318
5,5100316,2021,4,7,5,2,0,1,0,0,0,0,1,0,0,0,13.20318766,52.53990673
8,8100312,2021,5,15,4,3,3,6,0,0,1,0,0,0,0,0,13.43996351,52.48158514
2,2200213,2021,5,19,4,3,2,6,0,1,0,0,0,0,1,0,13.42204318,52.49289657
4,4300517,2021,4,15,7,3,0,2,0,1,1,0,0,0,0,0,13.30042261,52.52246707
4,4501146,2021,5,19,7,3,0,5,0,1,0,0,0,0,1,0,13.30579113,52.48570615
6,6100208,2021,4,11,5,3,6,4,0,0,1,1,0,0,0,0,13.33898251,52.45556154
11,11100204,2021,3,15,4,3,5,2,0,1,0,0,0,0,1,0,13.52731017,52.55647429
6,6200423,2021,5,18,1,3,4,6,0,1,1,0,0,0,0,1,13.32151057,52.41797654
6,6400736,2021,4,14,1,2,7,7,0,1,0,0,0,0,0,0,13.20944612,52.41955762
6,6400840,2021,4,16,2,3,2,6,0,0,1,0,0,0,0,0,13.2513729,52.44947446
3,3200206,2021,5,15,2,3,6,7,0,0,1,1,0,0,0,0,13.40522717,52.58158916
1,1100103,2021,5,18,7,3,0,5,0,1,1,0,0,0,0,0,13.36435816,52.50333993
7,7100101,2021,5,17,3,3,2,6,0,0,1,0,0,0,1,0,13.3401099,52.50292728
8,8401139,2021,5,17,6,3,4,5,0,1,1,0,0,0,0,0,13.46109197,52.43617983
6,6100207,2021,5,14,4,3,2,6,0,1,1,0,0,0,0,0,13.33083337,52.45329549
12,12200411,2021,4,18,1,3,2,6,0,0,1,0,0,1,0,1,13.32615736,52.56192454
7,7601546,2021,3,12,4,2,2,6,0,0,1,0,0,0,0,0,13.38248122,52.39708625
11,11501340,2021,5,18,5,2,5,3,0,0,1,0,0,0,1,1,13.53699691,52.48567719
6,6100205,2021,4,15,3,2,6,4,0,0,1,1,0,0,0,0,13.34301264,52.44735837
8,8100208,2021,3,12,1,3,6,4,0,1,0,1,0,0,0,0,13.44142807,52.46974129
8,8200832,2021,4,10,6,3,6,4,0,0,1,1,0,0,0,0,13.42655651,52.41372387
2,2200209,2021,3,8,5,3,5,2,0,1,1,0,0,0,0,0,13.3767109,52.4893963
4,4501043,2021,5,7,3,2,5,2,0,1,0,0,0,1,0,0,13.31392385,52.49047697
5,5100105,2021,5,9,2,3,2,6,0,0,1,0,0,0,1,0,13.20094479,52.55542699
4,4300620,2021,4,10,5,3,0,6,0,0,1,0,0,0,1,1,13.33110415,52.51386235
7,7100102,2021,5,22,7,3,6,2,2,0,1,1,0,0,0,0,13.35367948,52.49992429
10,10100205,2021,4,12,7,2,0,6,0,0,1,0,1,0,0,0,13.53690382,52.54480324
4,4400834,2021,5,13,6,3,5,2,0,1,1,0,0,0,0,0,13.30936496,52.47860566
10,10300734,2021,4,16,2,3,1,3,0,0,1,0,0,0,0,0,13.56765712,52.50533191
2,2100105,2021,4,20,5,3,5,3,2,1,0,0,0,0,1,0,13.41404579,52.50039505
5,5100105,2021,5,12,6,3,5,3,0,0,1,0,0,0,0,1,13.20708689,52.55569906
4,4200310,2021,4,9,4,3,2,6,0,0,1,0,0,1,0,0,13.27205168,52.50892789
7,7601442,2021,3,13,3,3,5,3,0,0,1,0,1,0,0,0,13.40688007,52.40447697
9,9501939,2021,4,14,6,3,5,3,0,1,1,0,0,0,0,0,13.57926925,52.45847206
4,4501153,2021,3,13,6,3,3,6,0,0,1,0,1,0,0,0,13.33120212,52.48710845
7,7300517,2021,5,16,3,3,2,6,0,1,1,0,0,0,0,0,13.33525618,52.47183983
1,1200522,2021,5,22,4,3,5,2,2,1,1,0,0,0,0,0,13.34299235,52.52546384
6,6100103,2021,4,20,5,3,6,2,2,0,1,1,0,0,0,1,13.3103237,52.466974
3,3300413,2021,4,9,5,3,6,4,0,0,1,1,0,0,0,0,13.4790476,52.6076227
3,3701556,2021,4,19,3,3,0,6,0,1,1,0,0,0,0,0,13.4206914,52.53342579
4,4300416,2021,3,11,3,3,3,6,0,1,1,0,0,0,0,0,13.30256538,52.5060643
3,3400724,2021,4,17,6,3,5,2,0,1,1,0,0,0,0,0,13.42872283,52.57797948
1,1300732,2021,5,15,1,2,0,1,0,0,1,0,1,0,0,1,13.38684258,52.55942796
4,4400726,2021,3,14,3,3,3,6,0,0,0,0,1,0,1,0,13.28349931,52.49716675
5,5200423,2021,4,7,2,3,5,7,0,0,0,0,1,1,0,0,13.15805308,52.53316752
10,10200418,2021,5,14,3,3,2,1,0,1,1,0,0,0,0,0,13.58624814,52.53933699
12,12200412,2021,5,16,6,3,2,6,0,0,1,0,0,1,0,1,13.30371532,52.57784718
5,5100105,2021,5,11,4,3,1,5,0,1,1,0,0,0,0,0,13.2059481,52.56215734
4,4200310,2021,5,17,4,3,5,3,0,0,1,0,0,0,0,0,13.26907158,52.51150148
7,7100102,2021,4,17,6,3,1,5,0,1,1,0,0,0,0,0,13.35197458,52.49975492
3,3601244,2021,4,9,5,3,5,3,0,1,1,0,0,0,0,0,13.42701347,52.55220893
5,5100314,2021,5,18,3,3,3,6,0,0,1,0,0,0,0,0,13.20639222,52.54311822
1,1100310,2021,3,10,1,3,5,2,0,0,1,0,0,0,0,0,13.41177225,52.52396604
5,5300841,2021,4,9,5,3,6,7,0,0,0,1,0,0,1,0,13.26998492,52.53654916
1,1300732,2021,3,17,5,3,5,2,0,1,1,0,0,0,0,0,13.38844564,52.56121451
3,3400826,2021,5,7,2,3,6,7,0,0,0,1,0,0,1,0,13.40679959,52.5627114
1,1300733,2021,4,9,2,3,5,3,0,1,1,0,0,0,0,1,13.38405472,52.5554604
12,12500825,2021,5,6,2,3,5,3,0,0,1,0,0,0,0,0,13.31711252,52.58829146
5,5100312,2021,4,13,5,2,5,7,0,0,1,0,0,0,0,1,13.19658395,52.5535036
4,4200311,2021,5,13,1,3,5,2,0,1,1,0,0,0,0,0,13.27807298,52.50674075
8,8200730,2021,5,20,6,2,2,7,0,0,1,0,0,0,0,0,13.43484711,52.42965227
2,2300316,2021,4,15,2,3,5,3,0,0,0,0,1,0,1,0,13.43911829,52.5025479
1,1100415,2021,4,22,5,3,2,7,2,1,1,0,0,0,0,0,13.3971203,52.53247848
8,8100312,2021,4,17,3,3,5,3,0,1,1,0,1,0,0,0,13.43808263,52.49026896
4,4300414,2021,5,12,4,3,1,5,0,1,1,0,0,0,0,0,13.29421798,52.511793
11,11501238,2021,4,13,3,3,0,2,0,1,1,0,0,0,0,0,13.48083142,52.49909009
5,5100316,2021,3,11,3,3,5,2,0,0,1,0,0,0,1,0,13.18965369,52.53687809
5,5200633,2021,4,16,5,3,5,2,0,1,1,0,0,0,0,0,13.18287153,52.51846634
9,9100407,2021,3,16,6,3,2,2,0,0,1,0,0,0,0,0,13.49759011,52.45805039
4,4400728,2021,5,17,3,3,5,3,0,0,1,0,0,0,0,0,13.26571775,52.48335794
2,2400625,2021,5,17,4,3,3,6,0,1,1,0,0,0,0,0,13.43728972,52.5065301
7,7300517,2021,4,15,6,3,6,7,0,0,1,1,0,0,0,0,13.33438895,52.47055324
6,6300632,2021,4,8,3,3,5,3,0,1,1,0,0,0,0,0,13.28896373,52.42950489
12,12200309,2021,5,11,6,2,6,4,0,0,1,1,0,0,0,0,13.3285849,52.56574183
1,1401049,2021,4,9,3,3,5,2,0,1,1,0,0,0,0,0,13.36540161,52.55711013
1,1300836,2021,3,12,3,2,5,3,0,0,1,0,0,0,0,0,13.37549748,52.54234081