BEZ,LOR_ab_2021,UJAHR,UMONAT,USTUNDE,UWOCHENTAG,UKATEGORIE,UART,UTYP1,ULICHTVERH,IstRad,IstPKW,IstFuss,IstKrad,IstGkfz,IstSonstige,USTRZUSTAND,XGCSWGS84,YGCSWGS84
2,2100102,2021,1,7,3,2,5,3,2,0,1,0,0,0,0,1,13.39443787,52.50696443
4,4200310,2021,2,19,2,2,1,1,2,0,1,0,0,0,0,0,13.2608685,52.51606264
7,7601544,2021,3,10,3,3,5,2,0,1,0,0,1,0,0,0,13.40287409,52.39405316
2,2500728,2021,3,15,4,3,6,4,0,1,0,1,0,0,0,0,13.46705582,52.52023835
12,12200515,2021,1,14,4,3,3,2,0,0,1,0,0,0,1,0,13.28809794,52.58889062
8,8100520,2021,2,14,2,3,3,2,0,0,1,0,0,0,0,1,13.4646103,52.47038691
2,2300316,2021,3,16,2,3,0,3,0,0,1,0,1,0,0,0,13.43189253,52.50566069
4,4500936,2021,1,18,4,3,6,2,2,0,1,1,0,0,0,1,13.3043325,52.50376865
2,2500831,2021,3,12,6,3,3,6,0,1,0,0,0,1,0,0,13.46644308,52.50875005
7,7501031,2021,2,12,4,3,5,7,0,0,1,0,0,0,1,1,13.39274993,52.45297187
5,5100105,2021,2,12,6,3,5,3,0,1,1,0,0,0,0,0,13.20827786,52.56200495
5,5300840,2021,1,13,2,3,2,6,0,0,1,0,1,0,0,0,13.26042523,52.53701137
1,1100103,2021,3,18,5,2,6,4,1,0,0,1,1,0,0,0,13.35159241,52.50520657
3,3400721,2021,3,13,6,2,5,2,0,1,1,0,0,0,0,0,13.39491627,52.5653385
11,11300722,2021,3,14,2,3,1,5,0,1,1,0,0,0,0,0,13.47497003,52.52043813
4,4300414,2021,1,11,3,3,5,3,0,0,1,0,0,0,0,1,13.29612736,52.51692869
1,1400938,2021,1,20,3,3,5,3,2,0,1,0,0,0,0,1,13.34379774,52.5534275
9,9200511,2021,2,5,2,2,5,3,2,0,1,0,1,0,0,0,13.5323487,52.46169008
3,3400620,2021,3,22,1,2,5,2,2,0,1,0,0,0,0,1,13.38018445,52.57499382
11,11401033,2021,1,7,5,2,6,2,2,0,1,1,0,0,0,1,13.52452603,52.51370453
9,9100202,2021,2,13,1,3,5,7,0,0,1,0,0,0,0,2,13.46416719,52.48551397
10,10100104,2021,2,21,7,3,1,5,2,0,0,0,0,1,1,0,13.57714377,52.57219057
2,2100104,2021,1,6,4,3,5,3,2,1,1,0,0,0,0,1,13.41097559,52.50391409
7,7501029,2021,3,12,4,3,2,6,0,1,0,0,0,0,1,0,13.37885992,52.44958398
11,11100206,2021,2,5,3,3,5,2,2,0,1,0,0,0,0,1,13.50331281,52.57582977
6,6200314,2021,1,12,4,3,0,5,0,0,1,0,1,0,0,0,13.33754929,52.43158818
2,2100106,2021,1,13,5,3,0,1,0,1,0,0,0,0,0,2,13.41417514,52.49844383
10,10400938,2021,3,12,6,3,5,3,0,0,1,0,0,0,0,0,13.63284361,52.52987353
10,10100311,2021,2,13,2,3,5,2,0,0,1,0,0,0,0,0,13.51750984,52.53540929
3,3300514,2021,3,10,2,3,5,3,0,0,1,0,0,0,0,0,13.46722572,52.59705925
11,11300619,2021,3,13,5,3,5,3,0,1,1,0,0,0,0,0,13.47707311,52.52426703
6,6400840,2021,2,13,5,3,0,1,0,1,1,0,0,0,0,1,13.24924135,52.45184463
7,7601341,2021,3,21,3,3,2,6,2,0,1,0,0,0,0,0,13.37557162,52.40907055
12,12500825,2021,1,15,5,3,2,6,1,0,1,0,0,0,0,1,13.31616463,52.58669147
1,1300733,2021,2,19,4,3,6,4,2,0,1,1,0,0,0,1,13.38179564,52.55263241
12,12601133,2021,2,15,2,3,5,3,0,0,1,0,0,0,0,2,13.36783077,52.60274579
12,12100205,2021,3,10,7,2,2,6,0,0,1,0,0,0,1,0,13.36318633,52.58037326
4,4200311,2021,2,14,4,3,5,3,0,1,0,0,0,0,0,0,13.28074429,52.50646761
8,8100105,2021,1,13,1,2,9,7,0,0,1,1,0,0,1,1,13.4319876,52.46634917
4,4501147,2021,3,21,5,3,6,4,2,0,1,1,0,0,0,1,13.31447839,52.49014466
11,11100206,2021,3,17,1,3,5,3,0,1,1,0,0,0,0,1,13.50966221,52.57214734
9,9100101,2021,3,10,2,2,5,3,0,1,1,0,0,0,0,0,13.45052654,52.49138231
2,2500831,2021,2,14,6,3,6,4,0,1,0,1,0,0,0,0,13.46721438,52.51267984
1,1100104,2021,1,14,7,3,9,7,0,0,1,0,0,0,0,0,13.3629383,52.49970112
8,8200726,2021,1,14,3,3,5,2,0,1,1,0,0,0,0,1,13.44988181,52.44555219
3,3701555,2021,1,14,3,3,1,5,0,1,1,0,0,0,0,1,13.41805169,52.53830235
5,5200528,2021,2,9,5,3,2,6,0,0,1,0,0,0,0,1,13.1828244,52.5128332
11,11200411,2021,3,15,3,2,5,2,0,1,1,0,0,0,0,0,13.50812633,52.54853271
1,1100206,2021,1,14,3,3,0,1,0,1,0,0,0,0,0,0,13.39169744,52.51222713
4,4501148,2021,2,9,3,3,5,2,0,0,1,0,0,0,0,2,13.31279614,52.48047312
1,1100308,2021,2,20,5,3,5,3,2,1,1,0,0,0,0,0,13.37975939,52.52261569
5,5100313,2021,1,13,2,2,3,6,0,1,1,0,0,0,0,0,13.207501,52.55507856
4,4501042,2021,3,14,4,3,1,5,0,0,0,0,1,0,1,0,13.33879181,52.50516113
2,2200210,2021,2,17,6,3,5,3,2,0,1,0,0,0,0,1,13.39640523,52.4912485
9,9501939,2021,3,18,2,3,2,6,2,0,1,0,0,0,0,0,13.55951268,52.45593709
8,8100520,2021,1,17,2,3,6,2,2,0,0,1,0,1,0,1,13.46437881,52.47021427
1,1300835,2021,1,8,3,3,6,4,0,0,0,1,0,0,1,0,13.38450834,52.53834055
7,7601340,2021,2,14,1,3,6,2,0,0,1,1,0,0,0,0,13.361259,52.41260135
2,2300419,2021,3,8,3,3,6,4,0,0,1,1,0,0,0,0,13.44338258,52.50032485
7,7601237,2021,3,16,4,2,5,3,0,0,1,0,1,0,0,0,13.37400369,52.42138946
2,2200210,2021,2,11,7,3,5,7,0,0,1,0,0,0,0,0,13.40043723,52.49432337
4,4400831,2021,2,11,7,3,5,3,0,0,1,0,0,0,0,0,13.28762364,52.47570342
8,8100208,2021,1,12,4,3,5,3,0,0,1,0,0,0,0,1,13.43441362,52.47257343
4,4100102,2021,3,17,5,3,2,2,1,0,1,0,0,0,1,0,13.29441235,52.53440873
4,4100101,2021,2,15,3,3,5,2,0,0,1,0,0,0,0,1,13.32623697,52.53803842
2,2100101,2021,1,10,4,3,5,3,0,0,1,0,0,0,1,0,13.38246276,52.50452726
8,8100419,2021,3,19,5,3,6,2,2,0,1,1,0,0,0,1,13.44884685,52.48504836
6,6400735,2021,2,15,3,3,5,3,0,1,1,0,0,0,0,0,13.15056063,52.41841925
12,12400618,2021,3,13,4,3,2,2,0,0,1,0,0,0,0,0,13.23996583,52.61880108
5,5200526,2021,3,10,5,3,3,6,0,0,1,0,0,0,0,1,13.15877833,52.52091376
2,2200210,2021,2,17,3,3,6,4,2,1,1,1,0,0,0,2,13.39523845,52.49712077
5,5100209,2021,3,19,3,3,5,2,2,0,1,0,0,0,1,0,13.18450965,52.54763223
4,4400726,2021,1,14,5,3,2,6,0,0,1,0,0,0,0,0,13.28513533,52.49488487
4,4200308,2021,2,10,4,3,0,1,0,0,1,0,0,0,0,1,13.28263871,52.51863133
6,6200423,2021,3,18,1,3,0,7,2,0,1,0,0,0,0,1,13.34360491,52.41553756
2,2200210,2021,3,14,4,3,6,7,0,0,1,1,0,0,0,0,13.40071262,52.49427775
6,6400840,2021,2,11,3,3,5,3,0,0,1,0,0,0,0,1,13.26045236,52.44443575
3,3200309,2021,2,14,6,3,5,3,0,0,1,0,0,0,0,2,13.43786063,52.59300033
10,10200421,2021,1,14,5,3,2,7,0,0,1,0,0,0,0,0,13.60419668,52.53893994
5,5200423,2021,1,6,5,2,6,2,1,0,1,1,0,0,0,2,13.14154369,52.53235254
4,4501044,2021,3,16,5,3,5,3,0,1,1,0,0,0,0,0,13.32172781,52.49288129
10,10100316,2021,2,16,3,3,2,6,0,0,1,0,0,0,0,0,13.57211165,52.5461523
9,9200715,2021,3,8,4,3,2,6,0,0,1,0,0,0,0,0,13.5486023,52.42763882
1,1100416,2021,1,19,5,3,2,6,2,1,1,0,0,0,0,0,13.40502561,52.5339037
11,11300721,2021,3,6,5,3,0,1,1,1,0,0,0,0,0,1,13.48666906,52.52664918
6,6200423,2021,2,7,5,3,2,6,0,0,1,0,0,0,0,1,13.32229121,52.41038573
12,12500927,2021,3,16,3,3,6,7,0,1,0,1,0,0,0,0,13.32597123,52.5923007
3,3601245,2021,1,16,5,3,3,6,1,1,0,0,0,1,0,1,13.43878047,52.54794457
7,7100102,2021,2,12,5,3,5,2,0,0,1,0,0,0,0,1,13.34627041,52.50107232
5,5100317,2021,2,6,2,3,6,7,2,0,1,1,0,0,0,1,13.22821388,52.53007557
1,1100414,2021,3,8,7,3,1,5,0,1,1,0,0,0,0,0,13.38343225,52.53397163
1,1200520,2021,2,14,4,2,4,6,0,1,0,0,0,0,0,0,13.34203037,52.52626933
3,3601449,2021,1,14,1,3,1,5,0,1,1,0,0,0,0,1,13.44563683,52.53883238
3,3400723,2021,3,16,6,3,0,4,0,0,0,1,0,0,1,0,13.40928824,52.56642148
1,1100104,2021,2,21,1,3,5,3,2,0,1,0,0,0,0,2,13.36280782,52.4997229
9,9501737,2021,3,8,7,3,5,2,0,1,1,0,0,0,0,1,13.62169812,52.45061883
6,6300634,2021,3,13,7,3,3,6,0,1,1,0,0,0,0,0,13.30005231,52.43992245
2,2200208,2021,2,13,7,3,0,2,0,1,0,0,0,0,1,0,13.37966859,52.49429834
12,12100101,2021,1,11,6,3,1,7,0,0,1,1,0,0,0,1,13.37074077,52.5630257
1,1300732,2021,1,14,2,2,5,2,0,1,1,0,0,0,0,1,13.38715811,52.5597998
1,1100415,2021,2,15,1,3,2,2,0,1,0,0,0,0,1,0,13.38325952,52.53063536
5,5300840,2021,3,17,3,3,2,6,1,0,1,0,0,0,0,0,13.27981651,52.53432296
4,4100102,2021,1,18,3,3,3,2,2,0,1,0,0,0,0,1,13.29385608,52.53476839
5,5400945,2021,2,14,2,3,1,5,0,0,1,0,0,0,0,2,13.13287979,52.45106783
8,8200730,2021,2,17,6,3,5,3,0,0,1,0,0,0,1,0,13.43478852,52.43923971
12,12500930,2021,1,9,3,3,5,2,0,0,1,0,0,0,0,1,13.31543439,52.57783744
12,12400721,2021,3,15,4,3,6,4,0,0,1,1,0,0,0,0,13.29536507,52.62876091
7,7400927,2021,1,15,6,3,5,7,0,0,1,0,0,0,0,0,13.3884382,52.45674805
12,12500824,2021,1,13,3,3,5,2,0,1,0,0,0,1,0,1,13.28539402,52.59482019
8,8100417,2021,1,9,3,3,5,2,0,1,1,0,0,0,0,1,13.45244174,52.47283818
5,5100210,2021,2,15,1,3,5,2,0,1,1,0,0,0,0,0,13.18788832,52.54700248
10,10100311,2021,3,16,2,3,5,2,0,1,1,0,0,0,0,1,13.51895151,52.5314907
6,6100209,2021,3,18,3,3,5,2,2,1,1,0,0,0,0,0,13.33886604,52.46451464
5,5200525,2021,2,14,1,3,0,7,0,0,1,0,0,0,1,0,13.15055349,52.52295421
6,6100209,2021,2,15,7,3,5,3,0,1,1,0,0,0,0,0,13.32997657,52.46443812
12,12400618,2021,1,13,4,2,6,2,0,0,1,1,0,0,0,1,13.24483566,52.61445463
7,7601236,2021,2,17,3,3,6,2,2,0,1,1,0,0,0,1,13.36792922,52.41896813
8,8200831,2021,1,8,4,2,0,1,0,1,0,0,0,0,0,1,13.40591121,52.41559563
5,5300841,2021,3,14,6,3,5,3,0,1,1,0,0,0,0,0,13.26840173,52.53675635
4,4200310,2021,2,12,1,3,3,6,0,0,1,0,0,0,0,2,13.27052828,52.51063692
8,8200623,2021,2,17,3,3,0,1,1,0,0,0,1,0,0,0,13.45165306,52.45253029
6,6100102,2021,1,11,1,3,5,3,0,1,1,0,0,0,0,1,13.32394951,52.4560999
11,11200411,2021,3,7,4,3,5,3,0,1,1,0,0,0,0,0,13.51184392,52.54648049
12,12601235,2021,3,16,5,2,6,4,0,0,1,1,0,0,0,1,13.36492651,52.597145
11,11200513,2021,3,23,6,2,5,3,2,0,1,0,0,0,1,0,13.49489678,52.54206726
9,9200511,2021,2,14,4,3,0,4,0,0,0,1,0,0,1,1,13.51748439,52.4616639
9,9200716,2021,3,13,2,3,5,3,0,1,1,0,0,0,0,0,13.54515056,52.43433854
10,10100205,2021,1,21,5,2,9,7,2,0,1,0,0,0,0,1,13.53907447,52.55428271
9,9100408,2021,2,13,4,2,0,1,0,0,0,0,1,0,0,1,13.50524698,52.44479673
12,12200307,2021,1,10,5,3,6,4,0,0,1,1,0,0,0,1,13.32978083,52.56913584
1,1100101,2021,3,8,7,2,6,7,0,0,1,1,0,0,0,0,13.3444765,52.50436914
9,9100407,2021,2,20,4,3,8,1,2,0,0,0,1,0,0,0,13.49750546,52.45809045
5,5100208,2021,1,18,1,3,6,2,2,0,1,1,0,0,0,1,13.16531327,52.55126224
1,1300835,2021,3,15,6,2,2,6,0,1,0,0,0,0,0,1,13.38840785,52.53399059
7,7601442,2021,3,12,7,3,5,2,0,0,1,0,0,0,0,1,13.40623865,52.40437741
3,3500933,2021,1,15,6,3,6,4,0,0,1,1,0,0,0,1,13.45292168,52.55186233
1,1100310,2021,1,11,1,2,5,2,0,0,1,0,1,0,0,0,13.41182226,52.52396765
9,9100304,2021,2,6,1,3,1,5,1,0,1,0,0,0,0,0,13.48500082,52.46704747
1,1100207,2021,3,19,1,3,2,6,2,0,1,0,0,0,1,1,13.4048491,52.51353234
8,8100102,2021,1,14,3,2,6,2,0,0,0,1,0,0,1,0,13.426346,52.47754794
10,10400939,2021,2,13,2,3,6,4,0,0,1,1,0,0,0,2,13.61222667,52.51185988
2,2100104,2021,2,18,5,2,5,2,2,0,1,0,0,0,1,0,13.40932199,52.50172909
8,8100415,2021,1,7,4,3,2,2,2,0,1,0,0,1,0,1,13.44812448,52.47765568
5,5100206,2021,3,6,4,3,2,6,0,0,1,0,1,0,0,0,13.1578742,52.5613587
1,1100415,2021,1,14,7,3,5,2,0,0,1,0,0,0,0,1,13.39893273,52.53254512
1,1100207,2021,2,10,5,3,5,3,0,1,1,0,0,0,0,0,13.39422235,52.50789917
1,1300733,2021,1,13,7,3,5,2,0,1,1,0,0,0,0,1,13.38478693,52.55064062
4,4100102,2021,3,6,5,3,2,6,0,0,1,0,0,0,0,1,13.29712916,52.53454852
8,8200832,2021,2,17,1,3,4,5,2,0,1,0,0,0,0,2,13.43513611,52.42686173
1,1100308,2021,3,7,7,3,1,5,0,0,1,0,0,0,0,1,13.38290655,52.52311373
3,3200205,2021,3,12,2,3,6,4,0,0,1,1,0,0,0,0,13.39198248,52.58393009
4,4200310,2021,2,12,6,3,5,3,0,0,1,0,0,0,0,0,13.27390367,52.50968098
5,5100103,2021,1,17,7,2,6,4,2,0,1,1,0,0,0,0,13.21307875,52.56164255
6,6100101,2021,1,7,2,3,5,3,0,0,1,0,0,0,0,1,13.31868737,52.45446522
3,3701660,2021,2,10,6,2,5,3,0,1,0,0,0,0,1,0,13.43074653,52.53450049
2,2500835,2021,3,15,2,3,5,2,0,1,1,0,0,0,0,0,13.46608437,52.49997034
5,5300736,2021,2,19,3,3,1,5,2,0,1,0,0,0,0,1,13.22531149,52.53755195
7,7200410,2021,2,9,5,3,6,4,0,1,0,1,0,0,0,0,13.35611576,52.48597528
1,1100206,2021,1,8,2,3,0,2,0,1,1,0,0,0,0,1,13.3804334,52.51811757
3,3400725,2021,3,16,4,3,5,2,0,0,1,0,1,0,0,0,13.42708346,52.58735669
3,3200205,2021,1,15,7,3,5,3,0,0,1,0,0,0,0,1,13.40269794,52.60065823
1,1401045,2021,1,12,3,3,5,7,0,0,0,0,0,1,1,1,13.37978713,52.55607929
10,10100209,2021,1,10,3,3,5,3,0,0,1,0,0,0,0,1,13.57357341,52.55241006
5,5400943,2021,2,20,1,3,8,1,2,0,1,0,0,0,0,0,13.14168251,52.45543258
9,9401534,2021,3,15,3,3,0,7,0,0,1,0,0,0,0,0,13.5755264,52.44550589
7,7501133,2021,3,14,4,3,5,3,0,0,1,0,0,0,0,0,13.37127522,52.43647208
9,9200512,2021,2,8,2,3,2,6,0,0,1,0,0,0,0,1,13.54219461,52.45777954
9,9200510,2021,3,0,2,3,5,3,2,1,1,0,0,0,0,0,13.50708375,52.46326252
3,3500934,2021,1,9,3,3,6,4,0,0,1,1,0,0,0,1,13.44300053,52.55141963
10,10100206,2021,2,15,3,3,2,6,0,0,1,0,0,0,0,1,13.5668268,52.55598398
10,10200525,2021,1,16,5,3,2,6,1,0,1,0,0,0,0,1,13.61532747,52.5316394
4,4300412,2021,3,13,6,3,3,6,0,0,1,0,0,0,0,0,13.29880237,52.51951557
3,3601141,2021,3,8,6,3,5,2,0,1,1,0,0,0,0,1,13.40863952,52.55394606
1,1300733,2021,2,15,1,3,2,6,0,0,1,0,0,0,0,2,13.38410022,52.55552524
9,9200717,2021,2,15,3,3,0,6,0,1,0,0,0,1,0,0,13.54922197,52.4383264
1,1100206,2021,1,11,7,3,5,2,0,1,0,0,0,0,1,1,13.38067079,52.51662448
8,8100104,2021,3,23,4,2,5,3,2,1,1,0,0,0,0,1,13.4311478,52.4677897
4,4300416,2021,3,12,6,2,5,3,0,0,1,0,0,0,0,0,13.3029661,52.50553435
11,11300619,2021,3,11,6,3,6,7,0,0,0,1,0,0,1,1,13.47166356,52.52723976
12,12400722,2021,2,12,5,3,1,5,0,0,1,0,0,0,0,0,13.30689775,52.61688582
4,4501045,2021,1,13,1,3,5,3,0,0,1,0,0,0,0,0,13.33097146,52.49513828
3,3100103,2021,3,15,3,2,6,4,0,0,1,1,0,0,0,0,13.49253911,52.62331059
12,12200412,2021,1,20,1,3,6,2,2,0,1,1,0,0,0,0,13.294794,52.57650747
4,4501150,2021,2,19,4,3,6,2,2,0,1,1,0,0,0,1,13.32274784,52.48643807
2,2200213,2021,3,7,6,3,2,7,0,0,1,0,0,0,0,0,13.42013981,52.48988853
3,3601348,2021,2,16,4,3,5,3,0,0,1,0,0,0,0,2,13.42264,52.5415198
5,5200420,2021,2,11,6,3,2,6,0,0,1,0,0,0,0,1,13.17131856,52.53369407
3,3300517,2021,1,9,2,3,5,2,0,1,1,0,0,0,0,1,13.47692929,52.56699518
3,3601348,2021,3,9,5,3,1,5,0,1,1,0,0,0,0,0,13.42364306,52.54347835
11,11100308,2021,3,13,6,3,6,4,0,0,0,1,0,0,1,0,13.50384388,52.56426721
11,11100309,2021,3,9,2,3,2,6,0,0,1,0,0,0,0,0,13.50692713,52.56403083
11,11100101,2021,1,10,3,3,2,6,0,0,1,0,0,0,0,1,13.48583977,52.57730025
7,7100206,2021,1,18,4,3,0,2,2,0,1,0,0,0,1,1,13.36084241,52.4913215
5,5200528,2021,2,13,2,2,0,2,0,0,1,0,0,0,1,0,13.18462454,52.51536777
6,6400841,2021,3,12,2,3,5,3,0,0,1,0,0,0,0,0,13.27029822,52.44235093
6,6100205,2021,1,16,4,3,5,3,1,1,1,0,0,0,0,0,13.35371856,52.44542493
12,12100205,2021,2,20,7,2,1,1,2,0,1,0,0,1,0,1,13.35586004,52.57758772
7,7200410,2021,3,15,2,3,6,4,0,0,1,1,0,0,0,0,13.35338249,52.48106625
2,2200209,2021,1,14,4,3,1,5,0,1,1,0,0,0,0,1,13.37586754,52.48773779
12,12400617,2021,3,13,4,3,0,7,0,1,0,0,0,0,0,0,13.21661469,52.61118701
6,6300528,2021,1,12,6,3,5,2,0,1,1,0,0,0,0,2,13.25997889,52.42818265
7,7601341,2021,1,17,4,3,3,6,2,0,1,0,0,0,0,0,13.37844468,52.409766
8,8100521,2021,1,6,5,3,5,3,2,1,1,0,0,0,0,2,13.45397933,52.46920807
2,2200212,2021,2,10,3,2,6,4,0,0,1,1,0,0,0,0,13.4211901,52.48719314
1,1100313,2021,3,11,2,2,4,6,0,1,0,0,0,1,0,0,13.4253673,52.50855769
1,1300835,2021,3,15,4,3,6,4,0,0,1,1,0,0,0,0,13.38607448,52.53882998
6,6100204,2021,2,6,4,3,5,7,2,0,1,0,1,0,0,1,13.34818067,52.45149479
5,5200629,2021,3,16,3,3,2,6,0,0,1,0,0,1,0,0,13.2001385,52.53247224
4,4400834,2021,1,17,5,3,6,4,2,1,0,1,0,0,0,1,13.31092252,52.47945108
2,2100101,2021,2,3,2,3,0,1,2,0,0,0,0,0,1,2,13.38861745,52.4994603
12,12200310,2021,3,19,6,3,5,2,2,1,1,0,0,0,0,0,13.31117143,52.5698166
12,12500825,2021,2,14,5,3,6,4,0,0,1,1,0,0,0,0,13.29984373,52.58325118
12,12100102,2021,1,11,6,3,5,3,0,0,1,0,0,1,0,0,13.37930854,52.56989083
7,7400927,2021,1,16,3,3,2,6,1,0,1,0,0,0,1,1,13.39311962,52.45789558
1,1100309,2021,1,18,4,3,1,5,2,1,1,0,0,0,0,1,13.39331232,52.52680762
4,4400830,2021,2,16,2,3,0,7,0,1,0,0,0,0,0,0,13.30728287,52.47951424
4,7300515,2021,3,19,3,3,2,6,2,0,1,0,0,0,1,0,13.32043654,52.4715959
11,11501339,2021,3,18,4,3,0,2,2,0,1,0,1,0,0,0,13.51317446,52.48935529
2,2400521,2021,2,20,2,2,6,4,2,0,1,1,0,0,0,2,13.43369945,52.52332087
8,8100415,2021,2,14,1,3,2,6,0,0,1,0,0,0,0,0,13.44051114,52.48158371
4,4501042,2021,1,15,7,3,2,6,0,0,1,0,0,0,0,0,13.3384784,52.50334644
6,6300524,2021,2,10,2,3,5,2,0,1,1,0,0,0,0,2,13.24025442,52.42449855
7,7100205,2021,1,10,5,3,0,2,0,0,0,0,0,0,1,0,13.36210207,52.49768312
6,6400841,2021,3,14,5,3,5,3,0,1,1,0,0,0,0,0,13.2679283,52.44546693
9,9300922,2021,3,9,6,2,4,5,0,0,1,0,0,0,0,1,13.52828885,52.40259718
3,3500934,2021,2,14,4,3,5,3,0,1,1,0,0,0,0,0,13.44170893,52.55004821
2,2200211,2021,1,13,6,3,2,6,0,0,1,0,0,0,1,0,13.38877657,52.48982283
9,9200613,2021,3,16,4,2,1,5,0,1,1,0,0,0,0,0,13.52377616,52.45284235
11,11401033,2021,1,0,5,2,0,7,2,0,1,0,0,0,0,1,13.52390015,52.51306872
9,9100305,2021,3,5,6,2,5,2,2,0,1,0,0,0,1,1,13.49127529,52.46907301
12,12400720,2021,2,9,6,3,5,7,0,0,1,0,0,0,0,0,13.2874061,52.63317639
9,9200715,2021,3,11,1,3,2,6,0,0,1,0,0,0,0,1,13.52624212,52.42647586
4,4200308,2021,2,14,5,3,3,2,0,0,1,0,0,0,0,0,13.2833818,52.51851702
12,12100204,2021,1,7,6,3,5,3,2,0,1,0,0,0,0,1,13.35987979,52.56200021
8,8401246,2021,3,15,3,3,5,2,0,1,0,0,1,0,0,0,13.51565314,52.42084698
8,8100208,2021,1,17,2,3,2,6,2,0,0,0,0,0,1,1,13.44119424,52.47222244
1,1100308,2021,2,12,4,3,1,5,0,1,1,0,0,0,0,1,13.3863397,52.52795179
3,3400724,2021,3,17,6,3,5,3,1,1,1,0,0,0,0,0,13.42891958,52.57909878
3,3500934,2021,2,11,5,3,2,6,0,0,1,0,0,1,0,2,13.4411162,52.54941664
9,9100409,2021,2,15,5,3,5,3,0,0,1,0,0,0,1,0,13.51729212,52.42864564
1,1100207,2021,1,9,3,3,5,3,0,1,1,0,0,0,0,0,13.39894011,52.50822701
1,1400942,2021,3,15,5,3,5,3,0,0,1,0,0,0,0,0,13.34603745,52.54487012
10,10100104,2021,3,19,7,3,6,4,2,0,1,1,0,0,0,1,13.57928735,52.56358904
7,7501029,2021,3,12,2,3,5,2,0,0,1,0,0,0,1,0,13.37906392,52.44813057
6,6400843,2021,1,18,3,3,6,4,2,0,1,1,0,0,0,1,13.2985805,52.45766481
1,1400937,2021,1,14,4,3,5,2,0,0,1,0,0,0,0,0,13.33729518,52.55861569
4,4400728,2021,2,10,2,3,5,2,0,1,1,0,0,0,0,0,13.28089926,52.47667826
9,9200614,2021,3,19,2,3,5,3,2,1,1,0,0,0,0,1,13.53900372,52.45098344
1,1100312,2021,3,12,5,3,1,5,0,1,1,0,0,0,0,1,13.41066179,52.51008123
12,12200309,2021,1,5,4,3,1,5,2,1,1,0,0,0,0,1,13.32383063,52.56504693
10,10200629,2021,2,13,7,3,5,3,0,0,1,0,0,0,0,1,13.58623826,52.51675559
10,10200627,2021,2,14,7,2,6,4,0,0,1,1,0,0,0,0,13.58838783,52.52957056
12,12500824,2021,1,17,4,3,1,5,2,0,1,0,0,1,0,1,13.29156087,52.59353928
3,3400721,2021,3,15,4,3,6,7,0,0,1,1,0,0,0,0,13.39721598,52.56225307
12,12200411,2021,2,20,3,3,5,3,2,0,1,0,0,0,0,1,13.32174163,52.56049311
12,12601235,2021,1,15,4,3,5,2,0,0,1,0,0,0,0,0,13.36051968,52.59689484
4,4100101,2021,1,15,4,2,0,7,0,0,1,0,1,0,0,1,13.2784727,52.53688762
12,12200309,2021,3,13,6,3,2,6,0,0,1,0,0,0,1,0,13.31704441,52.56677878
9,9100306,2021,2,8,3,3,2,6,0,0,1,0,0,0,0,0,13.4778509,52.44651673
1,1100310,2021,3,19,4,3,5,7,2,1,1,0,0,0,0,0,13.40686153,52.51826683
11,11300722,2021,3,20,5,2,5,3,2,0,1,0,0,0,1,1,13.47327343,52.52299119
3,3601450,2021,2,6,5,3,3,6,2,0,1,0,0,0,0,1,13.45230138,52.53440436
12,12200412,2021,3,15,3,3,6,2,0,0,1,1,0,0,0,0,13.29172358,52.58265822
9,9501941,2021,1,12,6,3,2,2,0,0,1,0,0,0,0,1,13.59329745,52.45162865
2,2500831,2021,2,18,3,3,5,2,2,0,1,0,1,0,0,1,13.46371611,52.51070134
11,11400929,2021,3,18,7,3,5,3,1,0,1,0,0,0,0,0,13.48842259,52.50223181
11,11200515,2021,2,7,4,3,5,3,0,1,1,0,0,0,0,0,13.5153728,52.53753165
4,4500936,2021,1,16,6,3,5,3,1,0,1,0,0,0,0,0,13.30695113,52.50005452
8,8100104,2021,3,8,5,1,5,2,0,1,0,0,0,1,0,0,13.42115515,52.46677666
8,8100314,2021,3,17,7,3,6,2,1,0,1,1,0,0,0,1,13.42401022,52.48652625
3,3100101,2021,3,9,2,3,5,3,0,0,1,0,0,1,0,0,13.4405482,52.63699678
11,11100204,2021,2,14,7,3,6,4,0,0,1,1,0,0,0,0,13.52018914,52.56625493
10,10100312,2021,1,4,1,3,9,1,2,0,1,0,0,0,0,0,13.54011855,52.52582621
9,9100101,2021,1,17,3,3,5,2,2,1,0,0,0,0,1,1,13.45395608,52.48897407
6,6300633,2021,1,14,4,2,6,4,0,0,1,1,0,0,0,0,13.31520713,52.4473819
2,2500833,2021,2,13,7,2,2,7,0,0,1,0,1,0,0,0,13.45793999,52.50965458
1,1100415,2021,3,17,3,2,2,7,0,0,1,0,1,0,0,0,13.39976509,52.53151917
3,3500936,2021,1,13,3,1,6,4,0,0,0,1,0,0,1,0,13.46645637,52.55082607
4,4500936,2021,2,18,4,3,3,6,2,0,1,0,0,0,0,2,13.30504857,52.50269252
1,1200624,2021,2,19,5,3,5,2,2,1,1,0,0,0,0,0,13.36033767,52.53724679