BEZ,LOR_ab_2021,UJAHR,UMONAT,USTUNDE,UWOCHENTAG,UKATEGORIE,UART,UTYP1,ULICHTVERH,IstRad,IstPKW,IstFuss,IstKrad,IstGkfz,IstSonstige,USTRZUSTAND,XGCSWGS84,YGCSWGS84
2,2400521,2021,1,14,3,3,5,3,0,1,1,0,0,0,0,0,13.44068485,52.51727064
8,8100417,2021,2,16,6,3,5,2,0,0,1,0,0,0,1,0,13.45027192,52.4707499
9,9301227,2021,3,15,2,3,6,7,0,0,1,1,0,0,0,0,13.63448877,52.38701856
6,6100102,2021,1,15,3,2,6,7,0,0,1,1,0,0,0,0,13.3231648,52.45888596
1,1300733,2021,2,9,5,3,5,2,0,1,1,0,0,0,0,1,13.38353622,52.55503029
6,6400844,2021,3,10,7,2,0,7,0,1,1,0,0,0,0,0,13.29635601,52.46462501
4,4200308,2021,2,13,4,3,2,6,0,0,1,0,0,0,1,0,13.27263657,52.51931954
6,6100209,2021,1,18,1,3,1,1,2,0,1,0,0,0,0,1,13.33015852,52.4646008
2,2400623,2021,3,15,6,3,5,3,0,1,1,0,0,0,0,1,13.4403913,52.51585852
2,2300419,2021,3,15,6,3,0,7,0,0,0,0,0,0,1,0,13.44293461,52.50055632
2,2300314,2021,3,18,7,3,1,5,2,1,1,0,0,0,0,0,13.41873172,52.50143436
9,9401534,2021,2,8,7,3,0,1,0,1,0,0,0,0,0,0,13.58054827,52.44337138
8,8100521,2021,1,7,5,2,6,4,2,0,0,1,0,1,0,1,13.46495474,52.46416314
2,2100102,2021,1,19,7,3,5,3,2,0,1,0,0,0,1,0,13.39460988,52.50455939
3,3601142,2021,1,9,4,2,0,3,0,0,1,0,0,0,1,1,13.41346593,52.5476563
8,8200623,2021,2,14,7,3,5,2,0,0,1,0,0,0,0,0,13.45213038,52.45265206
4,4300416,2021,3,15,3,3,1,5,0,1,1,0,0,0,0,0,13.30228083,52.50761036
3,3200207,2021,1,10,3,3,4,1,0,0,1,0,0,0,0,2,13.42562384,52.59485217
10,10200421,2021,2,18,5,3,6,4,2,0,1,1,0,0,0,1,13.60705861,52.53893574
3,3601449,2021,2,11,5,3,5,3,0,1,1,0,0,0,0,0,13.45551096,52.54138397
8,8401242,2021,1,16,2,3,3,6,1,0,1,0,0,0,0,0,13.48994727,52.41999794
2,2300316,2021,3,13,4,3,5,7,0,1,1,0,0,0,0,0,13.42880402,52.50398633
9,9200819,2021,1,6,6,3,2,6,2,0,1,0,0,0,0,0,13.56202911,52.43738629
2,2400624,2021,1,17,2,3,5,3,2,0,1,0,0,0,1,1,13.44926132,52.50807045
12,12100204,2021,1,12,4,3,2,6,0,0,1,0,0,0,0,0,13.35873088,52.56200506
7,7400826,2021,2,13,1,3,5,3,0,0,1,0,0,0,1,0,13.3772961,52.45367178
10,10100311,2021,3,11,3,3,2,6,0,0,1,0,1,0,0,0,13.51797712,52.5355307
4,4501146,2021,3,15,4,3,5,3,0,0,1,0,0,0,0,0,13.31247992,52.48853803
10,10100312,2021,2,8,6,3,6,6,0,0,1,1,0,0,0,2,13.54479356,52.52237848
1,1300732,2021,2,17,7,3,6,4,1,0,1,1,0,0,0,0,13.3918555,52.55775459
7,7400927,2021,1,18,4,3,5,2,2,0,1,0,0,0,0,1,13.40017836,52.45913681
5,5100316,2021,2,17,3,3,2,6,2,0,1,0,0,0,0,1,13.19147217,52.53629614
8,8100206,2021,2,20,6,3,2,7,2,0,1,0,0,0,1,2,13.42896582,52.48269351
7,7601340,2021,1,19,3,3,6,2,2,0,1,1,0,0,0,1,13.3552103,52.41335311
3,3601449,2021,3,14,6,3,5,2,0,1,1,0,0,0,0,0,13.45276798,52.54148164
11,11200411,2021,2,17,3,3,5,3,0,0,1,0,0,0,0,0,13.49660153,52.54910961
1,1100102,2021,1,20,7,3,2,6,2,0,1,0,0,0,1,1,13.35112726,52.51517596
2,2100102,2021,3,7,3,3,2,3,0,0,1,0,0,0,0,0,13.39581267,52.49836832
5,5200633,2021,3,5,5,3,8,1,2,0,1,0,0,0,0,1,13.18727533,52.52022985
7,7501031,2021,3,9,6,3,2,6,0,0,1,0,0,1,0,1,13.39966548,52.44436432
5,5200423,2021,2,16,3,3,5,3,0,0,1,0,0,0,0,1,13.14155397,52.53237115
8,8100310,2021,3,16,3,3,6,4,0,0,1,1,0,0,0,0,13.42536935,52.49327871
7,7400927,2021,1,17,6,3,5,2,2,0,1,0,0,0,0,1,13.4001644,52.45913481
1,1100310,2021,2,10,4,2,1,5,0,1,0,0,0,0,1,0,13.40713512,52.52480391
5,5200423,2021,3,21,6,3,1,5,2,0,1,0,0,0,0,0,13.15877799,52.53099467
11,11300722,2021,2,11,5,3,5,3,0,0,1,0,0,0,1,0,13.48548918,52.52314203
12,12100102,2021,1,20,1,3,5,3,2,0,1,0,0,0,0,1,13.37261029,52.56813954
11,11100308,2021,3,18,6,3,2,6,0,0,1,0,0,0,0,0,13.49576341,52.56469164
5,5200423,2021,3,12,7,2,6,7,0,0,1,1,0,0,0,1,13.15823034,52.53236661
4,4200207,2021,1,15,1,3,4,6,0,1,1,0,0,0,0,0,13.22600342,52.50247322
2,2300314,2021,1,6,2,3,6,4,2,0,1,1,0,0,0,1,13.41836837,52.50000052
10,10200630,2021,2,22,1,3,0,1,2,0,1,0,1,0,0,0,13.59220556,52.51878378
4,4501148,2021,3,22,2,3,9,1,2,0,1,0,0,0,0,0,13.31683246,52.47821817
6,6100206,2021,1,12,4,3,5,3,0,0,1,0,0,0,0,1,13.32890638,52.44602475
3,3500934,2021,2,13,4,3,5,3,0,0,1,0,0,0,0,1,13.44160524,52.55479559
4,4200206,2021,2,5,6,2,6,4,2,0,0,1,0,1,0,1,13.21818126,52.50874488
1,1100207,2021,1,9,4,3,5,3,0,0,1,0,0,0,0,1,13.39036263,52.50766808
4,4501150,2021,3,9,4,3,1,5,0,1,1,0,0,0,0,0,13.32478747,52.48422246
4,4100101,2021,2,18,6,3,6,2,2,0,0,1,0,0,1,2,13.28679995,52.53520147
4,4501043,2021,1,14,2,2,6,4,0,0,0,1,0,0,1,1,13.31025053,52.49394347
6,6200311,2021,1,7,3,3,6,2,1,0,1,1,0,0,0,1,13.35172014,52.44031295
7,7100103,2021,2,15,2,3,2,6,0,0,1,0,0,0,0,0,13.36113493,52.49788018
6,6400843,2021,3,11,2,2,2,2,0,0,1,0,1,0,0,0,13.29439249,52.44895242
2,2200208,2021,3,17,4,3,5,2,0,1,1,0,0,0,0,0,13.38759939,52.49305767
5,5100315,2021,2,19,2,3,5,3,2,0,1,0,0,0,0,1,13.19505436,52.54492055
3,3601140,2021,2,18,1,3,6,4,2,0,0,1,0,0,1,0,13.40624971,52.55436023
9,9401432,2021,1,18,5,3,2,6,2,0,1,0,0,0,0,1,13.59386693,52.44720164
4,4300619,2021,2,17,3,3,6,2,2,0,1,1,0,0,0,1,13.31887511,52.51915997
8,8401139,2021,2,10,3,3,5,2,0,0,1,0,0,0,0,2,13.46638412,52.43350548
1,1100311,2021,2,16,5,3,2,6,0,0,1,0,0,0,0,0,13.42265946,52.52398366
3,3601450,2021,1,20,2,3,2,6,2,0,1,0,0,0,0,0,13.45381891,52.53285765
5,5100210,2021,3,16,4,3,5,3,0,0,1,0,0,0,0,0,13.1865286,52.54721847
8,8200623,2021,1,16,6,3,0,6,1,0,1,0,0,0,0,0,13.43945703,52.45276397
2,2100102,2021,2,19,6,3,6,4,2,0,1,1,0,0,0,2,13.3949362,52.50346495
5,5200629,2021,1,11,3,3,5,2,0,1,0,0,0,0,1,1,13.19737786,52.53169883
10,10100102,2021,1,19,3,2,0,1,2,1,0,0,0,0,0,2,13.57068933,52.56876409
4,4100101,2021,2,16,1,2,5,2,0,0,1,0,0,0,1,0,13.30230482,52.54789073
4,4501153,2021,3,14,2,2,2,2,0,1,1,0,0,0,0,1,13.3328842,52.47869407
1,1300733,2021,3,18,3,2,6,4,2,0,1,1,0,0,0,0,13.38599239,52.54974715
7,7501029,2021,2,14,1,3,6,4,0,0,1,1,0,0,0,1,13.38042686,52.44318108
1,1200517,2021,3,12,2,2,6,4,0,0,0,1,0,0,1,0,13.35584383,52.53848137
1,1200520,2021,1,22,3,3,0,1,2,1,0,0,0,0,0,1,13.34326853,52.53312863
1,1300732,2021,1,21,1,3,0,2,2,0,0,0,1,0,1,2,13.39321719,52.56444484
11,3500936,2021,2,10,7,3,2,1,0,0,1,0,0,0,0,2,13.46732461,52.54639375
5,5100211,2021,1,10,5,3,6,2,0,0,1,1,0,0,0,0,13.17802879,52.54866649
9,9200512,2021,3,12,6,3,5,7,0,0,1,0,0,0,1,0,13.54282505,52.45762846
1,1100310,2021,2,8,3,3,5,2,0,1,1,0,0,0,0,0,13.40979455,52.52401456
4,4501150,2021,1,18,7,3,2,6,2,0,1,0,0,0,0,1,13.32230534,52.48642948
3,3400620,2021,3,6,4,3,5,2,0,0,1,0,0,0,0,0,13.38023233,52.5749532
4,4300624,2021,3,12,6,3,0,6,0,0,0,0,0,1,1,0,13.31427809,52.5063378
2,2200213,2021,3,18,1,3,3,6,1,1,1,0,0,0,0,0,13.42046892,52.49178946
9,9100305,2021,2,10,3,3,5,2,0,0,1,0,0,0,1,1,13.49125898,52.46905944
2,2400521,2021,3,5,3,3,5,2,2,1,1,0,0,0,0,0,13.43671819,52.5234944
1,1200522,2021,1,17,6,2,5,2,2,1,1,0,0,0,0,1,13.33422966,52.52454328
6,6100205,2021,2,15,4,3,5,3,0,0,1,0,1,0,0,1,13.35396582,52.4433404
1,1400938,2021,3,1,6,3,8,1,2,0,1,0,0,0,0,1,13.33228813,52.54583658
1,1300834,2021,2,19,4,3,5,3,2,0,1,0,1,0,0,0,13.39281433,52.5425704
10,10100313,2021,1,1,1,3,9,1,2,0,1,0,0,0,0,1,13.5483465,52.54187857
5,5300840,2021,3,7,5,3,0,1,0,0,0,0,1,0,0,1,13.25010501,52.53808486
5,5200528,2021,3,11,7,2,2,6,0,0,1,0,0,0,0,1,13.17320831,52.51786726
3,3601142,2021,2,7,6,3,5,2,0,1,1,0,0,0,0,0,13.41317541,52.54768123
2,2200209,2021,3,18,2,2,6,4,1,0,1,1,0,0,0,0,13.37936554,52.48962641
1,1100205,2021,1,18,2,3,6,7,2,1,0,1,0,0,0,0,13.37776313,52.5081712
5,5400943,2021,1,0,4,2,9,1,2,0,1,0,0,0,0,2,13.11801888,52.47068534
1,1401049,2021,2,6,2,3,5,7,2,1,1,0,0,0,0,0,13.37225532,52.55595393
10,10200421,2021,3,8,3,3,5,3,0,0,1,0,0,0,1,0,13.60185576,52.53690684
1,1401046,2021,1,15,4,3,6,4,0,1,0,1,0,0,0,0,13.34957816,52.53906031
2,2100106,2021,2,12,6,3,2,6,0,0,1,0,0,0,0,1,13.41987153,52.49639732
4,4501042,2021,3,1,2,3,0,1,2,0,0,0,1,0,0,0,13.33452773,52.50845037
7,7200308,2021,1,17,4,3,6,2,2,0,0,1,0,0,1,1,13.33865911,52.48561139
8,8100418,2021,3,11,4,3,5,3,0,0,1,0,0,0,1,0,13.4485722,52.47855668
3,3200205,2021,1,3,1,3,9,1,2,0,1,0,0,0,0,2,13.38768625,52.58953922
6,6200421,2021,2,18,6,3,5,3,2,0,1,0,0,0,0,1,13.31237719,52.42984132
1,1100311,2021,1,16,4,3,5,2,1,1,1,0,0,0,0,0,13.41633898,52.5199852
2,2100102,2021,1,7,5,3,6,2,1,0,1,1,0,0,0,1,13.39284853,52.50436971
8,8100208,2021,2,18,3,3,5,3,2,0,1,0,0,0,0,0,13.43785621,52.47316219
4,4300622,2021,3,11,2,3,2,6,0,0,1,0,0,0,0,0,13.32025703,52.51357973
12,12500930,2021,3,19,4,2,5,2,2,0,1,0,1,0,0,0,13.33995776,52.58805421
12,12400721,2021,2,5,4,3,6,4,2,0,1,1,0,0,0,1,13.28915293,52.63294606
8,8100312,2021,3,11,2,3,2,7,0,0,1,0,1,0,0,0,13.43610112,52.48396238
8,8100313,2021,1,19,6,3,1,5,2,1,0,0,0,0,1,0,13.44403587,52.48757021
3,3400829,2021,2,11,3,2,5,3,0,0,1,0,0,0,0,1,13.42174927,52.56264696
4,4300416,2021,3,10,6,3,5,3,0,0,1,0,1,0,0,0,13.29988086,52.50975935
11,10100205,2021,2,14,5,3,5,3,0,1,1,0,0,0,0,0,13.54022147,52.5652608
1,1100310,2021,1,21,7,3,0,1,2,0,0,0,1,0,0,2,13.40444063,52.52191305
9,9501940,2021,3,16,4,2,6,4,0,0,1,1,0,0,0,1,13.58434959,52.45539465
3,3100101,2021,3,14,6,3,2,6,0,0,1,0,0,0,0,0,13.47575289,52.64045789
9,9200510,2021,2,16,6,3,5,7,1,0,0,0,0,0,1,1,13.51733751,52.47147848
4,4501041,2021,3,11,2,3,5,7,0,1,0,0,0,0,1,0,13.31795116,52.50301677
6,6200422,2021,2,12,7,2,4,6,0,0,1,0,0,0,0,0,13.32718866,52.42232295
5,5200632,2021,1,18,1,3,5,2,2,0,1,0,0,0,0,1,13.21144674,52.52734519
11,11100203,2021,1,11,7,3,6,4,0,0,1,1,0,0,0,0,13.5262058,52.56944753
1,1300733,2021,2,18,4,3,2,6,2,0,1,0,0,0,0,1,13.38239804,52.55197264
2,2500833,2021,3,20,2,3,5,2,2,0,1,0,1,0,0,0,13.46311061,52.50824781
2,2500833,2021,2,18,4,3,5,3,2,0,1,0,0,0,0,2,13.45191684,52.51070817
3,3400827,2021,2,17,5,3,1,7,2,0,1,0,1,0,0,0,13.41437483,52.55883378
3,3300516,2021,1,6,2,3,6,4,2,0,1,1,0,0,0,0,13.43000844,52.57171841
1,1100207,2021,1,17,5,2,6,4,2,0,1,1,0,0,0,1,13.40479744,52.51356282
5,5200423,2021,3,12,5,3,2,6,0,0,1,0,0,1,0,0,13.14628635,52.53270843
1,1100206,2021,3,19,7,3,0,6,2,1,1,0,0,0,0,0,13.39606482,52.51883082
3,3100101,2021,2,11,5,3,5,2,0,0,1,0,0,0,0,0,13.49018872,52.64545774
11,11401137,2021,1,14,5,2,5,3,0,1,1,0,0,0,0,0,13.52353545,52.49564307
12,12500825,2021,3,15,4,3,5,3,0,1,1,0,0,0,0,1,13.30186752,52.58042452
12,12100205,2021,3,17,5,3,2,6,0,0,1,0,0,0,1,1,13.34691945,52.56708412
8,8200623,2021,3,12,1,2,2,6,0,0,1,0,0,0,0,0,13.43783801,52.45447696
7,7601546,2021,2,18,3,3,8,1,2,0,1,0,0,0,0,1,13.38974586,52.3971251
8,8300934,2021,1,18,2,3,6,2,2,0,1,1,0,0,0,1,13.46033412,52.43192273
4,4501043,2021,3,14,3,3,5,2,0,0,1,0,0,0,0,0,13.31531707,52.49084569
7,7601339,2021,1,11,2,3,5,3,0,0,1,0,0,0,0,1,13.34714409,52.41207816
4,4500936,2021,2,10,4,3,5,2,0,0,1,0,0,0,0,1,13.3042387,52.50367206
4,4501153,2021,3,14,6,3,6,2,0,0,1,1,0,0,0,0,13.32921923,52.48170392
6,6300524,2021,2,16,4,3,2,6,0,0,1,0,0,0,0,2,13.23085005,52.42740949
5,5300737,2021,2,12,6,3,0,1,0,0,0,0,1,0,0,0,13.23333001,52.53851887
7,7100102,2021,1,8,3,3,5,2,0,1,1,0,0,0,0,1,13.34711602,52.50106751
11,11200410,2021,3,15,5,3,2,6,0,0,1,0,0,0,0,0,13.50041958,52.56154929
12,12500926,2021,1,12,6,3,5,7,0,0,1,0,0,0,0,0,13.32565153,52.5907111
8,8100415,2021,3,11,1,3,2,6,0,0,1,0,0,0,0,1,13.44311824,52.48029993
5,5300840,2021,1,14,2,3,1,5,0,0,1,0,1,0,0,1,13.24846554,52.53505989
5,5300737,2021,1,7,4,3,2,2,2,0,1,0,0,0,0,1,13.23206406,52.54067049
8,8401246,2021,2,13,1,2,5,2,0,1,1,0,0,0,0,0,13.49758532,52.41603963
12,12400619,2021,3,17,1,3,0,1,0,0,0,0,1,0,0,0,13.27519329,52.59789615
1,1100310,2021,1,8,5,3,5,3,1,1,1,0,0,0,0,1,13.4150763,52.51566293
8,8200730,2021,2,20,2,3,1,5,2,0,1,0,0,0,0,2,13.45021616,52.43695301
1,1200623,2021,3,18,2,3,0,4,2,1,0,1,0,0,0,0,13.34960743,52.53013669
7,7300618,2021,1,15,4,3,6,7,1,0,0,1,1,0,0,1,13.33539383,52.47046585
11,11400931,2021,3,14,4,3,5,2,0,1,1,0,0,0,0,0,13.51609072,52.50563408
12,12400721,2021,2,14,3,2,3,6,0,1,1,0,0,0,0,1,13.29448032,52.63668011
4,4300517,2021,2,13,6,3,9,1,0,0,0,0,0,0,1,0,13.29821225,52.5244483
1,1100313,2021,1,16,4,3,6,4,1,1,0,1,0,0,0,1,13.41661961,52.51096473
8,8200833,2021,1,10,5,3,3,6,0,0,1,0,0,0,0,1,13.43952934,52.42411208
4,4200311,2021,3,14,6,3,3,6,0,0,1,0,0,0,0,0,13.28084841,52.51699214
6,6400840,2021,2,13,3,3,1,7,0,0,1,0,0,0,0,0,13.25779807,52.44623529
5,5200528,2021,3,16,4,3,5,3,0,1,1,0,0,0,0,1,13.18003668,52.50447984
2,2200207,2021,3,9,6,3,5,2,0,1,1,0,0,0,0,1,13.37675493,52.49142288
6,6300633,2021,2,18,5,3,1,5,2,0,1,0,1,0,0,1,13.29804558,52.44310318
6,6300633,2021,3,15,3,2,6,2,0,0,1,1,0,0,0,0,13.31560611,52.44309485
7,7601544,2021,1,5,5,3,6,2,2,0,1,1,0,0,0,1,13.40636682,52.39376302
11,11400931,2021,2,7,5,3,5,2,0,0,1,0,0,0,0,1,13.50348107,52.50966446
1,1300836,2021,3,17,7,3,6,2,0,0,1,1,0,0,0,0,13.37827339,52.55039769
1,1100313,2021,2,11,3,3,5,2,0,1,0,0,0,0,1,0,13.42112764,52.50972932
2,2500830,2021,1,0,1,3,0,1,2,1,0,0,0,0,0,1,13.45713535,52.51299529
7,7601443,2021,3,22,5,3,1,5,2,0,1,0,0,0,1,1,13.41282203,52.40270993
7,7200409,2021,3,16,7,3,0,5,0,0,1,0,0,0,0,1,13.3503075,52.48961806
5,5100103,2021,3,17,2,3,6,7,0,1,0,1,0,0,0,0,13.21480583,52.56350995
4,4501041,2021,2,14,7,2,5,3,0,0,1,0,1,0,0,0,13.31725776,52.50428412
12,12200412,2021,1,10,2,2,3,6,0,1,0,0,0,0,1,2,13.29437192,52.57626902
8,8100209,2021,1,15,3,3,2,6,0,0,1,0,0,0,0,1,13.44377305,52.46409598
1,1100102,2021,1,19,3,3,2,6,2,0,1,0,0,0,0,0,13.35930409,52.50987105
2,2100102,2021,2,3,6,3,5,3,2,1,1,0,0,0,0,1,13.39571225,52.49826705
7,7200307,2021,3,19,1,3,5,2,2,0,1,0,0,0,0,0,13.34508668,52.48900565
4,4300412,2021,1,15,3,3,5,2,0,1,1,0,0,0,0,0,13.28802613,52.51888855
7,7400824,2021,2,6,4,3,6,2,2,0,0,1,0,0,1,1,13.38577953,52.46572896
2,2200210,2021,2,17,5,3,5,3,0,0,1,0,0,0,1,0,13.40378736,52.49529738
12,12400619,2021,1,8,2,3,0,6,0,0,1,0,1,0,0,1,13.23215524,52.61355586
7,7601340,2021,3,8,4,3,5,2,0,1,1,0,0,0,0,0,13.35491602,52.41329517
1,1300733,2021,1,14,1,3,6,2,0,0,1,1,0,0,0,0,13.38673441,52.54947657
2,2100106,2021,1,21,2,2,6,4,2,0,1,1,0,0,0,1,13.41873306,52.49905056
4,4501150,2021,1,12,4,2,5,7,0,0,1,0,1,0,0,1,13.3224553,52.48643243
11,11401136,2021,2,9,2,3,6,2,0,0,1,1,0,0,0,0,13.50938931,52.50172152
4,4500939,2021,3,20,3,2,5,3,2,0,1,0,0,0,0,0,13.30638825,52.48827898
3,3701555,2021,3,18,4,3,5,3,2,1,1,0,0,0,0,0,13.41747256,52.53833462
1,1300836,2021,2,15,6,3,1,5,0,0,1,0,0,0,0,1,13.37134098,52.54610394
7,7200409,2021,2,12,7,3,1,5,0,1,1,0,0,0,0,1,13.35555558,52.48650992
6,6200312,2021,1,7,3,3,6,2,2,0,1,1,0,0,0,1,13.33211671,52.44242987
7,7400928,2021,3,13,5,3,7,7,0,1,0,0,0,0,0,1,13.41960032,52.46130098
5,5200631,2021,2,14,2,3,6,4,0,0,1,1,0,0,0,2,13.19781947,52.52139768
2,2400623,2021,2,14,7,3,2,7,0,0,1,0,0,0,0,1,13.42680877,52.5158043
7,7501030,2021,1,22,4,3,1,5,2,1,1,0,0,0,0,0,13.38250542,52.44818277
11,11100102,2021,3,7,5,3,5,2,0,1,1,0,0,0,0,0,13.54947476,52.56876523
7,7300619,2021,3,15,5,3,5,3,0,0,1,0,0,0,0,0,13.35891546,52.47465935
1,1200517,2021,1,13,1,3,2,6,0,0,1,0,0,0,0,0,13.33410341,52.54102913
1,1401044,2021,3,16,2,3,5,3,0,0,1,0,0,0,1,1,13.37723652,52.55128492
8,8300934,2021,3,12,2,2,0,2,0,0,1,0,0,0,1,0,13.45343689,52.42940082
2,2500832,2021,1,14,3,3,6,4,0,0,1,1,0,0,0,1,13.46656157,52.50841455
1,1100102,2021,1,14,4,3,2,6,0,0,1,0,0,0,0,1,13.34894327,52.51510235
4,4501045,2021,2,8,2,3,2,6,0,0,1,0,1,0,0,0,13.33081209,52.49701551
12,12601235,2021,3,6,3,2,2,7,0,0,0,0,0,0,1,1,13.34879379,52.59629392
9,9200819,2021,3,20,3,2,0,1,2,0,0,0,1,0,0,0,13.56316174,52.44593505
8,8200624,2021,1,15,4,3,5,3,0,0,1,0,0,0,0,0,13.43315515,52.4524342
8,8200623,2021,2,16,2,3,3,6,0,0,1,0,0,1,0,0,13.43848167,52.45269648
9,9300920,2021,3,15,2,3,2,6,0,1,1,0,0,0,0,0,13.53778151,52.4189877
8,8100102,2021,1,10,4,3,5,7,0,0,1,0,0,0,1,1,13.42606284,52.47819129
4,4500938,2021,3,19,4,3,5,5,2,1,1,0,0,0,0,0,13.29475513,52.49617419
9,9200715,2021,2,15,3,3,5,2,0,0,1,0,0,0,0,1,13.51962929,52.42827306
1,1100207,2021,1,19,3,2,5,3,2,1,1,0,0,0,0,1,13.39182489,52.51050036
11,11300722,2021,1,6,5,2,6,4,2,0,1,1,0,0,0,1,13.48593363,52.52093755
2,2400521,2021,3,8,5,3,5,2,0,1,1,0,0,0,0,0,13.43291953,52.52334196
6,6100209,2021,2,15,2,3,2,2,0,0,1,0,0,0,0,0,13.33938007,52.45940515
3,3300411,2021,3,8,4,3,6,4,0,0,1,1,0,0,0,1,13.48951661,52.61737418
1,1200623,2021,3,16,5,3,0,6,0,0,1,0,0,0,1,0,13.35690872,52.53570434
1,1100310,2021,2,18,3,3,5,2,2,0,1,0,0,0,0,1,13.41168334,52.52396318
1,1100310,2021,3,7,3,3,2,2,0,1,1,0,0,0,0,0,13.40089058,52.52086154
8,8200727,2021,1,9,7,3,1,5,0,0,1,0,0,0,0,1,13.43437571,52.44188439
5,5100104,2021,2,21,3,3,0,7,2,1,0,0,0,0,0,1,13.20826918,52.56138311
1,1100308,2021,2,19,5,3,5,2,2,1,1,0,0,0,0,1,13.38697861,52.52713785
8,8100521,2021,3,16,6,3,2,6,0,0,1,0,0,0,0,0,13.4591108,52.46336204
9,9100407,2021,2,14,4,3,1,5,0,0,1,0,1,0,0,0,13.50590041,52.45403339
3,3100103,2021,1,14,5,3,5,7,0,1,1,0,0,0,0,0,13.50474158,52.63002257
11,11400930,2021,3,16,6,3,5,2,1,1,1,0,0,0,0,0,13.50974437,52.50348603
3,3200308,2021,3,15,2,3,5,2,0,1,1,0,0,0,0,1,13.42640747,52.60317282
2,2100104,2021,2,15,1,3,5,3,0,1,1,0,0,0,0,0,13.41030067,52.50378271
2,2500832,2021,1,17,6,3,6,4,2,1,0,1,0,0,0,0,13.46773135,52.50753269
11,11100205,2021,1,17,2,3,6,4,2,0,1,1,0,0,0,1,13.51313326,52.56797547
12,12200309,2021,1,10,3,3,5,3,0,0,1,0,0,0,0,1,13.32032365,52.56602474
6,6200423,2021,2,14,6,3,3,6,0,1,1,0,0,0,0,0,13.3254894,52.40734512
1,1401043,2021,3,16,2,3,5,3,0,1,1,0,0,0,0,0,13.36419575,52.54968068
2,2300315,2021,1,10,3,3,6,2,0,0,1,1,0,0,0,1,13.432047,52.49933363
2,2100101,2021,2,10,2,3,0,7,0,0,1,0,0,0,0,2,13.38852223,52.50166635
9,9501838,2021,2,16,5,2,5,3,1,1,1,0,0,0,0,0,13.74001688,52.42852475
9,9200819,2021,1,17,3,3,2,6,2,0,1,0,1,0,0,2,13.56967848,52.44463273
6,6400844,2021,3,11,4,3,5,3,0,0,1,0,0,0,0,0,13.30978556,52.46722173
3,3601141,2021,1,5,6,3,3,2,2,1,0,0,0,0,1,0,13.4141721,52.5536176
5,5200629,2021,1,13,3,2,6,2,0,0,1,1,0,0,0,2,13.1926079,52.52866896
2,2200209,2021,1,8,3,3,6,2,0,0,0,1,0,0,1,1,13.38637554,52.49007619
3,3200206,2021,2,13,1,3,0,1,0,0,0,0,1,0,0,0,13.40512386,52.581578
12,12601134,2021,3,6,2,3,5,7,1,0,1,0,0,0,1,0,13.34125465,52.60003127
2,2300316,2021,3,10,4,3,2,6,0,0,1,0,0,0,0,0,13.43435121,52.50472774
4,4200308,2021,2,23,1,3,2,6,2,0,1,0,0,0,0,1,13.24958113,52.52393816
3,3701556,2021,3,9,2,3,2,7,0,0,1,0,1,0,0,0,13.41309125,52.53191272
7,7300619,2021,1,17,4,3,6,2,2,0,0,1,0,0,1,1,13.34757214,52.47057041
11,11300617,2021,2,17,3,3,5,3,2,1,1,0,0,0,0,1,13.46677677,52.52850899
2,2400521,2021,1,9,3,3,6,4,0,1,0,1,0,0,0,0,13.43464991,52.51955088
9,9200512,2021,3,14,6,3,5,7,0,0,1,0,0,0,1,0,13.54279602,52.45762639
11,11300617,2021,2,22,2,2,5,2,2,0,1,0,0,0,0,0,13.4689515,52.53139298
2,2100106,2021,1,16,7,3,0,1,0,0,0,0,1,0,0,1,13.4181897,52.49878829
1,1300834,2021,3,14,4,3,5,2,0,1,0,0,0,0,1,1,13.39279849,52.54256607
9,9301025,2021,3,17,5,3,1,1,0,1,1,0,0,0,0,1,13.56843887,52.40185096
1,1300730,2021,3,2,7,3,5,3,2,0,1,0,0,0,0,0,13.36975812,52.55968899
6,6400844,2021,2,19,4,3,6,2,2,0,1,1,0,0,0,1,13.27051726,52.4510196
5,5200629,2021,3,13,2,3,0,6,0,0,1,0,0,0,1,0,13.19851284,52.53322568
1,1100308,2021,1,15,5,3,1,5,0,1,0,0,0,0,1,1,13.37220557,52.53233991
9,9200511,2021,2,14,4,3,5,3,0,0,1,0,0,0,0,1,13.53233084,52.46169783
8,8100207,2021,3,18,6,2,9,1,2,0,1,0,0,0,0,0,13.4347083,52.47861582
1,1300732,2021,2,17,4,3,0,7,0,1,0,1,0,0,0,0,13.38512699,52.55719688
3,3200308,2021,1,16,2,3,6,7,1,0,1,1,0,0,0,0,13.4246901,52.60404187
3,3701660,2021,3,8,6,2,0,3,0,0,1,0,1,0,0,1,13.43377137,52.53336393
9,9200511,2021,3,16,6,3,2,1,0,0,1,0,0,0,0,0,13.52289421,52.46321168
1,1100312,2021,2,13,2,3,5,3,0,1,1,0,0,0,0,0,13.41363352,52.51128783
5,5200528,2021,3,14,4,3,5,2,0,0,1,0,0,0,0,1,13.18468733,52.51545739
5,5300841,2021,3,16,6,3,6,4,0,1,0,1,0,0,0,0,13.26775092,52.53676783
1,1200517,2021,2,18,3,3,2,6,2,0,1,0,0,0,0,1,13.32683819,52.53690269