BEZ,LOR_ab_2021,UJAHR,UMONAT,USTUNDE,UWOCHENTAG,UKATEGORIE,UART,UTYP1,ULICHTVERH,IstRad,IstPKW,IstFuss,IstKrad,IstGkfz,IstSonstige,USTRZUSTAND,XGCSWGS84,YGCSWGS84
1,1100102,2021,3,8,3,3,2,6,0,0,1,0,0,1,0,0,13.34844761,52.51514685
4,4501147,2021,1,14,6,3,2,6,0,0,1,0,0,0,0,0,13.31998207,52.48671356
1,1100207,2021,2,10,5,2,5,3,0,1,1,0,0,0,0,1,13.39212494,52.50779607
4,4300624,2021,2,18,5,3,5,3,2,1,1,0,0,0,0,1,13.32207343,52.50641525
2,2300314,2021,3,18,1,3,5,7,2,0,1,0,0,0,0,0,13.41887146,52.50069291
11,10100205,2021,2,15,4,3,5,3,0,1,0,0,0,0,1,0,13.53532694,52.56135559
3,3601244,2021,1,10,7,3,5,3,0,1,0,0,0,0,1,1,13.42887775,52.55140653
8,8200832,2021,3,9,5,3,6,4,0,0,1,1,0,0,0,0,13.43596848,52.42340213
12,12500930,2021,3,15,2,3,2,6,0,0,1,0,0,0,1,1,13.32374509,52.58732304
1,1200517,2021,3,19,2,3,5,2,2,0,1,0,0,0,0,0,13.32842421,52.53297794
7,7200413,2021,2,8,5,3,2,6,0,0,1,0,0,0,0,0,13.36546723,52.47982411
7,7400824,2021,1,22,7,3,6,2,2,0,0,1,0,0,1,1,13.3782598,52.4662512
4,4200311,2021,1,15,2,3,5,2,0,1,1,0,0,0,0,1,13.27569218,52.50157915
2,2300418,2021,2,14,6,3,1,5,0,0,1,0,0,0,0,0,13.43615913,52.49383237
4,4501045,2021,3,16,2,3,2,2,0,0,1,0,0,0,0,0,13.32361271,52.49374326
4,4400830,2021,1,11,4,3,6,4,0,0,1,1,0,0,0,0,13.28847547,52.47692004
1,1100102,2021,2,14,4,3,2,6,0,0,1,0,0,0,0,1,13.35208673,52.51573579
4,4300622,2021,2,8,6,3,2,6,0,0,1,0,0,0,0,1,13.32077749,52.51322308
2,2400623,2021,1,23,1,3,5,3,2,0,1,0,0,0,1,1,13.42393174,52.51344236
8,8100209,2021,3,16,4,3,5,2,0,1,1,0,0,0,0,0,13.44357959,52.46428113
8,8200833,2021,1,13,2,3,1,5,0,1,1,0,0,0,0,1,13.44770798,52.42306505
4,4300416,2021,1,20,3,3,6,2,2,0,1,1,0,0,0,1,13.30227914,52.50665297
11,11100204,2021,2,11,1,3,0,6,0,0,1,0,0,0,1,0,13.51830525,52.56810697
5,5100315,2021,3,16,3,3,2,2,0,0,1,0,0,0,0,0,13.19505199,52.54503239
6,6200312,2021,3,9,4,2,0,1,0,0,0,0,1,0,0,0,13.33599421,52.44337063
12,12200515,2021,2,17,6,3,2,6,1,0,1,0,0,0,0,1,13.28533362,52.58304212
4,4501043,2021,3,0,2,3,6,4,2,0,1,1,0,0,0,0,13.30732498,52.49951083
9,9200818,2021,1,15,6,3,2,6,0,0,1,0,0,0,0,1,13.55926711,52.44708776
9,9401534,2021,2,18,3,3,6,2,2,0,1,1,0,0,0,1,13.58201142,52.4428357
11,11300722,2021,1,7,5,3,5,3,2,1,1,0,0,0,0,1,13.48591607,52.51847064
6,6100103,2021,3,14,5,2,6,7,0,0,0,1,0,0,1,0,13.32722354,52.46409958
9,9200511,2021,3,15,1,3,6,4,0,0,1,1,0,0,0,0,13.51648099,52.46440199
6,6300634,2021,2,12,4,3,6,7,0,0,0,1,0,0,1,0,13.29535754,52.44276795
7,7501029,2021,1,14,7,3,0,6,0,0,1,0,1,0,0,1,13.37660606,52.44795259
7,7400720,2021,3,16,4,3,3,6,0,0,1,0,0,0,0,1,13.37730503,52.48268329
11,11200512,2021,3,15,6,3,5,2,0,0,1,0,0,0,1,0,13.46817084,52.54536351
1,1200522,2021,3,16,1,2,6,4,0,0,1,1,0,0,0,0,13.3301534,52.52202816
8,8100419,2021,2,13,5,3,6,2,0,0,1,1,0,0,0,0,13.45389349,52.48247631
12,12500825,2021,1,22,7,2,0,3,2,0,1,0,0,0,0,0,13.31916235,52.58761297
7,7601340,2021,3,14,3,3,5,2,0,1,1,0,0,0,0,0,13.35968001,52.41281298
8,8100417,2021,1,11,2,2,6,2,0,0,1,1,0,0,0,1,13.45531369,52.47307824
6,6200316,2021,2,6,4,3,2,6,2,0,1,0,0,0,0,1,13.35480584,52.4289902
1,1100309,2021,3,19,6,3,1,5,2,1,1,0,0,0,0,0,13.39692959,52.52929411
4,4500939,2021,2,18,2,3,5,2,2,0,1,0,0,0,0,2,13.30793894,52.48853468
9,9501939,2021,2,8,6,3,1,5,1,1,1,0,0,0,0,1,13.57386055,52.45823785
4,4100101,2021,1,14,2,3,5,3,0,0,1,0,0,0,0,0,13.28461389,52.54041658
10,10400939,2021,3,18,5,3,5,3,2,0,1,0,0,0,0,0,13.61315429,52.50855311
6,6100205,2021,3,10,7,3,0,2,0,0,1,0,1,0,0,1,13.35490654,52.44894437
3,3701660,2021,2,12,6,3,5,2,0,1,0,0,0,0,1,0,13.43445577,52.52927801
3,3500934,2021,3,13,2,2,5,3,0,0,1,0,0,0,0,0,13.43563893,52.55104589
1,1100308,2021,1,17,3,3,6,2,2,0,1,1,0,0,0,1,13.38730226,52.52602308
5,5300736,2021,1,13,4,3,5,3,0,0,1,0,0,0,0,0,13.21995128,52.53898811
6,6300634,2021,2,17,2,3,0,1,2,0,0,0,1,0,0,0,13.30086038,52.4391979
4,4300416,2021,3,22,2,2,5,3,2,0,1,0,0,0,0,0,13.30222152,52.5079478
10,10200629,2021,1,6,4,3,5,3,2,0,1,0,0,0,1,1,13.58325571,52.5152786
5,5200524,2021,2,12,2,3,1,7,0,0,1,0,0,0,0,0,13.13107826,52.52870297
1,1300731,2021,2,19,1,3,5,3,2,0,1,0,0,0,0,0,13.39005775,52.56478144
9,9100304,2021,1,21,4,3,0,6,2,0,1,0,0,0,1,1,13.48909423,52.46725519
11,11300618,2021,3,7,4,3,0,1,0,0,0,0,1,0,0,2,13.45905546,52.52608725
6,6200421,2021,1,18,1,3,4,3,2,0,1,0,1,0,0,2,13.31472725,52.42424401
6,6100204,2021,2,19,6,3,5,3,2,1,1,0,0,0,0,2,13.34782349,52.4513178
10,10100312,2021,1,12,5,3,0,3,0,0,1,0,0,0,1,0,13.55045039,52.53353302
10,10100313,2021,1,7,5,2,6,4,0,0,0,1,0,0,1,1,13.56333003,52.54152885
9,9200510,2021,2,16,3,3,5,3,0,1,1,0,0,0,0,0,13.51201345,52.47070838
4,4400834,2021,1,10,2,3,5,3,0,1,1,0,0,0,0,1,13.31156721,52.47953977
4,4501045,2021,1,14,2,3,5,3,0,0,1,0,0,0,0,0,13.33108895,52.49540198
2,2500726,2021,1,19,7,2,5,3,2,1,0,0,0,0,1,0,13.45164233,52.52042879
4,4501149,2021,1,23,2,3,5,3,2,0,1,0,1,0,0,1,13.32273871,52.48884367
4,4501045,2021,1,18,1,3,5,7,0,0,1,0,0,0,0,1,13.33068955,52.4985924
1,1100310,2021,1,17,6,3,0,1,2,1,0,0,0,0,0,1,13.41756095,52.5244582
7,7400721,2021,1,18,2,3,1,7,2,0,1,0,0,0,0,1,13.38196712,52.47631662
4,4501149,2021,1,8,2,3,6,4,1,0,1,1,0,0,0,1,13.32350926,52.49150376
9,9100101,2021,1,20,2,3,6,2,2,0,1,1,0,0,0,1,13.45419066,52.49395562
7,7100101,2021,1,17,7,2,6,2,2,0,1,1,0,0,0,0,13.34569355,52.4945264
1,1100101,2021,1,17,7,3,5,3,2,0,1,0,0,0,0,0,13.35220195,52.50631455
10,10300734,2021,1,12,7,3,2,6,0,0,1,0,0,0,0,1,13.56883249,52.50623202
9,9501838,2021,1,21,7,1,8,1,2,0,1,0,0,0,0,1,13.71468176,52.43188902
4,4501041,2021,1,10,2,3,0,7,0,0,0,0,0,1,0,1,13.31722401,52.50407191
1,1300836,2021,1,9,1,3,8,1,0,0,1,0,0,0,0,2,13.38479208,52.54892002
1,1200522,2021,1,11,2,3,5,7,0,1,1,0,0,0,0,1,13.33180593,52.5241079
7,7200409,2021,1,12,2,3,5,2,0,0,1,0,1,0,0,1,13.34896894,52.48937421
5,5100211,2021,1,16,1,3,5,2,2,0,1,0,0,0,0,2,13.15787177,52.54311606
12,12200310,2021,1,23,7,3,0,7,2,0,0,0,1,0,0,1,13.3057301,52.57507937
12,12200411,2021,1,13,2,3,2,6,0,0,1,0,0,0,0,1,13.32249588,52.56065372
4,4501043,2021,1,13,7,3,2,2,0,1,1,0,0,0,0,0,13.30730887,52.4989215
1,1200520,2021,1,18,2,3,6,2,2,0,1,1,0,0,0,1,13.33562594,52.52678829
11,11200411,2021,1,12,6,3,0,1,0,1,0,0,0,0,0,1,13.4998273,52.5479285
12,12500928,2021,1,23,6,3,8,1,2,0,1,0,0,0,0,1,13.31490159,52.61031719
5,5300839,2021,1,15,7,3,5,2,0,0,1,0,0,0,0,0,13.26260159,52.5412664
9,9200717,2021,1,10,7,3,0,1,0,1,0,0,0,0,0,1,13.54898983,52.43823926
1,1200628,2021,1,12,7,3,2,6,0,0,1,0,0,0,0,0,13.35963144,52.52341529
12,12100204,2021,1,16,1,3,6,4,2,0,0,1,0,0,1,1,13.35988432,52.56197662
2,2500727,2021,1,19,2,3,5,2,2,1,1,0,0,0,0,1,13.46113983,52.51717609
4,4300621,2021,1,23,2,3,5,3,2,0,1,0,0,0,1,0,13.30484777,52.51341871
9,9200819,2021,1,1,1,3,6,4,2,0,1,1,0,0,0,0,13.56454829,52.43848861
11,11100204,2021,1,7,2,2,6,4,2,0,1,1,0,0,0,1,13.52388131,52.56546025
2,2200210,2021,1,20,1,3,5,2,2,1,1,0,0,0,0,1,13.39523971,52.49633648
1,1400939,2021,1,16,7,3,0,7,1,0,1,0,1,0,0,1,13.35374844,52.55379194
5,5400942,2021,1,0,7,3,9,1,2,0,1,0,0,0,0,1,13.1794905,52.47924257
11,11200411,2021,1,0,1,3,0,2,2,0,1,0,0,0,0,1,13.50935847,52.54628256
4,4300414,2021,1,11,1,3,5,2,0,0,1,0,0,0,0,1,13.2886383,52.51231845
8,8401243,2021,1,4,6,3,9,1,2,0,0,0,0,0,1,1,13.48715633,52.42554623
4,4500936,2021,1,16,7,3,5,2,1,0,1,0,0,0,0,0,13.30424153,52.50366853
12,12400723,2021,6,17,4,2,5,2,1,1,1,0,0,0,0,0,13.31286042,52.6224869
7,4501153,2021,9,5,1,2,9,1,2,0,1,0,0,0,0,0,13.3331303,52.47790459
7,4501153,2021,11,15,4,3,2,6,0,0,1,0,0,0,0,0,13.33623919,52.47836863
4,4300414,2021,8,14,1,3,5,2,0,0,1,0,0,0,0,1,13.29728701,52.51088303
2,2400521,2021,7,7,2,3,5,2,0,0,1,0,0,0,0,0,13.42790211,52.51891254
4,4300414,2021,10,10,3,3,2,2,0,1,1,0,0,0,0,1,13.30137783,52.51115215
12,12100205,2021,12,15,4,3,2,6,1,0,1,0,0,0,0,1,13.34768887,52.57503504
4,4100101,2021,5,7,6,3,2,6,0,0,1,0,0,0,1,0,13.29348356,52.53688097
7,7300619,2021,1,10,4,3,3,2,0,0,1,0,0,0,0,1,13.35412109,52.47902882
1,1100205,2021,6,14,2,3,1,5,0,0,1,0,0,0,0,0,13.37912936,52.50967897
7,7200308,2021,12,16,6,3,6,2,2,0,1,1,0,0,0,1,13.34857516,52.48187091
1,1100102,2021,8,12,2,3,3,6,0,0,1,0,1,0,0,0,13.36286917,52.51537736
12,12400721,2021,9,14,1,3,1,5,0,1,1,0,0,0,0,0,13.30201962,52.64272191
9,9100202,2021,3,21,1,3,5,5,2,1,1,0,0,0,0,1,13.46253005,52.48838873
7,7400721,2021,6,10,1,3,2,6,0,0,1,0,0,0,0,0,13.38583315,52.4734186
9,9100305,2021,9,10,3,2,0,1,0,1,0,0,0,0,0,0,13.48430389,52.47373877
10,10300734,2021,11,17,2,3,2,6,2,0,1,0,0,0,0,0,13.5734493,52.50534904
4,4400830,2021,8,17,3,3,2,6,0,0,1,0,1,0,0,0,13.30190364,52.48670834
7,7400824,2021,10,17,7,3,1,5,0,1,1,0,0,0,0,0,13.38549196,52.46901413
1,1100310,2021,12,16,3,3,5,3,2,0,1,0,0,0,1,1,13.40904932,52.517094
6,6400737,2021,2,19,2,3,2,6,2,0,1,0,0,0,1,0,13.19608087,52.42214409
7,7501133,2021,6,17,3,3,5,5,0,0,1,0,1,0,0,0,13.38786452,52.43830658
7,7601442,2021,5,6,4,3,5,7,0,1,1,0,0,0,0,0,13.40631217,52.40486749
1,1100310,2021,8,8,5,3,3,6,0,0,1,0,0,0,1,0,13.40798787,52.5217364
1,1100311,2021,7,8,3,3,0,7,0,1,0,0,0,0,0,0,13.42356832,52.5199439
12,12400723,2021,10,16,2,3,5,2,0,1,1,0,0,0,0,0,13.31291842,52.62229421
3,3400828,2021,11,16,2,3,5,3,1,0,1,0,0,0,0,0,13.42883612,52.55732743
8,8200622,2021,9,15,6,3,2,6,0,0,1,0,0,0,0,0,13.44718175,52.46314925
4,4200310,2021,4,14,4,3,0,1,0,1,0,0,0,0,0,0,13.27149815,52.50910347
7,7501030,2021,3,15,2,3,5,7,0,0,1,0,0,0,0,1,13.3848487,52.45018072
9,9100202,2021,10,7,6,3,3,6,1,0,1,0,1,0,0,0,13.46179136,52.48888584
3,3400620,2021,12,11,4,3,3,6,0,0,1,0,0,0,1,0,13.39901236,52.5735048
9,9100409,2021,9,21,4,2,3,6,2,0,1,0,0,0,0,1,13.51003355,52.42883483
3,3701660,2021,2,21,4,3,6,4,2,0,0,1,0,0,1,2,13.42412807,52.5283534
6,6300526,2021,6,10,2,3,5,2,0,1,1,0,0,0,0,0,13.26058598,52.43498
6,6400735,2021,5,1,4,3,0,1,2,0,1,0,0,0,0,0,13.09655865,52.41322702
7,7400824,2021,8,13,7,3,0,7,0,0,1,0,0,0,0,0,13.37842867,52.46995282
12,12100204,2021,7,14,5,3,1,5,0,1,1,0,0,0,0,0,13.3642689,52.56334061
4,4400830,2021,10,16,2,3,2,6,0,0,1,0,0,0,0,0,13.30416029,52.48481979
1,1100310,2021,11,7,4,3,6,2,2,0,1,1,0,0,0,1,13.41993451,52.52494619
12,12601032,2021,1,7,6,3,3,6,0,0,1,0,0,1,0,1,13.32388811,52.60779221
1,1300836,2021,4,10,2,3,2,6,0,0,1,0,0,0,0,0,13.36878603,52.54132001
12,12400723,2021,6,2,1,3,9,1,2,0,1,0,0,0,0,0,13.31208333,52.62508876
4,4300621,2021,11,14,6,3,5,3,0,0,1,0,0,0,1,0,13.30751306,52.51174548
3,3601142,2021,5,8,7,2,5,2,0,0,1,0,0,0,0,0,13.4119712,52.54110438
7,7400824,2021,8,5,1,3,5,2,0,0,1,0,0,0,0,0,13.38574086,52.46950089
11,11300722,2021,9,12,5,3,3,6,0,0,1,0,0,0,1,0,13.47783405,52.51347552
1,1100311,2021,2,16,1,3,5,2,0,1,0,0,0,0,0,0,13.4249104,52.51954193
7,7300619,2021,7,8,5,3,2,6,0,0,1,0,0,0,1,1,13.36297283,52.47395803
9,9100202,2021,9,17,6,3,2,3,0,1,0,0,0,0,1,0,13.46476227,52.48689486
3,3400721,2021,11,13,2,3,5,2,0,1,1,0,0,0,0,1,13.39927825,52.57036878
10,10400940,2021,8,14,7,2,0,7,0,1,0,0,0,0,0,0,13.60081637,52.50486553
7,7400720,2021,7,13,1,3,3,6,0,0,1,0,1,0,0,0,13.38553785,52.47113368
3,3100101,2021,10,14,5,3,2,6,0,0,1,0,0,0,0,1,13.43574933,52.62039314
7,7501133,2021,12,17,2,3,0,3,2,0,0,0,1,0,1,0,13.37780491,52.43380165
2,2500727,2021,5,12,2,3,0,6,0,1,0,0,0,0,0,0,13.45375122,52.51590362
2,2500727,2021,5,16,7,3,2,6,0,0,1,0,0,0,0,0,13.45980161,52.5151437
3,3601142,2021,2,16,3,3,6,7,2,0,1,1,0,0,0,1,13.4123304,52.54119629
1,1100310,2021,6,10,6,3,2,6,0,0,1,0,0,0,0,0,13.41838371,52.5240534
7,7601547,2021,5,8,6,2,0,7,0,0,1,0,0,0,0,0,13.41532357,52.37987693
7,7400823,2021,8,15,5,3,2,6,0,0,1,0,0,0,1,0,13.37112233,52.47078169
8,8200624,2021,9,13,7,3,0,7,0,0,0,0,0,0,1,0,13.43164398,52.46185942
9,9100101,2021,3,10,6,3,5,2,0,1,0,0,0,0,1,1,13.4597759,52.49339007
4,4200310,2021,7,6,5,2,2,6,0,0,1,0,0,0,0,0,13.26166366,52.50871113
4,4100101,2021,9,17,5,3,3,6,0,0,1,0,1,0,0,0,13.29353253,52.5365023
10,10100311,2021,11,13,2,3,6,7,0,1,0,1,0,0,0,0,13.54018635,52.50989646
4,4300414,2021,8,8,3,3,0,2,0,1,1,0,0,0,0,1,13.29720875,52.51087776
6,6400736,2021,4,18,5,2,9,1,0,0,0,0,1,0,0,0,13.19310092,52.41936035
4,4300622,2021,3,15,6,3,5,2,0,0,0,0,0,1,1,0,13.32298312,52.51243969
1,1300836,2021,10,8,4,3,5,2,0,1,1,0,0,0,0,1,13.3702054,52.53994813
3,3601449,2021,9,21,6,2,5,2,2,0,1,0,0,0,1,0,13.44498869,52.54552629
7,7400720,2021,2,16,6,3,2,6,0,0,1,0,0,0,0,0,13.38576861,52.48031959
6,6300527,2021,6,16,7,2,1,7,0,0,1,0,0,0,0,0,13.27799992,52.44049192
1,1100310,2021,5,8,5,3,3,6,0,0,1,0,1,0,0,0,13.41085107,52.52329743
4,4300621,2021,5,20,7,3,5,3,0,0,1,0,0,0,1,0,13.30938603,52.51186514
7,7200410,2021,8,11,5,3,3,6,0,1,0,0,0,1,1,0,13.35355527,52.48491652
4,4400830,2021,7,16,2,3,8,1,0,0,1,0,0,0,0,0,13.30218077,52.48656362
11,11300722,2021,7,15,3,3,2,6,0,1,1,0,0,0,0,0,13.47758338,52.5135
7,7501133,2021,10,13,7,3,1,5,0,0,1,0,0,0,1,0,13.38932158,52.43512062
3,3601449,2021,11,19,1,3,1,5,2,1,1,0,0,0,0,1,13.43965417,52.54204871
3,3500933,2021,9,14,6,3,0,2,0,0,1,0,0,0,1,0,13.46733603,52.55596353
12,12200414,2021,4,0,7,3,8,1,2,0,1,0,0,0,0,0,13.3058249,52.55397574
3,3200204,2021,4,14,6,3,2,6,0,0,1,0,1,0,0,0,13.39951188,52.60723973
4,4400727,2021,10,7,5,3,2,6,0,0,1,0,0,0,0,0,13.29655873,52.49058472
1,1100310,2021,12,19,3,3,3,2,2,1,1,0,0,0,0,0,13.41638443,52.5220044
12,12200515,2021,5,16,3,3,2,6,0,0,1,0,1,0,0,0,13.29262594,52.58480023
9,9100203,2021,7,14,7,3,2,7,0,0,1,0,0,0,0,0,13.47959819,52.47688046
9,9100305,2021,2,20,2,3,5,3,2,1,1,0,0,0,0,0,13.49310587,52.46781541
3,3601452,2021,6,18,3,3,5,2,0,1,1,0,0,0,0,0,13.44457808,52.52907426
2,2100101,2021,10,10,5,3,5,2,0,0,1,0,0,0,0,1,13.38885306,52.49811359
2,2200208,2021,12,19,2,3,2,6,2,0,1,0,0,0,0,1,13.38810259,52.49373973
4,4300415,2021,1,15,3,3,2,6,0,0,1,0,0,0,1,1,13.28488172,52.50904822
7,7501135,2021,6,19,7,3,5,2,0,0,1,0,0,0,0,0,13.39635394,52.42334931
1,2400520,2021,5,20,4,3,2,6,1,0,1,0,0,0,0,0,13.42002172,52.52555492
1,1200624,2021,5,15,6,3,0,6,0,0,1,0,1,0,0,1,13.36524435,52.53357882
4,4200310,2021,8,17,5,3,5,3,0,1,1,0,0,0,0,0,13.27777122,52.50966557
4,4300621,2021,7,20,3,2,0,2,1,1,0,0,0,0,0,0,13.30938453,52.51186504
2,2500835,2021,10,20,2,3,4,7,2,0,1,0,0,0,0,0,13.45220365,52.5012545
3,3601451,2021,11,5,3,3,5,3,2,1,1,0,0,0,0,1,13.43869542,52.53334746
4,4100102,2021,9,17,6,3,2,6,0,0,1,0,0,0,0,0,13.29895775,52.53434945
12,12100103,2021,4,10,2,3,3,6,0,0,0,0,0,1,1,0,13.35963117,52.57289466
4,4300414,2021,3,16,3,3,5,2,0,1,1,0,0,0,0,0,13.30152788,52.5111623
7,7400720,2021,10,8,2,3,2,6,0,0,1,0,0,0,0,0,13.38553853,52.47116029
4,4400725,2021,12,14,5,3,2,6,1,0,1,0,0,0,1,1,13.28122703,52.49878471
3,3701657,2021,6,8,3,3,2,6,0,0,1,0,0,0,0,0,13.42458022,52.54004677
4,4200311,2021,9,20,4,3,3,6,2,0,1,0,0,1,0,1,13.28082494,52.50232738
6,4200207,2021,2,14,1,2,2,6,0,0,1,0,1,0,0,0,13.23911015,52.47102545
4,4501148,2021,6,18,7,3,8,1,0,0,1,0,0,0,0,0,13.31002254,52.48170218
7,7300619,2021,5,18,1,3,2,6,0,0,1,0,0,0,1,1,13.35569191,52.47774042
3,3601139,2021,8,19,1,3,0,1,0,1,0,0,0,0,0,0,13.41468474,52.55575777
3,3601142,2021,7,2,4,3,2,6,2,1,0,0,0,0,0,1,13.41249291,52.54318047
11,11401032,2021,10,12,4,3,5,3,0,0,1,0,0,0,1,0,13.50492697,52.51074281
8,8200622,2021,11,14,7,3,2,6,0,0,1,0,0,0,0,1,13.44758153,52.46308734
4,4400726,2021,5,15,2,3,2,6,0,0,1,0,1,0,0,0,13.28542625,52.49477785
7,7501135,2021,4,10,6,3,6,7,0,0,1,1,0,0,0,0,13.39591876,52.42410734
12,12100101,2021,1,1,2,3,5,7,2,0,1,0,0,0,0,1,13.36500662,52.56056534
4,4400830,2021,4,17,5,3,2,6,0,0,1,0,0,0,0,0,13.30548504,52.48376444
3,3400620,2021,6,9,4,3,6,4,0,1,0,1,0,0,0,0,13.39838424,52.57170897
1,1100207,2021,12,11,5,3,2,6,0,0,1,0,0,0,0,1,13.40157234,52.51144542
7,7601236,2021,5,8,4,3,2,2,0,0,1,0,0,0,0,0,13.36186011,52.41373054
10,10100312,2021,8,15,4,3,2,6,0,0,1,0,0,0,0,0,13.53694371,52.53273555
3,3601451,2021,9,12,5,3,5,2,0,1,1,0,0,0,0,0,13.4353659,52.53523727
7,7501030,2021,3,10,2,3,2,6,0,0,1,0,0,1,0,0,13.38517987,52.44842429
2,2200208,2021,6,9,3,2,5,2,0,1,0,0,0,1,0,0,13.3892593,52.49750869
5,5200528,2021,9,11,4,3,5,2,0,0,1,0,0,0,0,0,13.17906168,52.51662957
1,1100310,2021,10,14,1,3,0,2,0,1,1,0,0,0,0,0,13.41994737,52.5249572
2,2400521,2021,8,22,1,3,8,1,2,0,1,0,0,0,0,0,13.43656921,52.51749004
4,4200206,2021,7,12,7,3,1,5,0,1,1,0,0,0,0,0,13.24251411,52.50754321
7,7300619,2021,10,19,5,3,2,6,1,0,1,0,0,0,0,1,13.34769781,52.47625983
10,10300733,2021,12,18,2,3,5,3,2,1,1,0,0,0,0,0,13.5637321,52.50783755
6,6400737,2021,5,17,1,3,2,6,0,0,1,0,0,0,1,0,13.19227713,52.43216362
3,3601348,2021,2,14,3,3,0,2,0,1,0,0,0,0,1,1,13.41990858,52.53976017
3,3701657,2021,6,14,6,3,2,6,0,0,1,0,0,0,0,0,13.42884905,52.53749237
3,3200205,2021,5,13,2,2,5,2,0,1,0,0,0,1,0,0,13.40175954,52.59012808
1,1100104,2021,8,22,7,3,2,6,2,0,1,0,0,0,0,0,13.36497662,52.50225741
4,4200206,2021,9,10,4,3,3,6,0,0,1,0,0,1,0,0,13.23723155,52.5072192
1,1100310,2021,3,19,2,2,6,4,2,0,1,1,0,0,0,1,13.41984191,52.52486687
12,12400723,2021,7,13,2,3,2,6,0,0,1,0,0,0,0,0,13.31288257,52.62241325
9,9200613,2021,9,12,3,3,6,2,0,0,1,1,0,0,0,0,13.49737515,52.46486404
3,3501037,2021,11,7,3,2,0,1,0,1,0,0,0,0,0,1,13.46751364,52.56070876
2,2200208,2021,8,12,5,3,5,2,0,1,1,0,0,0,0,0,13.38926464,52.49748722
3,3400826,2021,4,16,5,3,3,6,0,0,1,0,0,0,0,0,13.41371895,52.55841353
6,6300526,2021,3,14,2,3,5,2,0,1,1,0,0,0,0,1,13.26057679,52.43498193
7,7501030,2021,10,12,4,3,5,3,0,0,1,0,1,0,0,1,13.38601273,52.44397046
1,1400940,2021,12,16,3,3,5,3,1,0,1,0,0,0,0,1,13.36549796,52.55798859
10,10300733,2021,9,7,5,3,5,3,0,0,1,0,0,0,0,1,13.55309359,52.50905064
11,11300725,2021,2,12,1,3,3,6,0,0,1,0,0,0,1,2,13.49779205,52.51150381
2,2500729,2021,6,13,7,3,2,6,0,0,1,0,0,0,0,0,13.47390386,52.51385974
6,6300527,2021,5,7,4,3,1,1,0,1,1,0,0,0,0,0,13.27251295,52.43878689
2,2500729,2021,8,14,2,3,6,4,0,1,0,1,0,0,0,0,13.47312427,52.51380154
4,4501153,2021,7,16,2,3,3,6,0,0,1,0,0,1,0,0,13.33263904,52.47788531
3,3100101,2021,7,6,6,2,2,6,0,0,1,0,0,1,0,1,13.427074,52.63372596
2,2100101,2021,10,18,7,3,5,3,0,0,1,0,0,0,1,0,13.38913953,52.49803421
11,11300722,2021,11,11,2,3,5,2,0,0,1,0,0,0,1,0,13.47729134,52.51338297
2,2200208,2021,5,8,2,3,5,2,0,1,1,0,0,0,0,0,13.38926464,52.49748722
7,7300619,2021,9,11,7,3,3,6,0,0,1,0,0,0,1,0,13.34763867,52.47608227
7,7400927,2021,4,6,3,3,2,6,0,0,1,0,0,0,0,0,13.40798451,52.46175272
7,7100205,2021,4,17,6,3,2,6,0,0,1,0,0,0,0,0,13.3624666,52.49885225
12,12100101,2021,7,15,2,3,5,2,0,1,1,0,0,0,0,0,13.36500979,52.56054822
4,4200308,2021,10,12,7,3,2,6,0,0,1,0,0,0,0,0,13.2814024,52.52246121
4,4100101,2021,12,11,3,3,2,6,0,0,1,0,0,0,0,0,13.29323882,52.53632788
6,6300527,2021,5,16,3,3,2,6,0,0,1,0,0,0,0,0,13.27637553,52.43979599
3,3601245,2021,8,18,3,3,0,7,0,1,0,0,0,0,0,0,13.42825039,52.54720625
7,7501133,2021,3,8,4,3,5,2,0,1,1,0,0,0,0,0,13.38812075,52.43758502
4,4400726,2021,6,23,1,3,8,1,2,0,1,0,0,0,0,0,13.28542393,52.49477919
11,11300722,2021,9,12,3,3,2,2,0,1,1,0,0,0,0,0,13.48424296,52.51268837
2,2200208,2021,5,15,2,3,2,2,0,0,1,0,0,0,0,0,13.38890769,52.49761247
3,3601141,2021,8,12,3,2,5,2,0,0,1,0,1,0,0,0,13.41406893,52.55056276
12,12100103,2021,7,10,3,3,5,3,0,0,1,0,0,0,0,0,13.36011558,52.57171017
4,4200206,2021,10,9,5,2,9,1,0,1,0,0,0,0,0,0,13.22169313,52.50804763
3,3601141,2021,11,17,5,3,5,2,1,1,1,0,0,0,0,0,13.41410536,52.55074519
1,1100102,2021,1,5,5,3,6,2,2,0,1,1,0,0,0,1,13.36835955,52.50632981
7,7400824,2021,6,18,1,3,6,7,0,1,0,1,0,0,0,0,13.38549107,52.46759725
12,12100205,2021,12,14,3,3,2,6,0,0,1,0,0,0,0,2,13.34766337,52.57463093
3,3300517,2021,5,8,6,3,5,2,0,1,1,0,0,0,0,1,13.47644925,52.56812514
3,3200206,2021,6,15,4,3,5,3,0,0,1,0,1,0,0,0,13.39921988,52.57427745