BEZ,LOR_ab_2021,UJAHR,UMONAT,USTUNDE,UWOCHENTAG,UKATEGORIE,UART,UTYP1,ULICHTVERH,IstRad,IstPKW,IstFuss,IstKrad,IstGkfz,IstSonstige,USTRZUSTAND,XGCSWGS84,YGCSWGS84
9,9200613,2021,11,22,3,3,2,6,2,0,1,0,0,0,0,1,13.51175443,52.45507451
7,7200411,2021,5,11,7,2,3,2,0,0,1,0,1,0,0,1,13.3571418,52.4868518
1,1300836,2021,6,8,4,3,0,6,0,0,1,0,0,0,1,0,13.36961405,52.54156608
12,12100205,2021,8,12,2,3,2,2,0,0,1,0,0,0,0,0,13.35888539,52.57327815
4,4300415,2021,9,11,3,3,2,6,0,0,1,0,0,1,0,0,13.28419315,52.50802866
4,4200310,2021,3,18,7,3,1,1,2,0,1,0,0,0,0,0,13.27526246,52.50949487
2,2500726,2021,7,7,3,3,5,2,0,1,0,0,0,0,1,0,13.44795141,52.52631441
3,3701660,2021,9,21,1,2,2,6,2,0,1,0,0,0,1,0,13.42437635,52.52889489
6,6300527,2021,11,13,7,3,3,6,0,0,1,0,0,0,0,0,13.28302944,52.44206469
1,1400940,2021,8,22,5,3,5,3,2,0,1,0,0,0,0,1,13.36525717,52.55808746
7,7501133,2021,4,16,6,3,5,2,0,1,1,0,0,0,0,0,13.39064211,52.43277363
4,4400725,2021,3,16,3,3,2,6,1,0,1,0,0,0,0,0,13.28127493,52.49872279
1,1300836,2021,10,8,4,3,0,2,0,1,1,0,0,0,0,1,13.36877047,52.54105135
10,10100312,2021,12,19,6,3,6,7,2,0,1,1,0,0,0,0,13.53687548,52.5312994
1,1300836,2021,5,12,3,2,3,6,0,0,1,0,1,0,0,0,13.36895813,52.540725
7,7501133,2021,9,8,5,3,0,2,0,0,1,0,0,0,1,1,13.39265786,52.42986686
1,1200624,2021,2,14,4,3,2,2,0,0,1,0,0,0,0,1,13.36317526,52.53582185
4,4200308,2021,6,9,4,3,2,6,0,0,1,0,0,0,0,0,13.28311385,52.5188976
3,3200206,2021,5,14,6,3,6,4,0,0,1,1,0,0,0,1,13.40194498,52.58060413
2,2500727,2021,8,23,4,2,5,2,2,1,1,0,0,0,0,0,13.45373649,52.51594944
2,2500727,2021,7,20,1,2,5,3,0,0,1,0,0,0,0,1,13.45374218,52.51593314
10,10100206,2021,7,2,2,3,0,1,2,0,1,0,0,0,0,0,13.55820894,52.56279503
12,12100204,2021,10,17,2,2,5,3,1,1,1,0,0,0,0,0,13.36419909,52.56368807
7,7200411,2021,6,14,7,3,0,4,0,0,0,1,0,0,1,0,13.35900686,52.48889052
2,2400625,2021,11,18,3,3,0,6,2,0,1,0,1,0,0,1,13.4474992,52.50351565
3,3601142,2021,9,17,7,3,2,6,0,0,1,0,0,0,0,0,13.4119848,52.54129143
3,3400620,2021,4,16,7,3,2,6,0,0,1,0,0,0,0,0,13.39821542,52.5713219
1,1300836,2021,3,17,3,2,5,7,0,0,1,0,1,0,0,0,13.36928214,52.53928626
11,11100101,2021,10,7,6,3,4,6,0,1,0,0,0,0,0,0,13.48336913,52.57673602
12,12200411,2021,6,19,7,3,2,6,0,0,1,0,1,0,0,0,13.32186823,52.56128709
4,4200206,2021,12,9,4,2,5,2,0,1,1,0,0,0,0,0,13.24966086,52.5079884
1,1100207,2021,8,11,1,2,0,1,0,1,0,0,0,0,0,0,13.40270884,52.51183509
9,9100101,2021,3,10,2,3,2,7,0,0,1,0,0,0,0,0,13.45948319,52.49291092
3,3400723,2021,6,11,3,2,0,1,0,1,0,0,0,0,0,0,13.40325192,52.56936857
1,1100310,2021,8,7,4,3,2,2,0,1,1,0,0,0,0,0,13.41992549,52.52493847
4,4501153,2021,7,23,4,2,9,1,2,0,1,0,0,0,0,0,13.32834144,52.47792883
4,4200308,2021,10,8,3,3,2,6,0,0,1,0,0,0,0,1,13.28148878,52.52216582
1,1300836,2021,11,13,6,3,5,3,0,0,1,0,1,0,0,0,13.3691776,52.54151096
2,2500728,2021,5,11,3,3,5,7,0,1,0,0,0,0,1,0,13.46180021,52.51508302
4,4501148,2021,1,17,4,3,2,6,2,0,1,0,0,0,0,1,13.30847914,52.48228796
1,1100310,2021,4,15,1,3,2,6,0,1,1,0,0,0,0,0,13.41602348,52.52215941
12,12200414,2021,6,11,4,2,3,6,0,0,1,0,0,1,0,0,13.30732632,52.55580472
4,4300414,2021,5,9,3,3,5,2,0,1,1,0,0,0,0,0,13.28927662,52.51056044
4,4400726,2021,8,8,5,3,2,6,0,0,1,0,0,0,0,0,13.28407117,52.49612928
1,1100310,2021,9,8,4,3,6,4,0,0,0,1,0,0,1,0,13.41091579,52.52333822
4,4300621,2021,3,16,4,3,5,3,0,0,1,0,0,0,0,0,13.30759447,52.51174954
7,7400720,2021,7,18,5,3,2,6,0,0,1,0,0,0,0,1,13.38605634,52.48356501
4,4200311,2021,9,8,2,3,3,6,0,0,1,0,0,0,0,0,13.28343291,52.51819924
7,7501029,2021,11,7,3,3,0,1,0,0,1,0,1,0,0,1,13.38077742,52.43825326
3,3400830,2021,8,14,6,3,2,6,0,0,1,0,0,0,0,0,13.42807446,52.5688389
2,2100101,2021,7,21,6,2,5,2,2,0,1,0,1,0,0,0,13.37693446,52.50191888
12,12200310,2021,10,12,7,3,0,7,0,0,1,0,0,0,0,0,13.30601721,52.56839236
11,11300722,2021,12,10,5,3,5,2,0,1,1,0,0,0,0,0,13.47735353,52.51337675
4,4100101,2021,1,8,1,2,0,6,0,0,1,0,0,0,1,0,13.301361,52.54712079
3,3701660,2021,6,23,1,3,0,3,2,1,1,0,0,0,0,0,13.42987932,52.53325921
6,6300629,2021,5,11,2,3,1,5,0,1,0,0,0,1,0,0,13.29466325,52.44590962
4,4100102,2021,8,19,5,2,2,6,1,0,1,0,0,0,0,0,13.2930673,52.53368955
2,2500727,2021,7,15,2,2,3,6,0,1,0,0,0,0,0,0,13.45421591,52.51565533
11,11300722,2021,10,13,7,3,2,6,0,1,0,0,0,0,0,0,13.48112131,52.51313565
2,2500834,2021,11,3,1,2,0,1,2,1,0,0,0,0,0,0,13.45142471,52.50940048
3,3601139,2021,9,17,6,3,5,2,0,1,1,0,0,0,0,0,13.41450382,52.5570281
3,3400721,2021,6,16,7,3,3,6,0,1,0,0,0,0,1,0,13.40048873,52.56972417
3,3500934,2021,4,14,3,3,4,7,0,1,0,0,0,0,0,0,13.42985251,52.55349981
3,3400723,2021,3,11,5,3,6,2,0,0,1,1,0,0,0,0,13.40354189,52.56927169
1,1401044,2021,10,16,5,3,2,6,0,0,1,0,0,0,0,1,13.36719232,52.55166363
6,6300527,2021,12,19,7,3,5,7,2,0,1,0,0,0,0,1,13.27145652,52.43826426
7,7400825,2021,9,7,3,3,2,6,0,0,1,0,1,0,0,0,13.38443215,52.45348006
3,3100101,2021,2,6,3,3,8,1,2,0,0,0,0,0,1,2,13.45785602,52.63080522
4,4400830,2021,6,11,5,3,3,6,0,0,0,0,1,0,1,0,13.30673628,52.48290756
4,4300621,2021,5,16,3,3,3,6,0,0,1,0,1,0,0,1,13.30482429,52.51137803
7,7200308,2021,8,20,2,3,5,7,2,1,1,0,0,0,0,1,13.35098739,52.48075255
1,1300836,2021,7,18,4,3,5,2,0,1,1,0,0,0,0,0,13.36833544,52.54111107
6,6300629,2021,7,3,2,2,8,1,2,0,1,0,0,0,0,0,13.30937394,52.45136308
6,6300629,2021,10,13,4,3,3,6,0,0,1,0,0,1,0,0,13.30639882,52.45026177
4,4300414,2021,11,16,5,3,5,3,0,1,1,0,0,0,0,0,13.28935115,52.51056514
11,11300724,2021,5,9,2,3,2,6,0,0,1,0,1,0,0,0,13.48470792,52.51277382
11,11300724,2021,9,13,6,2,5,2,0,1,1,0,0,0,0,0,13.48833059,52.51240722
12,12100204,2021,4,9,4,3,3,6,0,0,1,0,0,0,0,0,13.36425908,52.56338946
2,2100101,2021,4,13,1,3,5,2,0,1,1,0,0,0,0,0,13.38055708,52.49924537
2,2400521,2021,7,18,5,3,3,6,0,1,0,0,0,0,1,0,13.43929741,52.51721209
3,3601449,2021,10,15,3,3,2,6,0,0,1,0,0,0,1,0,13.44553246,52.5457734
1,1100310,2021,12,23,2,3,5,3,2,0,1,0,0,0,0,0,13.4090424,52.51708799
2,2500726,2021,8,18,5,3,1,5,0,1,1,0,0,0,0,0,13.44915382,52.52388492
10,10400837,2021,9,10,6,3,5,3,0,0,1,0,0,0,0,0,13.588042,52.5050063
6,6400737,2021,2,11,7,3,0,3,0,1,1,0,0,0,0,0,13.21771065,52.42802
9,9100203,2021,6,8,2,3,0,3,0,1,1,0,0,0,0,0,13.47946399,52.48451132
4,4300413,2021,9,2,1,2,8,1,2,0,1,0,0,0,0,0,13.28490476,52.51629088
11,11401032,2021,11,9,5,3,6,2,0,0,1,1,0,0,0,1,13.5044857,52.51065217
7,7400721,2021,8,20,4,3,1,5,2,0,1,0,0,0,0,1,13.38591433,52.47717555
1,1100310,2021,7,23,7,3,5,3,2,1,1,0,0,0,0,0,13.4049104,52.52018736
2,2500727,2021,10,21,2,3,0,1,2,0,0,0,1,0,0,1,13.46004525,52.51511943
3,3200206,2021,11,21,3,3,4,1,2,0,1,0,0,0,0,1,13.39881719,52.58004518
3,3601449,2021,5,17,7,3,5,2,0,0,1,0,0,0,0,0,13.44494154,52.54550486
4,4400727,2021,1,11,3,3,0,1,0,0,0,0,1,0,0,1,13.29304849,52.49252447
7,7200411,2021,6,14,2,3,0,2,0,0,1,0,0,0,1,0,13.35834524,52.48847821
4,4300414,2021,5,15,3,3,5,2,0,1,1,0,0,0,0,0,13.29915319,52.51119578
4,4300414,2021,8,14,2,3,2,7,0,0,0,0,1,0,1,0,13.30080772,52.51130481
10,10400941,2021,9,5,2,2,3,6,2,0,1,0,1,0,0,0,13.62336377,52.50400535
12,12601032,2021,9,7,4,3,5,2,0,1,1,0,0,0,0,0,13.32392016,52.60776388
7,7501133,2021,4,18,3,3,2,6,0,0,1,0,0,0,0,0,13.37980261,52.4370188
10,10100210,2021,4,15,6,2,2,6,0,0,1,0,1,0,0,0,13.54809582,52.5506811
3,3601449,2021,7,15,6,2,5,2,0,1,1,0,0,0,0,0,13.44453458,52.54531142
4,4300621,2021,10,19,3,3,2,1,1,0,1,0,0,0,0,0,13.31465739,52.51201833
10,10100210,2021,6,13,7,3,2,2,0,1,1,0,0,0,0,0,13.54843398,52.5507742
11,11401034,2021,12,20,2,2,0,1,2,0,1,0,0,0,0,0,13.52690284,52.51013474
11,11401032,2021,8,15,2,3,2,6,0,0,1,0,1,0,0,0,13.50460577,52.51064239
6,6400735,2021,9,18,4,1,0,7,0,0,1,0,1,0,0,0,13.15301743,52.41888191
3,3601449,2021,3,15,3,3,5,2,0,1,0,0,0,1,0,0,13.4446604,52.54563367
4,4100102,2021,6,15,3,3,2,6,0,0,1,0,0,0,0,0,13.29881631,52.53417483
7,7400824,2021,9,18,5,3,3,6,0,0,1,0,1,0,0,0,13.38477876,52.46018699
11,11100101,2021,8,13,5,2,2,6,0,0,1,0,0,1,0,0,13.48334812,52.58320088
2,3601452,2021,7,17,4,3,2,6,0,0,1,0,0,0,1,0,13.44726117,52.52657248
1,1200624,2021,10,18,5,3,2,6,2,0,1,0,0,0,0,0,13.3639607,52.53488129
4,4400727,2021,11,19,2,3,2,6,2,0,1,0,0,0,0,1,13.29303771,52.49253076
7,7400927,2021,1,12,5,3,0,7,0,0,1,0,0,0,0,1,13.40485954,52.46278679
12,12601032,2021,6,10,7,3,6,3,0,0,1,1,0,0,0,0,13.32536685,52.60613098
7,7501030,2021,12,18,4,3,6,2,2,0,1,1,0,0,0,1,13.38439189,52.45256849
7,7400720,2021,5,23,3,3,1,5,2,0,0,0,1,0,1,1,13.38578174,52.48090389
2,2500729,2021,8,10,5,3,0,3,0,0,1,0,0,0,1,0,13.46785627,52.51447933
3,3601142,2021,9,16,2,2,5,3,0,1,0,0,0,0,0,0,13.41245677,52.54274037
4,4200207,2021,3,4,7,2,2,6,2,0,1,0,1,0,1,1,13.23899049,52.47093194
3,3100101,2021,6,18,4,3,9,1,0,0,1,0,0,0,0,1,13.44666278,52.63364485
1,1100310,2021,9,17,5,3,3,6,0,0,1,0,1,0,0,0,13.41554844,52.52143608
3,3601347,2021,11,15,3,2,1,5,0,1,0,0,0,0,1,1,13.41533215,52.54047288
5,5200528,2021,9,16,4,3,6,2,0,0,1,1,0,0,0,0,13.17890421,52.51652724
8,8100521,2021,7,17,7,3,2,6,0,0,1,0,0,0,0,0,13.45614694,52.46423456
6,6400736,2021,10,17,7,3,2,6,2,0,1,0,0,0,0,1,13.19628971,52.41961237
12,12200310,2021,12,8,3,3,2,6,0,0,1,0,0,0,0,0,13.30761505,52.5662716
2,2400522,2021,1,14,3,3,0,6,0,0,1,0,1,0,0,1,13.44473848,52.51666743
7,7400720,2021,6,15,7,3,3,6,0,0,1,0,0,0,0,1,13.38579117,52.47112559
3,3601452,2021,5,10,2,3,5,7,0,0,1,0,0,0,1,0,13.44414166,52.52947623
7,7400824,2021,8,14,5,3,0,6,0,0,0,0,0,0,1,0,13.3853502,52.46274316
6,6300629,2021,7,7,4,3,2,6,0,0,1,0,0,0,0,1,13.28350673,52.4422086
7,7100205,2021,10,6,2,3,0,7,1,0,1,0,1,0,0,1,13.36166184,52.4969426
12,12200414,2021,11,14,6,3,2,6,0,0,1,0,0,0,0,0,13.31029503,52.55878643
4,4200206,2021,9,11,6,3,3,6,0,1,1,0,0,0,0,0,13.2563464,52.5084002
4,4501151,2021,6,14,7,3,2,6,0,0,1,0,0,0,0,0,13.32661941,52.47793589
4,4300414,2021,4,7,6,3,5,2,0,0,1,0,0,0,0,0,13.30157929,52.5113558
4,4200311,2021,3,19,1,3,9,1,2,0,1,0,0,0,0,0,13.27975561,52.50067867
4,4100101,2021,10,10,4,3,3,6,0,0,1,0,0,0,0,0,13.28644153,52.53221926
1,1100102,2021,12,17,7,3,9,1,2,0,0,0,1,0,0,1,13.36893022,52.50678259
7,7400721,2021,9,12,7,3,0,1,0,1,0,0,0,0,0,0,13.38565479,52.475528
7,7100206,2021,2,9,5,3,0,6,0,0,1,0,0,0,1,1,13.36066564,52.49107364
9,9100202,2021,6,18,6,3,0,2,0,0,1,0,0,0,1,0,13.46504912,52.48670604
3,3601452,2021,5,16,2,3,0,1,0,1,0,0,0,0,0,0,13.44487231,52.52920484
1,1100104,2021,8,13,3,3,2,6,0,0,1,0,0,0,0,1,13.3659804,52.50341492
4,4200311,2021,7,11,5,3,3,6,0,0,1,0,0,1,0,0,13.2808629,52.50298296
4,4200207,2021,10,13,1,3,2,1,0,0,1,0,0,0,0,0,13.26969396,52.49621407
1,1300836,2021,11,11,4,3,2,2,0,0,1,0,0,0,0,1,13.37016884,52.5399709
3,3701657,2021,9,14,3,3,5,3,0,1,0,0,0,0,0,0,13.42900638,52.53770423
1,1100205,2021,4,8,3,3,2,2,0,0,1,0,0,0,0,0,13.3764889,52.5094033
2,2500727,2021,4,12,4,3,2,6,0,0,1,0,0,0,0,1,13.45954591,52.51516917
7,7400822,2021,6,7,4,3,2,6,0,0,1,0,0,1,0,0,13.36677338,52.47220297
1,1100102,2021,11,19,6,3,2,6,1,0,1,0,0,0,0,0,13.34375306,52.51400274
2,2200208,2021,8,11,4,3,3,6,0,0,1,0,0,0,0,0,13.3883765,52.4937396
7,7501030,2021,9,15,6,3,5,2,0,0,1,0,0,0,0,1,13.38601126,52.44397836
11,11300724,2021,2,8,3,3,5,2,0,1,1,0,0,0,0,0,13.48834063,52.51240623
6,6100209,2021,6,14,5,3,0,1,0,0,0,0,1,0,0,0,13.33141985,52.46339398
6,6300629,2021,9,13,7,3,5,3,0,0,1,0,1,0,0,0,13.29501643,52.44603793
4,4200311,2021,11,11,4,3,2,6,0,0,1,0,0,0,0,0,13.28166238,52.50544352
4,4400726,2021,8,17,6,2,2,6,0,0,1,0,0,0,0,0,13.28388109,52.49612319
7,7200308,2021,7,12,6,3,2,6,0,0,1,0,0,0,0,0,13.34828776,52.48184447
3,3400723,2021,10,11,3,3,3,6,0,1,1,0,0,0,0,0,13.40456749,52.56799692
7,7400720,2021,12,12,3,3,0,6,0,0,1,0,0,0,1,1,13.38553922,52.47118758
4,4300414,2021,5,14,1,3,3,6,0,1,1,0,0,0,0,0,13.29029233,52.51045857
1,1100310,2021,1,19,5,3,2,6,2,0,1,0,0,0,0,1,13.416011,52.52216485
12,12500926,2021,6,13,5,3,0,5,0,0,1,0,0,0,0,0,13.33628346,52.59170366
7,7200411,2021,5,8,6,3,5,2,0,1,0,0,0,0,1,0,13.35717601,52.48688891
7,7400824,2021,8,17,6,3,5,3,0,1,1,0,0,0,0,0,13.38509429,52.46164639
1,1100102,2021,9,8,2,3,3,6,0,0,1,0,0,0,0,0,13.36862745,52.50677973
12,12500927,2021,3,19,1,2,3,6,2,0,1,0,0,0,0,1,13.33263831,52.59755348
5,5200634,2021,7,17,5,3,2,6,0,0,1,0,0,0,0,1,13.20457808,52.51149959
4,4300414,2021,9,10,3,3,5,3,0,1,1,0,0,0,0,1,13.30145982,52.51115763
7,7400825,2021,11,13,2,3,2,6,0,0,1,0,0,0,0,0,13.38442093,52.45354194
4,4400726,2021,8,8,5,3,0,1,0,0,0,0,1,0,0,0,13.2897882,52.49399066
7,7300619,2021,4,23,4,2,9,1,2,0,1,0,0,0,0,0,13.3626805,52.47402853
12,12100101,2021,10,5,4,3,3,6,2,1,1,0,0,0,0,1,13.36470276,52.56098626
2,2200209,2021,12,11,7,3,2,6,0,0,1,0,0,0,1,1,13.38633324,52.48908358
7,7601236,2021,2,19,3,2,6,4,2,0,1,1,0,0,0,1,13.36875702,52.42011057
3,3701660,2021,6,7,5,3,1,5,0,1,1,0,0,0,0,0,13.4303343,52.53365435
4,4200311,2021,5,14,6,2,5,2,0,1,0,0,0,1,0,0,13.2820196,52.50994089
8,8200622,2021,8,10,6,3,3,6,0,0,1,0,0,1,0,0,13.43989377,52.46271215
12,12100205,2021,7,16,7,3,0,7,0,1,0,0,0,0,0,0,13.34771421,52.57543649
7,7501029,2021,10,20,1,3,2,1,0,0,1,0,0,0,0,0,13.38181196,52.43926129
6,6400735,2021,11,13,7,3,0,1,0,0,0,0,1,0,0,1,13.14302077,52.41777103
12,12200515,2021,9,17,6,3,2,6,0,0,1,0,0,0,0,0,13.29167749,52.58620991
1,1100310,2021,4,9,4,3,5,2,0,1,0,0,0,0,1,0,13.41676992,52.52208754
2,2500727,2021,3,22,2,3,0,1,2,1,0,0,0,0,0,0,13.45420082,52.51589788
12,12200515,2021,3,15,5,2,8,1,0,0,1,0,0,0,0,1,13.29146533,52.5862549
7,7501030,2021,6,7,2,3,5,3,0,1,1,0,0,0,0,0,13.38437211,52.4526711
6,6300526,2021,10,12,6,3,6,6,0,0,1,1,0,0,0,0,13.26036873,52.43502197
11,11300724,2021,11,18,2,3,3,6,2,1,0,0,0,0,1,0,13.48760591,52.51234514
3,3601449,2021,9,10,4,3,5,2,0,0,1,0,0,0,1,0,13.44477374,52.54568571
1,1100102,2021,10,10,7,2,5,2,0,0,1,0,1,0,0,0,13.36986084,52.51583152
7,7400927,2021,12,7,2,3,2,6,2,0,1,0,0,0,1,1,13.39566007,52.46702181
6,6300629,2021,1,18,2,3,4,6,2,0,1,0,0,0,0,1,13.30738905,52.45062835
9,9100409,2021,6,8,6,1,2,6,0,0,0,0,0,1,0,0,13.5010437,52.43224498
7,7400825,2021,5,12,3,3,2,6,0,0,1,0,0,0,1,0,13.38452634,52.45296049
4,4200311,2021,8,8,5,3,0,1,0,1,0,0,0,0,0,0,13.28142498,52.50990172
12,12500928,2021,7,11,4,3,5,3,0,0,1,0,0,0,0,1,13.31889567,52.61080841
9,9100306,2021,10,14,7,3,2,6,0,0,1,0,0,0,0,0,13.46145126,52.45412798
10,10100311,2021,11,16,5,3,2,6,0,0,1,0,0,0,0,1,13.54003133,52.5099032
6,6400737,2021,9,18,5,2,6,4,0,0,1,1,0,0,0,0,13.21483292,52.427563
7,7400822,2021,4,13,5,3,2,6,0,0,1,0,0,0,0,0,13.36641829,52.47236315
4,4200311,2021,3,9,3,3,2,6,0,0,1,0,0,0,0,0,13.28192541,52.50993475
3,3601347,2021,10,21,4,3,0,1,2,1,0,0,0,0,0,0,13.41434792,52.54079379
7,7400927,2021,12,16,2,3,3,6,2,0,1,0,0,1,0,0,13.40053091,52.46520905
1,1400940,2021,5,15,3,3,3,2,0,1,1,0,0,0,0,0,13.36526034,52.55807102
1,1100207,2021,5,22,2,3,5,3,2,1,1,0,0,0,0,0,13.40174286,52.511345
1,1100102,2021,9,8,5,3,0,1,0,1,0,0,0,0,0,1,13.37348292,52.50916707
4,4300415,2021,2,14,4,3,2,6,0,0,1,0,0,0,0,1,13.2842139,52.50805929
7,7501133,2021,6,8,3,3,0,2,0,0,1,0,0,0,0,0,13.37640448,52.43083057
7,7200411,2021,5,13,3,3,2,6,0,0,1,0,0,0,0,1,13.35945452,52.48938306
3,3601141,2021,8,17,2,3,6,7,0,0,1,1,0,0,0,0,13.41406144,52.55052077
3,3601142,2021,7,10,6,3,4,6,0,1,0,0,0,0,0,1,13.41248793,52.54494468
7,7601236,2021,10,16,2,3,5,2,0,1,0,0,0,1,0,0,13.36192595,52.41365089
10,10100206,2021,11,9,2,3,5,7,0,0,1,0,0,0,0,1,13.55676734,52.56073603
4,4100101,2021,4,8,3,3,2,6,0,0,1,0,0,0,0,0,13.29026701,52.5334535
3,3601449,2021,3,10,7,3,3,6,0,1,0,0,0,0,0,1,13.44032778,52.54223456
1,1100310,2021,6,21,4,3,5,2,0,0,1,0,1,0,0,0,13.40906113,52.51710424
3,3200205,2021,11,7,2,3,5,3,0,1,1,0,0,0,0,0,13.40278764,52.5931591
3,3400724,2021,12,15,5,3,2,6,0,0,1,0,0,0,1,1,13.43122327,52.5832086
4,4100101,2021,7,11,7,3,2,6,0,0,1,0,0,0,0,0,13.2891929,52.53325019
12,12400721,2021,9,12,4,3,1,5,0,0,1,0,0,0,0,0,13.3023591,52.64238688
2,2500726,2021,2,16,6,3,5,3,0,0,1,0,1,0,0,0,13.44752607,52.52627881
12,12601031,2021,7,15,6,2,5,2,0,1,1,0,0,0,0,0,13.33023589,52.60151812
4,4200311,2021,9,15,4,3,3,6,0,0,1,0,1,0,0,0,13.28335256,52.50836213
3,3200206,2021,10,5,1,3,1,5,2,0,1,0,0,0,0,0,13.39931837,52.57454582
2,2400521,2021,8,7,2,3,5,2,0,0,1,0,1,0,0,1,13.4279263,52.5189163
4,4300415,2021,7,13,6,3,2,6,0,0,1,0,0,0,0,0,13.28494176,52.50913759
6,6300527,2021,10,18,6,3,3,6,1,0,1,0,0,0,0,1,13.2712888,52.43820903
2,2500727,2021,12,20,6,3,1,1,2,0,1,0,0,0,1,0,13.45370483,52.5172784
9,9100202,2021,5,8,2,3,2,6,0,0,1,0,0,0,1,0,13.46499367,52.48674254
2,2500834,2021,1,12,4,3,5,2,0,1,1,0,0,0,0,0,13.45146841,52.50949301
6,6400737,2021,6,16,5,3,3,6,0,0,1,0,0,0,0,0,13.19940052,52.42177124
1,1200624,2021,5,16,6,3,2,6,0,0,1,0,0,0,0,0,13.3634008,52.53593132
7,7200308,2021,8,19,6,3,0,2,0,1,1,0,0,0,0,1,13.35000329,52.48117901
2,1100104,2021,9,12,3,3,2,6,0,0,1,0,0,0,1,0,13.37268924,52.50410291
7,7400824,2021,3,8,5,3,3,2,0,0,1,0,0,1,0,0,13.38576099,52.47004903
4,4200311,2021,7,16,3,3,2,6,0,0,1,0,0,0,1,0,13.28537966,52.51361912
1,1100310,2021,9,21,5,3,3,6,2,0,1,0,1,0,0,0,13.42000964,52.5250109
5,5200528,2021,11,8,6,3,2,6,0,0,1,0,0,0,0,1,13.17956405,52.51655187
12,12100205,2021,8,7,3,3,5,2,1,1,1,0,0,0,0,1,13.34663812,52.57934099
3,3100101,2021,4,14,4,3,5,3,0,0,1,0,0,0,0,0,13.44334217,52.61541936
1,1100310,2021,3,16,3,3,2,6,0,1,0,0,0,0,0,0,13.40906572,52.51710822
6,6400737,2021,10,19,2,3,3,6,2,1,1,0,0,0,0,0,13.21205373,52.4269221
7,7300619,2021,12,16,7,3,2,6,1,0,1,0,0,1,0,0,13.3551274,52.47345193
8,8200622,2021,9,16,4,3,2,6,1,0,1,0,0,0,0,1,13.44620511,52.46311984
3,3601451,2021,2,16,3,2,5,3,1,1,1,0,0,0,0,1,13.43375313,52.53699418
4,4300622,2021,6,12,7,3,0,1,0,0,0,0,1,0,0,0,13.32010373,52.51257028
7,7400927,2021,5,18,5,3,0,6,0,0,1,0,1,0,0,1,13.39506321,52.4671219
1,1400940,2021,8,17,4,3,0,7,0,1,0,0,0,0,0,1,13.36548452,52.55807366
3,3400620,2021,7,8,5,3,0,1,0,1,0,0,0,0,0,0,13.39821612,52.57132352
4,4200206,2021,7,10,3,3,2,6,0,0,1,0,1,0,0,0,13.24169168,52.50749368
7,7200308,2021,10,13,3,3,2,6,0,0,1,0,1,0,0,1,13.35031327,52.48088001
4,4200310,2021,11,12,3,3,0,7,0,1,0,0,0,0,0,1,13.26940603,52.50918961
4,4300414,2021,9,12,6,3,0,5,0,0,1,0,0,0,1,0,13.29826568,52.51113712
3,3400723,2021,4,18,6,3,5,2,0,1,1,0,0,0,0,0,13.40329382,52.5693743
3,3200206,2021,4,14,6,3,0,1,0,1,0,0,0,0,0,0,13.39864471,52.57585475
3,3701660,2021,10,8,4,3,5,3,0,1,0,0,0,0,0,0,13.42375707,52.52835429
12,12100204,2021,12,13,5,3,1,7,0,0,1,0,0,0,0,0,13.36353408,52.56512859
7,7501133,2021,8,13,3,3,2,6,0,0,1,0,0,0,0,0,13.37559218,52.42910055
4,4300415,2021,3,9,2,3,2,6,0,0,1,0,0,0,0,0,13.28148841,52.5029298
4,4300621,2021,6,8,3,3,3,6,0,0,1,0,0,0,0,0,13.31127631,52.51179663
3,3601142,2021,4,18,6,3,6,4,0,1,0,1,0,0,0,0,13.41249604,52.54321913
7,7501135,2021,8,10,7,2,3,6,0,0,1,0,1,0,0,0,13.39790797,52.41996944
10,10300734,2021,7,8,3,3,5,7,0,0,1,0,0,1,0,0,13.57589679,52.50518493
3,3601451,2021,10,9,4,3,5,2,0,1,1,0,0,0,0,0,13.43519232,52.53532094
1,1300836,2021,11,17,2,3,6,2,2,0,1,1,0,0,0,1,13.3687787,52.54116038
7,7400928,2021,5,7,5,3,2,6,0,0,1,0,0,0,0,0,13.41866176,52.46097357
1,1100205,2021,1,6,2,3,5,2,2,0,1,0,0,0,0,1,13.37671327,52.50959471
7,7501133,2021,4,21,7,2,0,1,2,1,0,0,0,0,0,0,13.38349088,52.43954424
1,1300836,2021,6,18,4,3,2,6,0,0,1,0,0,0,1,0,13.37012224,52.53975283
3,3701657,2021,5,20,3,3,2,2,1,1,1,0,0,0,0,0,13.42858271,52.53758416
7,7400825,2021,8,18,7,3,2,6,0,0,1,0,0,0,0,0,13.38440145,52.45365215
1,1100206,2021,9,13,7,3,0,1,0,0,0,0,0,0,1,0,13.39195597,52.51706851
4,4200311,2021,3,15,3,3,2,6,0,0,1,0,0,0,0,0,13.27409546,52.49920874
1,1100310,2021,7,23,6,2,5,2,2,0,0,0,0,0,1,0,13.40483908,52.52015145
3,3601141,2021,9,16,5,2,3,6,0,1,0,0,0,0,0,0,13.4141774,52.55111594
10,10100210,2021,11,14,3,3,5,3,0,0,1,0,1,0,0,0,13.54248611,52.54372428