BEZ,LOR_ab_2021,UJAHR,UMONAT,USTUNDE,UWOCHENTAG,UKATEGORIE,UART,UTYP1,ULICHTVERH,IstRad,IstPKW,IstFuss,IstKrad,IstGkfz,IstSonstige,USTRZUSTAND,XGCSWGS84,YGCSWGS84
4,4200310,2021,10,8,6,3,5,3,0,0,1,0,0,1,0,0,13.27148054,52.50912012
4,4200207,2021,12,16,4,3,2,6,2,0,1,0,0,0,0,0,13.24424453,52.47563694
1,1401044,2021,9,15,6,3,2,6,0,0,1,0,0,0,0,0,13.36867653,52.54915714
2,2500728,2021,2,13,5,3,5,3,0,1,1,0,0,0,0,0,13.46724092,52.51438928
2,2100101,2021,6,10,3,3,3,6,0,1,1,0,0,0,0,0,13.37729539,52.50151548
11,11100101,2021,5,8,3,3,2,2,0,0,1,0,0,0,0,0,13.48339508,52.57733478
4,4400830,2021,8,12,2,3,2,6,0,0,1,0,0,0,1,0,13.30117824,52.48705576
6,6100209,2021,7,13,6,3,2,6,0,0,1,0,0,0,0,0,13.32792044,52.46034174
12,12200412,2021,10,10,7,2,2,6,0,0,1,0,1,0,0,0,13.29815023,52.57765295
2,2200209,2021,11,16,6,3,2,7,1,1,1,0,0,0,0,0,13.38605548,52.48596612
7,7300619,2021,1,15,4,3,5,3,0,0,1,0,0,0,0,1,13.35412511,52.47902569
7,7300619,2021,4,16,6,3,2,6,0,0,1,0,0,0,0,0,13.35758621,52.47386353
7,7501133,2021,6,17,3,3,0,7,0,1,0,0,0,0,0,0,13.39118019,52.432474
1,1401049,2021,12,13,4,3,2,6,0,0,1,0,0,0,0,1,13.36561915,52.55623369
7,7400822,2021,5,13,1,3,8,1,0,0,1,0,0,0,0,1,13.37071737,52.47085837
2,2200207,2021,6,12,3,3,5,3,0,1,1,0,0,0,0,0,13.37474723,52.50244806
7,7200308,2021,8,7,3,3,0,2,0,1,1,0,0,0,0,0,13.34828776,52.48184447
7,7501030,2021,9,10,6,3,2,6,0,0,1,0,0,0,0,0,13.38461677,52.45140156
1,1300836,2021,3,18,2,3,0,2,1,1,1,0,0,0,0,0,13.36990544,52.54180916
4,4100101,2021,6,7,4,3,3,6,0,0,1,0,1,0,0,1,13.28792857,52.53286488
4,4100101,2021,9,20,7,3,3,6,2,0,1,0,0,1,0,0,13.29791999,52.54452017
7,7601236,2021,11,6,3,2,6,4,2,0,1,1,0,0,0,1,13.36602477,52.41682539
2,2200208,2021,8,20,4,3,5,2,2,1,1,0,0,0,0,1,13.38926747,52.49747582
1,1100206,2021,7,19,4,3,0,3,0,1,0,0,1,0,0,0,13.39387449,52.51726376
11,11100101,2021,10,5,5,3,2,1,2,0,1,0,0,1,0,1,13.48338311,52.5773747
4,4100101,2021,12,7,7,3,3,6,0,0,1,0,0,0,0,1,13.32110354,52.53720694
7,7400928,2021,5,16,7,3,3,6,2,0,1,0,0,0,0,0,13.4194193,52.46101338
11,11300722,2021,1,11,4,3,2,2,0,1,1,0,0,0,0,1,13.47746852,52.51351122
11,11401034,2021,6,15,5,3,5,3,0,1,1,0,0,0,0,0,13.52397394,52.50997868
4,4200310,2021,5,9,2,3,2,6,0,0,1,0,0,0,0,0,13.26167137,52.50871161
4,4300414,2021,6,23,5,3,3,6,2,0,1,0,0,0,0,0,13.29542272,52.51094915
7,7400824,2021,8,6,3,3,5,2,0,0,1,0,0,0,0,0,13.38574085,52.46946372
4,4400725,2021,9,15,2,2,2,6,0,0,1,0,1,0,0,0,13.28123397,52.49877575
7,7501133,2021,3,10,5,3,3,6,0,0,1,0,0,1,1,0,13.37957311,52.4367252
4,4200206,2021,7,14,6,3,4,6,0,0,1,0,0,0,0,0,13.22213978,52.50795806
2,2500727,2021,9,17,5,3,5,2,1,1,1,0,0,0,0,1,13.4537751,52.51572177
2,2500830,2021,11,3,1,3,3,6,2,0,1,0,1,0,0,0,13.45373225,52.51555747
12,12100205,2021,8,15,1,2,5,3,0,0,1,0,0,0,0,0,13.34765214,52.57445301
1,1300836,2021,4,9,5,3,5,2,0,1,0,0,0,0,1,0,13.36857367,52.54121646
9,9100409,2021,3,11,5,3,2,6,0,0,0,0,0,1,0,0,13.50468112,52.43060801
1,1100205,2021,10,21,3,2,5,2,2,1,1,0,0,0,0,1,13.38738301,52.51020533
3,3601449,2021,12,10,2,3,1,5,0,1,1,0,0,0,0,1,13.44529153,52.54592345
3,3601451,2021,9,17,6,3,5,2,0,1,1,0,0,0,0,0,13.43337001,52.53619615
2,2400520,2021,2,16,7,3,0,2,2,0,1,0,0,0,1,1,13.42167715,52.5264068
9,9200613,2021,6,13,7,3,2,3,0,1,1,0,0,0,0,0,13.49816981,52.4643193
4,4200308,2021,5,15,2,3,0,1,0,0,0,0,1,0,0,0,13.28152833,52.52263218
4,4400725,2021,5,19,1,3,2,6,0,0,1,0,0,0,0,0,13.28052282,52.49969308
9,9100101,2021,8,3,1,3,5,3,2,0,1,0,0,0,1,0,13.45781426,52.49161541
1,1100205,2021,7,17,4,3,2,6,0,0,1,0,0,0,0,0,13.38255087,52.50990357
1,1100102,2021,7,22,7,3,5,3,2,0,1,0,1,0,0,0,13.37213533,52.50507831
9,9100306,2021,10,22,2,3,3,6,2,0,1,0,0,0,0,0,13.45973473,52.45680927
3,3100101,2021,11,18,5,3,5,3,2,0,1,0,0,1,0,1,13.43479936,52.63825378
12,12500930,2021,9,19,7,3,6,4,1,0,1,1,0,0,0,0,13.34403949,52.58271477
7,7400822,2021,4,17,2,3,2,6,0,0,1,0,0,0,1,0,13.36680398,52.47235478
3,3601245,2021,3,20,3,3,3,6,2,0,1,0,1,0,0,0,13.42973401,52.54988759
3,3701657,2021,7,18,5,3,0,2,0,0,1,0,1,0,0,0,13.42628454,52.53835491
7,7501133,2021,10,15,7,3,2,6,0,0,1,0,0,0,0,0,13.37969474,52.43688081
10,10400940,2021,12,15,1,3,5,2,1,0,1,0,0,0,0,2,13.59868752,52.50487908
10,10100208,2021,8,16,5,3,2,6,0,0,1,0,0,0,0,0,13.54904507,52.55178719
7,7200410,2021,2,14,7,3,3,6,0,0,1,0,0,0,1,0,13.35526391,52.48572175
7,7501029,2021,6,14,3,2,5,2,0,1,0,0,0,1,0,0,13.38057827,52.43790126
2,2500727,2021,9,8,6,3,6,4,0,1,0,1,0,0,0,0,13.45296662,52.51803382
4,4200207,2021,5,12,3,3,3,6,0,0,1,0,0,1,0,0,13.26275116,52.49099735
3,3601142,2021,8,17,3,3,6,4,0,0,1,1,0,0,0,0,13.41196893,52.54107324
4,4200310,2021,7,13,1,2,5,2,0,0,1,0,1,0,0,0,13.26002937,52.50862164
2,2500729,2021,10,19,4,3,2,6,1,0,1,0,0,0,0,0,13.4739491,52.51371351
2,2400522,2021,11,16,4,3,2,6,1,0,1,0,0,0,1,1,13.45144259,52.51599028
11,11100101,2021,5,10,7,2,0,2,0,1,1,0,0,0,0,0,13.48292472,52.5810402
12,12100103,2021,1,17,4,3,2,6,2,0,1,0,0,0,0,1,13.35937835,52.57326443
3,3601452,2021,4,23,1,3,5,2,2,1,1,0,0,0,0,0,13.44221364,52.53125006
3,3701660,2021,6,13,4,3,3,6,0,1,1,0,0,0,0,0,13.42369884,52.52830346
7,7400823,2021,12,20,2,3,3,6,2,0,1,0,0,0,0,1,13.37344559,52.47049787
3,3701660,2021,5,6,6,1,5,2,0,1,0,0,0,1,0,1,13.4237121,52.52831503
6,6400735,2021,8,17,6,3,3,6,0,1,1,0,0,0,0,0,13.15576321,52.41917968
1,1100310,2021,9,10,4,3,3,6,0,0,1,0,1,0,0,0,13.41235235,52.51905376
5,5200528,2021,3,18,6,3,1,6,1,0,1,0,1,0,1,0,13.17681416,52.51524595
11,11300722,2021,6,14,2,3,2,6,0,1,0,0,0,0,1,0,13.47723628,52.51338847
3,3601348,2021,9,0,3,3,1,7,2,0,0,0,0,0,1,0,13.42092254,52.53979834
9,9100305,2021,11,9,2,3,5,2,0,1,1,0,0,0,0,1,13.49304428,52.46785689
5,5400943,2021,8,13,7,3,2,6,0,0,1,0,0,0,0,0,13.12855526,52.47985216
4,4300622,2021,7,17,5,3,3,6,0,1,1,0,0,0,0,0,13.32291539,52.51241525
1,1100102,2021,10,3,1,3,1,5,2,0,1,0,0,0,1,0,13.34332373,52.51411115
7,7300619,2021,12,13,5,3,0,1,0,0,1,0,0,0,0,0,13.34740521,52.47249805
10,10400941,2021,1,16,3,3,3,6,1,0,1,0,0,0,0,1,13.61426306,52.50476281
3,3601449,2021,6,7,2,2,5,2,0,1,1,0,0,0,0,0,13.44500308,52.54553283
4,4400830,2021,5,5,2,3,3,1,0,0,1,0,1,0,0,1,13.30450984,52.4847583
6,6100209,2021,6,12,6,3,5,3,0,0,1,0,1,0,0,0,13.32787965,52.46059003
7,7400822,2021,8,13,4,3,2,6,0,0,1,0,0,0,0,0,13.36490119,52.47306026
6,6400737,2021,7,14,2,3,2,6,0,0,1,0,0,0,0,1,13.19491077,52.43610912
12,12500930,2021,10,7,7,3,2,6,0,0,1,0,0,0,0,0,13.34146688,52.58608152
3,3100103,2021,11,16,3,3,8,1,2,0,1,0,0,0,0,0,13.49230175,52.62280342
3,3601142,2021,9,19,1,3,6,7,2,0,0,1,0,0,1,0,13.41233059,52.5411986
1,1400940,2021,4,15,3,3,5,3,0,0,1,0,0,0,0,0,13.36549833,52.55798677
2,2500727,2021,3,11,7,3,5,3,0,0,1,0,0,0,0,0,13.45422977,52.51578791
2,2200208,2021,10,18,6,3,0,6,1,0,1,0,1,0,0,1,13.38931051,52.49730265
3,3701657,2021,12,20,5,3,6,4,2,0,1,1,0,0,0,0,13.42882165,52.537502
7,7400824,2021,9,4,3,3,5,2,2,0,1,0,1,0,0,0,13.38575927,52.47002761
9,9100101,2021,8,15,2,2,5,3,0,1,1,0,0,0,0,0,13.45783338,52.4916027
3,3500936,2021,7,11,5,3,6,7,0,0,0,1,0,0,1,0,13.45096878,52.54839302
3,3400831,2021,10,11,3,3,3,6,0,0,1,0,0,0,0,1,13.42918414,52.57317104
11,11401034,2021,12,16,2,3,6,4,1,0,1,1,0,0,0,0,13.52522501,52.51012491
7,7601236,2021,1,17,2,3,0,4,2,0,1,1,0,0,0,0,13.36179668,52.41365677
4,4200206,2021,6,8,2,3,2,6,0,0,1,0,0,0,1,0,13.2280433,52.50680375
3,3701660,2021,5,14,6,3,2,6,0,0,1,0,1,0,0,0,13.42708873,52.5308794
4,4100101,2021,6,13,6,3,8,1,0,0,0,0,0,1,0,0,13.2970785,52.54302014
10,10400837,2021,8,15,4,3,3,6,0,0,1,0,1,0,0,0,13.58077169,52.50508284
12,12200414,2021,7,11,7,2,2,6,0,0,1,0,0,0,0,0,13.30822137,52.55652214
10,10300733,2021,10,14,6,3,5,2,0,1,0,0,0,0,1,0,13.55293543,52.50906635
2,2200208,2021,11,11,1,3,3,6,0,0,1,0,0,0,0,0,13.38851321,52.4977015
1,1400940,2021,8,16,5,3,5,3,0,0,0,0,1,0,1,0,13.36525874,52.55807933
4,4200310,2021,4,15,7,3,6,7,0,0,1,1,0,0,0,0,13.27540327,52.5096895
4,4400725,2021,3,15,5,2,0,1,0,0,0,0,1,0,0,0,13.28249478,52.49756891
4,4400830,2021,10,16,4,3,2,6,0,0,1,0,0,0,0,0,13.3024755,52.48609514
7,7200308,2021,12,16,5,3,2,6,1,0,1,0,0,0,1,1,13.35137406,52.48042716
3,3400826,2021,9,20,2,2,1,7,2,0,1,0,0,0,0,0,13.41196419,52.55995105
7,7400825,2021,2,10,4,3,1,5,0,0,0,0,0,0,1,1,13.3838127,52.45679628
9,9100407,2021,6,9,3,3,2,6,0,0,1,0,0,0,0,0,13.49539089,52.43520839
6,6300526,2021,5,11,2,3,5,3,0,0,1,0,0,0,1,0,13.24232108,52.43362144
3,3601449,2021,8,7,4,3,3,6,0,1,0,0,0,0,0,0,13.43823296,52.5408515
3,3500936,2021,7,21,1,3,0,1,2,0,0,0,1,0,0,1,13.45996794,52.55024357
1,1100102,2021,7,11,2,2,6,4,0,0,1,1,0,0,0,0,13.36836301,52.50633564
2,2200209,2021,10,19,2,2,1,1,2,0,1,0,0,0,0,0,13.3862423,52.48859903
1,1100102,2021,11,13,7,2,6,4,0,1,0,1,0,0,0,0,13.36770602,52.51569519
4,4300621,2021,9,16,6,3,0,5,0,0,1,0,0,0,1,0,13.30246233,52.51141245
3,3500936,2021,4,8,6,3,5,7,0,0,1,0,0,0,1,0,13.46246906,52.55090024
7,7601236,2021,3,16,3,3,2,6,0,0,1,0,0,1,0,0,13.36278717,52.41368886
1,1401044,2021,7,14,3,3,2,6,0,0,1,0,0,0,1,0,13.36878515,52.54897497
7,7501133,2021,10,18,6,2,5,2,2,1,1,0,0,0,0,1,13.39264889,52.42988274
11,11401032,2021,12,9,7,3,2,6,0,0,1,0,0,0,0,2,13.50520915,52.51072501
3,3200204,2021,5,19,2,1,9,7,0,0,0,0,1,0,0,0,13.39441799,52.61497212
12,12100204,2021,8,14,1,3,5,2,0,0,1,0,0,0,1,0,13.36335937,52.56545526
2,2500727,2021,9,18,5,3,0,1,0,1,0,0,0,0,0,0,13.45421809,52.51583651
11,11300722,2021,3,8,4,3,5,2,0,1,1,0,0,0,0,0,13.47745587,52.51351245
2,2400625,2021,6,15,4,2,5,7,0,0,1,0,1,0,0,1,13.4477218,52.50378233
3,3601347,2021,9,15,6,3,5,3,0,1,0,0,0,0,1,0,13.41449934,52.54079017
5,5200528,2021,8,19,7,3,5,2,0,1,1,0,0,0,0,0,13.17906614,52.51663247
2,2500727,2021,7,17,4,3,5,2,0,1,1,0,0,0,0,0,13.4537764,52.51572773
3,3601348,2021,10,16,3,2,1,5,0,0,1,0,1,0,0,0,13.42005685,52.53973689
6,6300527,2021,12,13,6,3,5,7,0,0,1,0,1,0,0,0,13.2760453,52.43969241
12,12100103,2021,5,11,3,3,1,5,0,1,1,0,0,0,0,0,13.36052743,52.5712232
7,7300619,2021,1,22,6,3,2,7,2,0,1,0,0,0,0,1,13.34228955,52.4705916
10,10300734,2021,6,10,2,2,0,1,0,1,0,0,0,0,0,0,13.57061624,52.50584757
12,12100101,2021,5,12,6,3,5,3,0,1,1,0,0,0,0,0,13.36464104,52.56132063
1,1100102,2021,8,13,1,3,6,7,0,1,0,1,0,0,0,0,13.36655154,52.51562148
3,3400828,2021,9,15,2,3,4,6,0,1,0,0,0,0,0,0,13.42883567,52.55732901
7,7300619,2021,3,13,7,3,2,6,0,0,1,0,0,0,1,0,13.35833861,52.47400349
1,1100205,2021,6,18,4,3,0,1,0,0,0,0,1,0,0,1,13.38257852,52.50990536
9,9200613,2021,9,10,2,3,5,2,0,1,1,0,0,0,0,0,13.50668551,52.45877487
4,4300413,2021,11,12,2,3,2,6,0,0,0,0,1,0,1,0,13.28531194,52.51599907
3,3601245,2021,8,12,3,3,6,4,0,0,0,1,0,0,1,0,13.42724652,52.54462798
1,1100310,2021,7,11,7,3,3,6,0,0,1,0,1,0,0,0,13.40728785,52.51547897
7,7300619,2021,10,10,4,3,5,3,0,1,1,0,0,0,0,0,13.35393795,52.47895617
7,7501133,2021,12,22,6,3,0,7,2,0,1,0,1,0,0,0,13.39266096,52.42986137
1,1400940,2021,1,6,4,3,5,3,2,0,1,0,0,0,0,1,13.36525561,52.55809552
1,1400940,2021,6,18,2,3,0,3,0,0,1,0,1,0,0,0,13.36548977,52.55802876
1,1100310,2021,5,18,3,3,2,6,0,1,0,0,0,0,0,0,13.41288192,52.51934336
2,2200208,2021,8,15,5,3,2,6,0,0,1,0,0,0,1,0,13.38426849,52.49862703
7,6100102,2021,7,16,4,3,2,6,0,0,1,0,1,0,0,0,13.32078171,52.45494259
4,4300414,2021,10,14,3,3,2,6,0,0,1,0,0,0,0,1,13.29666321,52.51084102
3,3601449,2021,11,7,2,3,5,2,0,1,0,0,0,0,1,0,13.44556002,52.54604672
3,3701657,2021,9,15,4,3,5,2,0,1,1,0,0,0,0,0,13.42977898,52.5371654
1,1300836,2021,4,14,4,3,2,6,0,0,0,0,1,0,1,0,13.36884728,52.54134988
4,4501148,2021,3,16,2,3,2,6,0,0,1,0,0,0,0,0,13.30810234,52.48240293
1,1100310,2021,10,15,1,3,6,4,0,1,0,1,0,0,0,0,13.4106853,52.52319297
9,9100101,2021,12,17,6,3,3,6,1,0,1,0,0,0,0,0,13.45973042,52.49309777
10,10300733,2021,9,9,3,3,0,2,0,1,1,0,0,0,0,0,13.56162991,52.50854872
1,1400940,2021,2,19,7,3,5,3,2,0,1,0,0,0,0,0,13.36549457,52.55800522
4,4300621,2021,6,12,3,3,6,4,0,1,0,1,0,0,0,0,13.31118698,52.51179079
9,9100101,2021,5,12,1,3,2,6,0,0,1,0,1,0,0,0,13.45891967,52.49275854
4,4300415,2021,8,7,3,3,3,6,0,0,1,0,0,1,0,0,13.28367596,52.50726525
12,12100204,2021,7,15,3,3,5,2,0,1,1,0,0,0,0,0,13.36440864,52.56376804
6,6300527,2021,10,13,4,3,5,2,0,1,1,0,0,0,0,0,13.26347695,52.4350722
4,4200311,2021,11,15,7,3,2,6,0,0,1,0,0,0,0,1,13.28102525,52.50322759
11,11300724,2021,4,7,2,3,2,7,0,0,1,0,0,0,0,0,13.484758,52.51276889
4,4200310,2021,3,8,3,3,5,2,0,1,1,0,0,0,0,0,13.27783658,52.50983567
12,12200414,2021,6,22,7,3,2,6,2,0,1,0,0,0,0,0,13.30795508,52.55624586
12,12100204,2021,10,18,7,3,3,6,2,0,1,0,0,0,0,0,13.36427709,52.56329983
7,7501133,2021,8,13,4,3,2,6,0,0,1,0,0,0,0,0,13.37580746,52.42955756
11,11401034,2021,9,8,2,2,3,6,0,0,1,0,1,0,0,0,13.52548669,52.51007985
3,3601142,2021,2,18,4,2,3,6,1,1,0,0,0,0,0,0,13.41216331,52.54102348
9,9100101,2021,6,19,7,3,0,7,0,1,0,0,0,0,0,0,13.46076636,52.49414526
3,3601347,2021,9,16,3,3,1,5,0,1,1,0,0,0,0,0,13.41297236,52.54089145
4,4300622,2021,11,16,4,3,2,6,1,0,1,0,1,0,0,0,13.31517937,52.51224488
7,7200411,2021,8,12,2,3,2,6,0,0,1,0,0,0,0,1,13.3596679,52.48991502
11,11401032,2021,2,8,4,3,2,6,0,0,1,0,0,0,0,1,13.50602357,52.51067364
9,9100305,2021,6,16,5,3,5,2,0,1,1,0,0,0,0,0,13.49310587,52.46781541
1,1100310,2021,5,2,4,3,0,7,2,0,0,0,0,0,1,0,13.41619904,52.52208292
1,1100207,2021,8,14,7,3,5,2,0,0,1,0,1,0,0,0,13.40155916,52.51144223
7,7601236,2021,7,8,5,3,6,4,0,1,0,1,0,0,0,0,13.36176734,52.41362265
1,1300836,2021,7,18,3,3,5,2,0,1,1,0,0,0,0,0,13.36927211,52.54052944
7,7601442,2021,10,16,5,3,1,5,0,1,1,0,0,0,0,0,13.4061695,52.40568548
4,4100101,2021,11,15,6,3,2,6,0,0,1,0,0,0,0,0,13.29928885,52.54629341
12,12500926,2021,9,7,3,3,0,2,0,1,1,0,0,0,0,0,13.33560779,52.59226624
3,3601449,2021,4,13,4,3,5,2,0,0,1,0,0,0,0,0,13.44491627,52.54549338
9,9100101,2021,4,15,1,3,2,6,0,0,1,0,0,0,0,0,13.45877971,52.49097383
1,1400940,2021,7,19,1,3,5,3,1,0,1,0,0,0,0,1,13.36548977,52.55802876
12,12500927,2021,10,22,4,3,2,6,2,0,1,0,1,0,0,0,13.33260156,52.59759017
2,2500727,2021,12,18,5,2,1,1,2,0,1,0,1,0,0,2,13.45901286,52.51522226
7,7501133,2021,8,18,3,3,6,7,0,1,0,1,0,0,0,0,13.39083121,52.4324357
3,3100101,2021,9,13,6,3,2,6,0,0,1,0,0,0,0,0,13.4317193,52.62293779
3,3400826,2021,2,12,4,3,2,6,0,0,1,0,0,0,0,0,13.41066311,52.56157618
4,4300415,2021,6,15,3,3,2,6,0,0,1,0,0,0,0,0,13.28381053,52.50746389
9,9100409,2021,9,15,4,3,3,6,0,0,1,0,0,0,1,0,13.5112177,52.42842525
3,3200309,2021,11,17,4,3,2,6,1,0,1,0,0,0,0,0,13.43618711,52.5877466
3,3601449,2021,8,15,6,3,0,7,0,1,0,0,0,0,0,1,13.44502944,52.54554481
9,9200613,2021,7,10,2,3,3,6,0,0,1,0,1,0,0,0,13.50636974,52.45899462
9,9100305,2021,10,15,5,3,5,2,0,0,1,0,0,0,0,1,13.49309137,52.46782518
1,2400520,2021,12,9,4,3,2,6,0,0,1,0,0,0,0,0,13.42003195,52.5255635
1,1100102,2021,5,12,7,3,2,1,0,0,1,0,0,0,0,0,13.36970082,52.50819564
12,12200414,2021,1,14,4,3,2,6,0,0,1,0,0,0,0,1,13.30756472,52.55583871
2,2500727,2021,6,19,3,3,3,2,0,0,1,0,0,0,0,0,13.46004059,52.51511989
7,7501133,2021,5,17,4,3,5,2,0,1,1,0,0,0,0,0,13.39438007,52.42617526
6,6300527,2021,8,20,3,2,5,2,1,0,1,0,0,0,0,0,13.27144105,52.43825917
2,2500833,2021,9,7,7,3,0,1,0,1,0,0,0,0,0,0,13.45289057,52.51368767
1,1100102,2021,3,12,2,3,4,6,0,1,0,0,0,0,0,0,13.37158471,52.50975703
3,3601451,2021,6,7,1,3,5,3,0,1,1,0,0,0,0,0,13.43693611,52.53971807
2,2100101,2021,9,15,5,2,5,3,0,0,1,0,0,0,1,0,13.38911875,52.49806758
4,4200308,2021,11,17,5,3,2,6,2,0,1,0,0,0,0,1,13.28268642,52.52856753
4,4300622,2021,8,12,5,3,3,2,0,0,1,0,0,0,0,1,13.32310896,52.51251936
4,4200311,2021,10,10,3,3,2,6,0,0,1,0,0,0,0,0,13.2813173,52.50989473
10,10300734,2021,12,9,5,3,2,6,0,0,1,0,0,0,0,0,13.57621942,52.50530324
12,12100103,2021,2,10,3,3,5,2,0,0,1,0,0,0,0,1,13.35902712,52.57340351
2,2500727,2021,6,15,5,3,5,2,0,1,1,0,0,0,0,0,13.46013094,52.51511089
4,4200206,2021,5,14,5,3,2,6,0,0,1,0,0,0,0,0,13.22665767,52.50705193
2,2200208,2021,8,15,5,3,5,3,0,0,1,0,0,0,0,0,13.38875758,52.49764635
12,12200414,2021,7,8,4,3,3,6,0,0,1,0,0,1,0,1,13.30302646,52.55108656
12,12200414,2021,10,10,3,3,0,1,0,0,1,0,0,0,1,1,13.31054869,52.56266535
7,7300619,2021,11,19,5,2,2,6,1,0,1,0,0,0,1,1,13.34763591,52.47608466
1,1100310,2021,9,0,6,3,0,3,0,1,1,0,0,0,0,0,13.41675606,52.52207519
4,4400726,2021,4,15,7,3,2,6,0,0,1,0,0,0,1,0,13.28391383,52.49633726
7,7200411,2021,3,18,7,3,5,7,1,0,1,0,0,0,0,1,13.35694852,52.48689687
5,5200633,2021,10,8,2,3,3,6,0,0,1,0,0,1,0,0,13.18604051,52.5152386
4,4100102,2021,12,17,4,3,0,1,2,0,0,0,1,0,0,0,13.29877824,52.53435461
1,1100310,2021,9,13,5,3,2,6,0,0,1,0,1,0,0,0,13.40958575,52.51708669
9,9100101,2021,2,14,1,3,3,6,0,0,1,0,0,0,1,0,13.45866036,52.49256807
3,3601451,2021,6,14,7,3,6,4,0,0,1,1,0,0,0,0,13.43399234,52.53589799
7,7501030,2021,5,11,2,3,5,2,0,0,1,0,1,0,0,0,13.38456464,52.45274925
4,4200308,2021,8,14,2,3,2,6,0,0,1,0,0,0,0,0,13.28134328,52.52268011
4,4300621,2021,7,18,5,3,5,2,0,1,1,0,0,0,0,1,13.30514625,52.51139924
1,1100310,2021,10,10,2,3,0,5,0,1,1,0,0,0,0,0,13.4188092,52.52444696
3,3601449,2021,11,7,4,3,5,2,0,1,1,0,0,0,0,1,13.43886066,52.54137468
12,12200414,2021,6,21,7,2,4,6,2,0,1,0,1,0,0,0,13.30191213,52.5495409
9,9100101,2021,1,22,2,3,5,3,2,0,1,0,0,0,0,1,13.45774553,52.49180222
6,6400737,2021,4,21,2,3,2,6,2,0,1,0,0,1,0,0,13.224512,52.45977913
3,3601142,2021,6,16,2,3,5,2,0,1,1,0,0,0,0,0,13.41232135,52.5410828
7,7400927,2021,11,13,3,3,3,6,0,0,1,0,0,1,0,0,13.40673386,52.46186414
12,12500824,2021,5,13,1,3,2,6,0,0,1,0,0,0,0,1,13.28633006,52.59350965
3,3601451,2021,8,6,2,2,5,3,0,1,1,0,0,0,0,0,13.43350037,52.53677288
7,7400825,2021,9,16,2,2,0,2,0,0,1,0,0,0,1,0,13.38398102,52.45760902
12,12400723,2021,3,19,2,3,5,3,2,0,1,0,0,0,0,0,13.31291158,52.62231691
2,2500835,2021,7,15,6,3,5,3,0,1,1,0,0,0,0,0,13.45313073,52.50100077
11,11300722,2021,9,15,7,3,2,2,0,0,1,0,0,0,0,0,13.47717245,52.51354176
2,2500729,2021,11,9,2,2,6,4,0,0,1,1,1,0,0,0,13.47018606,52.51424536
7,7200411,2021,8,0,3,3,5,2,2,1,1,0,0,0,0,0,13.35764355,52.48739605
5,5200634,2021,7,17,2,3,0,1,0,1,1,0,0,0,0,0,13.21218701,52.50996967
10,10300733,2021,10,14,4,3,2,6,0,0,1,0,0,0,0,0,13.55679001,52.50879953
4,4100101,2021,12,17,6,3,2,6,2,0,1,0,0,0,0,1,13.29681082,52.54253448
3,3400620,2021,5,10,1,2,2,6,0,0,1,0,1,0,0,0,13.39851261,52.57079523
1,1100310,2021,1,16,5,3,5,3,1,1,1,0,0,0,0,0,13.41967617,52.52525178
6,6300527,2021,6,18,2,2,0,2,0,1,1,0,0,0,0,0,13.26354332,52.43523492
4,4501151,2021,5,15,2,3,2,6,0,0,1,0,0,0,0,0,13.32586829,52.47794012
1,1300836,2021,8,22,1,3,5,2,2,0,1,0,0,0,0,1,13.37039194,52.53989305
7,7400824,2021,9,18,3,3,2,6,0,0,1,0,0,0,0,0,13.37824833,52.47007864
7,7200308,2021,3,10,7,3,3,6,0,0,1,0,0,0,0,0,13.34133752,52.4787996
10,10100208,2021,7,10,3,3,2,6,0,0,1,0,0,0,1,0,13.54845873,52.55110928
3,3601142,2021,9,8,5,3,1,7,0,0,0,0,1,0,1,0,13.4123784,52.54178747
12,12400618,2021,11,6,3,3,2,7,2,0,1,0,0,1,0,1,13.24877556,52.62245957
1,1200624,2021,8,6,1,3,8,1,0,0,1,0,0,0,0,1,13.36310508,52.53574212
2,2500834,2021,4,16,5,3,0,1,0,1,0,0,0,0,0,0,13.45121132,52.50894867
12,12400619,2021,3,7,6,3,3,7,0,0,1,0,0,0,0,1,13.27509239,52.60280518
1,1100310,2021,10,22,3,3,5,2,2,1,1,0,0,0,0,1,13.4195291,52.5251186
4,4200311,2021,12,16,5,3,2,6,0,0,1,0,0,0,0,0,13.28000178,52.50150681
12,12200411,2021,9,5,6,2,0,1,2,0,0,0,1,0,0,1,13.32170467,52.56119986
7,7400928,2021,2,14,2,3,3,6,0,0,1,0,0,1,0,0,13.41546446,52.46074937
3,3500936,2021,6,17,7,2,5,7,0,0,1,0,0,0,1,0,13.44797853,52.54688491
1,1100310,2021,7,16,3,3,6,2,0,0,1,1,0,0,0,0,13.41950444,52.52509562
7,7400822,2021,10,20,5,2,2,6,2,0,1,0,0,0,0,0,13.36667903,52.47241173
9,9100101,2021,12,9,4,3,5,7,0,1,1,0,0,0,0,1,13.46153402,52.49477566
7,7400824,2021,5,13,2,2,3,6,0,0,1,0,0,0,1,0,13.38562362,52.46407379